source,title,location,renta_mensual,rooms,bathrooms,parking_spaces,area,antiguedad,alcaldia,colonia_o_municipio,latitud,longitud,url
rentola_rentas,Departamento en Renta,"Calle José María Lafragua 16, Tabacalera, 06030 Mexico City, CMX, Mexico",2500.0,2,0,1,26.0,30.0,Tabacalera,Tabacalera,19.4369782,-99.1533294,https://rentola.mx/listings/lafragua-departamento-en-renta-amueblado-pb71c15
rentola_rentas,Departamento en Renta,"Pemex, Calle Veracruz 50, Condesa, 06700 Mexico City, CMX, Mexico",4200.0,2,0,1,50.0,30.0,Condesa,Calle Veracruz 50,19.4179354,-99.1744155,https://rentola.mx/listings/departamentos-de-lujo-amueblados-en-calle-veracruz-edificio-art-deco-p64a6ab
rentola_rentas,Departamento en Renta,"Calle Valparaíso 2432, Jardines de Providencia, 45170 Guadalajara, JAL, Mexico",2800.0,2,0,1,25.0,30.0,45170 Guadalajara,Jardines de Providencia,19.2863585,-99.1850116,https://rentola.mx/listings/departamento-en-renta-providencia-guadalajara-guadalajara-jalisco-p6dc30b
rentola_rentas,Departamento en Renta,"unnamed road, Tacubaya, 11870 Mexico City, CMX, Mexico",3200.0,1,0,0,291.0,30.0,No Identificada,Tacubaya,19.4326,-99.1332,https://rentola.mx/listings/habitacion-amueblada-p447291
rentola_rentas,Departamento en Renta,"Calle Concordia, Las Lomas Independencia, 44300 Guadalajara, JAL, Mexico",11000.0,4,0,0,73.0,30.0,44300 Guadalajara,Las Lomas Independencia,19.2863585,-99.1850116,https://rentola.mx/listings/casa-en-renta-la-federacha-guadalajara-jalisco-pb74222
rentola_rentas,Departamento en Renta,"Avenida Morelos, Jardín Balbuena, 15900 Mexico City, CMX, Mexico",7200.0,3,0,1,112.0,30.0,No Identificada,Jardín Balbuena,19.4083054,-99.1090475,https://rentola.mx/listings/departamento-en-renta-jardin-balbuena-pc6d2c3
rentola_rentas,Departamento en Renta,"Guadalajara, Jalisco, Mexico",5100.0,1,0,1,100.0,30.0,Guadalajara,Jalisco,19.2863585,-99.1850116,https://rentola.mx/listings/casa-en-renta-col-jardines-del-sur-guadalajara-jal-dv-exahg-pabb760
rentola_rentas,Departamento en Renta,"Cuidado con el Perro, Calle Colomos 1133, Providencia 2a Sección, 44648 Guadalajara, JAL, Mexico",8000.0,1,0,1,71.0,30.0,44648 Guadalajara,Calle Colomos 1133,19.2863585,-99.1850116,https://rentola.mx/listings/departamento-en-renta-circunvalacion-americas-guadalajara-jalisco-pb7ed89
rentola_rentas,Departamento en Renta,"Calle Pedro Castera, Santa Tere, 44600 Guadalajara, JAL, Mexico",10300.0,3,0,1,69.0,30.0,44600 Guadalajara,Santa Tere,19.2863585,-99.1850116,https://rentola.mx/listings/casa-en-renta-colonia-ladron-de-guevara-guadalajara-jalisco-p5cb3d2
rentola_rentas,Departamento en Renta,"Calle Alfredo Tennyson, Polanco 4ª Sección, 11550 Mexico City, CMX, Mexico",3300.0,2,0,1,22.0,30.0,Polanco,Polanco 4ª Sección,19.4315938,-99.1935327,https://rentola.mx/listings/departamento-en-2-niveles-amueblado-equipado-a-media-cuadra-del-parque-lincoln-p2953bb
rentola_rentas,Departamento en Renta,"Tlalnepantla, México, Mexico",8000.0,3,0,1,67.0,30.0,Tlalnepantla,México,19.4123557,-99.1692213,https://rentola.mx/listings/casa-en-renta-en-habitacional-izcalli-piramide-tlalnepantla-p548029
rentola_rentas,Departamento en Renta,"Calle Duna, Colonia Torres de Maurel, 04530 Mexico City, CMX, Mexico",8500.0,2,0,1,94.0,30.0,No Identificada,Colonia Torres de Maurel,19.3049052,-99.1808391,https://rentola.mx/listings/renta-en-calle-duna-insurgentes-cuicuilco-coyoacan-p6bf0fe
rentola_rentas,Departamento en Renta,"Coyoacán, Mexico City, Mexico",8000.0,2,0,1,100.0,30.0,Coyoacán,Mexico City,19.321597,-99.1849259,https://rentola.mx/listings/departamento-en-renta-en-olimpica-coyoacan-p2c7522
rentola_rentas,Departamento en Renta,"Adolfo López Mateos, 54110 Tlalnepantla, MEX, Mexico",7500.0,4,0,1,150.0,30.0,54110 Tlalnepantla,54110 Tlalnepantla,19.5321239,-99.1783746,https://rentola.mx/listings/casa-en-renta-en-adolfo-lopez-mateos-tlalnepantla-de-baz-estado-de-mexico-pf5fe99
rentola_rentas,Departamento en Renta,"Radisson Hotel Monterrey San Jeronimo, Avenida Insurgentes 4001, San Jerónimo, 64630 Monterrey, NLE, Mexico",6500.0,1,0,1,232.0,30.0,64630 Monterrey,Avenida Insurgentes 4001,19.40301,-99.1603471,https://rentola.mx/listings/departamento-loft-p964f1b
rentola_rentas,Departamento en Renta,"Privada Santa Verónica, Las Palomas, 45210 Zapopan, JAL, Mexico",7900.0,2,0,1,104.0,30.0,45210 Zapopan,Las Palomas,19.3428708,-99.1367744,https://rentola.mx/listings/casa-en-renta-el-colli-urbano-2a-seccion-zapopan-jalisco-p1bc6ad
rentola_rentas,Departamento en Renta,"Avenida Centenario, Colonia Sociedad Cooperativa Poder popular, 01480 Mexico City, CMX, Mexico",4000.0,1,0,0,400.0,30.0,No Identificada,Colonia Sociedad Cooperativa Poder popular,19.3662991,-99.2004922,https://rentola.mx/listings/habitacion-amueblada-con-pantalla-smart-a-20-min-de-metro-mixcoac-y-barranca-del-muerto-p4e889a
rentola_rentas,Departamento en Renta,"unnamed road, San Ángel, 01089 Mexico City, CMX, Mexico",4000.0,1,0,1,333.0,30.0,No Identificada,San Ángel,19.4326,-99.1332,https://rentola.mx/listings/renta-recamaras-por-el-itam-televisa-san-angel-y-fepade-p625fc0
rentola_rentas,Departamento en Renta,"Calle Mariposa 103, Pedro María Anaya, 03340 Mexico City, CMX, Mexico",5200.0,1,0,0,400.0,30.0,No Identificada,Pedro María Anaya,19.3605494,-99.1565788,https://rentola.mx/listings/renta-cuarto-independiente-pa9d542
rentola_rentas,Departamento en Renta,"Calle Doctor Miguel Francisco Jiménez, Roma, 06720 Mexico City, CMX, Mexico",3000.0,1,0,0,500.0,30.0,No Identificada,Roma,19.4179402,-99.149146,https://rentola.mx/listings/rento-bonita-recamara-para-mujer-p101dbd
rentola_rentas,Departamento en Renta,"Calzada del Hueso, Fraccionamiento Residencial Hacienda Coapa, 14325 Mexico City, CMX, Mexico",22500.0,3,0,1,150.0,30.0,No Identificada,Fraccionamiento Residencial Hacienda Coapa,19.3014378,-99.1168782,https://rentola.mx/listings/departamento-en-renta-en-granjas-coapa-pfe3c67
rentola_rentas,Departamento en Renta,"Calle Esterlinas, Aquiles Serdán, 15430 Mexico City, Mexico",2500.0,1,0,0,100.0,30.0,Aquiles Serdán,Aquiles Serdán,19.4905558,-99.1952293,https://rentola.mx/listings/esterlinas-239-depto-10-col-aquiles-serdan-p460273
rentola_rentas,Departamento en Renta,"Carso Moliere, Prolongación Moliere 255, Granada, 11520 Mexico City, CMX, Mexico",5900.0,3,0,1,33.0,30.0,No Identificada,Prolongación Moliere 255,19.4411193,-99.2003373,https://rentola.mx/listings/departamento-en-renta-en-polanco-p78f1a7
rentola_rentas,Departamento en Renta,"Calle Felipe Carrillo Puerto 195, Popotla, 11400 Mexico City, CMX, Mexico",2900.0,1,0,0,483.0,30.0,No Identificada,Popotla,19.450631,-99.1788632,https://rentola.mx/listings/rec-individual-amueblada-pef759d
rentola_rentas,Departamento en Renta,"Calle de Parras 10A, Condesa, 06100 Mexico City, CMX, Mexico",5300.0,1,0,0,530.0,30.0,Condesa,Condesa,19.4148639,-99.176429,https://rentola.mx/listings/se-renta-cuarto-a-senorita-en-la-condesa-p1ca866
rentola_rentas,Departamento en Renta,"Obrera, Avenida Lázaro Cárdenas, 06800 Mexico City, CMX, Mexico",5000.0,1,0,1,227.0,30.0,No Identificada,Avenida Lázaro Cárdenas,19.4132002,-99.1440487,https://rentola.mx/listings/obrera-p21e2f2
rentola_rentas,Departamento en Renta,"Avenida Aquiles Serdán, Colonia Presidente Madero, 02420 Mexico City, CMX, Mexico",2500.0,1,0,0,227.0,30.0,No Identificada,Colonia Presidente Madero,19.4907168,-99.1955727,https://rentola.mx/listings/promocion-mujer-cuarto-compartido-cerca-metros-aquiles-y-tezozomoc-p38a69e
rentola_rentas,Departamento en Renta,"Calle Nueva York 120, Del Valle, 03810 Mexico City, CMX, Mexico",5000.0,1,0,0,556.0,30.0,No Identificada,Del Valle,19.386333,-99.1750493,https://rentola.mx/listings/rento-habitaciones-2-en-col-napoles-exclusivo-p086d31
rentola_rentas,Departamento en Renta,"Calle Malintzin, Colonia Del Carmen, 04100 Mexico City, Mexico",6000.0,1,0,0,545.0,30.0,Colonia Del Carmen,Colonia Del Carmen,19.3512067,-99.1642827,https://rentola.mx/listings/rento-recamara-amueblada-en-la-mejor-zona-de-coyoacan-pcdc97f
rentola_rentas,Departamento en Renta,"Plaza Oasis Coyoacán, Transbordo Intermodal Metro Miguel Ángel de Quevedo, Barrio Oxtopulco, 04310 Mexico City, Mexico",12000.0,4,0,1,27.0,30.0,Coyoacán,Transbordo Intermodal Metro Miguel Ángel de Quevedo,19.3463172,-99.1808828,https://rentola.mx/listings/casa-en-renta-en-lomas-de-chapultepec-miguel-hidalgo-ciudad-de-mexico-p7f0870
rentola_rentas,Departamento en Renta,"Calle Hacienda Coyotepec, Colonia Potrero Acoxpa, 14358 Mexico City, Mexico",22000.0,3,0,0,85.0,30.0,Colonia Potrero Acoxpa,Colonia Potrero Acoxpa,19.2986877,-99.1408879,https://rentola.mx/listings/casa-en-renta-prado-coapa-2a-seccion-tlalpan-cdmx-p3801f8
rentola_rentas,Departamento en Renta,"Dulcería Lemar, Avenida Clavería 172, Colonia Clavería, 02080 Mexico City, Mexico",12000.0,2,0,1,185.0,30.0,Colonia Clavería,Avenida Clavería 172,19.4653314,-99.1806334,https://rentola.mx/listings/av-claveria-224-depto-106-col-claveria-pa493b4
rentola_rentas,Departamento en Renta,"Calle Checoslovacos, Colonia Zenón Delgado, 01130 Mexico City, CMX, Mexico",3500.0,1,0,0,500.0,30.0,No Identificada,Colonia Zenón Delgado,19.3898887,-99.2144166,https://rentola.mx/listings/renta-recamara-bano-independiente-3-500-zona-santa-fe-p12dc89
rentola_rentas,Departamento en Renta,"Calle Colector 13, Colonia Churubusco Tepeyac, 07730 Mexico City, Mexico",3500.0,1,0,0,350.0,30.0,Colonia Churubusco Tepeyac,Colonia Churubusco Tepeyac,19.4868547,-99.1357347,https://rentola.mx/listings/rento-habitacion-compartida-para-dama-lindavista-todo-incluido-p1c97db
rentola_rentas,Departamento en Renta,"Cerrada Nicolás Bravo, Iztapalapa, 09210 Mexico City, CMX, Mexico",3200.0,1,0,0,178.0,30.0,Iztapalapa,Iztapalapa,19.3577446,-99.0935577,https://rentola.mx/listings/departamento-col-tepalcates-p849e3f
rentola_rentas,Departamento en Renta,"Calle Doctor Atl 278, Santa María la Ribera, 06400 Mexico City, CMX, Mexico",5500.0,1,0,1,289.0,30.0,No Identificada,Santa María la Ribera,19.4537412,-99.1553027,https://rentola.mx/listings/excelente-ubicacion-amueblado-y-ambiente-agradable-mujer-pac25eb
rentola_rentas,Departamento en Renta,"Benito Juárez, Mexico City, Mexico",13000.0,3,0,1,325.0,30.0,Benito Juárez,Mexico City,19.3829715,-99.1800979,https://rentola.mx/listings/penthouse-en-renta-en-col-del-valle-nte-benito-juarez-pd6dfb0
rentola_rentas,Departamento en Renta,"Calle Colima 383, Condesa, 06700 Mexico City, Mexico",54000.0,2,0,1,325.0,30.0,Condesa,Condesa,19.4148639,-99.176429,https://rentola.mx/listings/garden-duplex-con-terraza-y-estudio-en-el-corazon-de-condesa-pb1d207
rentola_rentas,Departamento en Renta,"Cerrada Cerrito, Pueblo La Candelaria, 04380 Mexico City, CMX, Mexico",3800.0,1,0,0,543.0,30.0,No Identificada,Pueblo La Candelaria,19.3324301,-99.1487126,https://rentola.mx/listings/recamara-amueblada-pd7c1de
rentola_rentas,Departamento en Renta,"Calle Ingenieros Civiles, Colonia Nueva Rosita, 09420 Mexico City, CMX, Mexico",3000.0,1,0,0,231.0,30.0,No Identificada,Colonia Nueva Rosita,19.3760526,-99.1055949,https://rentola.mx/listings/rento-cuarto-amueblado-pc82750
rentola_rentas,Departamento en Renta,"Calle 10, Colonia Cristo Rey, 01160 Mexico City, CMX, Mexico",2900.0,1,0,0,483.0,30.0,No Identificada,Colonia Cristo Rey,19.3906556,-99.2012855,https://rentola.mx/listings/se-renta-habitacion-solo-para-mujeres-pd88ebf
rentola_rentas,Departamento en Renta,"Calle Esterlinas, Aquiles Serdán, 15430 Mexico City, Mexico",2500.0,1,0,0,313.0,30.0,Aquiles Serdán,Aquiles Serdán,19.4905558,-99.1952293,https://rentola.mx/listings/departamento-en-renta-calle-esterlinas-235-aquiles-serdan-venustiano-carranza-ciudad-de-mexico-15430-mex-p9cf67d
rentola_rentas,Departamento en Renta,"Calle Aristóteles, Polanco, 11550 Mexico City, CMX, Mexico",9500.0,1,0,0,226.0,30.0,Polanco,Polanco,19.43353,-99.190915,https://rentola.mx/listings/espacios-con-arte-polanco-p9a9f60
rentola_rentas,Departamento en Renta,"Party City, Calle Luis Barragán, Santa Fe, 05348 Mexico City, Mexico",6800.0,1,0,1,307.0,30.0,Santa Fe,Calle Luis Barragán,19.3620504,-99.2675488,https://rentola.mx/listings/urge-rentar-cuarto-en-av-santa-fe-pbf177f
rentola_rentas,Departamento en Renta,"Calle Río Mixcoac, Colonia La Cascada, 01490 Mexico City, Mexico",10000.0,2,0,0,159.0,30.0,Colonia La Cascada,Colonia La Cascada,19.3708083,-99.198337,https://rentola.mx/listings/departamento-col-lomas-de-plateros-p3b1233
rentola_rentas,Departamento en Renta,"Lindavista, Calle Colector 13, Colonia Churubusco Tepeyac, 07730 Mexico City, Mexico",17000.0,4,0,1,135.0,30.0,Colonia Churubusco Tepeyac,Calle Colector 13,19.4875162,-99.1330838,https://rentola.mx/listings/linares-659-casa-c-col-lindavista-p17bd69
rentola_rentas,Departamento en Renta,"Vecchio Forno, Calle Veracruz 38, Condesa, 06700 Mexico City, CMX, Mexico",4200.0,1,0,1,50.0,30.0,Condesa,Calle Veracruz 38,19.4186475,-99.1751724,https://rentola.mx/listings/departamentos-de-lujo-amueblados-en-calle-veracruz-edificio-art-deco-p3482b3
rentola_rentas,Departamento en Renta,"Calle Santa Úrsula 81, Colonia Santa Úrsula Xitla, 14420 Mexico City, CMX, Mexico",4400.0,1,0,0,293.0,30.0,No Identificada,Colonia Santa Úrsula Xitla,19.2818599,-99.1781109,https://rentola.mx/listings/departamento-col-santa-ursula-xitla-p947f1e
rentola_rentas,Departamento en Renta,"Poniente 112, Barrio de Coltongo, 02330 Mexico City, Mexico",3300.0,1,0,0,550.0,30.0,Barrio De Coltongo,Barrio de Coltongo,19.4879827,-99.1520198,https://rentola.mx/listings/en-renta-cuarto-con-estancia-y-bano-privado-p704920
rentola_rentas,Departamento en Renta,"Calle Norte 64 A, Colonia Belisario Domínguez Sección XVI, 07880 Mexico City, CMX, Mexico",5600.0,1,0,0,160.0,30.0,No Identificada,Colonia Belisario Domínguez Sección XVI,19.4585639,-99.1120889,https://rentola.mx/listings/norte-64a-no-3655-depto-3-rio-blanco-p249f6c
rentola_rentas,Departamento en Renta,"Grupo Bavaria, Calle Lago Zurich, Miguel Hidalgo, 11529 Mexico City, Mexico",3500.0,1,0,0,58.0,30.0,Miguel Hidalgo,Calle Lago Zurich,19.4469331,-99.2023706,https://rentola.mx/listings/hermoso-departamento-en-venta-polanco-p7092f4
rentola_rentas,Departamento en Renta,"Calle Dinamarca 86, Roma, 06600 Mexico City, CMX, Mexico",7000.0,1,0,0,226.0,30.0,No Identificada,Roma,19.4179402,-99.149146,https://rentola.mx/listings/habitaciones-en-comodo-departamento-amueblado-pba1969
rentola_rentas,Departamento en Renta,"Plaza Volador, Colonia Dr. Alfonso Ortiz Tirado, 09020 Mexico City, CMX, Mexico",7000.0,3,0,1,88.0,30.0,No Identificada,Colonia Dr. Alfonso Ortiz Tirado,19.3886249,-99.0780276,https://rentola.mx/listings/departamento-col-dr-alfonso-ortiz-tirado-pf45d45
rentola_rentas,Departamento en Renta,"Calle Shakespeare 68, Anzures, 11590 Mexico City, CMX, Mexico",4800.0,1,0,0,533.0,30.0,No Identificada,Anzures,19.4284079,-99.1773029,https://rentola.mx/listings/cuarto-amueblado-para-mujer-a-5-minutos-de-la-torre-bbva-reforma-p5eba29
rentola_rentas,Departamento en Renta,"Privada Segunda Matapulgas, Tlalpan, 14460 Mexico City, Mexico",8500.0,2,0,0,43.0,30.0,Tlalpan,Tlalpan,19.3038442,-99.2079494,https://rentola.mx/listings/casa-en-renta-privada-segunda-matapulgas-tlalpuente-tlalpan-ciudad-de-mexico-14460-mex-p0ee3a0
rentola_rentas,Departamento en Renta,"BTM Polanco, Calle Lope de Vega 318, Colonia Rincón del Bosque, 11560 Mexico City, CMX, Mexico",4500.0,2,0,1,25.0,30.0,Polanco,Calle Lope de Vega 318,19.4325446,-99.1871337,https://rentola.mx/listings/renta-de-departamento-amueblado-en-lope-de-vega-pfdeb29
rentola_rentas,Departamento en Renta,"Avenida Miguel Hidalgo 84, Coyoacán, 04030 Mexico City, CMX, Mexico",6000.0,1,0,0,286.0,30.0,Coyoacán,Coyoacán,19.3488917,-99.1629828,https://rentola.mx/listings/residencia-en-hospedaje-para-mujeres-p85afc8
rentola_rentas,Departamento en Renta,"Calle Emerson, Polanco, 11560 Mexico City, CMX, Mexico",8000.0,3,0,1,43.0,30.0,Polanco,Polanco,19.43353,-99.190915,https://rentola.mx/listings/renta-departamento-nuevo-en-polanco-p23d2ec
rentola_rentas,Departamento en Renta,"Calle Felipe Carrillo Puerto 192, Popotla, 11400 Mexico City, CMX, Mexico",3800.0,1,0,0,350.0,30.0,No Identificada,Popotla,19.450631,-99.1788632,https://rentola.mx/listings/habitacion-amueblada-solo-mujeres-p7acb2c
rentola_rentas,Departamento en Renta,"Calle Loma de Vista Hermosa, Colonia Lomas de Vista Hermosa, 05100 Mexico City, Mexico",10000.0,4,0,0,23.0,30.0,Colonia Lomas De Vista Hermosa,Colonia Lomas de Vista Hermosa,19.3653514,-99.2737186,https://rentola.mx/listings/casa-en-renta-en-lomas-de-vista-hermosa-cuajimalpa-de-morelos-ciudad-de-mexico-p86d74a
rentola_rentas,Departamento en Renta,"Benito Juárez, Mexico City, Mexico",10000.0,2,0,1,98.0,30.0,Benito Juárez,Mexico City,19.3829715,-99.1800979,https://rentola.mx/listings/departamento-en-renta-en-col-del-valle-sur-benito-juarez-p0a5a08
rentola_rentas,Departamento en Renta,"unnamed road, Colonia La Salle, 07707 Mexico City, CMX, Mexico",2600.0,1,0,0,520.0,30.0,No Identificada,Colonia La Salle,19.4326,-99.1332,https://rentola.mx/listings/se-renta-depa-amueblado-estudiantes-o-profe-sionistas-pa7f1f2
rentola_rentas,Departamento en Renta,"El Café Shabo, Avenida Repúblicas 30, Colonia Miravalle, 03580 Mexico City, CMX, Mexico",6200.0,1,0,0,207.0,30.0,No Identificada,Avenida Repúblicas 30,19.4326,-99.1332,https://rentola.mx/listings/republicas-39a-depto-24-col-portales-pf08b0d
rentola_rentas,Departamento en Renta,"Avenida Paseo de la Reforma, Condesa, 06500 Mexico City, CMX, Mexico",6000.0,1,0,1,60.0,30.0,Condesa,Condesa,19.4148639,-99.176429,https://rentola.mx/listings/residencia-de-lujo-dentro-del-ritz-carlton-paseo-de-la-reforma-p25490a
rentola_rentas,Departamento en Renta,"Moctezuma, Calzada General Ignacio Zaragoza, Jardín Balbuena, 15900 Mexico City, CMX, Mexico",7000.0,2,0,1,72.0,30.0,No Identificada,Calzada General Ignacio Zaragoza,19.4264684,-99.1098256,https://rentola.mx/listings/moctezuma-pa3dce1
rentola_rentas,Departamento en Renta,"Calle Icacos, La Piedad, 03023 Mexico City, CMX, Mexico",6000.0,1,0,0,133.0,30.0,No Identificada,La Piedad,19.4326,-99.1332,https://rentola.mx/listings/departamento-col-narvarte-oriente-p3dc48c
rentola_rentas,Departamento en Renta,"Andador Primero, Unidad Habitacional Obrero CTM Culhuacán 9, 04909 Mexico City, Mexico",9000.0,2,0,1,173.0,30.0,Unidad Habitacional Obrero Ctm Culhuacán 9,Unidad Habitacional Obrero CTM Culhuacán 9,19.311445,-99.102144,https://rentola.mx/listings/departamento-en-renta-en-col-coapa-coyoacan-cdmx-p341e65
rentola_rentas,Departamento en Renta,"Calle José Simón Bolívar, Colonia Miguel Alemán, 03420 Mexico City, Mexico",5500.0,1,0,1,367.0,30.0,Colonia Miguel Alemán,Colonia Miguel Alemán,19.3898354,-99.1444529,https://rentola.mx/listings/habitacion-en-la-departamento-en-la-col-alamos-pc8e91a
rentola_rentas,Departamento en Renta,"Calle C Manzana II, Colonia Quetzalcóatl, 04400 Mexico City, CMX, Mexico",5000.0,1,0,1,250.0,30.0,No Identificada,Colonia Quetzalcóatl,19.3379672,-99.1289166,https://rentola.mx/listings/departamento-col-educacion-pb2820e
rentola_rentas,Departamento en Renta,"Avenida Cuitláhuac, Colonia Sector Naval, 02080 Mexico City, CMX, Mexico",4800.0,1,0,0,343.0,30.0,Tláhuac,Colonia Sector Naval,19.2703914,-99.0047499,https://rentola.mx/listings/se-renta-cuarto-a-15min-de-unitec-cuitlahuac-y-30min-de-polanco-p03db2e
rentola_rentas,Departamento en Renta,"Calle Monte Everest, Lomas de Chapultepec, 11000 Mexico City, Mexico",65000.0,3,0,1,220.0,30.0,Lomas De Chapultepec,Lomas de Chapultepec,19.4156998,-99.2136879,https://rentola.mx/listings/casa-en-renta-lomas-de-chapultepec-miguel-hidalgo-cdmx-p2d3a6c
rentola_rentas,Departamento en Renta,"Calle 3 123, Colonia Agrícola Pantitlán, 08100 Mexico City, Mexico",3500.0,1,0,0,175.0,30.0,Colonia Agrícola Pantitlán,Colonia Agrícola Pantitlán,19.4057974,-99.0663725,https://rentola.mx/listings/departamento-en-renta-agricola-pantitlan-iztacalco-p151be5
rentola_rentas,Departamento en Renta,"Centro, 06000 Mexico City, CMX, Mexico",8000.0,2,0,0,104.0,30.0,Centro,06000 Mexico City,19.4350386,-99.1403951,https://rentola.mx/listings/anillo-de-circunvalacion-307-depto-2-col-centro-p863e0e
rentola_rentas,Departamento en Renta,"Cuauhtémoc, Mexico City, Mexico",9500.0,3,0,1,79.0,30.0,Cuauhtémoc,Mexico City,19.4326296,-99.1331785,https://rentola.mx/listings/casa-en-renta-en-alfareros-san-jacinto-amilpas-p5e8fa2
rentola_rentas,Departamento en Renta,"unnamed road, Unidad Habitacional Nativitas, 16090 Mexico City, CMX, Mexico",5500.0,1,0,1,110.0,30.0,No Identificada,Unidad Habitacional Nativitas,19.4326,-99.1332,https://rentola.mx/listings/departamento-col-nativitas-pf6689a
rentola_rentas,Departamento en Renta,"Privada Prolongación Espíritu Santo, Coyoacán, 04320 Mexico City, Mexico",4500.0,1,0,0,321.0,30.0,Coyoacán,Coyoacán,19.3488917,-99.1629828,https://rentola.mx/listings/se-renta-cuarto-en-coyoacan-en-casa-compartida-p18f11e
rentola_rentas,Departamento en Renta,"Calle Tres Cruces 99, Coyoacán, 04010 Mexico City, Mexico",32000.0,3,0,1,150.0,30.0,Coyoacán,Coyoacán,19.3488917,-99.1629828,https://rentola.mx/listings/casa-en-renta-calle-tres-cruces-112-coyoacan-ciudad-de-mexico-cdmx-mexico-p18ff0c
rentola_rentas,Departamento en Renta,"Calle San Raúl, Colonia Textitlán 222, 04600 Mexico City, CMX, Mexico",5000.0,1,0,0,250.0,30.0,No Identificada,Colonia Textitlán 222,19.3142126,-99.1539359,https://rentola.mx/listings/departamento-col-pueblo-de-santa-ursula-coapa-p00266a
rentola_rentas,Departamento en Renta,"Avenida Ing. Juan de Dios Batíz Paredes 523, Colonia Zacatenco, 07340 Mexico City, Mexico",13000.0,4,0,1,153.0,30.0,Colonia Zacatenco,Colonia Zacatenco,19.5036005,-99.1144386,https://rentola.mx/listings/departamento-en-renta-lindavista-sur-gustavo-a-madero-p5639c1
rentola_rentas,Departamento en Renta,"Calle Serafín Olarte, Narvarte, 03630 Mexico City, CMX, Mexico",12500.0,2,0,1,187.0,30.0,No Identificada,Narvarte,19.4326,-99.1332,https://rentola.mx/listings/departamento-en-renta-colonia-independencia-p5bda6c
rentola_rentas,Departamento en Renta,"Calle San Joaquín, Colonia México nuevo, 11260 Mexico City, Mexico",4500.0,1,0,0,321.0,30.0,Colonia México Nuevo,Colonia México nuevo,19.4928133,-99.1892558,https://rentola.mx/listings/recamara-para-hombre-p0793e7
rentola_rentas,Departamento en Renta,"Avenida Tláhuac, Colonia Santa Ana Centro, 13400 Mexico City, CMX, Mexico",6800.0,2,0,0,113.0,30.0,Tláhuac,Colonia Santa Ana Centro,19.2976305,-99.0386994,https://rentola.mx/listings/departamento-col-zapotitla-pc69bdf
rentola_rentas,Departamento en Renta,"Ángel Zimbrón, 02099 Mexico City, CMX, Mexico",6000.0,1,0,0,188.0,30.0,No Identificada,02099 Mexico City,19.467811,-99.1890762,https://rentola.mx/listings/jose-f-gutierrez-154-depto-9-col-angel-zimbron-p6d111a
rentola_rentas,Departamento en Renta,"Avenida División del Norte, Colonia División del Norte 3533, 04610 Mexico City, CMX, Mexico",5000.0,1,0,0,333.0,30.0,No Identificada,Colonia División del Norte 3533,19.3260298,-99.1405071,https://rentola.mx/listings/rento-recamara-amueblada-para-mujer-pbd8767
rentola_rentas,Departamento en Renta,"Calle José María Lafragua 16, Tabacalera, 06030 Mexico City, CMX, Mexico",2500.0,1,0,1,500.0,30.0,Tabacalera,Tabacalera,19.4369782,-99.1533294,https://rentola.mx/listings/lafragua-departamento-en-renta-amueblado-p2b0008
rentola_rentas,Departamento en Renta,"Calle Francisco I. Madero, Colonia Minerva, 09810 Mexico City, Mexico",4500.0,1,0,1,225.0,30.0,Colonia Minerva,Colonia Minerva,19.3439702,-99.109797,https://rentola.mx/listings/departamento-en-renta-los-reyes-culhuacan-iztapalapa-pda0d3d
rentola_rentas,Departamento en Renta,"C26, Avenida Panamericana C26, Unidad Habitacional Villa Panamericana, 04700 Mexico City, Mexico",10000.0,2,0,0,189.0,30.0,Unidad Habitacional Villa Panamericana,Avenida Panamericana C26,19.3089908,-99.1719619,https://rentola.mx/listings/departamento-col-villa-panamericana-p5e5cd9
rentola_rentas,Departamento en Renta,"Calle Norte 26, Colonia Vallejo La Patera, 07800 Mexico City, CMX, Mexico",6000.0,1,0,0,158.0,30.0,No Identificada,Colonia Vallejo La Patera,19.4709744,-99.1300613,https://rentola.mx/listings/departamento-col-industrial-pac008b
rentola_rentas,Departamento en Renta,"Calle Pisagua 599, Colonia Valle del Tepeyac, 07740 Mexico City, Mexico",6900.0,1,0,1,1000.0,30.0,Colonia Valle Del Tepeyac,Colonia Valle del Tepeyac,19.4881116,-99.1416177,https://rentola.mx/listings/departamento-en-renta-pisagua-569-valle-del-tepeyac-ciudad-de-mexico-cdmx-mexico-pdfecbe
rentola_rentas,Departamento en Renta,"Calle Jovas, Colonia Media Luna, 04737 Mexico City, Mexico",14000.0,3,0,1,156.0,30.0,Colonia Media Luna,Colonia Media Luna,19.3018519,-99.1599116,https://rentola.mx/listings/departamento-col-el-caracol-pd934bf
rentola_rentas,Departamento en Renta,"1ª Cerrada Venustiano Carranza, Viejo Ejido Santa Úrsula Coapa, 04980 Mexico City, CMX, Mexico",12900.0,2,0,1,258.0,30.0,Venustiano Carranza,Viejo Ejido Santa Úrsula Coapa,19.4191658,-99.1135482,https://rentola.mx/listings/departamento-col-viejo-ejido-de-santa-ursula-coapa-p6dd2fe
rentola_rentas,Departamento en Renta,"Calle Libertad, Colonia San Álvaro, 02090 Mexico City, CMX, Mexico",4000.0,1,0,0,235.0,30.0,No Identificada,Colonia San Álvaro,19.4604837,-99.1849631,https://rentola.mx/listings/casa-de-roomins-para-mujeres-pb26cd8
rentola_rentas,Departamento en Renta,"Calle Sur 111 A, Colonia Juventino Rosas, 08700 Mexico City, Mexico",5500.0,1,0,0,220.0,30.0,Colonia Juventino Rosas,Colonia Juventino Rosas,19.5628107,-99.134564,https://rentola.mx/listings/departamento-col-gabriel-ramos-millan-p1479e8
rentola_rentas,Departamento en Renta,"Torre Revolución de 1910, Avenida Lázaro Cárdenas 466, Nonoalco Tlatelolco, 06900 Mexico City, Mexico",15000.0,3,0,1,107.0,30.0,Nonoalco Tlatelolco,Avenida Lázaro Cárdenas 466,19.4532676,-99.1387668,https://rentola.mx/listings/departamento-en-renta-nonoalco-tlatelolco-cuauhtemoc-cdmx-pe5eb04
rentola_rentas,Departamento en Renta,"Calle Alfredo Tennyson, Polanco, 11550 Mexico City, CMX, Mexico",5000.0,1,0,1,500.0,30.0,Polanco,Polanco,19.43353,-99.190915,https://rentola.mx/listings/departamento-en-renta-en-polanco-3r-2-5b-2e-terraza-balcon-200m2-p73217a
rentola_rentas,Departamento en Renta,"Calle Aldama, Unidad Habitacional Ejército Constitucionalista, 09220 Mexico City, Mexico",3500.0,1,0,0,194.0,30.0,Unidad Habitacional Ejército Constitucionalista,Unidad Habitacional Ejército Constitucionalista,19.385885,-99.0565783,https://rentola.mx/listings/departamento-col-tepalcates-p23525f
rentola_rentas,Departamento en Renta,"DIF Miguel Hidalgo, Avenida de las Torres, Colonia Miguel Hidalgo 2a. Sección, 14250 Mexico City, CMX, Mexico",17000.0,3,0,0,160.0,30.0,Miguel Hidalgo,Avenida de las Torres,19.398169,-99.2169479,https://rentola.mx/listings/casa-en-renta-en-miguel-hidalgo-2a-seccion-tlalpan-ciudad-de-mexico-pfa9a5e
rentola_rentas,Departamento en Renta,"Vecchio Forno, Calle Veracruz 38, Condesa, 06700 Mexico City, CMX, Mexico",4200.0,2,0,1,50.0,30.0,Condesa,Calle Veracruz 38,19.4186475,-99.1751724,https://rentola.mx/listings/departamentos-de-lujo-amueblados-en-calle-veracruz-edificio-art-deco-p948381
rentola_rentas,Departamento en Renta,"Calle Ángel del Campo, Roma, 06880 Mexico City, Mexico",4000.0,1,0,0,69.0,30.0,Roma,Roma,19.4246141,-99.1520014,https://rentola.mx/listings/habitacion-para-roomie-en-renta-en-obrera-cuauhtemoc-cdmx-p747ccc
rentola_rentas,Departamento en Renta,"Calle Río Atoyac 13, Condesa, 06500 Mexico City, CMX, Mexico",7300.0,1,0,0,197.0,30.0,Condesa,Condesa,19.4148639,-99.176429,https://rentola.mx/listings/habitaciones-en-comodo-departamento-amueblado-pa856a4
rentola_rentas,Departamento en Renta,"Callejón Heliótropo, Coyoacán, 04330 Mexico City, CMX, Mexico",25000.0,3,0,1,50.0,30.0,Coyoacán,Coyoacán,19.3488917,-99.1629828,https://rentola.mx/listings/casa-en-renta-en-barrio-del-nino-jesus-coyoacan-p9c7b22
rentola_rentas,Departamento en Renta,"Calle Lago Meru, Polanco, 11520 Mexico City, CMX, Mexico",7000.0,1,0,0,538.0,30.0,Polanco,Polanco,19.43353,-99.190915,https://rentola.mx/listings/ultimo-cuarto-disponible-en-coliving-pd95a3b
rentola_rentas,Departamento en Renta,"Cerrada Quinta Volcanes, Tlalpan, 14100 Mexico City, CMX, Mexico",8000.0,2,0,1,145.0,30.0,Tlalpan,Tlalpan,19.3038442,-99.2079494,https://rentola.mx/listings/departamento-col-pedregal-de-san-nicolas-1a-seccion-p01c611
rentola_rentas,Departamento en Renta,"Calle Acero, Maza, 06270 Mexico City, CMX, Mexico",3000.0,1,0,0,500.0,30.0,No Identificada,Maza,19.4535613,-99.1277182,https://rentola.mx/listings/rento-recamara-chica-a-15-min-metro-hidalgo-p06bd58
rentola_rentas,Departamento en Renta,"Calle Toscanos, Presidentes, 01160 Mexico City, Mexico",7000.0,2,0,0,175.0,30.0,Presidentes,Presidentes,19.3784776,-99.2211716,https://rentola.mx/listings/departamento-col-maria-g-de-garcia-ruiz-p781881
rentola_rentas,Departamento en Renta,"Oficina Comercial Telcel, Ferrocarril a Cuernavaca, Ampliación Granada, 11529 Mexico City, CMX, Mexico",3600.0,2,0,0,30.0,30.0,No Identificada,Ferrocarril a Cuernavaca,19.4415499,-99.2038871,https://rentola.mx/listings/departamento-amueblado-en-polanco-pd4fbd1
rentola_rentas,Departamento en Renta,"Prolongación Ahuejotes, Colonia Paseos del Sur, 16010 Mexico City, Mexico",13500.0,3,0,1,130.0,30.0,Colonia Paseos Del Sur,Colonia Paseos del Sur,19.2742848,-99.1222462,https://rentola.mx/listings/casa-en-renta-barrio-18-xochimilco-p251d15
rentola_rentas,Departamento en Renta,"Calle Luis Moya 39, Barrio Chino, 06050 Mexico City, CMX, Mexico",4100.0,1,0,0,410.0,30.0,No Identificada,Barrio Chino,19.433109,-99.1455181,https://rentola.mx/listings/rento-bonita-mini-recamarita-muy-economica-calle-independencia-p78414f
rentola_rentas,Departamento en Renta,"Calle Tomás Alva Edison 106, Tabacalera, 06030 Mexico City, CMX, Mexico",5000.0,1,0,0,330.0,30.0,Tabacalera,Tabacalera,19.4369782,-99.1533294,https://rentola.mx/listings/habitacion-en-tabacalera-pa97e39
rentola_rentas,Departamento en Renta,"Calle Leandro Valle, Presidentes, 01110 Mexico City, Mexico",5000.0,1,0,0,227.0,30.0,Presidentes,Presidentes,19.3784776,-99.2211716,https://rentola.mx/listings/departamento-en-renta-leandro-valle-5-liberales-de-1857-ciudad-de-mexico-cdmx-mexico-p1d6362
rentola_rentas,Departamento en Renta,"Calle Manuel M. Flores, Colonia Gutiérrez Nájera, 13300 Mexico City, Mexico",6500.0,2,0,0,135.0,30.0,Colonia Gutiérrez Nájera,Colonia Gutiérrez Nájera,19.3038941,-99.0431341,https://rentola.mx/listings/departamento-col-zapotitla-p4a96d1
rentola_rentas,Departamento en Renta,"Calle Monrovia, Colonia Portales Sur, 03300 Mexico City, Mexico",4000.0,1,0,0,500.0,30.0,Colonia Portales Sur,Colonia Portales Sur,19.3616941,-99.1489143,https://rentola.mx/listings/departamento-col-portales-sur-pc07c16
rentola_rentas,Departamento en Renta,"Avenida del Regidor, Colonia Residencial Villa Coapa Supermanzana 8, 14390 Mexico City, Mexico",12000.0,3,0,1,207.0,30.0,Colonia Residencial Villa Coapa Supermanzana 8,Colonia Residencial Villa Coapa Supermanzana 8,19.2945768,-99.1200358,https://rentola.mx/listings/departamento-en-renta-villa-coapa-tlalpan-cdmx-p0e44b9
rentola_rentas,Departamento en Renta,"Unidad de Medicina Familiar 13, Calle Aztecas, San Francisco Tetecala, 02000 Mexico City, CMX, Mexico",6500.0,1,0,0,325.0,30.0,No Identificada,Calle Aztecas,19.4326,-99.1332,https://rentola.mx/listings/estrena-habitacion-en-azcapo-vive-con-gym-seguridad-24-7-paca12d
rentola_rentas,Departamento en Renta,"Calle Ingenieros Civiles, Colonia Nueva Rosita, 09420 Mexico City, CMX, Mexico",13300.0,3,0,1,166.0,30.0,No Identificada,Colonia Nueva Rosita,19.3760526,-99.1055949,https://rentola.mx/listings/departamento-en-renta-nueva-rosita-iztapalapa-cdmx-pa85afe
rentola_rentas,Departamento en Renta,"Banco del Bajío, Calle Prado Sur, Lomas de Chapultepec, 11000 Mexico City, CMX, Mexico",60000.0,3,0,1,303.0,30.0,No Identificada,Calle Prado Sur,19.4262844,-99.2056708,https://rentola.mx/listings/departamento-en-venta-en-lomas-de-chapultepec-p998bc0
rentola_rentas,Departamento en Renta,"Calle Neptuno, San Simón Tolnahuac, 06420 Mexico City, CMX, Mexico",3500.0,1,0,0,500.0,30.0,No Identificada,San Simón Tolnahuac,19.4578778,-99.1453002,https://rentola.mx/listings/renta-cuarto-peba5ae
rentola_rentas,Departamento en Renta,"Calle Ingenio San Gabriel 102, Colonia Rinconada Coapa 2a. Sección, 14325 Mexico City, Mexico",25000.0,3,0,1,207.0,30.0,Colonia Rinconada Coapa 2A. Sección,Colonia Rinconada Coapa 2a. Sección,19.2979195,-99.1154766,https://rentola.mx/listings/casa-en-renta-colonia-villa-coapa-tlalpan-ciudad-de-mexico-p7ab036
rentola_rentas,Departamento en Renta,"Moctezuma, Calzada General Ignacio Zaragoza, Jardín Balbuena, 15900 Mexico City, CMX, Mexico",7000.0,2,0,1,72.0,30.0,No Identificada,Calzada General Ignacio Zaragoza,19.4264684,-99.1098256,https://rentola.mx/listings/moctezuma-p247c39
rentola_rentas,Departamento en Renta,"Calzada México Tacuba 1411, Argentina Poniente, 11230 Mexico City, CMX, Mexico",14000.0,3,0,1,233.0,30.0,No Identificada,Argentina Poniente,19.4557464,-99.2098733,https://rentola.mx/listings/departamento-col-pensil-norte-pbeacbd
rentola_rentas,Departamento en Renta,"Calle Apango, Barrio Cuautepec El Alto, 07100 Mexico City, Mexico",9000.0,3,0,0,321.0,30.0,Barrio Cuautepec El Alto,Barrio Cuautepec El Alto,19.5574204,-99.1336114,https://rentola.mx/listings/casa-en-renta-en-lomas-de-atizapan-atizapan-de-zaragoza-estado-de-mexico-p92eda6
rentola_rentas,Departamento en Renta,"Calle Vicente Suárez, Condesa, 06140 Mexico City, CMX, Mexico",6800.0,1,0,0,567.0,30.0,Condesa,Condesa,19.4148639,-99.176429,https://rentola.mx/listings/se-renta-cuarto-amueblado-pa42dd9
rentola_rentas,Departamento en Renta,"Calle José María Lafragua 16, Tabacalera, 06030 Mexico City, CMX, Mexico",2500.0,2,0,1,26.0,30.0,Tabacalera,Tabacalera,19.4369782,-99.1533294,https://rentola.mx/listings/lafragua-departamento-en-renta-amueblado-p07618e
rentola_rentas,Departamento en Renta,"unnamed road, Colonia Tepepan, 16029 Mexico City, Mexico",24900.0,3,0,1,113.0,30.0,Colonia Tepepan,Colonia Tepepan,19.2667081,-99.1270048,https://rentola.mx/listings/casa-en-renta-santa-maria-tepepan-xochimilco-p62a0cc
rentola_rentas,Departamento en Renta,"Calle Independencia, Barrio Chino, 06050 Mexico City, Mexico",5600.0,1,0,0,329.0,30.0,Barrio Chino,Barrio Chino,19.433015,-99.14305,https://rentola.mx/listings/centro-calle-independencia-zona-verde-alameda-espaldas-avenida-juarez-rento-bonitas-recamaras-p92989b
rentola_rentas,Departamento en Renta,"Calle Tejamanil, Colonia Pedregal de Santo Domingo, 04369 Mexico City, CMX, Mexico",4300.0,1,0,0,538.0,30.0,No Identificada,Colonia Pedregal de Santo Domingo,19.328714,-99.165883,https://rentola.mx/listings/recamara-en-preciosa-casa-amueblada-p5f9e1e
rentola_rentas,Departamento en Renta,"Calle Contadores, Colonia Jardines de Churubusco, 09410 Mexico City, CMX, Mexico",4100.0,1,0,0,205.0,30.0,No Identificada,Colonia Jardines de Churubusco,19.3770513,-99.1073053,https://rentola.mx/listings/departamento-col-aculco-p767e9d
rentola_rentas,Departamento en Renta,"Calle José F. Gutiérrez 154, Ángel Zimbrón, 02099 Mexico City, Mexico",6100.0,1,0,0,191.0,30.0,Ángel Zimbrón,Ángel Zimbrón,19.4681069,-99.1904939,https://rentola.mx/listings/departamento-en-renta-avenida-jose-f-gutierrez-127-angel-zimbron-azcapotzalco-ciudad-de-mexico-02099-mex-pbe56bb
rentola_rentas,Departamento en Renta,"Calle Silos, Unidad Habitacional Narciso Mendoza 5 Villa Coapa, 14390 Mexico City, Mexico",12000.0,3,0,0,185.0,30.0,Unidad Habitacional Narciso Mendoza 5 Villa Coapa,Unidad Habitacional Narciso Mendoza 5 Villa Coapa,19.293775,-99.1269976,https://rentola.mx/listings/departamento-col-villa-coapa-p37436b
rentola_rentas,Departamento en Renta,"Calle Rada, Colonia Vallejo La Patera, 07700 Mexico City, CMX, Mexico",3300.0,1,0,0,330.0,30.0,No Identificada,Colonia Vallejo La Patera,19.4709744,-99.1300613,https://rentola.mx/listings/habitacion-amueblada-en-la-patera-vallejo-pb68aa4
rentola_rentas,Departamento en Renta,"unnamed road, Colonia Sears Roebuck, 01140 Mexico City, CMX, Mexico",4500.0,1,0,1,321.0,30.0,No Identificada,Colonia Sears Roebuck,19.4326,-99.1332,https://rentola.mx/listings/rec-amueblada-c-bano-x-observatorio-p40a2ff
rentola_rentas,Departamento en Renta,"Calle Alfredo Tennyson, Polanco, 11550 Mexico City, CMX, Mexico",5000.0,3,0,1,25.0,30.0,Polanco,Polanco,19.43353,-99.190915,https://rentola.mx/listings/departamento-en-renta-en-polanco-3r-2-5b-2e-terraza-balcon-200m2-p1e5f18
rentola_rentas,Departamento en Renta,"Calle Ignacio Chávez, Conjunto INFONAVIT Cuemanco, 14330 Mexico City, CMX, Mexico",3800.0,1,0,0,475.0,30.0,No Identificada,Conjunto INFONAVIT Cuemanco,19.296834,-99.104835,https://rentola.mx/listings/casa-col-granjas-coapa-pc4539a
rentola_rentas,Departamento en Renta,"Calle Mar de las Nubes, Fraccionamiento Los Olivos, 04890 Mexico City, Mexico",4500.0,1,0,0,225.0,30.0,Fraccionamiento Los Olivos,Fraccionamiento Los Olivos,19.3139382,-99.1317305,https://rentola.mx/listings/rento-recamara-amueblada-p22981f
rentola_rentas,Departamento en Renta,"Avenida Aquiles Serdán 75, San Diego Ocoyac, 02099 Mexico City, CMX, Mexico",6000.0,2,0,1,109.0,30.0,No Identificada,San Diego Ocoyac,19.4620958,-99.1906884,https://rentola.mx/listings/departamento-en-renta-san-diego-ocoyoacac-p070a66
rentola_rentas,Departamento en Renta,"Calle Avena 171, Colonia Granjas Esmeralda, 09810 Mexico City, Mexico",5000.0,1,0,0,143.0,30.0,Colonia Granjas Esmeralda,Colonia Granjas Esmeralda,19.3535523,-99.1169501,https://rentola.mx/listings/departamento-col-granjas-esmeralda-p84cdc1
rentola_rentas,Departamento en Renta,"Calle Aile, Coyoacán, 04320 Mexico City, Mexico",7500.0,1,0,0,150.0,30.0,Coyoacán,Coyoacán,19.3488917,-99.1629828,https://rentola.mx/listings/departamento-col-pedregal-de-santo-domingo-pf04486
rentola_rentas,Departamento en Renta,"Calle Riflero de San Luis Potosí, Unidad Habitacional Ejército de Oriente, 09230 Mexico City, CMX, Mexico",3200.0,1,0,1,533.0,30.0,No Identificada,Unidad Habitacional Ejército de Oriente,19.3802724,-99.0368838,https://rentola.mx/listings/cuarto-para-varon-p233033
rentola_rentas,Departamento en Renta,"Calle Aile, Coyoacán, 04320 Mexico City, Mexico",4500.0,1,0,0,180.0,30.0,Coyoacán,Coyoacán,19.3488917,-99.1629828,https://rentola.mx/listings/departamento-col-pedregal-de-santo-domingo-p5f4b40
rentola_rentas,Departamento en Renta,"Universidad Autónoma Metropolitana Unidad Xochimilco, Calzada del Hueso 1100, Fraccionamiento Residencial Hacienda Coapa, 04960 Mexico City, CMX, Mexico",14000.0,3,0,1,350.0,30.0,Xochimilco,Calzada del Hueso 1100,19.3026705,-99.1028875,https://rentola.mx/listings/casa-en-renta-al-norte-en-residencial-universidad-p8eb903
rentola_rentas,Departamento en Renta,"Cerrada de Amargura, San Ángel, 01000 Mexico City, CMX, Mexico",30000.0,3,0,1,167.0,30.0,No Identificada,San Ángel,19.4326,-99.1332,https://rentola.mx/listings/departamento-en-renta-en-residencial-privilege-interlomas-pb07bb5
rentola_rentas,Departamento en Renta,"Calle Cuautla 121, Condesa, 06170 Mexico City, CMX, Mexico",6000.0,1,0,0,316.0,30.0,Condesa,Condesa,19.4148639,-99.176429,https://rentola.mx/listings/cuarto-habitacion-en-la-hipodromo-condesa-p3fc127
rentola_rentas,Departamento en Renta,"Centro Cultural de la Ciudad de México, Calle Sor Juana Inés de la Cruz 99, Santa María la Ribera, 06400 Mexico City, Mexico",7000.0,1,0,0,412.0,30.0,Centro,Calle Sor Juana Inés de la Cruz 99,19.1872091,-99.0765068,https://rentola.mx/listings/habitacion-en-renta-en-cdmx-col-santa-maria-la-ribera-cuauhtemoc-p04a341
rentola_rentas,Departamento en Renta,"Calle Aristóteles, Polanco, 11550 Mexico City, CMX, Mexico",8000.0,1,0,0,320.0,30.0,Polanco,Polanco,19.43353,-99.190915,https://rentola.mx/listings/renta-de-habitaciones-en-polanco-pbe77cd
rentola_rentas,Departamento en Renta,"Calle Rancho Miradores, Coapa, 04920 Mexico City, CMX, Mexico",5500.0,1,0,0,393.0,30.0,No Identificada,Coapa,19.3079445,-99.1267548,https://rentola.mx/listings/vive-bonito-frente-plaza-galerias-coapa-a-super-precio-habitaciones-con-bano-privado-pf50ff4
rentola_rentas,Departamento en Renta,"Avenida Chapultepec, San Miguel Chapultepec 2ª Sección, 11850 Mexico City, CMX, Mexico",6500.0,1,0,0,232.0,30.0,No Identificada,San Miguel Chapultepec 2ª Sección,19.4177417,-99.1798611,https://rentola.mx/listings/vive-en-la-ciudad-frente-al-bosque-ubicacion-magnifica-pfeac15
rentola_rentas,Departamento en Renta,"Grupo Bavaria, Calle Lago Zurich, Ampliación Granada, 11529 Mexico City, CMX, Mexico",3500.0,1,0,0,58.0,30.0,No Identificada,Calle Lago Zurich,19.4413067,-99.2028246,https://rentola.mx/listings/hermoso-departamento-en-venta-polanco-p94deaf
rentola_rentas,Departamento en Renta,"Calle Jilosúchil, Colonia Pedregal de Santo Domingo, 04369 Mexico City, CMX, Mexico",10500.0,1,0,0,181.0,30.0,No Identificada,Colonia Pedregal de Santo Domingo,19.328714,-99.165883,https://rentola.mx/listings/departamento-col-pedregal-de-santo-domingo-p3c3b0c
rentola_rentas,Departamento en Renta,"Andador 7, Colonia Narciso Mendoza Súper Manzana 2 Villa Coapa, 14390 Mexico City, Mexico",13500.0,2,0,0,180.0,30.0,Colonia Narciso Mendoza Súper Manzana 2 Villa Coapa,Colonia Narciso Mendoza Súper Manzana 2 Villa Coapa,19.2893416,-99.1273676,https://rentola.mx/listings/casa-duplex-col-narciso-mendoza-pff1651
rentola_rentas,Departamento en Renta,"Viaducto Río de la Piedad, Colonia Viaducto Troncoso, 15900 Mexico City, Mexico",7200.0,1,0,1,725.0,30.0,Colonia Viaducto Troncoso,Colonia Viaducto Troncoso,19.4064326,-99.1122562,https://rentola.mx/listings/departamento-en-renta-viaducto-rio-de-la-piedad-596-jardin-balbuena-venustiano-carranza-ciudad-de-mexico-15900-mex-p282c65
rentola_rentas,Departamento en Renta,"Avenida Copilco, Colonia Copilco El Bajo, 04340 Mexico City, CMX, Mexico",6000.0,1,0,0,462.0,30.0,No Identificada,Colonia Copilco El Bajo,19.3379235,-99.1860089,https://rentola.mx/listings/cuarto-en-insurgentes-san-angel-copilco-p4ad7c3
rentola_rentas,Departamento en Renta,"Cerrada Mirador, Colonia 2a. Sección Los Cerrillos, 16780 Mexico City, Mexico",9500.0,3,0,1,48.0,30.0,Colonia 2A. Sección Los Cerrillos,Colonia 2a. Sección Los Cerrillos,19.2410078,-99.0181515,https://rentola.mx/listings/casa-en-renta-cerrada-mirador-215-santa-cruz-tulyehualco-cerrillos-ii-ciudad-de-mexico-cdmx-mexico-pdc9b48
rentola_rentas,Departamento en Renta,"Calle Gioacchino Rossini, Ex Hipódromo de Peralvillo, 06250 Mexico City, CMX, Mexico",4200.0,1,0,0,525.0,30.0,No Identificada,Ex Hipódromo de Peralvillo,19.4567353,-99.1345162,https://rentola.mx/listings/medicos-residentes-rento-habitacion-amuebladas-pc4ce56
rentola_rentas,Departamento en Renta,"Calle Norte 89, Colonia Sindicato Mexicano de Electricistas, 02060 Mexico City, Mexico",18500.0,3,0,1,176.0,30.0,Colonia Sindicato Mexicano De Electricistas,Colonia Sindicato Mexicano de Electricistas,19.4752563,-99.1787251,https://rentola.mx/listings/departamento-en-renta-sindicato-mexicano-de-electricistas-ciudad-de-mexico-cdmx-mexico-pce6a68
rentola_rentas,Departamento en Renta,"Calle Tres Zapotes 132, Colonia Independencia, 03650 Mexico City, CMX, Mexico",6000.0,1,0,1,300.0,30.0,No Identificada,Colonia Independencia,19.373681,-99.1517991,https://rentola.mx/listings/habitacion-amueblada-en-renta-en-letran-valle-cerca-de-up-y-hospital-20-de-nov-pd405a8
rentola_rentas,Departamento en Renta,"Heroica Escuela Naval Militar, Colonia Magdalena Culhuacán, 04260 Mexico City, CMX, Mexico",7000.0,1,0,0,233.0,30.0,No Identificada,Colonia Magdalena Culhuacán,19.3470336,-99.1200994,https://rentola.mx/listings/departamento-col-paseos-de-taxquena-p938a05
rentola_rentas,Departamento en Renta,"Calle Rubén Darío 17, Polanco, 11570 Mexico City, Mexico",75000.0,3,0,1,326.0,30.0,Polanco,Polanco,19.43353,-99.190915,https://rentola.mx/listings/renta-de-departamento-en-polanco-paa45e8
rentola_rentas,Departamento en Renta,"Cerrada Cuarta Avenida Central, Colonia Agrícola Pantitlán, 08100 Mexico City, CMX, Mexico",10000.0,2,0,1,130.0,30.0,No Identificada,Colonia Agrícola Pantitlán,19.4105801,-99.0705782,https://rentola.mx/listings/departamento-en-renta-en-la-agricola-pantitlan-pc42a13
rentola_rentas,Departamento en Renta,"Calzada de Tlalpan, Colonia San Diego Churubusco, 04040 Mexico City, CMX, Mexico",14600.0,3,0,1,133.0,30.0,Tlalpan,Colonia San Diego Churubusco,19.3509584,-99.1388636,https://rentola.mx/listings/departamento-col-parque-san-andres-p04bd86
rentola_rentas,Departamento en Renta,"Calle Izcoátl 20, Anahuác 2ª Sección, 11370 Mexico City, CMX, Mexico",4500.0,1,0,0,500.0,30.0,No Identificada,Anahuác 2ª Sección,19.4389504,-99.1721825,https://rentola.mx/listings/habitacion-muy-cerca-de-polanco-anzures-marina-nacional-p280905
rentola_rentas,Departamento en Renta,"Calle Poniente 116 605, Colonia Panamericana, 07770 Mexico City, Mexico",5000.0,1,0,0,100.0,30.0,Colonia Panamericana,Colonia Panamericana,19.312209,-99.1812285,https://rentola.mx/listings/departamento-en-renta-norte-9-a-panamericana-ciudad-de-mexico-cdmx-mexico-p76c244
rentola_rentas,Departamento en Renta,"José María Rico, Actipan, 03230 Mexico City, CMX, Mexico",6300.0,1,0,0,233.0,30.0,No Identificada,Actipan,19.3688258,-99.1789972,https://rentola.mx/listings/departamento-compartido-para-mujeres-p6d5613
rentola_rentas,Departamento en Renta,"Circuito Interior, Condesa, 06140 Mexico City, CMX, Mexico",5500.0,1,0,0,324.0,30.0,Condesa,Condesa,19.4148639,-99.176429,https://rentola.mx/listings/recamara-chica-condesa-caballeros-pfedbec
rentola_rentas,Departamento en Renta,"unnamed road, Colonia Lomas de Belvedere, 14250 Mexico City, CMX, Mexico",3700.0,1,0,1,529.0,30.0,No Identificada,Colonia Lomas de Belvedere,19.4326,-99.1332,https://rentola.mx/listings/hospital-ajusco-medio-sixflags-colmex-2-habitaciones-privadas-p67af8f
rentola_rentas,Departamento en Renta,"Calle 4, Colonia La Purísima, 09310 Mexico City, CMX, Mexico",3300.0,1,0,0,550.0,30.0,No Identificada,Colonia La Purísima,19.3581911,-99.0706696,https://rentola.mx/listings/habitaciones-amuebladas-uam-iztapalapa-p9f4a37
rentola_rentas,Departamento en Renta,"Calle Tepetlapa, Coapa, 04800 Mexico City, Mexico",4500.0,1,0,0,321.0,30.0,Coapa,Coapa,19.317015,-99.1120701,https://rentola.mx/listings/renta-de-habitaciones-al-sur-de-la-cdmx-p1bccaa
rentola_rentas,Departamento en Renta,"Calle Piedra del Sol 57, Colonia Avante, 04460 Mexico City, Mexico",12500.0,2,0,0,179.0,30.0,Colonia Avante,Colonia Avante,19.3281355,-99.1343458,https://rentola.mx/listings/departamento-col-avante-p65c603
rentola_rentas,Departamento en Renta,"Juárez, Avenida Balderas, Centro, 06050 Mexico City, CMX, Mexico",6000.0,1,0,0,154.0,30.0,Centro,Avenida Balderas,19.4293653,-99.1484027,https://rentola.mx/listings/hamburgo-274-depto-1-col-juarez-paa1761
rentola_rentas,Departamento en Renta,"Torre Libertad, Avenida Paseo de la Reforma 439, Condesa, 06500 Mexico City, CMX, Mexico",8900.0,2,0,0,47.0,30.0,Condesa,Avenida Paseo de la Reforma 439,19.4258034,-99.1723876,https://rentola.mx/listings/residencia-en-el-hotel-st-regis-p0f7b89
rentola_rentas,Departamento en Renta,"unnamed road, Polanco, 11510 Mexico City, CMX, Mexico",8000.0,1,0,0,500.0,30.0,Polanco,Polanco,19.43353,-99.190915,https://rentola.mx/listings/se-renta-amplia-recamara-bastante-iluminada-pd4b3cb
rentola_rentas,Departamento en Renta,"Calle Sisal, Colonia Sector 17, 14100 Mexico City, CMX, Mexico",10000.0,2,0,1,154.0,30.0,No Identificada,Colonia Sector 17,19.2785599,-99.237508,https://rentola.mx/listings/departamento-col-pedregal-de-san-nicolas-1a-seccion-pa51237
rentola_rentas,Departamento en Renta,"Calle Indianápolis, Del Valle, 03810 Mexico City, Mexico",9000.0,3,0,0,38.0,30.0,Del Valle,Del Valle,19.3829715,-99.1800979,https://rentola.mx/listings/departamento-en-renta-napoles-ciudad-de-mexico-cdmx-mexico-pba9a54
rentola_rentas,Departamento en Renta,"Fresnos, Colonia Minerva, 09810 Mexico City, Mexico",13000.0,3,0,1,94.0,30.0,Colonia Minerva,Colonia Minerva,19.3439702,-99.109797,https://rentola.mx/listings/casa-col-valle-del-sur-pd77849
rentola_rentas,Departamento en Renta,"Calle Río Atoyac, Condesa, 06500 Mexico City, CMX, Mexico",5500.0,1,0,1,71.0,30.0,Condesa,Condesa,19.4148639,-99.176429,https://rentola.mx/listings/en-renta-ritz-carlton-branded-residence-no-4802-p0084c4
rentola_rentas,Departamento en Renta,"Perisur, Boulevard Adolfo Ruiz Cortines, Fraccionamiento Insurgentes Cuicuilco, 04530 Mexico City, CMX, Mexico",14000.0,3,0,1,326.0,30.0,No Identificada,Boulevard Adolfo Ruiz Cortines,19.3040433,-99.1900307,https://rentola.mx/listings/casa-nueva-en-renta-en-perisur-p1f3078
rentola_rentas,Departamento en Renta,"Avenida Toluca, Las Águilas, 01789 Mexico City, Mexico",23000.0,3,0,1,105.0,30.0,Las Águilas,Las Águilas,19.3580045,-99.2031498,https://rentola.mx/listings/casa-en-renta-colonia-olivar-de-los-padres-alvaro-obregon-cdmx-p897b94
rentola_rentas,Departamento en Renta,"Cerrada Callejón de la Torre, El Yaqui, 01330 Mexico City, Mexico",28500.0,2,0,1,190.0,30.0,El Yaqui,El Yaqui,19.3621951,-99.2869132,https://rentola.mx/listings/casa-en-renta-santa-fe-cuajimalpa-cuajimalpa-de-morelos-pe65b39
rentola_rentas,Departamento en Renta,"Avenida Insurgentes Sur, Condesa, 06760 Mexico City, CMX, Mexico",11000.0,1,0,0,183.0,30.0,Condesa,Condesa,19.4148639,-99.176429,https://rentola.mx/listings/insurgentes-sur-402-depto-9-col-roma-sur-p2e1c45
rentola_rentas,Departamento en Renta,"Calle Xochicalco, Narvarte, 03600 Mexico City, Mexico",39500.0,4,0,0,313.0,30.0,Narvarte,Narvarte,19.391616,-99.1513127,https://rentola.mx/listings/casa-en-renta-narvarte-oriente-benito-juarez-cdmx-pc10ad6
rentola_rentas,Departamento en Renta,"Avenida Baja California, Centro Urbano Benito Juárez, 06760 Mexico City, CMX, Mexico",5500.0,1,0,0,324.0,30.0,Benito Juárez,Centro Urbano Benito Juárez,19.3709491,-99.1720825,https://rentola.mx/listings/cuarto-independiente-con-bano-propio-pbd86ad
rentola_rentas,Departamento en Renta,"Avenida Pacífico 350, Unidad Habitacional del Pacífico, 04330 Mexico City, Mexico",15000.0,3,0,1,214.0,30.0,Unidad Habitacional Del Pacífico,Unidad Habitacional del Pacífico,19.3189488,-99.1384416,https://rentola.mx/listings/departamento-col-pueblo-de-los-reyes-pdce62f
rentola_rentas,Departamento en Renta,"Calle Alejandría, Colonia Clavería, 02080 Mexico City, CMX, Mexico",5000.0,1,0,0,500.0,30.0,No Identificada,Colonia Clavería,19.4646577,-99.184484,https://rentola.mx/listings/departamento-en-renta-en-claveria-azcapotzalco-p0365f6
rentola_rentas,Departamento en Renta,"Andador 3, Colonia Narciso Mendoza Súper Manzana 3 Villa Coapa, 14390 Mexico City, CMX, Mexico",5000.0,1,0,0,417.0,30.0,No Identificada,Colonia Narciso Mendoza Súper Manzana 3 Villa Coapa,19.2875771,-99.1253757,https://rentola.mx/listings/vive-bonito-en-coapa-a-buen-precio-habitacion-con-bano-privado-p7b09c5
rentola_rentas,Departamento en Renta,"Calle Acero, Maza, 06270 Mexico City, CMX, Mexico",3000.0,1,0,0,333.0,30.0,No Identificada,Maza,19.4535613,-99.1277182,https://rentola.mx/listings/dormitorio-amueblado-e-individual-en-renta-con-areas-comunes-compartidas-por-calz-de-guadalupe-y-e-pc572ae
rentola_rentas,Departamento en Renta,"Café Toscano, Avenida Emilio Castelar, Polanco, 11550 Mexico City, CMX, Mexico",36000.0,2,0,1,360.0,30.0,Polanco,Avenida Emilio Castelar,19.4292581,-99.1927058,https://rentola.mx/listings/departamento-renta-polanco-p0d6e24
rentola_rentas,Departamento en Renta,"Calle Cuitláhuac, Colonia San Pedro Apóstol, 14050 Mexico City, CMX, Mexico",5500.0,1,0,0,262.0,30.0,Tláhuac,Colonia San Pedro Apóstol,19.2703914,-99.0047499,https://rentola.mx/listings/renta-de-habitaciones-en-zona-de-hospitales-p2d5425
rentola_rentas,Departamento en Renta,"unnamed road, Colonia La Preciosa, 02460 Mexico City, Mexico",12000.0,2,0,1,218.0,30.0,Colonia La Preciosa,Colonia La Preciosa,19.4866073,-99.1940677,https://rentola.mx/listings/en-6to-piso-con-elevador-a-media-cuadra-de-av-aquiles-serdan-pdfeb40
rentola_rentas,Departamento en Renta,"Retorno 11 de Avenida del Taller, Jardín Balbuena, 15900 Mexico City, CMX, Mexico",5000.0,1,0,0,357.0,30.0,No Identificada,Jardín Balbuena,19.4083054,-99.1090475,https://rentola.mx/listings/habitacion-para-dama-en-la-colonia-jardin-balbuena-p79eb5f
rentola_rentas,Departamento en Renta,"Calle Norte 87 403, Colonia Sindicato Mexicano de Electricistas, 02060 Mexico City, CMX, Mexico",5800.0,1,0,0,322.0,30.0,No Identificada,Colonia Sindicato Mexicano de Electricistas,19.4737172,-99.1789953,https://rentola.mx/listings/rento-recamara-en-depa-compartido-p661fe6
rentola_rentas,Departamento en Renta,"Calle Real Madrid, Conjunto Residencial Villa Prado Coapa, 14358 Mexico City, Mexico",22500.0,4,0,1,118.0,30.0,Conjunto Residencial Villa Prado Coapa,Conjunto Residencial Villa Prado Coapa,19.2905429,-99.1349646,https://rentola.mx/listings/casa-en-renta-calle-real-madrid-5-6-prado-coapa-tercera-seccion-tlalpan-ciudad-de-mexico-14376-mex-p22c94c
rentola_rentas,Departamento en Renta,"Edificio 15, Ferrocarril Central 15, Colonia Hogares Ferrocarrileros, 02540 Mexico City, Mexico",5000.0,1,0,0,333.0,30.0,Colonia Hogares Ferrocarrileros,Ferrocarril Central 15,19.4738212,-99.1646494,https://rentola.mx/listings/se-busca-companero-a-de-depa-p4cdc6a
rentola_rentas,Departamento en Renta,"Calle Juan E. Hernández y Dávalos, Ampliación Asturias, 06850 Mexico City, Mexico",5000.0,1,0,0,333.0,30.0,Ampliación Asturias,Ampliación Asturias,19.4071473,-99.1310771,https://rentola.mx/listings/habitacion-individual-disponible-para-una-dama-p05c539
rentola_rentas,Departamento en Renta,"Calle Lago Constanza, Polanco, 11460 Mexico City, Mexico",14000.0,2,0,1,259.0,30.0,Polanco,Polanco,19.43353,-99.190915,https://rentola.mx/listings/departamento-en-renta-lago-constanza-155-lago-sur-ciudad-de-mexico-cdmx-mexico-pfbdd46
rentola_rentas,Departamento en Renta,"Calzada Ticomán, Colonia La Escalera, 07340 Mexico City, CMX, Mexico",10500.0,3,0,1,144.0,30.0,No Identificada,Colonia La Escalera,19.514275,-99.1350733,https://rentola.mx/listings/departamento-frente-a-esime-ticoman-ideal-para-estudiantes-o-profesionistas-p7b335c
rentola_rentas,Departamento en Renta,"Calle Mieses, Barrio San Antonio Culhuacán, 09810 Mexico City, CMX, Mexico",10000.0,2,0,0,167.0,30.0,No Identificada,Barrio San Antonio Culhuacán,19.4326,-99.1332,https://rentola.mx/listings/departamento-col-progreso-del-sur-p721dcf
rentola_rentas,Departamento en Renta,"Calle Cristóbal Morales, Colonia La Nopalera, 13220 Mexico City, Mexico",7000.0,2,0,0,100.0,30.0,Colonia La Nopalera,Colonia La Nopalera,19.2965377,-99.0549682,https://rentola.mx/listings/departamento-col-los-olivos-p121274
rentola_rentas,Departamento en Renta,"Calle Antropólogos 70, Colonia San Juanico Nextipac, 09400 Mexico City, Mexico",4200.0,1,0,0,233.0,30.0,Colonia San Juanico Nextipac,Colonia San Juanico Nextipac,19.3672857,-99.1120432,https://rentola.mx/listings/departamento-col-ampliacion-el-triunfo-pdd4f8d
rentola_rentas,Departamento en Renta,"Peatonal Calzada de los Ciruelos, 1a. Sección del Bosque de Chapultepec, 11580 Mexico City, CMX, Mexico",99000.0,3,0,1,471.0,30.0,No Identificada,1a. Sección del Bosque de Chapultepec,19.4205129,-99.1888685,https://rentola.mx/listings/departamento-amueblado-en-renta-en-bosque-de-chapultepec-p18a537
rentola_rentas,Departamento en Renta,"LUNA ""Benita Galeana"", Avenida Gabriel Ramos Millán 95, Colonia Américas Unidas, 03440 Mexico City, CMX, Mexico",5500.0,1,0,0,324.0,30.0,No Identificada,Avenida Gabriel Ramos Millán 95,19.3835398,-99.143579,https://rentola.mx/listings/cuarto-amueblado-con-todos-los-servicios-incluidos-cerca-metro-nativitas-p1c62d6
rentola_rentas,Departamento en Renta,"Calle Jardineros, Morelos, 15270 Mexico City, Mexico",7200.0,2,0,0,144.0,30.0,Morelos,Morelos,19.4388295,-99.1193006,https://rentola.mx/listings/departamento-en-renta-jardineros-46-morelos-ciudad-de-mexico-cdmx-mexico-pef7685
rentola_rentas,Departamento en Renta,"Calle Santa Úrsula, Colonia Santa Úrsula Xitla, 14420 Mexico City, Mexico",24000.0,3,0,1,151.0,30.0,Colonia Santa Úrsula Xitla,Colonia Santa Úrsula Xitla,19.2821316,-99.1778614,https://rentola.mx/listings/casa-en-renta-pedregal-de-santa-ursula-xitla-tlalpan-cdmx-p5d8b63
rentola_rentas,Departamento en Renta,"Calle Juan Sordo Madaleno, Santa Fe, 05348 Mexico City, CMX, Mexico",9000.0,1,0,1,300.0,30.0,No Identificada,Santa Fe,19.3608852,-99.2693307,https://rentola.mx/listings/preciosisimo-cuarto-en-av-santa-fe-p7bdb96
rentola_rentas,Departamento en Renta,"unnamed road, San Ángel, 01030 Mexico City, Mexico",7000.0,1,0,0,280.0,30.0,San Ángel,San Ángel,19.3443673,-99.1924473,https://rentola.mx/listings/departamento-col-florida-p7f5c3b
rentola_rentas,Departamento en Renta,"Sports World, Calle Lago Alberto 369, Polanco, 11320 Mexico City, CMX, Mexico",20600.0,1,0,0,490.0,30.0,Polanco,Calle Lago Alberto 369,19.4386574,-99.1807856,https://rentola.mx/listings/loft-en-renta-cercano-a-polanco-alberca-gym-zona-pet-y-mas-p6e8bf7
rentola_rentas,Departamento en Renta,"Centro Cultural de la Ciudad de México, Calle Sor Juana Inés de la Cruz 99, Santa María la Ribera, 06400 Mexico City, CMX, Mexico",8000.0,1,0,0,471.0,30.0,Centro,Calle Sor Juana Inés de la Cruz 99,19.1872091,-99.0765068,https://rentola.mx/listings/habitacion-en-renta-en-cdmx-col-santa-maria-la-riberaibera-cuauhtemoc-p1f613f
rentola_rentas,Departamento en Renta,"Calle Antillas, Colonia Albert, 03303 Mexico City, CMX, Mexico",4800.0,1,0,0,533.0,30.0,No Identificada,Colonia Albert,19.3675142,-99.143007,https://rentola.mx/listings/recamara-muy-iluminada-y-comoda-p1c5199
rentola_rentas,Departamento en Renta,"Calle Giacomo Puccini, Peralvillo, 06220 Mexico City, Mexico",4800.0,1,0,0,369.0,30.0,Peralvillo,Peralvillo,19.4561462,-99.1291304,https://rentola.mx/listings/dormitorio-para-estudiantes-o-residentes-pe72be7
rentola_rentas,Departamento en Renta,"Calle Hacienda Texmelucan, Coapa, 04960 Mexico City, Mexico",15000.0,3,0,1,313.0,30.0,Coapa,Coapa,19.317015,-99.1120701,https://rentola.mx/listings/casa-en-renta-villa-quietud-coyoacan-cdmx-p97a971
rentola_rentas,Departamento en Renta,"Calle Mariposa 908, Santa Cruz Atoyac, 03340 Mexico City, Mexico",15500.0,1,0,0,207.0,30.0,Santa Cruz Atoyac,Santa Cruz Atoyac,19.3681266,-99.162822,https://rentola.mx/listings/departamento-col-santa-cruz-atoyac-p347527
rentola_rentas,Departamento en Renta,"Embassy of India, Calle Alfredo de Musset 325, Polanco, 11540 Mexico City, CMX, Mexico",6800.0,3,0,1,21.0,30.0,Polanco,Calle Alfredo de Musset 325,19.4367038,-99.1961632,https://rentola.mx/listings/departamento-de-lujo-a-estrenar-en-renta-en-la-calle-aristoteles-en-polanco-p93dfdd
rentola_rentas,Departamento en Renta,"unnamed road, Colonia Equipamiento Fábrica FISISA, 14060 Mexico City, Mexico",8000.0,1,0,0,80.0,30.0,Colonia Equipamiento Fábrica Fisisa,Colonia Equipamiento Fábrica FISISA,19.3001509,-99.1785591,https://rentola.mx/listings/departamento-col-isidro-fabela-p64053f
rentola_rentas,Departamento en Renta,"Calle Segovia, Narvarte, 03400 Mexico City, CMX, Mexico",11000.0,2,0,1,250.0,30.0,No Identificada,Narvarte,19.4326,-99.1332,https://rentola.mx/listings/departamento-en-renta-en-alamos-benito-juarez-ciudad-de-mexico-p0dac2c
rentola_rentas,Departamento en Renta,"Calle Veracruz, Colonia Héroes de Padierna, 10700 Mexico City, Mexico",7200.0,1,0,0,240.0,30.0,Colonia Héroes De Padierna,Colonia Héroes de Padierna,19.3117877,-99.2264166,https://rentola.mx/listings/departamento-en-renta-teocelo-39-a-san-jeronimo-aculco-la-magdalena-contreras-ciudad-de-mexico-san-jeronimo-aculco-ciudad-d-pbed9fc
rentola_rentas,Departamento en Renta,"Calle Indianápolis 85, Del Valle, 03810 Mexico City, Mexico",15000.0,2,0,1,326.0,30.0,Del Valle,Del Valle,19.3829715,-99.1800979,https://rentola.mx/listings/departamento-en-renta-indianapolis-69-napoles-ciudad-de-mexico-cdmx-mexico-p393fc9
rentola_rentas,Departamento en Renta,"Universidad Latina, Privada Griselda, Unidad Habitacional USCOVI Las Torres, 04330 Mexico City, Mexico",25000.0,3,0,1,100.0,30.0,Unidad Habitacional Uscovi Las Torres,Privada Griselda,19.3350742,-99.1553871,https://rentola.mx/listings/casa-en-renta-los-reyes-coyoacan-cdmx-p5c5f12
rentola_rentas,Departamento en Renta,"Calle Cabrío, San Ángel, 01790 Mexico City, CMX, Mexico",6500.0,1,0,0,542.0,30.0,No Identificada,San Ángel,19.4326,-99.1332,https://rentola.mx/listings/suite-amueblada-p61fff2
rentola_rentas,Departamento en Renta,"Calle Lago Ilopango, Torre Blanca, 11280 Mexico City, CMX, Mexico",3200.0,1,0,0,246.0,30.0,No Identificada,Torre Blanca,19.4568954,-99.1961863,https://rentola.mx/listings/renta-de-recamara-para-mujer-sola-p6a7b98
rentola_rentas,Departamento en Renta,"Lima, Colonia Revolución IMSS, 07300 Mexico City, CMX, Mexico",4800.0,1,0,0,533.0,30.0,No Identificada,Colonia Revolución IMSS,19.4884589,-99.1307335,https://rentola.mx/listings/habitacion-por-zona-hospitales-y-el-ipn-pbbec1a
rentola_rentas,Departamento en Renta,"Andador 5, Colonia Narciso Mendoza Súper Manzana 2 Villa Coapa, 14390 Mexico City, CMX, Mexico",14000.0,3,0,0,175.0,30.0,No Identificada,Colonia Narciso Mendoza Súper Manzana 2 Villa Coapa,19.2901877,-99.1283934,https://rentola.mx/listings/casa-col-villa-coapa-p0ea09d
rentola_rentas,Departamento en Renta,"Calle C Manzana VI, Colonia Quetzalcóatl, 04400 Mexico City, CMX, Mexico",5000.0,1,0,1,250.0,30.0,No Identificada,Colonia Quetzalcóatl,19.3379672,-99.1289166,https://rentola.mx/listings/departamento-col-educacion-p0bac85
rentola_rentas,Departamento en Renta,"Calle Pomarrosa, Colonia San Bernabé, 02830 Mexico City, Mexico",7500.0,2,0,0,167.0,30.0,Colonia San Bernabé,Colonia San Bernabé,19.3090559,-99.2578633,https://rentola.mx/listings/casa-en-renta-nueva-santa-maria-azcapotzalco-p9484ef
rentola_rentas,Departamento en Renta,"Calle 27, Presidentes, 01430 Mexico City, CMX, Mexico",10100.0,3,0,1,135.0,30.0,No Identificada,Presidentes,19.3684879,-99.2180775,https://rentola.mx/listings/departamento-en-renta-colina-del-sur-alvaro-obregon-pfd237f
rentola_rentas,Departamento en Renta,"Avenida Nuevo León 44, Condesa, 06140 Mexico City, Mexico",75000.0,2,0,0,326.0,30.0,Condesa,Condesa,19.4148639,-99.176429,https://rentola.mx/listings/departamento-en-renta-amueblado-condesa-amsterdam-p5ee53c
rentola_rentas,Departamento en Renta,"Calle Campeche 288, Condesa, 06100 Mexico City, Mexico",5500.0,1,0,0,324.0,30.0,Condesa,Condesa,19.4148639,-99.176429,https://rentola.mx/listings/condesa-agradable-habitacion-amueblada-mujeres-pf11112
rentola_rentas,Departamento en Renta,"Calle Hacienda de San Nicolás Tolentino, Colonia Potrero Acoxpa, 14357 Mexico City, CMX, Mexico",20000.0,3,0,1,133.0,30.0,No Identificada,Colonia Potrero Acoxpa,19.2909402,-99.1342539,https://rentola.mx/listings/casa-en-renta-en-prado-coapa-tlalpan-p8ffe4c
rentola_rentas,Departamento en Renta,"Calle 30, Colonia El Rodeo, 08510 Mexico City, Mexico",8500.0,1,0,0,189.0,30.0,Colonia El Rodeo,Colonia El Rodeo,19.3279714,-99.0688778,https://rentola.mx/listings/departamento-col-el-rodeo-pc39796
rentola_rentas,Departamento en Renta,"Calle Lago Andrómaco, Ampliación Granada, 11529 Mexico City, Mexico",35000.0,2,0,0,412.0,30.0,Ampliación Granada,Ampliación Granada,19.4435904,-99.2024692,https://rentola.mx/listings/departamento-en-renta-torres-oslo-y-estocolmo-polarea-presa-falcon-granada-ciudad-de-mexico-cdmx-mexico-pb0c9c8
rentola_rentas,Departamento en Renta,"Boulevard Adolfo Ruiz Cortines, Colonia Bosques Residencial Sur, 16010 Mexico City, Mexico",19000.0,2,0,0,136.0,30.0,Colonia Bosques Residencial Sur,Colonia Bosques Residencial Sur,19.2839421,-99.1351784,https://rentola.mx/listings/casa-col-hacienda-san-juan-pff3a51
rentola_rentas,Departamento en Renta,"2ª Cerrada 16 de Septiembre, La Cruz, 08310 Mexico City, CMX, Mexico",7000.0,1,0,0,200.0,30.0,No Identificada,La Cruz,19.4035657,-99.1158749,https://rentola.mx/listings/departamento-col-la-cruz-pcceca3
rentola_rentas,Departamento en Renta,"Calle Nayarit 62, Roma, 06760 Mexico City, CMX, Mexico",9000.0,1,0,1,333.0,30.0,No Identificada,Roma,19.4179402,-99.149146,https://rentola.mx/listings/habitacion-amplia-en-la-roma-sur-pa24363
rentola_rentas,Departamento en Renta,"Avenida Pacífico, Unidad Habitacional Rosedal, 04380 Mexico City, CMX, Mexico",8500.0,1,0,0,425.0,30.0,No Identificada,Unidad Habitacional Rosedal,19.3346449,-99.147213,https://rentola.mx/listings/departamento-col-pueblo-la-candelaria-pd5d6e6
rentola_rentas,Departamento en Renta,"Calle Alfonso Reyes 189, Condesa, 06100 Mexico City, Mexico",63000.0,2,0,1,512.0,30.0,Condesa,Condesa,19.4148639,-99.176429,https://rentola.mx/listings/departamento-en-renta-alfonso-reyes-193-hipodromo-ciudad-de-mexico-cdmx-mexico-p22792c
rentola_rentas,Departamento en Renta,"Paseo de Girasol, Colonia Verano, 14275 Mexico City, CMX, Mexico",11000.0,2,0,1,138.0,30.0,No Identificada,Colonia Verano,19.2624808,-99.2031542,https://rentola.mx/listings/departamento-amueblado-en-planta-baja-en-renta-en-col-primavera-tlalpan-p5d6889
rentola_rentas,Departamento en Renta,"Calle 47 10, General Ignacio Zaragoza, 15730 Mexico City, Mexico",11000.0,2,0,1,177.0,30.0,General Ignacio Zaragoza,General Ignacio Zaragoza,19.4200736,-99.0971415,https://rentola.mx/listings/departamento-col-general-ignacio-zaragoza-p9968c4
rentola_rentas,Departamento en Renta,"Calle Joaquín Velázquez de León 63, San Rafael, 11370 Mexico City, Mexico",8000.0,2,0,0,127.0,30.0,San Rafael,San Rafael,19.4408653,-99.1657191,https://rentola.mx/listings/casa-en-renta-san-rafael-cuauhtemoc-cdmx-p174afc
rentola_rentas,Departamento en Renta,"Polanco, 11490 Mexico City, CMX, Mexico",13000.0,2,0,0,289.0,30.0,Polanco,11490 Mexico City,19.4519994,-99.2038879,https://rentola.mx/listings/departamento-en-renta-en-cuauhtemoc-pensil-miguel-hidalgo-ciudad-de-mexico-p0e472a
rentola_rentas,Departamento en Renta,"Avenida Mazatlán 59, Condesa, 06140 Mexico City, CMX, Mexico",65000.0,3,0,1,271.0,30.0,Condesa,Condesa,19.4148639,-99.176429,https://rentola.mx/listings/espacio-luz-y-ubicacion-privilegiada-en-mazatlan-pf65fe0
rentola_rentas,Departamento en Renta,"Camino Real a Belén, Colonia Sears Roebuck, 01120 Mexico City, CMX, Mexico",4500.0,1,0,1,500.0,30.0,No Identificada,Colonia Sears Roebuck,19.4326,-99.1332,https://rentola.mx/listings/rec-amueblada-x-observatorio-p19268e
rentola_rentas,Departamento en Renta,"Calle 11, Moctezuma 1ª. Sección, 15500 Mexico City, CMX, Mexico",4700.0,1,0,0,522.0,30.0,No Identificada,Moctezuma 1ª. Sección,19.4268264,-99.1048123,https://rentola.mx/listings/recamara-con-bano-propio-cerca-del-aicm-y-camara-de-diputados-p352673
rentola_rentas,Departamento en Renta,"Privada Rinconada de los Poetas, Unidad Habitacional Villa Panamericana, 04700 Mexico City, CMX, Mexico",6800.0,1,0,0,523.0,30.0,No Identificada,Unidad Habitacional Villa Panamericana,19.3092595,-99.1678332,https://rentola.mx/listings/habitacion-en-depa-compartido-en-el-sur-cerca-estadio-azteca-gran-sur-pc2de98
rentola_rentas,Departamento en Renta,"Calle Pomarrosa, Colonia San Bernabé, 02830 Mexico City, Mexico",7500.0,2,0,0,167.0,30.0,Colonia San Bernabé,Colonia San Bernabé,19.3090559,-99.2578633,https://rentola.mx/listings/casa-en-renta-nueva-santa-maria-azcapotzalco-pd4fa21
rentola_rentas,Departamento en Renta,"Calle Venecia, Colonia San Álvaro, 02090 Mexico City, CMX, Mexico",3000.0,1,0,0,333.0,30.0,No Identificada,Colonia San Álvaro,19.4604837,-99.1849631,https://rentola.mx/listings/cuarto-de-servicio-en-renta-azcapotzalco-planta-baja-p763d42
rentola_rentas,Departamento en Renta,"Escuela Secundaria Diurna No. 34 Eugenia León Puig, Calle Altamira 923, Colonia Miravalle, 03580 Mexico City, Mexico",5800.0,1,0,0,387.0,30.0,Colonia Miravalle,Calle Altamira 923,19.3609576,-99.1411267,https://rentola.mx/listings/departamento-col-miravalle-p12206a
rentola_rentas,Departamento en Renta,"Bar de Vinos Chidos, Calle Choapan 381, Condesa, 06100 Mexico City, Mexico",6500.0,1,0,1,325.0,30.0,Condesa,Calle Choapan 381,19.4060216,-99.1765337,https://rentola.mx/listings/condesa-centrico-seguro-solo-mujeres-pafeae2
rentola_rentas,Departamento en Renta,"Calle Cerro del Hombre, Colonia Copilco Universidad ISSSTE, 04310 Mexico City, CMX, Mexico",19000.0,2,0,0,253.0,30.0,No Identificada,Colonia Copilco Universidad ISSSTE,19.3425061,-99.1771368,https://rentola.mx/listings/departamento-col-romero-de-terreros-p896aee
rentola_rentas,Departamento en Renta,"Calle Hacienda de Xalpa, Coapa, 04960 Mexico City, Mexico",16000.0,2,0,1,200.0,30.0,Coapa,Coapa,19.317015,-99.1120701,https://rentola.mx/listings/departamento-en-renta-hacienda-xalpa-16-coapa-villa-quietud-ciudad-de-mexico-cdmx-mexico-p32722d
rentola_rentas,Departamento en Renta,"Calle Yucalpetén, Colonia Héroes de Padierna, 14200 Mexico City, Mexico",5500.0,1,0,1,100.0,30.0,Colonia Héroes De Padierna,Colonia Héroes de Padierna,19.3117877,-99.2264166,https://rentola.mx/listings/departamento-en-renta-colonia-heroes-de-padierna-tlalpan-cdmx-p9092be
rentola_rentas,Departamento en Renta,"Andador 12, Colonia Narciso Mendoza Súper Manzana 3 Villa Coapa, 14390 Mexico City, CMX, Mexico",17000.0,4,0,0,131.0,30.0,No Identificada,Colonia Narciso Mendoza Súper Manzana 3 Villa Coapa,19.2875771,-99.1253757,https://rentola.mx/listings/casa-col-narciso-mendoza-p284ecf
rentola_rentas,Departamento en Renta,"Calle Manuel María Contreras, San Rafael, 06470 Mexico City, CMX, Mexico",2500.0,1,0,0,179.0,30.0,No Identificada,San Rafael,19.438811,-99.1647936,https://rentola.mx/listings/cuarto-en-renta-san-rafael-azotea-c023-p7c389b
rentola_rentas,Departamento en Renta,"Calle San Felipe, Colonia Xoco, 03330 Mexico City, Mexico",7500.0,1,0,1,536.0,30.0,Colonia Xoco,Colonia Xoco,19.359262,-99.1633935,https://rentola.mx/listings/experimenta-el-vivir-en-un-oasis-en-el-sur-de-la-ciudad-p0bcfda
rentola_rentas,Departamento en Renta,"Avenida Ingeniero Alfredo Robles Domínguez, Colonia Vallejo La Patera, 07870 Mexico City, Mexico",7000.0,1,0,0,140.0,30.0,Colonia Vallejo La Patera,Colonia Vallejo La Patera,19.5084773,-99.1579443,https://rentola.mx/listings/departamento-en-renta-vallejo-gustavo-a-madero-p65c5a1
rentola_rentas,Departamento en Renta,"Calle Arneses, Colonia Progreso del Sur, 09810 Mexico City, Mexico",5900.0,1,0,0,246.0,30.0,Colonia Progreso Del Sur,Colonia Progreso del Sur,19.3532584,-99.1120361,https://rentola.mx/listings/departamento-col-minerva-p4cbc5d
rentola_rentas,Departamento en Renta,"Avenida Colonia del Valle, Insurgentes San Borja, 03100 Mexico City, CMX, Mexico",20000.0,3,0,0,154.0,30.0,No Identificada,Insurgentes San Borja,19.3861563,-99.1747078,https://rentola.mx/listings/una-joya-a-tu-alcance-departamento-con-toda-la-onda-de-la-condesa-y-roma-p390498
rentola_rentas,Departamento en Renta,"Calle Cerro Alfa, Coyoacán, 04310 Mexico City, CMX, Mexico",14000.0,2,0,0,255.0,30.0,Coyoacán,Coyoacán,19.3488917,-99.1629828,https://rentola.mx/listings/departamento-col-cuadrante-de-san-francisco-p9e26fe
rentola_rentas,Departamento en Renta,"Calle Veracruz 63, Condesa, 06140 Mexico City, CMX, Mexico",6000.0,2,0,0,30.0,30.0,Condesa,Condesa,19.4148639,-99.176429,https://rentola.mx/listings/penthouse-veracruz-roma-norte-pe56cc0
rentola_rentas,Departamento en Renta,"Avenida Vasco de Quiroga, El Cuernito, 01250 Mexico City, Mexico",17600.0,2,0,0,238.0,30.0,El Cuernito,El Cuernito,19.387844,-99.2149757,https://rentola.mx/listings/departamento-en-renta-camino-a-santa-fe-606-boscoso-ciudad-de-mexico-cdmx-mexico-pdc236b
rentola_rentas,Departamento en Renta,"Oxxo, Calle Cañito 39, San Diego Ocoyac, 11290 Mexico City, Mexico",12700.0,2,0,1,276.0,30.0,San Diego Ocoyac,Calle Cañito 39,19.4626642,-99.191724,https://rentola.mx/listings/departamento-en-renta-calle-canito-col-san-diego-ocoyoacac-pe91e47
rentola_rentas,Departamento en Renta,"Centro, Mexico City, Mexico",6500.0,1,0,0,310.0,30.0,Centro,Mexico City,19.4350386,-99.1403951,https://rentola.mx/listings/peru-43-depto-18-col-centro-p7a048e
rentola_rentas,Departamento en Renta,"unnamed road, Unidad Habitacional La Colmena, 09170 Mexico City, Mexico",8000.0,2,0,1,133.0,30.0,Unidad Habitacional La Colmena,Unidad Habitacional La Colmena,19.3698997,-99.0053242,https://rentola.mx/listings/departamento-en-renta-santa-martha-acatitla-iztapalapa-pdb39e9
rentola_rentas,Departamento en Renta,"Parroquia de Nuestra Señora de Fátima, Calle Teniente José Espinosa Fuentes 507, Colonia Escuadrón 201, 09060 Mexico City, CMX, Mexico",20000.0,3,0,0,100.0,30.0,No Identificada,Calle Teniente José Espinosa Fuentes 507,19.4326,-99.1332,https://rentola.mx/listings/casa-col-escuadron-201-p7825e3
rentola_rentas,Departamento en Renta,"unnamed road, Colonia Gutiérrez Nájera, 13300 Mexico City, CMX, Mexico",7900.0,2,0,1,158.0,30.0,No Identificada,Colonia Gutiérrez Nájera,19.4326,-99.1332,https://rentola.mx/listings/departamento-en-renta-pa7e45d
rentola_rentas,Departamento en Renta,"Calle Iglesia 270, San Ángel, 01090 Mexico City, Mexico",40000.0,3,0,1,276.0,30.0,San Ángel,San Ángel,19.3443673,-99.1924473,https://rentola.mx/listings/departamento-en-renta-iglesia-270-sn-angel-la-otra-banda-alvaro-obregon-ciudad-de-mexico-01090-mex-pa20584
rentola_rentas,Departamento en Renta,"Calle San León, Conjunto Buenavista, 04600 Mexico City, Mexico",22400.0,2,0,1,187.0,30.0,Conjunto Buenavista,Conjunto Buenavista,19.3058524,-99.1481486,https://rentola.mx/listings/casa-en-renta-san-leon-santa-ursula-coapa-pgal-de-santa-ursula-coapa-ciudad-de-mexico-cdmx-mexico-p40a9fc
rentola_rentas,Departamento en Renta,"Avenida Ejército Nacional Oriente 209, Verónica Anzures, 11300 Mexico City, CMX, Mexico",15000.0,1,0,0,517.0,30.0,No Identificada,Verónica Anzures,19.436183,-99.1789021,https://rentola.mx/listings/busco-roomie-para-compartir-departamento-increible-en-hares-polanco-pa6e672
rentola_rentas,Departamento en Renta,"unnamed road, Colonia Hipódromo Textil, 02100 Mexico City, Mexico",9800.0,2,0,0,159.0,30.0,Colonia Hipódromo Textil,Colonia Hipódromo Textil,19.5108795,-99.1958236,https://rentola.mx/listings/renta-de-departamento-condominio-03-croc-iii-tlalnepantla-de-baz-pa4ef42
rentola_rentas,Departamento en Renta,"Boulevard del Temoluco, Colonia Los Remedios, 07670 Mexico City, Mexico",16500.0,3,0,1,104.0,30.0,Colonia Los Remedios,Colonia Los Remedios,19.5236938,-99.1564138,https://rentola.mx/listings/departamento-en-renta-residencial-acueducto-de-guadalupe-gustavo-a-madero-pd4a6ef
rentola_rentas,Departamento en Renta,"Emiliano Zapata, Guadalupe Yecahuizotl, 13100 Mexico City, Mexico",7000.0,2,0,1,132.0,30.0,Guadalupe Yecahuizotl,Guadalupe Yecahuizotl,19.3092038,-98.9717552,https://rentola.mx/listings/departamento-en-renta-emiliano-zapata-santiago-santa-catarina-yecahuitzotl-cdmx-mexico-p70c581
rentola_rentas,Departamento en Renta,"Privada Plaza Mitla, Colonia INFONAVIT Culhuacán Zona 1, 04440 Mexico City, CMX, Mexico",13500.0,4,0,1,123.0,30.0,No Identificada,Colonia INFONAVIT Culhuacán Zona 1,19.3318758,-99.1177781,https://rentola.mx/listings/departamento-col-culhuacan-ctm-seccion-v-p91de51
rentola_rentas,Departamento en Renta,"Calle Juan de la Barrera 120, Condesa, 06140 Mexico City, Mexico",41000.0,2,0,1,594.0,30.0,Condesa,Condesa,19.4148639,-99.176429,https://rentola.mx/listings/departamento-en-renta-condesa-cuauhtemoc-cdmx-p1155d0
rentola_rentas,Departamento en Renta,"Calle Francisco Díaz Covarrubias 53, San Rafael, 06470 Mexico City, CMX, Mexico",8000.0,1,0,0,500.0,30.0,No Identificada,San Rafael,19.438811,-99.1647936,https://rentola.mx/listings/rento-habitacion-p55d27e
rentola_rentas,Departamento en Renta,"Calle Sisal, Colonia Sector 17, 14100 Mexico City, CMX, Mexico",8000.0,1,0,0,160.0,30.0,No Identificada,Colonia Sector 17,19.2785599,-99.237508,https://rentola.mx/listings/departamento-col-pedregal-de-san-nicolas-1a-seccion-pc142cb
rentola_rentas,Departamento en Renta,"Calle Odesa, Colonia Portales Sur, 03300 Mexico City, Mexico",20500.0,3,0,1,203.0,30.0,Colonia Portales Sur,Colonia Portales Sur,19.3616941,-99.1489143,https://rentola.mx/listings/departamento-col-portales-sur-p879251
rentola_rentas,Departamento en Renta,"Calle Nueva York, Del Valle, 03810 Mexico City, Mexico",17000.0,2,0,1,262.0,30.0,Del Valle,Del Valle,19.3829715,-99.1800979,https://rentola.mx/listings/departamento-en-renta-calle-nueva-york-33-b-edif-e-napoles-benito-juarez-ciudad-de-mexico-03810-mex-p7289eb
rentola_rentas,Departamento en Renta,"Calle Pedro Calderón de la Barca 71, Polanco, 11540 Mexico City, Mexico",5500.0,2,0,1,37.0,30.0,Polanco,Polanco,19.43353,-99.190915,https://rentola.mx/listings/pent-house-en-renta-150m2-amueblado-cerca-de-parque-lincoln-nuevo-p8bdafc
rentola_rentas,Departamento en Renta,"Calle Mexicali 40, Condesa, 06100 Mexico City, CMX, Mexico",50000.0,2,0,0,313.0,30.0,Condesa,Condesa,19.4148639,-99.176429,https://rentola.mx/listings/garden-house-en-renta-condesa-p17adc2
rentola_rentas,Departamento en Renta,"Calle Pomarrosa, Colonia San Bernabé, 02830 Mexico City, Mexico",6500.0,1,0,0,241.0,30.0,Colonia San Bernabé,Colonia San Bernabé,19.3090559,-99.2578633,https://rentola.mx/listings/casa-en-renta-nueva-santa-maria-azcapotzalco-p5aefdf
rentola_rentas,Departamento en Renta,"Calle Smetana, Colonia Vallejo La Patera, 07870 Mexico City, Mexico",10000.0,2,0,0,192.0,30.0,Colonia Vallejo La Patera,Colonia Vallejo La Patera,19.5084773,-99.1579443,https://rentola.mx/listings/departamento-col-vallejo-p4d4b81
rentola_rentas,Departamento en Renta,"Iztapalapa, Mexico City, Mexico",4500.0,1,0,1,346.0,30.0,Iztapalapa,Mexico City,19.3557513,-99.1126107,https://rentola.mx/listings/recamara-con-bano-propio-a-unos-pasos-del-metro-culhuacan-p0f2d66
rentola_rentas,Departamento en Renta,"unnamed road, Barrio Nextengo, 02070 Mexico City, CMX, Mexico",15000.0,3,0,1,183.0,30.0,No Identificada,Barrio Nextengo,19.4326,-99.1332,https://rentola.mx/listings/se-renta-departamento-en-av-centenario-p2f6169
rentola_rentas,Departamento en Renta,"El Rey De Los Mariscos, Avenida Chapultepec 464, Condesa, 06700 Mexico City, Mexico",9800.0,1,0,0,544.0,30.0,Condesa,Avenida Chapultepec 464,19.4214899,-99.1708423,https://rentola.mx/listings/departamento-col-roma-norte-p6f0104
rentola_rentas,Departamento en Renta,"Calle Lago Cuitzeo 46, Anahuác 2ª Sección, 11320 Mexico City, CMX, Mexico",5500.0,1,0,0,324.0,30.0,No Identificada,Anahuác 2ª Sección,19.4389504,-99.1721825,https://rentola.mx/listings/se-busca-roomie-p71e865
rentola_rentas,Departamento en Renta,"Cerrada de la Romería, Presidentes, 01450 Mexico City, Mexico",4800.0,1,0,0,320.0,30.0,Presidentes,Presidentes,19.3784776,-99.2211716,https://rentola.mx/listings/busco-roomie-a-15-minutos-de-mixcoac-o-barranca-del-muerto-pff72f9
rentola_rentas,Departamento en Renta,"Embassy of France, Avenida Campos Elíseos 339, Polanco, 11560 Mexico City, CMX, Mexico",10000.0,3,0,1,25.0,30.0,Polanco,Avenida Campos Elíseos 339,19.4281658,-99.1995371,https://rentola.mx/listings/departamento-ph-en-renta-torre-nivada-polanco-pf68095
rentola_rentas,Departamento en Renta,"Calle Espuelas 32, Colonia Ampliación Piloto Adolfo López Mateos, 01430 Mexico City, Mexico",4800.0,1,0,0,27.0,30.0,Colonia Ampliación Piloto Adolfo López Mateos,Colonia Ampliación Piloto Adolfo López Mateos,19.3675941,-99.2341251,https://rentola.mx/listings/se-renta-cuarto-en-colina-del-sur-p90677a
rentola_rentas,Departamento en Renta,"Calle Xaltocan, Colonia Belén, 16070 Mexico City, Mexico",25000.0,3,0,0,98.0,30.0,Colonia Belén,Colonia Belén,19.259634,-99.1086062,https://rentola.mx/listings/casa-en-renta-calle-xaltocan-xaltocan-xochimilco-ciudad-de-mexico-16090-mex-p6a90d7
rentola_rentas,Departamento en Renta,"Cafeleería, Calzada Taxqueña 1832-B, Colonia San Francisco Culhuacán, 04260 Mexico City, Mexico",6000.0,1,0,1,100.0,30.0,Colonia San Francisco Culhuacán,Calzada Taxqueña 1832-B,19.3374898,-99.1214969,https://rentola.mx/listings/departamento-en-renta-paseos-de-taxquena-coyoacan-cdmx-pc89907
rentola_rentas,Departamento en Renta,"Calzada de Tlalpan, Colonia Belisario Domínguez Sección XVI, 14080 Mexico City, Mexico",4200.0,1,0,0,350.0,30.0,Tlalpan,Colonia Belisario Domínguez Sección XVI,19.2905898,-99.1564502,https://rentola.mx/listings/departamento-en-renta-calzada-de-tlalpan-5031-tlalpan-centro-ii-ciudad-de-mexico-cdmx-mexico-pc446d8
rentola_rentas,Departamento en Renta,"Jardín de Niños Eva Sámano de López Mateos, Guerrero, San Simón Tolnáhuac, 06920 Mexico City, Mexico",11000.0,2,0,1,324.0,30.0,San Simón Tolnáhuac,Guerrero,19.4449101,-99.1451728,https://rentola.mx/listings/departamento-renta-en-unidad-habitacional-tlatelolco-p14ec15
rentola_rentas,Departamento en Renta,"unnamed road, Colonia Lomas Estrella, 09890 Mexico City, Mexico",12500.0,3,0,1,125.0,30.0,Colonia Lomas Estrella,Colonia Lomas Estrella,19.3164162,-99.0914102,https://rentola.mx/listings/casa-en-renta-lomas-estrella-iztapalapa-p4f6f59
rentola_rentas,Departamento en Renta,"Calle San Felipe, Colonia Xoco, 03330 Mexico City, Mexico",34000.0,3,0,1,410.0,30.0,Colonia Xoco,Colonia Xoco,19.359262,-99.1633935,https://rentola.mx/listings/departamento-en-renta-city-towers-grand-avenida-popocatepetl-xoco-ciudad-de-mexico-cdmx-mexico-pf0c02f
rentola_rentas,Departamento en Renta,"Calle Porto Alegre, Colonia Chilero II, 09440 Mexico City, Mexico",13900.0,2,0,1,164.0,30.0,Colonia Chilero Ii,Colonia Chilero II,19.3752379,-99.1257252,https://rentola.mx/listings/casa-en-renta-calle-porto-alegre-el-retooo-iztapalapa-ciudad-de-mexico-09440-mex-pff158b
rentola_rentas,Departamento en Renta,"Calle Pedro Calderón de la Barca 71, Polanco, 11540 Mexico City, Mexico",5500.0,1,0,1,423.0,30.0,Polanco,Polanco,19.43353,-99.190915,https://rentola.mx/listings/pent-house-en-renta-150m2-amueblado-cerca-de-parque-lincoln-nuevo-pcc962c
rentola_rentas,Departamento en Renta,"Napoleón 23, Narvarte, 03510 Mexico City, CMX, Mexico",15000.0,2,0,1,231.0,30.0,No Identificada,Narvarte,19.4326,-99.1332,https://rentola.mx/listings/departamento-col-moderna-p229dcb
rentola_rentas,Departamento en Renta,"Calle Oriente 65 A, Asturias, 06850 Mexico City, CMX, Mexico",3800.0,1,0,0,317.0,30.0,No Identificada,Asturias,19.4066341,-99.1311809,https://rentola.mx/listings/habitacion-individual-para-dama-pc96fa9
rentola_rentas,Departamento en Renta,"El Botanero, Calle Lucas Alamán 44bis, Obrera, 06800 Mexico City, CMX, Mexico",6800.0,1,0,1,324.0,30.0,No Identificada,Calle Lucas Alamán 44bis,19.4326,-99.1332,https://rentola.mx/listings/habitacion-amueblada-con-todos-los-servicios-rommie-pe79dca
rentola_rentas,Departamento en Renta,"Avenida Presidente Plutarco Elías Calles, Colonia Zacahuitzco, 09440 Mexico City, CMX, Mexico",10500.0,2,0,0,244.0,30.0,No Identificada,Colonia Zacahuitzco,19.3721312,-99.1365071,https://rentola.mx/listings/departamento-col-zacahuitzco-p5f7b4e
rentola_rentas,Departamento en Renta,"Calle Conkal 442, Colonia Torres de Padierna, 14209 Mexico City, Mexico",12500.0,2,0,1,104.0,30.0,Colonia Torres De Padierna,Colonia Torres de Padierna,19.2935296,-99.2271517,https://rentola.mx/listings/casa-en-condominio-en-renta-calle-conkal-347-347-pedregal-de-san-nicolas-cuarta-seccion-tlalpan-ciudad-de-mexico-14100-mex-pa62631
rentola_rentas,Departamento en Renta,"Calle Iztaccihuatl 17, Condesa, 06760 Mexico City, Mexico",37000.0,2,0,1,529.0,30.0,Condesa,Condesa,19.4148639,-99.176429,https://rentola.mx/listings/departamento-en-renta-hipodromo-condesa-cuauhtemoc-cdmx-pe7ee24
rentola_rentas,Departamento en Renta,"Calle Bahía de Pescadores 11, Verónica Anzures, 11300 Mexico City, CMX, Mexico",9900.0,1,0,0,319.0,30.0,No Identificada,Verónica Anzures,19.436183,-99.1789021,https://rentola.mx/listings/anzures-rento-recamara-amueblada-p72271f
rentola_rentas,Departamento en Renta,"Calle Mariano Abasolo, Colonia Maestros de Iztacalco, 08800 Mexico City, CMX, Mexico",7500.0,1,0,0,167.0,30.0,Iztacalco,Colonia Maestros de Iztacalco,19.388923,-99.12368,https://rentola.mx/listings/departamento-col-santiago-p50cee3
rentola_rentas,Departamento en Renta,"Escuela Primaria General Lázaro Cárdenas, Calle Club América, Colonia Villa Lázaro Cárdenas, 14370 Mexico City, CMX, Mexico",4900.0,1,0,0,327.0,30.0,No Identificada,Calle Club América,19.4326,-99.1332,https://rentola.mx/listings/confortable-habitacion-tlalpan-coyoacan-p93dc24
rentola_rentas,Departamento en Renta,"Avenida Ejército Nacional Mexicano, Polanco, 11560 Mexico City, CMX, Mexico",9300.0,1,0,0,547.0,30.0,Polanco,Polanco,19.43353,-99.190915,https://rentola.mx/listings/se-renta-habitacion-en-ejercito-nacional-p70258e
rentola_rentas,Departamento en Renta,"unnamed road, Las Águilas, 01759 Mexico City, Mexico",12000.0,4,0,1,324.0,30.0,Las Águilas,Las Águilas,19.3580045,-99.2031498,https://rentola.mx/listings/casa-en-renta-san-angel-inn-alvaro-obregon-cdmx-pc33315
rentola_rentas,Departamento en Renta,"San Ángel by Agatha, Avenida Insurgentes Sur 2239, San Ángel, 01090 Mexico City, Mexico",29000.0,3,0,1,191.0,30.0,San Ángel,Avenida Insurgentes Sur 2239,19.3424017,-99.189798,https://rentola.mx/listings/departamento-en-renta-avenida-insurgentes-sur-2239-tizapan-san-angel-san-angel-ciudad-de-mexico-cdmx-mexico-pb8df11
rentola_rentas,Departamento en Renta,"Calle Veracruz 93, Condesa, 06140 Mexico City, Mexico",23000.0,1,0,1,575.0,30.0,Condesa,Condesa,19.4148639,-99.176429,https://rentola.mx/listings/departamento-en-renta-avenida-veracruz-93-condesa-cuauhtemoc-ciudad-de-mexico-06140-mex-p4902c0
rentola_rentas,Departamento en Renta,"Calle Veracruz 151, San Ángel, 01080 Mexico City, Mexico",21000.0,2,0,1,296.0,30.0,San Ángel,San Ángel,19.3443673,-99.1924473,https://rentola.mx/listings/departamento-en-renta-veracruz-151-lomas-de-san-angel-inn-ciudad-de-mexico-cdmx-mexico-p76d1eb
rentola_rentas,Departamento en Renta,"unnamed road, Colonia Copilco IV, 04369 Mexico City, CMX, Mexico",5000.0,1,0,0,417.0,30.0,No Identificada,Colonia Copilco IV,19.4326,-99.1332,https://rentola.mx/listings/departamento-col-pedregal-de-santo-domingo-p7c8a66
rentola_rentas,Departamento en Renta,"Calle Río Atoyac, Cuauhtémoc, 06500 Mexico City, Mexico",5500.0,1,0,1,71.0,30.0,Cuauhtémoc,Cuauhtémoc,19.4326296,-99.1331785,https://rentola.mx/listings/en-renta-ritz-carlton-branded-residence-no-4802-pd879e8
rentola_rentas,Departamento en Renta,"Avenida Ricardo Flores Magón, Guerrero, 06900 Mexico City, Mexico",5300.0,1,0,0,133.0,30.0,Guerrero,Guerrero,19.4449101,-99.1451728,https://rentola.mx/listings/casa-en-renta-nonoalco-tlatelolco-cuauhtemoc-cdmx-pb557f7
rentola_rentas,Departamento en Renta,"Avenida Cerro de las Torres, Colonia Campestre Churubusco, 04200 Mexico City, Mexico",10700.0,1,0,0,255.0,30.0,Colonia Campestre Churubusco,Colonia Campestre Churubusco,19.3438023,-99.1421551,https://rentola.mx/listings/departamento-en-renta-avenida-cerro-de-las-torres-302-306-campestre-churubusco-coyoacan-ciudad-de-mexico-04200-mex-p4a365e
rentola_rentas,Departamento en Renta,"Prolongación Santa Tecla, Colonia Copilco III, 04330 Mexico City, Mexico",16600.0,2,0,1,175.0,30.0,Colonia Copilco Iii,Colonia Copilco III,19.3418563,-99.1541876,https://rentola.mx/listings/departamento-en-renta-pde69c0
rentola_rentas,Departamento en Renta,"Condesa, 06140 Mexico City, Mexico",47500.0,2,0,1,297.0,30.0,Condesa,06140 Mexico City,19.4127475,-99.1700182,https://rentola.mx/listings/departamento-en-renta-en-condesa-cuauhtemoc-ciudad-de-mexico-p2b1fcc
rentola_rentas,Departamento en Renta,"Calle Chabacano, Colonia La Palma, 14476 Mexico City, Mexico",5000.0,1,0,0,100.0,30.0,Colonia La Palma,Colonia La Palma,19.4315917,-99.135338,https://rentola.mx/listings/departamento-en-renta-viveros-coatectlan-tlalpan-cdmx-p841536
rentola_rentas,Departamento en Renta,"Paseo de las Bugambilias, Colonia Paraje 38, 14275 Mexico City, Mexico",15000.0,2,0,1,195.0,30.0,Colonia Paraje 38,Colonia Paraje 38,19.2656408,-99.2104835,https://rentola.mx/listings/departamento-en-renta-amueblado-en-tlalpan-zona-picacho-ajusco-p046644
rentola_rentas,Departamento en Renta,"Privada Cuauhtémoc, Colonia Santa María Tepepan, 16020 Mexico City, CMX, Mexico",15500.0,2,0,1,111.0,30.0,Cuauhtémoc,Colonia Santa María Tepepan,19.4326296,-99.1331785,https://rentola.mx/listings/casa-col-santa-maria-tepepan-pc46618
rentola_rentas,Departamento en Renta,"unnamed road, Unidad Cuitláhuac, 02540 Mexico City, Mexico",11000.0,2,0,1,322.0,30.0,Tláhuac,Unidad Cuitláhuac,19.2703914,-99.0047499,https://rentola.mx/listings/departamento-en-renta-nueva-santa-maria-azcapotzalco-p260e98
rentola_rentas,Departamento en Renta,"unnamed road, Colonia Azcapotzalco 2000, 02420 Mexico City, Mexico",12500.0,3,0,1,187.0,30.0,Azcapotzalco,Colonia Azcapotzalco 2000,19.4967777,-99.2055678,https://rentola.mx/listings/departamento-en-renta-avenida-manuel-salazar-230-ex-el-rosario-azcapotzalco-ciudad-de-mexico-02420-mex-p05aa46
rentola_rentas,Departamento en Renta,"Cerrada San Miguel, Xalapa, 05710 Mexico City, Mexico",5800.0,1,0,0,161.0,30.0,Xalapa,Xalapa,19.3173272,-99.3253508,https://rentola.mx/listings/habitacion-amueblada-en-renta-con-servicios-incluidos-en-xalpa-cuajimalpa-p745382
rentola_rentas,Departamento en Renta,"Calle Saltillo 19, Condesa, 06100 Mexico City, CMX, Mexico",9000.0,1,0,0,529.0,30.0,Condesa,Condesa,19.4148639,-99.176429,https://rentola.mx/listings/saltillo-15-condesa-ubicadisimo-pca5065
rentola_rentas,Departamento en Renta,"Calle Central, Coapa, 04800 Mexico City, CMX, Mexico",16000.0,3,0,1,160.0,30.0,No Identificada,Coapa,19.3079445,-99.1267548,https://rentola.mx/listings/departamento-col-alianza-popular-revolucionaria-paafd9c
rentola_rentas,Departamento en Renta,"Calle Toscanos, Presidentes, 01160 Mexico City, Mexico",7000.0,2,0,0,175.0,30.0,Presidentes,Presidentes,19.3784776,-99.2211716,https://rentola.mx/listings/departamento-col-maria-g-de-garcia-ruiz-p8397d5
rentola_rentas,Departamento en Renta,"Missink Laser Tattoo Removal Studio, Avenida Miguel Ángel de Quevedo 542, Coyoacán, 04020 Mexico City, Mexico",14800.0,1,0,0,370.0,30.0,Coyoacán,Avenida Miguel Ángel de Quevedo 542,19.3453476,-99.1682695,https://rentola.mx/listings/departamento-en-renta-avenida-miguel-angel-de-quevedo-544-santa-catarina-ciudad-de-mexico-cdmx-mexico-pe9033d
rentola_rentas,Departamento en Renta,"Calle Centenario 12, Colonia San Simón Ticumac, 03660 Mexico City, Mexico",22500.0,3,0,1,142.0,30.0,Colonia San Simón Ticumac,Colonia San Simón Ticumac,19.3791463,-99.1393221,https://rentola.mx/listings/casa-en-condominio-en-renta-centenario-29-san-simon-03660-ciudad-de-mexico-cdmx-mexico-p258789
rentola_rentas,Departamento en Renta,"Cerrada Segunda Zampapano, Colonia San Agustín, 01700 Mexico City, Mexico",45000.0,3,0,0,129.0,30.0,Colonia San Agustín,Colonia San Agustín,19.1915128,-99.0073711,https://rentola.mx/listings/casa-en-renta-tetelpan-alvaro-obregon-cdmx-p8ed66d
rentola_rentas,Departamento en Renta,"Calle San Borja 713, Del Valle, 03100 Mexico City, Mexico",31500.0,2,0,1,342.0,30.0,Del Valle,Del Valle,19.3829715,-99.1800979,https://rentola.mx/listings/departamento-en-renta-del-valle-centro-benito-juarez-cdmx-pc26921
rentola_rentas,Departamento en Renta,"San Martín Xochináhuac, 02120 Mexico City, CMX, Mexico",9500.0,2,0,0,164.0,30.0,No Identificada,02120 Mexico City,19.4988067,-99.1921922,https://rentola.mx/listings/departamento-en-renta-en-san-martin-xochinahuac-azcapotzalco-ciudad-de-mexico-pa3824f
rentola_rentas,Departamento en Renta,"Calle Alfredo de Musset, Polanco, 11540 Mexico City, CMX, Mexico",22500.0,4,0,1,40.0,30.0,Polanco,Polanco,19.43353,-99.190915,https://rentola.mx/listings/casa-californiana-en-polanco-p9c3941
rentola_rentas,Departamento en Renta,"Calle José Joaquín Pesado, Obrera, 06800 Mexico City, CMX, Mexico",9500.0,1,0,0,317.0,30.0,No Identificada,Obrera,19.4122496,-99.1361221,https://rentola.mx/listings/departamento-col-vista-alegre-p45e9a5
rentola_rentas,Departamento en Renta,"Paseo de los Laureles, Bosques de las Lomas, 05119 Mexico City, Mexico",5500.0,1,0,1,306.0,30.0,Bosques De Las Lomas,Bosques de las Lomas,19.388056,-99.2512769,https://rentola.mx/listings/casa-en-renta-bosques-de-las-lomas-cuajimalpa-de-morelos-pd5f9d5
rentola_rentas,Departamento en Renta,"unnamed road, Colonia La Viga, 09400 Mexico City, CMX, Mexico",11000.0,2,0,1,157.0,30.0,No Identificada,Colonia La Viga,19.4326,-99.1332,https://rentola.mx/listings/funcional-departamento-en-la-viga-colonia-asturias-p013c5c
rentola_rentas,Departamento en Renta,"Avenida Lázaro Cárdenas, Narvarte, 03400 Mexico City, Mexico",11000.0,1,0,1,275.0,30.0,Narvarte,Narvarte,19.391616,-99.1513127,https://rentola.mx/listings/departamento-en-renta-en-narvarte-oriente-benito-juarez-cdmx-p1e5362
rentola_rentas,Departamento en Renta,"Calle Graciano Sánchez, Coapa, 04480 Mexico City, Mexico",13500.0,2,0,0,270.0,30.0,Coapa,Coapa,19.317015,-99.1120701,https://rentola.mx/listings/departamento-en-renta-presidentes-ejidales-pd6af72
rentola_rentas,Departamento en Renta,"Calle Libertad, Colonia San Álvaro, 02090 Mexico City, CMX, Mexico",4800.0,1,0,0,300.0,30.0,No Identificada,Colonia San Álvaro,19.4604837,-99.1849631,https://rentola.mx/listings/hospedaje-para-mujeres-pd8e9e3
rentola_rentas,Departamento en Renta,"Lomas de Chapultepec, 11000 Mexico City, CMX, Mexico",31700.0,3,0,1,285.0,30.0,No Identificada,11000 Mexico City,19.4210896,-99.2184637,https://rentola.mx/listings/en-renta-casa-en-lomas-de-chapultepec-p443406
rentola_rentas,Departamento en Renta,"Calle Dolores Jiménez y Muro, Periodista, 11220 Mexico City, CMX, Mexico",7500.0,1,0,0,214.0,30.0,No Identificada,Periodista,19.4476276,-99.2186143,https://rentola.mx/listings/casa-col-periodista-p0ac6e0
rentola_rentas,Departamento en Renta,"Calle Balboa, Colonia Portales Sur, 03300 Mexico City, Mexico",9100.0,1,0,0,314.0,30.0,Colonia Portales Sur,Colonia Portales Sur,19.3616941,-99.1489143,https://rentola.mx/listings/departamento-en-renta-calle-balboa-1002-portales-sur-benito-juarez-ciudad-de-mexico-03300-mex-p2d9103
rentola_rentas,Departamento en Renta,"Calzada General Mariano Escobedo, Polanco, 11320 Mexico City, Mexico",37000.0,2,0,1,381.0,30.0,Polanco,Polanco,19.43353,-99.190915,https://rentola.mx/listings/departamento-en-renta-calzada-general-mariano-escobedo-300-anahuac-i-seccion-ciudad-de-mexico-cdmx-mexico-p698ebd
rentola_rentas,Departamento en Renta,"Calle Hortensia 108, San Ángel, 01030 Mexico City, CMX, Mexico",14200.0,1,0,1,316.0,30.0,No Identificada,San Ángel,19.4326,-99.1332,https://rentola.mx/listings/departamento-tipo-loft-florida-pb76cf2
rentola_rentas,Departamento en Renta,"Avenida del Taller, Lorenzo Boturini, 15830 Mexico City, Mexico",12500.0,2,0,1,171.0,30.0,Lorenzo Boturini,Lorenzo Boturini,19.4173402,-99.1267799,https://rentola.mx/listings/departamento-col-lorenzo-boturini-p153347
rentola_rentas,Departamento en Renta,"Calle Piñanona 59, Colonia Lomas de Belvedere, 14248 Mexico City, Mexico",12000.0,3,0,1,150.0,30.0,Colonia Lomas De Belvedere,Colonia Lomas de Belvedere,19.2935296,-99.2271517,https://rentola.mx/listings/departamento-en-renta-pinanona-miguel-hidalgo-4ta-seccion-ciudad-de-mexico-cdmx-mexico-pae9613
rentola_rentas,Departamento en Renta,"Calle Colima 288, Condesa, 06700 Mexico City, CMX, Mexico",13800.0,1,0,1,406.0,30.0,Condesa,Condesa,19.4148639,-99.176429,https://rentola.mx/listings/roma-norte-bano-privado-estacionamiento-pbc8226
rentola_rentas,Departamento en Renta,"La Quemada, Narvarte, 06780 Mexico City, Mexico",17000.0,2,0,0,213.0,30.0,Narvarte,Narvarte,19.391616,-99.1513127,https://rentola.mx/listings/departamento-col-narvarte-oriente-p2892b3
rentola_rentas,Departamento en Renta,"Andador 68, Colonia Narciso Mendoza Súper Manzana 6 Villa Coapa, 14390 Mexico City, CMX, Mexico",25500.0,3,0,0,196.0,30.0,No Identificada,Colonia Narciso Mendoza Súper Manzana 6 Villa Coapa,19.2916656,-99.1210992,https://rentola.mx/listings/casa-en-renta-colonia-narciso-mendoza-villa-coapa-tlalpan-ciudad-de-mexico-pb19ee6
rentola_rentas,Departamento en Renta,"Bruselas 109, Calle Bruselas 109, Coyoacán, 04100 Mexico City, Mexico",12700.0,1,0,0,508.0,30.0,Coyoacán,Calle Bruselas 109,19.3571555,-99.1690216,https://rentola.mx/listings/coyoacan-departamento-en-renta-tipo-loft-pdb6c9c
rentola_rentas,Departamento en Renta,"Avenida 20 de Noviembre, Colonia La Enramada, 16030 Mexico City, Mexico",13500.0,2,0,1,135.0,30.0,Colonia La Enramada,Colonia La Enramada,19.2655438,-99.1227205,https://rentola.mx/listings/casa-en-renta-ampliacion-san-marcos-norte-xochimilco-p2b9cf2
rentola_rentas,Departamento en Renta,"Calle Sabino 66, Santa María la Ribera, 06400 Mexico City, Mexico",21600.0,2,0,1,309.0,30.0,Santa María La Ribera,Santa María la Ribera,19.4484703,-99.1583506,https://rentola.mx/listings/departamento-en-renta-calle-sabino-74-santa-maria-la-ribera-ciudad-de-mexico-cdmx-mexico-pd3260c
rentola_rentas,Departamento en Renta,"Calle Bakkola, Colonia Ampliación Tepepan, 16029 Mexico City, CMX, Mexico",8000.0,1,0,0,133.0,30.0,No Identificada,Colonia Ampliación Tepepan,19.2652606,-99.1308549,https://rentola.mx/listings/casa-en-condominio-col-ampliacion-tepepan-p42b166
rentola_rentas,Departamento en Renta,"Calle Lorenzo Rodríguez, Colonia San José Insurgentes, 03900 Mexico City, Mexico",30000.0,2,0,1,366.0,30.0,Colonia San José Insurgentes,Colonia San José Insurgentes,19.3651901,-99.1879687,https://rentola.mx/listings/departamento-en-renta-direccion-general-de-educacion-tecnologica-agropecuaria-san-jose-insurgentes-benito-juarez-ciudad-de-me-p14eb76
rentola_rentas,Departamento en Renta,"Calle Los Volcanes, Unidad Habitacional Villa Panamericana, 04700 Mexico City, CMX, Mexico",12500.0,2,0,1,236.0,30.0,No Identificada,Unidad Habitacional Villa Panamericana,19.3092595,-99.1678332,https://rentola.mx/listings/departamento-col-villa-panamericana-pd7b2c0
rentola_rentas,Departamento en Renta,"Calle Juan Sordo Madaleno, Santa Fe, 05348 Mexico City, Mexico",8800.0,1,0,0,236.0,30.0,Santa Fe,Santa Fe,19.379995,-99.2464933,https://rentola.mx/listings/habitacion-en-avenida-santa-fe-pf054bc
rentola_rentas,Departamento en Renta,"Calle Aniceto Ortega, Del Valle, 03104 Mexico City, CMX, Mexico",11500.0,1,0,1,288.0,30.0,No Identificada,Del Valle,19.386333,-99.1750493,https://rentola.mx/listings/departamento-col-del-valle-sur-pb01617
rentola_rentas,Departamento en Renta,"Calle Conkal 442, Colonia Torres de Padierna, 14209 Mexico City, Mexico",12500.0,2,0,1,104.0,30.0,Colonia Torres De Padierna,Colonia Torres de Padierna,19.2935296,-99.2271517,https://rentola.mx/listings/casa-en-condominio-en-renta-conkal-144-pedregal-de-san-nicolas-4ta-seccion-ciudad-de-mexico-cdmx-mexico-pddf5aa
rentola_rentas,Departamento en Renta,"Cerrada 5 de Mayo, Colonia San Juan Tepepan, 16020 Mexico City, Mexico",40000.0,3,0,0,125.0,30.0,Colonia San Juan Tepepan,Colonia San Juan Tepepan,19.2810876,-99.1378983,https://rentola.mx/listings/casa-en-renta-cerrada-5-de-mayo-1-83-santa-maria-tepepan-xochimilco-ciudad-de-mexico-16020-mex-p94e16c
rentola_rentas,Departamento en Renta,"Calle Paseo del Río 258, Colonia Magdalena Culhuacán, 04260 Mexico City, Mexico",12500.0,2,0,0,192.0,30.0,Colonia Magdalena Culhuacán,Colonia Magdalena Culhuacán,19.3432881,-99.1180564,https://rentola.mx/listings/departamento-en-renta-paseos-de-taxquena-coyoacan-cdmx-pa37930
rentola_rentas,Departamento en Renta,"Calle La Morena 305, Benito Juárez, 03000 Mexico City, Mexico",12000.0,2,0,0,109.0,30.0,Benito Juárez,Benito Juárez,19.3630898,-99.1527744,https://rentola.mx/listings/casa-en-renta-narvarte-poniente-benito-juarez-cdmx-p83b8a6
rentola_rentas,Departamento en Renta,"Avenida de las Torres, Olivar de los Padres, 01770 Mexico City, Mexico",23500.0,2,0,1,276.0,30.0,Olivar De Los Padres,Olivar de los Padres,19.3375801,-99.2448956,https://rentola.mx/listings/departamento-en-renta-citta-san-jeronimo-avenida-de-las-torres-san-jose-del-olivar-torres-de-potrero-ciudad-de-mexico-cdmx-p3fd66b
rentola_rentas,Departamento en Renta,"Andador 28, Colonia Narciso Mendoza Súper Manzana 2 Villa Coapa, 14390 Mexico City, CMX, Mexico",15000.0,4,0,0,136.0,30.0,No Identificada,Colonia Narciso Mendoza Súper Manzana 2 Villa Coapa,19.2901877,-99.1283934,https://rentola.mx/listings/casa-en-condominio-col-villa-coapa-pb938ca
rentola_rentas,Departamento en Renta,"Avenida Ricardo Flores Magón, Nonoalco Tlatelolco, 06450 Mexico City, Mexico",5000.0,1,0,0,417.0,30.0,Nonoalco Tlatelolco,Nonoalco Tlatelolco,19.4399375,-99.1468969,https://rentola.mx/listings/renta-de-habitaciones-en-1era-seccion-de-tlatelolco-p300bf2
rentola_rentas,Departamento en Renta,"Calle Sur 8 B, Iztacalco, 08510 Mexico City, Mexico",6200.0,1,0,0,113.0,30.0,Iztacalco,Iztacalco,19.3880913,-99.1120396,https://rentola.mx/listings/departamento-col-agricola-oriental-p3fc94d
rentola_rentas,Departamento en Renta,"Farmacias Especializadas, Avenida División del Norte, Coyoacán, 04040 Mexico City, Mexico",31000.0,3,0,1,103.0,30.0,Coyoacán,Avenida División del Norte,19.3408056,-99.1482306,https://rentola.mx/listings/casa-en-renta-parque-san-andres-coyoacan-cdmx-pd36732
rentola_rentas,Departamento en Renta,"Prolongación Paseo de la Reforma, Santa Fe Cuajimalpa, 04349 Mexico City, Mexico",60000.0,3,0,0,347.0,30.0,Cuajimalpa de Morelos,Santa Fe Cuajimalpa,19.3581682,-99.272261,https://rentola.mx/listings/departamento-en-av-santa-fe-3-cuartos-torre-300-p5d2af7
rentola_rentas,Departamento en Renta,"Calle Cuauhtémoc 31, Coyoacán, 04100 Mexico City, Mexico",8500.0,1,0,0,425.0,30.0,Coyoacán,Coyoacán,19.3488917,-99.1629828,https://rentola.mx/listings/departamento-col-del-carmen-pe72c06
rentola_rentas,Departamento en Renta,"Calle Espuelas 32, Colonia Ampliación Piloto Adolfo López Mateos, 01430 Mexico City, Mexico",4800.0,1,0,0,240.0,30.0,Colonia Ampliación Piloto Adolfo López Mateos,Colonia Ampliación Piloto Adolfo López Mateos,19.3675941,-99.2341251,https://rentola.mx/listings/se-renta-cuarto-en-colina-del-sur-p6e7b83
rentola_rentas,Departamento en Renta,"Calle Hacienda Coyotepec, Colonia Potrero Acoxpa, 14358 Mexico City, Mexico",43000.0,4,0,0,205.0,30.0,Colonia Potrero Acoxpa,Colonia Potrero Acoxpa,19.2986877,-99.1408879,https://rentola.mx/listings/casa-col-prado-coapa-3a-seccion-p22b5b8
rentola_rentas,Departamento en Renta,"Avenida Lázaro Cárdenas, Roma, 06800 Mexico City, Mexico",13700.0,2,0,1,285.0,30.0,Roma,Roma,19.4246141,-99.1520014,https://rentola.mx/listings/departamento-en-renta-zona-centro-cuauhtemoc-cdmx-pb33482
rentola_rentas,Departamento en Renta,"Calle Los Colorines, Colonia Ampliación La Candelaria, 04309 Mexico City, Mexico",5200.0,1,0,0,400.0,30.0,Colonia Ampliación La Candelaria,Colonia Ampliación La Candelaria,19.3288696,-99.1488777,https://rentola.mx/listings/rento-bonita-habitacion-en-coyoacan-p0a32fd
rentola_rentas,Departamento en Renta,"Escada, Avenida Presidente Masaryk 420 A, Polanco, 11560 Mexico City, CMX, Mexico",6000.0,3,0,1,20.0,30.0,Polanco,Avenida Presidente Masaryk 420 A,19.4317492,-99.1993933,https://rentola.mx/listings/depa-en-renta-en-calle-masaryk-polanco-p1748bd
rentola_rentas,Departamento en Renta,"Calle Oriente 11, Colonia Cantera Puente de Piedra, 14030 Mexico City, CMX, Mexico",5000.0,1,0,0,250.0,30.0,No Identificada,Colonia Cantera Puente de Piedra,19.3003065,-99.1679105,https://rentola.mx/listings/habitacion-en-renta-en-isidro-fabela-tlalpan-cdmx-p74312d
rentola_rentas,Departamento en Renta,"Calle Ejido San Antonio, Ejido Culhuacán, 04440 Mexico City, Mexico",16000.0,4,0,0,53.0,30.0,Ejido Culhuacán,Ejido Culhuacán,19.330595,-99.1271729,https://rentola.mx/listings/departamento-col-ex-ejido-de-san-francisco-culhuacan-pa6645f
rentola_rentas,Departamento en Renta,"Camino Rojo 4ta, Unidad Habitacional Villa Panamericana, 04700 Mexico City, CMX, Mexico",4600.0,1,0,0,511.0,30.0,No Identificada,Unidad Habitacional Villa Panamericana,19.3092595,-99.1678332,https://rentola.mx/listings/cuarto-sin-amueblar-en-rinconada-las-monedas-p452369
rentola_rentas,Departamento en Renta,"Calle Solòn, Polanco, 11530 Mexico City, CMX, Mexico",60000.0,2,0,0,500.0,30.0,Polanco,Polanco,19.43353,-99.190915,https://rentola.mx/listings/moderno-ph-con-terraza-en-polanco-p6cc154
rentola_rentas,Departamento en Renta,"Calle Continental, Colonia Tepeyac Insurgentes, 07020 Mexico City, Mexico",4500.0,1,0,0,321.0,30.0,Colonia Tepeyac Insurgentes,Colonia Tepeyac Insurgentes,19.4848583,-99.1178571,https://rentola.mx/listings/renta-de-cuarto-con-bano-pe1bbd1
rentola_rentas,Departamento en Renta,"Calle Vicente Suárez 24, Condesa, 06100 Mexico City, Mexico",23000.0,1,0,1,460.0,30.0,Condesa,Condesa,19.4148639,-99.176429,https://rentola.mx/listings/departamento-en-renta-av-vicente-suarez-24-hipodromo-ciudad-de-mexico-cdmx-mexico-p0c2689
rentola_rentas,Departamento en Renta,"Calle Juan Aldama, Ex Hipódromo de Peralvillo, 06250 Mexico City, CMX, Mexico",10000.0,2,0,0,208.0,30.0,No Identificada,Ex Hipódromo de Peralvillo,19.4567353,-99.1345162,https://rentola.mx/listings/departamento-col-nonoalco-tlatelolco-p4c81da
rentola_rentas,Departamento en Renta,"Calle Sierra Gamón 116, Lomas de Chapultepec, 11000 Mexico City, CMX, Mexico",6000.0,2,0,1,28.0,30.0,No Identificada,Lomas de Chapultepec,19.4306822,-99.2118,https://rentola.mx/listings/departamento-en-renta-palmas-park-amueblado-pf74f3e
rentola_rentas,Departamento en Renta,"Calle Ejido La Candelaria, Colonia Ampliación San Francisco Culhuacán, 04420 Mexico City, CMX, Mexico",18800.0,2,0,1,157.0,30.0,No Identificada,Colonia Ampliación San Francisco Culhuacán,19.3316473,-99.12479,https://rentola.mx/listings/casa-en-renta-en-col-ex-ejido-de-san-francisco-coyoacan-cdmx-p928ddd
rentola_rentas,Departamento en Renta,"Calle Monte Líbano, Lomas de Chapultepec, 11000 Mexico City, CMX, Mexico",16000.0,3,0,0,327.0,30.0,No Identificada,Lomas de Chapultepec,19.4306822,-99.2118,https://rentola.mx/listings/casa-en-renta-en-lomas-de-chapultepec-viii-secc-miguel-hidalgo-p97f2be
rentola_rentas,Departamento en Renta,"Calle Sur 177, Colonia Ampliación Gabriel Ramos Millán, 08030 Mexico City, CMX, Mexico",4600.0,1,0,0,506.0,30.0,No Identificada,Colonia Ampliación Gabriel Ramos Millán,19.3884357,-99.0923381,https://rentola.mx/listings/casa-blanca-sera-tu-hogar-para-vivir-y-descansar-pac7e64
rentola_rentas,Departamento en Renta,"Calle Aristóteles, Polanco, 11550 Mexico City, CMX, Mexico",6700.0,3,0,1,20.0,30.0,Polanco,Polanco,19.43353,-99.190915,https://rentola.mx/listings/se-vende-o-renta-ph-de-dos-pisos-en-polanco-pcb79fe
rentola_rentas,Departamento en Renta,"unnamed road, Conjunto Magdalena, 04650 Mexico City, Mexico",14500.0,2,0,1,207.0,30.0,Conjunto Magdalena,Conjunto Magdalena,19.3127717,-99.142198,https://rentola.mx/listings/departamento-en-renta-ex-ejido-de-santa-ursula-coapa-coyoacan-cdmx-pdef44f
rentola_rentas,Departamento en Renta,"Calle Laguna de Mayrán, Polanco, 11320 Mexico City, Mexico",26000.0,2,0,0,236.0,30.0,Polanco,Polanco,19.43353,-99.190915,https://rentola.mx/listings/departamento-en-renta-anahuac-i-seccion-miguel-hidalgo-cdmx-pf1bf55
rentola_rentas,Departamento en Renta,"Calle Tulipán 28, Colonia El Centinela, 04370 Mexico City, CMX, Mexico",5000.0,1,0,0,238.0,30.0,No Identificada,Colonia El Centinela,19.3336248,-99.1421901,https://rentola.mx/listings/renta-de-habitaciones-cd-jardin-taxquena-p79bbef
rentola_rentas,Departamento en Renta,"Privada Estacionamiento, San Jerónimo Aculco-Lídice, 10130 Mexico City, Mexico",14500.0,3,0,0,121.0,30.0,San Jerónimo Aculco-Lídice,San Jerónimo Aculco-Lídice,19.3301222,-99.212149,https://rentola.mx/listings/casa-en-renta-san-jeronimo-lidice-la-magdalena-contreras-p291038
rentola_rentas,Departamento en Renta,"Calle Edgar Allan Poe 64, Polanco, 11540 Mexico City, Mexico",4500.0,2,0,1,26.0,30.0,Polanco,Polanco,19.43353,-99.190915,https://rentola.mx/listings/polanco-edgar-allan-poe-departamento-en-renta-p66b7fc
rentola_rentas,Departamento en Renta,"Calle Alejandro Dumas, Polanco, 11550 Mexico City, Mexico",75000.0,3,0,1,326.0,30.0,Polanco,Polanco,19.43353,-99.190915,https://rentola.mx/listings/departamento-en-renta-polanco-iv-seccion-polanco-pbe2c15
rentola_rentas,Departamento en Renta,"Calle Amores 1066, Del Valle, 03100 Mexico City, CMX, Mexico",17000.0,3,0,1,327.0,30.0,No Identificada,Del Valle,19.386333,-99.1750493,https://rentola.mx/listings/departamento-en-renta-amores-1116-colonia-del-valle-centro-ciudad-de-mexico-cdmx-mexico-pa2ee59
rentola_rentas,Departamento en Renta,"Calle Anáhuac, Coapa, 04950 Mexico City, CMX, Mexico",16500.0,2,0,1,254.0,30.0,No Identificada,Coapa,19.3079445,-99.1267548,https://rentola.mx/listings/departamento-en-renta-el-mirador-coyoacan-cdmx-p1daa0a
rentola_rentas,Departamento en Renta,"Calle Uno 129, Colonia Agrícola Pantitlán, 08100 Mexico City, CMX, Mexico",5000.0,1,0,0,313.0,30.0,No Identificada,Colonia Agrícola Pantitlán,19.4105801,-99.0705782,https://rentola.mx/listings/se-renta-recamara-amueblada-pa583ea
rentola_rentas,Departamento en Renta,"Calle Cruz Verde 41, Colonia Real de Los Reyes, 04330 Mexico City, Mexico",36500.0,3,0,1,183.0,30.0,Colonia Real De Los Reyes,Colonia Real de Los Reyes,19.3415919,-99.1571795,https://rentola.mx/listings/casa-en-condominio-en-renta-calle-cruz-verde-63-barrio-del-nino-jesus-ciudad-de-mexico-cdmx-mexico-p2f5137
rentola_rentas,Departamento en Renta,"Calle Waldo Martín de Campo, Moctezuma 1ª. Sección, 15500 Mexico City, Mexico",8000.0,1,0,0,167.0,30.0,Moctezuma 1ª. Sección,Moctezuma 1ª. Sección,19.4269136,-99.1091217,https://rentola.mx/listings/departamento-en-renta-moctezuma-venustiano-carranza-pd01597
rentola_rentas,Departamento en Renta,"Avenida Fresno, Colonia Los Fresnos, 04650 Mexico City, Mexico",27500.0,2,0,1,289.0,30.0,Colonia Los Fresnos,Colonia Los Fresnos,19.3156584,-99.1431167,https://rentola.mx/listings/departamento-en-renta-calzada-de-tlalpan-2971-santa-ursula-coapa-coyoacan-ciudad-de-mexico-04650-mex-pde3f26
rentola_rentas,Departamento en Renta,"Cerrada de Reforma, San Ángel, 01040 Mexico City, Mexico",40000.0,4,0,0,118.0,30.0,San Ángel,San Ángel,19.3443673,-99.1924473,https://rentola.mx/listings/casa-en-renta-san-angel-inn-alvaro-obregon-cdmx-p3596b1
rentola_rentas,Departamento en Renta,"unnamed road, Las Águilas, 01789 Mexico City, Mexico",28000.0,3,0,0,140.0,30.0,Las Águilas,Las Águilas,19.3580045,-99.2031498,https://rentola.mx/listings/casa-en-renta-colonia-olivar-de-los-padres-alvaro-obregon-cdmx-p7a05c8
rentola_rentas,Departamento en Renta,"Calle Salamanca 18, Condesa, 06700 Mexico City, Mexico",35000.0,2,0,1,313.0,30.0,Condesa,Condesa,19.4148639,-99.176429,https://rentola.mx/listings/departamento-en-renta-roma-norte-cuauhtemoc-cdmx-p8ff143
rentola_rentas,Departamento en Renta,"Avenida Vasco de Quiroga, El Cuernito, 01250 Mexico City, Mexico",19500.0,2,0,0,201.0,30.0,El Cuernito,El Cuernito,19.387844,-99.2149757,https://rentola.mx/listings/departamento-en-renta-camino-a-santa-fe-606-boscoso-ciudad-de-mexico-cdmx-mexico-pf2ab62
rentola_rentas,Departamento en Renta,"Cerrada Saucillo, Colonia Paraje 38, 14248 Mexico City, CMX, Mexico",5000.0,1,0,0,200.0,30.0,No Identificada,Colonia Paraje 38,19.2679984,-99.2099411,https://rentola.mx/listings/departamento-col-cruz-del-farol-p04edb5
rentola_rentas,Departamento en Renta,"Andador Zacapu, Unidad Habitacional Obrero CTM Culhuacán 5, 04440 Mexico City, Mexico",20000.0,5,0,0,211.0,30.0,Unidad Habitacional Obrero Ctm Culhuacán 5,Unidad Habitacional Obrero CTM Culhuacán 5,19.3349948,-99.1129497,https://rentola.mx/listings/casa-col-culhuacan-ctm-seccion-v-p43dded
rentola_rentas,Departamento en Renta,"Privada 1, Las Águilas, 01619 Mexico City, CMX, Mexico",12500.0,2,0,1,139.0,30.0,No Identificada,Las Águilas,19.3597064,-99.2255628,https://rentola.mx/listings/departamento-en-renta-la-martinica-alvaro-obregon-p905602
rentola_rentas,Departamento en Renta,"Calzada de las Carretas 131, Presidentes, 01566 Mexico City, Mexico",17600.0,3,0,1,178.0,30.0,Presidentes,Presidentes,19.3784776,-99.2211716,https://rentola.mx/listings/casa-en-renta-colina-del-sur-alvaro-obregon-cdmx-p8be4c8
rentola_rentas,Departamento en Renta,"Calle Caleta, Narvarte, 06780 Mexico City, Mexico",5000.0,1,0,0,200.0,30.0,Narvarte,Narvarte,19.391616,-99.1513127,https://rentola.mx/listings/casa-en-renta-narvarte-poniente-benito-juarez-cdmx-p768f3b
rentola_rentas,Departamento en Renta,"Avenida Paseo de las Palmas, Lomas de Chapultepec, 11650 Mexico City, Mexico",100000.0,2,0,1,429.0,30.0,Lomas De Chapultepec,Lomas de Chapultepec,19.4156998,-99.2136879,https://rentola.mx/listings/departamento-en-renta-lomas-de-chapultepec-miguel-hidalgo-cdmx-p043d4a
rentola_rentas,Departamento en Renta,"Avenida Arboledas, Colonia Maestro Justo Sierra, 09460 Mexico City, Mexico",17500.0,2,0,1,175.0,30.0,Colonia Maestro Justo Sierra,Colonia Maestro Justo Sierra,19.3645813,-99.131684,https://rentola.mx/listings/casa-en-renta-avenida-arboledas-190-ampliacion-sinatel-iztapalapa-ciudad-de-mexico-09479-mex-p85c0fa
rentola_rentas,Departamento en Renta,"Avenida Aquiles Serdán, Colonia Presidente Madero, 02459 Mexico City, Mexico",11600.0,2,0,1,258.0,30.0,Colonia Presidente Madero,Colonia Presidente Madero,19.4958756,-99.2018448,https://rentola.mx/listings/departamento-en-renta-av-aquiles-serdan-675-santo-domingo-ciudad-de-mexico-cdmx-mexico-p3eefd3
rentola_rentas,Departamento en Renta,"Calle Homún, Colonia Héroes de Padierna, 14200 Mexico City, Mexico",12700.0,2,0,1,195.0,30.0,Colonia Héroes De Padierna,Colonia Héroes de Padierna,19.3117877,-99.2264166,https://rentola.mx/listings/departamento-en-renta-akil-territorio-torres-heroes-de-padierna-ciudad-de-mexico-cdmx-mexico-p7f081b
rentola_rentas,Departamento en Renta,"Calle Monte Himalaya, Lomas de Chapultepec, 11000 Mexico City, Mexico",100000.0,4,0,1,251.0,30.0,Lomas De Chapultepec,Lomas de Chapultepec,19.4156998,-99.2136879,https://rentola.mx/listings/casa-en-renta-lomas-de-chapultepec-miguel-hidalgo-cdmx-p9ba400
rentola_rentas,Departamento en Renta,"Gabriel Mancera, Del Valle, 03100 Mexico City, CMX, Mexico",29000.0,3,0,0,223.0,30.0,No Identificada,Del Valle,19.386333,-99.1750493,https://rentola.mx/listings/departamento-en-col-del-valle-130m2-pea42b0
rentola_rentas,Departamento en Renta,"Calle Barra de Nautla, Colonia INFONAVIT Camino San Juan de Aragón, 07580 Mexico City, CMX, Mexico",8500.0,1,0,1,123.0,30.0,No Identificada,Colonia INFONAVIT Camino San Juan de Aragón,19.4758646,-99.0821363,https://rentola.mx/listings/departamento-en-renta-en-barra-de-nautla-casas-aleman-gam-p6b1423
rentola_rentas,Departamento en Renta,"Calle Plan de Guadalupe, Colonia Ticomán II, 07320 Mexico City, Mexico",20000.0,3,0,1,122.0,30.0,Colonia Ticomán Ii,Colonia Ticomán II,19.5135044,-99.136519,https://rentola.mx/listings/casa-en-renta-plan-de-guadalupe-65-ticoman-i-la-purisima-ticoman-ciudad-de-mexico-cdmx-mexico-p3f55ad
rentola_rentas,Departamento en Renta,"Calle Ejido, Fraccionamiento Belisario Domínguez, 14340 Mexico City, Mexico",8500.0,1,0,0,113.0,30.0,Fraccionamiento Belisario Domínguez,Fraccionamiento Belisario Domínguez,19.2998707,-99.1403202,https://rentola.mx/listings/departamento-en-renta-ejido-4-coapa-ejido-viejo-de-santa-ursula-coapa-ciudad-de-mexico-cdmx-mexico-p41cf65
rentola_rentas,Departamento en Renta,"Calle Temístocles, Polanco, 11520 Mexico City, Mexico",33000.0,2,0,1,434.0,30.0,Polanco,Polanco,19.43353,-99.190915,https://rentola.mx/listings/departamento-en-renta-temistocles-315-temistocles-polanco-polanco-iv-seccion-ciudad-de-mexico-cdmx-mexico-p2ddd59
rentola_rentas,Departamento en Renta,"Retorno 52, Lateral Poniente Jesús Galindo y Villa, Colonia Pino, 15900 Mexico City, Mexico",15000.0,2,0,0,300.0,30.0,Colonia Pino,Lateral Poniente Jesús Galindo y Villa,19.4113216,-99.0989326,https://rentola.mx/listings/departamento-col-jardin-balbuena-p624104
rentola_rentas,Departamento en Renta,"Calle 21, Colonia Euzkadi, 02660 Mexico City, CMX, Mexico",5300.0,1,0,1,230.0,30.0,No Identificada,Colonia Euzkadi,19.4761748,-99.1525651,https://rentola.mx/listings/departamento-en-renta-pro-hogar-azcapotzalco-p79b7e2
rentola_rentas,Departamento en Renta,"Calle Ángel del Campo, Roma, 06880 Mexico City, CMX, Mexico",8000.0,2,0,0,160.0,30.0,No Identificada,Roma,19.4179402,-99.149146,https://rentola.mx/listings/departamento-en-renta-algarin-cuauhtemoc-cdmx-pefbe49
rentola_rentas,Departamento en Renta,"unnamed road, Colonia Miguel Hidalgo, 14000 Mexico City, Mexico",22500.0,3,0,0,125.0,30.0,Miguel Hidalgo,Colonia Miguel Hidalgo,19.4156998,-99.2136879,https://rentola.mx/listings/casa-en-condominio-en-renta-guadalajara-4-miguel-hidalgo-1ra-seccion-ciudad-de-mexico-cdmx-mexico-p216030
rentola_rentas,Departamento en Renta,"Calle Eureka, Colonia Guadalupe Insurgentes, 07800 Mexico City, CMX, Mexico",11500.0,1,0,0,192.0,30.0,No Identificada,Colonia Guadalupe Insurgentes,19.4737564,-99.1296267,https://rentola.mx/listings/excelente-departamento-loft-en-renta-en-la-colonia-industrial-cuidad-de-mexico-p3ea92d
rentola_rentas,Departamento en Renta,"Avenida 513, Aragón, 07969 Mexico City, Mexico",12000.0,2,0,0,200.0,30.0,Aragón,Aragón,19.4512592,-99.0962392,https://rentola.mx/listings/departamento-col-san-juan-de-aragon-i-seccion-p426cce
rentola_rentas,Departamento en Renta,"Calle Rancho El Palmar, Coapa, 04938 Mexico City, Mexico",7000.0,1,0,1,318.0,30.0,Coapa,Coapa,19.317015,-99.1120701,https://rentola.mx/listings/cuartos-amplios-en-residencia-p05a22b
rentola_rentas,Departamento en Renta,"Tencüi, Calle Eligio Ancona 191, Santa María la Ribera, 06400 Mexico City, CMX, Mexico",31000.0,2,0,1,316.0,30.0,No Identificada,Calle Eligio Ancona 191,19.453018,-99.1594428,https://rentola.mx/listings/departamento-en-impulso-santa-fe-p048b40
rentola_rentas,Departamento en Renta,"Calle Durango 325, Condesa, 06700 Mexico City, Mexico",32000.0,2,0,0,320.0,30.0,Condesa,Condesa,19.4148639,-99.176429,https://rentola.mx/listings/departamento-en-renta-calle-durango-325-roma-norte-cuauhtemoc-ciudad-de-mexico-06700-mex-pa250aa
rentola_rentas,Departamento en Renta,"SIGEA, Avenida Revolución 1472, San Ángel, 01020 Mexico City, Mexico",18000.0,1,0,1,514.0,30.0,San Ángel,Avenida Revolución 1472,19.3540154,-99.1898968,https://rentola.mx/listings/departamento-en-renta-av-revolucion-1470-guadalupe-inn-ciudad-de-mexico-cdmx-mexico-p630f8b
rentola_rentas,Departamento en Renta,"Monserrat, Conjunto Mariana, 04330 Mexico City, CMX, Mexico",7200.0,1,0,0,360.0,30.0,No Identificada,Conjunto Mariana,19.3349466,-99.1519808,https://rentola.mx/listings/departamento-col-pueblo-de-los-reyes-p7e456d
rentola_rentas,Departamento en Renta,"Retorno 30 de Avenida del Taller, Colonia Jardín Balbuena, 15900 Mexico City, CMX, Mexico",5700.0,1,0,1,285.0,30.0,No Identificada,Colonia Jardín Balbuena,19.4136465,-99.1064557,https://rentola.mx/listings/departamento-en-renta-el-col-jardin-balbuena-venustiano-carranza-cdmx-p125ddb
rentola_rentas,Departamento en Renta,"Circuito Río Mixteco, Colonia Real del Moral, 09010 Mexico City, CMX, Mexico",12000.0,3,0,1,141.0,30.0,No Identificada,Colonia Real del Moral,19.3861406,-99.0818976,https://rentola.mx/listings/departamento-en-renta-paseos-de-churubusco-iztapalapa-p28a65b
rentola_rentas,Departamento en Renta,"Magdalena de las Salinas, 07760 Mexico City, CMX, Mexico",18000.0,3,0,1,138.0,30.0,No Identificada,07760 Mexico City,19.4787952,-99.1460154,https://rentola.mx/listings/casa-en-renta-en-magdalena-de-las-salinas-gustavo-a-madero-ciudad-de-mexico-p678e2b
rentola_rentas,Departamento en Renta,"Calle Crisantema, Atlampa, 06450 Mexico City, CMX, Mexico",12000.0,2,0,1,222.0,30.0,No Identificada,Atlampa,19.4554336,-99.1580283,https://rentola.mx/listings/renta-departamento-ricardo-flores-magon-pb6c7f4
rentola_rentas,Departamento en Renta,"Cerrada Segunda Magnolia, Ejidos de San Pedro Mártir, 14640 Mexico City, Mexico",24000.0,3,0,1,240.0,30.0,Ejidos De San Pedro Mártir,Ejidos de San Pedro Mártir,19.2693489,-99.1574109,https://rentola.mx/listings/casa-col-ejidos-de-san-pedro-martir-pf0883d
rentola_rentas,Departamento en Renta,"Colonia Narciso Mendoza Súper Manzana 3 Villa Coapa, 14390 Mexico City, CMX, Mexico",14500.0,3,0,0,227.0,30.0,No Identificada,14390 Mexico City,19.2876235,-99.1242334,https://rentola.mx/listings/casa-en-renta-en-narciso-mendoza-tlalpan-ciudad-de-mexico-pb0a385
rentola_rentas,Departamento en Renta,"Calle Augustin Delgado 275, Tránsito, 06820 Mexico City, Mexico",7000.0,1,0,0,333.0,30.0,Tránsito,Tránsito,19.4177785,-99.1314778,https://rentola.mx/listings/comparto-depa-ubicadisimo-y-super-equipado-p960534
rentola_rentas,Departamento en Renta,"Calle Lago Iseo, Polanco, 11320 Mexico City, Mexico",26900.0,1,0,1,585.0,30.0,Polanco,Polanco,19.43353,-99.190915,https://rentola.mx/listings/departamento-en-renta-calle-lago-iseo-305-3-305-3-anahuac-miguel-hidalgo-ciudad-de-mexico-11320-mex-p5beb76
rentola_rentas,Departamento en Renta,"Calle Pedro Calderón de la Barca 71, Polanco, 11540 Mexico City, Mexico",5500.0,2,0,1,37.0,30.0,Polanco,Polanco,19.43353,-99.190915,https://rentola.mx/listings/pent-house-en-renta-150m2-amueblado-cerca-de-parque-lincoln-nuevo-pb1e4be
rentola_rentas,Departamento en Renta,"Calle Tula, Unidad Habitacional San Antonio Culhuacán, 09800 Mexico City, Mexico",8000.0,1,0,0,320.0,30.0,Unidad Habitacional San Antonio Culhuacán,Unidad Habitacional San Antonio Culhuacán,19.3364062,-99.1107006,https://rentola.mx/listings/estudio-listo-para-habitar-p4babbf
rentola_rentas,Departamento en Renta,"Prolongación 16 de Septiembre, Colonia Tablas de San Lorenzo, 16090 Mexico City, CMX, Mexico",11500.0,2,0,1,192.0,30.0,No Identificada,Colonia Tablas de San Lorenzo,19.2481039,-99.1045497,https://rentola.mx/listings/departamento-col-tablas-de-san-lorenzo-pfa31a1
rentola_rentas,Departamento en Renta,"Calle Gas Solvente, Colonia Santa Lucía, 02760 Mexico City, Mexico",16700.0,1,0,1,451.0,30.0,Colonia Santa Lucía,Colonia Santa Lucía,19.3594082,-99.2548839,https://rentola.mx/listings/departamento-en-renta-industrial-vallejo-azcapotzalco-p06e1de
rentola_rentas,Departamento en Renta,"Explanada del Puma, Nonoalco Tlatelolco, 06900 Mexico City, CMX, Mexico",4500.0,1,0,0,563.0,30.0,No Identificada,Nonoalco Tlatelolco,19.4534101,-99.1390395,https://rentola.mx/listings/medicos-residentes-estudiantes-y-personas-que-trabajen-en-el-d-f-ped5134
rentola_rentas,Departamento en Renta,"Cerrada de Amargura, San Ángel, 01000 Mexico City, CMX, Mexico",29000.0,3,0,1,242.0,30.0,No Identificada,San Ángel,19.4326,-99.1332,https://rentola.mx/listings/departamento-en-renta-en-residencial-privilege-interlomas-p3d19f4
rentola_rentas,Departamento en Renta,"Farmacias del Ahorro, Avenida Miguel Ángel de Quevedo 427, Coyoacán, 04310 Mexico City, CMX, Mexico",6000.0,1,0,0,545.0,30.0,Coyoacán,Avenida Miguel Ángel de Quevedo 427,19.3452479,-99.1709608,https://rentola.mx/listings/habitacion-capsula-coliving-p8b8b4e
rentola_rentas,Departamento en Renta,"Avenida Tamaulipas, Santa Fe Cuajimalpa, 05348 Mexico City, CMX, Mexico",100000.0,1,0,1,490.0,30.0,Cuajimalpa de Morelos,Santa Fe Cuajimalpa,19.3581682,-99.272261,https://rentola.mx/listings/lujoso-departamento-en-santa-fe-p5b601f
rentola_rentas,Departamento en Renta,"Calle Arquímedes 130, Polanco, 11550 Mexico City, CMX, Mexico",65000.0,3,0,1,260.0,30.0,Polanco,Polanco,19.43353,-99.190915,https://rentola.mx/listings/renta-de-departamento-en-polanco-p1a961f
rentola_rentas,Departamento en Renta,"Azcapotzalco, Mexico City, Mexico",30000.0,3,0,0,294.0,30.0,Azcapotzalco,Mexico City,19.4976072,-99.1751954,https://rentola.mx/listings/casa-en-condominio-linda-y-funcional-roof-garden-privado-fresnos-azcapo-peae800
rentola_rentas,Departamento en Renta,"Calle Libertad, Colonia San Álvaro, 02090 Mexico City, CMX, Mexico",4800.0,1,0,0,300.0,30.0,No Identificada,Colonia San Álvaro,19.4604837,-99.1849631,https://rentola.mx/listings/casa-compartida-para-mujeres-p1f2767
rentola_rentas,Departamento en Renta,"Calle Miguel Lerdo de Tejada 101, Colonia San Mateo Tlaltenango, 02490 Mexico City, Mexico",4500.0,1,0,0,321.0,30.0,Colonia San Mateo Tlaltenango,Colonia San Mateo Tlaltenango,19.3442896,-99.2827876,https://rentola.mx/listings/rento-bonito-cuarto-azcapotzalco-p110585
rentola_rentas,Departamento en Renta,"Calle Alpes, San Ángel, 01010 Mexico City, Mexico",20000.0,1,0,1,476.0,30.0,San Ángel,San Ángel,19.3443673,-99.1924473,https://rentola.mx/listings/departamento-en-renta-calle-alpes-32-los-alpes-alvaro-obregon-ciudad-de-mexico-01010-mex-p235827
rentola_rentas,Departamento en Renta,"Calzada de Guadalupe 167, Valle Gómez, 06240 Mexico City, Mexico",5000.0,1,0,0,333.0,30.0,Valle Gómez,Valle Gómez,19.4590353,-99.1200967,https://rentola.mx/listings/busco-roomie-en-dpto-por-misterios-p6ba76e
rentola_rentas,Departamento en Renta,"Avenida 29 de Octubre, Lomas de la Era, 01849 Mexico City, Mexico",11000.0,3,0,1,92.0,30.0,Lomas De La Era,Lomas de la Era,19.3235003,-99.2579577,https://rentola.mx/listings/casa-col-torres-de-potrero-pe8e224
rentola_rentas,Departamento en Renta,"Calle Matagalpa, San Pedro Zacatenco, 07369 Mexico City, Mexico",15000.0,3,0,1,179.0,30.0,San Pedro Zacatenco,San Pedro Zacatenco,19.5036005,-99.1144386,https://rentola.mx/listings/departamento-en-renta-residencial-zacatenco-gustavo-a-madero-p37fcdf
rentola_rentas,Departamento en Renta,"Cerrada Quinta Volcanes, Tlalpan, 14100 Mexico City, CMX, Mexico",9000.0,2,0,1,164.0,30.0,Tlalpan,Tlalpan,19.3038442,-99.2079494,https://rentola.mx/listings/departamento-col-pedregal-de-san-nicolas-1a-seccion-p5882cd
rentola_rentas,Departamento en Renta,"Calle Popocatépetl, Colonia Adolfo Ruíz Cortines, 04630 Mexico City, Mexico",7000.0,1,0,0,200.0,30.0,Colonia Adolfo Ruíz Cortines,Colonia Adolfo Ruíz Cortines,19.2839421,-99.1351784,https://rentola.mx/listings/departamento-col-pedregal-de-santa-ursula-pb09795
rentola_rentas,Departamento en Renta,"Calzada de los Misterios, Colonia Guadalupe Tepeyac, 07870 Mexico City, Mexico",6500.0,1,0,0,154.0,30.0,Colonia Guadalupe Tepeyac,Colonia Guadalupe Tepeyac,19.4675479,-99.1205924,https://rentola.mx/listings/single-room-in-coliving-p6686c4
rentola_rentas,Departamento en Renta,"Colonia Narciso Mendoza Súper Manzana 3 Villa Coapa, 14390 Mexico City, CMX, Mexico",14300.0,2,0,0,170.0,30.0,No Identificada,14390 Mexico City,19.2876235,-99.1242334,https://rentola.mx/listings/casa-en-renta-en-narciso-mendoza-tlalpan-ciudad-de-mexico-p163676
rentola_rentas,Departamento en Renta,"Sports World, Calle Lago Alberto 369, Polanco, 11320 Mexico City, CMX, Mexico",19200.0,1,0,0,458.0,30.0,Polanco,Calle Lago Alberto 369,19.4386574,-99.1807856,https://rentola.mx/listings/departamentos-en-renta-desde-19-250-en-polanco-con-alberca-y-gym-p29643a
rentola_rentas,Departamento en Renta,"Calle Nicolás San Juan 1450, Colonia Santa Cruz Atoyac, 03310 Mexico City, Mexico",7000.0,1,0,0,318.0,30.0,Colonia Santa Cruz Atoyac,Colonia Santa Cruz Atoyac,19.3679153,-99.1634908,https://rentola.mx/listings/se-renta-habitacion-en-col-del-valle-sur-benito-juarez-cdmx-a-7000-mensuales-p1cd408
rentola_rentas,Departamento en Renta,"Calle Cuicuilco 77, Colonia Letrán Valle, 03650 Mexico City, Mexico",6500.0,1,0,1,1000.0,30.0,Colonia Letrán Valle,Colonia Letrán Valle,19.3760816,-99.1550215,https://rentola.mx/listings/departamento-en-renta-calle-3-zapotes-49-2345-letran-valle-benito-juarez-ciudad-de-mexico-03650-mex-p08de75
rentola_rentas,Departamento en Renta,"Andador Huizapotillo, Lomas de Vista Hermosa, 05249 Mexico City, Mexico",11500.0,4,0,1,88.0,30.0,Lomas De Vista Hermosa,Lomas de Vista Hermosa,19.3653514,-99.2737186,https://rentola.mx/listings/casa-en-renta-and-yondino-196-huizachito-cuajimalpa-de-morelos-cdmx-mexico-p14d3be
rentola_rentas,Departamento en Renta,"Calle Pirámides, Colonia Clavería, 02080 Mexico City, Mexico",9000.0,1,0,1,138.0,30.0,Colonia Clavería,Colonia Clavería,19.4659567,-99.1821386,https://rentola.mx/listings/departamento-en-renta-piramides-no-81-claveria-ciudad-de-mexico-cdmx-mexico-p9fdb8f
rentola_rentas,Departamento en Renta,"Arcos de Aragón Oriente, Colonia San Pedro El Chico, 07450 Mexico City, CMX, Mexico",12500.0,2,0,1,208.0,30.0,No Identificada,Colonia San Pedro El Chico,19.4763149,-99.095242,https://rentola.mx/listings/depto-en-renta-san-juan-de-aragon-gam-2-hab-1-bano-1-estac-pf28d3f
rentola_rentas,Departamento en Renta,"Pergoleros, Unidad Habitacional ISSFAM, 14620 Mexico City, Mexico",15000.0,3,0,1,136.0,30.0,Unidad Habitacional Issfam,Unidad Habitacional ISSFAM,19.270715,-99.1635227,https://rentola.mx/listings/departamento-en-renta-club-de-golf-mexico-tlalpan-cdmx-pf8e334
rentola_rentas,Departamento en Renta,"Cerrada Tepetates, Colonia La Joyita, 01700 Mexico City, Mexico",9500.0,1,0,1,475.0,30.0,Colonia La Joyita,Colonia La Joyita,19.3439933,-99.2315128,https://rentola.mx/listings/departamento-en-renta-callejon-fresnotitla-29-tetelpan-ciudad-de-mexico-cdmx-mexico-p5641c6
rentola_rentas,Departamento en Renta,"Calle Malintzin, Colonia Del Carmen, 04100 Mexico City, CMX, Mexico",5000.0,1,0,0,500.0,30.0,No Identificada,Colonia Del Carmen,19.3524237,-99.1608703,https://rentola.mx/listings/rento-linda-recamara-amueblada-mejor-zona-de-coyoacan-pf10a98
rentola_rentas,Departamento en Renta,"Cerrada Bellota, Colonia Lomas de Belvedere, 14250 Mexico City, CMX, Mexico",12000.0,3,0,1,150.0,30.0,No Identificada,Colonia Lomas de Belvedere,19.4326,-99.1332,https://rentola.mx/listings/departamento-en-renta-en-tlalpan-pinanona-pd4572b
rentola_rentas,Departamento en Renta,"Calle Presa Santa Teresa, Nuevo Polanco, 11500 Mexico City, Mexico",9000.0,1,0,0,360.0,30.0,Polanco,Nuevo Polanco,19.4347018,-99.2052137,https://rentola.mx/listings/recamara-amueblada-frente-plaza-carzo-polanco-pcacd0c
rentola_rentas,Departamento en Renta,"Calle Pachuca 96, Condesa, 06140 Mexico City, Mexico",36700.0,1,0,0,764.0,30.0,Condesa,Condesa,19.4148639,-99.176429,https://rentola.mx/listings/departamento-en-renta-hipodromo-cuauhtemoc-cdmx-p4e0760
rentola_rentas,Departamento en Renta,"Abarrotes Maximiliano, Calle Naranjo 98, Santa María la Ribera, 06400 Mexico City, CMX, Mexico",10600.0,1,0,1,266.0,30.0,No Identificada,Calle Naranjo 98,19.4470702,-99.1592793,https://rentola.mx/listings/departamento-tipo-loft-nuevo-en-renta-en-santa-maria-la-ribera-pf83f72
rentola_rentas,Departamento en Renta,"Calle Chimalcoyotl, Barrio El Truenito, 14430 Mexico City, Mexico",14700.0,3,0,1,129.0,30.0,Barrio El Truenito,Barrio El Truenito,19.2704871,-99.170138,https://rentola.mx/listings/departamento-en-renta-chimalcoyotl-chimalcoyoc-14630-ciudad-de-mexico-mexico-p07995f
rentola_rentas,Departamento en Renta,"Cerrada Mazatlán 14, Condesa, 06140 Mexico City, Mexico",40000.0,3,0,0,315.0,30.0,Condesa,Condesa,19.4148639,-99.176429,https://rentola.mx/listings/casa-en-renta-avenida-mazatlan-18-condesa-cuauhtemoc-ciudad-de-mexico-06140-mex-p1e1b6f
rentola_rentas,Departamento en Renta,"Banco Inbursa, Avenida Toluca 1185, Colonia Tetelpan, 01700 Mexico City, Mexico",29700.0,3,0,1,102.0,30.0,Colonia Tetelpan,Avenida Toluca 1185,19.338392,-99.2403477,https://rentola.mx/listings/casa-en-condominio-en-renta-colonia-olivar-de-los-padres-alvaro-obregon-cdmx-p373143
rentola_rentas,Departamento en Renta,"Avenida Revolución 757, Colonia Nonoalco, 03700 Mexico City, Mexico",22500.0,2,0,1,352.0,30.0,Colonia Nonoalco,Colonia Nonoalco,19.4533255,-99.1361374,https://rentola.mx/listings/departamento-en-renta-nonoalco-benito-juarez-p21f54a
rentola_rentas,Departamento en Renta,"Avenida Miguel Hidalgo 213, Coyoacán, 04100 Mexico City, Mexico",12500.0,1,0,0,250.0,30.0,Coyoacán,Coyoacán,19.3488917,-99.1629828,https://rentola.mx/listings/departamento-col-del-carmen-p9ec873
rentola_rentas,Departamento en Renta,"Calle Lago Ammer, Pensil Norte, 11430 Mexico City, Mexico",11000.0,1,0,1,282.0,30.0,Pensil Norte,Pensil Norte,19.4492088,-99.1945293,https://rentola.mx/listings/departamento-en-renta-pensil-norte-miguel-hidalgo-cdmx-p6ddd54
rentola_rentas,Departamento en Renta,"Dentista - Odontopediatra, Plaza Hidalgo 14D, Coyoacán, 04000 Mexico City, Mexico",49000.0,3,0,0,233.0,30.0,Coyoacán,Plaza Hidalgo 14D,19.3488849,-99.1637312,https://rentola.mx/listings/casa-en-renta-villa-coyoacan-coyoacan-cdmx-p00ad03
rentola_rentas,Departamento en Renta,"Calle Licenciado Francisco Benítez, Colonia Progreso, 01080 Mexico City, Mexico",15200.0,2,0,1,253.0,30.0,Colonia Progreso,Colonia Progreso,19.3389648,-99.2030398,https://rentola.mx/listings/departamento-en-renta-calle-licenciado-francisco-benitez-105-113-progreso-tizapan-alvaro-obregon-ciudad-de-mexico-01080-mex-pe86a83
rentola_rentas,Departamento en Renta,"Sur 111, Aeronáutica Militar, 15980 Mexico City, Mexico",12000.0,2,0,0,197.0,30.0,Aeronáutica Militar,Aeronáutica Militar,19.4187166,-99.1155218,https://rentola.mx/listings/departamento-en-renta-colonia-jardin-balbuena-venustiano-carranza-pdb42a5
rentola_rentas,Departamento en Renta,"Sports World, Calle Lago Alberto 369, Polanco, 11320 Mexico City, Mexico",26000.0,2,0,0,342.0,30.0,Polanco,Calle Lago Alberto 369,19.4386574,-99.1807856,https://rentola.mx/listings/departamento-de-2-recamaras-1-bano-en-vitant-polanco-pe5ecfd
rentola_rentas,Departamento en Renta,"Calle Cuitláhuac, Colonia Isidro Fabela Sección Cantil, 14039 Mexico City, Mexico",7000.0,1,0,1,318.0,30.0,Tláhuac,Colonia Isidro Fabela Sección Cantil,19.2703914,-99.0047499,https://rentola.mx/listings/casa-en-renta-por-habitaciones-ideal-para-doctores-foraneos-p139e48
rentola_rentas,Departamento en Renta,"Avenida México-Contreras, San Jerónimo Aculco-Lídice, 10200 Mexico City, Mexico",7000.0,1,0,0,318.0,30.0,San Jerónimo Aculco-Lídice,San Jerónimo Aculco-Lídice,19.3301222,-99.212149,https://rentola.mx/listings/departamento-en-renta-san-jeronimo-lidice-la-magdalena-contreras-pad81b3
rentola_rentas,Departamento en Renta,"Calle Miravalle 319, Colonia Albert, 03560 Mexico City, Mexico",5300.0,1,0,0,312.0,30.0,Colonia Albert,Colonia Albert,19.3706012,-99.1394057,https://rentola.mx/listings/gym-ludoteca-y-roof-garden-pfcaad7
rentola_rentas,Departamento en Renta,"Cerrada Bellota, Colonia Lomas de Belvedere, 14250 Mexico City, CMX, Mexico",12000.0,1,0,1,150.0,30.0,No Identificada,Colonia Lomas de Belvedere,19.4326,-99.1332,https://rentola.mx/listings/departamento-en-renta-en-tlalpan-pinanona-pb6c02f
rentola_rentas,Departamento en Renta,"Calle Sur 77, Colonia Sinatel, 09470 Mexico City, Mexico",11000.0,2,0,1,196.0,30.0,Colonia Sinatel,Colonia Sinatel,19.3608418,-99.1321123,https://rentola.mx/listings/departamento-en-renta-sur-77-240-sinatel-ciudad-de-mexico-cdmx-mexico-p49248f
rentola_rentas,Departamento en Renta,"Calle Tenancingo 15 A, Condesa, 06140 Mexico City, Mexico",63000.0,2,0,1,382.0,30.0,Condesa,Condesa,19.4148639,-99.176429,https://rentola.mx/listings/departamento-en-renta-calle-tenancingo-7-43-condesa-cuauhtemoc-ciudad-de-mexico-06140-mex-p3ae42d
rentola_rentas,Departamento en Renta,"Calle Paseo de las Magnolias, Colonia Paseos de Taxqueña, 04250 Mexico City, Mexico",14500.0,2,0,1,238.0,30.0,Colonia Paseos De Taxqueña,Colonia Paseos de Taxqueña,19.3452007,-99.1247366,https://rentola.mx/listings/departamento-col-paseos-de-taxquena-pf072b5
rentola_rentas,Departamento en Renta,"GIA, Calle Aguascalientes 237, Condesa, 06100 Mexico City, Mexico",40000.0,2,0,0,440.0,30.0,Condesa,Calle Aguascalientes 237,19.4073088,-99.173201,https://rentola.mx/listings/departamento-en-renta-calle-aguascalientes-214-234-hipodromo-cuauhtemoc-ciudad-de-mexico-06100-mex-p49c255
rentola_rentas,Departamento en Renta,"Prolongación Repúblicas, Santa Cruz Atoyac, 03310 Mexico City, CMX, Mexico",7000.0,1,0,0,280.0,30.0,No Identificada,Santa Cruz Atoyac,19.3650011,-99.1563332,https://rentola.mx/listings/departamento-col-santa-cruz-atoyac-pb136aa
rentola_rentas,Departamento en Renta,"Heroica Escuela Naval Militar 608, Unidad Habitacional San Francisco Culhuacán, 04470 Mexico City, CMX, Mexico",5000.0,1,0,1,556.0,30.0,No Identificada,Unidad Habitacional San Francisco Culhuacán,19.3280225,-99.1242796,https://rentola.mx/listings/renta-de-habitacion-nueva-todo-incluido-pd0a638
rentola_rentas,Departamento en Renta,"unnamed road, Lomas de Vista Hermosa, 05249 Mexico City, Mexico",30000.0,2,0,0,179.0,30.0,Lomas De Vista Hermosa,Lomas de Vista Hermosa,19.3653514,-99.2737186,https://rentola.mx/listings/casa-en-condominio-en-renta-granjas-navidad-cuajimalpa-de-morelos-p4c13c5
rentola_rentas,Departamento en Renta,"Calle Inglaterra 113, Coyoacán, 04040 Mexico City, CMX, Mexico",14200.0,2,0,1,176.0,30.0,Coyoacán,Coyoacán,19.3488917,-99.1629828,https://rentola.mx/listings/departamento-col-parque-san-andres-pdabfef
rentola_rentas,Departamento en Renta,"Dulcería Laposse, Avenida México-Coyoacán 375, Colonia Xoco, 03330 Mexico City, CMX, Mexico",19200.0,2,0,1,218.0,30.0,Coyoacán,Avenida México-Coyoacán 375,19.3585922,-99.1634845,https://rentola.mx/listings/departamento-en-renta-en-colonia-xoco-alcaldia-benito-juarez-cdmx-pef2477
rentola_rentas,Departamento en Renta,"Calle Edgar Allan Poe 64, Polanco, 11540 Mexico City, Mexico",4500.0,1,0,1,346.0,30.0,Polanco,Polanco,19.43353,-99.190915,https://rentola.mx/listings/polanco-edgar-allan-poe-departamento-en-renta-p63edb6
rentola_rentas,Departamento en Renta,"Calzada General Ignacio Zaragoza, Colonia Agua caliente, 08160 Mexico City, Mexico",10000.0,1,0,1,385.0,30.0,Colonia Agua Caliente,Colonia Agua caliente,19.4057974,-99.0663725,https://rentola.mx/listings/departamento-en-renta-pe5fc07
rentola_rentas,Departamento en Renta,"Calle Itzcoatl, Colonia San Pablo Tepetlapa, 04620 Mexico City, Mexico",4500.0,1,0,0,321.0,30.0,Colonia San Pablo Tepetlapa,Colonia San Pablo Tepetlapa,19.3189488,-99.1384416,https://rentola.mx/listings/renta-de-recamara-para-mujer-pc07c29
rentola_rentas,Departamento en Renta,"Calle Monrovia, Colonia Portales Sur, 03300 Mexico City, CMX, Mexico",16000.0,2,0,1,267.0,30.0,No Identificada,Colonia Portales Sur,19.3608245,-99.1507003,https://rentola.mx/listings/departamento-col-portales-sur-pee15dd
rentola_rentas,Departamento en Renta,"Calle Laguna de Términos, Polanco, 11320 Mexico City, Mexico",27000.0,2,0,1,346.0,30.0,Polanco,Polanco,19.43353,-99.190915,https://rentola.mx/listings/departamento-en-renta-calzada-general-mariano-escobedo-194-anahuac-mariano-escobedo-miguel-hidalgo-ciudad-de-mexico-11520-m-p8ee911
rentola_rentas,Departamento en Renta,"Calle Callot, Colonia Santa María Nonoalco, 01420 Mexico City, Mexico",15500.0,2,0,1,238.0,30.0,Colonia Santa María Nonoalco,Colonia Santa María Nonoalco,19.38438,-99.1963085,https://rentola.mx/listings/departamento-col-santa-maria-nonoalco-p93b51a
rentola_rentas,Departamento en Renta,"Coyoacán, Mexico City, Mexico",38500.0,3,0,1,154.0,30.0,Coyoacán,Mexico City,19.321597,-99.1849259,https://rentola.mx/listings/magnifica-casa-en-condominio-con-amenidades-pccf5fa
rentola_rentas,Departamento en Renta,"Calle Lope de Vega, Colonia Bosques de Chapultepec, 11560 Mexico City, Mexico",6000.0,2,0,0,38.0,30.0,Colonia Bosques De Chapultepec,Colonia Bosques de Chapultepec,19.4326,-99.1332,https://rentola.mx/listings/renta-de-departamento-amueblado-en-campos-eliseos-p078d2e
rentola_rentas,Departamento en Renta,"Calle Molino, Colonia Ex Hacienda San Nicolás Tolentino, 09960 Mexico City, CMX, Mexico",9000.0,3,0,1,113.0,30.0,No Identificada,Colonia Ex Hacienda San Nicolás Tolentino,19.2940636,-99.0638122,https://rentola.mx/listings/departamento-col-el-molino-tezonco-pd1377d
rentola_rentas,Departamento en Renta,"Calle La Morena 305, Benito Juárez, 03000 Mexico City, Mexico",7000.0,1,0,0,167.0,30.0,Benito Juárez,Benito Juárez,19.3630898,-99.1527744,https://rentola.mx/listings/casa-en-renta-narvarte-poniente-benito-juarez-cdmx-pa67ac3
rentola_rentas,Departamento en Renta,"Avenida Chapultepec, Condesa, 06700 Mexico City, Mexico",22000.0,1,0,0,629.0,30.0,Condesa,Condesa,19.4148639,-99.176429,https://rentola.mx/listings/departamento-en-renta-avenida-chapultepec-442-roma-norte-cuauhtemoc-ciudad-de-mexico-06700-mex-p8edb6b
rentola_rentas,Departamento en Renta,"Calzada San Isidro Tecpatl 610, Colonia San Bartolo, 02720 Mexico City, Mexico",13500.0,2,0,1,321.0,30.0,Colonia San Bartolo,Colonia San Bartolo,19.3339285,-99.2544511,https://rentola.mx/listings/departamento-renta-priva-san-isidro-azcapotzalco-san-pedro-xalpa-cdmx-p91ceb6
rentola_rentas,Departamento en Renta,"Calle Iglesia 270, San Ángel, 01090 Mexico City, Mexico",63000.0,3,0,1,394.0,30.0,San Ángel,San Ángel,19.3443673,-99.1924473,https://rentola.mx/listings/departamento-en-renta-calle-iglesia-270-tizapan-san-angel-loreto-y-campamento-01090-ciudad-de-mexico-cdmx-mexico-p3811d7
rentola_rentas,Departamento en Renta,"Camino Viejo a San Francisco, Colonia Guadalupe, 16840 Mexico City, Mexico",20000.0,4,0,1,57.0,30.0,Colonia Guadalupe,Colonia Guadalupe,19.3071968,-99.2335239,https://rentola.mx/listings/casa-en-condominio-en-renta-camino-viejo-a-san-francisco-7903-san-francisco-tlalnepantla-ciudad-de-mexico-cdmx-mexico-p716916
rentola_rentas,Departamento en Renta,"Escuela Secundaria Técnica No. 5 ""Rafael Dondé"", Calle Lago Alberto 431, Polanco, 11320 Mexico City, CMX, Mexico",27000.0,1,0,0,321.0,30.0,Polanco,Calle Lago Alberto 431,19.4384393,-99.1821131,https://rentola.mx/listings/loft-amueblado-en-renta-b-grand-polanco-amenidades-de-lujo-p262638
rentola_rentas,Departamento en Renta,"Calle Estefanía Castañeda, San Jerónimo Aculco-Lídice, 10100 Mexico City, Mexico",7500.0,1,0,1,188.0,30.0,San Jerónimo Aculco-Lídice,San Jerónimo Aculco-Lídice,19.3301222,-99.212149,https://rentola.mx/listings/departamento-en-renta-san-jeronimo-lidice-la-magdalena-contreras-p8ef2c1
rentola_rentas,Departamento en Renta,"Calle Frontera, San Ángel, 01000 Mexico City, CMX, Mexico",9500.0,1,0,0,288.0,30.0,No Identificada,San Ángel,19.4326,-99.1332,https://rentola.mx/listings/casa-luna-3-p7c67d9
rentola_rentas,Departamento en Renta,"Calle José F. Gutiérrez 154, Ángel Zimbrón, 02099 Mexico City, Mexico",14000.0,2,0,0,246.0,30.0,Ángel Zimbrón,Ángel Zimbrón,19.4681069,-99.1904939,https://rentola.mx/listings/departamento-col-angel-zimbron-p6934bc
rentola_rentas,Departamento en Renta,"Calle Atlixco 108, Condesa, 06170 Mexico City, CMX, Mexico",8000.0,1,0,0,333.0,30.0,Condesa,Condesa,19.4148639,-99.176429,https://rentola.mx/listings/rento-habitacion-amueblada-p5dd2c5
rentola_rentas,Departamento en Renta,"City Express, Boulevard Puerto Aéreo, Santa Cruz Aviación, 15540 Mexico City, CMX, Mexico",17000.0,4,0,1,170.0,30.0,No Identificada,Boulevard Puerto Aéreo,19.4226245,-99.0951919,https://rentola.mx/listings/departamento-col-moctezuma-2a-seccion-pc4d3e7
rentola_rentas,Departamento en Renta,"Calle Tetla, Polanco, 11040 Mexico City, CMX, Mexico",15500.0,1,0,0,443.0,30.0,Polanco,Polanco,19.43353,-99.190915,https://rentola.mx/listings/departamento-amueblado-p5a3c72
rentola_rentas,Departamento en Renta,"Calle Faisán, Colonia Granjas Modernas, 07460 Mexico City, CMX, Mexico",12900.0,2,0,1,243.0,30.0,No Identificada,Colonia Granjas Modernas,19.4796293,-99.1059147,https://rentola.mx/listings/departamento-en-renta-en-granjas-modernas-gustavo-a-madero-cdmex-p91ef4d
rentola_rentas,Departamento en Renta,"Avenida Lázaro Cárdenas, Narvarte, 03440 Mexico City, CMX, Mexico",6700.0,1,0,0,515.0,30.0,No Identificada,Narvarte,19.4326,-99.1332,https://rentola.mx/listings/recamara-alta-con-escritorio-y-closet-p56e79b
rentola_rentas,Departamento en Renta,"LUNA ""Benita Galeana"", Avenida Gabriel Ramos Millán 95, Colonia Américas Unidas, 03610 Mexico City, Mexico",5500.0,1,0,0,324.0,30.0,Colonia Américas Unidas,Avenida Gabriel Ramos Millán 95,19.3835398,-99.143579,https://rentola.mx/listings/cuarto-amueblado-moderno-metro-nativitas-p4fdc90
rentola_rentas,Departamento en Renta,"Calle Felipe Carrillo Puerto 410, Polanco, 11440 Mexico City, Mexico",14500.0,2,0,0,322.0,30.0,Polanco,Polanco,19.43353,-99.190915,https://rentola.mx/listings/departamento-en-renta-anahuac-ii-seccion-miguel-hidalgo-cdmx-p7d8e91
rentola_rentas,Departamento en Renta,"Avenida Alpes, Lomas de Chapultepec, 11000 Mexico City, Mexico",27500.0,1,0,1,316.0,30.0,Lomas De Chapultepec,Lomas de Chapultepec,19.4156998,-99.2136879,https://rentola.mx/listings/suite-amueblada-av-de-los-alpes-lomas-de-chapultepec-miguel-hidalgo-p30edea
rentola_rentas,Departamento en Renta,"Calle Giacomo Puccini, Peralvillo, 06220 Mexico City, Mexico",14000.0,1,0,1,467.0,30.0,Peralvillo,Peralvillo,19.4561462,-99.1291304,https://rentola.mx/listings/loft-amueblado-para-1-o-2-personas-en-col-peralvillo-p5610e7
rentola_rentas,Departamento en Renta,"unnamed road, Colonia Ampliación Emiliano Zapata, 09638 Mexico City, Mexico",13500.0,3,0,0,68.0,30.0,Colonia Ampliación Emiliano Zapata,Colonia Ampliación Emiliano Zapata,19.339787,-98.9764252,https://rentola.mx/listings/casa-en-renta-ampliacion-emiliano-zapata-iztapalapa-ciudad-de-mexico-mex-p9dbf30
rentola_rentas,Departamento en Renta,"Carretera México - Toluca, Contadero, 05530 Mexico City, Mexico",27000.0,2,0,1,300.0,30.0,Contadero,Contadero,19.3495517,-99.3048926,https://rentola.mx/listings/departamento-en-renta-carretera-mexico-toluca-5860-5860-el-contadero-cuajimalpa-de-morelos-ciudad-de-mexico-05500-mex-pc44eb8
rentola_rentas,Departamento en Renta,"Avenida México-Coyoacán, Colonia Xoco, 03330 Mexico City, Mexico",42000.0,3,0,1,396.0,30.0,Coyoacán,Colonia Xoco,19.3585922,-99.1634845,https://rentola.mx/listings/departamento-amueblado-en-renta-en-city-towers-park-grand-p3d1984
rentola_rentas,Departamento en Renta,"Multiforo Cultural Alicia, Calle Eligio Ancona 145, Santa María la Ribera, 06400 Mexico City, CMX, Mexico",30000.0,2,0,1,288.0,30.0,No Identificada,Calle Eligio Ancona 145,19.4529545,-99.1577081,https://rentola.mx/listings/depto-en-impulso-de-dos-alcobas-p6c720f
rentola_rentas,Departamento en Renta,"Calle Monte de las Cruces, Las Maromas, 05410 Mexico City, Mexico",12000.0,2,0,1,100.0,30.0,Las Maromas,Las Maromas,19.3190342,-99.3294245,https://rentola.mx/listings/departamento-en-renta-av-monte-de-las-cruces-461-cruz-blanca-san-lorenzo-acopilco-cdmx-mexico-p254b06
rentola_rentas,Departamento en Renta,"Calle Fundidora de Monterrey, Colonia Peñón de los Baños, 15520 Mexico City, Mexico",10500.0,2,0,1,233.0,30.0,Colonia Peñón De Los Baños,Colonia Peñón de los Baños,19.4413002,-99.0787075,https://rentola.mx/listings/departamento-en-renta-calle-fundidora-monterrey-29-penon-de-los-banos-venustiano-carranza-ciudad-de-mexico-15520-mex-p3baeaf
rentola_rentas,Departamento en Renta,"Calle Magnolia 205, Colonia San Jerónimo Aculco, 10400 Mexico City, Mexico",29000.0,2,0,1,174.0,30.0,Colonia San Jerónimo Aculco,Colonia San Jerónimo Aculco,19.3177076,-99.2235278,https://rentola.mx/listings/casa-en-renta-calle-magnolia-260-san-jeronimo-lidice-la-magdalena-contreras-ciudad-de-mexico-10200-mex-p346f33
rentola_rentas,Departamento en Renta,"Cerrada Bellota, Colonia Lomas de Belvedere, 14250 Mexico City, CMX, Mexico",12000.0,3,0,1,150.0,30.0,No Identificada,Colonia Lomas de Belvedere,19.4326,-99.1332,https://rentola.mx/listings/departamento-en-renta-en-tlalpan-pinanona-p8ed517
rentola_rentas,Departamento en Renta,"Calle 19, Colonia San Pedro de los Pinos, 03800 Mexico City, Mexico",16000.0,2,0,1,246.0,30.0,Colonia San Pedro De Los Pinos,Colonia San Pedro de los Pinos,19.3901306,-99.1847553,https://rentola.mx/listings/departamento-col-san-pedro-de-los-pinos-p2a7472
rentola_rentas,Departamento en Renta,"Calle Salaverry, San Pedro Zacatenco, 07369 Mexico City, CMX, Mexico",5000.0,1,0,0,333.0,30.0,No Identificada,San Pedro Zacatenco,19.5036666,-99.1264059,https://rentola.mx/listings/habitacion-en-pb-en-renta-en-san-pedro-zacatenco-pc63c40
rentola_rentas,Departamento en Renta,"Calle Lago Neuchatel, Polanco, 11529 Mexico City, CMX, Mexico",16500.0,1,0,1,516.0,30.0,Polanco,Polanco,19.43353,-99.190915,https://rentola.mx/listings/busco-roomie-p-renta-de-recamara-amueblada-en-residencial-grand-tower-polanco-pe192f6
rentola_rentas,Departamento en Renta,"Calle Akil, Colonia Héroes de Padierna, 14200 Mexico City, Mexico",12700.0,1,0,1,195.0,30.0,Colonia Héroes De Padierna,Colonia Héroes de Padierna,19.3117877,-99.2264166,https://rentola.mx/listings/rento-depto-heroes-de-padierna-akil-tlalpan-p285738
rentola_rentas,Departamento en Renta,"Avenida El Fortín, Colonia Narciso Mendoza Súper Manzana 3 Villa Coapa, 14390 Mexico City, Mexico",12000.0,3,0,0,185.0,30.0,Colonia Narciso Mendoza Súper Manzana 3 Villa Coapa,Colonia Narciso Mendoza Súper Manzana 3 Villa Coapa,19.2876235,-99.1242334,https://rentola.mx/listings/departamento-en-renta-colonia-villa-coapa-tlalpan-ciudad-de-mexico-p469b77
rentola_rentas,Departamento en Renta,"Calle Belisario Domínguez 165, Coyoacán, 04100 Mexico City, CMX, Mexico",4500.0,1,0,0,321.0,30.0,Coyoacán,Coyoacán,19.3488917,-99.1629828,https://rentola.mx/listings/cuarto-entre-el-centro-de-coyoacan-y-los-viveros-pbbebf7
rentola_rentas,Departamento en Renta,"Calzada de los Misterios, Colonia Guadalupe Tepeyac, 07870 Mexico City, Mexico",6500.0,1,0,0,154.0,30.0,Colonia Guadalupe Tepeyac,Colonia Guadalupe Tepeyac,19.4675479,-99.1205924,https://rentola.mx/listings/single-room-in-coliving-p66ce81
rentola_rentas,Departamento en Renta,"Cerrada 1er Retorno, Lomas de Chamizal, 05129 Mexico City, Mexico",14500.0,1,0,1,290.0,30.0,Lomas De Chamizal,Lomas de Chamizal,19.3865976,-99.2651314,https://rentola.mx/listings/excelente-departamento-en-secretaria-de-marina-p2122eb
rentola_rentas,Departamento en Renta,"Calle José Balbuena Vera, Coapa, 04830 Mexico City, CMX, Mexico",7300.0,1,0,0,304.0,30.0,No Identificada,Coapa,19.3079445,-99.1267548,https://rentola.mx/listings/en-renta-linda-mini-loft-en-miramontes-pad9ea4
rentola_rentas,Departamento en Renta,"Calle Minerva 151, San Ángel, 01030 Mexico City, Mexico",71000.0,3,0,1,229.0,30.0,San Ángel,San Ángel,19.3443673,-99.1924473,https://rentola.mx/listings/casa-en-renta-florida-alvaro-obregon-cdmx-pc853a2
rentola_rentas,Departamento en Renta,"Calzada Candelaria 58, Unidad Habitacional Rosedal, 04330 Mexico City, Mexico",16000.0,2,0,1,239.0,30.0,Unidad Habitacional Rosedal,Unidad Habitacional Rosedal,19.3366906,-99.1491402,https://rentola.mx/listings/departamento-en-renta-los-reyes-coyoacan-cdmx-pb2c25b
rentola_rentas,Departamento en Renta,"Calle Pablo L. Sidar, Moctezuma 2ª. Sección, 15400 Mexico City, Mexico",11000.0,2,0,1,234.0,30.0,Moctezuma 2ª. Sección,Moctezuma 2ª. Sección,19.4410704,-99.0930336,https://rentola.mx/listings/departamento-en-renta-en-oceania-moctezuma-aeropuerto-p4be9af
rentola_rentas,Departamento en Renta,"El Mundo Feliz de los Bukis, Calle Augusto Ingres 120, Colonia Nonoalco, 03700 Mexico City, CMX, Mexico",4500.0,1,0,0,346.0,30.0,No Identificada,Calle Augusto Ingres 120,19.3819657,-99.1894424,https://rentola.mx/listings/rento-habitacion-super-ubicada-pe92b9b
rentola_rentas,Departamento en Renta,"Calle Maravilla, Colonia Los Ángeles, 09830 Mexico City, CMX, Mexico",7500.0,2,0,0,170.0,30.0,No Identificada,Colonia Los Ángeles,19.3431039,-99.0687056,https://rentola.mx/listings/departamento-col-los-angeles-pcfce84
rentola_rentas,Departamento en Renta,"Paseo de los Arquitectos, Santa Fe Cuajimalpa, 04349 Mexico City, Mexico",65000.0,3,0,1,378.0,30.0,Cuajimalpa de Morelos,Santa Fe Cuajimalpa,19.3581682,-99.272261,https://rentola.mx/listings/departamento-en-renta-organic-babies-world-santa-fe-cuajimalpa-cuajimalpa-de-morelos-ciudad-de-mexico-05348-mex-pc9c8aa
rentola_rentas,Departamento en Renta,"Sports World, Calle Lago Alberto 369, Polanco, 11320 Mexico City, Mexico",24500.0,1,0,0,322.0,30.0,Polanco,Calle Lago Alberto 369,19.4386574,-99.1807856,https://rentola.mx/listings/departamento-en-renta-vitant-polanco-by-be-grand-lago-alberto-369-anahuac-i-seccion-ciudad-de-mexico-cdmx-mexico-p26f29d
rentola_rentas,Departamento en Renta,"Calle Lago Alberto, Polanco, 11460 Mexico City, Mexico",25000.0,1,0,1,417.0,30.0,Polanco,Polanco,19.43353,-99.190915,https://rentola.mx/listings/departamento-en-renta-lago-alberto-320-granada-ciudad-de-mexico-cdmx-mexico-p77e4bc
rentola_rentas,Departamento en Renta,"Integra Soluciones, Calle Hamburgo 290, Condesa, 06600 Mexico City, Mexico",35000.0,2,0,1,389.0,30.0,Condesa,Calle Hamburgo 290,19.4224981,-99.172284,https://rentola.mx/listings/departamento-en-renta-calle-hamburgo-290-juarez-cuauhtemoc-ciudad-de-mexico-06600-mex-p417023
rentola_rentas,Departamento en Renta,"Viaducto Miguel Alemán, Escandón 2ª Sección, 11800 Mexico City, Mexico",6500.0,1,0,0,310.0,30.0,Escandón 2ª Sección,Escandón 2ª Sección,19.3999163,-99.1725533,https://rentola.mx/listings/departamento-en-renta-escandon-ii-seccion-miguel-hidalgo-cdmx-p2e65b8
rentola_rentas,Departamento en Renta,"Avenida Tláhuac, Colonia Santa Ana Sur, 13360 Mexico City, CMX, Mexico",9800.0,1,0,0,141.0,30.0,Tláhuac,Colonia Santa Ana Sur,19.294963,-99.039115,https://rentola.mx/listings/departamento-col-santa-ana-poniente-pa2a711
rentola_rentas,Departamento en Renta,"Calle Rubén Darío, Polanco, 11580 Mexico City, CMX, Mexico",15000.0,5,0,0,22.0,30.0,Polanco,Polanco,19.43353,-99.190915,https://rentola.mx/listings/glamoroso-departamento-en-ruben-dario-p7850e7
rentola_rentas,Departamento en Renta,"Retorno 813, Colonia El Centinela, 04450 Mexico City, Mexico",25000.0,3,0,0,167.0,30.0,Colonia El Centinela,Colonia El Centinela,19.3224823,-99.1333434,https://rentola.mx/listings/casa-en-condominio-col-educacion-pbce713
rentola_rentas,Departamento en Renta,"Calle Edgar Allan Poe, Polanco, 11540 Mexico City, CMX, Mexico",75000.0,3,0,0,232.0,30.0,Polanco,Polanco,19.43353,-99.190915,https://rentola.mx/listings/vta-moderno-garden-en-polanco-pa0eba0
rentola_rentas,Departamento en Renta,"Calle Oaxaca, Colonia Chalma de Guadalupe, 07210 Mexico City, Mexico",5800.0,1,0,0,145.0,30.0,Colonia Chalma De Guadalupe,Colonia Chalma de Guadalupe,19.5496171,-99.1463736,https://rentola.mx/listings/departamento-en-renta-loma-la-palma-gustavo-a-madero-p106a8c
rentola_rentas,Departamento en Renta,"Calle Madrid 108, Coyoacán, 04110 Mexico City, Mexico",20000.0,2,0,0,313.0,30.0,Coyoacán,Coyoacán,19.3488917,-99.1629828,https://rentola.mx/listings/casa-en-renta-colonia-del-carmen-coyoacan-cdmx-pe07b61
rentola_rentas,Departamento en Renta,"Avenida Municipio Libre 154, Colonia Portales Norte, 03303 Mexico City, Mexico",15000.0,2,0,1,176.0,30.0,Colonia Portales Norte,Colonia Portales Norte,19.3682616,-99.1492813,https://rentola.mx/listings/departamento-en-renta-portales-norte-benito-juarez-cdmx-p1bc742
rentola_rentas,Departamento en Renta,"Calle Cumbres de Maltrata, Narvarte, 03023 Mexico City, Mexico",12000.0,1,0,0,267.0,30.0,Narvarte,Narvarte,19.391616,-99.1513127,https://rentola.mx/listings/departamento-en-renta-cumbres-de-maltrata-263-narvarte-poniente-ciudad-de-mexico-cdmx-mexico-p16b269
rentola_rentas,Departamento en Renta,"Calle de los Farallones, Colonia Guadalupe Proletaria, 07670 Mexico City, Mexico",25000.0,4,0,1,96.0,30.0,Colonia Guadalupe Proletaria,Colonia Guadalupe Proletaria,19.5217368,-99.1537704,https://rentola.mx/listings/casa-col-acueducto-de-guadalupe-pbab2c9
rentola_rentas,Departamento en Renta,"Calle Lauro Aguirre, Agricultura, 11360 Mexico City, CMX, Mexico",5000.0,1,0,0,625.0,30.0,No Identificada,Agricultura,19.44941,-99.1654305,https://rentola.mx/listings/departamento-col-agricultura-p57996a
rentola_rentas,Departamento en Renta,"Calle Sisal, Colonia Sector 17, 14100 Mexico City, CMX, Mexico",8000.0,1,0,0,160.0,30.0,No Identificada,Colonia Sector 17,19.2785599,-99.237508,https://rentola.mx/listings/departamento-col-pedregal-de-san-nicolas-1a-seccion-p2f1f04
rentola_rentas,Departamento en Renta,"Calle Culiacán 29, Condesa, 06100 Mexico City, Mexico",9000.0,1,0,0,500.0,30.0,Condesa,Condesa,19.4148639,-99.176429,https://rentola.mx/listings/rento-cuarto-sin-amueblar-en-hipodromo-condesa-pa26828
rentola_rentas,Departamento en Renta,"Calle Alejandro Dumas, Polanco, 11550 Mexico City, Mexico",41500.0,2,0,1,319.0,30.0,Polanco,Polanco,19.43353,-99.190915,https://rentola.mx/listings/departamento-en-renta-polanco-iv-seccion-polanco-p948a6f
rentola_rentas,Departamento en Renta,"Calle Sierra Santa Rosa 62, Lomas de Chapultepec, 11010 Mexico City, Mexico",26000.0,2,0,1,260.0,30.0,Lomas De Chapultepec,Lomas de Chapultepec,19.4156998,-99.2136879,https://rentola.mx/listings/departamento-en-renta-calle-sierra-santa-rosa-71-79-reforma-social-miguel-hidalgo-ciudad-de-mexico-11650-mex-p568e75
rentola_rentas,Departamento en Renta,"Calle Pitágoras 936, Colonia Narvarte Poniente, 03020 Mexico City, Mexico",40000.0,4,0,1,234.0,30.0,Colonia Narvarte Poniente,Colonia Narvarte Poniente,19.3892973,-99.1612198,https://rentola.mx/listings/departamento-en-renta-narvarte-poniente-benito-juarez-cdmx-pddadaf
rentola_rentas,Departamento en Renta,"Calle Monte Blanco, Lomas de Chapultepec, 11000 Mexico City, Mexico",65000.0,2,0,1,325.0,30.0,Lomas De Chapultepec,Lomas de Chapultepec,19.4156998,-99.2136879,https://rentola.mx/listings/divino-departamento-en-renta-lomas-de-chapultepec-p90076c
rentola_rentas,Departamento en Renta,"Calle Oriente 237, Colonia Agua caliente, 08500 Mexico City, CMX, Mexico",15000.0,3,0,1,231.0,30.0,No Identificada,Colonia Agua caliente,19.4033433,-99.0740251,https://rentola.mx/listings/departamento-col-agricola-oriental-pd62f0c
rentola_rentas,Departamento en Renta,"Calle Durazno, San Jerónimo Aculco-Lídice, 10010 Mexico City, CMX, Mexico",9000.0,2,0,0,321.0,30.0,No Identificada,San Jerónimo Aculco-Lídice,19.3220293,-99.2411247,https://rentola.mx/listings/departamento-en-renta-san-jeronimo-lidice-la-magdalena-contreras-p9c9541
rentola_rentas,Departamento en Renta,"Andador 6, Colonia Estanzuela, 07060 Mexico City, CMX, Mexico",12900.0,3,0,1,113.0,30.0,No Identificada,Colonia Estanzuela,19.4925463,-99.1093669,https://rentola.mx/listings/departamento-en-renta-vasco-de-quiroga-gustavo-a-madero-p452871
rentola_rentas,Departamento en Renta,"Calle Mariano Abasolo, Colonia Santa María Tepepan, 16020 Mexico City, Mexico",13500.0,1,0,1,245.0,30.0,Colonia Santa María Tepepan,Colonia Santa María Tepepan,19.2667081,-99.1270048,https://rentola.mx/listings/departamento-en-renta-calle-mariano-abasolo-242-santa-maria-tepepan-xochimilco-ciudad-de-mexico-16020-mex-p7bd219
rentola_rentas,Departamento en Renta,"Calle Filadelfia, Del Valle, 03810 Mexico City, Mexico",26000.0,1,0,1,313.0,30.0,Del Valle,Del Valle,19.3829715,-99.1800979,https://rentola.mx/listings/departamento-en-renta-filadelfia-42-napoles-ciudad-de-mexico-cdmx-mexico-pa963e3
rentola_rentas,Departamento en Renta,"Viaducto Tlalpan, Fraccionamiento Residencial Chimali, 14370 Mexico City, CMX, Mexico",5000.0,1,0,0,417.0,30.0,Tlalpan,Fraccionamiento Residencial Chimali,19.293186,-99.1435914,https://rentola.mx/listings/linda-habitacion-comoda-y-limpia-con-bano-privado-pcf868f
rentola_rentas,Departamento en Renta,"Avenida Ejército Nacional Mexicano 453, Polanco, 11520 Mexico City, CMX, Mexico",14500.0,1,0,1,392.0,30.0,Polanco,Polanco,19.43353,-99.190915,https://rentola.mx/listings/habitacion-en-polanco-moderno-edificio-p5aa827
rentola_rentas,Departamento en Renta,"Perisur, Boulevard Adolfo Ruiz Cortines, Fraccionamiento Insurgentes Cuicuilco, 04530 Mexico City, CMX, Mexico",14800.0,3,0,1,322.0,30.0,No Identificada,Boulevard Adolfo Ruiz Cortines,19.3040433,-99.1900307,https://rentola.mx/listings/casa-en-renta-en-perisur-p73eb1f
rentola_rentas,Departamento en Renta,"Avenida Amsterdam 188, Condesa, 06100 Mexico City, Mexico",60000.0,3,0,1,429.0,30.0,Condesa,Condesa,19.4148639,-99.176429,https://rentola.mx/listings/departamento-en-renta-avenida-amsterdam-192-hipodromo-cuauhtemoc-ciudad-de-mexico-06100-mex-pb7d532
rentola_rentas,Departamento en Renta,"Lomas de Memetla, 05330 Mexico City, Mexico",35000.0,3,0,0,100.0,30.0,Lomas De Memetla,05330 Mexico City,19.3570077,-99.2908388,https://rentola.mx/listings/casa-en-renta-lomas-de-memetla-cuajimalpa-de-morelos-p04e0d1
rentola_rentas,Departamento en Renta,"Calle Tepalcatitlán, Colonia Industrial, 07800 Mexico City, Mexico",13500.0,2,0,1,338.0,30.0,Colonia Industrial,Colonia Industrial,19.5084773,-99.1579443,https://rentola.mx/listings/departamento-en-renta-tepalcatitlan-13-industrial-07800-ciudad-de-mexico-cdmx-mexico-pa387bc
rentola_rentas,Departamento en Renta,"Calle San Gabriel, Conjunto Buenavista, 04600 Mexico City, Mexico",5200.0,1,0,0,328.0,30.0,Conjunto Buenavista,Conjunto Buenavista,19.3058524,-99.1481486,https://rentola.mx/listings/habitacion-amueblada-bano-privado-p2e291a
rentola_rentas,Departamento en Renta,"Sur 132, Colonia Las Américas, 01120 Mexico City, Mexico",5500.0,1,0,0,324.0,30.0,Colonia Las Américas,Colonia Las Américas,19.3992902,-99.2047726,https://rentola.mx/listings/habitacion-amueblada-en-hospital-abc-observatorio-tren-interurbano-mex-toluca-pdbf723
rentola_rentas,Departamento en Renta,"Calzada General Ignacio Zaragoza, Colonia Agua caliente, 08160 Mexico City, Mexico",10000.0,2,0,1,222.0,30.0,Colonia Agua Caliente,Colonia Agua caliente,19.4057974,-99.0663725,https://rentola.mx/listings/departamento-en-renta-p46d4e7
rentola_rentas,Departamento en Renta,"unnamed road, Colonia Cuchilla de Padierna, 14220 Mexico City, Mexico",23000.0,3,0,1,112.0,30.0,Colonia Cuchilla De Padierna,Colonia Cuchilla de Padierna,19.2759456,-99.2185154,https://rentola.mx/listings/casa-en-renta-calle-kinchil-488-heroes-de-padierna-tlalpan-ciudad-de-mexico-14200-mex-pe7a082
rentola_rentas,Departamento en Renta,"Calle Manzanillo, Roma Sur, 06760 Mexico City, Mexico",36000.0,3,0,1,261.0,30.0,Roma Sur,Roma Sur,19.4037015,-99.1647831,https://rentola.mx/listings/casa-de-3-recamaras-en-roma-sur-cuauhtemoc-cdmx-p702b9d
rentola_rentas,Departamento en Renta,"Avenida Arteaga y Salazar, Contadero, 05370 Mexico City, Mexico",14000.0,1,0,1,280.0,30.0,Contadero,Contadero,19.3495517,-99.3048926,https://rentola.mx/listings/departamento-en-renta-avenida-arteaga-y-salazar-803-contadero-cuajimalpa-de-morelos-ciudad-de-mexico-05500-mex-paf7b76
rentola_rentas,Departamento en Renta,"Calle Sur 16, Colonia Agrícola Oriental, 08500 Mexico City, Mexico",19000.0,2,0,1,158.0,30.0,Colonia Agrícola Oriental,Colonia Agrícola Oriental,19.4079014,-99.0744066,https://rentola.mx/listings/departamento-en-renta-oriente-park-1-sur-16-101-agricola-oriental-ciudad-de-mexico-cdmx-mexico-pebeef1
rentola_rentas,Departamento en Renta,"Calle Lago Chapala 26, Anahuác 2ª Sección, 11310 Mexico City, CMX, Mexico",4600.0,1,0,0,329.0,30.0,No Identificada,Anahuác 2ª Sección,19.4389504,-99.1721825,https://rentola.mx/listings/recamara-todos-los-servicios-p8976e4
rentola_rentas,Departamento en Renta,"Cuajimalpa de Morelos, Mexico City, Mexico",37000.0,3,0,1,153.0,30.0,Cuajimalpa de Morelos,Mexico City,19.3532835,-99.294171,https://rentola.mx/listings/casa-en-renta-en-cuajimalpa-cuajimalpa-de-morelos-ciudad-de-mexico-pfed490
rentola_rentas,Departamento en Renta,"Paseo de los Arquitectos, Santa Fe Cuajimalpa, 04349 Mexico City, Mexico",58000.0,3,0,0,372.0,30.0,Cuajimalpa de Morelos,Santa Fe Cuajimalpa,19.3581682,-99.272261,https://rentola.mx/listings/departamento-en-renta-avenida-santa-fe-santa-fe-cuajimalpa-cuajimalpa-de-morelos-ciudad-de-mexico-05348-mex-p8d5a9d
rentola_rentas,Departamento en Renta,"Fralugio electronics wholesaler, Avenida Baja California 33, Centro Urbano Benito Juárez, 06760 Mexico City, CMX, Mexico",5500.0,1,0,0,324.0,30.0,Benito Juárez,Avenida Baja California 33,19.3718796,-99.157701,https://rentola.mx/listings/cuarto-roma-sur-con-bano-independiente-pbfcf36
rentola_rentas,Departamento en Renta,"Calle Nebraska 23, Del Valle, 03840 Mexico City, CMX, Mexico",12800.0,1,0,0,427.0,30.0,No Identificada,Del Valle,19.386333,-99.1750493,https://rentola.mx/listings/departamento-col-ampliacion-napoles-p572f69
rentola_rentas,Departamento en Renta,"Calle Celestún, Colonia Ampliación Miguel Hidalgo 4a. Sección, 14250 Mexico City, Mexico",22000.0,3,0,1,169.0,30.0,Miguel Hidalgo,Colonia Ampliación Miguel Hidalgo 4a. Sección,19.4071156,-99.1906167,https://rentola.mx/listings/se-renta-departamento-en-heroes-de-padierna-p45dbf3
rentola_rentas,Departamento en Renta,"Calle Santa María, Colonia Paraje Zacatepec, 09520 Mexico City, Mexico",18000.0,4,0,0,106.0,30.0,Colonia Paraje Zacatepec,Colonia Paraje Zacatepec,19.3579551,-99.0219567,https://rentola.mx/listings/casa-col-santa-maria-tomatlan-p789da5
rentola_rentas,Departamento en Renta,"Avenida Horacio, Polanco, 11570 Mexico City, Mexico",48000.0,3,0,1,253.0,30.0,Polanco,Polanco,19.43353,-99.190915,https://rentola.mx/listings/departamento-en-renta-emerson-polanco-polanco-v-seccion-ciudad-de-mexico-cdmx-mexico-p0da5f1
rentola_rentas,Departamento en Renta,"Calle Ocotepec, San Jerónimo Aculco-Lídice, 10200 Mexico City, Mexico",45000.0,4,0,1,118.0,30.0,San Jerónimo Aculco-Lídice,San Jerónimo Aculco-Lídice,19.3301222,-99.212149,https://rentola.mx/listings/casa-en-fraccionamiento-en-renta-san-jeronimo-lidice-ciudad-de-mexico-cdmx-mexico-pa3ce10
rentola_rentas,Departamento en Renta,"Prolongación Santa Tecla, Colonia Copilco III, 04330 Mexico City, Mexico",16600.0,1,0,1,353.0,30.0,Colonia Copilco Iii,Colonia Copilco III,19.3418563,-99.1541876,https://rentola.mx/listings/departamento-en-renta-pee368a
rentola_rentas,Departamento en Renta,"Calle Laguna de Mayrán, Polanco, 11320 Mexico City, Mexico",23000.0,2,0,1,338.0,30.0,Polanco,Polanco,19.43353,-99.190915,https://rentola.mx/listings/departamento-en-renta-anahuac-i-seccion-miguel-hidalgo-cdmx-p1b26da
rentola_rentas,Departamento en Renta,"Cerrada Abedul, Colonia Chimilli, 14749 Mexico City, Mexico",16000.0,2,0,1,90.0,30.0,Colonia Chimilli,Colonia Chimilli,19.269702,-99.2199399,https://rentola.mx/listings/casa-en-renta-5-de-mayo-21-chimilli-ciudad-de-mexico-cdmx-mexico-pbfce87
rentola_rentas,Departamento en Renta,"Calle B Manzana II, Colonia Quetzalcóatl, 04400 Mexico City, CMX, Mexico",26000.0,2,0,1,200.0,30.0,No Identificada,Colonia Quetzalcóatl,19.3379672,-99.1289166,https://rentola.mx/listings/casa-col-educacion-pf7938c
rentola_rentas,Departamento en Renta,"Calle Oriente 237, Colonia Agua caliente, 08160 Mexico City, Mexico",12500.0,2,0,1,223.0,30.0,Colonia Agua Caliente,Colonia Agua caliente,19.4057974,-99.0663725,https://rentola.mx/listings/departamento-col-agricola-oriental-p35ff3f
rentola_rentas,Departamento en Renta,"Calle Manuel Acuña, Colonia San Francisco Tetecala, 02730 Mexico City, Mexico",13000.0,2,0,1,317.0,30.0,Colonia San Francisco Tetecala,Colonia San Francisco Tetecala,19.4831755,-99.1898823,https://rentola.mx/listings/departamento-en-renta-azcapotzalco-metro-camarones-pf5b6c2
rentola_rentas,Departamento en Renta,"Avenida de las Torres, Olivar de los Padres, 01770 Mexico City, Mexico",24600.0,2,0,1,308.0,30.0,Olivar De Los Padres,Olivar de los Padres,19.3375801,-99.2448956,https://rentola.mx/listings/departamento-en-renta-avenida-las-torres-584-707-olivar-de-los-padres-alvaro-obregon-ciudad-de-mexico-01780-mex-p0fa833
rentola_rentas,Departamento en Renta,"Calle Guillermo Prieto 28, San Jerónimo Aculco-Lídice, 10000 Mexico City, Mexico",28000.0,1,0,0,326.0,30.0,San Jerónimo Aculco-Lídice,San Jerónimo Aculco-Lídice,19.3301222,-99.212149,https://rentola.mx/listings/casa-en-renta-lomas-quebradas-la-magdalena-contreras-p648781
rentola_rentas,Departamento en Renta,"Avenida Carlos Lazo, Santa Fe Cuajimalpa, 01389 Mexico City, Mexico",115000.0,3,0,0,451.0,30.0,Cuajimalpa de Morelos,Santa Fe Cuajimalpa,19.3581682,-99.272261,https://rentola.mx/listings/departamento-en-renta-en-parque-reforma-cumbres-de-santa-fe-pf16705
rentola_rentas,Departamento en Renta,"FONDA ""Dorita"", Calzada Casa del Obrero Mundial, Narvarte, 03023 Mexico City, CMX, Mexico",19000.0,3,0,1,241.0,30.0,No Identificada,Calzada Casa del Obrero Mundial,19.4020076,-99.1473744,https://rentola.mx/listings/departamento-col-narvarte-poniente-p5fb4b0
rentola_rentas,Departamento en Renta,"Instituto Nacional de Migración (INM) - HQ, Avenida Homero 1832, Polanco 1ª Sección, 11510 Mexico City, CMX, Mexico",6000.0,3,0,1,33.0,30.0,Polanco,Avenida Homero 1832,19.4368989,-99.2113769,https://rentola.mx/listings/renta-departamento-amueblado-polanco-residencial-avenue-polanco-pbfaf99
rentola_rentas,Departamento en Renta,"Calle Luis Vives, Polanco 1ª Sección, 11510 Mexico City, CMX, Mexico",11500.0,1,0,0,479.0,30.0,Polanco,Polanco 1ª Sección,19.4361854,-99.2098077,https://rentola.mx/listings/renta-recamara-polanco-p3b0bf2
rentola_rentas,Departamento en Renta,"Marina Nacional 385, Avenida Marina Nacional 385, Verónica Anzures, 11300 Mexico City, Mexico",10000.0,1,0,0,323.0,30.0,Verónica Anzures,Avenida Marina Nacional 385,19.4376429,-99.1724983,https://rentola.mx/listings/rento-linda-y-comoda-habitacion-en-marina-nacional-pb2030f
rentola_rentas,Departamento en Renta,"Avenida Campos Elíseos, Polanco 5ª Sección, 11560 Mexico City, CMX, Mexico",6000.0,1,0,1,500.0,30.0,Polanco,Polanco 5ª Sección,19.4327987,-99.1875474,https://rentola.mx/listings/departamento-amueblado-en-polanco-p38bcfb
rentola_rentas,Departamento en Renta,"Avenida Baja California, Roma Sur, 06760 Mexico City, CMX, Mexico",8500.0,1,0,0,405.0,30.0,Roma Sur,Roma Sur,19.4037015,-99.1647831,https://rentola.mx/listings/habitacion-con-bano-propio-en-roma-sur-p72ab8b
rentola_rentas,Departamento en Renta,"Hipódromo de las Américas, Colonia Lomas de Sotelo, 11200 Mexico City, Mexico",20800.0,1,0,1,315.0,30.0,Colonia Lomas De Sotelo,Colonia Lomas de Sotelo,19.4497398,-99.2150977,https://rentola.mx/listings/departamento-en-renta-lomas-de-sotelo-miguel-hidalgo-cdmx-p8af561
rentola_rentas,Departamento en Renta,"Avenida Cuauhtémoc, Colonia Narvarte Poniente, 03020 Mexico City, Mexico",35000.0,3,0,1,368.0,30.0,Cuauhtémoc,Colonia Narvarte Poniente,19.4326296,-99.1331785,https://rentola.mx/listings/departamento-en-renta-avenida-cuauhtemoc-1168-letran-valle-benito-juarez-ciudad-de-mexico-03650-mex-p0f4307
rentola_rentas,Departamento en Renta,"Calle Guadalupe Victoria, Colonia Miguel Hidalgo 2a. Sección, 14250 Mexico City, Mexico",10000.0,1,0,0,143.0,30.0,Miguel Hidalgo,Colonia Miguel Hidalgo 2a. Sección,19.4486614,-99.1714612,https://rentola.mx/listings/casa-en-condominio-en-renta-guadalupe-victoria-10-miguel-hidalgo-3ra-seccion-ciudad-de-mexico-cdmx-mexico-p098fcf
rentola_rentas,Departamento en Renta,"Calle Adolfo Prieto 708, Del Valle, 03103 Mexico City, Mexico",16000.0,1,0,1,267.0,30.0,Del Valle,Del Valle,19.3829715,-99.1800979,https://rentola.mx/listings/en-renta-col-del-valle-1-rec-con-posibilidad-de-2-p17b43c
rentola_rentas,Departamento en Renta,"Calle Francisco J. Clavijero, Tránsito, 06820 Mexico City, Mexico",14000.0,2,0,1,280.0,30.0,Tránsito,Tránsito,19.4177785,-99.1314778,https://rentola.mx/listings/departamento-col-esperanza-pd5bfcc
rentola_rentas,Departamento en Renta,"Calle la Tortuga, Colonia Fuentes de Tepepan, 14646 Mexico City, Mexico",38500.0,4,0,1,84.0,30.0,Colonia Fuentes De Tepepan,Colonia Fuentes de Tepepan,19.2670201,-99.1514186,https://rentola.mx/listings/casa-en-renta-fuentes-de-tepepan-ciudad-de-mexico-cdmx-mexico-p9cc649
rentola_rentas,Departamento en Renta,"Prolongación Paseo de la Reforma, Santa Fe Peña Blanca, 05119 Mexico City, Mexico",37000.0,2,0,0,370.0,30.0,Santa Fe Peña Blanca,Santa Fe Peña Blanca,19.3747038,-99.2607972,https://rentola.mx/listings/departamento-en-renta-prolongacion-paseo-de-la-reforma-zedec-santa-fe-ciudad-de-mexico-cdmx-mexico-p1b82d9
rentola_rentas,Departamento en Renta,"Paseo de los Arquitectos, Santa Fe Cuajimalpa, 04349 Mexico City, Mexico",45000.0,2,0,1,290.0,30.0,Cuajimalpa de Morelos,Santa Fe Cuajimalpa,19.3581682,-99.272261,https://rentola.mx/listings/departamento-en-renta-av-santa-fe-546-santa-fe-cuajimalpa-ciudad-de-mexico-cdmx-mexico-p69bd4a
rentola_rentas,Departamento en Renta,"Starbucks, Calle Lago Alberto, Polanco, 11460 Mexico City, Mexico",32000.0,2,0,1,305.0,30.0,Polanco,Calle Lago Alberto,19.4402177,-99.1870609,https://rentola.mx/listings/departamento-en-renta-avenida-lago-alberto-320-granada-miguel-hidalgo-ciudad-de-mexico-11520-mex-p3b046e
rentola_rentas,Departamento en Renta,"Biblioteca Tec, Boulevard Adolfo Ruiz Cortines 666, Colonia Glorieta de Vaqueritos, 14380 Mexico City, CMX, Mexico",13500.0,1,0,1,300.0,30.0,No Identificada,Boulevard Adolfo Ruiz Cortines 666,19.4326,-99.1332,https://rentola.mx/listings/departamento-en-renta-san-bartolo-el-chico-tlalpan-ciudad-de-mexico-14380-mex-pb40f59
rentola_rentas,Departamento en Renta,"Calle de la Constitución, Escandón 1ª Sección, 11850 Mexico City, CMX, Mexico",4800.0,1,0,0,320.0,30.0,No Identificada,Escandón 1ª Sección,19.4023372,-99.182484,https://rentola.mx/listings/casa-mary-p5dfc3f
rentola_rentas,Departamento en Renta,"Calle Mártires de la Conquista, Tacubaya, 11870 Mexico City, CMX, Mexico",4000.0,1,0,0,267.0,30.0,No Identificada,Tacubaya,19.4326,-99.1332,https://rentola.mx/listings/cuarto-en-renta-tacubaya-azotea-e-p9ea384
rentola_rentas,Departamento en Renta,"Avenida Nuevo León 213, Condesa, 06100 Mexico City, Mexico",65000.0,2,0,1,670.0,30.0,Condesa,Condesa,19.4148639,-99.176429,https://rentola.mx/listings/departamento-en-renta-avenida-nuevo-leon-217-hipodromo-cuauhtemoc-ciudad-de-mexico-06100-mex-p6bb32a
rentola_rentas,Departamento en Renta,"Calle Sierra Mojada, Lomas de Chapultepec, 11010 Mexico City, Mexico",115000.0,3,0,0,556.0,30.0,Lomas De Chapultepec,Lomas de Chapultepec,19.4156998,-99.2136879,https://rentola.mx/listings/casa-en-renta-sierra-mojada-110-lomas-virreyes-lomas-de-chapultepec-ciudad-de-mexico-cdmx-mexico-pc3c28f
rentola_rentas,Departamento en Renta,"Calle Cerro de la Juvencia, Colonia Campestre Churubusco, 04200 Mexico City, CMX, Mexico",8500.0,1,0,1,283.0,30.0,No Identificada,Colonia Campestre Churubusco,19.3434043,-99.1359574,https://rentola.mx/listings/a-15-minutos-caminando-del-metro-taxquena-pc90da8
rentola_rentas,Departamento en Renta,"unnamed road, San Jerónimo Aculco-Lídice, 10130 Mexico City, CMX, Mexico",5000.0,1,0,0,333.0,30.0,No Identificada,San Jerónimo Aculco-Lídice,19.3220293,-99.2411247,https://rentola.mx/listings/cuarto-para-estudiante-o-persona-sola-peb2aeb
rentola_rentas,Departamento en Renta,"Calle Litografía, 20 de Noviembre, 15300 Mexico City, CMX, Mexico",8000.0,1,0,0,160.0,30.0,No Identificada,20 de Noviembre,19.4416362,-99.1103021,https://rentola.mx/listings/departamento-col-20-de-noviembre-p678ccb
rentola_rentas,Departamento en Renta,"Calle Estampado, 20 de Noviembre, 15340 Mexico City, CMX, Mexico",10000.0,2,0,0,167.0,30.0,No Identificada,20 de Noviembre,19.4416362,-99.1103021,https://rentola.mx/listings/departamento-col-20-de-noviembre-pf73d03
rentola_rentas,Departamento en Renta,"Avenida Desierto de los Leones, Cuajimalpa de Morelos, 05740 Mexico City, Mexico",13000.0,1,0,1,81.0,30.0,Cuajimalpa de Morelos,Cuajimalpa de Morelos,19.3548006,-99.2927146,https://rentola.mx/listings/casa-en-renta-avenida-desierto-de-los-leones-840-santa-rosa-xochiac-alvaro-obregon-ciudad-de-mexico-05610-mex-pf4a345
rentola_rentas,Departamento en Renta,"Andador José Clemente Orozco, Argentina Poniente, 11230 Mexico City, Mexico",5000.0,1,0,1,312.0,30.0,Argentina Poniente,Argentina Poniente,19.4562386,-99.2079204,https://rentola.mx/listings/recamara-individual-toreo-polanco-pd69db6
rentola_rentas,Departamento en Renta,"Obrera, Avenida Lázaro Cárdenas, 06800 Mexico City, CMX, Mexico",5000.0,1,0,1,227.0,30.0,No Identificada,Avenida Lázaro Cárdenas,19.4132002,-99.1440487,https://rentola.mx/listings/obrera-pbce72b
rentola_rentas,Departamento en Renta,"Calzada Santa Cruz, Colonia Albert, 03560 Mexico City, Mexico",5000.0,1,0,0,500.0,30.0,Colonia Albert,Colonia Albert,19.3706012,-99.1394057,https://rentola.mx/listings/m-portales-recamara-en-depa-habitado-x-1-persona-pdb942c
rentola_rentas,Departamento en Renta,"Calle Dragón 30, Coyoacán, 03310 Mexico City, CMX, Mexico",5000.0,1,0,0,238.0,30.0,Coyoacán,Coyoacán,19.3488917,-99.1629828,https://rentola.mx/listings/se-renta-habitacion-amueblada-p84a1ff
rentola_rentas,Departamento en Renta,"unnamed road, Lomas de Chapultepec, 11000 Mexico City, CMX, Mexico",23000.0,1,0,0,319.0,30.0,No Identificada,Lomas de Chapultepec,19.4306822,-99.2118,https://rentola.mx/listings/hermoso-loft-en-renta-amueblado-en-lomas-altas-p139cf3
rentola_rentas,Departamento en Renta,"Calle Lago Chapala 26, Colonia Anáhuac, 11320 Mexico City, CMX, Mexico",8500.0,1,0,0,315.0,30.0,No Identificada,Colonia Anáhuac,19.4473094,-99.1744059,https://rentola.mx/listings/rento-cuarto-p4799b4
rentola_rentas,Departamento en Renta,"Avenida Vasco de Quiroga, Santa Fe Peña Blanca, 01376 Mexico City, CMX, Mexico",29500.0,2,0,0,164.0,30.0,No Identificada,Santa Fe Peña Blanca,19.3675834,-99.263975,https://rentola.mx/listings/renta-departamento-en-scala-santa-fe-pbe9f5f
rentola_rentas,Departamento en Renta,"Calle Hacienda Santa Cecilia, Coapa, 04950 Mexico City, Mexico",35000.0,3,0,0,112.0,30.0,Coapa,Coapa,19.317015,-99.1120701,https://rentola.mx/listings/casa-en-renta-santa-cecilia-coyoacan-cdmx-pebc904
rentola_rentas,Departamento en Renta,"Cerrada Xóchitl, Colonia Miguel Hidalgo, 14000 Mexico City, Mexico",37000.0,3,0,1,129.0,30.0,Miguel Hidalgo,Colonia Miguel Hidalgo,19.4156998,-99.2136879,https://rentola.mx/listings/casa-en-renta-cerrada-xochitl-30-miguel-hidalgo-1-ra-seccion-tlalpan-ciudad-de-mexico-14250-mex-p54fe6d
rentola_rentas,Departamento en Renta,"Calle Polanco, Polanco, 11570 Mexico City, Mexico",65000.0,3,0,0,316.0,30.0,Polanco,Polanco,19.43353,-99.190915,https://rentola.mx/listings/departamento-en-renta-polanco-iv-seccion-polanco-p7af634
rentola_rentas,Departamento en Renta,"Avenida Europa, Colonia 8 de Agosto, 01180 Mexico City, Mexico",12000.0,2,0,1,176.0,30.0,Colonia 8 De Agosto,Colonia 8 de Agosto,19.3924894,-99.1910885,https://rentola.mx/listings/departamento-en-renta-unidad-demet-san-pedro-de-los-pinos-c-canario-175-san-pedro-de-los-pinos-01180-ciudad-de-mexico-cdmx-p5fbc73
rentola_rentas,Departamento en Renta,"Calle Pinos, Tlalpan, 14760 Mexico City, Mexico",29000.0,4,0,1,53.0,30.0,Tlalpan,Tlalpan,19.3038442,-99.2079494,https://rentola.mx/listings/casa-en-renta-eduardo-hay-ciudad-de-mexico-cdmx-mexico-p1f43dc
rentola_rentas,Departamento en Renta,"Calle Alpes, San Ángel, 01010 Mexico City, Mexico",35000.0,2,0,1,292.0,30.0,San Ángel,San Ángel,19.3443673,-99.1924473,https://rentola.mx/listings/departamento-en-renta-los-alpes-alvaro-obregon-cdmx-pd75da7
rentola_rentas,Departamento en Renta,"Calle Norte 64 A, Colonia Belisario Domínguez Sección XVI, 07860 Mexico City, Mexico",5600.0,1,0,0,160.0,30.0,Colonia Belisario Domínguez Sección Xvi,Colonia Belisario Domínguez Sección XVI,19.4626231,-99.1108783,https://rentola.mx/listings/departamento-en-renta-calle-norte-72-a-martires-de-rio-blanco-gustavo-a-madero-ciudad-de-mexico-07890-mex-p885051
rentola_rentas,Departamento en Renta,"Avenida Horacio, Polanco, 11570 Mexico City, CMX, Mexico",32000.0,2,0,1,267.0,30.0,Polanco,Polanco,19.43353,-99.190915,https://rentola.mx/listings/departamento-en-renta-calle-emerson-polanco-miguel-hidalgo-ciudad-de-mexico-11560-mex-p251cc1
rentola_rentas,Departamento en Renta,"Escuela Secundaria Técnica No. 5 ""Rafael Dondé"", Calle Lago Alberto 431, Polanco, 11320 Mexico City, CMX, Mexico",35000.0,2,0,1,412.0,30.0,Polanco,Calle Lago Alberto 431,19.4384393,-99.1821131,https://rentola.mx/listings/departamento-en-renta-lago-alberto-300-anahuac-ciudad-de-mexico-cdmx-mexico-p39e908
rentola_rentas,Departamento en Renta,"Paseo de la Cañada, Santa Fe Cuajimalpa, 01580 Mexico City, Mexico",110000.0,3,0,1,193.0,30.0,Cuajimalpa de Morelos,Santa Fe Cuajimalpa,19.3581682,-99.272261,https://rentola.mx/listings/casa-en-condominio-en-renta-san-mateo-tlaltenango-cuajimalpa-de-morelos-p018d2e
rentola_rentas,Departamento en Renta,"Pan comido, Calle Tonalá 91, Roma Norte, 06700 Mexico City, Mexico",6000.0,1,0,0,316.0,30.0,Roma Norte,Calle Tonalá 91,19.4171872,-99.1623842,https://rentola.mx/listings/6000-amplio-cuarto-para-mujer-en-la-roma-norte-pd2a0db
rentola_rentas,Departamento en Renta,"Carretera México - Toluca (Cuota), Santa Fe Peña Blanca, 01330 Mexico City, Mexico",24500.0,1,0,0,377.0,30.0,Santa Fe Peña Blanca,Santa Fe Peña Blanca,19.3747038,-99.2607972,https://rentola.mx/listings/departamento-en-renta-santa-fe-alvaro-obregon-ciudad-de-mexico-01376-mex-p5aabcc
rentola_rentas,Departamento en Renta,"Calle Lago Ammer, Pensil Norte, 11430 Mexico City, Mexico",17500.0,2,0,1,292.0,30.0,Pensil Norte,Pensil Norte,19.4492088,-99.1945293,https://rentola.mx/listings/departamento-en-renta-calle-lago-ammer-48-pensil-norte-miguel-hidalgo-ciudad-de-mexico-11430-mex-p52d120
rentola_rentas,Departamento en Renta,"Calle Manuel M. Ponce, San Ángel, 01020 Mexico City, CMX, Mexico",35000.0,2,0,1,194.0,30.0,No Identificada,San Ángel,19.4326,-99.1332,https://rentola.mx/listings/casa-en-guadalupe-inn-p385481
rentola_rentas,Departamento en Renta,"Avenida Santa Fe, Jalalpa, 01376 Mexico City, Mexico",45000.0,2,0,1,300.0,30.0,Jalalpa,Jalalpa,19.3683696,-99.2437213,https://rentola.mx/listings/departamento-aaa-en-santa-fe-terre-p98d3a2
rentola_rentas,Departamento en Renta,"Avenida Nuevo León 18, Condesa, 06140 Mexico City, Mexico",52000.0,2,0,1,317.0,30.0,Condesa,Condesa,19.4148639,-99.176429,https://rentola.mx/listings/renta-en-condesa-frente-a-parque-espana-p25bd18
rentola_rentas,Departamento en Renta,"Avenida Lomas de Sotelo, Lomas Hermosa, 11200 Mexico City, CMX, Mexico",16100.0,2,0,0,209.0,30.0,No Identificada,Lomas Hermosa,19.4454159,-99.2173815,https://rentola.mx/listings/departamento-en-renta-av-lomas-de-sotelo-miguel-hidalgo-cdmx-p56f05a
rentola_rentas,Departamento en Renta,"Calle Lago Como 236, Polanco, 11460 Mexico City, Mexico",35000.0,2,0,1,304.0,30.0,Polanco,Polanco,19.43353,-99.190915,https://rentola.mx/listings/departamento-en-renta-cerca-de-polanco-2-estacionamientos-pet-friendly-p85f151
rentola_rentas,Departamento en Renta,"unnamed road, Polanco, 11560 Mexico City, CMX, Mexico",5000.0,2,0,1,33.0,30.0,Polanco,Polanco,19.43353,-99.190915,https://rentola.mx/listings/departamento-amueblado-en-campos-eliseos-polanco-v-seccion-p5f9e38
rentola_rentas,Departamento en Renta,"Calle Antiguo Canal, Zona Escolar - Arbolillo - Jorge Negrete, 07268 Mexico City, CMX, Mexico",15000.0,3,0,1,147.0,30.0,No Identificada,Zona Escolar - Arbolillo - Jorge Negrete,19.5311631,-99.1536982,https://rentola.mx/listings/exclusivo-departamento-en-renta-solidaridad-nacional-gustavo-a-madero-p0324bc
rentola_rentas,Departamento en Renta,"Calle Clavel, Colonia Díaz Ordaz, 04390 Mexico City, Mexico",14200.0,2,0,1,263.0,30.0,Colonia Díaz Ordaz,Colonia Díaz Ordaz,19.3273743,-99.1465217,https://rentola.mx/listings/departamento-col-pueblo-la-candelaria-p1080ac
rentola_rentas,Departamento en Renta,"Avenida Paseo de la Reforma, Lomas de Chapultepec, 11000 Mexico City, Mexico",87000.0,3,0,1,149.0,30.0,Lomas De Chapultepec,Lomas de Chapultepec,19.4156998,-99.2136879,https://rentola.mx/listings/departamento-en-renta-avenida-paseo-de-la-reforma-lomas-de-chapultepec-ciudad-de-mexico-cdmx-mexico-p21beb0
rentola_rentas,Departamento en Renta,"Calle Tlaxcaltecas 59, Colonia San Francisco Xocotitla, 02960 Mexico City, Mexico",6500.0,1,0,0,542.0,30.0,Colonia San Francisco Xocotitla,Colonia San Francisco Xocotitla,19.4641375,-99.1557868,https://rentola.mx/listings/departamento-en-renta-calle-tlaxcaltecas-50-la-raza-azcapotzalco-ciudad-de-mexico-02990-mex-p9785d8
rentola_rentas,Departamento en Renta,"Avenida Fresno, Colonia Los Fresnos, 04650 Mexico City, Mexico",11000.0,1,0,0,324.0,30.0,Colonia Los Fresnos,Colonia Los Fresnos,19.3156584,-99.1431167,https://rentola.mx/listings/be-grand-coyoacan-cuarto-en-renta-pf54c3a
rentola_rentas,Departamento en Renta,"Calle Constitución de 1857 9, Colonia La Escalera, 07320 Mexico City, CMX, Mexico",15000.0,3,0,1,326.0,30.0,No Identificada,Colonia La Escalera,19.514275,-99.1350733,https://rentola.mx/listings/departamento-en-renta-sta-maria-ticoman-gustavo-a-madero-cdmx-p3f68ca
rentola_rentas,Departamento en Renta,"Avenida Ingeniero Eduardo Molina, Colonia Del Obrero, 07430 Mexico City, CMX, Mexico",7800.0,2,0,1,132.0,30.0,No Identificada,Colonia Del Obrero,19.5002144,-99.0892469,https://rentola.mx/listings/departamento-en-renta-vasco-de-quiroga-gustavo-a-madero-pf02794
rentola_rentas,Departamento en Renta,"Calle Panticosa, Colonia Cerro de la Estrella, 09860 Mexico City, CMX, Mexico",5000.0,1,0,1,250.0,30.0,No Identificada,Colonia Cerro de la Estrella,19.3259062,-99.0789991,https://rentola.mx/listings/departamento-en-renta-calle-panticosa-2-38-cerro-de-la-estrella-iztapalapa-ciudad-de-mexico-09860-mex-pc777bc
rentola_rentas,Departamento en Renta,"Privada Estacionamiento, San Jerónimo Aculco-Lídice, 10130 Mexico City, Mexico",14500.0,3,0,0,121.0,30.0,San Jerónimo Aculco-Lídice,San Jerónimo Aculco-Lídice,19.3301222,-99.212149,https://rentola.mx/listings/casa-en-renta-san-jeronimo-lidice-la-magdalena-contreras-p3b9090
rentola_rentas,Departamento en Renta,"Centro Santa Fe, Avenida Santa Fe, Santa Fe Cuajimalpa, 05348 Mexico City, CMX, Mexico",47000.0,2,0,1,362.0,30.0,Cuajimalpa de Morelos,Avenida Santa Fe,19.3629245,-99.2653191,https://rentola.mx/listings/departamento-de-lujo-en-origina-santa-fe-pcb3f0e
rentola_rentas,Departamento en Renta,"Avenida Fray Servando Teresa de Mier, Aeronáutica Militar, 15950 Mexico City, Mexico",12000.0,2,0,0,197.0,30.0,Aeronáutica Militar,Aeronáutica Militar,19.4187166,-99.1155218,https://rentola.mx/listings/departamento-en-renta-sur-111-aeronautica-militar-ciudad-de-mexico-cdmx-mexico-p59b08d
rentola_rentas,Departamento en Renta,"Portales, Calzada de Tlalpan, Colonia Albert, 03560 Mexico City, CMX, Mexico",9100.0,1,0,0,182.0,30.0,Tlalpan,Calzada de Tlalpan,19.298041,-99.1517788,https://rentola.mx/listings/balboa-1002-depto-6-col-portales-pd16831
rentola_rentas,Departamento en Renta,"Garabatos, Prolongación Paseo de la Reforma, Santa Fe Cuajimalpa, 05348 Mexico City, CMX, Mexico",31000.0,1,0,1,344.0,30.0,Cuajimalpa de Morelos,Prolongación Paseo de la Reforma,19.3657572,-99.2668386,https://rentola.mx/listings/departamento-en-renta-en-torre-300-con-balcon-p06f372
rentola_rentas,Departamento en Renta,"Calle Coahuila, San Pedro Cuajimalpa, 05000 Mexico City, CMX, Mexico",12000.0,3,0,1,100.0,30.0,Cuajimalpa de Morelos,San Pedro Cuajimalpa,19.3574168,-99.3000541,https://rentola.mx/listings/departamento-en-renta-en-cuajimalpa-cuajimalpa-de-morelos-pc5fb1b
rentola_rentas,Departamento en Renta,"Calle Mirador, Colonia La Nopalera, 14646 Mexico City, Mexico",32000.0,3,0,1,218.0,30.0,Colonia La Nopalera,Colonia La Nopalera,19.2965377,-99.0549682,https://rentola.mx/listings/casa-en-condominio-en-renta-mirador-63-fuentes-de-tepepan-ciudad-de-mexico-cdmx-mexico-pa0479b
rentola_rentas,Departamento en Renta,"Calle José Simón Bolívar, Colonia Miguel Alemán, 03420 Mexico City, Mexico",16000.0,2,0,1,267.0,30.0,Colonia Miguel Alemán,Colonia Miguel Alemán,19.3898354,-99.1444529,https://rentola.mx/listings/departamento-col-alamos-p12135d
rentola_rentas,Departamento en Renta,"Calzada Ermita Iztapalapa 1514, Colonia 8a. Ampliación San Miguel, 09837 Mexico City, Mexico",10000.0,2,0,0,159.0,30.0,Iztapalapa,Colonia 8a. Ampliación San Miguel,19.3526182,-99.0801411,https://rentola.mx/listings/renta-de-departamento-en-ermita-iztapalapa-p8dd28c
rentola_rentas,Departamento en Renta,"Avenida La Garita, Colonia Narciso Mendoza Súper Manzana 6 Villa Coapa, 14390 Mexico City, CMX, Mexico",5500.0,1,0,0,500.0,30.0,No Identificada,Colonia Narciso Mendoza Súper Manzana 6 Villa Coapa,19.2916656,-99.1210992,https://rentola.mx/listings/coliving-estudiantes-y-residentes-p0248e4
rentola_rentas,Departamento en Renta,"Calle Fernández Leal 62, Coyoacán, 04020 Mexico City, Mexico",22000.0,1,0,0,191.0,30.0,Coyoacán,Coyoacán,19.3488917,-99.1629828,https://rentola.mx/listings/departamento-en-renta-calle-manuel-fernandez-leal-62-82-la-concepcion-coyoacan-ciudad-de-mexico-04020-mex-p9ce0ea
rentola_rentas,Departamento en Renta,"Cerrada Doctor José Ignacio Bartolache 1057, Del Valle, 03100 Mexico City, Mexico",16000.0,2,0,0,314.0,30.0,Del Valle,Del Valle,19.3829715,-99.1800979,https://rentola.mx/listings/departamento-en-renta-acm-cine-cerrada-doctor-jose-ignacio-bartoloche-del-valle-centro-benito-juarez-ciudad-de-mexico-03100-p5e56aa
rentola_rentas,Departamento en Renta,"Calle Alcázar de Toledo, Lomas de Chapultepec, 11930 Mexico City, Mexico",70000.0,3,0,0,111.0,30.0,Lomas De Chapultepec,Lomas de Chapultepec,19.4156998,-99.2136879,https://rentola.mx/listings/casa-en-renta-calle-del-alcazar-de-toledo-245-352-lomas-de-reforma-miguel-hidalgo-ciudad-de-mexico-11930-mex-p7e2c30
rentola_rentas,Departamento en Renta,"3ra Cerrada de Oriente 358, Iztacalco, 57460 Mexico City, Mexico",10300.0,2,0,1,137.0,30.0,Iztacalco,Iztacalco,19.3880913,-99.1120396,https://rentola.mx/listings/departamento-en-renta-calle-tercera-cerrada-oriente-259-33-agricola-oriental-iztacalco-ciudad-de-mexico-08500-mex-p7b88b9
rentola_rentas,Departamento en Renta,"Avenida Vasco de Quiroga, El Cuernito, 01250 Mexico City, Mexico",19000.0,1,0,0,257.0,30.0,El Cuernito,El Cuernito,19.387844,-99.2149757,https://rentola.mx/listings/departamento-en-renta-camino-a-santa-fe-606-boscoso-ciudad-de-mexico-cdmx-mexico-p5ba21e
rentola_rentas,Departamento en Renta,"Centro Comunitario Carrasco, Calle Carrasco 67, Colonia Comuneros Santa Úrsula, 14049 Mexico City, Mexico",48000.0,4,0,1,111.0,30.0,Centro,Calle Carrasco 67,19.2913392,-99.1718938,https://rentola.mx/listings/casa-en-condominio-en-renta-toriello-guerra-tlalpan-ciudad-de-mexico-14050-mex-p3ec183
rentola_rentas,Departamento en Renta,"Calle Parque del Castillo, Colonia Los Robles, 04870 Mexico City, Mexico",30500.0,1,0,1,318.0,30.0,Colonia Los Robles,Colonia Los Robles,19.3116129,-99.1388039,https://rentola.mx/listings/casa-en-renta-jardines-de-coyoacan-coyoacan-cdmx-p559af3
rentola_rentas,Departamento en Renta,"Calle Bajada de la Peñita, Colonia La Joyita, 01700 Mexico City, Mexico",24000.0,2,0,1,129.0,30.0,Colonia La Joyita,Colonia La Joyita,19.3439933,-99.2315128,https://rentola.mx/listings/casa-en-renta-tetelpan-alvaro-obregon-cdmx-p8dea79
rentola_rentas,Departamento en Renta,"Calzada México Tacuba, Argentina Poniente, 11230 Mexico City, CMX, Mexico",16000.0,2,0,1,254.0,30.0,No Identificada,Argentina Poniente,19.4557464,-99.2098733,https://rentola.mx/listings/departamento-moderno-en-puerta-toreo-con-roof-garden-y-seguridad-24-7-p2dbe27
rentola_rentas,Departamento en Renta,"Calle Guadalupe, San Ángel, 01790 Mexico City, CMX, Mexico",19800.0,3,0,1,165.0,30.0,No Identificada,San Ángel,19.4326,-99.1332,https://rentola.mx/listings/departamento-en-renta-periferico-boulevard-adolfo-lopez-mateos-2545-lomas-de-san-angel-inn-ciudad-de-mexico-cdmx-mexico-p54bc7f
rentola_rentas,Departamento en Renta,"Calle Zamora 75, Condesa, 11850 Mexico City, Mexico",40000.0,1,0,1,714.0,30.0,Condesa,Condesa,19.4148639,-99.176429,https://rentola.mx/listings/departamento-en-renta-calle-zamora-73-condesa-cuauhtemoc-ciudad-de-mexico-06140-mex-p2522dc
rentola_rentas,Departamento en Renta,"Avenida División del Norte 46, Locaxco, 05330 Mexico City, Mexico",27000.0,3,0,1,159.0,30.0,Locaxco,Locaxco,19.3548006,-99.2927146,https://rentola.mx/listings/casa-en-condominio-en-renta-avenida-division-del-norte-lomas-de-memetla-cuajimalpa-de-morelos-ciudad-de-mexico-05360-mex-p809f85
rentola_rentas,Departamento en Renta,"Paseo de los Arquitectos, Santa Fe Cuajimalpa, 04349 Mexico City, Mexico",67000.0,3,0,1,419.0,30.0,Cuajimalpa de Morelos,Santa Fe Cuajimalpa,19.3581682,-99.272261,https://rentola.mx/listings/departamento-en-renta-amueblado-avenida-santa-fe-pd30142
rentola_rentas,Departamento en Renta,"Calle San Jorge, Conjunto Buenavista, 04600 Mexico City, Mexico",18000.0,1,0,1,360.0,30.0,Conjunto Buenavista,Conjunto Buenavista,19.3058524,-99.1481486,https://rentola.mx/listings/departamento-en-renta-ciudad-de-mexico-santa-ursula-coapa-pedregal-de-santa-ursula-coapa-coyoacan-ciudad-de-mexico-04600-me-p2123d5
rentola_rentas,Departamento en Renta,"Starbucks, Gabriel Mancera 1357, Del Valle, 03100 Mexico City, Mexico",35000.0,3,0,1,136.0,30.0,Del Valle,Gabriel Mancera 1357,19.3735392,-99.1675384,https://rentola.mx/listings/casa-en-renta-gabriel-mancera-1340-col-del-valle-sur-03104-ciudad-de-mexico-cdmx-mexico-p19c082
rentola_rentas,Departamento en Renta,"Calle Tampico 6, Condesa, 06700 Mexico City, Mexico",24300.0,1,0,0,565.0,30.0,Condesa,Condesa,19.4148639,-99.176429,https://rentola.mx/listings/departamento-en-renta-calle-tampico-3-11-roma-norte-cuauhtemoc-ciudad-de-mexico-06700-mex-pff44ed
rentola_rentas,Departamento en Renta,"Calle Bahía Magdalena 37, Polanco, 11300 Mexico City, Mexico",17500.0,1,0,1,194.0,30.0,Polanco,Polanco,19.43353,-99.190915,https://rentola.mx/listings/departamento-en-renta-bahia-magdalena-32-veronica-anzures-ciudad-de-mexico-cdmx-mexico-p13aa5b
rentola_rentas,Departamento en Renta,"Toltecas, Colonia Carola, 01180 Mexico City, Mexico",17500.0,3,0,1,292.0,30.0,Colonia Carola,Colonia Carola,19.38438,-99.1963085,https://rentola.mx/listings/departamento-en-renta-en-toltecas-p7b2411
rentola_rentas,Departamento en Renta,"Calle Bruno Traven, Pedro María Anaya, 03340 Mexico City, CMX, Mexico",6200.0,1,0,0,365.0,30.0,No Identificada,Pedro María Anaya,19.3605494,-99.1565788,https://rentola.mx/listings/hospedaje-para-mujeres-peb63ac
rentola_rentas,Departamento en Renta,"Calle Grecia, Colonia San Álvaro, 02090 Mexico City, CMX, Mexico",4800.0,1,0,0,300.0,30.0,No Identificada,Colonia San Álvaro,19.4604837,-99.1849631,https://rentola.mx/listings/casa-de-roomies-para-mujeres-p8b6190
rentola_rentas,Departamento en Renta,"Publico, Avenida Moliere 50, Polanco 3ª Sección, 11560 Mexico City, CMX, Mexico",5900.0,3,0,1,33.0,30.0,Polanco,Avenida Moliere 50,19.4301176,-99.2024403,https://rentola.mx/listings/departamento-en-renta-en-ampliacion-granada-miguel-hidalgo-cdmx-paab421
rentola_rentas,Departamento en Renta,"Cerrada Primera del Rincón, San Nicolás Totolapan, 10900 Mexico City, Mexico",20000.0,3,0,1,100.0,30.0,San Nicolás Totolapan,San Nicolás Totolapan,19.3056739,-99.2345159,https://rentola.mx/listings/casa-en-renta-san-nicolas-totolapan-la-magdalena-contreras-pbb7d4e
rentola_rentas,Departamento en Renta,"Calle Sierra Gorda 15, Lomas de Chapultepec, 11650 Mexico City, Mexico",120000.0,3,0,1,375.0,30.0,Lomas De Chapultepec,Lomas de Chapultepec,19.4156998,-99.2136879,https://rentola.mx/listings/departamento-en-renta-calle-sierra-gorda-1-19-lomas-de-chapultepec-miguel-hidalgo-ciudad-de-mexico-11000-mex-pc3a528
rentola_rentas,Departamento en Renta,"Calle Oaxaca, Colonia Chalma de Guadalupe, 07210 Mexico City, Mexico",6900.0,2,0,1,115.0,30.0,Colonia Chalma De Guadalupe,Colonia Chalma de Guadalupe,19.5496171,-99.1463736,https://rentola.mx/listings/departamento-en-renta-loma-la-palma-gustavo-a-madero-p001105
rentola_rentas,Departamento en Renta,"Boulevard Adolfo Ruiz Cortines 5240, Bosques de Tetlameya, 04710 Mexico City, Mexico",15000.0,2,0,1,190.0,30.0,Bosques De Tetlameya,Bosques de Tetlameya,19.2989654,-99.1539411,https://rentola.mx/listings/departamento-en-renta-bluess-piano-online-boulevard-adolfo-ruiz-cortines-5238-del-pedregal-coyoacan-ciudad-de-mexico-04700-p0f86a0
rentola_rentas,Departamento en Renta,"Calle Amores, Colonia Santa Inés, 02140 Mexico City, Mexico",15000.0,2,0,1,326.0,30.0,Colonia Santa Inés,Colonia Santa Inés,19.4928133,-99.1892558,https://rentola.mx/listings/lts-departamento-en-renta-en-santa-ines-azcapotzalco-p23ee65
rentola_rentas,Departamento en Renta,"Clinica Centro Médico del Valle, Calle Manuel López Cotilla 942, Del Valle, 03100 Mexico City, CMX, Mexico",6000.0,1,0,0,333.0,30.0,Centro,Calle Manuel López Cotilla 942,19.3834216,-99.1661584,https://rentola.mx/listings/excelente-ubicaciob-p21f64e
rentola_rentas,Departamento en Renta,"Calle Miguel Ángel 112, Narvarte, 03510 Mexico City, Mexico",4000.0,1,0,0,500.0,30.0,Narvarte,Narvarte,19.391616,-99.1513127,https://rentola.mx/listings/recamara-sin-deposito-en-hostal-pb23060
rentola_rentas,Departamento en Renta,"Calle Ocaso 79, Colonia Torres de Maurel, 04535 Mexico City, Mexico",25000.0,3,0,1,179.0,30.0,Colonia Torres De Maurel,Colonia Torres de Maurel,19.306179,-99.1814155,https://rentola.mx/listings/departamento-en-renta-ocaso-58-insurgentes-cuicuilco-ciudad-de-mexico-cdmx-mexico-p8d993b
rentola_rentas,Departamento en Renta,"Centro Corporativo Automotriz, Avenida Coyoacán 1827, Colonia Acacias, 03100 Mexico City, CMX, Mexico",7500.0,1,0,0,313.0,30.0,Coyoacán,Avenida Coyoacán 1827,19.3596057,-99.1706106,https://rentola.mx/listings/recamara-estudio-y-bano-privados-pd9c4bd
rentola_rentas,Departamento en Renta,"Avenida Horacio, Polanco 5ª Sección, 11560 Mexico City, CMX, Mexico",10000.0,1,0,1,526.0,30.0,Polanco,Polanco 5ª Sección,19.4327987,-99.1875474,https://rentola.mx/listings/habitacion-amueblada-en-polanco-p-mujer-p877a92
rentola_rentas,Departamento en Renta,"Calle Reforma, Coyoacán, 04320 Mexico City, Mexico",22500.0,3,0,1,141.0,30.0,Coyoacán,Coyoacán,19.3488917,-99.1629828,https://rentola.mx/listings/departamento-en-renta-reforma-52-santa-catarina-ciudad-de-mexico-cdmx-mexico-pf20da3
rentola_rentas,Departamento en Renta,"Avenida Nuevo León 106, Condesa, 06100 Mexico City, Mexico",70000.0,2,0,1,300.0,30.0,Condesa,Condesa,19.4148639,-99.176429,https://rentola.mx/listings/departamento-en-renta-avenida-nuevo-leon-106-hipodromo-ciudad-de-mexico-cdmx-mexico-p2af3d6
rentola_rentas,Departamento en Renta,"Calle Monterrey 59, Colonia Ermita Tizapán, 01089 Mexico City, Mexico",23500.0,2,0,1,313.0,30.0,Colonia Ermita Tizapán,Colonia Ermita Tizapán,19.3389648,-99.2030398,https://rentola.mx/listings/departamento-en-renta-monterrey-60-tizapan-san-angel-ermita-tizapan-ciudad-de-mexico-cdmx-mexico-pca626f
rentola_rentas,Departamento en Renta,"Boulevard Adolfo López Mateos, San Ángel, 01480 Mexico City, CMX, Mexico",21000.0,2,0,1,247.0,30.0,No Identificada,San Ángel,19.4326,-99.1332,https://rentola.mx/listings/departamento-en-renta-en-col-los-alpes-pad76df
rentola_rentas,Departamento en Renta,"Calle Huexotitla, Ejidos de San Pedro Mártir, 14640 Mexico City, CMX, Mexico",7000.0,1,0,0,140.0,30.0,No Identificada,Ejidos de San Pedro Mártir,19.2680472,-99.1576306,https://rentola.mx/listings/departamento-col-ejidos-de-san-pedro-martir-pd4ea74
rentola_rentas,Departamento en Renta,"Calle Monte Himalaya 235, Lomas de Chapultepec, 11000 Mexico City, CMX, Mexico",90000.0,3,0,1,209.0,30.0,No Identificada,Lomas de Chapultepec,19.4306822,-99.2118,https://rentola.mx/listings/departamento-en-renta-en-lomas-de-chapultepec-p6f7ce2
rentola_rentas,Departamento en Renta,"Calle Tampico 33, Condesa, 06700 Mexico City, CMX, Mexico",30000.0,2,0,0,333.0,30.0,Condesa,Condesa,19.4148639,-99.176429,https://rentola.mx/listings/departamento-en-renta-amueblado-en-roma-norte-pbab0bd
rentola_rentas,Departamento en Renta,"Calle Rosa Carmesí, Colonia Alfalfar, 01470 Mexico City, CMX, Mexico",9000.0,1,0,0,225.0,30.0,No Identificada,Colonia Alfalfar,19.372535,-99.202481,https://rentola.mx/listings/departamento-en-molino-de-rosas-alvaro-obregon-pc63974
rentola_rentas,Departamento en Renta,"Calle Sierra Gamón 116, Colonia Del Bosque, 11000 Mexico City, CMX, Mexico",6000.0,2,0,1,28.0,30.0,No Identificada,Colonia Del Bosque,19.4326,-99.1332,https://rentola.mx/listings/departamento-en-renta-palmas-park-amueblado-pdb00fc
rentola_rentas,Departamento en Renta,"Avenida Michoacán, Condesa, 06140 Mexico City, CMX, Mexico",63000.0,2,0,0,384.0,30.0,Condesa,Condesa,19.4148639,-99.176429,https://rentola.mx/listings/departamento-unico-en-condesa-con-balcon-abierto-y-gran-bano-principal-p9c50fc
rentola_rentas,Departamento en Renta,"Calle Botánicos, Colonia El Retoño, 09440 Mexico City, CMX, Mexico",15000.0,3,0,1,214.0,30.0,No Identificada,Colonia El Retoño,19.3728323,-99.1241703,https://rentola.mx/listings/departamento-col-el-sifon-p6044d7
rentola_rentas,Departamento en Renta,"Calle Emerson, Polanco, 11560 Mexico City, CMX, Mexico",8000.0,3,0,1,43.0,30.0,Polanco,Polanco,19.43353,-99.190915,https://rentola.mx/listings/renta-departamento-nuevo-en-polanco-padeeae
rentola_rentas,Departamento en Renta,"Calle Guillermo González Camarena, Santa Fe Centro Ciudad, 01219 Mexico City, Mexico",30000.0,1,0,1,469.0,30.0,Centro,Santa Fe Centro Ciudad,19.3668482,-99.2665457,https://rentola.mx/listings/city-blue-depto-en-renta-a-1-cuadra-de-la-ibero-p6dc685
rentola_rentas,Departamento en Renta,"Avenida Centenario, Tarango, 01580 Mexico City, Mexico",48000.0,3,0,1,293.0,30.0,Tarango,Tarango,19.3433669,-99.2488199,https://rentola.mx/listings/departamento-en-renta-1a-ampliacion-presidentes-alvaro-obregon-cdmx-p226994
rentola_rentas,Departamento en Renta,"Calle Alcázar de Toledo, Lomas de Chapultepec, 11930 Mexico City, Mexico",20000.0,1,0,1,222.0,30.0,Lomas De Chapultepec,Lomas de Chapultepec,19.4156998,-99.2136879,https://rentola.mx/listings/departamento-en-renta-lomas-de-reforma-ciudad-de-mexico-cdmx-mexico-p10cdc2
rentola_rentas,Departamento en Renta,"Paseo de los Arquitectos, Santa Fe Cuajimalpa, 04349 Mexico City, Mexico",60000.0,1,0,0,317.0,30.0,Cuajimalpa de Morelos,Santa Fe Cuajimalpa,19.3581682,-99.272261,https://rentola.mx/listings/renta-departamento-amueblado-av-santa-fe-parque-de-la-mexicana-p479b0e
rentola_rentas,Departamento en Renta,"Privada Diligencias, Colonia San Pedro Mártir, 14650 Mexico City, Mexico",15000.0,1,0,1,125.0,30.0,Colonia San Pedro Mártir,Colonia San Pedro Mártir,19.2683552,-99.164209,https://rentola.mx/listings/casa-en-renta-san-pedro-martir-tlalpan-cdmx-p10fda7
rentola_rentas,Departamento en Renta,"Hotel San Isidro, Calle San Isidro 63, Reforma Social, 11650 Mexico City, Mexico",23500.0,1,0,1,412.0,30.0,Reforma Social,Calle San Isidro 63,19.4336714,-99.2125541,https://rentola.mx/listings/departamento-col-reforma-social-pf17805
rentola_rentas,Departamento en Renta,"Colonia Isidro Fabela, 14030 Mexico City, Mexico",29000.0,4,0,0,116.0,30.0,Colonia Isidro Fabela,14030 Mexico City,19.3007237,-99.1729889,https://rentola.mx/listings/casa-en-renta-en-isidro-fabela-tlalpan-ciudad-de-mexico-p9001c6
rentola_rentas,Departamento en Renta,"Calle Miguel Hidalgo, Barrio Niño Jesús, 14080 Mexico City, Mexico",30000.0,4,0,1,96.0,30.0,Miguel Hidalgo,Barrio Niño Jesús,19.4071156,-99.1906167,https://rentola.mx/listings/casa-en-renta-miguel-hidalgo-tlalpan-cdmx-p8cb75d
rentola_rentas,Departamento en Renta,"Calle Sierra Vertientes, Lomas de Chapultepec, 11930 Mexico City, Mexico",54000.0,3,0,1,220.0,30.0,Lomas De Chapultepec,Lomas de Chapultepec,19.4156998,-99.2136879,https://rentola.mx/listings/departamento-en-renta-sierra-vertientes-lomas-de-chapultepec-ciudad-de-mexico-cdmx-mexico-p0a3873
rentola_rentas,Departamento en Renta,"Avenida Carlos Lazo, Santa Fe, 01219 Mexico City, Mexico",16000.0,1,0,1,320.0,30.0,Santa Fe,Santa Fe,19.379995,-99.2464933,https://rentola.mx/listings/departamento-en-renta-avenida-de-los-poetas-santa-fe-alvaro-obregon-ciudad-de-mexico-01376-mex-p7227b7
rentola_rentas,Departamento en Renta,"Félix Cuevas 133, Colonia Tlacoquemecatl, 03200 Mexico City, Mexico",29500.0,1,0,1,484.0,30.0,Colonia Tlacoquemecatl,Colonia Tlacoquemecatl,19.3789676,-99.1767299,https://rentola.mx/listings/departamento-en-renta-del-valle-centro-benito-juarez-cdmx-p258b6d
rentola_rentas,Departamento en Renta,"Prolongación Lomas de Vista Hermosa 32, El Yaqui, 05420 Mexico City, Mexico",54000.0,3,0,1,135.0,30.0,El Yaqui,El Yaqui,19.3621951,-99.2869132,https://rentola.mx/listings/casa-en-renta-prolongacion-vista-hermosa-la-rosita-cuajimalpa-de-morelos-ciudad-de-mexico-05320-mex-p89e069
rentola_rentas,Departamento en Renta,"Calzada Vallejo, San Andrés de las Salinas, 07720 Mexico City, Mexico",12500.0,1,0,1,321.0,30.0,San Andrés De Las Salinas,San Andrés de las Salinas,19.4879827,-99.1520198,https://rentola.mx/listings/departamento-en-renta-calzada-vallejo-lindavista-vallejo-iii-seccion-ciudad-de-mexico-cdmx-mexico-p978e68
rentola_rentas,Departamento en Renta,"Avenida Chapultepec 546, Condesa, 06700 Mexico City, Mexico",45200.0,2,0,0,665.0,30.0,Condesa,Condesa,19.4148639,-99.176429,https://rentola.mx/listings/departamento-en-renta-roma-norte-cuauhtemoc-cdmx-p818af4
rentola_rentas,Departamento en Renta,"Calle Salvador Díaz Mirón, Santa María la Ribera, 06350 Mexico City, Mexico",6000.0,1,0,0,316.0,30.0,Santa María La Ribera,Santa María la Ribera,19.4484703,-99.1583506,https://rentola.mx/listings/cuarto-en-sta-ma-la-ribera-p50a5c2
rentola_rentas,Departamento en Renta,"Calle Amealco 49, Roma Sur, 06760 Mexico City, CMX, Mexico",68000.0,4,0,1,194.0,30.0,Roma Sur,Roma Sur,19.4037015,-99.1647831,https://rentola.mx/listings/casa-en-renta-roma-norte-cuauhtemoc-cdmx-pf89fb7
rentola_rentas,Departamento en Renta,"Cerrada Cuauhtémoc, San Pedro, 05030 Mexico City, CMX, Mexico",23500.0,2,0,1,162.0,30.0,Cuauhtémoc,San Pedro,19.4268364,-99.1525797,https://rentola.mx/listings/casa-en-condominio-en-renta-manzanastitla-cuajimalpa-de-morelos-p5d2c4c
rentola_rentas,Departamento en Renta,"Beer bros, Calle Luz Saviñón, Narvarte, 03100 Mexico City, CMX, Mexico",24000.0,2,0,1,267.0,30.0,No Identificada,Calle Luz Saviñón,19.3915189,-99.1605769,https://rentola.mx/listings/departamento-en-renta-italia-liquida-luz-savinon-10244-narvarte-poniente-benito-juarez-ciudad-de-mexico-03020-mex-p8b4edc
rentola_rentas,Departamento en Renta,"Calle Licenciado Castillo Ledón 201, Adolfo López Mateos, 05030 Mexico City, CMX, Mexico",25000.0,3,0,1,216.0,30.0,No Identificada,Adolfo López Mateos,19.3634367,-99.2977984,https://rentola.mx/listings/departamento-en-renta-lic-castillo-ledon-225-adolfo-lopez-mateos-ciudad-de-mexico-cdmx-mexico-p55c555
rentola_rentas,Departamento en Renta,"Calle Hacienda Vista Hermosa, Unidad Habitacional Hueso Periférico, 14338 Mexico City, Mexico",13000.0,1,0,1,325.0,30.0,Unidad Habitacional Hueso Periférico,Unidad Habitacional Hueso Periférico,19.2967111,-99.1034013,https://rentola.mx/listings/renta-de-departamento-en-clzda-del-hueso-pf14fbb
rentola_rentas,Departamento en Renta,"HSBC, Avenida Altavista 44, San Ángel, 01000 Mexico City, Mexico",58000.0,3,0,1,290.0,30.0,San Ángel,Avenida Altavista 44,19.3480666,-99.1922949,https://rentola.mx/listings/casa-en-renta-avenida-altavista-san-angel-alvaro-obregon-ciudad-de-mexico-01000-mex-p221225
rentola_rentas,Departamento en Renta,"Muebles Dico, Avenida Barranca del Muerto, Álvaro Obregón, 01030 Mexico City, CMX, Mexico",35000.0,3,0,1,216.0,30.0,Álvaro Obregón,Avenida Barranca del Muerto,19.3647512,-99.1780197,https://rentola.mx/listings/departamento-col-florida-p39a28a
rentola_rentas,Departamento en Renta,"BBVA Bancomer, Calle Matías Romero, Del Valle, 03100 Mexico City, CMX, Mexico",14000.0,1,0,1,311.0,30.0,No Identificada,Calle Matías Romero,19.3788245,-99.160153,https://rentola.mx/listings/departamento-col-del-valle-centro-pead08b
rentola_rentas,Departamento en Renta,"Calle Huexotitla, Ejidos de San Pedro Mártir, 14640 Mexico City, CMX, Mexico",6000.0,1,0,0,150.0,30.0,No Identificada,Ejidos de San Pedro Mártir,19.2680472,-99.1576306,https://rentola.mx/listings/departamento-col-ejidos-de-san-pedro-martir-pf35be4
rentola_rentas,Departamento en Renta,"Calle Lago Chapala 26, Anahuác 2ª Sección, 11320 Mexico City, CMX, Mexico",19500.0,3,0,1,325.0,30.0,No Identificada,Anahuác 2ª Sección,19.4389504,-99.1721825,https://rentola.mx/listings/departamento-en-renta-en-anahuac-miguel-hidalgo-cdmx-pb0eabf
rentola_rentas,Departamento en Renta,"Avenida 1, Colonia San Pedro de los Pinos, 03800 Mexico City, Mexico",23500.0,2,0,1,294.0,30.0,Colonia San Pedro De Los Pinos,Colonia San Pedro de los Pinos,19.3901306,-99.1847553,https://rentola.mx/listings/departamento-en-renta-san-pedro-de-los-pinos-benito-juarez-cdmx-p9e2a01
rentola_rentas,Departamento en Renta,"Paseo de la Cañada, Santa Fe Cuajimalpa, 01580 Mexico City, Mexico",105000.0,3,0,1,404.0,30.0,Cuajimalpa de Morelos,Santa Fe Cuajimalpa,19.3581682,-99.272261,https://rentola.mx/listings/departamento-en-renta-calle-paseo-de-la-canada-san-mateo-tlaltenango-cuajimalpa-de-morelos-ciudad-de-mexico-05348-mex-p720133
rentola_rentas,Departamento en Renta,"Avenida Campos Elíseos, Polanco, 11570 Mexico City, Mexico",26000.0,1,0,0,433.0,30.0,Polanco,Polanco,19.43353,-99.190915,https://rentola.mx/listings/renta-departamento-en-campos-eliseos-polanco-pf05a31
rentola_rentas,Departamento en Renta,"Calle Fujiyama 49, Las Águilas, 01710 Mexico City, CMX, Mexico",50000.0,4,0,0,156.0,30.0,No Identificada,Las Águilas,19.3597064,-99.2255628,https://rentola.mx/listings/exclusiva-residencia-en-renta-en-la-calle-de-fujiyama-las-aguilas-p16b71c
rentola_rentas,Departamento en Renta,"Calle San Macario, Colonia Pedregal Santa Úrsula, 04600 Mexico City, Mexico",39000.0,3,0,0,98.0,30.0,Colonia Pedregal Santa Úrsula,Colonia Pedregal Santa Úrsula,19.31147,-99.1533161,https://rentola.mx/listings/casa-en-renta-calle-san-benito-313-pedregal-de-santa-ursula-coyoacan-ciudad-de-mexico-04600-mex-p432467
rentola_rentas,Departamento en Renta,"Andador 59, Colonia Narciso Mendoza Súper Manzana 6 Villa Coapa, 14390 Mexico City, CMX, Mexico",13000.0,2,0,0,197.0,30.0,No Identificada,Colonia Narciso Mendoza Súper Manzana 6 Villa Coapa,19.2916656,-99.1210992,https://rentola.mx/listings/departamento-en-renta-tipo-duplex-p78603e
rentola_rentas,Departamento en Renta,"Banco del Bajío, Calle Prado Sur, Lomas de Chapultepec, 11000 Mexico City, CMX, Mexico",60000.0,3,0,1,303.0,30.0,No Identificada,Calle Prado Sur,19.4262844,-99.2056708,https://rentola.mx/listings/departamento-en-venta-en-lomas-de-chapultepec-pe3a0e6
rentola_rentas,Departamento en Renta,"Cerrada Cuarta Avenida Central, Colonia Agrícola Pantitlán, 08100 Mexico City, CMX, Mexico",10000.0,1,0,1,357.0,30.0,No Identificada,Colonia Agrícola Pantitlán,19.4105801,-99.0705782,https://rentola.mx/listings/departamento-en-renta-en-la-agricola-pantitlan-p5a4ee2
rentola_rentas,Departamento en Renta,"Calle Gobernador Agustín Vicente Eguía, Colonia San Miguel Chapultepec, 11850 Mexico City, Mexico",6000.0,1,0,1,238.0,30.0,Colonia San Miguel Chapultepec,Colonia San Miguel Chapultepec,19.3999163,-99.1725533,https://rentola.mx/listings/buscamos-roomies-p2ee756
rentola_rentas,Departamento en Renta,"Calle Alfredo Tennyson, Polanco, 11550 Mexico City, CMX, Mexico",5000.0,3,0,1,25.0,30.0,Polanco,Polanco,19.43353,-99.190915,https://rentola.mx/listings/departamento-en-renta-en-polanco-3r-2-5b-2e-terraza-balcon-200m2-p11399b
rentola_rentas,Departamento en Renta,"Calle Ignacio Chávez, Conjunto INFONAVIT Cuemanco, 14330 Mexico City, CMX, Mexico",3800.0,1,0,0,380.0,30.0,No Identificada,Conjunto INFONAVIT Cuemanco,19.296834,-99.104835,https://rentola.mx/listings/casa-col-granjas-coapa-pac2b6e
rentola_rentas,Departamento en Renta,"Calle Cuadrante San Francisco, Coyoacán, 04320 Mexico City, CMX, Mexico",55000.0,4,0,1,177.0,30.0,Coyoacán,Coyoacán,19.3488917,-99.1629828,https://rentola.mx/listings/casa-en-renta-en-cuadrante-de-san-francisco-coyoacan-ciudad-de-mexico-p44892a
rentola_rentas,Departamento en Renta,"Palacio de Hierro, Calle Durango 230, Condesa, 06700 Mexico City, CMX, Mexico",38000.0,3,0,0,352.0,30.0,Condesa,Calle Durango 230,19.4188498,-99.168697,https://rentola.mx/listings/se-renta-departamento-en-fuente-de-cibeles-roma-norte-cuauhtemoc-p72074b
rentola_rentas,Departamento en Renta,"Calle Lamartine, Polanco, 11560 Mexico City, CMX, Mexico",27000.0,3,0,1,180.0,30.0,Polanco,Polanco,19.43353,-99.190915,https://rentola.mx/listings/departamento-en-renta-en-polanco-miguel-hidalgo-pbde683
rentola_rentas,Departamento en Renta,"Privada Emerson, Polanco, 11560 Mexico City, CMX, Mexico",63000.0,2,0,1,286.0,30.0,Polanco,Polanco,19.43353,-99.190915,https://rentola.mx/listings/departamento-en-renta-en-polanco-2r-2b-1e-terraza-amueblado-220m2-p100904
rentola_rentas,Departamento en Renta,"Calle Edgar Allan Poe 60, Polanco, 11540 Mexico City, CMX, Mexico",85000.0,3,0,1,347.0,30.0,Polanco,Polanco,19.43353,-99.190915,https://rentola.mx/listings/departamento-en-renta-en-polanco-seccion-iii-p2f5955
rentola_rentas,Departamento en Renta,"Avenida Nuevo León 104, Condesa, 06100 Mexico City, CMX, Mexico",39000.0,2,0,1,355.0,30.0,Condesa,Condesa,19.4148639,-99.176429,https://rentola.mx/listings/renta-departamento-hipodromo-condesa-p9c3ffa
rentola_rentas,Departamento en Renta,"Calle Felipe Carrillo Puerto 398, Tacuba, 11410 Mexico City, CMX, Mexico",15000.0,2,0,1,326.0,30.0,No Identificada,Tacuba,19.4525317,-99.1886312,https://rentola.mx/listings/departamento-nuevo-en-renta-en-san-juanico-miguel-hidalgo-cdmx-pe08e29
rentola_rentas,Departamento en Renta,"Escuela Secundaria Técnica No. 5 ""Rafael Dondé"", Calle Lago Alberto 431, Polanco, 11320 Mexico City, Mexico",26000.0,1,0,1,356.0,30.0,Polanco,Calle Lago Alberto 431,19.4384393,-99.1821131,https://rentola.mx/listings/departamento-en-renta-lago-alberto-300-anahuac-i-seccion-ciudad-de-mexico-cdmx-mexico-p980795
rentola_rentas,Departamento en Renta,"unnamed road, Colonia Fortín Chimalistac, 04319 Mexico City, Mexico",70000.0,3,0,1,315.0,30.0,Colonia Fortín Chimalistac,Colonia Fortín Chimalistac,19.3419228,-99.1838662,https://rentola.mx/listings/casa-en-renta-copilco-el-bajo-coyoacan-cdmx-p621afe
rentola_rentas,Departamento en Renta,"Calle Cholula 34, Condesa, 06100 Mexico City, Mexico",40000.0,2,0,1,339.0,30.0,Condesa,Condesa,19.4148639,-99.176429,https://rentola.mx/listings/departamento-en-renta-condesa-cuauhtemoc-cdmx-p93b82c
rentola_rentas,Departamento en Renta,"Avenida Secretaría de Marina, Lomas de Chamizal, 05129 Mexico City, Mexico",16600.0,1,0,0,829.0,30.0,Lomas De Chamizal,Lomas de Chamizal,19.3865976,-99.2651314,https://rentola.mx/listings/departamento-en-renta-lomas-del-chamizal-cuajimalpa-de-morelos-p656c47
rentola_rentas,Departamento en Renta,"Unidad Deportiva La Salle, Caoba, Jalalpa, 01510 Mexico City, Mexico",16500.0,2,0,1,254.0,30.0,Jalalpa,Caoba,19.3662091,-99.2377905,https://rentola.mx/listings/departamento-en-renta-av-tamaulipas-1217-casa-la-salle-ciudad-de-mexico-cdmx-mexico-pa17c21
rentola_rentas,Departamento en Renta,"Calle Olivo, Colonia Patrimonio Familiar, 02980 Mexico City, Mexico",9000.0,1,0,0,450.0,30.0,Colonia Patrimonio Familiar,Colonia Patrimonio Familiar,19.4676806,-99.150083,https://rentola.mx/listings/loft-moderno-equipado-excelente-ubicacion-vallejo-y-circuito-p41c942
rentola_rentas,Departamento en Renta,"Calle Carlos Gounod, Ex Hipódromo de Peralvillo, 06250 Mexico City, Mexico",11000.0,2,0,1,183.0,30.0,Ex Hipódromo De Peralvillo,Ex Hipódromo de Peralvillo,19.4561462,-99.1291304,https://rentola.mx/listings/departamento-en-planta-baja-en-renta-en-ex-hipodromo-de-peralvillo-cuauhtemoc-p5651d2
rentola_rentas,Departamento en Renta,"Calle Saltillo 85, Condesa, 06100 Mexico City, Mexico",55000.0,2,0,1,534.0,30.0,Condesa,Condesa,19.4148639,-99.176429,https://rentola.mx/listings/departamento-en-venta-en-condesa-pf7a16e
rentola_rentas,Departamento en Renta,"Avenida Municipio Libre, Fraccionamiento Residencial Emperadores, 03320 Mexico City, Mexico",7000.0,1,0,0,318.0,30.0,Fraccionamiento Residencial Emperadores,Fraccionamiento Residencial Emperadores,19.3736353,-99.157408,https://rentola.mx/listings/cuarto-amueblado-en-renta-en-portales-norte-solo-mujer-servicios-incluidos-p53ef0b
rentola_rentas,Departamento en Renta,"Rinconada del Valle, Colonia Xoco, 03330 Mexico City, Mexico",30000.0,2,0,1,411.0,30.0,Colonia Xoco,Colonia Xoco,19.359262,-99.1633935,https://rentola.mx/listings/departamento-en-renta-2-recamaras-av-cuauhtemoc-p430247
rentola_rentas,Departamento en Renta,"unnamed road, Barranca Seca, 10580 Mexico City, Mexico",35000.0,3,0,0,104.0,30.0,Barranca Seca,Barranca Seca,19.3050134,-99.2359523,https://rentola.mx/listings/casa-en-renta-barranca-seca-la-magdalena-contreras-p446581
rentola_rentas,Departamento en Renta,"Embassy of India, Calle Alfredo de Musset 325, Polanco, 11520 Mexico City, Mexico",125000.0,3,0,1,463.0,30.0,Polanco,Calle Alfredo de Musset 325,19.4367038,-99.1961632,https://rentola.mx/listings/renta-depto-polanco-3-recs-p7df06f
rentola_rentas,Departamento en Renta,"Prolongación Paseo de la Reforma, San Gabriel, 01310 Mexico City, CMX, Mexico",30000.0,2,0,0,417.0,30.0,No Identificada,San Gabriel,19.3846991,-99.2490513,https://rentola.mx/listings/estrena-depa-en-blum-santa-fe-pbba32b
rentola_rentas,Departamento en Renta,"Callejón Heliótropo, Coyoacán, 04330 Mexico City, Mexico",52000.0,3,0,1,217.0,30.0,Coyoacán,Coyoacán,19.3488917,-99.1629828,https://rentola.mx/listings/casa-en-renta-callejon-heliotropo-cuadrante-de-san-francisco-coyoacan-ciudad-de-mexico-04330-mex-p1fa0ad
rentola_rentas,Departamento en Renta,"Calle Pirules, Pedregal de San Ángel, 01904 Mexico City, Mexico",50000.0,3,0,1,143.0,30.0,Pedregal De San Ángel,Pedregal de San Ángel,19.3127666,-99.2190603,https://rentola.mx/listings/casa-en-renta-jardines-del-pedregal-alvaro-obregon-cdmx-p9f24f0
rentola_rentas,Departamento en Renta,"Calzada Ermita Iztapalapa, Colonia Granjas Esmeralda, 09810 Mexico City, Mexico",14000.0,2,0,1,233.0,30.0,Iztapalapa,Colonia Granjas Esmeralda,19.3535523,-99.1169501,https://rentola.mx/listings/departamento-col-heroes-de-churubusco-pef68f4
rentola_rentas,Departamento en Renta,"Bagatelle Mexico City, Calle Alfredo Tennyson 117 alto, Polanco, 11550 Mexico City, Mexico",150000.0,3,0,0,577.0,30.0,Polanco,Calle Alfredo Tennyson 117 alto,19.4318907,-99.1949507,https://rentola.mx/listings/renta-depa-en-polanco-tennyson-pe88d84
rentola_rentas,Departamento en Renta,"Avenida Paseo de la Reforma, Lomas de Chapultepec, 11930 Mexico City, Mexico",27000.0,1,0,1,225.0,30.0,Lomas De Chapultepec,Lomas de Chapultepec,19.4156998,-99.2136879,https://rentola.mx/listings/departamento-en-renta-paseo-de-la-reforma-lomas-altas-miguel-hidalgo-ciudad-de-mexico-11950-mex-pb05ced
rentola_rentas,Departamento en Renta,"Avenida Oceanía, Romero Rubio, 15410 Mexico City, CMX, Mexico",7400.0,2,0,1,322.0,30.0,No Identificada,Romero Rubio,19.4423948,-99.0921201,https://rentola.mx/listings/departamento-en-renta-cerca-de-la-plaza-ikea-pca9cda
rentola_rentas,Departamento en Renta,"Calle Norte 84, Aragón, 07480 Mexico City, CMX, Mexico",19000.0,3,0,1,106.0,30.0,No Identificada,Aragón,19.4731913,-99.0976897,https://rentola.mx/listings/casa-en-renta-san-pedro-el-chico-gustavo-a-madero-p12682d
rentola_rentas,Departamento en Renta,"San Simón Tolnáhuac, 06420 Mexico City, CMX, Mexico",11000.0,2,0,0,244.0,30.0,No Identificada,06420 Mexico City,19.4600188,-99.1435613,https://rentola.mx/listings/departamento-en-renta-en-san-simon-tolnahuac-cuauhtemoc-ciudad-de-mexico-p740129
rentola_rentas,Departamento en Renta,"Calle Nicolás Romero, Magdalena Mixiuhca, 15850 Mexico City, CMX, Mexico",9800.0,3,0,0,129.0,30.0,No Identificada,Magdalena Mixiuhca,19.4073755,-99.1181774,https://rentola.mx/listings/departamento-en-renta-en-magdalena-mixihuca-p60535d
rentola_rentas,Departamento en Renta,"Calzada del Hueso, Fraccionamiento Residencial Hacienda Coapa, 14330 Mexico City, CMX, Mexico",13000.0,2,0,1,325.0,30.0,No Identificada,Fraccionamiento Residencial Hacienda Coapa,19.3014378,-99.1168782,https://rentola.mx/listings/renta-de-departamento-en-calzada-del-hueso-p277cca
rentola_rentas,Departamento en Renta,"Privada Diligencias, Magdalena Petlacalco, 14480 Mexico City, Mexico",10000.0,1,0,1,125.0,30.0,Magdalena Petlacalco,Magdalena Petlacalco,19.2343739,-99.1730815,https://rentola.mx/listings/casa-en-renta-privada-diligencias-2-2-la-magdalena-petlacalco-tlalpan-ciudad-de-mexico-14480-mex-pa6d4d3
rentola_rentas,Departamento en Renta,"Calle Bismarck 62, Colonia Moderna, 03510 Mexico City, CMX, Mexico",5000.0,1,0,1,294.0,30.0,No Identificada,Colonia Moderna,19.3966883,-99.1346276,https://rentola.mx/listings/recamara-cerca-metro-xola-p725c60
rentola_rentas,Departamento en Renta,"Privada del Bosque, Colonia Bosques del Sur, 16010 Mexico City, CMX, Mexico",5500.0,1,0,0,324.0,30.0,No Identificada,Colonia Bosques del Sur,19.2800449,-99.1246615,https://rentola.mx/listings/busco-roomie-p1535e9
rentola_rentas,Departamento en Renta,"Calle Arquímedes 130, Polanco, 11520 Mexico City, Mexico",68000.0,3,0,1,200.0,30.0,Polanco,Polanco,19.43353,-99.190915,https://rentola.mx/listings/departamento-en-renta-polanco-iv-seccion-polanco-pbf95ea
rentola_rentas,Departamento en Renta,"Calle General Francisco Murguía, Hipódromo Condesa, 11850 Mexico City, Mexico",37000.0,2,0,1,346.0,30.0,Condesa,Hipódromo Condesa,19.4092659,-99.1795821,https://rentola.mx/listings/departamento-en-renta-hipodromo-condesa-cuauhtemoc-cdmx-pe95656
rentola_rentas,Departamento en Renta,"Cerrada Primera del Moral, Colonia Segunda Del Moral, 01700 Mexico City, Mexico",22000.0,2,0,1,220.0,30.0,Colonia Segunda Del Moral,Colonia Segunda Del Moral,19.3405695,-99.2266279,https://rentola.mx/listings/departamento-en-renta-tetelpan-ciudad-de-mexico-cdmx-mexico-p89429d
rentola_rentas,Departamento en Renta,"Retorno 25, Colonia Avante, 04460 Mexico City, Mexico",31000.0,3,0,0,150.0,30.0,Colonia Avante,Colonia Avante,19.3281355,-99.1343458,https://rentola.mx/listings/casa-en-renta-avante-coyoacan-cdmx-p0f9678
rentola_rentas,Departamento en Renta,"Calle San Isidro, Colonia Textitlán 222, 04650 Mexico City, Mexico",7500.0,1,0,0,250.0,30.0,Colonia Textitlán 222,Colonia Textitlán 222,19.3142231,-99.1445514,https://rentola.mx/listings/casa-en-renta-ex-ejido-de-santa-ursula-coapa-coyoacan-cdmx-pbf363f
rentola_rentas,Departamento en Renta,"Clinicas De Cirugias Ambulatorias Daam, Prolongación Vasco de Quiroga, Santa Fe, 05348 Mexico City, CMX, Mexico",35000.0,2,0,1,304.0,30.0,No Identificada,Prolongación Vasco de Quiroga,19.3570924,-99.283572,https://rentola.mx/listings/tu-nuevo-hogar-de-lujo-en-santa-fe-exclusividad-y-confort-a-tu-alcance-pc31804
rentola_rentas,Departamento en Renta,"Calle Veracruz 11, Condesa, 06140 Mexico City, CMX, Mexico",12500.0,1,0,0,347.0,30.0,Condesa,Condesa,19.4148639,-99.176429,https://rentola.mx/listings/se-renta-amplia-habitacion-condesa-nivel-ejecutivo-pea0481
rentola_rentas,Departamento en Renta,"Prolongación Calle 10, Colonia San Pedro de los Pinos, 01180 Mexico City, CMX, Mexico",18000.0,3,0,1,281.0,30.0,No Identificada,Colonia San Pedro de los Pinos,19.389455,-99.1894913,https://rentola.mx/listings/departamento-en-renta-san-pedro-de-lo-pinos-p69ac8a
rentola_rentas,Departamento en Renta,"Avenida Progreso, Colonia Escandón, 11800 Mexico City, CMX, Mexico",9500.0,1,0,1,528.0,30.0,No Identificada,Colonia Escandón,19.4027792,-99.1734959,https://rentola.mx/listings/renta-de-habitacion-a-2-cuadras-de-condesa-p340adb
rentola_rentas,Departamento en Renta,"Calle Luz Saviñón, Colonia Narvarte Poniente, 03103 Mexico City, CMX, Mexico",36000.0,2,0,1,240.0,30.0,No Identificada,Colonia Narvarte Poniente,19.3919332,-99.1628933,https://rentola.mx/listings/casa-en-condominio-col-del-valle-norte-p8858f0
rentola_rentas,Departamento en Renta,"Calle Cuicuilco 77, Colonia Letrán Valle, 03650 Mexico City, Mexico",10000.0,1,0,0,417.0,30.0,Colonia Letrán Valle,Colonia Letrán Valle,19.3760816,-99.1550215,https://rentola.mx/listings/hermoso-departamento-vertiz-narvarte-pf18561
rentola_rentas,Departamento en Renta,"Calzada Santa Anita, Colonia Nueva Santa Anita, 08210 Mexico City, Mexico",15000.0,2,0,1,250.0,30.0,Colonia Nueva Santa Anita,Colonia Nueva Santa Anita,19.3997047,-99.1248161,https://rentola.mx/listings/departamento-col-nueva-santa-anita-p22faca
rentola_rentas,Departamento en Renta,"Avenida Colonia del Valle, Del Valle, 03100 Mexico City, CMX, Mexico",6500.0,1,0,0,542.0,30.0,No Identificada,Del Valle,19.386333,-99.1750493,https://rentola.mx/listings/renta-de-habitacion-amueblada-pb50910
rentola_rentas,Departamento en Renta,"Calle Atlixco 163, Condesa, 06170 Mexico City, CMX, Mexico",10000.0,1,0,1,323.0,30.0,Condesa,Condesa,19.4148639,-99.176429,https://rentola.mx/listings/cozy-apartment-in-atlixco-condesa-p89552d
rentola_rentas,Departamento en Renta,"Andador 5, Unidad Habitacional Narciso Mendoza 5 Villa Coapa, 14390 Mexico City, Mexico",5000.0,1,0,0,500.0,30.0,Unidad Habitacional Narciso Mendoza 5 Villa Coapa,Unidad Habitacional Narciso Mendoza 5 Villa Coapa,19.293775,-99.1269976,https://rentola.mx/listings/habitaciones-super-comodas-en-villa-coapa-pe8e22c
rentola_rentas,Departamento en Renta,"Avenida México-Coyoacán, San Sebastián Xoco, 03340 Mexico City, Mexico",29000.0,2,0,1,322.0,30.0,Coyoacán,San Sebastián Xoco,19.3585922,-99.1634845,https://rentola.mx/listings/renta-hermoso-departamento-p843dc4
rentola_rentas,Departamento en Renta,"Nagaoka, Calle Arkansas 38, Del Valle, 03810 Mexico City, CMX, Mexico",8000.0,1,0,0,296.0,30.0,No Identificada,Calle Arkansas 38,19.3915426,-99.1746948,https://rentola.mx/listings/renta-habitacion-en-la-colonia-napoles-pa3610f
rentola_rentas,Departamento en Renta,"Avenida Doctor José María Vértiz 847, Narvarte, 03023 Mexico City, CMX, Mexico",8000.0,1,0,0,533.0,30.0,No Identificada,Narvarte,19.4326,-99.1332,https://rentola.mx/listings/renta-de-habitacion-p377d8d
rentola_rentas,Departamento en Renta,"Avenida Nuevo León 44, Condesa, 06140 Mexico City, Mexico",75000.0,2,0,0,326.0,30.0,Condesa,Condesa,19.4148639,-99.176429,https://rentola.mx/listings/departamento-en-renta-amueblado-condesa-amsterdam-pd63249
rentola_rentas,Departamento en Renta,"Calle Campeche 288, Condesa, 06100 Mexico City, Mexico",5500.0,1,0,0,324.0,30.0,Condesa,Condesa,19.4148639,-99.176429,https://rentola.mx/listings/condesa-agradable-habitacion-amueblada-mujeres-p0981cb
rentola_rentas,Departamento en Renta,"Calle Mitla 255, Narvarte, 03023 Mexico City, Mexico",35000.0,3,0,1,135.0,30.0,Narvarte,Narvarte,19.391616,-99.1513127,https://rentola.mx/listings/casa-en-renta-calle-mitla-260-narvarte-poniente-ciudad-de-mexico-cdmx-mexico-p2ff34c
rentola_rentas,Departamento en Renta,"Calle Villahermosa 23, Condesa, 06100 Mexico City, Mexico",60000.0,3,0,1,513.0,30.0,Condesa,Condesa,19.4148639,-99.176429,https://rentola.mx/listings/casa-en-renta-hipodromo-condesa-cuauhtemoc-cdmx-p61edf6
rentola_rentas,Departamento en Renta,"Farmacias Capuchinas, Calle Luz Saviñón 767, Colonia Narvarte Poniente, 03020 Mexico City, Mexico",10800.0,1,0,1,415.0,30.0,Colonia Narvarte Poniente,Calle Luz Saviñón 767,19.3909404,-99.1566535,https://rentola.mx/listings/departamento-en-renta-calle-luz-savinon-1354-1356-narvarte-poniente-benito-juarez-ciudad-de-mexico-03020-mex-pdf7411
rentola_rentas,Departamento en Renta,"Calle Cholula 23, Condesa, 06100 Mexico City, Mexico",42800.0,3,0,1,415.0,30.0,Condesa,Condesa,19.4148639,-99.176429,https://rentola.mx/listings/departamento-en-renta-calle-cholula-21-hipodromo-cuauhtemoc-ciudad-de-mexico-06100-mex-pc8c9d9
rentola_rentas,Departamento en Renta,"unnamed road, Manzanastitla, 05270 Mexico City, MEX, Mexico",16500.0,2,0,1,317.0,30.0,No Identificada,Manzanastitla,19.4326,-99.1332,https://rentola.mx/listings/departamento-en-renta-manzanastitla-cuajimalpa-de-morelos-pb658e3
rentola_rentas,Departamento en Renta,"Carretera México - Toluca, Cooperativa Palo Alto, 05110 Mexico City, CMX, Mexico",52000.0,3,0,1,377.0,30.0,No Identificada,Cooperativa Palo Alto,19.3771699,-99.2597597,https://rentola.mx/listings/estrena-departamento-en-renta-en-agwa-bosques-p709e47
rentola_rentas,Departamento en Renta,"Circuito Río Acaponeta, Iztapalapa, 09030 Mexico City, CMX, Mexico",5000.0,1,0,0,313.0,30.0,Iztapalapa,Iztapalapa,19.3577446,-99.0935577,https://rentola.mx/listings/tu-nuevo-espacio-te-espera-habitaciones-en-renta-comodas-y-accesibles-p1ebbb9
rentola_rentas,Departamento en Renta,"Calle Guipuzcoa, Colonia Josefa Ortiz de Domínguez, 03430 Mexico City, Mexico",18000.0,2,0,1,240.0,30.0,Colonia Josefa Ortiz De Domínguez,Colonia Josefa Ortiz de Domínguez,19.3844235,-99.1456431,https://rentola.mx/listings/departamento-en-renta-guipuzcoa-108-ninos-heroes-de-chapultepec-ninos-heroes-ciudad-de-mexico-cdmx-mexico-p6deb28
rentola_rentas,Departamento en Renta,"Escuela Superior de Turismo IPN, Privada Segunda Plan de San Luis 39, Colonia La Salle, 07630 Mexico City, CMX, Mexico",12000.0,2,0,1,197.0,30.0,No Identificada,Privada Segunda Plan de San Luis 39,19.4326,-99.1332,https://rentola.mx/listings/departamento-col-la-purisima-ticoman-p566460
rentola_rentas,Departamento en Renta,"RIS 1 Edificio 14, Avenida Insurgentes Sur 4411, Calvario Camisetas, 14430 Mexico City, CMX, Mexico",16000.0,3,0,1,211.0,30.0,No Identificada,Avenida Insurgentes Sur 4411,19.4326,-99.1332,https://rentola.mx/listings/departamento-en-renta-calle-mayas-4411-tlalcoligia-tlalpan-ciudad-de-mexico-14420-mex-p7c117c
rentola_rentas,Departamento en Renta,"Asistencia Técnica Médica, Calle Clavelinas 217, Colonia Nueva Santa María, 02800 Mexico City, CMX, Mexico",13000.0,1,0,1,216.0,30.0,No Identificada,Calle Clavelinas 217,19.4326,-99.1332,https://rentola.mx/listings/departamento-en-renta-nueva-santa-maria-ciudad-de-mexico-cdmx-mexico-p05e26d
rentola_rentas,Departamento en Renta,"Ermita, Transbordo Intermodal Metro Ermita, Colonia Miravalle, 03580 Mexico City, CMX, Mexico",14500.0,2,0,1,227.0,30.0,No Identificada,Transbordo Intermodal Metro Ermita,19.3597478,-99.1413421,https://rentola.mx/listings/departamento-en-renta-calzada-de-tlalpan-1535-portales-sur-ciudad-de-mexico-cdmx-mexico-p8efa5a
rentola_rentas,Departamento en Renta,"Calle Emiliano Zapata, Colonia San Jerónimo Aculco, 10400 Mexico City, Mexico",45000.0,3,0,0,161.0,30.0,Colonia San Jerónimo Aculco,Colonia San Jerónimo Aculco,19.3177076,-99.2235278,https://rentola.mx/listings/casa-en-renta-calle-emiliano-zapata-15-san-jeronimo-aculco-la-magdalena-contreras-ciudad-de-mexico-10400-mex-pb620cc
rentola_rentas,Departamento en Renta,"Circuito Río Macuspana n, 20, Colonia Real del Moral, 09010 Mexico City, Mexico",40000.0,5,0,1,134.0,30.0,Colonia Real Del Moral,20,19.3887608,-99.0824629,https://rentola.mx/listings/casa-en-renta-circuito-rio-macuspana-1-21-paseos-de-churubusco-iztapalapa-ciudad-de-mexico-09030-mex-p661450
rentola_rentas,Departamento en Renta,"Calle Árbol, San Ángel, 01000 Mexico City, Mexico",80000.0,4,0,1,160.0,30.0,San Ángel,San Ángel,19.3443673,-99.1924473,https://rentola.mx/listings/casa-en-renta-san-angel-alvaro-obregon-cdmx-p05bebd
rentola_rentas,Departamento en Renta,"Calzada de los Misterios, Colonia Guadalupe Tepeyac, 07870 Mexico City, Mexico",6500.0,1,0,0,154.0,30.0,Colonia Guadalupe Tepeyac,Colonia Guadalupe Tepeyac,19.4675479,-99.1205924,https://rentola.mx/listings/single-room-in-coliving-p8d315e
rentola_rentas,Departamento en Renta,"Cerrada Quinta Yautle, Colonia La Cantera, 04369 Mexico City, CMX, Mexico",13000.0,3,0,1,116.0,30.0,No Identificada,Colonia La Cantera,19.3366039,-99.1713899,https://rentola.mx/listings/house-for-rent-in-quinta-cantera-pd821e7
rentola_rentas,Departamento en Renta,"Calle Majuelos, Colonia Aldama, 16010 Mexico City, Mexico",13000.0,2,0,1,173.0,30.0,Colonia Aldama,Colonia Aldama,19.4710761,-99.1494857,https://rentola.mx/listings/departamento-en-renta-colonia-paseos-del-sur-xocchimilco-ciudad-de-mexico-peae4a7
rentola_rentas,Departamento en Renta,"Calle Guillermo Prieto 28, San Jerónimo Aculco-Lídice, 10000 Mexico City, Mexico",40000.0,1,0,1,167.0,30.0,San Jerónimo Aculco-Lídice,San Jerónimo Aculco-Lídice,19.3301222,-99.212149,https://rentola.mx/listings/departamento-en-renta-calle-guillermo-prieto-14-28-lomas-quebradas-la-magdalena-contreras-ciudad-de-mexico-10000-mex-p614cef
rentola_rentas,Departamento en Renta,"Calle Ferrocarril de Cuernavaca, Ampliación Granada, 11529 Mexico City, Mexico",36000.0,1,0,1,480.0,30.0,Ampliación Granada,Ampliación Granada,19.4435904,-99.2024692,https://rentola.mx/listings/departamento-en-renta-calle-de-ferrocaril-779-ampliacion-granada-miguel-hidalgo-ciudad-de-mexico-11529-mex-pc7334f
rentola_rentas,Departamento en Renta,"Calle San Felipe, Colonia Xoco, 03330 Mexico City, Mexico",6500.0,1,0,0,406.0,30.0,Colonia Xoco,Colonia Xoco,19.359262,-99.1633935,https://rentola.mx/listings/se-renta-habitacion-amueblada-p579ae3
rentola_rentas,Departamento en Renta,"Paseo de los Arquitectos, Santa Fe Cuajimalpa, 04349 Mexico City, Mexico",50000.0,2,0,0,515.0,30.0,Cuajimalpa de Morelos,Santa Fe Cuajimalpa,19.3581682,-99.272261,https://rentola.mx/listings/renta-departamento-2-recamaras-av-santa-fe-parque-de-la-mexicana-p903953
rentola_rentas,Departamento en Renta,"Calle Veracruz 95, Condesa, 06140 Mexico City, Mexico",21000.0,1,0,1,525.0,30.0,Condesa,Condesa,19.4148639,-99.176429,https://rentola.mx/listings/departamento-en-renta-avenida-veracruz-93-condesa-cuauhtemoc-ciudad-de-mexico-06140-mex-pe40f01
rentola_rentas,Departamento en Renta,"Centro Santa Fe, Avenida Santa Fe, Santa Fe Cuajimalpa, 05348 Mexico City, CMX, Mexico",24000.0,1,0,1,533.0,30.0,Cuajimalpa de Morelos,Avenida Santa Fe,19.3629245,-99.2653191,https://rentola.mx/listings/renta-departamento-en-city-blue-santa-fe-pc011ae
rentola_rentas,Departamento en Renta,"Calle Edgar Allan Poe 64, Polanco, 11540 Mexico City, Mexico",4500.0,2,0,1,26.0,30.0,Polanco,Polanco,19.43353,-99.190915,https://rentola.mx/listings/polanco-edgar-allan-poe-departamento-en-renta-p846554
rentola_rentas,Departamento en Renta,"Los Andes, Camino Rojo 1, Rinconada de los Continentes 3a Sección, 04700 Mexico City, CMX, Mexico",18000.0,3,0,1,100.0,30.0,No Identificada,Camino Rojo 1,19.3080267,-99.1707619,https://rentola.mx/listings/casa-en-venta-y-o-renta-en-rinconada-de-los-andes-san-luis-potosi-pe96799
rentola_rentas,Departamento en Renta,"Torre Libertad, Avenida Paseo de la Reforma 439, Cuauhtémoc, 06500 Mexico City, Mexico",8500.0,1,0,0,472.0,30.0,Cuauhtémoc,Avenida Paseo de la Reforma 439,19.4258034,-99.1723876,https://rentola.mx/listings/habitaciones-en-comodo-departamento-amueblado-p829786
rentola_rentas,Departamento en Renta,"Calle Transmisiones, Las Águilas, 01780 Mexico City, CMX, Mexico",8000.0,1,0,0,267.0,30.0,No Identificada,Las Águilas,19.3597064,-99.2255628,https://rentola.mx/listings/departamento-col-lomas-de-san-angel-inn-p7e527d
rentola_rentas,Departamento en Renta,"Calle Culiacán 29, Condesa, 06100 Mexico City, Mexico",11000.0,1,0,0,458.0,30.0,Condesa,Condesa,19.4148639,-99.176429,https://rentola.mx/listings/rento-cuarto-sin-amueblar-en-hipodromo-condesa-p9e4375
rentola_rentas,Departamento en Renta,"Outlaw, Calle Alejandro Dumas 135, Polanco, 11550 Mexico City, CMX, Mexico",130000.0,3,0,1,342.0,30.0,Polanco,Calle Alejandro Dumas 135,19.43238,-99.1955821,https://rentola.mx/listings/mdv-renta-de-ph-con-fantastica-vista-polanco-p7de6e9
rentola_rentas,Departamento en Renta,"Calle Alejandro Allori 81, Colonia Alfonso XIII, 01460 Mexico City, CMX, Mexico",12000.0,1,0,0,480.0,30.0,No Identificada,Colonia Alfonso XIII,19.3762208,-99.1937777,https://rentola.mx/listings/renta-loft-amueblado-pa19e55
rentola_rentas,Departamento en Renta,"Calle Lauro Aguirre, Agricultura, 11360 Mexico City, CMX, Mexico",4500.0,1,0,0,563.0,30.0,No Identificada,Agricultura,19.44941,-99.1654305,https://rentola.mx/listings/departamento-col-agricultura-pfdded2
rentola_rentas,Departamento en Renta,"Retorno 18 de Avenida del Taller, Colonia Jardín Balbuena, 15900 Mexico City, CMX, Mexico",12500.0,2,0,0,162.0,30.0,No Identificada,Colonia Jardín Balbuena,19.4136465,-99.1064557,https://rentola.mx/listings/departamento-col-jardin-balbuena-pd79a55
rentola_rentas,Departamento en Renta,"Calle Bismarck 62, Colonia Moderna, 03510 Mexico City, CMX, Mexico",10500.0,2,0,0,210.0,30.0,No Identificada,Colonia Moderna,19.3966883,-99.1346276,https://rentola.mx/listings/departamento-col-moderna-p22a93b
rentola_rentas,Departamento en Renta,"Calle Glaciar, Las Águilas, 01789 Mexico City, Mexico",40000.0,3,0,0,133.0,30.0,Las Águilas,Las Águilas,19.3580045,-99.2031498,https://rentola.mx/listings/casa-en-renta-glaciar-olivar-de-los-padres-alvaro-obregon-ciudad-de-mexico-01780-mex-pd66d51
rentola_rentas,Departamento en Renta,"Cerrada Chilam Balam, San Jerónimo Aculco-Lídice, 10100 Mexico City, Mexico",14200.0,4,0,1,197.0,30.0,San Jerónimo Aculco-Lídice,San Jerónimo Aculco-Lídice,19.3301222,-99.212149,https://rentola.mx/listings/casa-en-renta-san-jeronimo-lidice-la-magdalena-contreras-p814aba
rentola_rentas,Departamento en Renta,"Calle Lago Cuitzeo, Anahuác 2ª Sección, 11330 Mexico City, Mexico",16000.0,2,0,1,200.0,30.0,Anahuác 2ª Sección,Anahuác 2ª Sección,19.4454955,-99.1690527,https://rentola.mx/listings/departamento-en-renta-lago-cuitzeo-248-anahuac-i-seccion-ciudad-de-mexico-cdmx-mexico-p8b37d7
rentola_rentas,Departamento en Renta,"Calle Nicolás San Juan, Del Valle, 03100 Mexico City, Mexico",39900.0,3,0,1,111.0,30.0,Del Valle,Del Valle,19.3829715,-99.1800979,https://rentola.mx/listings/casa-en-renta-del-valle-centro-benito-juarez-cdmx-pba2350
rentola_rentas,Departamento en Renta,"Calle Alcázar de Toledo, Lomas de Chapultepec, 11930 Mexico City, Mexico",33000.0,2,0,1,300.0,30.0,Lomas De Chapultepec,Lomas de Chapultepec,19.4156998,-99.2136879,https://rentola.mx/listings/departamento-en-renta-lomas-de-reforma-ciudad-de-mexico-cdmx-mexico-pd9b1a0
rentola_rentas,Departamento en Renta,"Consulado de China, Avenida Río de la Magdalena 172, Colonia Ermita Tizapán, 01090 Mexico City, Mexico",7800.0,1,0,1,1000.0,30.0,Colonia Ermita Tizapán,Avenida Río de la Magdalena 172,19.3369579,-99.1972262,https://rentola.mx/listings/departamento-en-renta-rio-de-la-magdalena-tizapan-san-angel-progreso-tizapan-ciudad-de-mexico-cdmx-mexico-p216fb4
rentola_rentas,Departamento en Renta,"Calle Taller de Espoletas, Lomas de Chamizal, 05129 Mexico City, Mexico",14500.0,1,0,1,322.0,30.0,Lomas De Chamizal,Lomas de Chamizal,19.3865976,-99.2651314,https://rentola.mx/listings/departamento-en-renta-avenida-fabrica-de-cartuchos-11-17-lomas-del-chamizal-cuajimalpa-de-morelos-ciudad-de-mexico-05129-me-p61f49e
rentola_rentas,Departamento en Renta,"Calle Isaac Newton 16, Polanco, 11550 Mexico City, Mexico",100000.0,3,0,1,346.0,30.0,Polanco,Polanco,19.43353,-99.190915,https://rentola.mx/listings/departamento-en-renta-en-polanco-pb4ab9b
rentola_rentas,Departamento en Renta,"Avenida Río de la Piedad, Colonia Viaducto Piedad, 08200 Mexico City, Mexico",15000.0,2,0,1,192.0,30.0,Colonia Viaducto Piedad,Colonia Viaducto Piedad,19.3997047,-99.1248161,https://rentola.mx/listings/departamento-col-viaducto-piedad-pe82802
rentola_rentas,Departamento en Renta,"Calle Acueducto, Colonia Canal 11, 16200 Mexico City, Mexico",23000.0,3,0,1,156.0,30.0,Colonia Canal 11,Colonia Canal 11,19.2478832,-99.1161164,https://rentola.mx/listings/casa-en-condominio-en-renta-prolongacion-del-acueducto-santiago-tepalcatlalpan-xochimilco-ciudad-de-mexico-16200-mex-p68e982
rentola_rentas,Departamento en Renta,"unnamed road, Las Águilas, 01708 Mexico City, Mexico",25000.0,2,0,1,291.0,30.0,Las Águilas,Las Águilas,19.3580045,-99.2031498,https://rentola.mx/listings/departamento-en-renta-tio-juarez-av-toluca-669-olivar-de-los-padres-alvaro-obregon-ciudad-de-mexico-01780-mex-p5691a5
rentola_rentas,Departamento en Renta,"Calle Fernando Espinosa Gutiérrez, Jalalpa, 01210 Mexico City, Mexico",25900.0,1,0,1,324.0,30.0,Jalalpa,Jalalpa,19.3683696,-99.2437213,https://rentola.mx/listings/departamento-en-renta-av-javier-barros-sierra-225-santa-fe-alameda-poniente-ciudad-de-mexico-cdmx-mexico-p020893
rentola_rentas,Departamento en Renta,"Carretera México - Toluca, Paseo de las Lomas, 01330 Mexico City, Mexico",35000.0,3,0,1,292.0,30.0,Paseo De Las Lomas,Paseo de las Lomas,19.3753622,-99.2621617,https://rentola.mx/listings/departamento-en-renta-santa-fe-alvaro-obregon-cdmx-p18f65c
rentola_rentas,Departamento en Renta,"Boulevard de los Arcos, Colonia Paraje Tetenco, 14658 Mexico City, CMX, Mexico",7500.0,1,0,1,107.0,30.0,No Identificada,Colonia Paraje Tetenco,19.2630303,-99.1811445,https://rentola.mx/listings/casa-en-renta-calle-campanario-46-46-paraje-tetenco-tlalpan-ciudad-de-mexico-14650-mex-p89fab7
rentola_rentas,Departamento en Renta,"Avenida Azcapotzalco, Barrio Nextengo, 02070 Mexico City, Mexico",150000.0,1,0,1,250.0,30.0,Azcapotzalco,Barrio Nextengo,19.4760311,-99.1884289,https://rentola.mx/listings/casa-en-renta-avenida-azcapotzalco-del-recreo-azcapotzalco-ciudad-de-mexico-02070-mex-p1eece0
rentola_rentas,Departamento en Renta,"Calle Ignacio Zaragoza, Colonia San Juan Tepepan, 16020 Mexico City, Mexico",14000.0,2,0,1,233.0,30.0,Colonia San Juan Tepepan,Colonia San Juan Tepepan,19.2810876,-99.1378983,https://rentola.mx/listings/casa-en-renta-calle-ignacio-zaragoza-3-san-juan-tepepan-xochimilco-ciudad-de-mexico-16020-mex-pe6766c
rentola_rentas,Departamento en Renta,"Sexta Cerrada del IMAN, Ex-ejido de Santa Úrsula Coapa, 04739 Mexico City, Mexico",25000.0,3,0,1,198.0,30.0,Ex-Ejido De Santa Úrsula Coapa,Ex-ejido de Santa Úrsula Coapa,19.3041152,-99.1532138,https://rentola.mx/listings/departamento-en-renta-sexta-cerrada-de-avenida-del-iman-no-10-la-zorra-ciudad-de-mexico-cdmx-mexico-p6320de
rentola_rentas,Departamento en Renta,"Calle Canope, Barrio San Lucas, 04870 Mexico City, Mexico",39500.0,3,0,1,150.0,30.0,Barrio San Lucas,Barrio San Lucas,19.4704063,-99.1903983,https://rentola.mx/listings/casa-en-renta-calle-canope-21-prado-coyoacan-coyoacan-ciudad-de-mexico-04810-mex-pa3387f
rentola_rentas,Departamento en Renta,"Tencüi, Calle Eligio Ancona 191, Santa María la Ribera, 06400 Mexico City, CMX, Mexico",27000.0,1,0,0,318.0,30.0,No Identificada,Calle Eligio Ancona 191,19.453018,-99.1594428,https://rentola.mx/listings/loft-amueblado-en-av-santa-fe-p01251f
rentola_rentas,Departamento en Renta,"Calle Norte 79 B, Colonia Libertad, 02060 Mexico City, CMX, Mexico",11000.0,2,0,1,193.0,30.0,No Identificada,Colonia Libertad,19.4776939,-99.175617,https://rentola.mx/listings/se-renta-departamento-aquiles-elorduy-p268811
rentola_rentas,Departamento en Renta,"Cerrada Bellota, Colonia Lomas de Belvedere, 14250 Mexico City, CMX, Mexico",12000.0,3,0,1,150.0,30.0,No Identificada,Colonia Lomas de Belvedere,19.4326,-99.1332,https://rentola.mx/listings/departamento-en-renta-en-tlalpan-pinanona-pdf4c93
rentola_rentas,Departamento en Renta,"Avenida de las Torres, Olivar de los Padres, 01780 Mexico City, CMX, Mexico",25000.0,2,0,1,291.0,30.0,No Identificada,Olivar de los Padres,19.3335562,-99.2391085,https://rentola.mx/listings/departamento-en-renta-2-recamaras-citta-san-jeronimo-p4d5b40
rentola_rentas,Departamento en Renta,"Avenida Revolución 1412, San Ángel, 01020 Mexico City, Mexico",29000.0,3,0,1,264.0,30.0,San Ángel,San Ángel,19.3443673,-99.1924473,https://rentola.mx/listings/espectacular-departamento-de-dos-niveles-en-av-revolucion-1400-p0fde12
rentola_rentas,Departamento en Renta,"Calle Francisco P. Miranda 183, Las Águilas, 01600 Mexico City, Mexico",12500.0,2,0,0,192.0,30.0,Las Águilas,Las Águilas,19.3580045,-99.2031498,https://rentola.mx/listings/departamento-en-renta-restaurante-las-cazuelas-de-la-abuela-calle-francisco-de-p-miranda-167-merced-gomez-alvaro-obregon-ci-p2d09f5
rentola_rentas,Departamento en Renta,"unnamed road, Colonia Valle Tepepan, 14646 Mexico City, Mexico",17000.0,2,0,1,189.0,30.0,Colonia Valle Tepepan,Colonia Valle Tepepan,19.2708201,-99.1480121,https://rentola.mx/listings/departamento-en-renta-valle-de-tepepan-tlalpan-cdmx-p73b3ec
rentola_rentas,Departamento en Renta,"7-Eleven, Calle Lago Zurich 168, Ampliación Granada, 11500 Mexico City, Mexico",30000.0,1,0,1,429.0,30.0,Ampliación Granada,Calle Lago Zurich 168,19.4448459,-99.2025779,https://rentola.mx/listings/departamento-en-renta-ampliacion-granada-miguel-hidalgo-cdmx-pf59c31
rentola_rentas,Departamento en Renta,"Calle José Sánchez Trujillo, Colonia San Álvaro, 02090 Mexico City, CMX, Mexico",5000.0,1,0,0,238.0,30.0,No Identificada,Colonia San Álvaro,19.4604837,-99.1849631,https://rentola.mx/listings/departamento-compartido-p00e1ee
rentola_rentas,Departamento en Renta,"Avenida Paseo de la Reforma, Tabacalera, 06030 Mexico City, Mexico",29000.0,1,0,1,453.0,30.0,Tabacalera,Tabacalera,19.4369782,-99.1533294,https://rentola.mx/listings/departamento-en-renta-paseo-de-la-reforma-norte-77-tabacalera-ciudad-de-mexico-cdmx-mexico-p20d2d4
rentola_rentas,Departamento en Renta,"Avenida Santa Fe - Juan O'Gorman, Calle Juan O'Gorman, Santa Fe Cuajimalpa, 04349 Mexico City, Mexico",65000.0,3,0,0,236.0,30.0,Cuajimalpa de Morelos,Calle Juan O'Gorman,19.3605927,-99.2699739,https://rentola.mx/listings/departamento-en-renta-av-santa-fe-471-santa-fe-contadero-ciudad-de-mexico-cdmx-mexico-pead032
rentola_rentas,Departamento en Renta,"Calle Pachuca 96, Condesa, 06140 Mexico City, CMX, Mexico",56000.0,2,0,1,509.0,30.0,Condesa,Condesa,19.4148639,-99.176429,https://rentola.mx/listings/departamento-en-la-condesa-pbed928
rentola_rentas,Departamento en Renta,"Calle Sisal, Colonia Sector 17, 14100 Mexico City, CMX, Mexico",12500.0,3,0,1,125.0,30.0,No Identificada,Colonia Sector 17,19.2785599,-99.237508,https://rentola.mx/listings/departamento-col-pedregal-de-san-nicolas-1a-seccion-p783a93
rentola_rentas,Departamento en Renta,"Avenida de los Alpes 1220, Lomas de Chapultepec, 11000 Mexico City, CMX, Mexico",33000.0,1,0,1,367.0,30.0,No Identificada,Lomas de Chapultepec,19.4306822,-99.2118,https://rentola.mx/listings/departamento-amueblado-en-alpes-lomas-de-chapultepec-p369b31
rentola_rentas,Departamento en Renta,"Avenida Moliere 80, Polanco, 11560 Mexico City, CMX, Mexico",5900.0,3,0,1,33.0,30.0,Polanco,Polanco,19.43353,-99.190915,https://rentola.mx/listings/departamento-amueblado-en-renta-en-molier-p19f474
rentola_rentas,Departamento en Renta,"Calle Arquímedes 11, Polanco, 11560 Mexico City, CMX, Mexico",142000.0,1,0,1,329.0,30.0,Polanco,Polanco,19.43353,-99.190915,https://rentola.mx/listings/departamento-en-renta-en-la-calle-de-arquimedes-pe84e52
rentola_rentas,Departamento en Renta,"Calle John F. Kennedy, Colonia Rómulo Sánchez Mireles, 14030 Mexico City, CMX, Mexico",29900.0,5,0,1,103.0,30.0,No Identificada,Colonia Rómulo Sánchez Mireles,19.3002933,-99.1746948,https://rentola.mx/listings/casa-col-isidro-fabela-p2edbdd
rentola_rentas,Departamento en Renta,"Calle Petazol, Barrio San Fernando, 14070 Mexico City, CMX, Mexico",5700.0,1,0,0,300.0,30.0,No Identificada,Barrio San Fernando,19.2962937,-99.1742295,https://rentola.mx/listings/recamara-independiente-amueblada-con-bano-cerca-de-unam-perisur-zona-hospitales-la-salle-medicina-pcc019b
rentola_rentas,Departamento en Renta,"Mifel, Avenida Presidente Masaryk 219, Polanco, 11560 Mexico City, Mexico",130000.0,3,0,1,351.0,30.0,Polanco,Avenida Presidente Masaryk 219,19.4316987,-99.1907382,https://rentola.mx/listings/departamento-en-renta-o-venta-en-polanco-3r-3-5b-4e-terraza-370m2-pef30e1
rentola_rentas,Departamento en Renta,"Instituto Nacional de Migracion - Oficina CDMX, Calle Platón 862, Polanco 2ª Sección, 11591 Mexico City, Mexico",5900.0,3,0,1,33.0,30.0,Polanco,Calle Platón 862,19.4379566,-99.2027663,https://rentola.mx/listings/departamento-en-renta-en-residencial-moliere-p24b9ea
rentola_rentas,Departamento en Renta,"Calle Pachuca 96, Condesa, 06140 Mexico City, Mexico",75000.0,2,0,1,328.0,30.0,Condesa,Condesa,19.4148639,-99.176429,https://rentola.mx/listings/departamento-en-renta-condesa-ciudad-de-mexico-cdmx-mexico-p438944
rentola_rentas,Departamento en Renta,"Cerrada Chabacano, Colonia San Mateo Tlaltenango, 05600 Mexico City, Mexico",24000.0,3,0,0,109.0,30.0,Colonia San Mateo Tlaltenango,Colonia San Mateo Tlaltenango,19.3442896,-99.2827876,https://rentola.mx/listings/casa-en-renta-santa-rosa-xochiac-alvaro-obregon-cdmx-p05558a
rentola_rentas,Departamento en Renta,"Calle Ocotepec, San Jerónimo Aculco-Lídice, 10200 Mexico City, Mexico",25000.0,2,0,1,125.0,30.0,San Jerónimo Aculco-Lídice,San Jerónimo Aculco-Lídice,19.3301222,-99.212149,https://rentola.mx/listings/casa-en-renta-san-jeronimo-lidice-la-magdalena-contreras-paae72f
rentola_rentas,Departamento en Renta,"Cerrada Chabacano, Colonia San Mateo Tlaltenango, 05600 Mexico City, Mexico",26000.0,3,0,0,104.0,30.0,Colonia San Mateo Tlaltenango,Colonia San Mateo Tlaltenango,19.3442896,-99.2827876,https://rentola.mx/listings/casa-en-renta-santa-rosa-xochiac-alvaro-obregon-cdmx-p47539f
rentola_rentas,Departamento en Renta,"Centro Corporativo Automotriz, Avenida Coyoacán 1827, Colonia Acacias, 03100 Mexico City, Mexico",41000.0,3,0,1,169.0,30.0,Coyoacán,Avenida Coyoacán 1827,19.3596057,-99.1706106,https://rentola.mx/listings/casa-en-renta-acacias-benito-juarez-cdmx-p937985
rentola_rentas,Departamento en Renta,"Calle General Antonio Cárdenas Rodíguez, Colonia Sifón, 09400 Mexico City, CMX, Mexico",4500.0,1,0,0,129.0,30.0,No Identificada,Colonia Sifón,19.3664696,-99.1135489,https://rentola.mx/listings/departamento-col-sector-popular-p2e74a1
rentola_rentas,Departamento en Renta,"Calzada México Tacuba, Argentina Poniente, 11230 Mexico City, CMX, Mexico",16000.0,2,0,1,276.0,30.0,No Identificada,Argentina Poniente,19.4557464,-99.2098733,https://rentola.mx/listings/renta-puerta-toreo-miguel-hidalgo-pcb6cb6
rentola_rentas,Departamento en Renta,"Avenida Aztecas, Colonia Monserrat Universidad, 04330 Mexico City, Mexico",13000.0,2,0,1,217.0,30.0,Colonia Monserrat Universidad,Colonia Monserrat Universidad,19.3305773,-99.1579449,https://rentola.mx/listings/departamento-col-ajusco-p75faf2
rentola_rentas,Departamento en Renta,"Calle Cumbres de Acultzingo, Lomas de Chapultepec, 11950 Mexico City, Mexico",98000.0,3,0,1,233.0,30.0,Lomas De Chapultepec,Lomas de Chapultepec,19.4156998,-99.2136879,https://rentola.mx/listings/casa-en-renta-calle-cumbres-de-acultzingo-185-220-lomas-altas-miguel-hidalgo-ciudad-de-mexico-11950-mex-pcbfa86
rentola_rentas,Departamento en Renta,"Avenida Tamaulipas 117, Condesa, 06170 Mexico City, Mexico",38000.0,3,0,1,200.0,30.0,Condesa,Condesa,19.4148639,-99.176429,https://rentola.mx/listings/departamento-en-renta-calle-campeche-396-hipodromo-condesa-cuauhtemoc-ciudad-de-mexico-06170-mex-p3c81db
rentola_rentas,Departamento en Renta,"PAN Comité Delegacional Benito Juarez, Calle Anaxágoras 865, Colonia Narvarte Poniente, 03020 Mexico City, Mexico",22000.0,2,0,1,244.0,30.0,Colonia Narvarte Poniente,Calle Anaxágoras 865,19.3856058,-99.1583808,https://rentola.mx/listings/departamento-col-narvarte-poniente-pecbef1
rentola_rentas,Departamento en Renta,"Tencüi, Calle Eligio Ancona 191, Santa María la Ribera, 06400 Mexico City, CMX, Mexico",36000.0,1,0,1,439.0,30.0,No Identificada,Calle Eligio Ancona 191,19.453018,-99.1594428,https://rentola.mx/listings/renta-depa-high-park-santa-fe-p6650d4
rentola_rentas,Departamento en Renta,"Calle Licenciado Rafael Reyes Espíndola, Periodista, 11220 Mexico City, Mexico",17400.0,1,0,1,446.0,30.0,Periodista,Periodista,19.4512424,-99.2194033,https://rentola.mx/listings/departamento-en-renta-periodista-miguel-hidalgo-cdmx-p2a61d9
rentola_rentas,Departamento en Renta,"Avenida Homero, Polanco 1ª Sección, 11510 Mexico City, Mexico",48000.0,3,0,0,218.0,30.0,Polanco,Polanco 1ª Sección,19.4361854,-99.2098077,https://rentola.mx/listings/departamento-en-renta-calle-blas-pascal-135-polanco-miguel-hidalgo-ciudad-de-mexico-11510-mex-p197956
rentola_rentas,Departamento en Renta,"Calle Julián Adame 114, San José de los Cedros, 05240 Mexico City, Mexico",44000.0,3,0,1,270.0,30.0,San José De Los Cedros,San José de los Cedros,19.365447,-99.2873532,https://rentola.mx/listings/departamento-en-renta-julian-adame-91-huizachito-ciudad-de-mexico-cdmx-mexico-p998519
rentola_rentas,Departamento en Renta,"Calle Juan José Eguiara y Egurén 110, Colonia Viaducto Piedad, 08200 Mexico City, CMX, Mexico",14500.0,2,0,1,213.0,30.0,No Identificada,Colonia Viaducto Piedad,19.400007,-99.1323222,https://rentola.mx/listings/departamento-col-viaducto-piedad-p9e970d
rentola_rentas,Departamento en Renta,"unnamed road, Las Águilas, 01750 Mexico City, Mexico",22000.0,2,0,1,297.0,30.0,Las Águilas,Las Águilas,19.3580045,-99.2031498,https://rentola.mx/listings/departamento-amueblado-en-renta-en-grand-tower-centenario-p341f2c
rentola_rentas,Departamento en Renta,"Calle Ejido Los Reyes, Colonia Ampliación San Francisco Culhuacán, 04470 Mexico City, Mexico",50000.0,4,0,1,202.0,30.0,Colonia Ampliación San Francisco Culhuacán,Colonia Ampliación San Francisco Culhuacán,19.3331029,-99.1265582,https://rentola.mx/listings/casa-en-renta-calle-ejido-de-los-reyes-124-ex-ejido-de-san-francisco-culhuacan-coyoacan-ciudad-de-mexico-04420-mex-pdbb529
rentola_rentas,Departamento en Renta,"Avenida Nuevo León 219, Condesa, 06100 Mexico City, Mexico",32000.0,2,0,1,356.0,30.0,Condesa,Condesa,19.4148639,-99.176429,https://rentola.mx/listings/departamento-en-renta-avenida-nuevo-leon-219-hipodromo-ciudad-de-mexico-cdmx-mexico-p1234fa
rentola_rentas,Departamento en Renta,"Autopista Urbana Poniente, Olivar de los Padres, 01770 Mexico City, Mexico",37200.0,2,0,1,177.0,30.0,Olivar De Los Padres,Olivar de los Padres,19.3375801,-99.2448956,https://rentola.mx/listings/departamento-en-renta-supervia-poniente-olivar-de-los-padres-alvaro-obregon-ciudad-de-mexico-01780-mex-pe46eec
rentola_rentas,Departamento en Renta,"Avenida José María Castorena, San Pedro Cuajimalpa, 05310 Mexico City, Mexico",27000.0,2,0,1,360.0,30.0,Cuajimalpa de Morelos,San Pedro Cuajimalpa,19.3574168,-99.3000541,https://rentola.mx/listings/renta-departamento-en-santa-fe-amueblado-p9262c1
rentola_rentas,Departamento en Renta,"Calle Juan Salvador Agraz, Santa Fe Cuajimalpa, 05348 Mexico City, Mexico",27000.0,2,0,1,243.0,30.0,Cuajimalpa de Morelos,Santa Fe Cuajimalpa,19.3581682,-99.272261,https://rentola.mx/listings/departamento-en-renta-calle-juan-salvador-agraz-65-contadero-cuajimalpa-de-morelos-ciudad-de-mexico-05348-mex-pd38376
rentola_rentas,Departamento en Renta,"Avenida División del Norte 45, Locaxco, 05330 Mexico City, Mexico",19000.0,2,0,1,352.0,30.0,Locaxco,Locaxco,19.3548006,-99.2927146,https://rentola.mx/listings/departamento-en-renta-avenida-division-del-norte-30-30-lomas-de-memetla-cuajimalpa-de-morelos-ciudad-de-mexico-05360-mex-p5e7ca4
rentola_rentas,Departamento en Renta,"Calle Julián Adame 114, San José de los Cedros, 05240 Mexico City, Mexico",37000.0,2,0,0,255.0,30.0,San José De Los Cedros,San José de los Cedros,19.365447,-99.2873532,https://rentola.mx/listings/departamento-en-renta-julian-adame-91-huizachito-ciudad-de-mexico-cdmx-mexico-p07274b
rentola_rentas,Departamento en Renta,"unnamed road, San Ángel, 01760 Mexico City, Mexico",10000.0,1,0,0,323.0,30.0,San Ángel,San Ángel,19.3443673,-99.1924473,https://rentola.mx/listings/renta-habitacion-atlamaya-desierto-de-los-leones-p881c23
rentola_rentas,Departamento en Renta,"Calle Amores, Del Valle, 03100 Mexico City, CMX, Mexico",27500.0,2,0,1,286.0,30.0,No Identificada,Del Valle,19.386333,-99.1750493,https://rentola.mx/listings/departamento-en-colonia-del-valle-pfc3231
rentola_rentas,Departamento en Renta,"Calle Cedro 235, Santa María la Ribera, 06400 Mexico City, CMX, Mexico",17000.0,2,0,0,283.0,30.0,No Identificada,Santa María la Ribera,19.4537412,-99.1553027,https://rentola.mx/listings/departamento-en-renta-santa-maria-de-ribera-pb81b70
rentola_rentas,Departamento en Renta,"Avenida Río San Joaquín 406, Colonia Ampliación Popo, 11529 Mexico City, CMX, Mexico",36800.0,1,0,1,657.0,30.0,No Identificada,Colonia Ampliación Popo,19.4326,-99.1332,https://rentola.mx/listings/depa-en-renta-de-1-recamara-en-nuevo-polanco-polanco-cdmx-pc0ae7d
rentola_rentas,Departamento en Renta,"Calle Monte Grampians, Lomas de Chapultepec, 11000 Mexico City, CMX, Mexico",70000.0,2,0,0,355.0,30.0,No Identificada,Lomas de Chapultepec,19.4306822,-99.2118,https://rentola.mx/listings/departamento-semi-amueblado-en-palmas-park-fz-p5a3792
rentola_rentas,Departamento en Renta,"Calle Wisconsin, Del Valle, 03840 Mexico City, CMX, Mexico",12500.0,1,0,0,368.0,30.0,No Identificada,Del Valle,19.386333,-99.1750493,https://rentola.mx/listings/departamento-col-ampliacion-napoles-p63b6d8
rentola_rentas,Departamento en Renta,"Santander, Calle Anatole France 109, Polanco, 11550 Mexico City, CMX, Mexico",75000.0,2,0,1,500.0,30.0,Polanco,Calle Anatole France 109,19.4319826,-99.1973998,https://rentola.mx/listings/departamento-amueblado-en-renta-en-polanco-p978f51
rentola_rentas,Departamento en Renta,"Paseo de los Arquitectos, Colonia Santa Lucía Reacomodo, 05348 Mexico City, CMX, Mexico",53000.0,3,0,0,294.0,30.0,No Identificada,Colonia Santa Lucía Reacomodo,19.4326,-99.1332,https://rentola.mx/listings/citi-santa-fe-torre-barcelona-excelente-departamento-3-recamaras-amueblado-p441706
rentola_rentas,Departamento en Renta,"Calle Michelet, Colonia Anzures, 11590 Mexico City, CMX, Mexico",10000.0,1,0,0,556.0,30.0,No Identificada,Colonia Anzures,19.4317039,-99.1744287,https://rentola.mx/listings/anzures-todo-incluido-p1f5665
rentola_rentas,Departamento en Renta,"Calle Cuautla 101, Condesa, 06140 Mexico City, CMX, Mexico",38000.0,2,0,1,275.0,30.0,Condesa,Condesa,19.4148639,-99.176429,https://rentola.mx/listings/renta-departamento-condesa-p65f8cb
rentola_rentas,Departamento en Renta,"Calle Juan de Lafontaine 159, Polanco, 11540 Mexico City, CMX, Mexico",85000.0,3,0,1,306.0,30.0,Polanco,Polanco,19.43353,-99.190915,https://rentola.mx/listings/renta-de-departamento-en-polanco-pfdb476
rentola_rentas,Departamento en Renta,"Avenida Pedro Henríquez Ureña 312, Colonia Pedregal de Coyoacán, 04369 Mexico City, CMX, Mexico",18100.0,2,0,0,226.0,30.0,Coyoacán,Colonia Pedregal de Coyoacán,19.3370172,-99.160824,https://rentola.mx/listings/departamento-en-renta-en-pedregal-de-santo-domingo-coyoacan-cdmx-p77c2e9
rentola_rentas,Departamento en Renta,"SIGEA, Avenida Revolución 1472, San Ángel, 01020 Mexico City, CMX, Mexico",18000.0,1,0,1,486.0,30.0,No Identificada,Avenida Revolución 1472,19.3540154,-99.1898968,https://rentola.mx/listings/departamento-amueblado-en-renta-en-guadalupe-inn-pe42f46
rentola_rentas,Departamento en Renta,"Avenida Parque Lira, Colonia Ampliación Daniel Garza, 11850 Mexico City, CMX, Mexico",15000.0,1,0,1,395.0,30.0,No Identificada,Colonia Ampliación Daniel Garza,19.4096579,-99.1905836,https://rentola.mx/listings/hermosa-habitacion-en-penthouse-bano-privado-terraza-increible-vista-a-parque-p26f3b2
rentola_rentas,Departamento en Renta,"Boulevard Picacho Ajusco, Colonia Emilio Portes Gil, 14110 Mexico City, CMX, Mexico",7000.0,1,0,0,269.0,30.0,No Identificada,Colonia Emilio Portes Gil,19.2977957,-99.2130586,https://rentola.mx/listings/alegre-y-comoda-habitacion-con-vista-y-salida-al-jardin-p103fd7
rentola_rentas,Departamento en Renta,"Calle Sabana, Fraccionamiento Rincón de San Juan, 14377 Mexico City, CMX, Mexico",5800.0,1,0,0,527.0,30.0,No Identificada,Fraccionamiento Rincón de San Juan,19.2883295,-99.1404718,https://rentola.mx/listings/residencia-con-habitaciones-disponibles-hacienda-de-san-juan-pedcfae
rentola_rentas,Departamento en Renta,"Avenida Luis Espinoza, Zona Escolar - Arbolillo - Jorge Negrete, 07268 Mexico City, MEX, Mexico",7800.0,1,0,0,390.0,30.0,No Identificada,Zona Escolar - Arbolillo - Jorge Negrete,19.5311631,-99.1536982,https://rentola.mx/listings/departamento-en-renta-excelente-ubicacion-sobre-av-para-parejas-sin-mascotas-p877374
rentola_rentas,Departamento en Renta,"Calle Tonatiuh, Colonia Santa Isabel Industrial, 09820 Mexico City, Mexico",40000.0,2,0,1,211.0,30.0,Colonia Santa Isabel Industrial,Colonia Santa Isabel Industrial,19.3533643,-99.1031414,https://rentola.mx/listings/casa-col-san-francisco-culhuacan-barrio-de-santa-ana-pdd3742
rentola_rentas,Departamento en Renta,"Calle Francisco Tamagno, Peralvillo, 06220 Mexico City, Mexico",5000.0,1,0,1,357.0,30.0,Peralvillo,Peralvillo,19.4561462,-99.1291304,https://rentola.mx/listings/rento-recamara-en-concepto-roomy-pf3a283
rentola_rentas,Departamento en Renta,"BMW Servicio Central Polanco, Calle Francisco Petrarca 258, Polanco, 11570 Mexico City, CMX, Mexico",135000.0,3,0,1,563.0,30.0,Polanco,Calle Francisco Petrarca 258,19.4338141,-99.1859666,https://rentola.mx/listings/renta-casa-polanco-pd5b244
rentola_rentas,Departamento en Renta,"Calle Santa Rosa, Valle Gómez, 15210 Mexico City, CMX, Mexico",12700.0,2,0,1,227.0,30.0,No Identificada,Valle Gómez,19.4565452,-99.1183913,https://rentola.mx/listings/departamento-en-renta-en-valle-gomez-venustiano-carranza-p320c76
rentola_rentas,Departamento en Renta,"Camino Diligencias, Colonia Mirador del Valle, 14659 Mexico City, Mexico",50000.0,4,0,0,125.0,30.0,Colonia Mirador Del Valle,Colonia Mirador del Valle,19.2599747,-99.1735605,https://rentola.mx/listings/casa-en-renta-camino-diligencias-6316-san-andres-totoltepec-tlalpan-ciudad-de-mexico-14400-mex-pa98592
rentola_rentas,Departamento en Renta,"Avenida Antonio Valeriano, Colonia Del Gas, 02950 Mexico City, Mexico",18000.0,2,0,1,250.0,30.0,Colonia Del Gas,Colonia Del Gas,19.4641375,-99.1557868,https://rentola.mx/listings/departamento-en-renta-calle-pino-622-a-arenal-azcapotzalco-ciudad-de-mexico-02980-mex-pec8e94
rentola_rentas,Departamento en Renta,"2o. Retorno Avenida de las Torres, Polanco, 53390 Mexico City, Mexico",16600.0,1,0,1,488.0,30.0,Polanco,Polanco,19.43353,-99.190915,https://rentola.mx/listings/departamento-en-renta-lomas-de-sotelo-miguel-hidalgo-cdmx-p4fb575
rentola_rentas,Departamento en Renta,"Calle Patricio Sanz, Del Valle, 03100 Mexico City, Mexico",38000.0,3,0,1,317.0,30.0,Del Valle,Del Valle,19.3829715,-99.1800979,https://rentola.mx/listings/departamento-en-renta-del-valle-norte-benito-juarez-cdmx-pc76531
rentola_rentas,Departamento en Renta,"Avenida Industria Militar, Lomas de Chapultepec, 11200 Mexico City, Mexico",20800.0,1,0,1,433.0,30.0,Lomas De Chapultepec,Lomas de Chapultepec,19.4156998,-99.2136879,https://rentola.mx/listings/departamento-en-renta-avenida-industria-militar-lomas-de-sotelo-miguel-hidalgo-ciudad-de-mexico-11600-mex-p469b9b
rentola_rentas,Departamento en Renta,"Cerrada Maguey, Jesús del Monte, 05620 Mexico City, Mexico",32000.0,4,0,0,98.0,30.0,Jesús Del Monte,Jesús del Monte,19.3631076,-99.2926531,https://rentola.mx/listings/casa-en-renta-andador-jose-maria-castorena-27-119-cuajimalpa-cuajimalpa-de-morelos-ciudad-de-mexico-05260-mex-p3b2749
rentola_rentas,Departamento en Renta,"Ángel Urraza, Del Valle, 03100 Mexico City, Mexico",26900.0,2,0,1,354.0,30.0,Del Valle,Del Valle,19.3829715,-99.1800979,https://rentola.mx/listings/departamento-en-renta-calle-amores-937-949-del-valle-centro-benito-juarez-ciudad-de-mexico-03100-mex-p6c7a99
rentola_rentas,Departamento en Renta,"unnamed road, San Bartolo Ameyalco, 01849 Mexico City, Mexico",63000.0,3,0,1,249.0,30.0,San Bartolo Ameyalco,San Bartolo Ameyalco,19.3339285,-99.2544511,https://rentola.mx/listings/departamento-en-renta-01849-alvaro-obregon-ciudad-de-mexico-mex-p9cd36b
rentola_rentas,Departamento en Renta,"unnamed road, Colonia El Capulín, 14000 Mexico City, Mexico",21000.0,3,0,1,117.0,30.0,Colonia El Capulín,Colonia El Capulín,19.2827821,-99.1903795,https://rentola.mx/listings/casa-en-renta-miguel-hidalgo-tlalpan-cdmx-p08e28b
rentola_rentas,Departamento en Renta,"Los Andes, Camino Rojo 1, Rinconada de los Continentes 3a Sección, 04700 Mexico City, Mexico",25000.0,3,0,1,139.0,30.0,Rinconada De Los Continentes 3A Sección,Camino Rojo 1,19.3080267,-99.1707619,https://rentola.mx/listings/casa-en-renta-en-rinconada-de-los-andes-san-luis-potosi-pcaa3f1
rentola_rentas,Departamento en Renta,"Calle Pino, Colonia San Francisco, 10500 Mexico City, Mexico",40000.0,3,0,1,145.0,30.0,Colonia San Francisco,Colonia San Francisco,19.4807343,-99.1898667,https://rentola.mx/listings/casa-en-renta-calle-pino-24-lomas-quebradas-la-magdalena-contreras-ciudad-de-mexico-10000-mex-pf62f8d
rentola_rentas,Departamento en Renta,"Estacionamiento Plaza Oriente, Avenida Canal de Tezontle, Colonia Cuchillas del Moral II y III, 09020 Mexico City, Mexico",25000.0,5,0,1,94.0,30.0,Colonia Cuchillas Del Moral Ii Y Iii,Avenida Canal de Tezontle,19.3832692,-99.0754457,https://rentola.mx/listings/casa-en-renta-leyes-de-reforma-1a-seccion-iztapalapa-pa4915a
rentola_rentas,Departamento en Renta,"Calle Alcázar de Toledo, Lomas de Chapultepec, 11930 Mexico City, Mexico",33000.0,2,0,1,300.0,30.0,Lomas De Chapultepec,Lomas de Chapultepec,19.4156998,-99.2136879,https://rentola.mx/listings/departamento-en-renta-alcazar-de-toledo-lomas-de-reforma-ciudad-de-mexico-cdmx-mexico-p1c8182
rentola_rentas,Departamento en Renta,"Santander, Calle Anatole France 109, Polanco, 11550 Mexico City, Mexico",104000.0,3,0,1,468.0,30.0,Polanco,Calle Anatole France 109,19.4319826,-99.1973998,https://rentola.mx/listings/departamento-en-renta-anatole-france-polanco-polanco-iii-seccion-ciudad-de-mexico-cdmx-mexico-p3bfd98
rentola_rentas,Departamento en Renta,"Calle Yosemite, Del Valle, 03810 Mexico City, Mexico",21000.0,2,0,1,280.0,30.0,Del Valle,Del Valle,19.3829715,-99.1800979,https://rentola.mx/listings/departamento-en-renta-napoles-benito-juarez-cdmx-p603674
rentola_rentas,Departamento en Renta,"Avenida Ingeniero Eduardo Molina, Colonia Vasco de Quiroga, 07440 Mexico City, Mexico",12500.0,2,0,0,250.0,30.0,Colonia Vasco De Quiroga,Colonia Vasco de Quiroga,19.3782606,-99.2493727,https://rentola.mx/listings/departamento-en-renta-residencial-eduardo-molina-urbania-eduardo-molina-vasco-de-quiroga-salvador-diaz-miron-ciudad-de-mexic-p944c84
rentola_rentas,Departamento en Renta,"Cerrada Primera San José, Olivar de los Padres, 01729 Mexico City, Mexico",17500.0,2,0,1,233.0,30.0,Olivar De Los Padres,Olivar de los Padres,19.3375801,-99.2448956,https://rentola.mx/listings/departamento-en-renta-segunda-cerrada-de-san-jose-7-7-olivar-de-los-padres-alvaro-obregon-ciudad-de-mexico-01780-mex-pe7e2d4
rentola_rentas,Departamento en Renta,"unnamed road, Colonia San Bartolo, 02720 Mexico City, CMX, Mexico",17000.0,3,0,1,218.0,30.0,No Identificada,Colonia San Bartolo,19.4326,-99.1332,https://rentola.mx/listings/departamento-en-renta-en-azcapotzalco-p233559
rentola_rentas,Departamento en Renta,"Cerrada Río Churubusco, Colonia Agrícola Pantitlán, 15670 Mexico City, CMX, Mexico",10000.0,2,0,0,137.0,30.0,No Identificada,Colonia Agrícola Pantitlán,19.4105801,-99.0705782,https://rentola.mx/listings/departamento-a-la-renta-iztacalco-cdmx-p187ebb
rentola_rentas,Departamento en Renta,"Calle Gorostiza, Morelos, 06280 Mexico City, CMX, Mexico",6000.0,1,0,1,333.0,30.0,No Identificada,Morelos,19.4517943,-99.1274473,https://rentola.mx/listings/renta-de-cuarto-amueblado-pa2c567
rentola_rentas,Departamento en Renta,"Avenida Secretaría de Marina, Lomas de Chamizal, 05129 Mexico City, CMX, Mexico",19500.0,2,0,1,244.0,30.0,No Identificada,Lomas de Chamizal,19.3894805,-99.2651483,https://rentola.mx/listings/departamento-en-renta-avenida-secretaria-de-marina-lomas-del-chamizal-cuajimalpa-de-morelos-ciudad-de-mexico-05129-mex-p379ae3
rentola_rentas,Departamento en Renta,"Boulevard Gran Sur, Colonia El Caracol, 04739 Mexico City, CMX, Mexico",39000.0,3,0,1,355.0,30.0,No Identificada,Colonia El Caracol,19.3034693,-99.16528,https://rentola.mx/listings/departamento-en-renta-pedregal-de-carrasco-coyoacan-cdmx-p3f9b93
rentola_rentas,Departamento en Renta,"Calle Tenochtitlán 89, Arenal Puerto Aéreo, 15600 Mexico City, CMX, Mexico",10000.0,2,0,1,189.0,30.0,No Identificada,Arenal Puerto Aéreo,19.4252524,-99.0613255,https://rentola.mx/listings/departamento-en-renta-remodelado-col-arenal-venustiano-carranza-cdmx-p3617bc
rentola_rentas,Departamento en Renta,"Avenida Monterrey, Roma, 06760 Mexico City, CMX, Mexico",25000.0,2,0,0,250.0,30.0,No Identificada,Roma,19.4179402,-99.149146,https://rentola.mx/listings/roma-sur-departamento-renta-cuauhtemoc-cdmx-p84abc4
rentola_rentas,Departamento en Renta,"Avenida Ingeniero Eduardo Molina, Colonia Vasco de Quiroga, 07440 Mexico City, Mexico",15800.0,2,0,1,287.0,30.0,Colonia Vasco De Quiroga,Colonia Vasco de Quiroga,19.3782606,-99.2493727,https://rentola.mx/listings/departamento-en-renta-vasco-de-quiroga-gustavo-a-madero-p455333
rentola_rentas,Departamento en Renta,"unnamed road, Colonia Xoco, 03330 Mexico City, Mexico",31000.0,2,0,1,463.0,30.0,Colonia Xoco,Colonia Xoco,19.359262,-99.1633935,https://rentola.mx/listings/departamento-en-renta-en-urbano-park-coyoacan-p329d9b
rentola_rentas,Departamento en Renta,"Viaducto Tlalpan, Viejo Ejido Santa Úrsula Coapa, 04980 Mexico City, CMX, Mexico",16500.0,2,0,1,183.0,30.0,Tlalpan,Viejo Ejido Santa Úrsula Coapa,19.3189488,-99.1384416,https://rentola.mx/listings/departamento-en-renta-colonia-viejo-ejido-de-santa-ursula-coapa-coyoacan-cdmx-pcb8625
rentola_rentas,Departamento en Renta,"Calle 6 de Agosto de 1919, Colonia San Lorenzo La Cebada, 16035 Mexico City, Mexico",10000.0,2,0,1,200.0,30.0,Colonia San Lorenzo La Cebada,Colonia San Lorenzo La Cebada,19.2824093,-99.1197521,https://rentola.mx/listings/departamento-col-san-lorenzo-la-cebada-pfe7d57
rentola_rentas,Departamento en Renta,"Escuela Primaria Estefanía Castañeda, Andador 19, Unidad Obrero CTM Culhuacán Sección 7, 04489 Mexico City, CMX, Mexico",48000.0,1,0,0,400.0,30.0,No Identificada,Andador 19,19.3251652,-99.113297,https://rentola.mx/listings/casa-col-culhuacan-ctm-seccion-vii-p900959
rentola_rentas,Departamento en Renta,"Avenida Refinería Azcapotzalco, Colonia San Marcos, 02200 Mexico City, CMX, Mexico",12500.0,3,0,1,192.0,30.0,Azcapotzalco,Colonia San Marcos,19.4884216,-99.1826643,https://rentola.mx/listings/departamento-centro-azcapotzalco-p980731
rentola_rentas,Departamento en Renta,"Cerro del Sombrero, Colonia Multifamiliar Tlalpan, 04200 Mexico City, CMX, Mexico",19000.0,2,0,1,322.0,30.0,Tlalpan,Colonia Multifamiliar Tlalpan,19.3438023,-99.1421551,https://rentola.mx/listings/departamento-en-renta-en-campestre-churubusco-p3e7196
rentola_rentas,Departamento en Renta,"Calle Cerro de Loreto, Coyoacán, 04200 Mexico City, CMX, Mexico",7400.0,1,0,1,411.0,30.0,Coyoacán,Coyoacán,19.3488917,-99.1629828,https://rentola.mx/listings/departamento-hermoso-y-amplio-campestre-churubusco-cerca-de-metro-taxquena-y-cenart-pbc3119
rentola_rentas,Departamento en Renta,"Calle Xochicalco, Colonia Letrán Valle, 03650 Mexico City, Mexico",50000.0,4,0,1,179.0,30.0,Colonia Letrán Valle,Colonia Letrán Valle,19.3760816,-99.1550215,https://rentola.mx/listings/vertiz-narvarte-se-renta-casa-de-4-habitaciones-p026942
rentola_rentas,Departamento en Renta,"Calle Indiana 95, Colonia Ampliación Nápoles, 03810 Mexico City, CMX, Mexico",17000.0,1,0,1,283.0,30.0,No Identificada,Colonia Ampliación Nápoles,19.388597,-99.1796118,https://rentola.mx/listings/indiana-90-col-napoles-ciudad-de-mexico-p7c23de
rentola_rentas,Departamento en Renta,"Calle Lago Cuitzeo, Anahuác 2ª Sección, 11320 Mexico City, CMX, Mexico",14200.0,2,0,1,200.0,30.0,No Identificada,Anahuác 2ª Sección,19.4389504,-99.1721825,https://rentola.mx/listings/departamento-en-renta-en-lago-cuitzeo-234-anahuac-i-seccion-pd0c7d5
rentola_rentas,Departamento en Renta,"Olivar de los Padres, 01780 Mexico City, CMX, Mexico",29500.0,3,0,0,197.0,30.0,No Identificada,01780 Mexico City,19.3374093,-99.2196568,https://rentola.mx/listings/casa-en-renta-en-olivar-de-los-padres-alvaro-obregon-ciudad-de-mexico-paccf8b
rentola_rentas,Departamento en Renta,"Calzada General Ignacio Zaragoza, Ampliación Aviación Civil, 15750 Mexico City, CMX, Mexico",6500.0,1,0,1,361.0,30.0,No Identificada,Ampliación Aviación Civil,19.4099167,-99.0782435,https://rentola.mx/listings/departamento-nuevo-av-zaragoza-p80ceed
rentola_rentas,Departamento en Renta,"Calle 4 270, Colonia Agrícola Pantitlán, 08100 Mexico City, CMX, Mexico",9000.0,2,0,1,138.0,30.0,No Identificada,Colonia Agrícola Pantitlán,19.4105801,-99.0705782,https://rentola.mx/listings/departamento-a-la-renta-agricola-oriental-iztacalco-cdmx-p6dcc94
rentola_rentas,Departamento en Renta,"Avenida Veracruz 39, San Pedro Cuajimalpa, 05000 Mexico City, Mexico",16000.0,2,0,0,178.0,30.0,Cuajimalpa de Morelos,San Pedro Cuajimalpa,19.3574168,-99.3000541,https://rentola.mx/listings/departamento-en-renta-colonia-cuajimalpa-cuajimalpa-de-morelos-p9ab37b
rentola_rentas,Departamento en Renta,"Calle Odesa, Colonia Portales Sur, 03300 Mexico City, CMX, Mexico",9000.0,1,0,1,333.0,30.0,No Identificada,Colonia Portales Sur,19.3608245,-99.1507003,https://rentola.mx/listings/recamara-premium-para-mujeres-con-servicios-incluidos-en-portales-p4acb3d
rentola_rentas,Departamento en Renta,"Calle Tampico 21, Condesa, 06700 Mexico City, CMX, Mexico",33000.0,2,0,0,300.0,30.0,Condesa,Condesa,19.4148639,-99.176429,https://rentola.mx/listings/departamento-en-renta-tampico-21-roma-cuauuhtemoc-cdmx-pc7f890
rentola_rentas,Departamento en Renta,"Nutrisa Parques Polanco, Calle Lago Alberto, Polanco, 11520 Mexico City, CMX, Mexico",15000.0,1,0,1,417.0,30.0,Polanco,Calle Lago Alberto,19.4402177,-99.1870609,https://rentola.mx/listings/habitacion-con-bano-privado-en-parques-polanco-pbd36d4
rentola_rentas,Departamento en Renta,"Avenida Benito Juárez, Colonia Presidentes de México, 09740 Mexico City, CMX, Mexico",13500.0,2,0,1,132.0,30.0,Benito Juárez,Colonia Presidentes de México,19.3718796,-99.157701,https://rentola.mx/listings/departamento-amueblado-en-renta-san-lorenzo-iztapalapa-pd2c339
rentola_rentas,Departamento en Renta,"Calle Kansas 166, Del Valle, 03840 Mexico City, CMX, Mexico",12500.0,1,0,1,313.0,30.0,No Identificada,Del Valle,19.386333,-99.1750493,https://rentola.mx/listings/departamento-col-ampliacion-napoles-pe1442b
rentola_rentas,Departamento en Renta,"Calle Eureka, Colonia Guadalupe Insurgentes, 07800 Mexico City, CMX, Mexico",11500.0,1,0,0,192.0,30.0,No Identificada,Colonia Guadalupe Insurgentes,19.4737564,-99.1296267,https://rentola.mx/listings/excelente-departamento-loft-en-renta-en-la-colonia-industrial-cuidad-de-mexico-p3131b9
rentola_rentas,Departamento en Renta,"unnamed road, Colonia La Viga, 09400 Mexico City, CMX, Mexico",11000.0,2,0,1,157.0,30.0,No Identificada,Colonia La Viga,19.4326,-99.1332,https://rentola.mx/listings/funcional-departamento-en-la-viga-colonia-asturias-p0b6a10
rentola_rentas,Departamento en Renta,"Avenida Presidente Masaryk, Polanco, 11560 Mexico City, CMX, Mexico",90000.0,3,0,1,310.0,30.0,Polanco,Polanco,19.43353,-99.190915,https://rentola.mx/listings/renta-magnifico-departamento-en-polanco-con-terraza-p845e46
rentola_rentas,Departamento en Renta,"Avenida del IMAN, Colonia Torres de Maurel, 04535 Mexico City, Mexico",33000.0,4,0,1,194.0,30.0,Colonia Torres De Maurel,Colonia Torres de Maurel,19.306179,-99.1814155,https://rentola.mx/listings/departamento-en-renta-insurgentes-cuicuilco-coyoacan-cdmx-p95c15f
rentola_rentas,Departamento en Renta,"Calle Sierra Gorda 15, Lomas de Chapultepec, 11650 Mexico City, Mexico",100000.0,3,0,1,313.0,30.0,Lomas De Chapultepec,Lomas de Chapultepec,19.4156998,-99.2136879,https://rentola.mx/listings/departamento-en-renta-calle-sierra-gorda-1-19-lomas-de-chapultepec-miguel-hidalgo-ciudad-de-mexico-11000-mex-p4be30a
rentola_rentas,Departamento en Renta,"Bing Bing Bobá, Avenida Insurgentes Norte 286, Santa María la Ribera, 06400 Mexico City, Mexico",11500.0,1,0,1,274.0,30.0,Santa María La Ribera,Avenida Insurgentes Norte 286,19.4494596,-99.1528743,https://rentola.mx/listings/departamento-en-renta-condesa-cuauhtemoc-cdmx-p02f435
rentola_rentas,Departamento en Renta,"Calle Alcázar de Toledo, Lomas de Chapultepec, 11930 Mexico City, Mexico",33000.0,2,0,1,300.0,30.0,Lomas De Chapultepec,Lomas de Chapultepec,19.4156998,-99.2136879,https://rentola.mx/listings/departamento-en-renta-lomas-de-reforma-miguel-hidalgo-cdmx-pd8377d
rentola_rentas,Departamento en Renta,"Hares, Calle Bahía Magdalena 225, Polanco, 11320 Mexico City, Mexico",40000.0,2,0,1,339.0,30.0,Polanco,Calle Bahía Magdalena 225,19.4370493,-99.1792369,https://rentola.mx/listings/departamento-en-renta-av-ejercito-nacional-225-anahuac-i-seccion-ciudad-de-mexico-cdmx-mexico-p6587bd
rentola_rentas,Departamento en Renta,"Calle Sur 16 B, Iztacalco, 08510 Mexico City, Mexico",16000.0,3,0,0,246.0,30.0,Iztacalco,Iztacalco,19.3880913,-99.1120396,https://rentola.mx/listings/renta-departamento-agricola-oriental-iztacalco-amueblado-p62e0fb
rentola_rentas,Departamento en Renta,"Avenida San Francisco, Del Valle, 03103 Mexico City, Mexico",33000.0,3,0,1,317.0,30.0,Del Valle,Del Valle,19.3829715,-99.1800979,https://rentola.mx/listings/departamento-en-renta-del-valle-pfd773f
rentola_rentas,Departamento en Renta,"Avenida San Francisco, Pueblo Nuevo Bajo, 10400 Mexico City, Mexico",28000.0,3,0,1,116.0,30.0,Pueblo Nuevo Bajo,Pueblo Nuevo Bajo,19.3089765,-99.2450313,https://rentola.mx/listings/casa-en-renta-san-francisco-la-magdalena-contreras-pd9d31c
rentola_rentas,Departamento en Renta,"Calle Laguna de Mayrán, Polanco, 11320 Mexico City, Mexico",38000.0,2,0,1,355.0,30.0,Polanco,Polanco,19.43353,-99.190915,https://rentola.mx/listings/departamento-en-renta-anahuac-i-seccion-miguel-hidalgo-cdmx-p539241
rentola_rentas,Departamento en Renta,"Calle Jorge Bernad Shaw, Polanco, 11530 Mexico City, Mexico",10500.0,1,0,0,328.0,30.0,Polanco,Polanco,19.43353,-99.190915,https://rentola.mx/listings/rento-cuarto-polanco-pfa067c
rentola_rentas,Departamento en Renta,"Calle 15, Colonia San Pedro de los Pinos, 03800 Mexico City, Mexico",22000.0,2,0,1,282.0,30.0,Colonia San Pedro De Los Pinos,Colonia San Pedro de los Pinos,19.3901306,-99.1847553,https://rentola.mx/listings/departamento-col-san-pedro-de-los-pinos-pd1d45d
rentola_rentas,Departamento en Renta,"Avenida Javier Barros Sierra, Jalalpa, 01210 Mexico City, Mexico",44000.0,3,0,1,284.0,30.0,Jalalpa,Jalalpa,19.3683696,-99.2437213,https://rentola.mx/listings/departamento-en-renta-avenida-javier-barros-sierra-245-santa-fe-zedec-santa-fe-ciudad-de-mexico-cdmx-mexico-pf1513b
rentola_rentas,Departamento en Renta,"Calle del Refugio, Colonia Iztlahuaca, 01800 Mexico City, Mexico",9000.0,1,0,1,180.0,30.0,Tláhuac,Colonia Iztlahuaca,19.2703914,-99.0047499,https://rentola.mx/listings/departamento-en-renta-calle-ixtlahuaca-san-bartolo-ameyalco-alvaro-obregon-ciudad-de-mexico-01800-mex-p242d2a
rentola_rentas,Departamento en Renta,"Avenida Campos Elíseos 103, Polanco, 11580 Mexico City, Mexico",105000.0,3,0,1,300.0,30.0,Polanco,Polanco,19.43353,-99.190915,https://rentola.mx/listings/departamento-en-renta-calle-de-lope-de-vega-polanco-miguel-hidalgo-ciudad-de-mexico-11560-mex-p58c1eb
rentola_rentas,Departamento en Renta,"Calle Alhambra, Colonia Ermita, 03590 Mexico City, Mexico",11000.0,1,0,1,324.0,30.0,Colonia Ermita,Colonia Ermita,19.3605506,-99.1427972,https://rentola.mx/listings/cuarto-amplio-con-walking-closet-y-bano-privado-con-tina-p3c4eda
rentola_rentas,Departamento en Renta,"Avenida Antigua, El Yaqui, 01330 Mexico City, Mexico",40000.0,3,0,1,160.0,30.0,El Yaqui,El Yaqui,19.3621951,-99.2869132,https://rentola.mx/listings/casa-en-renta-bosques-de-las-lomas-cuajimalpa-de-morelos-pa64376
rentola_rentas,Departamento en Renta,"Calle Presa Santa Rosa, Irrigación, 11510 Mexico City, Mexico",10500.0,1,0,1,477.0,30.0,Irrigación,Irrigación,19.4416334,-99.208852,https://rentola.mx/listings/departamento-en-renta-calle-presa-palmito-50-82-irrigacion-miguel-hidalgo-ciudad-de-mexico-11500-mex-p5ef995
rentola_rentas,Departamento en Renta,"Librería Esotérica Yug, Calle San Gregorio 48, Coyoacán, 04320 Mexico City, Mexico",44000.0,3,0,1,349.0,30.0,Coyoacán,Calle San Gregorio 48,19.3468682,-99.1636044,https://rentola.mx/listings/casa-en-condominio-en-renta-barrio-santa-catarina-coyoacan-cdmx-p217144
rentola_rentas,Departamento en Renta,"unnamed road, Colonia El Mirador, 01708 Mexico City, Mexico",45000.0,3,0,0,122.0,30.0,Colonia El Mirador,Colonia El Mirador,19.2231338,-99.15109,https://rentola.mx/listings/casa-en-renta-tetelpan-alvaro-obregon-cdmx-p0e360a
rentola_rentas,Departamento en Renta,"Calle California 124, Colonia San Diego Churubusco, 04120 Mexico City, Mexico",30000.0,2,0,1,125.0,30.0,Colonia San Diego Churubusco,Colonia San Diego Churubusco,19.3509584,-99.1388636,https://rentola.mx/listings/casa-en-renta-calle-california-130-parque-san-andres-ciudad-de-mexico-cdmx-mexico-pa09bf8
rentola_rentas,Departamento en Renta,"Calle Lamartine, Polanco, 11520 Mexico City, Mexico",100000.0,3,0,1,500.0,30.0,Polanco,Polanco,19.43353,-99.190915,https://rentola.mx/listings/departamento-en-renta-o-venta-de-ph-en-polanco-3r-3-5b-3e-amueblado-200-m2-pba0abc
rentola_rentas,Departamento en Renta,"Torre 300, Avenida Santa Fe 562, Santa Fe Cuajimalpa, 05349 Mexico City, Mexico",60000.0,1,0,1,324.0,30.0,Cuajimalpa de Morelos,Avenida Santa Fe 562,19.3571105,-99.2734667,https://rentola.mx/listings/renta-departamento-3-recamaras-av-santa-fe-cuajimalpa-parque-de-la-mexicana-pe3b646
rentola_rentas,Departamento en Renta,"Calle Sierra Nevada 510, Lomas de Chapultepec, 11000 Mexico City, Mexico",50000.0,3,0,0,217.0,30.0,Lomas De Chapultepec,Lomas de Chapultepec,19.4156998,-99.2136879,https://rentola.mx/listings/departamento-en-renta-lomas-de-chapultepec-ciudad-de-mexico-cdmx-mexico-p0e90f5
rentola_rentas,Departamento en Renta,"Calle Pacheco, San Bernabé Ocotepec, 10300 Mexico City, CMX, Mexico",7000.0,3,0,1,103.0,30.0,No Identificada,San Bernabé Ocotepec,19.3136991,-99.2578997,https://rentola.mx/listings/departamento-en-renta-pacheco-1-san-bernabe-ocotepec-ciudad-de-mexico-cdmx-mexico-p7a8e94
rentola_rentas,Departamento en Renta,"Calle San Felipe, Colonia Xoco, 03330 Mexico City, CMX, Mexico",30000.0,2,0,1,326.0,30.0,No Identificada,Colonia Xoco,19.3632476,-99.1644751,https://rentola.mx/listings/renta-departamento-en-city-towers-grand-coyoacan-p1f9c28
rentola_rentas,Departamento en Renta,"Calzada de los Tenorios, Colonia Gabriel Ramos Millán, 14324 Mexico City, CMX, Mexico",16000.0,3,0,1,213.0,30.0,No Identificada,Colonia Gabriel Ramos Millán,19.2992528,-99.1202738,https://rentola.mx/listings/departamento-en-renta-calzada-de-los-tenorios-220-rinconada-de-las-hadas-ciudad-de-mexico-cdmx-mexico-pb863fa
rentola_rentas,Departamento en Renta,"Balderas, Avenida Balderas, Roma, 06040 Mexico City, CMX, Mexico",11500.0,3,0,0,135.0,30.0,No Identificada,Avenida Balderas,19.4271218,-99.1489658,https://rentola.mx/listings/departamento-en-renta-centro-segundo-piso-308-p16250f
rentola_rentas,Departamento en Renta,"Calzada General Mariano Escobedo, Polanco, 11570 Mexico City, Mexico",38000.0,1,0,1,543.0,30.0,Polanco,Polanco,19.43353,-99.190915,https://rentola.mx/listings/departamento-en-renta-centro-de-cursos-especiales-polanco-miguel-hidalgo-ciudad-de-mexico-11560-mex-pcdbb66
homie_rentas,Departamento en Renta,"Holbein, Ciudad de los deportes",11000.0,1,1,0,36.0,30.0,Benito Juárez,Ciudad de los deportes,19.3824219,-99.1761603,https://homie.mx/pub/601b6b46fa6afe7f5360c62c
homie_rentas,Departamento en Renta,"Cuauhtémoc, Tizapán",12000.0,1,1,0,30.0,30.0,Álvaro Obregón,Tizapán,19.3370667,-99.2021996,https://homie.mx/pub/5fa9cb08fa6afe1eb2ebe11a
homie_rentas,Departamento en Renta,"1a cerrada andros, La martinica",12500.0,2,1,0,90.0,30.0,Álvaro Obregón,La martinica,19.3596182,-99.2199296,https://homie.mx/pub/5bb66a1a533e3a201f5e67d7
homie_rentas,Departamento en Renta,"Calle lago superior, Tacuba",12700.0,2,1,0,56.0,30.0,Miguel Hidalgo,Tacuba,19.4553604,-99.1907173,https://homie.mx/pub/6041aca1fa6afe13b23b9a9a
homie_rentas,Departamento en Renta,"Ingenieros civiles, Nueva rosita",13300.0,3,1,0,80.0,30.0,Iztapalapa,Nueva rosita,19.3773771,-99.105681,https://homie.mx/pub/69ea9d58126431003a784b63
homie_rentas,Departamento en Renta,"Avenida revolución, Tacubaya",14800.0,1,1,0,31.0,30.0,Departamento Tipo Loft Con Servicios Incluidos*,Tacubaya,19.40734,-99.1843525,https://homie.mx/pub/622f75945e69100045450325
homie_rentas,Departamento en Renta,"Privada antonio maceo, Tacubaya",14800.0,1,1,0,31.0,30.0,Departamento Tipo Loft Con Servicios Incluidos*,Tacubaya,19.40734,-99.1843525,https://homie.mx/pub/65301fc6ddf20d0050df4c57
homie_rentas,Departamento en Renta,"Avenida revolución, Tacubaya",14800.0,1,1,0,31.0,30.0,Departamento Tipo Loft Con Servicios Incluidos*,Tacubaya,19.40734,-99.1843525,https://homie.mx/pub/61fef462aabc5f0048e9b2d2
homie_rentas,Departamento en Renta,"Avenida centenario, Lomas de tarango",15500.0,2,1,0,60.0,30.0,Álvaro Obregón,Lomas de tarango,19.3623961,-99.2168195,https://homie.mx/pub/640ff88403eb5b00510d91b4
homie_rentas,Departamento en Renta,"Doctor andrade, Doctores",16000.0,2,2,0,97.0,30.0,Cuauhtémoc,Doctores,19.4214424,-99.14322,https://homie.mx/pub/6283ed77ab6b3500424d9a9f
homie_rentas,Departamento en Renta,"Retorno 30 avenida del taller, Jardín balbuena",5700.0,1,1,0,20.0,30.0,Venustiano Carranza,Jardín balbuena,19.4154146,-99.1070641,https://homie.mx/pub/67056f5d068a58003b31ece2
homie_rentas,Departamento en Renta,"San miguel, Xalpa",5800.0,1,1,0,36.0,30.0,Cuajimalpa de Morelos,Xalpa,19.3132813,-99.3301261,https://homie.mx/pub/697d58215fdd4a003a99e140
homie_rentas,Departamento en Renta,"Cañito 25, San diego ocoyoacac",6000.0,2,1,0,55.0,30.0,Departamento En Renta - San Diego Ocoyoacac,San diego ocoyoacac,19.4623308,-99.1915526,https://homie.mx/pub/5a989abf533e3a26c0014d53
homie_rentas,Departamento en Renta,"Avenida europa, Industrias tulpetlac",7900.0,3,2,0,75.0,30.0,Edomex,Industrias tulpetlac,19.4326,-99.1332,https://homie.mx/pub/67e6c6bb08b870003bab598d
homie_rentas,Departamento en Renta,"Santa teresa, Tepalcates",8100.0,2,1,0,48.0,30.0,Iztapalapa,Tepalcates,19.3912758,-99.0463496,https://homie.mx/pub/5bea3e11533e3a3f5ab6397f
homie_rentas,Departamento en Renta,"América central, Las américas",8400.0,2,2,0,75.0,30.0,Casa En Renta En Las Américas Ecatepec,Las américas,19.4326,-99.1332,https://homie.mx/pub/69a5ee3789152f003b944e2a
homie_rentas,Departamento en Renta,"Andador sin nombre, Culhuacan ctm ix a",9000.0,2,1,0,52.0,30.0,Coyoacán,Culhuacan ctm ix a,19.3498606,-99.1619751,https://homie.mx/pub/5f99e539fa6afe112f85b5c7
homie_rentas,Departamento en Renta,"Rosa carmesí, Molino de rosas",9000.0,1,1,0,40.0,30.0,Álvaro Obregón,Molino de rosas,19.3721242,-99.1996337,https://homie.mx/pub/6014bbbefa6afe094f9c611b
homie_rentas,Departamento en Renta,"Calle nicolás romero, Magdalena mixihuca",9800.0,3,1,0,76.0,30.0,Departamento En Renta En Magdalena Mixihuca,Magdalena mixihuca,19.4073755,-99.1181774,https://homie.mx/pub/67b67f11b55f3e003bb3e84f
homie_rentas,Departamento en Renta,"Privada morelos, Magdalena petlacalco",12500.0,3,2,0,90.0,30.0,Tlalpan,Magdalena petlacalco,19.2339875,-99.180117,https://homie.mx/pub/695d6e12a74c48003a7483fe
homie_rentas,Departamento en Renta,"Zinc, Valle gómez",12700.0,2,1,0,56.0,30.0,Venustiano Carranza,Valle gómez,19.4588314,-99.119401,https://homie.mx/pub/683e272b181157003b965209
homie_rentas,Departamento en Renta,"San felipe, Miguel hidalgo 2da sección",13000.0,2,1,0,60.0,30.0,Tlalpan,Miguel hidalgo 2da sección,19.2843327,-99.1894394,https://homie.mx/pub/69fe5fc5f3461c003b665538
homie_rentas,Departamento en Renta,"Lago cuitzeo, Anáhuac i sección",14200.0,2,1,0,71.0,30.0,Anáhuac I Sección,Anáhuac i sección,19.4259676,-99.0636789,https://homie.mx/pub/688911eb85fbe6003ab79540
homie_rentas,Departamento en Renta,"Fábrica de cartuchos, Lomas del chamizal",14400.0,1,1,0,68.0,30.0,Cuajimalpa de Morelos,Lomas del chamizal,19.3865976,-99.2651314,https://homie.mx/pub/583c6529e8afdaae4a0000a1
homie_rentas,Departamento en Renta,"Av. universidad, Barrio oxtopulco universidad",16000.0,2,2,0,60.0,30.0,Departamento En Renta - Integración Latinoamericana,Barrio oxtopulco universidad,19.342269,-99.1816686,https://homie.mx/pub/5b25b3a6533e3a3d3bd72193
homie_rentas,Departamento en Renta,"Avenida revolución, Tacubaya",16100.0,1,1,0,38.0,30.0,110*,Tacubaya,19.3969622,-99.1882141,https://homie.mx/pub/67326d2f8cb673003bf2d2ae
homie_rentas,Departamento en Renta,"Avenida lomas de sotelo, 10 de abril",16100.0,2,1,0,77.0,30.0,Miguel Hidalgo,10 de abril,19.4485103,-99.2083999,https://homie.mx/pub/69d6972a17a9ba003c114321
homie_rentas,Departamento en Renta,"Río papaloapan, Cuauhtémoc",16500.0,1,1,0,30.0,30.0,Cuauhtémoc,Cuauhtémoc,19.4326296,-99.1331785,https://homie.mx/pub/69f39e91b33d8a003a1765fc
homie_rentas,Departamento en Renta,"Río papaloapan, Cuauhtémoc",16500.0,1,1,0,30.0,30.0,Loft En Renta A Estrenar En Río Papaloapan Cercano A Av. Paseo De La Reforma,Cuauhtémoc,19.4293166,-99.1655843,https://homie.mx/pub/69ab00ea37dd4a003abd3ba5
homie_rentas,Departamento en Renta,"Avenida ingenieros militares, Lomas de sotelo",16600.0,1,1,0,32.0,30.0,Miguel Hidalgo,Lomas de sotelo,19.4497398,-99.2150977,https://homie.mx/pub/67929e7a06948c003ae47f95
homie_rentas,Departamento en Renta,"Avenida revolución, Tacubaya",18000.0,1,1,0,50.0,30.0,Loft En Renta De 50 M² Amueblado Y Con Servicios Incluidos,Tacubaya,19.40734,-99.1843525,https://homie.mx/pub/69d6d16cf54159003bfe29b4
homie_rentas,Departamento en Renta,"Loma de la palma, Lomas de vista hermosa",18000.0,2,1,0,101.0,30.0,Cuajimalpa de Morelos,Lomas de vista hermosa,19.3769798,-99.2751709,https://homie.mx/pub/5d5ad2e1fa6afe66753848bd
homie_rentas,Departamento en Renta,"San francisco, Colonia del valle norte",18400.0,1,1,0,58.0,30.0,Benito Juárez,Colonia del valle norte,19.3718796,-99.157701,https://homie.mx/pub/69e7d5d28e3e66003a790323
homie_rentas,Departamento en Renta,"Ejido la candelaria, Ex-ejido de san francisco culhuacan",18800.0,2,1,0,120.0,30.0,Coyoacán,Ex-ejido de san francisco culhuacan,19.3228085,-99.1036495,https://homie.mx/pub/57a8fb72d2a57d1aca00024e
homie_rentas,Departamento en Renta,"Privada antonio maceo, Tacubaya",18900.0,1,1,0,51.0,30.0,Departamento Equipado De 1 Habitación Cerca De La Col. Condesa,Tacubaya,19.4058551,-99.1848831,https://homie.mx/pub/652f1e88702da300509052b3
homie_rentas,Departamento en Renta,"Avenida revolución, Tacubaya",18900.0,1,1,0,52.0,30.0,Departamento Equipado De 1 Habitación Cerca De La Col. Condesa,Tacubaya,19.4058551,-99.1848831,https://homie.mx/pub/62054c21dc584a00474873f9
homie_rentas,Departamento en Renta,"Av. méxico coyoacan, Xoco",19200.0,2,2,0,88.0,30.0,Benito Juárez,Xoco,19.3601941,-99.1668669,https://homie.mx/pub/5ca402844d35bf597ffefa50
homie_rentas,Departamento en Renta,"Lago alberto, Anáhuac i sección",19200.0,1,1,0,47.0,30.0,Loft En Vitant Polanco,Anáhuac i sección,19.4326,-99.1332,https://homie.mx/pub/69991bc8d35b8fe221bdd7e1
homie_rentas,Departamento en Renta,"Lago alberto, Anáhuac i sección",19200.0,1,1,0,42.0,30.0,250 En Polanco Con Alberca Y Gym,Anáhuac i sección,19.4326,-99.1332,https://homie.mx/pub/6999119dd35b8fe221bdd3d4
homie_rentas,Departamento en Renta,"Avenida jardín, Colonia del gas",20400.0,1,1,0,97.0,30.0,Azcapotzalco,Colonia del gas,19.4704542,-99.1566716,https://homie.mx/pub/649475dffc575800522b484b
homie_rentas,Departamento en Renta,"Lago alberto, Anáhuac i sección",20600.0,1,1,0,42.0,30.0,Zona Pet Y Más,Anáhuac i sección,19.4326,-99.1332,https://homie.mx/pub/69992fdcd35b8fe221bde13e
homie_rentas,Departamento en Renta,"Lago alberto, Anáhuac i sección",21000.0,1,1,0,51.0,30.0,Loft Renta En Vitant Polanco,Anáhuac i sección,19.4326,-99.1332,https://homie.mx/pub/69992cdad35b8fe221bddfc4
homie_rentas,Departamento en Renta,"Avenida ingenieros militares, Lomas de sotelo",21100.0,1,1,0,42.0,30.0,Miguel Hidalgo,Lomas de sotelo,19.4497398,-99.2150977,https://homie.mx/pub/6792a2cae155b5003b783550
homie_rentas,Departamento en Renta,"Lago alberto, Anáhuac i sección",21500.0,1,1,0,46.0,30.0,Miguel Hidalgo,Anáhuac i sección,19.4071156,-99.1906167,https://homie.mx/pub/69992c4ad35b8fe221bddf7a
homie_rentas,Departamento en Renta,"Lago alberto, Anáhuac i sección",21800.0,1,1,0,47.0,30.0,Miguel Hidalgo,Anáhuac i sección,19.4071156,-99.1906167,https://homie.mx/pub/69992ec0d35b8fe221bde0b4
homie_rentas,Departamento en Renta,"Bucareli, Juárez",21900.0,1,1,0,39.0,30.0,Colonia Juárez,Juárez,19.4260273,-99.1588658,https://homie.mx/pub/6792937406948c003ae47e37
homie_rentas,Departamento en Renta,"Avenida revolución, Nonoalco",22500.0,2,2,0,64.0,30.0,Benito Juárez,Nonoalco,19.3813136,-99.1883226,https://homie.mx/pub/61804121a806730048886a1e
homie_rentas,Departamento en Renta,"Poniente 25-a, Colonia del gas",23000.0,1,2,0,115.0,30.0,Azcapotzalco,Colonia del gas,19.4704542,-99.1566716,https://homie.mx/pub/5d66e05ffa6afe6dd857f44e
homie_rentas,Departamento en Renta,"Lago alberto, Granada",23500.0,1,1,0,55.0,30.0,Miguel Hidalgo,Granada,19.4402557,-99.1926322,https://homie.mx/pub/628597333444020041ccc1b1
homie_rentas,Departamento en Renta,"Lago alberto, Anáhuac i sección",23800.0,1,1,0,54.0,30.0,Loft En Renta De 1 Recamara En Polanco,Anáhuac i sección,19.4326,-99.1332,https://homie.mx/pub/6999061cd35b8fdea9f67c32
homie_rentas,Departamento en Renta,"Avenida insurgentes sur, Roma sur",23900.0,1,1,0,36.0,30.0,Studio En Renta En Roma Sur,Roma sur,19.4090905,-99.1674208,https://homie.mx/pub/68222d74697466003bd01cb2
homie_rentas,Departamento en Renta,"Río papaloapan, Cuauhtémoc",24100.0,1,1,0,50.0,30.0,Cuauhtémoc,Cuauhtémoc,19.4326296,-99.1331785,https://homie.mx/pub/6998c053a17c4c003a9e1e04
homie_rentas,Departamento en Renta,"Privada antonio maceo, Tacubaya",24400.0,2,2,0,64.0,30.0,Departamento De 2 Habitaciones Con Baño Dentro De Cada Habitación.,Tacubaya,19.4058551,-99.1848831,https://homie.mx/pub/652f31dc702da30050905354
homie_rentas,Departamento en Renta,"Avenida revolución, Tacubaya",24400.0,2,2,0,65.0,30.0,Departamento De 2 Habitaciones Con Baño Dentro De Cada Habitación.,Tacubaya,19.4058551,-99.1848831,https://homie.mx/pub/620ebbb78b4da80045a6f8ab
homie_rentas,Departamento en Renta,"Avenida revolución, Tacubaya",24400.0,2,2,0,68.0,30.0,Con Servicios Incluidos*,Tacubaya,19.40734,-99.1843525,https://homie.mx/pub/61f2f66ca7226e004685043d
homie_rentas,Departamento en Renta,"Avenida santa fe, Santa fe",24900.0,1,1,0,72.0,30.0,Cmdx,Santa fe,19.4484261,-99.1814406,https://homie.mx/pub/6208058bfdc09d0045ad21db
homie_rentas,Departamento en Renta,"Avenida insurgentes sur, Roma sur",25700.0,1,1,0,41.0,30.0,Studio Plus En Renta En Roma Sur,Roma sur,19.4090905,-99.1674208,https://homie.mx/pub/68222ff76496c3003b44ebef
homie_rentas,Departamento en Renta,"Avenida insurgentes sur, Nápoles",25900.0,1,1,0,36.0,30.0,Studio Panorámico Con Amenidades En Napoles.,Nápoles,19.3910468,-99.1732855,https://homie.mx/pub/6939b6decb81f8003b4ccc2f
homie_rentas,Departamento en Renta,"Lago alberto, Anáhuac i sección",26000.0,2,1,0,76.0,30.0,Departamento De 2 Recámaras 1 Baño En Vitant Polanco,Anáhuac i sección,19.4326,-99.1332,https://homie.mx/pub/6999296ad35b8fe221bdde55
homie_rentas,Departamento en Renta,"Lago alberto, Anáhuac i sección",26000.0,2,1,0,76.0,30.0,Departamento De 2 Recámaras 1 Baño En Vitant Polanco,Anáhuac i sección,19.4326,-99.1332,https://homie.mx/pub/69992db1d35b8fe221bde034
homie_rentas,Departamento en Renta,"Lago alberto, Anáhuac i sección",26000.0,2,1,0,76.0,30.0,Departamento De 2 Recámaras,Anáhuac i sección,19.4326,-99.1332,https://homie.mx/pub/69992131d35b8fe221bdda89
homie_rentas,Departamento en Renta,"Avenida insurgentes sur, Nápoles",26200.0,1,1,0,60.0,30.0,Studio Alcoba Con Amenidades De Lujo En Napoles.,Nápoles,19.3910468,-99.1732855,https://homie.mx/pub/681d3534cb1440003b1bb4bf
homie_rentas,Departamento en Renta,"Camino arenero, San josé río hondo",27500.0,3,4,0,175.0,30.0,Naucalpan Estado De México,San josé río hondo,19.4564793,-99.214739,https://homie.mx/pub/69b5b22321ca56003a360e0c
homie_rentas,Departamento en Renta,"Lomas de san pedro 3a. cerrada de prolongación juárez, Las tinajas",27500.0,2,2,0,80.0,30.0,Cuajimalpa de Morelos,Las tinajas,19.3528581,-99.2854195,https://homie.mx/pub/69d3e90bc25b1a003ab05f01
homie_rentas,Departamento en Renta,"Lago alberto, Anáhuac i sección",28600.0,1,1,0,64.0,30.0,Departamento Amueblado De 1 Recámara En Vitant Polanco,Anáhuac i sección,19.4326,-99.1332,https://homie.mx/pub/69992daed35b8fe221bde02f
homie_rentas,Departamento en Renta,"Avenida paseo de la reforma, Juárez",29700.0,1,1,0,74.0,30.0,Studio Con Balcon En Reforma Con Amenidades.,Juárez,19.4237459,-99.1736536,https://homie.mx/pub/681d326fcb1440003b1bb4a3
homie_rentas,Departamento en Renta,"Lago andromaco, Granada",29900.0,1,1,0,47.0,30.0,Departamento De 1 Recamara En Renta - Edificio Ines En Polanco,Granada,19.443214,-99.2025181,https://homie.mx/pub/693d8e0eefbf0c003bafbf0a
homie_rentas,Departamento en Renta,"Calle querétaro, Roma norte",30000.0,2,2,0,68.0,30.0,Cuauhtémoc,Roma norte,19.4183227,-99.1625655,https://homie.mx/pub/60ff5e30bde5390044244be3
homie_rentas,Departamento en Renta,"Avenida ingenieros militares, Lomas de sotelo",30600.0,2,2,0,59.0,30.0,Miguel Hidalgo,Lomas de sotelo,19.4497398,-99.2150977,https://homie.mx/pub/6792a5001f4bb6003b5cca99
homie_rentas,Departamento en Renta,"Avenida insurgentes sur, Nápoles",31100.0,1,1,0,55.0,30.0,Departamento De Una Recamara En Renta En Edificio Amalia,Nápoles,19.3910468,-99.1732855,https://homie.mx/pub/681bf71ecb1440003b1baec5
homie_rentas,Departamento en Renta,"Avenida paseo de la reforma, Juárez",31200.0,1,1,0,51.0,30.0,A Unos Pasos Del Ángel,Juárez,19.4237459,-99.1736536,https://homie.mx/pub/685ed9a1181157003af0f3d9
homie_rentas,Departamento en Renta,"Avenida insurgentes sur, Napoles",31300.0,1,1,0,54.0,30.0,Amenidades De Lujo En Insurgentes Sur – Servicios Incluidos,Napoles,19.3952457,-99.1720906,https://homie.mx/pub/6939d3a5cb81f8003b4ccd37
homie_rentas,Departamento en Renta,"Avenida insurgentes sur, Roma sur",32900.0,1,1,0,64.0,30.0,Departamento En Renta One Stunning En Roma Sur,Roma sur,19.4090905,-99.1674208,https://homie.mx/pub/6822311e697466003bd01ce8
homie_rentas,Departamento en Renta,"Bucareli, Juárez",35600.0,2,2,0,68.0,30.0,Colonia Juárez,Juárez,19.4260273,-99.1588658,https://homie.mx/pub/6792955706948c003ae47ec4
homie_rentas,Departamento en Renta,"Avenida paseo de la reforma, Juárez",37400.0,1,1,0,55.0,30.0,Studio Plus Y Balcón En Reforma Con Amenidades Premium,Juárez,19.4237459,-99.1736536,https://homie.mx/pub/681d2d2d6496c3003ac25044
homie_rentas,Departamento en Renta,"Lago andromaco, Granada",38000.0,2,1,0,54.0,30.0,Departamento De 1 Recamara Y 1 Studio - Edificio Ines En Polanco.,Granada,19.443214,-99.2025181,https://homie.mx/pub/693c77ffcb81f8003b4cdd34
homie_rentas,Departamento en Renta,"General benjamín hill, Hipódromo",42800.0,3,3,0,300.0,30.0,Cuauhtémoc,Hipódromo,19.4093714,-99.1712126,https://homie.mx/pub/5e4f1552fa6afe11cdce3de4
homie_rentas,Departamento en Renta,"Calle sócrates, Polanco ii sección",45000.0,3,2,0,150.0,30.0,Miguel Hidalgo,Polanco ii sección,19.4293791,-99.1963927,https://homie.mx/pub/69c5a84c14c0e1003a85e3bf
homie_rentas,Departamento en Renta,"Lago andromaco, Granada",47400.0,1,1,0,71.0,30.0,Polanco.,Granada,19.4402557,-99.1926322,https://homie.mx/pub/693dac9fefbf0c003bafbfe1
homie_rentas,Departamento en Renta,"Avenida de los bosques, Lomas de tecamachalco",55000.0,3,4,0,197.0,30.0,Edomex,Lomas de tecamachalco,19.4047705,-99.2577016,https://homie.mx/pub/62b253a1d96bf0004151a8bd
homie_rentas,Departamento en Renta,"Encino grande, Tetelpan",55000.0,4,5,0,338.0,30.0,Casa En Renta Tetelpan,Tetelpan,19.339362,-99.231665,https://homie.mx/pub/69da98a1f54159003c1daf54
homie_rentas,Departamento en Renta,"Avenida paseo de la reforma, Juárez",55500.0,1,1,0,74.0,30.0,Departamento De 1 Recámara Y Balcón En Renta En Reforma Con Amenidades De Lujo.,Juárez,19.4237459,-99.1736536,https://homie.mx/pub/681d2b187b5b82003b5c491a
