precio_mxn,publicado_reciente,tipo_inmueble,recamaras,banos,m2,ubicacion,colonia,url,latitud,longitud
,False,Otro Inmueble,,,,,,https://departamento.mercadolibre.com.mx/MLM-5390330888-hermoso-departamento-en-venta-en-sara-towers-de-3-recamaras-y-2-banos-comodo-y-bien-iluminado-_JM,,
,False,Otro Inmueble,,,,,,https://casa.mercadolibre.com.mx/MLM-4833606036-casa-con-potencial-residencial-y-comercial-_JM,,
,False,Otro Inmueble,,,,,,https://casa.mercadolibre.com.mx/MLM-4965643814-casa-en-venta-en-lindavista-norte-_JM,,
,False,Otro Inmueble,,,,,,https://casa.mercadolibre.com.mx/MLM-2817912093-residencia-en-venta-remodelada-y-lista-para-habitar-lindavista-norte-_JM,,
,False,Otro Inmueble,,,,,,https://casa.mercadolibre.com.mx/MLM-2792149385-casa-en-venta-en-industrial-_JM,,
,False,Otro Inmueble,,,,,,https://departamento.mercadolibre.com.mx/MLM-4995492040-departamento-en-venta-en-santa-isabel-tola-_JM,,
,False,Otro Inmueble,,,,,,https://casa.mercadolibre.com.mx/MLM-5225283468-casa-en-venta-en-vallejo-_JM,,
,False,Otro Inmueble,,,,,,https://departamento.mercadolibre.com.mx/MLM-4995470604-departamento-en-venta-en-lindavista-_JM,,
,False,Otro Inmueble,,,,,,https://casa.mercadolibre.com.mx/MLM-2902831841-casa-en-venta-en-lindavista-norte-_JM,,
,False,Otro Inmueble,,,,,,https://departamento.mercadolibre.com.mx/MLM-2798063013-excelentes-departamentos-nuevos-av-acueducto-preventa-2-y-3-recamaras-balcon-muy-buena-ubicacion-_JM,,
,False,Otro Inmueble,,,,,,https://casa.mercadolibre.com.mx/MLM-2776038787-casa-en-venta-en-torres-lindavista-_JM,,
,False,Otro Inmueble,,,,,,https://departamento.mercadolibre.com.mx/MLM-2831523237-sara-towers-guadalupe-tepeyac-departamento-3-recamaras-bastante-luminoso-_JM,,
,False,Otro Inmueble,,,,,,https://departamento.mercadolibre.com.mx/MLM-4761769620-departamento-en-venta-en-tablas-de-san-agustin-_JM,,
,False,Otro Inmueble,,,,,,https://departamento.mercadolibre.com.mx/MLM-2784668511-departamento-en-venta-en-santa-isabel-tola-_JM,,
,False,Otro Inmueble,,,,,,https://departamento.mercadolibre.com.mx/MLM-4971136862-departamento-en-venta-san-juan-de-aragon-cdmx-_JM,,
,False,Otro Inmueble,,,,,,https://casa.mercadolibre.com.mx/MLM-3876924578-amplia-casa-en-zona-escolar-oriente-gustavo-a-madero-_JM,,
,False,Otro Inmueble,,,,,,https://departamento.mercadolibre.com.mx/MLM-4995472436-departamento-en-venta-en-santa-isabel-tola-_JM,,
,False,Otro Inmueble,,,,,,https://departamento.mercadolibre.com.mx/MLM-2847955771-bonito-departamento-excelente-ubicacion-en-frente-de-la-central-camionera-del-norte-_JM,,
,False,Otro Inmueble,,,,,,https://departamento.mercadolibre.com.mx/MLM-4995492710-departamento-en-venta-en-santa-isabel-tola-_JM,,
,False,Otro Inmueble,,,,,,https://departamento.mercadolibre.com.mx/MLM-4995505478-departamento-en-venta-en-santa-isabel-tola-_JM,,
,False,Otro Inmueble,,,,,,https://departamento.mercadolibre.com.mx/MLM-3829176052-departamentos-en-venta-en-aragon-_JM,,
,False,Otro Inmueble,,,,,,https://departamento.mercadolibre.com.mx/MLM-2737583677-departamento-en-venta-en-lindavista-gustavo-a-madero-_JM,,
,False,Otro Inmueble,,,,,,https://inmueble.mercadolibre.com.mx/MLM-2576516229-bodega-en-venta-en-alcaldia-gustavo-a-madero-acueducto-de-guadalupe-_JM,,
,False,Otro Inmueble,,,,,,https://inmueble.mercadolibre.com.mx/MLM-2814397363-oficina-en-renta-en-nueva-industrial-vallejo-gustavo-a-madero-cdmx-_JM,,
,False,Otro Inmueble,,,,,,https://inmueble.mercadolibre.com.mx/MLM-4717199702-tepeyac-insurgentes-calle-union-venta-de-edificio-con-4-departamentos-_JM,,
,False,Otro Inmueble,,,,,,https://departamento.mercadolibre.com.mx/MLM-2878058587-departamento-en-venta-con-excelente-iluminacion-natural-en-residencial-zacatenco-a-unos-pasos-de-plaza-vista-norte-y-con-facil-acceso-a-restaurantes-gimnasio-tiendas-y-supermercado-_JM,,
,False,Otro Inmueble,,,,,,https://casa.mercadolibre.com.mx/MLM-2881215145-venta-casa-en-campestre-aragon-_JM,,
,False,Otro Inmueble,,,,,,https://inmueble.mercadolibre.com.mx/MLM-2881215021-venta-edificio-en-guadalupe-tepeyac-_JM,,
,False,Otro Inmueble,,,,,,https://inmueble.mercadolibre.com.mx/MLM-2881176493-venta-salon-de-eventos-en-el-corazon-de-la-guadalupe-tepeyac-_JM,,
,False,Otro Inmueble,,,,,,https://terreno.mercadolibre.com.mx/MLM-5402162276-terreno-venta-en-guadalupe-insurgentes-cdmx-_JM,,
,False,Otro Inmueble,,,,,,https://inmueble.mercadolibre.com.mx/MLM-5406939338-excelente-edificio-en-venta-col-gertrudis-sanchez-gustavo-a-madero-cdmx-_JM,,
,False,Otro Inmueble,,,,,,https://casa.mercadolibre.com.mx/MLM-2607898521-casa-en-venta-en-vallejo-gustavo-a-madero-_JM,,
,False,Otro Inmueble,,,,,,https://departamento.mercadolibre.com.mx/MLM-2590771479-departamentos-en-preventa-cerca-de-la-raza-_JM,,
,False,Otro Inmueble,,,,,,https://casa.mercadolibre.com.mx/MLM-4458820946-casa-grande-y-bonita-a-unos-minutos-del-ipn-zacatenco-_JM,,
,False,Otro Inmueble,,,,,,https://departamento.mercadolibre.com.mx/MLM-2590807827-departamento-en-preventa-en-gam-con-recursos-propios-_JM,,
,False,Otro Inmueble,,,,,,https://casa.mercadolibre.com.mx/MLM-4754184100-casa-para-remodelar-en-vallejo-gam-ideal-para-inversion-o-familia-_JM,,
,False,Otro Inmueble,,,,,,https://casa.mercadolibre.com.mx/MLM-4507909748-venta-casa-3-ambientes-guadalupe-insurgentes-_JM,,
,False,Otro Inmueble,,,,,,https://casa.mercadolibre.com.mx/MLM-2837308743-se-vende-residencia-en-colonia-lindavista-cdmx-_JM,,
,False,Otro Inmueble,,,,,,https://departamento.mercadolibre.com.mx/MLM-5400952432-pent-house-en-exclusivo-desarrollo-solo-6-departementos-listo-para-entrega-_JM,,
,False,Otro Inmueble,,,,,,https://casa.mercadolibre.com.mx/MLM-2718542243-gran-inversion-casa-de-504-m2-de-construccion-con-plusvalia-garantizada-en-gustavo-a-madero-_JM,,
,False,Otro Inmueble,,,,,,https://casa.mercadolibre.com.mx/MLM-2722438487-tu-hogar-ideal-en-acueducto-de-guadalupe-ubicacion-premium-zona-escolar-y-centros-comerciales-_JM,,
,False,Otro Inmueble,,,,,,https://departamento.mercadolibre.com.mx/MLM-5091433572-venta-departamento-luis-de-la-rosa-constitucion-de-la-republica-_JM,,
,False,Otro Inmueble,,,,,,https://casa.mercadolibre.com.mx/MLM-2843257117-venta-casa-4-ambientes-salvador-diaz-miron-_JM,,
,False,Otro Inmueble,,,,,,https://departamento.mercadolibre.com.mx/MLM-5368473650-departamento-en-venta-en-av-congreso-de-la-union-con-balcon-y-un-cajon-fijo-_JM,,
,False,Otro Inmueble,,,,,,https://departamento.mercadolibre.com.mx/MLM-5080691562-venta-departamentos-guadalupe-tepeyac-gam-cdmx-_JM,,
,False,Otro Inmueble,,,,,,https://departamento.mercadolibre.com.mx/MLM-2737846821-depto-en-colguadalupe-proletaria-gam-_JM,,
,False,Otro Inmueble,,,,,,https://casa.mercadolibre.com.mx/MLM-2600972989-espectacular-casa-en-la-colonia-guadalupe-tepeyac-con-potencial-de-inversion-con-una-excelente-ubicacion-_JM,,
,False,Otro Inmueble,,,,,,https://casa.mercadolibre.com.mx/MLM-2722221837-gran-oportunidad-casa-en-aragon-duplex-con-uso-de-suelo-mixto-ideal-para-residencia-o-comercio-_JM,,
,False,Otro Inmueble,,,,,,https://departamento.mercadolibre.com.mx/MLM-5192525738-departamento-64m2-balcon-2-recamaras-bodega-en-aragon-la-villa-_JM,,
,False,Otro Inmueble,,,,,,https://casa.mercadolibre.com.mx/MLM-4679961070-casa-en-venta-a-3-calles-de-la-basilica-de-guadalupe-_JM,,
,False,Otro Inmueble,,,,,,https://terreno.mercadolibre.com.mx/MLM-5286706662-lindavista-terreno-premium650m2-cconstruccion-vigilancia-_JM,,
,False,Otro Inmueble,,,,,,https://departamento.mercadolibre.com.mx/MLM-2874606383-departamento-en-venta-av-acueducto-de-guadalupe-511-santa-isabel-tola-_JM,,
,False,Otro Inmueble,,,,,,https://departamento.mercadolibre.com.mx/MLM-5132127684-venta-departamento-2-ambientes-guadalupe-insurgentes-_JM,,
,False,Otro Inmueble,,,,,,https://inmueble.mercadolibre.com.mx/MLM-5262373734-bodega-venta-suelo-industrial-buen-estado-en-gustavo-a-madero-cod-bgv284-_JM,,
,False,Otro Inmueble,,,,,,https://inmueble.mercadolibre.com.mx/MLM-5287389720-edificio-en-venta-en-calzada-de-guadalupe-_JM,,
,False,Otro Inmueble,,,,,,https://departamento.mercadolibre.com.mx/MLM-5209618438-departamento-en-venta-av-acueducto-de-guadalupe-511-santa-isabel-tola-_JM,,
,False,Otro Inmueble,,,,,,https://casa.mercadolibre.com.mx/MLM-2911667335-casa-en-venta-norte-90-gustavo-a-madero-_JM,,
,False,Otro Inmueble,,,,,,https://departamento.mercadolibre.com.mx/MLM-2874594591-departamento-en-venta-av-acueducto-de-guadalupe-511-santa-isabel-tola-_JM,,
,False,Otro Inmueble,,,,,,https://inmueble.mercadolibre.com.mx/MLM-3652327814-venta-de-hospital-en-gustavo-a-madero-en-obra-negra-_JM,,
,False,Otro Inmueble,,,,,,https://departamento.mercadolibre.com.mx/MLM-4975301440-departamento-en-venta-joyas-vallejo-galaxias-unidad-c-se-acepta-credito-infonavit-credito-bancario-y-efectivo-informes-55-8642-76048-_JM,,
,False,Otro Inmueble,,,,,,https://departamento.mercadolibre.com.mx/MLM-5209618458-departamento-en-venta-av-acueducto-de-guadalupe-511-santa-isabel-tola-_JM,,
,False,Otro Inmueble,,,,,,https://departamento.mercadolibre.com.mx/MLM-5209618442-departamento-en-venta-av-acueducto-de-guadalupe-511-santa-isabel-tola-_JM,,
,False,Otro Inmueble,,,,,,https://departamento.mercadolibre.com.mx/MLM-2874535707-departamento-en-venta-av-acueducto-de-guadalupe-511-santa-isabel-tola-_JM,,
,False,Otro Inmueble,,,,,,https://departamento.mercadolibre.com.mx/MLM-2689310789-preventa-de-departamentos-en-acueducto-ticoman-cdmx-_JM,,
,False,Otro Inmueble,,,,,,https://departamento.mercadolibre.com.mx/MLM-2907464873-departamento-en-venta-col-bondojito-_JM,,
,False,Otro Inmueble,,,,,,https://departamento.mercadolibre.com.mx/MLM-2718608817-departamento-en-venta-en-unidad-habitacional-_JM,,
,False,Otro Inmueble,,,,,,https://casa.mercadolibre.com.mx/MLM-5402893598-bonita-y-comoda-casa-en-loma-de-la-palma-_JM,,
,False,Otro Inmueble,,,,,,https://casa.mercadolibre.com.mx/MLM-4991290662-casa-en-venta-colonia-lindavista-norte-_JM,,
,False,Otro Inmueble,,,,,,https://inmueble.mercadolibre.com.mx/MLM-4957412058-edificio-en-venta-lindavista-cdmx-_JM,,
,False,Otro Inmueble,,,,,,https://departamento.mercadolibre.com.mx/MLM-2909232565-se-vende-departamento-en-martin-carrera-_JM,,
,False,Otro Inmueble,,,,,,https://departamento.mercadolibre.com.mx/MLM-4578855442-departamento-en-venta-en-joyas-vallejo-_JM,,
,False,Otro Inmueble,,,,,,https://departamento.mercadolibre.com.mx/MLM-2845705061-departamento-en-venta-49m2-en-2do-piso-col-santiago-atzacoalco-gam-cdmx-_JM,,
,False,Otro Inmueble,,,,,,https://casa.mercadolibre.com.mx/MLM-2720617931-excelente-casa-en-venta-guadalupe-insurgentes-_JM,,
,False,Otro Inmueble,,,,,,https://inmueble.mercadolibre.com.mx/MLM-4443049266-edificio-comercial-av-100-metros-gustavo-a-madero-_JM,,
,False,Otro Inmueble,,,,,,https://departamento.mercadolibre.com.mx/MLM-5376895950-departamento-en-venta-en-guadaluope-victoria-ll-gustavo-a-madero-se-acepta-infonavit-bancario-y-efectivo-_JM,,
,False,Otro Inmueble,,,,,,https://terreno.mercadolibre.com.mx/MLM-2874371767-terreno-en-venta-uso-mixto-cerca-metrobus-cuitlahuac-_JM,,
,False,Otro Inmueble,,,,,,https://inmueble.mercadolibre.com.mx/MLM-2810019157-bodega-en-venta-_JM,,
,False,Otro Inmueble,,,,,,https://departamento.mercadolibre.com.mx/MLM-2943511729-departamentos-del-invi-en-la-gustavo-a-madero-cdmx-_JM,,
,False,Otro Inmueble,,,,,,https://inmueble.mercadolibre.com.mx/MLM-5178249454-edificio-en-renta-en-lindavista-gustavo-a-madero-cdmx-_JM,,
,False,Otro Inmueble,,,,,,https://departamento.mercadolibre.com.mx/MLM-5236047994-bonito-departamento-de-2-recamaras-en-col-san-juan-de-aragon-_JM,,
,False,Otro Inmueble,,,,,,https://inmueble.mercadolibre.com.mx/MLM-2862306345-excelente-edificio-de-oficinas-con-gran-potencial-para-desarrollar-uso-mixto-a-una-calle-de-vallejo-colonia-santa-rosa-_JM,,
,False,Otro Inmueble,,,,,,https://casa.mercadolibre.com.mx/MLM-2937241455-casa-en-venta-en-residencial-acueducto-de-guadalupe-_JM,,
,False,Otro Inmueble,,,,,,https://departamento.mercadolibre.com.mx/MLM-2933131665-vivienda-de-interes-social-preventa-vallejo-gustavo-a-madero-_JM,,
,False,Otro Inmueble,,,,,,https://departamento.mercadolibre.com.mx/MLM-2483998391-en-venta-de-hermoso-departamento-_JM,,
,False,Otro Inmueble,,,,,,https://departamento.mercadolibre.com.mx/MLM-4833782240-departamento-en-venta-en-gustavo-a-madero-_JM,,
,False,Otro Inmueble,,,,,,https://casa.mercadolibre.com.mx/MLM-2940999661-casa-en-esquina-216-m-con-uso-de-suelo-mixto-y-3-departamentos-en-la-joya-gusta-_JM,,
,False,Otro Inmueble,,,,,,https://casa.mercadolibre.com.mx/MLM-5290375410-casa-para-inversion-cuenta-con-5-departamentos-en-gustavo-a-madero-_JM,,
,False,Otro Inmueble,,,,,,https://casa.mercadolibre.com.mx/MLM-5385337188-hermosa-casa-a-la-venta-en-lindavista-norte-bastante-amplia-comoda-e-iluminada-_JM,,
,False,Otro Inmueble,,,,,,https://casa.mercadolibre.com.mx/MLM-4693932672-casa-en-esquina-ideal-para-negocio-y-vivienda-_JM,,
,False,Otro Inmueble,,,,,,https://casa.mercadolibre.com.mx/MLM-4955454240-casa-de-6-recamaras-en-venta-en-torres-lindavista-a-5-min-de-metro-politecnico-_JM,,
,False,Otro Inmueble,,,,,,https://departamento.mercadolibre.com.mx/MLM-4961019566-departamento-a-estrenar-en-colonia-guadalupe-insurgentes-_JM,,
,False,Otro Inmueble,,,,,,https://inmueble.mercadolibre.com.mx/MLM-2613483515-edificio-en-venta-en-gustavo-a-madero-col-estrella-_JM,,
,False,Otro Inmueble,,,,,,https://departamento.mercadolibre.com.mx/MLM-4738938096-departamento-en-venta-en-terrazas-lindavista-_JM,,
,False,Otro Inmueble,,,,,,https://departamento.mercadolibre.com.mx/MLM-2897773395-departamento-en-venta-en-capultitlan-gustavo-a-madero-cdmx-_JM,,
,False,Otro Inmueble,,,,,,https://casa.mercadolibre.com.mx/MLM-2952545245-casa-bonita-recien-remodelada-en-zona-de-lindavista-_JM,,
,False,Otro Inmueble,,,,,,https://casa.mercadolibre.com.mx/MLM-4535016290-casa-en-venta-en-san-juan-de-aragon-_JM,,
,False,Otro Inmueble,,,,,,https://casa.mercadolibre.com.mx/MLM-5357496606-casa-san-juan-de-aragon-gustavo-a-madero-_JM,,
,False,Otro Inmueble,,,,,,https://departamento.mercadolibre.com.mx/MLM-5366186000-departamento-en-venta-dm-nacional-_JM,,
,False,Otro Inmueble,,,,,,https://departamento.mercadolibre.com.mx/MLM-5246081432-departamentos-en-ventaentrega-inmediata-vallejo-gam-cdmx-_JM,,
,False,Otro Inmueble,,,,,,https://inmueble.mercadolibre.com.mx/MLM-2237352649-local-comercial-a-media-cuadra-de-av-principal-_JM,,
,False,Otro Inmueble,,,,,,https://casa.mercadolibre.com.mx/MLM-4608642760-casa-en-venta-en-lindavista-norte-_JM,,
,False,Otro Inmueble,,,,,,https://casa.mercadolibre.com.mx/MLM-4754146260-casa-en-venta-en-lindavista-_JM,,
,False,Otro Inmueble,,,,,,https://departamento.mercadolibre.com.mx/MLM-5194306838-departamento-en-venta-en-martin-carrera-a-calles-de-parque-tepeyac-_JM,,
,False,Otro Inmueble,,,,,,https://departamento.mercadolibre.com.mx/MLM-2935099989-hermoso-departamento-saliendo-de-metro-potrero-cm-_JM,,
,False,Otro Inmueble,,,,,,https://casa.mercadolibre.com.mx/MLM-2894400845-valle-del-tepeyac-amplia-casa-en-venta-_JM,,
,False,Otro Inmueble,,,,,,https://departamento.mercadolibre.com.mx/MLM-4647496996-departamento-en-venta-en-insurgentes-norte-magdalena-de-las-salinas-_JM,,
,False,Otro Inmueble,,,,,,https://inmueble.mercadolibre.com.mx/MLM-2797880485-bodega-comercial-en-esquina-ideal-para-desarrollo-habitacional-o-comercial-_JM,,
,False,Otro Inmueble,,,,,,https://departamento.mercadolibre.com.mx/MLM-4972125892-departamento-en-venta-en-lindavista-_JM,,
,False,Otro Inmueble,,,,,,https://departamento.mercadolibre.com.mx/MLM-4653873378-departamento-en-venta-en-insurgentes-norte-magdalena-de-las-salinas-_JM,,
,False,Otro Inmueble,,,,,,https://casa.mercadolibre.com.mx/MLM-2938419211-casa-en-venta-valle-del-tepeyac-casa-amplia-separada-en-dos-ideal-para-acondicionar-_JM,,
,False,Otro Inmueble,,,,,,https://casa.mercadolibre.com.mx/MLM-5139312170-vive-con-tranquilidad-en-la-alc-gam-solo-recursos-propios-_JM,,
,False,Otro Inmueble,,,,,,https://departamento.mercadolibre.com.mx/MLM-2720804853-departamento-en-venta-en-rinconada-san-gabriel-_JM,,
,False,Otro Inmueble,,,,,,https://casa.mercadolibre.com.mx/MLM-2911222437-se-vende-casa-en-san-juan-de-aragon-vi-seccion-_JM,,
,False,Otro Inmueble,,,,,,https://casa.mercadolibre.com.mx/MLM-2416575509-acueducto-de-guadalupe-te-espera-casa-iluminada-con-espacios-perfectos-para-ti-_JM,,
,False,Otro Inmueble,,,,,,https://casa.mercadolibre.com.mx/MLM-5204850300-casa-en-venta-torres-lindavista-_JM,,
,False,Otro Inmueble,,,,,,https://casa.mercadolibre.com.mx/MLM-5153750422-venta-de-casa-en-san-juan-de-aragon-3a-seccion-_JM,,
,False,Otro Inmueble,,,,,,https://casa.mercadolibre.com.mx/MLM-4660104768-casa-en-venta-en-torres-lindavista-_JM,,
,False,Otro Inmueble,,,,,,https://departamento.mercadolibre.com.mx/MLM-4794700462-departamento-en-venta-en-constitucion-de-la-republica-_JM,,
,False,Otro Inmueble,,,,,,https://terreno.mercadolibre.com.mx/MLM-2746103329-venta-de-bodega-en-san-felipe-de-jesus-gam-_JM,,
,False,Otro Inmueble,,,,,,https://departamento.mercadolibre.com.mx/MLM-4841682898-departamento-en-venta-en-pueblo-san-juan-de-aragon-_JM,,
,False,Otro Inmueble,,,,,,https://departamento.mercadolibre.com.mx/MLM-2878189405-departamento-nuevo-en-venta-a-5-minutos-de-patio-martin-carrera-_JM,,
,False,Otro Inmueble,,,,,,https://casa.mercadolibre.com.mx/MLM-5300454034--casa-en-venta-amplios-espacios-para-tu-familia-_JM,,
,False,Otro Inmueble,,,,,,https://inmueble.mercadolibre.com.mx/MLM-2501069371-edificio-en-venta-en-vallejo-g-a-madero-_JM,,
,False,Otro Inmueble,,,,,,https://departamento.mercadolibre.com.mx/MLM-5034811546-rio-consulado-departamentos-en-preventa-san-juan-de-aragon-gustavo-a-madero-_JM,,
,False,Otro Inmueble,,,,,,https://inmueble.mercadolibre.com.mx/MLM-5262386462-bodega-en-venta-suelo-comercial-alcaldia-gam-cod-bgv283-_JM,,
,False,Otro Inmueble,,,,,,https://departamento.mercadolibre.com.mx/MLM-2800675923-preventa-departamento-en-venta-en-san-juan-de-aragon-gustavo-a-madero-_JM,,
,False,Otro Inmueble,,,,,,https://departamento.mercadolibre.com.mx/MLM-5071770954-departamento-nuevo-al-norte-de-la-cdmx-_JM,,
,False,Otro Inmueble,,,,,,https://inmueble.mercadolibre.com.mx/MLM-2574002683-edificio-para-inversion-de-3-niveles-en-vallejo-ciudad-de-mexico-_JM,,
,False,Otro Inmueble,,,,,,https://departamento.mercadolibre.com.mx/MLM-5209618408-departamento-en-venta-av-acueducto-de-guadalupe-511-santa-isabel-tola-_JM,,
,False,Otro Inmueble,,,,,,https://inmueble.mercadolibre.com.mx/MLM-2880655703-edificio-en-venta-con-uso-de-suelo-mixto-industrial-gustavo-a-madero-_JM,,
,False,Otro Inmueble,,,,,,https://departamento.mercadolibre.com.mx/MLM-5078580412-hermoso-departamento-con-gran-ubicacion-en-gustavo-a-madero-_JM,,
,False,Otro Inmueble,,,,,,https://departamento.mercadolibre.com.mx/MLM-4685574422-departamento-en-venta-en-insurgentes-norte-magdalena-de-las-salinas-_JM,,
,False,Otro Inmueble,,,,,,https://terreno.mercadolibre.com.mx/MLM-5310051702-venta-terreno-av-ticoman-lindavista-excelente-ubicacion-_JM,,
,False,Otro Inmueble,,,,,,https://departamento.mercadolibre.com.mx/MLM-2907197885-departamento-en-planta-baja-frente-a-cablebus-la-patera-_JM,,
,False,Otro Inmueble,,,,,,https://inmueble.mercadolibre.com.mx/MLM-5325794684-col-lindavista-ticoman-y-riobamba-edificio-productos-_JM,,
,False,Otro Inmueble,,,,,,https://departamento.mercadolibre.com.mx/MLM-5198751306-departamento-en-venta-en-joyas-vallejo-_JM,,
,False,Otro Inmueble,,,,,,https://inmueble.mercadolibre.com.mx/MLM-5330998682-en-lindavista-sobre-av-ticoman-magnifica-propiedad-_JM,,
,False,Otro Inmueble,,,,,,https://departamento.mercadolibre.com.mx/MLM-5352893432-departamento-en-santiago-atzacoalco-_JM,,
,False,Otro Inmueble,,,,,,https://departamento.mercadolibre.com.mx/MLM-2924134929-departamento-en-venta-colonia-vallejo-2-rec-1-bano-1-estacionamiento-_JM,,
,False,Otro Inmueble,,,,,,https://departamento.mercadolibre.com.mx/MLM-5041467624-departamento-en-venta-unidad-batiz-_JM,,
,False,Otro Inmueble,,,,,,https://departamento.mercadolibre.com.mx/MLM-2930117803-departamento-en-venta-en-santiago-atzacoalco-gustavo-a-madero-_JM,,
,False,Otro Inmueble,,,,,,https://departamento.mercadolibre.com.mx/MLM-4619825880-departamento-en-venta-en-lindavista-norte-_JM,,
,False,Otro Inmueble,,,,,,https://departamento.mercadolibre.com.mx/MLM-5058323500-departamento-en-planta-baja-_JM,,
,False,Otro Inmueble,,,,,,https://terreno.mercadolibre.com.mx/MLM-4783822774-terreno-en-venta-para-desarrollar-insurgentes-norte-gam-_JM,,
,False,Otro Inmueble,,,,,,https://departamento.mercadolibre.com.mx/MLM-2720767905-departamento-en-venta-en-calzada-san-juan-de-aragon-_JM,,
,False,Otro Inmueble,,,,,,https://departamento.mercadolibre.com.mx/MLM-4830889242-departamento-en-venta-en-el-arbolillo-_JM,,
,False,Otro Inmueble,,,,,,https://departamento.mercadolibre.com.mx/MLM-4154563176-departamento-en-venta-cerca-de-metro-potrero-_JM,,
,False,Otro Inmueble,,,,,,https://departamento.mercadolibre.com.mx/MLM-2720500639-bonito-departamento-en-venta-col-nueva-industrial-vallejo-_JM,,
,False,Otro Inmueble,,,,,,https://casa.mercadolibre.com.mx/MLM-5327576038-casa-uso-suelo-mixto-comercial-en-pb-y-habitacional-en-pa-linea-telefonica-servicios-agualuza-una-calle-delegacion-gustavo-a-madero-plaza-mariana-a-espaldas-centro-escolar-morelos-y-metrobus-esq-_JM,,
,False,Otro Inmueble,,,,,,https://departamento.mercadolibre.com.mx/MLM-5376884728-departamento-en-venta-en-vasco-de-quiroga-se-acepta-credito-infonavit-bancario-y-efectivo-_JM,,
,False,Otro Inmueble,,,,,,https://terreno.mercadolibre.com.mx/MLM-4032452446-terreno-en-venta-para-4-viviendas-_JM,,
,False,Otro Inmueble,,,,,,https://terreno.mercadolibre.com.mx/MLM-4991546210-terreno-a-una-cuadra-de-circuito-interior-y-metro-aragon-_JM,,
,False,Otro Inmueble,,,,,,https://departamento.mercadolibre.com.mx/MLM-5327034894-pre-venta-en-aragon-la-villa-cdmx-1-hab-1-bano-_JM,,
,False,Otro Inmueble,,,,,,https://casa.mercadolibre.com.mx/MLM-4672107100-casa-en-venta-en-gertrudis-sanchez-_JM,,
,False,Otro Inmueble,,,,,,https://inmueble.mercadolibre.com.mx/MLM-2536684353-local-en-venta-colonia-santa-isabel-tola-_JM,,
,False,Otro Inmueble,,,,,,https://casa.mercadolibre.com.mx/MLM-4977826180-venta-de-casa-en-la-padera-gam-_JM,,
,False,Otro Inmueble,,,,,,https://inmueble.mercadolibre.com.mx/MLM-2864676625-terreno-con-proyecto-arquitectonico-ubicado-en-la-ciudad-de-mexico-_JM,,
,False,Otro Inmueble,,,,,,https://terreno.mercadolibre.com.mx/MLM-5186947708-terreno-con-proyecto-arquitectonico-ubicado-en-la-ciudad-de-mexico-_JM,,
,False,Otro Inmueble,,,,,,https://terreno.mercadolibre.com.mx/MLM-5186929376-terreno-con-proyecto-arquitectonico-ubicado-en-la-ciudad-de-mexico-_JM,,
,False,Otro Inmueble,,,,,,https://terreno.mercadolibre.com.mx/MLM-2916702137-terreno-con-proyecto-arquitectonico-ubicado-en-la-ciudad-de-mexico-_JM,,
,False,Otro Inmueble,,,,,,https://terreno.mercadolibre.com.mx/MLM-5186926672-terreno-con-proyecto-arquitectonico-ubicado-en-la-ciudad-de-mexico-_JM,,
,False,Otro Inmueble,,,,,,https://inmueble.mercadolibre.com.mx/MLM-5390365548-se-vende-nave-industrial-_JM,,
,False,Otro Inmueble,,,,,,https://casa.mercadolibre.com.mx/MLM-5246059374-casa-en-venta-solidaridad-nacional-gam-cdmx-no-se-aceptan-creditos-_JM,,
,False,Otro Inmueble,,,,,,https://casa.mercadolibre.com.mx/MLM-2865310047-casa-en-venta-en-lindavista-_JM,,
,False,Otro Inmueble,,,,,,https://terreno.mercadolibre.com.mx/MLM-2783046743-terreno-en-venta-av-483-col-san-juan-de-aragon-vii-seccion-gam-cdmx-_JM,,
,False,Otro Inmueble,,,,,,https://casa.mercadolibre.com.mx/MLM-5310544224-casa-multifamiliar-en-san-juan-de-aragon-iii-gam-cdmx-_JM,,
,False,Otro Inmueble,,,,,,https://departamento.mercadolibre.com.mx/MLM-2907994781-departamento-en-venta-col-lindavista-gustavo-a-madero-_JM,,
,False,Otro Inmueble,,,,,,https://departamento.mercadolibre.com.mx/MLM-2908007511-departamento-en-venta-col-lindavista-gustavo-a-madero-_JM,,
,False,Otro Inmueble,,,,,,https://casa.mercadolibre.com.mx/MLM-2902002797-casa-en-venta-en-cuautepec-ciudad-de-mexico-_JM,,
,False,Otro Inmueble,,,,,,https://departamento.mercadolibre.com.mx/MLM-2718616893-departamento-en-venta-entrega-inmediata-_JM,,
,False,Otro Inmueble,,,,,,https://terreno.mercadolibre.com.mx/MLM-5159191244-terreno-en-venta-gustavo-a-madero-_JM,,
,False,Otro Inmueble,,,,,,https://departamento.mercadolibre.com.mx/MLM-5140746228-departamento-en-venta-en-vasco-de-quiroga-gustavo-a-madero-_JM,,
,False,Otro Inmueble,,,,,,https://inmueble.mercadolibre.com.mx/MLM-5412803154-edificio-en-venta-en-lindavista-norte-_JM,,
,False,Otro Inmueble,,,,,,https://departamento.mercadolibre.com.mx/MLM-5384838050-departamento-en-venta-en-guadalupe-victoria-_JM,,
,False,Otro Inmueble,,,,,,https://terreno.mercadolibre.com.mx/MLM-2962059089-venta-terreno-en-martin-carrera-gam-_JM,,
,False,Otro Inmueble,,,,,,https://casa.mercadolibre.com.mx/MLM-2950612933-casa-duplex-en-venta-en-lindavista-norte-con-roof-garden-_JM,,
,False,Otro Inmueble,,,,,,https://casa.mercadolibre.com.mx/MLM-2962056527-casa-en-venta-en-lindavista-_JM,,
,False,Otro Inmueble,,,,,,https://casa.mercadolibre.com.mx/MLM-5412137034-casa-en-condominio-en-venta-en-san-bartolo-atepehuacan-con-terraza-y-vestidor-_JM,,
,False,Otro Inmueble,,,,,,https://casa.mercadolibre.com.mx/MLM-5389861860-casa-duplex-en-venta-en-lindavista-norte-en-calle-cerrada-con-roof-garden-_JM,,
,False,Otro Inmueble,,,,,,https://casa.mercadolibre.com.mx/MLM-5049136884-casa-en-venta-en-lindavista-_JM,,
,False,Otro Inmueble,,,,,,https://departamento.mercadolibre.com.mx/MLM-5107173398-venta-de-departamento-tipo-loft-_JM,,
,False,Otro Inmueble,,,,,,https://casa.mercadolibre.com.mx/MLM-2798130843-casa-en-2-niveles-con-patios-y-buenos-acabados-en-ctm-risco-gam-_JM,,
,False,Otro Inmueble,,,,,,https://casa.mercadolibre.com.mx/MLM-2605784887-casa-en-venta-en-torres-lindavista-_JM,,
,False,Otro Inmueble,,,,,,https://casa.mercadolibre.com.mx/MLM-2746842953-se-vende-casa-en-escuela-secundaria-160-gustavo-a-madero-cdmx-_JM,,
,False,Otro Inmueble,,,,,,https://departamento.mercadolibre.com.mx/MLM-4841450350-preventa-hacienda-acueducto-lindavista-_JM,,
,False,Otro Inmueble,,,,,,https://casa.mercadolibre.com.mx/MLM-2846516953-casa-en-venta-en-industrial-_JM,,
,False,Otro Inmueble,,,,,,https://casa.mercadolibre.com.mx/MLM-5030444274-venta-casa-lindavista-gustavo-a-madero-cdmx-_JM,,
,False,Otro Inmueble,,,,,,https://casa.mercadolibre.com.mx/MLM-2694749949-terreno-casa-venta-santa-isabel-tola-_JM,,
,False,Otro Inmueble,,,,,,https://casa.mercadolibre.com.mx/MLM-4761548066-casa-en-venta-en-acueducto-de-guadalupe-_JM,,
,False,Otro Inmueble,,,,,,https://departamento.mercadolibre.com.mx/MLM-2763099801-departamento-seminuevo-en-vallejo-cerca-del-hospital-la-raza-y-la-basilica-de-gu-_JM,,
,False,Otro Inmueble,,,,,,https://casa.mercadolibre.com.mx/MLM-2844372759-venta-de-casa-en-martin-carrera-cdmx-_JM,,
,False,Otro Inmueble,,,,,,https://casa.mercadolibre.com.mx/MLM-4671051976-casa-en-venta-corona-industrial-gustavo-a-madero-ciudad-de-mexico-_JM,,
,False,Otro Inmueble,,,,,,https://departamento.mercadolibre.com.mx/MLM-2738954483-departamento-en-venta-en-colonia-guadalupe-tepeyac-gustavo-a-madero-ciudad-de-mexico-_JM,,
,False,Otro Inmueble,,,,,,https://casa.mercadolibre.com.mx/MLM-4672101500-casa-producto-puerto-madero-casas-aleman-gam-cdmx-_JM,,
,False,Otro Inmueble,,,,,,https://terreno.mercadolibre.com.mx/MLM-4750845486-casa-en-venta-en-martin-carrera-2600000-pesos-_JM,,
,False,Otro Inmueble,,,,,,https://casa.mercadolibre.com.mx/MLM-5030337524-casa-en-venta-corona-industrial-gustavo-a-madero-ciudad-de-mexico-_JM,,
,False,Otro Inmueble,,,,,,https://casa.mercadolibre.com.mx/MLM-2798064693-casa-producto-puerto-madero-casas-aleman-gam-cdmx-_JM,,
,False,Otro Inmueble,,,,,,https://casa.mercadolibre.com.mx/MLM-5373075718-casa-en-venta-en-planetario-lindavista-_JM,,
,False,Otro Inmueble,,,,,,https://departamento.mercadolibre.com.mx/MLM-4761859620-departamento-en-venta-en-residencial-zacatenco-_JM,,
,False,Otro Inmueble,,,,,,https://terreno.mercadolibre.com.mx/MLM-4761873680-terreno-residencial-en-venta-en-residencial-acueducto-de-guadalupe-_JM,,
,False,Otro Inmueble,,,,,,https://inmueble.mercadolibre.com.mx/MLM-4761626302-local-en-venta-en-defensores-de-la-republica-_JM,,
,False,Otro Inmueble,,,,,,https://departamento.mercadolibre.com.mx/MLM-5376858354-departamento-en-venta-vallejo-colonia-patera-condomodulos-_JM,,
,False,Otro Inmueble,,,,,,https://departamento.mercadolibre.com.mx/MLM-2750066849-departamento-en-venta-frente-al-deportivo-bondogito-_JM,,
,False,Otro Inmueble,,,,,,https://inmueble.mercadolibre.com.mx/MLM-2735691573-edificio-en-venta-en-vallejo-_JM,,
,False,Otro Inmueble,,,,,,https://inmueble.mercadolibre.com.mx/MLM-4761690900-local-en-venta-en-defensores-de-la-republica-_JM,,
,False,Otro Inmueble,,,,,,https://inmueble.mercadolibre.com.mx/MLM-4761794456-local-en-venta-en-defensores-de-la-republica-_JM,,
,False,Otro Inmueble,,,,,,https://terreno.mercadolibre.com.mx/MLM-4761600424-terreno-industrial-en-venta-en-industrial-vallejo-_JM,,
,False,Otro Inmueble,,,,,,https://inmueble.mercadolibre.com.mx/MLM-4761729416-local-en-venta-en-defensores-de-la-republica-_JM,,
,False,Otro Inmueble,,,,,,https://inmueble.mercadolibre.com.mx/MLM-4761896450-local-en-venta-en-defensores-de-la-republica-_JM,,
,False,Otro Inmueble,,,,,,https://inmueble.mercadolibre.com.mx/MLM-4761742566-local-en-venta-en-defensores-de-la-republica-_JM,,
,False,Otro Inmueble,,,,,,https://terreno.mercadolibre.com.mx/MLM-4761626250-terreno-comercial-en-venta-en-industrial-vallejo-_JM,,
,False,Otro Inmueble,,,,,,https://terreno.mercadolibre.com.mx/MLM-4761561856-terreno-residencial-en-venta-en-capultitlan-_JM,,
,False,Otro Inmueble,,,,,,https://inmueble.mercadolibre.com.mx/MLM-2748624915-propiedad-industrial-en-venta-ciudad-de-mexico-gustavo-a-madero-tepeyac-_JM,,
,False,Otro Inmueble,,,,,,https://departamento.mercadolibre.com.mx/MLM-2743005731-departamento-en-venta-en-san-juan-de-aragon-_JM,,
,False,Otro Inmueble,,,,,,https://departamento.mercadolibre.com.mx/MLM-2739006407-departamento-en-venta-en-colonia-bondojito-gustavo-a-madero-ciudad-de-mexico-_JM,,
,False,Otro Inmueble,,,,,,https://inmueble.mercadolibre.com.mx/MLM-4642306376-edificio-en-lindavista-gustavo-a-madero-_JM,,
,False,Otro Inmueble,,,,,,https://terreno.mercadolibre.com.mx/MLM-4761665138-terreno-residencial-en-venta-en-bosque-real-_JM,,
,False,Otro Inmueble,,,,,,https://terreno.mercadolibre.com.mx/MLM-2738837935-terreno-en-venta-en-colonia-campestre-aragon-gustavo-a-madero-ciudad-de-mexico-_JM,,
,False,Otro Inmueble,,,,,,https://casa.mercadolibre.com.mx/MLM-2710976453-casa-en-venta-en-lindavista-sur-_JM,,
,False,Otro Inmueble,,,,,,https://inmueble.mercadolibre.com.mx/MLM-4761820356-local-en-venta-en-defensores-de-la-republica-_JM,,
,False,Otro Inmueble,,,,,,https://casa.mercadolibre.com.mx/MLM-2798036913-venta-casa-nueva-atzacoalco-gustavo-a-madero-cdmx-_JM,,
,False,Otro Inmueble,,,,,,https://departamento.mercadolibre.com.mx/MLM-2753727083-departamento-en-venta-en-lindavista-vallejo-ii-_JM,,
,False,Otro Inmueble,,,,,,https://casa.mercadolibre.com.mx/MLM-4830289986-casa-venta-tepeyac-insurgentes-_JM,,
,False,Otro Inmueble,,,,,,https://departamento.mercadolibre.com.mx/MLM-5199709970-mhl-departamento-en-venta-lindavista-alcaldia-gustavo-a-madero-_JM,,
,False,Otro Inmueble,,,,,,https://casa.mercadolibre.com.mx/MLM-2867658021-casa-en-venta-en-alcaldia-gustavo-a-madero-con-terraza-y-3-recamaras-_JM,,
,False,Otro Inmueble,,,,,,https://inmueble.mercadolibre.com.mx/MLM-5153190538-dge-edificio-en-venta-colonia-estrella-alcaldia-gustavo-a-madero-_JM,,
,False,Otro Inmueble,,,,,,https://casa.mercadolibre.com.mx/MLM-2874611745-casa-en-venta-en-gertrudiz-sanchez-_JM,,
,False,Otro Inmueble,,,,,,https://casa.mercadolibre.com.mx/MLM-2738786137-casa-en-venta-en-san-felipe-de-jesus-gustavo-a-madero-_JM,,
,False,Otro Inmueble,,,,,,https://casa.mercadolibre.com.mx/MLM-2865243605-guadalupe-tepeyac-casa-en-venta-_JM,,
,False,Otro Inmueble,,,,,,https://casa.mercadolibre.com.mx/MLM-2926586237-se-vende-casa-en-san-juan-de-aragon-zp536-_JM,,
,False,Otro Inmueble,,,,,,https://casa.mercadolibre.com.mx/MLM-5146509454-edificio-en-venta-col-providencia-uso-de-suelo-_JM,,
,False,Otro Inmueble,,,,,,https://departamento.mercadolibre.com.mx/MLM-4761625518-departamento-en-venta-en-bosque-real-_JM,,
,False,Otro Inmueble,,,,,,https://departamento.mercadolibre.com.mx/MLM-2797981893-departamento-en-venta-en-colonia-nueva-industrial-vallejo-gustavo-a-madero-ciudad-de-mexico-_JM,,
,False,Otro Inmueble,,,,,,https://departamento.mercadolibre.com.mx/MLM-2605871735-departamento-en-venta-en-residencial-zacatenco-_JM,,
,False,Otro Inmueble,,,,,,https://casa.mercadolibre.com.mx/MLM-2908789573-casa-sola-para-remodelar-en-rio-blanco-gustavo-a-madero-_JM,,
,False,Otro Inmueble,,,,,,https://inmueble.mercadolibre.com.mx/MLM-4671727236-venta-de-local-comercial-en-colonia-vallejo-delegacion-gustavo-a-madero-_JM,,
,False,Otro Inmueble,,,,,,https://inmueble.mercadolibre.com.mx/MLM-5022802036-venta-de-local-comercial-en-colonia-vallejo-delegacion-gustavo-a-madero-_JM,,
,False,Otro Inmueble,,,,,,https://departamento.mercadolibre.com.mx/MLM-2738786233-departamento-en-venta-en-villa-de-aragon-_JM,,
,False,Otro Inmueble,,,,,,https://casa.mercadolibre.com.mx/MLM-2867536185-venta-de-casa-en-progreso-nacional-ct855-_JM,,
,False,Otro Inmueble,,,,,,https://casa.mercadolibre.com.mx/MLM-2884273285-casa-en-venta-en-la-joyita-_JM,,
,False,Otro Inmueble,,,,,,https://inmueble.mercadolibre.com.mx/MLM-5030475644-venta-de-local-comercial-en-colonia-vallejo-delegacion-gustavo-a-madero-_JM,,
,False,Otro Inmueble,,,,,,https://inmueble.mercadolibre.com.mx/MLM-5241288952-edificio-venta-ampliacion-san-juan-de-aragon-_JM,,
,False,Otro Inmueble,,,,,,https://inmueble.mercadolibre.com.mx/MLM-2479353637-pequeno-edificio-en-venta-av-talisman-inversionistas-_JM,,
,False,Otro Inmueble,,,,,,https://departamento.mercadolibre.com.mx/MLM-5042106658-departamento-en-venta-en-colonia-guadalupe-tepeyac-gustavo-a-madero-ciudad-de-mexico-_JM,,
,False,Otro Inmueble,,,,,,https://departamento.mercadolibre.com.mx/MLM-4948185854-venta-de-departamentos-en-residencial-zacatenco-gustavo-a-madero-da557-_JM,,
,False,Otro Inmueble,,,,,,https://departamento.mercadolibre.com.mx/MLM-5132966282-modernos-departamenos-listos-para-estrenar-a-la-venta-en-lindavista-_JM,,
,False,Otro Inmueble,,,,,,https://casa.mercadolibre.com.mx/MLM-2932323063-casa-en-venta-en-colonia-industrial-gustavo-a-madero-ciudad-de-mexico-_JM,,
,False,Otro Inmueble,,,,,,https://casa.mercadolibre.com.mx/MLM-2936661865-braulio-martinez-col-guadalupe-insurgentes-excelente-ubicacion-_JM,,
,False,Otro Inmueble,,,,,,https://departamento.mercadolibre.com.mx/MLM-2745324507-departamentos-en-preventa-en-lindavista-_JM,,
,False,Otro Inmueble,,,,,,https://inmueble.mercadolibre.com.mx/MLM-2745122719-venta-casa-bodega-en-gustavo-a-madero-_JM,,
,False,Otro Inmueble,,,,,,https://casa.mercadolibre.com.mx/MLM-2745045377-casa-en-venta-en-cocoyotes-gustavo-a-madero-_JM,,
,False,Otro Inmueble,,,,,,https://departamento.mercadolibre.com.mx/MLM-4829888402-venta-departamento-guadalupe-insurgentes-gustavo-a-madero-_JM,,
,False,Otro Inmueble,,,,,,https://casa.mercadolibre.com.mx/MLM-4791455396-casa-en-venta-en-torres-lindavista-_JM,,
,False,Otro Inmueble,,,,,,https://casa.mercadolibre.com.mx/MLM-4948095018-venta-de-casa-en-lindavista-gam-da391-_JM,,
,False,Otro Inmueble,,,,,,https://casa.mercadolibre.com.mx/MLM-2943281219-casa-en-venta-con-jardin-en-lindavista-ib42-_JM,,
,False,Otro Inmueble,,,,,,https://departamento.mercadolibre.com.mx/MLM-2926586497-venta-de-departamento-en-san-juan-de-aragon-gustavo-a-madero-zp538-_JM,,
,False,Otro Inmueble,,,,,,https://departamento.mercadolibre.com.mx/MLM-5178985368-venta-de-departamento-en-nueva-atzacoalco-gustavo-a-madero-ze202-_JM,,
,False,Otro Inmueble,,,,,,https://inmueble.mercadolibre.com.mx/MLM-4948069420-edificio-en-venta-calzada-de-guadalupe-cuauthemoc-cdmx-le706-_JM,,
,False,Otro Inmueble,,,,,,https://casa.mercadolibre.com.mx/MLM-2924560907-casa-en-venta-en-colonia-san-pedro-zacatenco-gustavo-a-madero-ciudad-de-mexico-_JM,,
,False,Otro Inmueble,,,,,,https://casa.mercadolibre.com.mx/MLM-5352617340-casa-en-venta-puerto-coatzacoalcos-sur-heroes-de-chapultepec-_JM,,
,False,Otro Inmueble,,,,,,https://departamento.mercadolibre.com.mx/MLM-4948122548-departamento-en-venta-en-villa-de-aragon-gustavo-a-madero-lc472-_JM,,
,False,Otro Inmueble,,,,,,https://inmueble.mercadolibre.com.mx/MLM-4948082678-edificio-comercial-vallejo-gustavo-a-madero-cdmx-da582-_JM,,
,False,Otro Inmueble,,,,,,https://inmueble.mercadolibre.com.mx/MLM-2867740557-oficina-en-venta-en-gustavo-a-madero-nueva-industrial-vallejo-cdmx-_JM,,
,False,Otro Inmueble,,,,,,https://departamento.mercadolibre.com.mx/MLM-2939302037-venta-de-departamento-en-vallejo-_JM,,
,False,Otro Inmueble,,,,,,https://departamento.mercadolibre.com.mx/MLM-2795002003-venta-de-departamento-en-nueva-atzacoalco-gustavo-a-madero-da558-_JM,,
,False,Otro Inmueble,,,,,,https://casa.mercadolibre.com.mx/MLM-5228704256-venta-de-casa-en-ferrocarril-industrial-7-de-noviembre-gam-zp508-_JM,,
,False,Otro Inmueble,,,,,,https://departamento.mercadolibre.com.mx/MLM-2937030791-departamento-en-venta-torres-de-quiroga-gustavo-a-madero-cdmx-_JM,,
,False,Otro Inmueble,,,,,,https://terreno.mercadolibre.com.mx/MLM-4323082746-terreno-en-venta-_JM,,
,False,Otro Inmueble,,,,,,https://inmueble.mercadolibre.com.mx/MLM-2883050005-edificio-de-3-niveles-en-esquina-_JM,,
,False,Otro Inmueble,,,,,,https://departamento.mercadolibre.com.mx/MLM-2850346143-se-vende-departamento-en-martin-carrera-_JM,,
,False,Otro Inmueble,,,,,,https://casa.mercadolibre.com.mx/MLM-2745019355-casa-en-venta-en-la-colonia-del-obrero-gustavo-a-madero-_JM,,
,False,Otro Inmueble,,,,,,https://inmueble.mercadolibre.com.mx/MLM-4389175702-edificio-en-venta-en-colonia-santa-isabel-tola-gustavo-a-madero-ciudad-de-mexico-_JM,,
,False,Otro Inmueble,,,,,,https://terreno.mercadolibre.com.mx/MLM-4948198772-venta-de-terreno-comercial-en-la-laguna-ticoman-gm494-_JM,,
,False,Otro Inmueble,,,,,,https://inmueble.mercadolibre.com.mx/MLM-2738967699-local-comercial-en-venta-en-colonia-la-purisima-ticoman-gustavo-a-madero-ciudad-de-mexico-_JM,,
,False,Otro Inmueble,,,,,,https://departamento.mercadolibre.com.mx/MLM-5196120290-departamento-en-venta-en-nueva-industrial-vallejo-_JM,,
,False,Otro Inmueble,,,,,,https://inmueble.mercadolibre.com.mx/MLM-2691836825-venta-de-bodega-en-la-colonia-25-de-julio-gustavo-a-madero-cdmx-_JM,,
,False,Otro Inmueble,,,,,,https://casa.mercadolibre.com.mx/MLM-2896956721-casa-en-condominio-en-venta-en-san-bartolo-atepehuacan-con-terraza-y-3-recamaras-_JM,,
,False,Otro Inmueble,,,,,,https://departamento.mercadolibre.com.mx/MLM-5303960618-venta-de-departamento-en-lindavista-norte-gam-da563-_JM,,
,False,Otro Inmueble,,,,,,https://inmueble.mercadolibre.com.mx/MLM-2901955695-edificio-comercial-en-aragon-_JM,,
,False,Otro Inmueble,,,,,,https://inmueble.mercadolibre.com.mx/MLM-4761833338-edificio-en-venta-en-industrial-_JM,,
,False,Otro Inmueble,,,,,,https://inmueble.mercadolibre.com.mx/MLM-2615852347-bodega-en-venta-en-villa-gustavo-a-madero-_JM,,
,False,Otro Inmueble,,,,,,https://inmueble.mercadolibre.com.mx/MLM-4948198722-edificio-en-venta-villa-de-aragaon-gam-da544-_JM,,
,False,Otro Inmueble,,,,,,https://inmueble.mercadolibre.com.mx/MLM-5022872764-venta-de-bodega-en-la-colonia-25-de-julio-gustavo-a-madero-cdmx-_JM,,
,False,Otro Inmueble,,,,,,https://inmueble.mercadolibre.com.mx/MLM-5030567750-venta-de-bodega-en-la-colonia-25-de-julio-gustavo-a-madero-cdmx-_JM,,
,False,Otro Inmueble,,,,,,https://inmueble.mercadolibre.com.mx/MLM-4959614112-edificio-comercial-en-venta-en-lindavista-_JM,,
,False,Otro Inmueble,,,,,,https://casa.mercadolibre.com.mx/MLM-2707429747-casa-en-venta-en-colonia-15-de-agosto-gustavo-a-madero-ciudad-de-mexico-_JM,,
,False,Otro Inmueble,,,,,,https://inmueble.mercadolibre.com.mx/MLM-2515375525-edificio-en-venta-en-colonia-residencial-acueducto-de-guadalupe-gustavo-a-madero-ciudad-de-mexico-_JM,,
,False,Otro Inmueble,,,,,,https://terreno.mercadolibre.com.mx/MLM-4761871856-terreno-industrial-en-venta-en-ampliacion-san-juan-de-aragon-_JM,,
,False,Otro Inmueble,,,,,,https://inmueble.mercadolibre.com.mx/MLM-2940695613-local-comercial-en-venta-en-colonia-lindavista-norte-gustavo-a-madero-ciudad-de-mexico-_JM,,
,False,Otro Inmueble,,,,,,https://departamento.mercadolibre.com.mx/MLM-2888996843-venta-de-departamento-en-lindavista-vallejo-ii-secc-gustavo-a-madero-cdmx-_JM,,
,False,Otro Inmueble,,,,,,https://terreno.mercadolibre.com.mx/MLM-2909092945-terreno-comercial-en-venta-calzada-ticoman-_JM,,
,False,Otro Inmueble,,,,,,https://terreno.mercadolibre.com.mx/MLM-3963503224-terreno-en-venta-en-colonia-estanzuela-gustavo-a-madero-ciudad-de-mexico-_JM,,
,False,Otro Inmueble,,,,,,https://departamento.mercadolibre.com.mx/MLM-4761728602-departamento-en-venta-en-industrial-_JM,,
,False,Otro Inmueble,,,,,,https://inmueble.mercadolibre.com.mx/MLM-4640677130-bodega-en-venta-en-valle-madero-gustavo-a-madero-_JM,,
,False,Otro Inmueble,,,,,,https://casa.mercadolibre.com.mx/MLM-2707286527-casa-en-venta-en-colonia-15-de-agosto-gustavo-a-madero-ciudad-de-mexico-_JM,,
,False,Otro Inmueble,,,,,,https://inmueble.mercadolibre.com.mx/MLM-2572323809-edificio-en-venta-en-colonia-santa-isabel-tola-gustavo-a-madero-ciudad-de-mexico-_JM,,
,False,Otro Inmueble,,,,,,https://casa.mercadolibre.com.mx/MLM-5227879088-casa-en-venta-uso-de-suelo-comercial-residencial-_JM,,
,False,Otro Inmueble,,,,,,https://terreno.mercadolibre.com.mx/MLM-5200927472-venta-terreno-en-mendelssohn-vallejo-_JM,,
,False,Otro Inmueble,,,,,,https://inmueble.mercadolibre.com.mx/MLM-4790302686-edificio-en-venta-en-bondojito-_JM,,
,False,Otro Inmueble,,,,,,https://inmueble.mercadolibre.com.mx/MLM-2767775711-venta-de-edificio-en-heroes-de-cerro-prieto-gustavo-a-madero-cdmx-_JM,,
,False,Otro Inmueble,,,,,,https://inmueble.mercadolibre.com.mx/MLM-2798134141-venta-de-edificio-en-heroes-de-cerro-prieto-gustavo-a-madero-cdmx-_JM,,
,False,Otro Inmueble,,,,,,https://inmueble.mercadolibre.com.mx/MLM-2794970309-venta-de-edificio-en-heroes-de-cerro-prieto-gustavo-a-madero-cdmx-_JM,,
,False,Otro Inmueble,,,,,,https://inmueble.mercadolibre.com.mx/MLM-4771166348-col-guadalupe-victoria-bodega-en-venta-con-amplio-uso-de-suelo-en-la-gam-_JM,,
,False,Otro Inmueble,,,,,,https://casa.mercadolibre.com.mx/MLM-2858426815-mrm-casa-en-venta-en-alcaldia-gustavo-a-madero-_JM,,
,False,Otro Inmueble,,,,,,https://casa.mercadolibre.com.mx/MLM-5351954120-casa-en-venta-de-5-recamaras-en-colonia-zona-escolar-oriente-_JM,,
,False,Otro Inmueble,,,,,,https://terreno.mercadolibre.com.mx/MLM-2745161617-terreno-en-venta-san-felipe-de-jesus-gustavo-a-madero-_JM,,
,False,Otro Inmueble,,,,,,https://inmueble.mercadolibre.com.mx/MLM-5072016674-local-comercial-santa-isabel-tola-renta-o-venta-da549-_JM,,
,False,Otro Inmueble,,,,,,https://terreno.mercadolibre.com.mx/MLM-4977799954-terreno-comercial-en-venta-en-san-juan-de-aragon-_JM,,
,False,Otro Inmueble,,,,,,https://inmueble.mercadolibre.com.mx/MLM-5147823228-fausto-romero-edificio-en-venta-_JM,,
,False,Otro Inmueble,,,,,,https://departamento.mercadolibre.com.mx/MLM-2881228003-venta-departamento-en-la-nueva-atzacoalco-planta-baja-_JM,,
,False,Otro Inmueble,,,,,,https://departamento.mercadolibre.com.mx/MLM-2881201997-venta-departamento-en-dos-plantas-en-la-colonia-7-de-noviembre-impecable-_JM,,
,False,Otro Inmueble,,,,,,https://casa.mercadolibre.com.mx/MLM-2881176437-venta-casa-calzada-misterios-atn-inversionistas-_JM,,
,False,Otro Inmueble,,,,,,https://departamento.mercadolibre.com.mx/MLM-2956691749-departamento-en-venta-en-av-centenario-gustavo-a-madero-_JM,,
,False,Otro Inmueble,,,,,,https://departamento.mercadolibre.com.mx/MLM-5384509670-departamento-en-venta-gustavo-madero-lindavista-gis-25-661-_JM,,
,False,Otro Inmueble,,,,,,https://departamento.mercadolibre.com.mx/MLM-5384509722-departamento-en-venta-gustavo-madero-lindavista-gis-25-660-_JM,,
,False,Otro Inmueble,,,,,,https://departamento.mercadolibre.com.mx/MLM-2947953379-departamento-en-venta-gustavo-madero-lindavista-gis-25-659-_JM,,
,False,Otro Inmueble,,,,,,https://departamento.mercadolibre.com.mx/MLM-2956702027-departamento-en-venta-vallejo-gustavo-a-madero-cdmx-_JM,,
,False,Otro Inmueble,,,,,,https://departamento.mercadolibre.com.mx/MLM-2962193249-departamento-en-venta-_JM,,
,False,Otro Inmueble,,,,,,https://departamento.mercadolibre.com.mx/MLM-2959119687-venta-departamento-2-ambientes-tres-estrellas-_JM,,
,False,Otro Inmueble,,,,,,https://casa.mercadolibre.com.mx/MLM-5407572036-casa-sola-en-venta-aragon-gustavo-a-madero-_JM,,
,False,Otro Inmueble,,,,,,https://casa.mercadolibre.com.mx/MLM-5406902734-terreno-con-construccion-ideal-para-bodega-o-proyecto-351-m-_JM,,
,False,Otro Inmueble,,,,,,https://casa.mercadolibre.com.mx/MLM-2956704123-casa-en-venta-en-ticoman-gustavo-a-madero-_JM,,
,False,Otro Inmueble,,,,,,https://casa.mercadolibre.com.mx/MLM-5385987454-casa-en-venta-_JM,,
,False,Otro Inmueble,,,,,,https://departamento.mercadolibre.com.mx/MLM-5389454652-venta-departamento-2-ambientes-san-pedro-zacatenco-_JM,,
,False,Otro Inmueble,,,,,,https://casa.mercadolibre.com.mx/MLM-5410065094-casa-en-venta-en-colonia-lindavista-norte-gustavo-a-madero-ciudad-de-mexico-_JM,,
,False,Otro Inmueble,,,,,,https://departamento.mercadolibre.com.mx/MLM-2947905019-departamento-en-venta-en-martin-carrera-gustavo-madero-gis-25-352-_JM,,
,False,Otro Inmueble,,,,,,https://departamento.mercadolibre.com.mx/MLM-5399142658-departamento-en-venta-en-guadalupe-tepeyac-gustavo-a-madero-ciudad-de-mexico-_JM,,
,False,Otro Inmueble,,,,,,https://departamento.mercadolibre.com.mx/MLM-2948008983-venta-departamentos-vallejo-t-df0219-0102-_JM,,
,False,Otro Inmueble,,,,,,https://departamento.mercadolibre.com.mx/MLM-2947905913-departamento-en-venta-en-gustavo-madero-lindavista-mg-25-661-_JM,,
,False,Otro Inmueble,,,,,,https://casa.mercadolibre.com.mx/MLM-2950789441-casa-en-venta-con-5-departamentos-en-casas-aleman-gam-_JM,,
,False,Otro Inmueble,,,,,,https://terreno.mercadolibre.com.mx/MLM-5407185484-terreno-industrial-tepeyac-insurgentes-3-frentes-348m2-_JM,,
,False,Otro Inmueble,,,,,,https://departamento.mercadolibre.com.mx/MLM-5407284132-venta-departamento-2-ambientes-guadalupe-victoria-_JM,,
,False,Otro Inmueble,,,,,,https://casa.mercadolibre.com.mx/MLM-5402553734-casa-en-venta-en-montevideo-gustavo-a-madero-cdmx-_JM,,
,False,Otro Inmueble,,,,,,https://departamento.mercadolibre.com.mx/MLM-5406945946-venta-departamento-2-ambientes-santa-rosa-_JM,,
,False,Otro Inmueble,,,,,,https://casa.mercadolibre.com.mx/MLM-5400888544-venta-casas-vallejo-t-df0219-0103-_JM,,
,False,Otro Inmueble,,,,,,https://inmueble.mercadolibre.com.mx/MLM-5406902750-excelente-bodega-en-venta-cerca-de-eduardo-molina-gertrudis-sanchez-gam-cdmx-_JM,,
,False,Otro Inmueble,,,,,,https://departamento.mercadolibre.com.mx/MLM-5400670324-venta-departamentos-guadalupe-tepeyac-t-df0219-0104-_JM,,
,False,Otro Inmueble,,,,,,https://casa.mercadolibre.com.mx/MLM-5400683316-venta-casa-5-ambientes-san-juan-de-aragon-vi-seccion-_JM,,
,False,Otro Inmueble,,,,,,https://departamento.mercadolibre.com.mx/MLM-2951149259-venta-departamentos-vallejo-t-df0236-0061-_JM,,
,False,Otro Inmueble,,,,,,https://departamento.mercadolibre.com.mx/MLM-2950581167-venta-departamento-2-ambientes-lindavista-norte-_JM,,
,False,Otro Inmueble,,,,,,https://departamento.mercadolibre.com.mx/MLM-5408966534-departamento-en-venta-planta-baja-eduardo-molina-col-vasco-de-quiroga-_JM,,
,False,Otro Inmueble,,,,,,https://casa.mercadolibre.com.mx/MLM-5401860020-excelente-residencia-en-el-corazon-de-lindavista-_JM,,
,False,Otro Inmueble,,,,,,https://terreno.mercadolibre.com.mx/MLM-2962046227-terreno-comercial-en-venta-en-esquina-en-gertrudis-sanchez-_JM,,
,False,Otro Inmueble,,,,,,https://terreno.mercadolibre.com.mx/MLM-2962210391-venta-terreno-deportivo-zacatenco-18000-m2-insurgentes-norte-_JM,,
,False,Otro Inmueble,,,,,,https://departamento.mercadolibre.com.mx/MLM-2950779955-departamento-en-venta-en-el-arbolillo-_JM,,
,False,Otro Inmueble,,,,,,https://departamento.mercadolibre.com.mx/MLM-2670247071-departamento-39m2-de-1-recamara-balcon-bodega-en-aragon-la-villa-_JM,,
,False,Otro Inmueble,,,,,,https://casa.mercadolibre.com.mx/MLM-4780229916-venta-casas-lindavista-norte-t-df0085-0600-_JM,,
,False,Otro Inmueble,,,,,,https://departamento.mercadolibre.com.mx/MLM-2705512547-excelente-departamento-con-inmejorable-ubicacion-muy-cerca-del-metrobus-tenayuca-en-guatavo-a-madero-_JM,,
,False,Otro Inmueble,,,,,,https://casa.mercadolibre.com.mx/MLM-2748832665-casa-en-col-cuautepec-del-gam-_JM,,
,False,Otro Inmueble,,,,,,https://departamento.mercadolibre.com.mx/MLM-5118589286-venta-departamentos-san-juan-de-aragon-vii-seccion-t-df0238-0038-_JM,,
,False,Otro Inmueble,,,,,,https://casa.mercadolibre.com.mx/MLM-2874594253-casa-en-venta-gustavo-a-madero-_JM,,
,False,Otro Inmueble,,,,,,https://casa.mercadolibre.com.mx/MLM-5107706830-casa-en-venta-col-san-juan-de-aragon-gam-cdmx-_JM,,
,False,Otro Inmueble,,,,,,https://departamento.mercadolibre.com.mx/MLM-5118576318-venta-departamentos-san-juan-de-aragon-vi-seccion-t-df0238-0037-_JM,,
,False,Otro Inmueble,,,,,,https://departamento.mercadolibre.com.mx/MLM-5058300014-departamento-en-arcos-esmeralda-44m2-acepta-creditos-_JM,,
,False,Otro Inmueble,,,,,,https://departamento.mercadolibre.com.mx/MLM-2749972035-entrega-inmediata-solo-recursos-propios-_JM,,
,False,Otro Inmueble,,,,,,https://casa.mercadolibre.com.mx/MLM-5205054316-venta-casas-san-juan-de-aragon-v-seccion-t-df0181-0222-_JM,,
,False,Otro Inmueble,,,,,,https://casa.mercadolibre.com.mx/MLM-2831389899-casa-con-amplios-espacios-_JM,,
,False,Otro Inmueble,,,,,,https://casa.mercadolibre.com.mx/MLM-5058093094-casa-en-venta-en-lindavista-gustavo-a-madero-cdmx-_JM,,
,False,Otro Inmueble,,,,,,https://casa.mercadolibre.com.mx/MLM-4635910764-construccion-para-inversion-en-venta-remodela-y-gana-_JM,,
,False,Otro Inmueble,,,,,,https://departamento.mercadolibre.com.mx/MLM-5357496766-departamento-en-venta-nueva-industrial-vallejo-gustavo-a-madero-_JM,,
,False,Otro Inmueble,,,,,,https://casa.mercadolibre.com.mx/MLM-2750042307-venta-casas-pradera-ii-seccion-t-df0238-0033-_JM,,
,False,Otro Inmueble,,,,,,https://departamento.mercadolibre.com.mx/MLM-4833754568-departamento-interior-e-iluminado-en-calzada-vallejo-_JM,,
,False,Otro Inmueble,,,,,,https://casa.mercadolibre.com.mx/MLM-5290489874-venta-casas-san-juan-de-aragon-v-seccion-t-df0181-0227-_JM,,
,False,Otro Inmueble,,,,,,https://casa.mercadolibre.com.mx/MLM-5035894736-venta-casas-ampliacion-san-juan-de-aragon-t-df0234-0035-_JM,,
,False,Otro Inmueble,,,,,,https://casa.mercadolibre.com.mx/MLM-5091413230-casa-venta-en-col-acueducto-de-guadalupe-159-m2-_JM,,
,False,Otro Inmueble,,,,,,https://departamento.mercadolibre.com.mx/MLM-4786367532-venta-departamentos-nueva-industrial-vallejo-t-df0257-0003-_JM,,
,False,Otro Inmueble,,,,,,https://departamento.mercadolibre.com.mx/MLM-2708081899-venta-departamentos-vallejo-t-df0219-0081-_JM,,
,False,Otro Inmueble,,,,,,https://casa.mercadolibre.com.mx/MLM-4671654488-venta-casas-tepeyac-insurgentes-t-df0215-0076-_JM,,
,False,Otro Inmueble,,,,,,https://casa.mercadolibre.com.mx/MLM-2705545201-perfecta-casa-grande-para-inversionistas-en-la-col-guadalupe-tepeyac-a-unos-minutos-de-walmart-tepeyac-_JM,,
,False,Otro Inmueble,,,,,,https://casa.mercadolibre.com.mx/MLM-2703374409-casa-en-venta-en-lindavista-sobre-av-montevideo-_JM,,
,False,Otro Inmueble,,,,,,https://departamento.mercadolibre.com.mx/MLM-2798134853-departamento-en-venta-en-vasco-de-quiroga-gustavo-a-madero-cdmx-_JM,,
,False,Otro Inmueble,,,,,,https://casa.mercadolibre.com.mx/MLM-2720545187-gran-oportunidad-patrimonial-en-la-gam-casa-de-amplias-dimensiones-con-excelente-conectividad-y-precio-de-ocasion-a-tratar-para-cierre-inmediato-_JM,,
,False,Otro Inmueble,,,,,,https://casa.mercadolibre.com.mx/MLM-5058033336-casa-en-venta-en-colonia-ampliacion-providencia-gam-ciudad-de-mexico-_JM,,
,False,Otro Inmueble,,,,,,https://casa.mercadolibre.com.mx/MLM-2850532965-casa-en-venta-lindavista-gustavo-a-madero-_JM,,
,False,Otro Inmueble,,,,,,https://departamento.mercadolibre.com.mx/MLM-2821350063-acogedor-departamento-en-venta-en-el-corazon-de-vallejo-_JM,,
,False,Otro Inmueble,,,,,,https://casa.mercadolibre.com.mx/MLM-4690054302-casa-en-venta-panamericana-gustavo-a-madero-_JM,,
,False,Otro Inmueble,,,,,,https://casa.mercadolibre.com.mx/MLM-2746135039-inmueble-con-466-m2-en-venta-en-cuautepec-_JM,,
,False,Otro Inmueble,,,,,,https://casa.mercadolibre.com.mx/MLM-5171491326-bajo-de-precio-casas-conjuntas-en-venta-en-lindavista-norte-cali-rcv636847-_JM,,
,False,Otro Inmueble,,,,,,https://casa.mercadolibre.com.mx/MLM-2765380135-venta-casas-torres-lindavista-t-df0213-0056-_JM,,
,False,Otro Inmueble,,,,,,https://casa.mercadolibre.com.mx/MLM-2874535307-casa-en-venta-cuautepec-deportivo-juventino-rosas-excelente-mantenimiento-_JM,,
,False,Otro Inmueble,,,,,,https://departamento.mercadolibre.com.mx/MLM-2937241723-departamento-en-venta-en-gustavo-a-madero-_JM,,
,False,Otro Inmueble,,,,,,https://casa.mercadolibre.com.mx/MLM-5178509548-casa-en-venta-a-unos-metros-de-circuito-uso-de-suelo-mixto-ideal-para-invertir-_JM,,
,False,Otro Inmueble,,,,,,https://departamento.mercadolibre.com.mx/MLM-2865125691-departamento-en-venta-santa-rosa-gustavo-a-madero-cdmx-_JM,,
,False,Otro Inmueble,,,,,,https://casa.mercadolibre.com.mx/MLM-2858590141-bajo-de-precio-casa-venta-en-arequipa-lindavista-norte-rcv636832-_JM,,
,False,Otro Inmueble,,,,,,https://departamento.mercadolibre.com.mx/MLM-2720637793-departamento-en-gustavo-a-madero-ubicacion-estrategica-a-pasos-del-metrobus-tenayuca-conectividad-total-y-precio-atractivo-a-tratar-gran-oportunidad-_JM,,
,False,Otro Inmueble,,,,,,https://departamento.mercadolibre.com.mx/MLM-5166616252-venta-departamentos-la-purisima-ticoman-t-df0213-0059-_JM,,
,False,Otro Inmueble,,,,,,https://casa.mercadolibre.com.mx/MLM-2720558745-oportunidad-inmobiliaria-en-guadalupe-tepeyac-casa-de-gran-metraje-con-potencial-residencial-o-comercial-ubicada-en-zona-de-alta-plusvalia-muy-cerca-de-la-villa-y-calzada-de-guadalupe-_JM,,
,False,Otro Inmueble,,,,,,https://casa.mercadolibre.com.mx/MLM-5118589302-venta-casas-san-juan-de-aragon-vi-seccion-t-df0238-0036-_JM,,
,False,Otro Inmueble,,,,,,https://casa.mercadolibre.com.mx/MLM-2720681381-residencia-familiar-en-acueducto-de-guadalupe-privacidad-total-en-calle-cerrada-cercania-a-centros-comerciales-de-elite-y-zona-escolar-ipn-la-mejor-inversion-del-norte-de-cdmx-_JM,,
,False,Otro Inmueble,,,,,,https://casa.mercadolibre.com.mx/MLM-2779185605-casa-en-venta-a-lado-de-lindavista-_JM,,
,False,Otro Inmueble,,,,,,https://casa.mercadolibre.com.mx/MLM-2811213953-casa-en-venta-en-fraccionamiento-torres-lindavista-gustavo-a-madero-cdmx-_JM,,
,False,Otro Inmueble,,,,,,https://casa.mercadolibre.com.mx/MLM-2722436067-maxima-amplitud-y-ubicacion-premium-en-gam-la-propiedad-que-buscabas-para-crecer-_JM,,
,False,Otro Inmueble,,,,,,https://casa.mercadolibre.com.mx/MLM-4827550000-casa-en-venta-cerca-de-la-basilica-la-joyita-gustavo-a-madero-_JM,,
,False,Otro Inmueble,,,,,,https://casa.mercadolibre.com.mx/MLM-2850678753-casa-en-venta-cuchilla-del-tesoro-gustavo-a-madero-_JM,,
,False,Otro Inmueble,,,,,,https://casa.mercadolibre.com.mx/MLM-2894392759-venta-casas-san-juan-de-aragon-v-seccion-t-df0181-0241-_JM,,
,False,Otro Inmueble,,,,,,https://casa.mercadolibre.com.mx/MLM-2720729539-casa-en-venta-en-acueducto-de-guadalupe-ubicacion-estrategica-en-calle-privada-a-minutos-de-escuelas-ipn-y-centros-comerciales-seguridad-confort-y-plusvalia-en-la-gam-_JM,,
,False,Otro Inmueble,,,,,,https://casa.mercadolibre.com.mx/MLM-4985158698-casa-en-venta-guadalupe-tepeyacgam-_JM,,
,False,Otro Inmueble,,,,,,https://casa.mercadolibre.com.mx/MLM-2779161861-casa-en-venta-residencial-zacatenco-_JM,,
,False,Otro Inmueble,,,,,,https://departamento.mercadolibre.com.mx/MLM-2722269643-invierte-seguro-en-joyas-vallejo-departamento-con-plusvalia-imbatible-y-ubicacion-estrategica-_JM,,
,False,Otro Inmueble,,,,,,https://casa.mercadolibre.com.mx/MLM-2732266653-preciosa-casa-grande-en-la-colonia-guadalupe-tepeyac-gustavo-a-madero-especial-para-invertir-en-airbnb-por-su-cercania-con-la-villa-_JM,,
,False,Otro Inmueble,,,,,,https://departamento.mercadolibre.com.mx/MLM-5187042068-departamento-en-venta-en-acueducto-de-guadalupe-_JM,,
,False,Otro Inmueble,,,,,,https://casa.mercadolibre.com.mx/MLM-2880762111-casa-en-venta-en-la-joya-gustavo-a-madero-ciudad-de-mexico-_JM,,
,False,Otro Inmueble,,,,,,https://casa.mercadolibre.com.mx/MLM-2716410167-oportunidad-para-inversionistas-casa-en-guadalupe-tepeyac-gustavo-a-madero-_JM,,
,False,Otro Inmueble,,,,,,https://departamento.mercadolibre.com.mx/MLM-5257027098-departamento-en-col-15-de-agosto-60m2-_JM,,
,False,Otro Inmueble,,,,,,https://casa.mercadolibre.com.mx/MLM-2800603931-venta-de-casa-en-condominio-en-lindavista-frente-politecnico-nacional-_JM,,
,False,Otro Inmueble,,,,,,https://departamento.mercadolibre.com.mx/MLM-4698751916-la-joya-del-norte-departamento-en-joyas-vallejo-a-un-precio-increible-ubicacion-estrategica-departamento-con-conectividad-total-_JM,,
,False,Otro Inmueble,,,,,,https://casa.mercadolibre.com.mx/MLM-2811109167-casa-en-venta-en-santa-maria-ticoman-gustavo-a-madero-cdmx-_JM,,
,False,Otro Inmueble,,,,,,https://casa.mercadolibre.com.mx/MLM-4780369882-venta-casas-san-juan-de-aragon-iv-seccion-t-df0181-0219-_JM,,
,False,Otro Inmueble,,,,,,https://departamento.mercadolibre.com.mx/MLM-4819176758-departamento-en-venta-en-gustavo-madero-lindavista-af-25-661-_JM,,
,False,Otro Inmueble,,,,,,https://casa.mercadolibre.com.mx/MLM-5140240048-venta-propieda-en-nueva-aztacoalco-gustavo-a-madero-_JM,,
,False,Otro Inmueble,,,,,,https://departamento.mercadolibre.com.mx/MLM-2776055219-departamento-de-1083m-en-san-bartolo-atepehuacan-_JM,,
,False,Otro Inmueble,,,,,,https://departamento.mercadolibre.com.mx/MLM-5030636690-venta-departamento-galaxias-vallejo-11264-_JM,,
,False,Otro Inmueble,,,,,,https://departamento.mercadolibre.com.mx/MLM-5205054370-venta-departamentos-san-juan-de-aragon-iv-seccion-t-df0181-0217-_JM,,
,False,Otro Inmueble,,,,,,https://casa.mercadolibre.com.mx/MLM-2738995923-casa-en-venta-san-felipe-de-jesus-gustavo-a-madero-_JM,,
,False,Otro Inmueble,,,,,,https://casa.mercadolibre.com.mx/MLM-4754239394-venta-casas-vallejo-t-df0236-0026-_JM,,
,False,Otro Inmueble,,,,,,https://casa.mercadolibre.com.mx/MLM-2937241909-casa-en-venta-san-felipe-de-jesus-gustavo-a-madero-_JM,,
,False,Otro Inmueble,,,,,,https://departamento.mercadolibre.com.mx/MLM-4819384814-departamento-en-venta-en-gustavo-madero-lindavista-af-25-659-_JM,,
,False,Otro Inmueble,,,,,,https://departamento.mercadolibre.com.mx/MLM-5063017406-departamento-en-venta-en-gustavo-madero-lindavista-af-25-660-_JM,,
,False,Otro Inmueble,,,,,,https://departamento.mercadolibre.com.mx/MLM-2720635563-departamento-con-ubicacion-estrategica-en-gustavo-a-madero-conectividad-total-cercania-a-centros-comerciales-y-plusvalia-garantizada-en-el-norte-de-cdmx-_JM,,
,False,Otro Inmueble,,,,,,https://inmueble.mercadolibre.com.mx/MLM-4367566858-edificio-en-venta-sobre-avenida-insurgentes-norte-_JM,,
,False,Otro Inmueble,,,,,,https://inmueble.mercadolibre.com.mx/MLM-2908377709-venta-oficina-2-ambientes-tepeyac-insurgentes-_JM,,
,False,Otro Inmueble,,,,,,https://departamento.mercadolibre.com.mx/MLM-4672134374-venta-departamentos-tepeyac-insurgentes-t-df0215-0085-_JM,,
,False,Otro Inmueble,,,,,,https://departamento.mercadolibre.com.mx/MLM-2605595859-departamento-en-venta-en-col-linda-vista-norte-gam-cdmx-_JM,,
,False,Otro Inmueble,,,,,,https://casa.mercadolibre.com.mx/MLM-2798045775-casa-en-venta-con-tres-departamentos-en-casa-aleman-gustavo-a-madero-cdmx-_JM,,
,False,Otro Inmueble,,,,,,https://departamento.mercadolibre.com.mx/MLM-2945579445-departamento-nuevo-en-complejo-residencial-de-lindavista-_JM,,
,False,Otro Inmueble,,,,,,https://departamento.mercadolibre.com.mx/MLM-5042655326-departamento-nuevo-en-venta-en-vallejo-_JM,,
,False,Otro Inmueble,,,,,,https://departamento.mercadolibre.com.mx/MLM-2448713893-bonito-penthouse-en-venta-en-lindavista-gustavo-a-madero-_JM,,
,False,Otro Inmueble,,,,,,https://casa.mercadolibre.com.mx/MLM-4955491822-venta-casa-3-ambientes-san-felipe-de-jesus-_JM,,
,False,Otro Inmueble,,,,,,https://inmueble.mercadolibre.com.mx/MLM-2624717369-venta-de-edificio-en-la-gustavo-a-madero-cdmx-_JM,,
,False,Otro Inmueble,,,,,,https://casa.mercadolibre.com.mx/MLM-5041711690-casa-en-venta-en-lindavista-_JM,,
,False,Otro Inmueble,,,,,,https://casa.mercadolibre.com.mx/MLM-5030642940-casa-en-venta-colonia-industrial-_JM,,
,False,Otro Inmueble,,,,,,https://casa.mercadolibre.com.mx/MLM-5208373596-venta-casas-villa-de-aragon-t-df0238-0046-_JM,,
,False,Otro Inmueble,,,,,,https://casa.mercadolibre.com.mx/MLM-5091444760-casa-en-venta-en-fraccionamiento-torres-de-lindavista-gustavo-a-madero-_JM,,
,False,Otro Inmueble,,,,,,https://casa.mercadolibre.com.mx/MLM-2798123071-casa-a-la-venta-san-pedro-el-chico-gustavo-a-madero-cdmx-_JM,,
,False,Otro Inmueble,,,,,,https://departamento.mercadolibre.com.mx/MLM-2686984377-departamento-en-venta-guadalupe-insurgentes-gustavo-a-madero-_JM,,
,False,Otro Inmueble,,,,,,https://casa.mercadolibre.com.mx/MLM-5030542642-casa-en-venta-colonia-lindavista-_JM,,
,False,Otro Inmueble,,,,,,https://departamento.mercadolibre.com.mx/MLM-5153852538-departamento-en-venta-listo-para-habitar-en-eduardo-molina-2-recs-60m-_JM,,
,False,Otro Inmueble,,,,,,https://casa.mercadolibre.com.mx/MLM-2720728657-casa-en-venta-col-acueducto-de-guadalupe-gustavo-a-madero-ciudad-de-mexico-_JM,,
,False,Otro Inmueble,,,,,,https://departamento.mercadolibre.com.mx/MLM-2691693963-departamentos-nuevos-en-gam-preventa-con-gran-plusvalia-y-facilidades-de-pago-_JM,,
,False,Otro Inmueble,,,,,,https://departamento.mercadolibre.com.mx/MLM-2937316047-departamento-torres-lindavista-gustavo-a-madero-_JM,,
,False,Otro Inmueble,,,,,,https://departamento.mercadolibre.com.mx/MLM-2821699455-departamento-en-venta-en-gustavo-a-madero-_JM,,
,False,Otro Inmueble,,,,,,https://casa.mercadolibre.com.mx/MLM-5058024656-casa-en-venta-colonia-san-juan-de-aragon-tercera-seccion-cdmx-_JM,,
,False,Otro Inmueble,,,,,,https://casa.mercadolibre.com.mx/MLM-2869693377-casa-en-lindavista-zona-cerrada-a-transito-local-_JM,,
,False,Otro Inmueble,,,,,,https://inmueble.mercadolibre.com.mx/MLM-2689487845-se-vende-y-traspasa-con-mercancia-local-en-col-industrial-gam-cdmx-_JM,,
,False,Otro Inmueble,,,,,,https://casa.mercadolibre.com.mx/MLM-5357496760-casa-en-venta-en-gustavo-a-madero-_JM,,
,False,Otro Inmueble,,,,,,https://casa.mercadolibre.com.mx/MLM-2732732447-casa-en-venta-col-lindavista-gustavo-a-madero-ciudad-de-mexico-_JM,,
,False,Otro Inmueble,,,,,,https://casa.mercadolibre.com.mx/MLM-5193033344-casa-en-venta-san-pedro-el-chico-gustavo-a-madero-_JM,,
,False,Otro Inmueble,,,,,,https://departamento.mercadolibre.com.mx/MLM-2800904841-venta-departamentos-nueva-industrial-vallejo-t-df0257-0005-_JM,,
,False,Otro Inmueble,,,,,,https://casa.mercadolibre.com.mx/MLM-5357408188-casa-en-venta-san-juan-de-aragon-gustavo-a-madero-_JM,,
,False,Otro Inmueble,,,,,,https://casa.mercadolibre.com.mx/MLM-5030453452-casa-en-venta-colonia-fernando-casas-aleman-_JM,,
,False,Otro Inmueble,,,,,,https://casa.mercadolibre.com.mx/MLM-5119626508-casa-en-venta-en-san-juan-de-aragon-iv-y-v-seccion-gustavo-a-madero-cdmx-_JM,,
,False,Otro Inmueble,,,,,,https://casa.mercadolibre.com.mx/MLM-2798091705-casa-en-venta-en-col-nueva-atzacoalco-gustavo-a-madero-cdmx-_JM,,
,False,Otro Inmueble,,,,,,https://casa.mercadolibre.com.mx/MLM-5208373598-venta-casas-san-juan-de-aragon-vi-seccion-t-df0238-0045-_JM,,
,False,Otro Inmueble,,,,,,https://casa.mercadolibre.com.mx/MLM-2738855429-casa-cond-con-roof-garden-privado-vigilancia-24-hr-_JM,,
,False,Otro Inmueble,,,,,,https://casa.mercadolibre.com.mx/MLM-2691667049-casa-en-venta-en-colonia-panamericana-gam-_JM,,
,False,Otro Inmueble,,,,,,https://departamento.mercadolibre.com.mx/MLM-2811202961-departamento-en-venta-en-col-el-arbolillo-gustavo-a-madero-cdmx-_JM,,
,False,Otro Inmueble,,,,,,https://departamento.mercadolibre.com.mx/MLM-2909327577-departamento-en-venta-en-lindavista-norte-gustavo-a-madero-_JM,,
,False,Otro Inmueble,,,,,,https://casa.mercadolibre.com.mx/MLM-2798088953-casa-en-venta-en-residencial-acueducto-de-guadalupe-cdmx-_JM,,
,False,Otro Inmueble,,,,,,https://departamento.mercadolibre.com.mx/MLM-2897178179-departamento-en-venta-san-pedro-el-chico-gustavo-a-madero-_JM,,
,False,Otro Inmueble,,,,,,https://casa.mercadolibre.com.mx/MLM-2874606411-casa-en-venta-en-lindavista-norte-3-recamaras-_JM,,
,False,Otro Inmueble,,,,,,https://casa.mercadolibre.com.mx/MLM-5203835526-venta-casas-lindavista-norte-t-df0085-0609-_JM,,
,False,Otro Inmueble,,,,,,https://casa.mercadolibre.com.mx/MLM-5278042454-casa-en-venta-colonia-lindavista-_JM,,
,False,Otro Inmueble,,,,,,https://casa.mercadolibre.com.mx/MLM-5030480254-casa-en-venta-colonia-lindavista-sur-_JM,,
,False,Otro Inmueble,,,,,,https://departamento.mercadolibre.com.mx/MLM-2763220757-venta-departamentos-lindavista-norte-t-df0085-0604-_JM,,
,False,Otro Inmueble,,,,,,https://casa.mercadolibre.com.mx/MLM-5030570902-casa-en-venta-colonia-tepeyac-insurgentes-_JM,,
,False,Otro Inmueble,,,,,,https://casa.mercadolibre.com.mx/MLM-2798049981-casa-en-venta-a-media-calle-de-montevideo-_JM,,
,False,Otro Inmueble,,,,,,https://casa.mercadolibre.com.mx/MLM-4699117374-venta-casas-la-escalera-t-df0213-0042-_JM,,
,False,Otro Inmueble,,,,,,https://departamento.mercadolibre.com.mx/MLM-5057913416-departamento-en-venta-en-lindavista-gustavo-a-madero-cdmx-_JM,,
,False,Otro Inmueble,,,,,,https://departamento.mercadolibre.com.mx/MLM-5331962788-departamento-en-venta-planta-baja-en-privad-vasco-de-quiroga-gustavo-a-madero-cdmx-venta-solo-de-contado-_JM,,
,False,Otro Inmueble,,,,,,https://casa.mercadolibre.com.mx/MLM-5235669228-venta-casas-villa-de-aragon-t-df0238-0047-_JM,,
,False,Otro Inmueble,,,,,,https://casa.mercadolibre.com.mx/MLM-2865212867-casa-en-venta-en-sanjuan-de-aragon-_JM,,
,False,Otro Inmueble,,,,,,https://departamento.mercadolibre.com.mx/MLM-2831486415-venta-departamentos-vallejo-t-df0236-0045-_JM,,
,False,Otro Inmueble,,,,,,https://casa.mercadolibre.com.mx/MLM-4633827972-venta-de-casa-con-5-departamentos-en-magdalena-de-las-salinas-_JM,,
,False,Otro Inmueble,,,,,,https://casa.mercadolibre.com.mx/MLM-5357408150-casa-en-venta-torres-lindavista-gustavo-a-madero-_JM,,
,False,Otro Inmueble,,,,,,https://casa.mercadolibre.com.mx/MLM-2798056915-casa-en-venta-colonia-providencia-_JM,,
,False,Otro Inmueble,,,,,,https://casa.mercadolibre.com.mx/MLM-2740193031-casa-en-venta-en-colonia-cuchilla-del-tesoro-gustavo-a-madero-ciudad-de-mexico-_JM,,
,False,Otro Inmueble,,,,,,https://terreno.mercadolibre.com.mx/MLM-5131852602-venta-de-terreno-casa-tipo-producto-3-departamentos-uso-mixto-_JM,,
,False,Otro Inmueble,,,,,,https://casa.mercadolibre.com.mx/MLM-5203835520-venta-casas-lindavista-norte-t-df0085-0610-_JM,,
,False,Otro Inmueble,,,,,,https://departamento.mercadolibre.com.mx/MLM-4627271258-departamento-48m2-de-2-recamaras-2-banos-planta-baja-en-aragon-la-villa-_JM,,
,False,Otro Inmueble,,,,,,https://departamento.mercadolibre.com.mx/MLM-5127539284-venta-departamentos-san-bartolo-atepehuacan-t-df0217-0104-_JM,,
,False,Otro Inmueble,,,,,,https://casa.mercadolibre.com.mx/MLM-2865083745-venta-casa-4-ambientes-zona-escolar-_JM,,
,False,Otro Inmueble,,,,,,https://casa.mercadolibre.com.mx/MLM-5357382918-casa-en-villa-de-aragon-gustavo-a-madero-_JM,,
,False,Otro Inmueble,,,,,,https://casa.mercadolibre.com.mx/MLM-4824317562-venta-casas-vallejo-t-df0236-0032-_JM,,
,False,Otro Inmueble,,,,,,https://terreno.mercadolibre.com.mx/MLM-4670351106-terreno-en-venta-colonia-la-candelaria-ticoman-en-gustavo-a-madero-_JM,,
,False,Otro Inmueble,,,,,,https://casa.mercadolibre.com.mx/MLM-2782080571-venta-casas-lindavista-sur-t-df0217-0080-_JM,,
,False,Otro Inmueble,,,,,,https://departamento.mercadolibre.com.mx/MLM-4789167488-venta-departamentos-ex-ejido-san-juan-de-aragon-sector-32-t-df0237-0015-_JM,,
,False,Otro Inmueble,,,,,,https://casa.mercadolibre.com.mx/MLM-5058128858-clinica-en-venta-colonia-lindavista-gustavo-a-madero-ciudad-de-mexico-_JM,,
,False,Otro Inmueble,,,,,,https://casa.mercadolibre.com.mx/MLM-5030537858-casa-en-venta-colonia-san-bartolo-atepehuacan-_JM,,
,False,Otro Inmueble,,,,,,https://inmueble.mercadolibre.com.mx/MLM-2470339465-excelente-propiedad-comercial-en-aragon-la-villa-_JM,,
,False,Otro Inmueble,,,,,,https://casa.mercadolibre.com.mx/MLM-5057996874-casa-en-venta-en-san-pedro-chico-gustavo-a-madero-cdmx-_JM,,
,False,Otro Inmueble,,,,,,https://casa.mercadolibre.com.mx/MLM-2785716767-venta-casas-vallejo-t-df0236-0039-_JM,,
,False,Otro Inmueble,,,,,,https://casa.mercadolibre.com.mx/MLM-5058188126-casa-en-venta-en-lindavista-gustavo-a-madero-cdmx-_JM,,
,False,Otro Inmueble,,,,,,https://departamento.mercadolibre.com.mx/MLM-5030570096-departamento-en-venta-colonia-guadalupe-tepeyac-_JM,,
,False,Otro Inmueble,,,,,,https://casa.mercadolibre.com.mx/MLM-5389439248-casa-en-venta-en-colonia-la-joya-gustavo-a-madero-_JM,,
,False,Otro Inmueble,,,,,,https://departamento.mercadolibre.com.mx/MLM-2782334415-departamento-en-martin-carrera-_JM,,
,False,Otro Inmueble,,,,,,https://casa.mercadolibre.com.mx/MLM-5262373686-casa-en-venta-cerca-de-ave-100-metros-cod-zv1396-_JM,,
,False,Otro Inmueble,,,,,,https://casa.mercadolibre.com.mx/MLM-4701169214-casa-en-venta-en-colonia-vallejo-gustavo-a-madero-ciudad-de-mexico-_JM,,
,False,Otro Inmueble,,,,,,https://casa.mercadolibre.com.mx/MLM-2740243075-venta-casas-san-juan-de-aragon-i-seccion-t-df0237-0013-_JM,,
,False,Otro Inmueble,,,,,,https://inmueble.mercadolibre.com.mx/MLM-4255604128-edificio-venta-gustavo-a-madero-santa-rosa-calle-14-a-cev539986-_JM,,
,False,Otro Inmueble,,,,,,https://departamento.mercadolibre.com.mx/MLM-2738846051-venta-departamentos-lindavista-norte-t-df0085-0596-_JM,,
,False,Otro Inmueble,,,,,,https://casa.mercadolibre.com.mx/MLM-2872549441-venta-casas-san-juan-de-aragon-iii-seccion-t-df0181-0234-_JM,,
,False,Otro Inmueble,,,,,,https://departamento.mercadolibre.com.mx/MLM-2801027275-venta-departamentos-granjas-modernas-t-df0234-0029-_JM,,
,False,Otro Inmueble,,,,,,https://departamento.mercadolibre.com.mx/MLM-5153919678-departamento-en-venta-en-lindavista-norte-gustavo-a-madero-ciudad-de-mexico-_JM,,
,False,Otro Inmueble,,,,,,https://departamento.mercadolibre.com.mx/MLM-5357408170-departamento-en-venta-siete-maravillas-gustavo-a-madero-_JM,,
,False,Otro Inmueble,,,,,,https://casa.mercadolibre.com.mx/MLM-5057854982-edificio-con-11-departamentos-en-venta-colonia-lindavista-gustavo-amadero-cdmx-_JM,,
,False,Otro Inmueble,,,,,,https://casa.mercadolibre.com.mx/MLM-5030451488-casa-en-venta-jorge-negrete-gustavo-a-madero-11119-_JM,,
,False,Otro Inmueble,,,,,,https://casa.mercadolibre.com.mx/MLM-5030481566-casa-en-venta-san-pedro-zacatenco-gam-ciudad-de-mexico-_JM,,
,False,Otro Inmueble,,,,,,https://terreno.mercadolibre.com.mx/MLM-5023273268-terreno-en-venta-en-san-pedro-zacatenco-gustavo-a-maderocdmx-_JM,,
,False,Otro Inmueble,,,,,,https://departamento.mercadolibre.com.mx/MLM-5216511730-venta-departamentos-san-juan-de-aragon-i-seccion-t-df0237-0009-_JM,,
,False,Otro Inmueble,,,,,,https://departamento.mercadolibre.com.mx/MLM-2874594613-departamento-en-venta-av-acueducto-de-guadalupe-511-santa-isabel-tola-_JM,,
,False,Otro Inmueble,,,,,,https://casa.mercadolibre.com.mx/MLM-2850325401-venta-casas-san-juan-de-aragon-vi-seccion-t-df0238-0044-_JM,,
,False,Otro Inmueble,,,,,,https://departamento.mercadolibre.com.mx/MLM-2742770449-venta-departamentos-tepeyac-insurgentes-t-df0215-0091-_JM,,
,False,Otro Inmueble,,,,,,https://casa.mercadolibre.com.mx/MLM-2740063131-casa-en-venta-en-colonia-cuchilla-del-tesoro-gustavo-a-madero-ciudad-de-mexico-_JM,,
,False,Otro Inmueble,,,,,,https://inmueble.mercadolibre.com.mx/MLM-2781899731-edificio-en-venta-en-estrella-gam-gustavo-a-madero-_JM,,
,False,Otro Inmueble,,,,,,https://inmueble.mercadolibre.com.mx/MLM-2413016227-bodega-750m2-zona-vallejo-_JM,,
,False,Otro Inmueble,,,,,,https://casa.mercadolibre.com.mx/MLM-2875576339-venta-casas-san-juan-de-aragon-i-seccion-t-df0227-0045-_JM,,
,False,Otro Inmueble,,,,,,https://departamento.mercadolibre.com.mx/MLM-2872701661-departamento-en-venta-en-lindavista-_JM,,
,False,Otro Inmueble,,,,,,https://casa.mercadolibre.com.mx/MLM-5030411210-casa-en-venta-en-esquina-san-jose-de-la-escalera-gustavo-a-madero-cdmx-_JM,,
,False,Otro Inmueble,,,,,,https://casa.mercadolibre.com.mx/MLM-2867492575-venta-casas-guadalupe-tepeyac-t-df0219-0098-_JM,,
,False,Otro Inmueble,,,,,,https://casa.mercadolibre.com.mx/MLM-2748820599-casa-en-venta-en-gustavo-a-madero-_JM,,
,False,Otro Inmueble,,,,,,https://casa.mercadolibre.com.mx/MLM-5338088034-venta-casas-guadalupe-insurgentes-t-df0024-0428-_JM,,
,False,Otro Inmueble,,,,,,https://inmueble.mercadolibre.com.mx/MLM-2872305943-edificio-en-leyes-de-reforma-3a-seccion-iztapalapa-ciudad-de-mexico-crb-902-ed-_JM,,
,False,Otro Inmueble,,,,,,https://casa.mercadolibre.com.mx/MLM-5165206228-venta-casas-san-juan-de-aragon-ii-seccion-t-df0227-0044-_JM,,
,False,Otro Inmueble,,,,,,https://casa.mercadolibre.com.mx/MLM-5100001724-venta-casas-san-juan-de-aragon-ii-seccion-t-df0227-0043-_JM,,
,False,Otro Inmueble,,,,,,https://inmueble.mercadolibre.com.mx/MLM-3959046582-bodega-750m2-zona-vallejo-_JM,,
,False,Otro Inmueble,,,,,,https://departamento.mercadolibre.com.mx/MLM-5338100142-venta-departamentos-industrial-t-df0024-0426-_JM,,
,False,Otro Inmueble,,,,,,https://casa.mercadolibre.com.mx/MLM-5058050752-casa-en-venta-colonia-la-joya-gustavo-a-madero-ciudad-de-mexico-_JM,,
,False,Otro Inmueble,,,,,,https://casa.mercadolibre.com.mx/MLM-2798110137-casa-en-venta-colonia-vallejo-_JM,,
,False,Otro Inmueble,,,,,,https://casa.mercadolibre.com.mx/MLM-2714293347-oro-puro-a-pasos-de-la-villa-propiedad-con-potencial-ilimitado-y-ubicacion-estrategica-_JM,,
,False,Otro Inmueble,,,,,,https://casa.mercadolibre.com.mx/MLM-4977935754-casa-con-uso-de-suelo-mixto-casa-y-oficinas-de-898m2-en-lindavista-gustavo-a-madero-ciudad-d-_JM,,
,False,Otro Inmueble,,,,,,https://inmueble.mercadolibre.com.mx/MLM-2798153511-bodega-en-venta-colonia-cuchilla-la-joya-_JM,,
,False,Otro Inmueble,,,,,,https://casa.mercadolibre.com.mx/MLM-2797445597-casa-en-venta-al-norte-de-la-ciudad-_JM,,
,False,Otro Inmueble,,,,,,https://departamento.mercadolibre.com.mx/MLM-2811109471-departamento-en-venta-en-aragon-la-villa-gustavo-a-madero-cdmx-_JM,,
,False,Otro Inmueble,,,,,,https://casa.mercadolibre.com.mx/MLM-2855872541-casa-en-venta-en-residencial-vallejo-gustavo-a-madero-cdmx-_JM,,
,False,Otro Inmueble,,,,,,https://inmueble.mercadolibre.com.mx/MLM-5228703658-edificio-476m2c-3-locales-col-casas-aleman-_JM,,
,False,Otro Inmueble,,,,,,https://casa.mercadolibre.com.mx/MLM-5378484792-casa-en-venta-en-san-pedro-zacatenco-_JM,,
,False,Otro Inmueble,,,,,,https://casa.mercadolibre.com.mx/MLM-5166616220-venta-casas-la-purisima-ticoman-t-df0213-0060-_JM,,
,False,Otro Inmueble,,,,,,https://departamento.mercadolibre.com.mx/MLM-2800604265-departamento-en-preventa-en-rio-consulado-san-juan-de-aragon-gustavo-a-madero-_JM,,
,False,Otro Inmueble,,,,,,https://casa.mercadolibre.com.mx/MLM-5291503868-venta-casas-lindavista-norte-t-df0085-0617-_JM,,
,False,Otro Inmueble,,,,,,https://casa.mercadolibre.com.mx/MLM-5204823770-bonita-casa-en-san-jeronimo-ham-793-cs-_JM,,
,False,Otro Inmueble,,,,,,https://casa.mercadolibre.com.mx/MLM-2831258317-venta-casas-san-juan-de-aragon-ii-seccion-t-df0227-0042-_JM,,
,False,Otro Inmueble,,,,,,https://departamento.mercadolibre.com.mx/MLM-2834069059-departamento-en-venta-la-escalera-gustavo-a-madero-_JM,,
,False,Otro Inmueble,,,,,,https://departamento.mercadolibre.com.mx/MLM-2913629569-activo-de-inversion-en-ubicacion-prime-5-departamentos-local-comercial-con-us-_JM,,
,False,Otro Inmueble,,,,,,https://inmueble.mercadolibre.com.mx/MLM-2760801437-edificio-en-venta-en-estrella-gam-gustavo-a-madero-_JM,,
,False,Otro Inmueble,,,,,,https://departamento.mercadolibre.com.mx/MLM-5022787828-departamento-en-venta-en-dm-nacional-san-juan-de-aragon-gran-canal-_JM,,
,False,Otro Inmueble,,,,,,https://departamento.mercadolibre.com.mx/MLM-2901718117-departamento-en-venta-el-arbolillo-croc-gustavo-a-madero-_JM,,
,False,Otro Inmueble,,,,,,https://casa.mercadolibre.com.mx/MLM-2911214331-casa-en-venta-en-cuautepec-barrio-alto-gustavo-a-madero-_JM,,
,False,Otro Inmueble,,,,,,https://departamento.mercadolibre.com.mx/MLM-2720563635-joyas-vallejo-metrobus-tenayuca-_JM,,
,False,Otro Inmueble,,,,,,https://casa.mercadolibre.com.mx/MLM-5339274476-casa-en-venta-en-lindavista-660968-_JM,,
,False,Otro Inmueble,,,,,,https://departamento.mercadolibre.com.mx/MLM-5030212546-departamento-en-venta-colonia-residencial-zacatenco-enkasa-vista-norte-_JM,,
,False,Otro Inmueble,,,,,,https://casa.mercadolibre.com.mx/MLM-2940734807-venta-casa-4-ambientes-lindavista-norte-_JM,,
,False,Otro Inmueble,,,,,,https://departamento.mercadolibre.com.mx/MLM-5030572072-departamento-en-venta-el-arbolillo-2-gustavo-a-madero-cdmex-_JM,,
,False,Otro Inmueble,,,,,,https://departamento.mercadolibre.com.mx/MLM-2917168473-departamento-en-venta-planta-baja-gustavo-a-madero-_JM,,
,False,Otro Inmueble,,,,,,https://casa.mercadolibre.com.mx/MLM-5204849316-casa-en-condominio-en-el-rincon-alvaro-obregon-ciudad-de-mexico-crb-1176-cd-_JM,,
,False,Otro Inmueble,,,,,,https://departamento.mercadolibre.com.mx/MLM-2714310737-propiedad-en-venta-confort-y-seguridad-en-joyas-vallejo-precio-especial-de-oportunidad-_JM,,
,False,Otro Inmueble,,,,,,https://casa.mercadolibre.com.mx/MLM-2824389363-venta-casas-lindavista-sur-t-df0217-0101-_JM,,
,False,Otro Inmueble,,,,,,https://inmueble.mercadolibre.com.mx/MLM-2872441655-edificio-en-leyes-de-reforma-3a-seccion-iztapalapa-ciudad-de-mexico-crb-902-ed-_JM,,
,False,Otro Inmueble,,,,,,https://inmueble.mercadolibre.com.mx/MLM-2738954891-venta-edificios-vallejo-t-df0219-0083-_JM,,
,False,Otro Inmueble,,,,,,https://inmueble.mercadolibre.com.mx/MLM-5058056268-edificio-en-venta-en-estrella-gam-gustavo-a-madero-_JM,,
,False,Otro Inmueble,,,,,,https://inmueble.mercadolibre.com.mx/MLM-5022783942-edificio-en-venta-en-estrella-gam-gustavo-a-madero-_JM,,
,False,Otro Inmueble,,,,,,https://casa.mercadolibre.com.mx/MLM-4755008634-casa-en-venta-en-san-bartolo-atepehuacan-_JM,,
,False,Otro Inmueble,,,,,,https://departamento.mercadolibre.com.mx/MLM-2939176663-departamento-en-venta-en-lindavista-norte-gustavo-a-madero-ciudad-de-mexico-_JM,,
,False,Otro Inmueble,,,,,,https://casa.mercadolibre.com.mx/MLM-5030586078-casa-en-venta-en-gustavo-a-madero-_JM,,
,False,Otro Inmueble,,,,,,https://casa.mercadolibre.com.mx/MLM-5257430206-casa-en-venta-en-gustavo-a-madero-_JM,,
,False,Otro Inmueble,,,,,,https://inmueble.mercadolibre.com.mx/MLM-2798096155-edificio-en-venta-en-estrella-gam-gustavo-a-madero-_JM,,
,False,Otro Inmueble,,,,,,https://casa.mercadolibre.com.mx/MLM-4756002878-venta-casa-6-ambientes-san-felipe-de-jesus-_JM,,
,False,Otro Inmueble,,,,,,https://inmueble.mercadolibre.com.mx/MLM-5140133872-bodega-750m2-zona-vallejo-_JM,,
,False,Otro Inmueble,,,,,,https://departamento.mercadolibre.com.mx/MLM-5376526932-san-felipe-de-jesus-3-recamaras-_JM,,
,False,Otro Inmueble,,,,,,https://casa.mercadolibre.com.mx/MLM-2901302289-casa-en-venta-en-calle-natal-esquina-con-montevideo-_JM,,
,False,Otro Inmueble,,,,,,https://inmueble.mercadolibre.com.mx/MLM-5058310064-edificio-con-uso-escolar-en-venta-de-1819m2-en-lindavista-gustavo-a-madero-ciudad-de-mexico-_JM,,
,False,Otro Inmueble,,,,,,https://casa.mercadolibre.com.mx/MLM-5204105464-venta-casas-acueducto-de-guadalupe-t-df0085-0611-_JM,,
,False,Otro Inmueble,,,,,,https://casa.mercadolibre.com.mx/MLM-5357496656-casa-en-venta-gabriel-hernandez-gustavo-a-madero-_JM,,
,False,Otro Inmueble,,,,,,https://casa.mercadolibre.com.mx/MLM-2937241919-casa-en-venta-la-joya-gustavo-a-madero-_JM,,
,False,Otro Inmueble,,,,,,https://inmueble.mercadolibre.com.mx/MLM-5243371202-edificio-habitacional-y-comercial-en-venta-_JM,,
,False,Otro Inmueble,,,,,,https://terreno.mercadolibre.com.mx/MLM-2765646459-terreno-en-venta-en-san-pedro-zacatenco-gustavo-a-maderocdmx-_JM,,
,False,Otro Inmueble,,,,,,https://casa.mercadolibre.com.mx/MLM-2919058787-venta-casas-san-juan-de-aragon-i-seccion-t-df0227-0047-_JM,,
,False,Otro Inmueble,,,,,,https://departamento.mercadolibre.com.mx/MLM-2834096543-departamento-en-venta-guadalupe-tepeyac-gustavo-a-madero-_JM,,
,False,Otro Inmueble,,,,,,https://casa.mercadolibre.com.mx/MLM-5057771492-venta-de-salon-de-eventos-con-restaurante-y-un-loft-_JM,,
,False,Otro Inmueble,,,,,,https://casa.mercadolibre.com.mx/MLM-2811186179-casa-en-venta-en-residencial-la-escalera-gustavo-a-madero-cdmx-_JM,,
,False,Otro Inmueble,,,,,,https://casa.mercadolibre.com.mx/MLM-5352863586-venta-casas-acueducto-de-guadalupe-t-df0085-0619-_JM,,
,False,Otro Inmueble,,,,,,https://casa.mercadolibre.com.mx/MLM-5058002512-casa-en-venta-en-martires-de-rio-blanco-gustavo-a-madero-cdmx-_JM,,
,False,Otro Inmueble,,,,,,https://departamento.mercadolibre.com.mx/MLM-5262348176-departamento-en-venta-ubicacion-gustavo-a-madero-cod-dv1202-_JM,,
,False,Otro Inmueble,,,,,,https://casa.mercadolibre.com.mx/MLM-5086387624-casa-en-venta-en-residencial-acueducto-de-guadalupe-gustavo-a-madero-cdmx-_JM,,
,False,Otro Inmueble,,,,,,https://departamento.mercadolibre.com.mx/MLM-2798123405-departamento-en-venta-colonia-san-bartolo-atepehuacan-_JM,,
,False,Otro Inmueble,,,,,,https://terreno.mercadolibre.com.mx/MLM-2901602625-venta-casa-granjas-modernas-ciudad-de-mexico-_JM,,
,False,Otro Inmueble,,,,,,https://departamento.mercadolibre.com.mx/MLM-5153546486-venta-de-departamento-_JM,,
,False,Otro Inmueble,,,,,,https://casa.mercadolibre.com.mx/MLM-5030565204-casa-de-productos-en-venta-colonia-tres-estrellas-_JM,,
,False,Otro Inmueble,,,,,,https://departamento.mercadolibre.com.mx/MLM-5029452966-se-vende-hermoso-departamento-ubicado-en-tercer-nivel-remodelado-_JM,,
,False,Otro Inmueble,,,,,,https://casa.mercadolibre.com.mx/MLM-5271958598-casa-en-venta-como-terreno-en-san-felipe-de-jesus-_JM,,
,False,Otro Inmueble,,,,,,https://inmueble.mercadolibre.com.mx/MLM-5029026438-bodega-en-venta-colonia-la-candelaria-ticoman-en-gustavo-a-madero-_JM,,
,False,Otro Inmueble,,,,,,https://departamento.mercadolibre.com.mx/MLM-2911341089-departamento-en-venta-en-residencial-zacatenco-gustavo-a-madero-cdmex-_JM,,
,False,Otro Inmueble,,,,,,https://departamento.mercadolibre.com.mx/MLM-2756053045-venta-departamento-2-ambientes-residencial-zacatenco-_JM,,
,False,Otro Inmueble,,,,,,https://casa.mercadolibre.com.mx/MLM-4990219650-casa-en-venta-en-residencial-la-escalera-gustavo-a-madero-cdmx-_JM,,
,False,Otro Inmueble,,,,,,https://departamento.mercadolibre.com.mx/MLM-5187539226-venta-departamentos-7-de-noviembre-t-df0219-0096-_JM,,
,False,Otro Inmueble,,,,,,https://inmueble.mercadolibre.com.mx/MLM-2785486429-local-con-bodega-en-venta-elevador-interno-3-niveles-_JM,,
,False,Otro Inmueble,,,,,,https://inmueble.mercadolibre.com.mx/MLM-2738915849-venta-edificios-guadalupe-tepeyac-t-df0219-0084-_JM,,
,False,Otro Inmueble,,,,,,https://departamento.mercadolibre.com.mx/MLM-2811217889-departamento-en-venta-colonia-nueva-vallejo-gustavo-a-madero-cdmx-_JM,,
,False,Otro Inmueble,,,,,,https://inmueble.mercadolibre.com.mx/MLM-5378446482-edificio-en-venta-guadalupe-tepeyac-_JM,,
,False,Otro Inmueble,,,,,,https://departamento.mercadolibre.com.mx/MLM-2855931119-departamento-en-venta-en-vallejo-gustavo-a-madero-ciudad-de-mexico-_JM,,
,False,Otro Inmueble,,,,,,https://departamento.mercadolibre.com.mx/MLM-2841853931-panorama-lindavista-_JM,,
,False,Otro Inmueble,,,,,,https://inmueble.mercadolibre.com.mx/MLM-2765679467-venta-edificios-industrial-t-df0219-0087-_JM,,
,False,Otro Inmueble,,,,,,https://departamento.mercadolibre.com.mx/MLM-5263949014-departamento-en-venta-ubicado-san-juan-de-aragon-iii-gustavo-a-madero-cdmx-_JM,,
,False,Otro Inmueble,,,,,,https://departamento.mercadolibre.com.mx/MLM-5179144778-venta-departamento-2-ambientes-santa-rosa-_JM,,
,False,Otro Inmueble,,,,,,https://casa.mercadolibre.com.mx/MLM-5204850984-casa-en-fraccionamiento-en-club-de-golf-mexico-tlalpan-ciudad-de-mexico-ims-1328-fr-_JM,,
,False,Otro Inmueble,,,,,,https://departamento.mercadolibre.com.mx/MLM-5309688794-venta-departamentos-industrial-t-df0215-0103-_JM,,
,False,Otro Inmueble,,,,,,https://inmueble.mercadolibre.com.mx/MLM-5022578432-venta-de-edificio-para-clinica-_JM,,
,False,Otro Inmueble,,,,,,https://casa.mercadolibre.com.mx/MLM-4473944872-se-vende-casa-con-restaurante-de-mariscos-y-departamento-en-col-faja-de-oro-gustavo-a-madero-_JM,,
,False,Otro Inmueble,,,,,,https://departamento.mercadolibre.com.mx/MLM-2745693235-departamento-en-venta-en-lindavista-gustavo-madero-jl-25-660-_JM,,
,False,Otro Inmueble,,,,,,https://inmueble.mercadolibre.com.mx/MLM-2691654883-edificio-habitacional-en-venta-panamericana-gustavo-a-madero-cdmx-_JM,,
,False,Otro Inmueble,,,,,,https://inmueble.mercadolibre.com.mx/MLM-2760683007-venta-de-edificio-para-clinica-_JM,,
,False,Otro Inmueble,,,,,,https://departamento.mercadolibre.com.mx/MLM-5264318106-departamento-en-venta-ubicado-vallejo-gustavo-a-madero-cdmx-_JM,,
,False,Otro Inmueble,,,,,,https://casa.mercadolibre.com.mx/MLM-2945983485-casa-en-venta-en-lindavista-sur-_JM,,
,False,Otro Inmueble,,,,,,https://casa.mercadolibre.com.mx/MLM-2753916801-casa-sola-en-venta-en-residencial-zacatenco-gustavo-a-madero-ciudad-de-mexico-_JM,,
,False,Otro Inmueble,,,,,,https://casa.mercadolibre.com.mx/MLM-5204814728-casa-sola-en-lomas-de-las-aguilas-alvaro-obregon-ciudad-de-mexico-task-9-cs-_JM,,
,False,Otro Inmueble,,,,,,https://departamento.mercadolibre.com.mx/MLM-2945581313-departamentos-nuevos-en-gam-preventa-con-gran-plusvalia-y-facilidades-de-pago-_JM,,
,False,Otro Inmueble,,,,,,https://inmueble.mercadolibre.com.mx/MLM-2794935583-se-vende-y-traspasa-con-mercancia-local-en-col-industrial-gam-cdmx-_JM,,
,False,Otro Inmueble,,,,,,https://departamento.mercadolibre.com.mx/MLM-2678832833--venta-departamento-luis-de-la-rosa-constitucion-de-la-republica-_JM,,
,False,Otro Inmueble,,,,,,https://casa.mercadolibre.com.mx/MLM-2945983253-casa-en-venta-coquimbo-lindavista-_JM,,
,False,Otro Inmueble,,,,,,https://departamento.mercadolibre.com.mx/MLM-4826755548-venta-departamentos-san-juan-de-aragon-iv-seccion-t-df0181-0221-_JM,,
,False,Otro Inmueble,,,,,,https://casa.mercadolibre.com.mx/MLM-4766313660-venta-casas-estrella-t-df0207-0097-_JM,,
,False,Otro Inmueble,,,,,,https://departamento.mercadolibre.com.mx/MLM-5204827702-departamento-en-bosques-de-las-lomas-cuajimalpa-de-morelos-ciudad-de-mexico-task-15-de-_JM,,
,False,Otro Inmueble,,,,,,https://inmueble.mercadolibre.com.mx/MLM-5030314814-venta-de-edificio-para-clinica-_JM,,
,False,Otro Inmueble,,,,,,https://casa.mercadolibre.com.mx/MLM-2557023961-casa-en-venta-en-santa-rosa-_JM,,
,False,Otro Inmueble,,,,,,https://departamento.mercadolibre.com.mx/MLM-2945238141-venta-departamentos-nueva-industrial-vallejo-t-df0257-0013-_JM,,
,False,Otro Inmueble,,,,,,https://departamento.mercadolibre.com.mx/MLM-2748319049-departamento-en-venta-en-panamericana-gustavo-a-madero-ciudad-de-mexico-_JM,,
,False,Otro Inmueble,,,,,,https://departamento.mercadolibre.com.mx/MLM-5153088856-departamento-en-venta-en-torres-lindavista-_JM,,
,False,Otro Inmueble,,,,,,https://inmueble.mercadolibre.com.mx/MLM-4255844034-bodega-venta-esq-congreso-de-la-union-oriente-171-ibv619535-_JM,,
,False,Otro Inmueble,,,,,,https://casa.mercadolibre.com.mx/MLM-5352890362-venta-casas-planetario-lindavista-t-df0217-0105-_JM,,
,False,Otro Inmueble,,,,,,https://casa.mercadolibre.com.mx/MLM-5204105474-venta-casas-residencial-zacatenco-t-df0085-0608-_JM,,
,False,Otro Inmueble,,,,,,https://departamento.mercadolibre.com.mx/MLM-2899153633-departamento-en-venta-ubicado-en-el-arbolillo-2-gustavo-a-madero-cdmx-_JM,,
,False,Otro Inmueble,,,,,,https://casa.mercadolibre.com.mx/MLM-2940610215-casa-con-3-recamaras-en-venta-de-115-m2-superficie-de-terreno-en-lindavista-norte-_JM,,
,False,Otro Inmueble,,,,,,https://casa.mercadolibre.com.mx/MLM-5326342068-casa-en-venta-en-zacatenco-gustavo-a-madero-_JM,,
,False,Otro Inmueble,,,,,,https://inmueble.mercadolibre.com.mx/MLM-5022809608-edificio-habitacional-en-venta-panamericana-gustavo-a-madero-cdmx-_JM,,
,False,Otro Inmueble,,,,,,https://departamento.mercadolibre.com.mx/MLM-5328321062-departamento-en-venta-en-lindavista-norte-gustavo-a-madero-ciudad-de-mexico-_JM,,
,False,Otro Inmueble,,,,,,https://departamento.mercadolibre.com.mx/MLM-2872474451-departamento-en-san-jose-insurgentes-benito-juarez-ciudad-de-mexico-ims-1303-de-_JM,,
,False,Otro Inmueble,,,,,,https://inmueble.mercadolibre.com.mx/MLM-4671663830-edificio-comercial-calzada-de-guadalupe-colonia-industrial-gustavo-a-madero-_JM,,
,False,Otro Inmueble,,,,,,https://casa.mercadolibre.com.mx/MLM-5030538234-casa-en-venta-jorge-negrete-gustavo-a-madero-cdmx-_JM,,
,False,Otro Inmueble,,,,,,https://departamento.mercadolibre.com.mx/MLM-2746291943-departamento-en-venta-en-gustavo-madero-lindavista-am-25-660-_JM,,
,False,Otro Inmueble,,,,,,https://departamento.mercadolibre.com.mx/MLM-4819202890-departamento-en-venta-en-gustavo-maderonueva-industrial-vallejo-af-24-4517-_JM,,
,False,Otro Inmueble,,,,,,https://inmueble.mercadolibre.com.mx/MLM-2794952693-edificio-comercial-calzada-de-guadalupe-colonia-industrial-gustavo-a-madero-_JM,,
,False,Otro Inmueble,,,,,,https://departamento.mercadolibre.com.mx/MLM-2921389331-departamento-en-venta-en-insurgentes-norte-magdalena-de-las-salinas-_JM,,
,False,Otro Inmueble,,,,,,https://departamento.mercadolibre.com.mx/MLM-2782089825-venta-departamentos-san-bartolo-atepehuacan-t-df0217-0086-_JM,,
,False,Otro Inmueble,,,,,,https://departamento.mercadolibre.com.mx/MLM-4824038116-departamento-en-venta-en-lindavista-norte-_JM,,
,False,Otro Inmueble,,,,,,https://terreno.mercadolibre.com.mx/MLM-2946106631-terreno-en-venta-en-industrial-vallejo-_JM,,
,False,Otro Inmueble,,,,,,https://inmueble.mercadolibre.com.mx/MLM-5324597450-edificio-1186c-3-deptos-1-local-col-nueva-atzacoalcos-_JM,,
,False,Otro Inmueble,,,,,,https://casa.mercadolibre.com.mx/MLM-2867693591-venta-casas-san-juan-de-aragon-i-seccion-t-df0237-0018-_JM,,
,False,Otro Inmueble,,,,,,https://departamento.mercadolibre.com.mx/MLM-4660911892-frente-a-mercado-gabriel-hernandez-_JM,,
,False,Otro Inmueble,,,,,,https://departamento.mercadolibre.com.mx/MLM-5326407350-venta-departamentos-vallejo-t-df0219-0101-_JM,,
,False,Otro Inmueble,,,,,,https://departamento.mercadolibre.com.mx/MLM-2855726337-departamento-en-venta-en-schumann-a-unas-cuadras-del-metro-la-raza-_JM,,
,False,Otro Inmueble,,,,,,https://departamento.mercadolibre.com.mx/MLM-5309650922-venta-departamentos-tepeyac-insurgentes-t-df0215-0102-_JM,,
,False,Otro Inmueble,,,,,,https://casa.mercadolibre.com.mx/MLM-5378483322-casa-en-venta-en-lindavista-norte-_JM,,
,False,Otro Inmueble,,,,,,https://inmueble.mercadolibre.com.mx/MLM-2781979265-edificio-habitacional-en-venta-panamericana-gustavo-a-madero-cdmx-_JM,,
,False,Otro Inmueble,,,,,,https://terreno.mercadolibre.com.mx/MLM-4672105298-terreno-en-venta-en-av-cuautepec-jorge-negrete-gustavo-a-madero-cdmx-_JM,,
,False,Otro Inmueble,,,,,,https://casa.mercadolibre.com.mx/MLM-4755993928-venta-casa-4-ambientes-lindavista-sur-_JM,,
,False,Otro Inmueble,,,,,,https://terreno.mercadolibre.com.mx/MLM-5378443780-terreno-en-venta-en-ampliacion-progreso-nacional-_JM,,
,False,Otro Inmueble,,,,,,https://departamento.mercadolibre.com.mx/MLM-2745718733-departamento-en-venta-en-lindavista-gustavo-madero-jl-25-661-_JM,,
,False,Otro Inmueble,,,,,,https://inmueble.mercadolibre.com.mx/MLM-2798118075-edificio-habitacional-en-venta-panamericana-gustavo-a-madero-cdmx-_JM,,
,False,Otro Inmueble,,,,,,https://terreno.mercadolibre.com.mx/MLM-2798152579-terreno-en-venta-en-san-pedro-zacatenco-gustavo-a-maderocdmx-_JM,,
,False,Otro Inmueble,,,,,,https://terreno.mercadolibre.com.mx/MLM-4991613670-terreno-en-venta-en-san-pedro-zacatenco-gustavo-a-maderocdmx-_JM,,
,False,Otro Inmueble,,,,,,https://inmueble.mercadolibre.com.mx/MLM-5058127154-edificio-habitacional-en-venta-panamericana-gustavo-a-madero-cdmx-_JM,,
,False,Otro Inmueble,,,,,,https://departamento.mercadolibre.com.mx/MLM-5309650946-venta-departamentos-industrial-t-df0215-0100-_JM,,
,False,Otro Inmueble,,,,,,https://casa.mercadolibre.com.mx/MLM-5325191398-venta-casas-estrella-t-df0207-0110-_JM,,
,False,Otro Inmueble,,,,,,https://departamento.mercadolibre.com.mx/MLM-2865186093-departamento-en-venta-lindavista-_JM,,
,False,Otro Inmueble,,,,,,https://casa.mercadolibre.com.mx/MLM-5218009446-casa-en-venta-en-san-juan-de-aragon-gam-_JM,,
,False,Otro Inmueble,,,,,,https://inmueble.mercadolibre.com.mx/MLM-5079548630-venta-edificios-siete-maravillas-t-df0213-0057-_JM,,
,False,Otro Inmueble,,,,,,https://departamento.mercadolibre.com.mx/MLM-2745511471-departamento-en-venta-en-lindavistagustavo-madero-jl-25-659-_JM,,
,False,Otro Inmueble,,,,,,https://casa.mercadolibre.com.mx/MLM-2945983795-casa-en-venta-en-estrella-_JM,,
,False,Otro Inmueble,,,,,,https://departamento.mercadolibre.com.mx/MLM-5352903000-venta-departamentos-san-bartolo-atepehuacan-t-df0217-0111-_JM,,
,False,Otro Inmueble,,,,,,https://departamento.mercadolibre.com.mx/MLM-2945579453-departamento-nuevo-en-complejo-residencial-de-lindavista-_JM,,
,False,Otro Inmueble,,,,,,https://casa.mercadolibre.com.mx/MLM-2821318405-venta-casas-torres-lindavista-t-df0213-0058-_JM,,
,False,Otro Inmueble,,,,,,https://inmueble.mercadolibre.com.mx/MLM-4676095078-edificio-en-venta-con-rentabilidad-inmediata-10-departamentos-_JM,,
,False,Otro Inmueble,,,,,,https://casa.mercadolibre.com.mx/MLM-5331600942-venta-de-casa-_JM,,
,False,Otro Inmueble,,,,,,https://casa.mercadolibre.com.mx/MLM-5264337024-casa-en-venta-_JM,,
,False,Otro Inmueble,,,,,,https://inmueble.mercadolibre.com.mx/MLM-2937316673-edificio-en-venta-gustavo-a-madero-col-ampliacion-san-juan-de-aragon-_JM,,
,False,Otro Inmueble,,,,,,https://terreno.mercadolibre.com.mx/MLM-4429961012-terreno-en-venta-gustavo-a-madero-_JM,,
,False,Otro Inmueble,,,,,,https://terreno.mercadolibre.com.mx/MLM-2794963313-terreno-en-venta-en-av-cuautepec-jorge-negrete-gustavo-a-madero-cdmx-_JM,,
,False,Otro Inmueble,,,,,,https://departamento.mercadolibre.com.mx/MLM-2913887259-departamento-en-venta-en-industrial-gustavo-a-madero-cdmx-_JM,,
,False,Otro Inmueble,,,,,,https://terreno.mercadolibre.com.mx/MLM-5290494834-venta-terreno-uso-mixto-nueva-vallejo-gam-_JM,,
,False,Otro Inmueble,,,,,,https://departamento.mercadolibre.com.mx/MLM-2850472015-departamento-en-venta-en-residencial-zacatenco-_JM,,
,False,Otro Inmueble,,,,,,https://departamento.mercadolibre.com.mx/MLM-4873946886-departamentos-en-venta-oniquina-col-tres-estrellas-gustavo-a-madero-_JM,,
,False,Otro Inmueble,,,,,,https://departamento.mercadolibre.com.mx/MLM-2848241869-venta-departamentos-vallejo-t-df0236-0046-_JM,,
,False,Otro Inmueble,,,,,,https://departamento.mercadolibre.com.mx/MLM-2872475067-departamento-en-pedregal-de-carrasco-coyoacan-ciudad-de-mexico-ims-1324-de-_JM,,
,False,Otro Inmueble,,,,,,https://departamento.mercadolibre.com.mx/MLM-2865330921-venta-departamentos-guadalupe-tepeyac-t-df0219-0095-_JM,,
,False,Otro Inmueble,,,,,,https://departamento.mercadolibre.com.mx/MLM-5058217478-departamento-en-venta-listo-para-habitar-en-eduardo-molina-2-recs-60m-_JM,,
,False,Otro Inmueble,,,,,,https://casa.mercadolibre.com.mx/MLM-5325408520-venta-casas-aragon-la-villa-t-df0207-0109-_JM,,
,False,Otro Inmueble,,,,,,https://casa.mercadolibre.com.mx/MLM-2872487249-casa-en-condominio-en-san-angel-alvaro-obregon-ciudad-de-mexico-ims-1319-cd-_JM,,
,False,Otro Inmueble,,,,,,https://inmueble.mercadolibre.com.mx/MLM-5331517696-edificio-comercial-en-venta-calzada-vallejo-1660-_JM,,
,False,Otro Inmueble,,,,,,https://inmueble.mercadolibre.com.mx/MLM-2926204241-edificio-comercial-en-venta-calzada-vallejo-1660-_JM,,
,False,Otro Inmueble,,,,,,https://departamento.mercadolibre.com.mx/MLM-5352886342-venta-departamentos-lindavista-norte-t-df0085-0618-_JM,,
,False,Otro Inmueble,,,,,,https://casa.mercadolibre.com.mx/MLM-5173546484-venta-casa-6-ambientes-martires-de-rio-blanco-_JM,,
,False,Otro Inmueble,,,,,,https://terreno.mercadolibre.com.mx/MLM-2798100967-terreno-en-venta-en-av-cuautepec-jorge-negrete-gustavo-a-madero-cdmx-_JM,,
,False,Otro Inmueble,,,,,,https://casa.mercadolibre.com.mx/MLM-5218007320-casa-en-venta-en-san-juan-de-aragon-_JM,,
,False,Otro Inmueble,,,,,,https://departamento.mercadolibre.com.mx/MLM-5186917264-departamento-en-venta-lindavista-_JM,,
,False,Otro Inmueble,,,,,,https://inmueble.mercadolibre.com.mx/MLM-4721093810-local-en-venta-en-linda-vista-_JM,,
,False,Otro Inmueble,,,,,,https://casa.mercadolibre.com.mx/MLM-2901614891-venta-casa-granjas-modernas-ciudad-de-mexico-_JM,,
,False,Otro Inmueble,,,,,,https://terreno.mercadolibre.com.mx/MLM-2787631221-venta-terrenos-lindavista-sur-t-df0217-0082-_JM,,
,False,Otro Inmueble,,,,,,https://terreno.mercadolibre.com.mx/MLM-4633840912-terreno-en-insurgentes-norte-lindavista-uso-de-suelo-hm635z-_JM,,
,False,Otro Inmueble,,,,,,https://casa.mercadolibre.com.mx/MLM-4755963048-venta-casa-4-ambientes-vallejo-_JM,,
,False,Otro Inmueble,,,,,,https://departamento.mercadolibre.com.mx/MLM-2821264089-venta-departamentos-la-purisima-ticoman-t-df0213-0052-_JM,,
,False,Otro Inmueble,,,,,,https://departamento.mercadolibre.com.mx/MLM-2848186047-departamento-sky-towers-linda-vista-_JM,,
,False,Otro Inmueble,,,,,,https://departamento.mercadolibre.com.mx/MLM-4660499692-frente-a-mercado-gabriel-hernandez-_JM,,
,False,Otro Inmueble,,,,,,https://inmueble.mercadolibre.com.mx/MLM-2763274593-venta-edificios-vallejo-t-df0236-0031-_JM,,
,False,Otro Inmueble,,,,,,https://departamento.mercadolibre.com.mx/MLM-5042312264-venta-departamentos-lindavista-sur-t-df0217-0098-_JM,,
,False,Otro Inmueble,,,,,,https://casa.mercadolibre.com.mx/MLM-2850522473-casa-en-venta-lindavista-vallejo-i-seccion-gustavo-a-madero-_JM,,
,False,Otro Inmueble,,,,,,https://inmueble.mercadolibre.com.mx/MLM-2794951055-edificio-en-venta-tres-estrellas-gustavo-a-madero-cdmx-_JM,,
,False,Otro Inmueble,,,,,,https://inmueble.mercadolibre.com.mx/MLM-4671727920-edificio-en-venta-tres-estrellas-gustavo-a-madero-cdmx-_JM,,
,False,Otro Inmueble,,,,,,https://departamento.mercadolibre.com.mx/MLM-2945984301-departamento-en-pre-venta-en-colonia-tres-estrellas-en-gustavo-a-madero-_JM,,
,False,Otro Inmueble,,,,,,https://inmueble.mercadolibre.com.mx/MLM-2834229475-venta-local-comercial-4-ambientes-villa-gustavo-a-madero-_JM,,
,False,Otro Inmueble,,,,,,https://terreno.mercadolibre.com.mx/MLM-2747172513-terreno-en-vneta-martin-carrera-gustavo-a-madero-_JM,,
,False,Otro Inmueble,,,,,,https://inmueble.mercadolibre.com.mx/MLM-2945604629-edificio-en-venta-con-rentabilidad-inmediata-10-departamentos-_JM,,
,False,Otro Inmueble,,,,,,https://inmueble.mercadolibre.com.mx/MLM-5297350598-edificio-comercial-en-venta-calzada-vallejo-1660-_JM,,
,False,Otro Inmueble,,,,,,https://terreno.mercadolibre.com.mx/MLM-5378484204-terreno-en-venta-av-cuitlahuac-gustavo-a-madero-_JM,,
,False,Otro Inmueble,,,,,,https://inmueble.mercadolibre.com.mx/MLM-5297350486-edificio-comercial-en-venta-calzada-vallejo-1660-_JM,,
,False,Otro Inmueble,,,,,,https://inmueble.mercadolibre.com.mx/MLM-5297350582-edificio-comercial-en-venta-calzada-vallejo-1660-_JM,,
,False,Otro Inmueble,,,,,,https://inmueble.mercadolibre.com.mx/MLM-2911611155-edificio-comercial-en-venta-calzada-vallejo-1660-_JM,,
,False,Otro Inmueble,,,,,,https://departamento.mercadolibre.com.mx/MLM-2926397383-departamento-en-venta-planta-baja-en-privada-1-recamara-guadalupe-tepeyac-gustavo-a-madero-cdmx-_JM,,
,False,Otro Inmueble,,,,,,https://casa.mercadolibre.com.mx/MLM-2839083001-venta-casas-san-juan-de-aragon-vi-seccion-t-df0238-0039-_JM,,
,False,Otro Inmueble,,,,,,https://inmueble.mercadolibre.com.mx/MLM-4990459184-local-en-venta-en-vallejo-gustavo-a-madero-cdmx-_JM,,
,False,Otro Inmueble,,,,,,https://departamento.mercadolibre.com.mx/MLM-5086096378-venta-departamentos-lindavista-sur-t-df0217-0100-_JM,,
,False,Otro Inmueble,,,,,,https://departamento.mercadolibre.com.mx/MLM-5147853928-venta-departamento-2-ambientes-industrial-_JM,,
,False,Otro Inmueble,,,,,,https://inmueble.mercadolibre.com.mx/MLM-5347080730-venta-de-edificio-en-martires-de-rio-blanco-gustavo-a-madero-_JM,,
,False,Otro Inmueble,,,,,,https://inmueble.mercadolibre.com.mx/MLM-4754184080-venta-edificio-10-ambientes-constitucion-de-la-republica-_JM,,
,False,Otro Inmueble,,,,,,https://casa.mercadolibre.com.mx/MLM-2935152663-casa-con-uso-de-suelo-mixto-en-el-corazon-de-lindavista-_JM,,
,False,Otro Inmueble,,,,,,https://inmueble.mercadolibre.com.mx/MLM-2691667825-bodega-con-casa-en-venta-en-ticoman-gustavo-a-madero-_JM,,
,False,Otro Inmueble,,,,,,https://casa.mercadolibre.com.mx/MLM-5030318192-venta-de-casa-en-palmatitla-gustavo-a-madero-cdmx-_JM,,
,False,Otro Inmueble,,,,,,https://inmueble.mercadolibre.com.mx/MLM-2782080589-venta-edificios-lindavista-sur-t-df0217-0079-_JM,,
,False,Otro Inmueble,,,,,,https://departamento.mercadolibre.com.mx/MLM-5188520022-venta-departamentos-7-de-noviembre-t-df0219-0097-_JM,,
,False,Otro Inmueble,,,,,,https://departamento.mercadolibre.com.mx/MLM-4785637274-departamento-moderno-en-vida-victoria-amenidades-premium-_JM,,
,False,Otro Inmueble,,,,,,https://casa.mercadolibre.com.mx/MLM-5237255072-casa-gustavo-a-madero-_JM,,
,False,Otro Inmueble,,,,,,https://inmueble.mercadolibre.com.mx/MLM-5248680244-venta-bodega-2-ambientes-santa-isabel-tola-_JM,,
,False,Otro Inmueble,,,,,,https://departamento.mercadolibre.com.mx/MLM-5205809252-departamento-en-venta-en-colonia-vallejo-_JM,,
,False,Otro Inmueble,,,,,,https://inmueble.mercadolibre.com.mx/MLM-2794967795-local-en-venta-en-vallejo-gustavo-a-madero-cdmx-_JM,,
,False,Otro Inmueble,,,,,,https://inmueble.mercadolibre.com.mx/MLM-5058134970-local-en-venta-en-vallejo-gustavo-a-madero-cdmx-_JM,,
,False,Otro Inmueble,,,,,,https://departamento.mercadolibre.com.mx/MLM-2945624917-departamento-en-venta-en-san-juan-de-aragon-_JM,,
,False,Otro Inmueble,,,,,,https://inmueble.mercadolibre.com.mx/MLM-4941501720-local-en-venta-en-vallejo-gustavo-a-madero-cdmx-_JM,,
,False,Otro Inmueble,,,,,,https://inmueble.mercadolibre.com.mx/MLM-5030573996-local-en-venta-en-vallejo-gustavo-a-madero-cdmx-_JM,,
,False,Otro Inmueble,,,,,,https://inmueble.mercadolibre.com.mx/MLM-2945581813-bodega-con-casa-en-venta-en-ticoman-gustavo-a-madero-_JM,,
,False,Otro Inmueble,,,,,,https://casa.mercadolibre.com.mx/MLM-3777186248-casa-en-guadalupe-tepeyac-_JM,,
,False,Otro Inmueble,,,,,,https://departamento.mercadolibre.com.mx/MLM-2945582839-departamento-moderno-en-vida-victoria-amenidades-premium-_JM,,
,False,Otro Inmueble,,,,,,https://terreno.mercadolibre.com.mx/MLM-2520196465-terreno-en-venta-sobre-eduardo-molina-_JM,,
,False,Otro Inmueble,,,,,,https://departamento.mercadolibre.com.mx/MLM-4996658938-venta-departamentos-dm-nacional-t-df0234-0043-_JM,,
,False,Otro Inmueble,,,,,,https://casa.mercadolibre.com.mx/MLM-2943470091-casadepartamentolocal-en-venta-en-zona-estrategica-_JM,,
,False,Otro Inmueble,,,,,,https://casa.mercadolibre.com.mx/MLM-4837465136-venta-casas-granjas-modernas-t-df0234-0038-_JM,,
,False,Otro Inmueble,,,,,,https://casa.mercadolibre.com.mx/MLM-4766329690-casa-producto-con-4-departamentos-excelente-ubicacion-en-cdmx-_JM,,
,False,Otro Inmueble,,,,,,https://inmueble.mercadolibre.com.mx/MLM-4996720278-venta-edificios-aragon-inguaran-t-df0234-0031-_JM,,
,False,Otro Inmueble,,,,,,https://departamento.mercadolibre.com.mx/MLM-2811229953-departamento-en-venta-en-vasco-de-quiroga-gustavo-a-madero-cdmx-_JM,,
,False,Otro Inmueble,,,,,,https://terreno.mercadolibre.com.mx/MLM-5058267966-excelente-terreno-en-venta-con-construccion-poligono-con-doble-acceso-_JM,,
,False,Otro Inmueble,,,,,,https://departamento.mercadolibre.com.mx/MLM-4973709406-departamento-en-venta-en-vallejo-se-acepta-credito-infonavit-credito-bancario-y-efectivo-informes-55-8642-76048-_JM,,
,False,Otro Inmueble,,,,,,https://departamento.mercadolibre.com.mx/MLM-2705311339-venta-departamentos-estrella-t-df0207-0061-_JM,,
,False,Otro Inmueble,,,,,,https://terreno.mercadolibre.com.mx/MLM-2443431957-venta-terreno-en-mendelssohn-vallejo-_JM,,
,False,Otro Inmueble,,,,,,https://casa.mercadolibre.com.mx/MLM-2878123935-casa-en-venta-colonia-acueducto-de-guadalupe-_JM,,
,False,Otro Inmueble,,,,,,https://departamento.mercadolibre.com.mx/MLM-5178859272-departamento-en-venta-en-san-juan-de-aragon-en-la-gam-_JM,,
,False,Otro Inmueble,,,,,,https://casa.mercadolibre.com.mx/MLM-2907742761-casa-en-venta-colonia-panamericana-gustavo-a-madero-_JM,,
,False,Otro Inmueble,,,,,,https://departamento.mercadolibre.com.mx/MLM-4772697370-departamento-en-venta-en-zacatenco-gustavo-a-madero-_JM,,
,False,Otro Inmueble,,,,,,https://casa.mercadolibre.com.mx/MLM-4996720208-venta-casas-granjas-modernas-t-df0234-0042-_JM,,
,False,Otro Inmueble,,,,,,https://departamento.mercadolibre.com.mx/MLM-5376519326-departamentos-con-estacionamiento-en-preventa-gam-_JM,,
,False,Otro Inmueble,,,,,,https://departamento.mercadolibre.com.mx/MLM-5291772278-venta-departamentos-la-purisima-ticoman-t-df0213-0061-_JM,,
,False,Otro Inmueble,,,,,,https://departamento.mercadolibre.com.mx/MLM-5332135996-venta-departamentos-pradera-ii-seccion-t-df0238-0050-_JM,,
,False,Otro Inmueble,,,,,,https://terreno.mercadolibre.com.mx/MLM-2757168795-venta-terreno-0-ambiente-nueva-tenochtitlan-_JM,,
,False,Otro Inmueble,,,,,,https://departamento.mercadolibre.com.mx/MLM-2798265229-preventa-departamentos-50m2-metro-martin-carrera-_JM,,
,False,Otro Inmueble,,,,,,https://departamento.mercadolibre.com.mx/MLM-2917167637-venta-departamentos-nueva-industrial-vallejo-t-df0257-0015-_JM,,
,False,Otro Inmueble,,,,,,https://terreno.mercadolibre.com.mx/MLM-5107684386-venta-terreno-0-ambiente-7-de-noviembre-_JM,,
,False,Otro Inmueble,,,,,,https://casa.mercadolibre.com.mx/MLM-5315089176-venta-casas-san-juan-de-aragon-i-seccion-t-df0237-0021-_JM,,
,False,Otro Inmueble,,,,,,https://inmueble.mercadolibre.com.mx/MLM-5251775826-venta-local-comercial-0-ambiente-san-pedro-zacatenco-_JM,,
,False,Otro Inmueble,,,,,,https://departamento.mercadolibre.com.mx/MLM-2733697065-venta-departamento-2-ambientes-aragon-la-villa-_JM,,
,False,Otro Inmueble,,,,,,https://terreno.mercadolibre.com.mx/MLM-4755898692-venta-terreno-2-ambientes-san-bartolo-atepehuacan-_JM,,
,False,Otro Inmueble,,,,,,https://departamento.mercadolibre.com.mx/MLM-5199990162-venta-departamentos-7-de-noviembre-t-df0219-0100-_JM,,
,False,Otro Inmueble,,,,,,https://casa.mercadolibre.com.mx/MLM-5057729846-casa-en-venta-en-ampl-gabriel-hernandez-gustavo-a-madero-_JM,,
,False,Otro Inmueble,,,,,,https://casa.mercadolibre.com.mx/MLM-5030316886-casa-en-venta-en-campestre-aragon-gustavo-a-madero-cdmx-_JM,,
,False,Otro Inmueble,,,,,,https://departamento.mercadolibre.com.mx/MLM-2897293329-departamento-enfrente-del-politecnico-nal-_JM,,
,False,Otro Inmueble,,,,,,https://inmueble.mercadolibre.com.mx/MLM-5178978840-bodega-en-venta-en-colonia-santa-isabel-tola-alcaldia-gustavo-a-madero-cdmx-_JM,,
,False,Otro Inmueble,,,,,,https://terreno.mercadolibre.com.mx/MLM-5378484702-terreno-en-venta-en-nueva-atzacoalco-_JM,,
,False,Otro Inmueble,,,,,,https://casa.mercadolibre.com.mx/MLM-2723936365-venta-casas-industrial-t-df0215-0090-_JM,,
,False,Otro Inmueble,,,,,,https://terreno.mercadolibre.com.mx/MLM-2522528479-terreno-comercial-venta-en-colonia-industrial-misterios-ctv634581-_JM,,
,False,Otro Inmueble,,,,,,https://inmueble.mercadolibre.com.mx/MLM-2686977497-venta-locales-comerciales-guadalupe-tepeyac-t-df0219-0079-_JM,,
,False,Otro Inmueble,,,,,,https://terreno.mercadolibre.com.mx/MLM-2687171755-venta-terrenos-7-de-noviembre-t-df0219-0075-_JM,,
,False,Otro Inmueble,,,,,,https://inmueble.mercadolibre.com.mx/MLM-4694062574-venta-locales-comerciales-vallejo-t-df0236-0016-_JM,,
,False,Otro Inmueble,,,,,,https://terreno.mercadolibre.com.mx/MLM-4693611362-venta-terrenos-vallejo-t-df0236-0022-_JM,,
,False,Otro Inmueble,,,,,,https://terreno.mercadolibre.com.mx/MLM-2856966711-terreno-habitacional-en-venta-en-vallejo-gustavo-a-madero-ciudad-de-mexico-_JM,,
,False,Otro Inmueble,,,,,,https://departamento.mercadolibre.com.mx/MLM-5186792292-departamento-en-venta-lindavista-_JM,,
,False,Otro Inmueble,,,,,,https://terreno.mercadolibre.com.mx/MLM-5228285520-venta-terreno-0-ambiente-nueva-industrial-vallejo-_JM,,
,False,Otro Inmueble,,,,,,https://terreno.mercadolibre.com.mx/MLM-5376472050-se-vende-terreno-excelente-lugar-estrategico-para-negocio-_JM,,
,False,Otro Inmueble,,,,,,https://casa.mercadolibre.com.mx/MLM-2833997889-venta-casas-lindavista-sur-t-df0217-0103-_JM,,
,False,Otro Inmueble,,,,,,https://inmueble.mercadolibre.com.mx/MLM-2742823419-local-en-venta-en-colonia-vallejo-ciudad-de-mexico-_JM,,
,False,Otro Inmueble,,,,,,https://casa.mercadolibre.com.mx/MLM-2834109153-terreno-en-venta-san-jose-ticoman-gustavo-a-madero-_JM,,
,False,Otro Inmueble,,,,,,https://departamento.mercadolibre.com.mx/MLM-2865157803-departamento-en-venta-lindavista-_JM,,
,False,Otro Inmueble,,,,,,https://terreno.mercadolibre.com.mx/MLM-5376953126-se-vende-terreno-excelente-lugar-estrategico-para-negocio-_JM,,
,False,Otro Inmueble,,,,,,https://departamento.mercadolibre.com.mx/MLM-5187034478-departamento-en-venta-lindavista-_JM,,
,False,Otro Inmueble,,,,,,https://terreno.mercadolibre.com.mx/MLM-2943084009-terreno-en-venta-en-colonia-santa-isabel-tola-alcaldia-gustavo-a-madero-cdmx-_JM,,
,False,Otro Inmueble,,,,,,https://terreno.mercadolibre.com.mx/MLM-2946107489-terreno-en-venta-en-guadalupe-victoria-_JM,,
,False,Otro Inmueble,,,,,,https://terreno.mercadolibre.com.mx/MLM-5185220418-terreno-con-proyecto-arquitectonico-ubicado-en-la-ciudad-de-mexico-_JM,,
,False,Otro Inmueble,,,,,,https://inmueble.mercadolibre.com.mx/MLM-5186855228-terreno-con-proyecto-arquitectonico-ubicado-en-la-ciudad-de-mexico-_JM,,
,False,Otro Inmueble,,,,,,https://terreno.mercadolibre.com.mx/MLM-2909328337-terreno-con-proyecto-arquitectonico-ubicado-en-la-ciudad-de-mexico-_JM,,
,False,Otro Inmueble,,,,,,https://departamento.mercadolibre.com.mx/MLM-5107293202-venta-de-departamento-en-lindavista-_JM,,
,False,Otro Inmueble,,,,,,https://terreno.mercadolibre.com.mx/MLM-4100184514-terreno-en-venta-en-av-rio-consulado-colonia-7-de-noviembre-_JM,,
,False,Otro Inmueble,,,,,,https://inmueble.mercadolibre.com.mx/MLM-5030339494-bodega-en-venta-martin-carrera-gustavo-a-madero-cdmx-_JM,,
,False,Otro Inmueble,,,,,,https://inmueble.mercadolibre.com.mx/MLM-5022682060-bodega-en-venta-martin-carrera-gustavo-a-madero-cdmx-_JM,,
,False,Otro Inmueble,,,,,,https://terreno.mercadolibre.com.mx/MLM-5378484780-venta-de-terreno-gustavo-a-madero-_JM,,
,False,Otro Inmueble,,,,,,https://inmueble.mercadolibre.com.mx/MLM-2760658667-bodega-en-venta-martin-carrera-gustavo-a-madero-cdmx-_JM,,
,False,Otro Inmueble,,,,,,https://terreno.mercadolibre.com.mx/MLM-4846799200-venta-de-terreno-en-lindavista-_JM,,
,False,Otro Inmueble,,,,,,https://casa.mercadolibre.com.mx/MLM-5402568226-casa-en-venta-cerca-del-aeropuerto-_JM,,
,False,Otro Inmueble,,,,,,https://casa.mercadolibre.com.mx/MLM-5393023198-vendo-casa-en-la-gustavo-a-madero-_JM,,
,False,Otro Inmueble,,,,,,https://departamento.mercadolibre.com.mx/MLM-2608213945-lindavista-vallejo-departamento-venta-gustavo-madero-cdmx-_JM,,
,False,Otro Inmueble,,,,,,https://departamento.mercadolibre.com.mx/MLM-2608165151-unidad-la-patera-departamento-venta-gustavo-a-madero-cdmx-_JM,,
,False,Otro Inmueble,,,,,,https://departamento.mercadolibre.com.mx/MLM-5395539840-industrial-vallejo-departamento-venta-gam-cdmx-_JM,,
,False,Otro Inmueble,,,,,,https://casa.mercadolibre.com.mx/MLM-5395492194-la-pradera-casa-venta-gustavo-a-madero-cdmx-_JM,,
,False,Otro Inmueble,,,,,,https://departamento.mercadolibre.com.mx/MLM-4835618958-venta-departamento-_JM,,
,False,Otro Inmueble,,,,,,https://casa.mercadolibre.com.mx/MLM-5395503686-ampliacion-providencia-casa-venta-gustavo-madero-cdmx-_JM,,
,False,Otro Inmueble,,,,,,https://casa.mercadolibre.com.mx/MLM-2894635981-casa-en-san-juan-de-aragon-iii-seccion-gustavo-a-madero-con-6-recamaras-224-m-id-161784-_JM,,
,False,Otro Inmueble,,,,,,https://departamento.mercadolibre.com.mx/MLM-2779182383-el-arbolillo-iii-croc-departamento-venta-gustavo-a-madero-cdmx-_JM,,
,False,Otro Inmueble,,,,,,https://casa.mercadolibre.com.mx/MLM-2940756749-amplia-casa-familiar-lindavista-_JM,,
,False,Otro Inmueble,,,,,,https://casa.mercadolibre.com.mx/MLM-2940756453-casa-lindavista-5-recamaras-_JM,,
,False,Otro Inmueble,,,,,,https://departamento.mercadolibre.com.mx/MLM-2940747855-departamento-en-venta-tel5636024140-_JM,,
,False,Otro Inmueble,,,,,,https://terreno.mercadolibre.com.mx/MLM-3770638440-santa-maria-ticoman-terreno-venta-gustavo-madero-cdmx-_JM,,
,False,Otro Inmueble,,,,,,https://casa.mercadolibre.com.mx/MLM-5395540186-santiago-atepetlac-casa-residencial-venta-gustavo-a-madero-cdmx-_JM,,
,False,Otro Inmueble,,,,,,https://casa.mercadolibre.com.mx/MLM-4476289040-zona-escolar-gustavo-a-madero-cdmx-casa-en-venta-_JM,,
,False,Otro Inmueble,,,,,,https://departamento.mercadolibre.com.mx/MLM-5395492056-santiago-atepetlac-departamento-en-venta-gustavo-a-madero-cdmx-_JM,,
,False,Otro Inmueble,,,,,,https://casa.mercadolibre.com.mx/MLM-4587954592-lindavista-casa-venta-gustavo-madero-cdmx-_JM,,
,False,Otro Inmueble,,,,,,https://casa.mercadolibre.com.mx/MLM-4632991256-la-providencia-gustavo-a-madero-cdmx-casa-en-venta-_JM,,
,False,Otro Inmueble,,,,,,https://departamento.mercadolibre.com.mx/MLM-2608429395-granjas-modernas-departamento-venta-gustavo-madero-cdmx-_JM,,
,False,Otro Inmueble,,,,,,https://casa.mercadolibre.com.mx/MLM-2845865615-casa-en-venta-en-colonia-lindavista-norte-gustavo-a-madero-ciudad-de-mexico-_JM,,
,False,Otro Inmueble,,,,,,https://departamento.mercadolibre.com.mx/MLM-4837300266-departamento-en-venta-en-colonia-lindavista-norte-gustavo-a-madero-ciudad-de-mexico-_JM,,
,False,Otro Inmueble,,,,,,https://casa.mercadolibre.com.mx/MLM-2782249757-casa-en-venta-en-colonia-planetario-lindavista-gustavo-a-madero-ciudad-de-mexico-_JM,,
,False,Otro Inmueble,,,,,,https://departamento.mercadolibre.com.mx/MLM-4640970576-santiago-atepetlac-departamento-en-venta-gustavo-a-madero-cdmx-_JM,,
,False,Otro Inmueble,,,,,,https://casa.mercadolibre.com.mx/MLM-2740013967-casa-en-venta-en-colonia-torres-lindavista-gustavo-a-madero-ciudad-de-mexico-_JM,,
,False,Otro Inmueble,,,,,,https://departamento.mercadolibre.com.mx/MLM-2756606335-departamento-en-venta-en-lindavista-norte-_JM,,
,False,Otro Inmueble,,,,,,https://departamento.mercadolibre.com.mx/MLM-5030635980-departamento-en-venta-en-eduardo-molina-gustavo-a-madero-cdmx-_JM,,
,False,Otro Inmueble,,,,,,https://casa.mercadolibre.com.mx/MLM-5395527760-guadalupe-proletaria-casa-venta-gustavo-a-madero-cdmx-_JM,,
,False,Otro Inmueble,,,,,,https://casa.mercadolibre.com.mx/MLM-5395527932-ampliacion-guadalupe-proletaria-casa-venta-gustavo-madero-cdmx-_JM,,
,False,Otro Inmueble,,,,,,https://inmueble.mercadolibre.com.mx/MLM-3770482728-heroes-de-nacozari-edificio-venta-gustavo-a-madero-cdmx-_JM,,
,False,Otro Inmueble,,,,,,https://casa.mercadolibre.com.mx/MLM-2867471051-casa-con-local-comercial-y-potencial-de-desarrollo-230-m-tepeyac-insurgentes-_JM,,
,False,Otro Inmueble,,,,,,https://casa.mercadolibre.com.mx/MLM-2608238259-acueducto-de-guadalupe-casa-venta-gustavo-a-madero-cdmx-_JM,,
,False,Otro Inmueble,,,,,,https://departamento.mercadolibre.com.mx/MLM-5395492682-el-arbolillo-iii-croc-departamento-venta-gustavo-a-madero-cdmx-_JM,,
,False,Otro Inmueble,,,,,,https://inmueble.mercadolibre.com.mx/MLM-3770533226-constitucion-de-la-republica-edificio-en-venta-gustavo-a-madero-cdmx-_JM,,
,False,Otro Inmueble,,,,,,https://casa.mercadolibre.com.mx/MLM-2936888763-la-pradera-1a-seccion-gustavo-a-madero-_JM,,
,False,Otro Inmueble,,,,,,https://casa.mercadolibre.com.mx/MLM-2608212945-san-juan-de-aragon-casa-a-en-venta-gustavo-madero-cdmx-_JM,,
,False,Otro Inmueble,,,,,,https://departamento.mercadolibre.com.mx/MLM-5395527964-nueva-atzacoalco-departamento-venta-gustavo-madero-cdmx-_JM,,
,False,Otro Inmueble,,,,,,https://terreno.mercadolibre.com.mx/MLM-5187281794-terreno-en-venta-vallejo-_JM,,
,False,Otro Inmueble,,,,,,https://casa.mercadolibre.com.mx/MLM-2748895621-amplia-casa-con-locales-cerca-de-lindavista-norte-_JM,,
,False,Otro Inmueble,,,,,,https://casa.mercadolibre.com.mx/MLM-2855984089-casa-con-departamento-en-venta-en-ferrocarrilera-insurgentes-_JM,,
,False,Otro Inmueble,,,,,,https://inmueble.mercadolibre.com.mx/MLM-4899066602-santa-maria-ticoman-bodega-venta-gustavo-madero-cdmx-_JM,,
,False,Otro Inmueble,,,,,,https://departamento.mercadolibre.com.mx/MLM-5395504054-el-arbolillo-iii-gustavo-a-madero-cdmx-departamento-en-venta-_JM,,
,False,Otro Inmueble,,,,,,https://casa.mercadolibre.com.mx/MLM-5395503450-casas-locales-departamentos-venta-villa-gustavo-madero-cdmx-_JM,,
,False,Otro Inmueble,,,,,,https://casa.mercadolibre.com.mx/MLM-5310269766-ampliacion-providencia-gustavo-a-madero-casa-en-venta-_JM,,
,False,Otro Inmueble,,,,,,https://inmueble.mercadolibre.com.mx/MLM-4261916886-bodega-en-venta-en-san-juan-de-aragon-gustavo-a-madero-ciudad-de-mexico-_JM,,
,False,Otro Inmueble,,,,,,https://inmueble.mercadolibre.com.mx/MLM-4777695260-tepeyac-gustavo-a-madero-cdmx-cajon-de-estacionamiento-en-venta-_JM,,
,False,Otro Inmueble,,,,,,https://departamento.mercadolibre.com.mx/MLM-5395527380-vasco-de-quiroga-departamento-venta-gustavo-a-madero-cdmx-_JM,,
,False,Otro Inmueble,,,,,,https://inmueble.mercadolibre.com.mx/MLM-2406567955-edificio-en-venta-en-granjas-modernas-gustavo-a-madero-ciudad-de-mexico-_JM,,
,False,Otro Inmueble,,,,,,https://inmueble.mercadolibre.com.mx/MLM-3770546122-aragon-la-villa-edificio-en-venta-gustavo-a-madero-cdmx-_JM,,
,False,Otro Inmueble,,,,,,https://terreno.mercadolibre.com.mx/MLM-2748804943-se-vende-terreno-de-360m2-en-col-tepeyac-insurgentes-_JM,,
,False,Otro Inmueble,,,,,,https://inmueble.mercadolibre.com.mx/MLM-4261852176-edificio-en-venta-en-granjas-modernas-gustavo-a-madero-ciudad-de-mexico-_JM,,
,False,Otro Inmueble,,,,,,https://inmueble.mercadolibre.com.mx/MLM-4899054630-guadalupe-tepeyac-gustavo-a-madero-cdmx-edificio-en-venta-_JM,,
,False,Otro Inmueble,,,,,,https://inmueble.mercadolibre.com.mx/MLM-2759320557-guadalupe-tepeyac-gustavo-a-madero-cdmx-edificio-en-venta-_JM,,
,False,Otro Inmueble,,,,,,https://inmueble.mercadolibre.com.mx/MLM-2759247565-local-comercial-en-venta-en-colonia-guadalupe-tepeyac-gustavo-a-madero-ciudad-de-mexico-_JM,,
,False,Otro Inmueble,,,,,,https://casa.mercadolibre.com.mx/MLM-5395504162-lindavista-casa-venta-gustavo-a-madero-cdmx-_JM,,
,False,Otro Inmueble,,,,,,https://departamento.mercadolibre.com.mx/MLM-5395528236-constitucion-de-la-republica-departamento-en-venta-gustavo-a-madero-cdmx-_JM,,
,False,Otro Inmueble,,,,,,https://departamento.mercadolibre.com.mx/MLM-2608238553-gam-acueducto-de-guadalupe-departamento-venta-ciudad-de-mexico-_JM,,
,False,Otro Inmueble,,,,,,https://departamento.mercadolibre.com.mx/MLM-5395528072-santiago-atepetlac-departamento-venta-gustavo-a-madero-cdmx-_JM,,
,False,Otro Inmueble,,,,,,https://terreno.mercadolibre.com.mx/MLM-2419433461-terreno-en-venta-en-colonia-residencial-acueducto-de-guadalupe-gustavo-a-madero-ciudad-de-mexico-_JM,,
,False,Otro Inmueble,,,,,,https://casa.mercadolibre.com.mx/MLM-2608165545-ampliacion-progreso-nacionalcasa-producto-venta-gustavo-a-maderocdmx-_JM,,
,False,Otro Inmueble,,,,,,https://casa.mercadolibre.com.mx/MLM-4830272260-inmueble-en-venta-san-felipe-de-jesus-cerca-del-mercado-excelente-para-bodega-_JM,,
,False,Otro Inmueble,,,,,,https://inmueble.mercadolibre.com.mx/MLM-3770520040-granjas-modernas-hospital-en-venta-gustavo-a-madero-ciudad-de-mexico-_JM,,
,False,Otro Inmueble,,,,,,https://inmueble.mercadolibre.com.mx/MLM-3770573304-guadalupe-tepeyac-edificio-venta-gustavo-a-madero-cdmx-_JM,,
,False,Otro Inmueble,,,,,,https://departamento.mercadolibre.com.mx/MLM-5395539142-el-arbolillo-ctm-gustavo-a-madero-cdmx-_JM,,
,False,Otro Inmueble,,,,,,https://terreno.mercadolibre.com.mx/MLM-3770598752-7-de-noviembre-terreno-venta-gustavo-madero-cdmx-_JM,,
,False,Otro Inmueble,,,,,,https://departamento.mercadolibre.com.mx/MLM-5395492238-el-arbolillo-iii-croc-departamento-venta-gustavo-a-madero-cdmx-_JM,,
,False,Otro Inmueble,,,,,,https://departamento.mercadolibre.com.mx/MLM-5395503540-el-arbolillo-iii-croc-departamento-venta-gustavo-a-madero-cdmx-_JM,,
,False,Otro Inmueble,,,,,,https://departamento.mercadolibre.com.mx/MLM-5395528400-el-arbolillo-iii-croc-departamento-venta-gustavo-a-madero-cdmx-_JM,,
,False,Otro Inmueble,,,,,,https://departamento.mercadolibre.com.mx/MLM-5395504022-el-arbolillo-iii-croc-departamento-venta-gustavo-a-madero-cdmx-_JM,,
,False,Otro Inmueble,,,,,,https://departamento.mercadolibre.com.mx/MLM-5395503682-el-arbolillo-iii-croc-departamento-venta-gustavo-a-madero-cdmx-_JM,,
,False,Otro Inmueble,,,,,,https://departamento.mercadolibre.com.mx/MLM-5395527540-el-arbolillo-iii-croc-departamento-venta-gustavo-a-madero-cdmx-_JM,,
,False,Otro Inmueble,,,,,,https://departamento.mercadolibre.com.mx/MLM-5395492572-villa-gustavo-madero-departamento-venta-gustavo-madero-cdmx-_JM,,
,False,Otro Inmueble,,,,,,https://departamento.mercadolibre.com.mx/MLM-5395539868-el-arbolillo-iii-croc-departamento-venta-gustavo-a-madero-cdmx-_JM,,
,False,Otro Inmueble,,,,,,https://departamento.mercadolibre.com.mx/MLM-5395540234-el-arbolillo-iii-croc-departamento-venta-gustavo-a-madero-cdmx-_JM,,
,False,Otro Inmueble,,,,,,https://inmueble.mercadolibre.com.mx/MLM-4255854564-tepeyac-insurgentes-gustavo-a-madero-cdmx-edificio-en-venta-_JM,,
,False,Otro Inmueble,,,,,,https://casa.mercadolibre.com.mx/MLM-2608377707-san-juan-de-aragon-casa-en-venta-gustavo-a-madero-cdmx-_JM,,
,False,Otro Inmueble,,,,,,https://departamento.mercadolibre.com.mx/MLM-2798152043-se-vende-departamento-en-dm-nacional-gustavo-a-madero-cdmx-_JM,,
,False,Otro Inmueble,,,,,,https://inmueble.mercadolibre.com.mx/MLM-5140780968-edificio-residencial-y-comercial-mixto-en-venta-en-calzada-de-guadalupe-en-colonia-guadalupe-tepeyac-_JM,,
,False,Otro Inmueble,,,,,,https://inmueble.mercadolibre.com.mx/MLM-5140759352-edificio-mixto-comercial-y-residencial-en-venta-en-calzada-de-guadalupe-en-colonia-guadalupe-tepeyac-_JM,,
,False,Otro Inmueble,,,,,,https://departamento.mercadolibre.com.mx/MLM-5140759316-departamento-en-venta-nueva-industrial-vallejo-gustavo-a-madero-_JM,,
,False,Otro Inmueble,,,,,,https://departamento.mercadolibre.com.mx/MLM-5289079758-departamento-en-venta-en-pb-en-la-u-h-el-milagro-el-milagro-gustavo-a-madero-26-2948-avc-_JM,,
,False,Otro Inmueble,,,,,,https://inmueble.mercadolibre.com.mx/MLM-5178662852-excelente-bodega-comercial-o-industrial-con-gran-potencial-para-desarrollar-uso-mixto-hasta-8-niveles-hm-830z-zona-val-_JM,,
,False,Otro Inmueble,,,,,,https://departamento.mercadolibre.com.mx/MLM-2916817603-departamento-en-venta-colonia-en-milagro-gustavo-a-madreo-planta-baja-ch26-2948-_JM,,
,False,Otro Inmueble,,,,,,https://departamento.mercadolibre.com.mx/MLM-4694060244-venta-departamento-tipo-loft-en-desarrollo-boutique-de-solo-10-departamentos-en-oceania-ch26-1794-_JM,,
,False,Otro Inmueble,,,,,,https://departamento.mercadolibre.com.mx/MLM-4693996858-venta-departamento-tipo-loft-en-oceania-ch26-1792-_JM,,
,False,Otro Inmueble,,,,,,https://departamento.mercadolibre.com.mx/MLM-4693610278-venta-departamento-tipo-loft-con-terraza-privada-ch-26-1795-_JM,,
,False,Otro Inmueble,,,,,,https://departamento.mercadolibre.com.mx/MLM-2698717561-departamento-en-preventa-tipo-loft-con-amplia-terraza-en-circuito-interior-rio-consulado-26-1795-avc-_JM,,
,False,Otro Inmueble,,,,,,https://inmueble.mercadolibre.com.mx/MLM-3767930022-ib-cm0625-bodega-industrial-en-renta-en-gustavo-a-madero-15000-m2-_JM,,
,False,Otro Inmueble,,,,,,https://inmueble.mercadolibre.com.mx/MLM-3767930172-ib-cm0626-bodega-industrial-en-renta-en-gustavo-a-madero-15000-m2-_JM,,
,False,Otro Inmueble,,,,,,https://casa.mercadolibre.com.mx/MLM-5412814010-casa-en-venta-en-la-escalera-en-aguascalientes-_JM,,
,False,Otro Inmueble,,,,,,https://terreno.mercadolibre.com.mx/MLM-2962172025-venta-de-terreno-en-la-escalera-jesus-maria-aguascalientes-_JM,,
,False,Otro Inmueble,,,,,,https://casa.mercadolibre.com.mx/MLM-2957278469-conjunto-de-casa-departamento-y-local-comercial-_JM,,
,False,Otro Inmueble,,,,,,https://departamento.mercadolibre.com.mx/MLM-5401557408-hermoso-departamento-cerca-de-via-vallejo-con-estacionamiento-_JM,,
,False,Otro Inmueble,,,,,,https://departamento.mercadolibre.com.mx/MLM-2946308945-oportunidad-gam-departamento-en-venta-2-recamaras-excelentes-ubicacion-_JM,,
,False,Otro Inmueble,,,,,,https://casa.mercadolibre.com.mx/MLM-2932054337-la-mejor-casa-en-venta-de-pachuca-3-recamaras-equipada-con-cocina-y-closets-gratis-_JM,,
,False,Otro Inmueble,,,,,,https://casa.mercadolibre.com.mx/MLM-2923109179-bonita-casa-con-acabados-y-amplia-_JM,,
,False,Otro Inmueble,,,,,,https://departamento.mercadolibre.com.mx/MLM-5293640460-departamento-en-margarita-maza-de-juarez-conjunto-habitacional-mexico-nuevo-vallejo-_JM,,
,False,Otro Inmueble,,,,,,https://departamento.mercadolibre.com.mx/MLM-5363024488-hermoso-departamento-en-residencial-acueducto-de-guadalupe-_JM,,
,False,Otro Inmueble,,,,,,https://casa.mercadolibre.com.mx/MLM-2918335685-cdmx-lindavista-norte-excelente-oportunidad-casa-muy-amplia-con-buenos-espacios-porton-electrico-y-amplia-bodega-para-negocio-independiente-documentos-en-orden-y-sin-adeudos-_JM,,
,False,Otro Inmueble,,,,,,https://casa.mercadolibre.com.mx/MLM-5352666364-casa-en-venta-calle-rebeca-180colonia-guadalupe-tepeyac-a-unos-metros-de-club-sams-se-muestra-con-previa-cita-toda-la-documentacion-en-orden-_JM,,
,False,Otro Inmueble,,,,,,https://casa.mercadolibre.com.mx/MLM-2906041039-amplio-jardin-cuarto-de-servicio-y-lavado-en-construccion-independiente-bien-iluminada-amplia-terraza-con-acceso-a-cocina-grandes-ventanas-jacuzzi-en-habitacion-principal-y-vestidor-_JM,,
,False,Otro Inmueble,,,,,,https://casa.mercadolibre.com.mx/MLM-5376297764-casa-con-uso-de-suelo-mixto-distribucion-casa-principal-en-2-plantas-y-un-acceso-independiente-para-5-recamaras-adicionales-3-banos-en-total-cocina-comedor-sala-un-local-comercial-a-la-calle-_JM,,
,False,Otro Inmueble,,,,,,https://departamento.mercadolibre.com.mx/MLM-5412127724-departamento-planta-baja-en-venta-santa-rosa-galaxia-vallejo-gustavo-a-madero-cdmx-_JM,,
,False,Otro Inmueble,,,,,,https://departamento.mercadolibre.com.mx/MLM-2932302589-departamento-en-buenas-condiciones-recien-impermiabilizadozona-con-buena-conexion-a-transporte-de-mbus-cerca-3-centros-comerciales-y-escuelas-_JM,,
,False,Otro Inmueble,,,,,,https://inmueble.mercadolibre.com.mx/MLM-2929768633-nave-industrial-disenada-para-albergar-procesos-de-fabricacion-ensamblaje-produccion-y-almacenamiento-de-materiales-_JM,,
,False,Otro Inmueble,,,,,,https://departamento.mercadolibre.com.mx/MLM-5333342350-departamento-planta-baja-en-venta-santa-rosa-galaxia-gustavo-a-madero-cdmx-_JM,,
,False,Otro Inmueble,,,,,,https://casa.mercadolibre.com.mx/MLM-2904558335-casa-recien-remodelada-y-totalmente-habitable-ya-ideal-para-inversion-en-hotel-hostal-u-hospedaje-de-cualquier-tipo-ya-que-se-encuentra-en-zona-turistica-no-pierdas-esta-gran-oportunidaddeinvertir-_JM,,
,False,Otro Inmueble,,,,,,https://inmueble.mercadolibre.com.mx/MLM-5326895032-gran-oportunidad-casa-depto-independiente-el-coyol-gam-descripcion-buscas-una-propiedad-que-se-pague-sola-o-espacio-para-toda-la-familia-esta-casa-en-el-coyol-es-una-joya-de-inversion-_JM,,
,False,Otro Inmueble,,,,,,https://casa.mercadolibre.com.mx/MLM-5364334088-casa-en-venta-colonia-aragon-inguaran-_JM,,
,False,Otro Inmueble,,,,,,https://departamento.mercadolibre.com.mx/MLM-5337056394-venta-depto-lindavista-sur-magnifica-ubicacion-arequipa-750-depto-tercer-piso-int-con-elevador-92mts-_JM,,
,False,Otro Inmueble,,,,,,https://departamento.mercadolibre.com.mx/MLM-5276503276-departamento-demtet-_JM,,
,False,Otro Inmueble,,,,,,https://inmueble.mercadolibre.com.mx/MLM-5262370652-venta-de-bodega-en-cdmx-_JM,,
,False,Otro Inmueble,,,,,,https://casa.mercadolibre.com.mx/MLM-5271788346-casa-a-remodelar-amplia-y-con-ambiente-muy-acogedor-_JM,,
,False,Otro Inmueble,,,,,,https://casa.mercadolibre.com.mx/MLM-2911500339-la-casa-cuenta-con-una-buena-ubicacion-la-construccion-ya-tiene-sus-anos-de-antiguedad-buena-oportunidad-para-remodelacion--_JM,,
,False,Otro Inmueble,,,,,,https://inmueble.mercadolibre.com.mx/MLM-2937067101-nicho-de-la-basilica-de-guadalupe-_JM,,
,False,Otro Inmueble,,,,,,https://casa.mercadolibre.com.mx/MLM-5363024640-bonita-casa-de-3-departamentos-independientes-a-10-minutos-del-aeropuerto-internacional-de-la-ciudad-de-mexico-a-un-costado-de-parque-tepeyac-liverpool-y-cerca-de-plaza-linda-vista-liverpool-_JM,,
,False,Otro Inmueble,,,,,,https://departamento.mercadolibre.com.mx/MLM-2901617085-vive-en-la-cdmx-a-un-excelente-precio-solo-recursos-propios-_JM,,
,False,Otro Inmueble,,,,,,https://casa.mercadolibre.com.mx/MLM-2948113465-casa-en-venta-avenida-553-san-juan-de-aragon-terreno-220-m2-construccion-248-m2-_JM,,
,False,Otro Inmueble,,,,,,https://inmueble.mercadolibre.com.mx/MLM-5385281634-edificio-aragon-la-villa-gam-cdmx-a-una-calle-de-calzada-de-guadalupe-oportunidad-de-inversion-terreno-762-m2-construccion-1474-m2-uso-de-suelo-hm420a-_JM,,
,False,Otro Inmueble,,,,,,https://casa.mercadolibre.com.mx/MLM-2935143655-excelente-casa-duplex-solo-con-recursos-propios-_JM,,
,False,Otro Inmueble,,,,,,https://departamento.mercadolibre.com.mx/MLM-5395491610-san-juan-de-aragon-gustavo-a-madero-cdmx-_JM,,
,False,Otro Inmueble,,,,,,https://casa.mercadolibre.com.mx/MLM-5395528392-martires-de-rio-blanco-gustavo-a-madero-ciudad-de-mexico-_JM,,
,False,Otro Inmueble,,,,,,https://departamento.mercadolibre.com.mx/MLM-2756052565-vallejo-gustavo-a-madero-ciudad-de-mexico-_JM,,
,False,Otro Inmueble,,,,,,https://casa.mercadolibre.com.mx/MLM-5395540058-nueva-vallejo-gustavo-a-madero-_JM,,
,False,Otro Inmueble,,,,,,https://casa.mercadolibre.com.mx/MLM-5395539166-ctm-el-risco-gustavo-a-madero-_JM,,
,False,Otro Inmueble,,,,,,https://casa.mercadolibre.com.mx/MLM-5413562374-se-vende-casa-en-colonia-residencial-acueducto-_JM,,
,False,Otro Inmueble,,,,,,https://departamento.mercadolibre.com.mx/MLM-2962583821-gran-oportunidad-muy-bien-ubicado-a-dos-cuadras-del-metro-potrero-solo-cuatro-departamentos-en-el-edificio-uno-por-nivel-ubicado-en-el-1-piso-en-una-colonia-muy-bonita-y-con-buena-plusvalia-_JM,,
,False,Otro Inmueble,,,,,,https://departamento.mercadolibre.com.mx/MLM-5413687622-departamento-en-venta-en-zona-escolar-gam-_JM,,
,False,Otro Inmueble,,,,,,https://departamento.mercadolibre.com.mx/MLM-2962328825-departamento-en-venta-en-vasco-de-quiroga-_JM,,
,False,Otro Inmueble,,,,,,https://casa.mercadolibre.com.mx/MLM-5413720736-venta-de-casa-en-avenida-principal-_JM,,
,False,Otro Inmueble,,,,,,https://inmueble.mercadolibre.com.mx/MLM-5413720572-edificio-en-venta-con-operacion-actual-como-colegio-_JM,,
