longitud,latitud,alcaldia,price,price_m2_raw,area,rooms,bathrooms,target_enc_colonia,ratio_precio_vecinal,gentrification_index,precio_predicho,error_pct
-99.1625655,19.4183227,Cuauhtémoc,47000.0,439.25233644859816,107.0,2,2.0,6.165382249166769,0.8771768775041217,0.830531038273375,35212.94894526685,-25.078832031347133
-99.1712126,19.4093714,Cuauhtémoc,59000.0,310.5263157894737,190.0,3,2.0,6.157150461146433,0.6987151338539928,0.830531038273375,15666.493067695137,-73.44662191916079
-99.1733421,19.3964758,Nápoles,37500.0,300.0,125.0,3,3.0,5.355998139832158,0.8321616000910476,0.5,17947.569818349137,-52.139813817735636
-99.190915,19.43353,Miguel Hidalgo,10000.0,25.0,400.0,3,4.0,5.693757651976524,0.04970861806436513,0.8585849060226639,58986.38082285952,489.86380822859525
-99.2993588,19.3465983,Contadero,36000.0,297.5206611570248,121.0,3,2.0,5.6924256403463325,0.889972783333627,0.5,26656.435787299906,-25.95434503527804
-99.190915,19.43353,Miguel Hidalgo,75000.0,480.7692307692308,156.0,2,2.0,5.662115438418716,0.9559349627762525,0.8585849060226639,21279.758069432046,-71.62698924075727
-99.1579016,19.3905208,Narvarte Poniente,19500.0,201.03092783505156,97.0,3,2.0,5.442453506239664,0.6720135170701103,0.5,29329.002113102448,50.40513904155102
-99.1880639,19.4335653,Polanco,45000.0,375.0,120.0,2,2.0,5.387554130623687,0.8843171781147814,0.5,67354.80871308672,49.67735269574827
-99.1952423,19.3906515,Álvaro Obregón,25000.0,210.08403361344537,119.0,2,2.0,5.3636798972579935,0.6849850394903898,0.0,28343.069211722628,13.372276846890513
-99.1743711,19.3890898,Benito Juárez,60000.0,379.746835443038,158.0,3,4.0,5.951170985154958,0.9287641549840221,0.933319961735651,31774.120182293616,-47.04313302951064
-99.1562478,19.3907336,Narvarte Poniente,32000.0,266.6666666666667,120.0,2,2.0,5.348932184786362,0.9037517895335634,0.5,63742.361490149735,99.19487965671793
-99.1962972,19.47925,Azcapotzalco,17900.0,223.75,80.0,2,2.0,5.364842047716611,1.0509210146205343,0.7799341145447056,82235.1937021499,359.41448995614473
-99.1200004,19.3043066,Coyoacán,16000.0,242.42424242424244,66.0,2,1.0,5.386374914318203,2.065501711924167,0.750956198657275,32071.44058715497,100.44650366971857
-99.1855297,19.3915073,Benito Juárez,20900.0,321.53846153846155,65.0,2,2.0,5.85154555754965,1.0399746057162331,0.933319961735651,36334.42776080334,73.84893665456143
-99.1526509,19.4462672,Cuauhtémoc,15000.0,294.11764705882354,51.0,2,1.0,5.956895050480636,1.2947655573328523,0.830531038273375,30190.191163051742,101.26794108701162
-99.190915,19.43353,Miguel Hidalgo,31000.0,484.375,64.0,1,1.0,5.6532420703453425,0.9631044749970743,0.8585849060226639,31901.309558563622,2.90745018891491
-99.1323717,19.3448515,Campestre Churubusco,17900.0,238.66666666666666,75.0,1,1.0,5.372284065590861,1.625080137629426,0.5,21159.240212162902,18.208045878005038
-99.1668669,19.3601941,Benito Juárez,70000.0,368.42105263157896,190.0,3,3.0,5.945519647524168,0.9663953137855107,0.933319961735651,18288.30075958018,-73.8738560577426
-99.2014215,19.442902,Miguel Hidalgo,16700.0,417.5,40.0,1,1.0,6.1723107190443365,0.8397859717040252,0.8585849060226639,18700.197828423414,11.977232505529424
-99.1668669,19.3601941,Benito Juárez,28900.0,425.0,68.0,1,1.0,5.930586287257037,1.1148060226882854,0.933319961735651,25751.435943719458,-10.894685315849626
-99.1539172,19.4360737,Cuauhtémoc,19800.0,638.7096774193549,31.0,1,1.0,5.985562439666533,1.4213228125515256,0.830531038273375,11526.45081825874,-41.785601927986164
-99.1668669,19.3601941,Benito Juárez,32000.0,470.5882352941176,68.0,1,1.0,5.938344895967403,1.2343872915579632,0.933319961735651,68717.50481661539,114.74220255192309
-99.1743711,19.3890898,Benito Juárez,58000.0,402.77777777777777,144.0,3,2.0,5.950859888968408,0.9850919810501826,0.933319961735651,34893.63200746234,-39.83856550437527
-99.1331785,19.4326296,Cuauhtémoc,19800.0,638.7096774193549,31.0,1,1.0,6.2134036224315015,1.5554834221165785,0.830531038273375,30689.29733848499,54.99645120446964
-99.1476839,19.4332704,Cuauhtémoc,31000.0,645.8333333333334,48.0,1,1.0,6.185810324176199,1.1897581973417153,0.830531038273375,26252.961982247853,-15.313025863716604
-99.2150977,19.4497398,Miguel Hidalgo,20000.0,370.3703703703704,54.0,1,1.0,6.054664291840508,0.8854873285509967,0.8585849060226639,25197.75666980699,25.98878334903495
-99.1625655,19.4183227,Cuauhtémoc,28900.0,688.0952380952381,42.0,1,1.0,6.154323675562185,1.3741104652006055,0.830531038273375,24595.968330351607,-14.892843147572297
-99.2150977,19.4497398,Miguel Hidalgo,29900.0,446.2686567164179,67.0,2,2.0,6.079599273264499,1.0669461497600292,0.8585849060226639,15200.465346438295,-49.16232325605922
-99.1331785,19.4326296,Cuauhtémoc,26200.0,655.0,40.0,1,1.0,6.099228368774647,1.5951561053574306,0.830531038273375,38765.74950615258,47.960875977681596
-99.2014215,19.442902,Miguel Hidalgo,30700.0,458.2089552238806,67.0,2,2.0,6.076029134633508,0.9216705454040066,0.8585849060226639,22580.835724046665,-26.446789172486433
-99.1331785,19.4326296,Cuauhtémoc,36900.0,519.7183098591549,71.0,2,2.0,6.179304593801578,1.2656974580730929,0.830531038273375,26980.63301054546,-26.88175335895539
-99.1539172,19.4360737,Cuauhtémoc,36900.0,519.7183098591549,71.0,2,2.0,5.949904351442148,1.1565309185358446,0.830531038273375,24873.2717498787,-32.59275948542358
-99.0896825,19.3249286,Reforma,55000.0,348.1012658227848,158.0,3,3.0,5.385139577258415,2.794161338190232,0.5,29490.61703407795,-46.38069630167646
-99.1539172,19.4360737,Cuauhtémoc,37100.0,475.64102564102564,78.0,2,2.0,5.960450033802356,1.0584455883938808,0.830531038273375,36127.06516321903,-2.622465867334158
-99.1625655,19.4183227,Cuauhtémoc,28500.0,356.25,80.0,1,1.0,6.186805746023676,0.7114231084970263,0.830531038273375,27991.24466123836,-1.7851064517952246
-99.1331785,19.4326296,Cuauhtémoc,26800.0,505.66037735849056,53.0,1,1.0,6.173567610435329,1.2314614323370052,0.830531038273375,26428.67549697094,-1.3855391904069403
-99.2150977,19.4497398,Miguel Hidalgo,16700.0,417.5,40.0,1,1.0,6.061806421731972,0.998165591109111,0.8585849060226639,18801.372966743125,12.583071657144462
-99.1926322,19.4402557,Miguel Hidalgo,36000.0,692.3076923076923,52.0,1,1.0,6.038233267401241,1.4348189800999827,0.8585849060226639,41363.503800980994,14.898621669391652
-99.190915,19.43353,Miguel Hidalgo,84000.0,323.0769230769231,260.0,3,3.0,5.641669035162701,0.6423882949856417,0.8585849060226639,16876.946937928176,-79.90839650246645
-99.1331785,19.4326296,Cuauhtémoc,37100.0,475.64102564102564,78.0,2,2.0,6.213137550744404,1.1583537190988584,0.830531038273375,49217.47750011397,32.66166442079238
-99.1625655,19.4183227,Cuauhtémoc,34500.0,676.4705882352941,51.0,1,1.0,6.19949983278032,1.3508963050923926,0.830531038273375,17389.522389797767,-49.5955872759485
-99.1587376,19.3788814,Benito Juárez,44000.0,275.0,160.0,3,2.0,6.005548552927143,1.006523091995113,0.933319961735651,16862.836764205575,-61.67537099044188
-99.2150977,19.4497398,Miguel Hidalgo,21500.0,413.46153846153845,52.0,1,1.0,6.072022726535433,0.9885103735074107,0.8585849060226639,15200.365840808534,-29.300623996239377
-99.1579016,19.3905208,Benito Juárez,30000.0,352.94117647058823,85.0,2,2.0,5.858063319648431,1.179824636304085,0.933319961735651,17308.8125088791,-42.30395830373634
-99.2014215,19.442902,Miguel Hidalgo,39800.0,537.8378378378378,74.0,2,2.0,6.150388588203739,1.081841128785247,0.8585849060226639,38838.594079785915,-2.415592764356998
-99.2187752,19.4482601,Miguel Hidalgo,31500.0,379.51807228915663,83.0,2,2.0,5.378115170234827,1.0262691369324317,0.8585849060226639,30170.945068896,-4.2192220035047665
-99.1476839,19.4332704,Cuauhtémoc,19900.0,552.7777777777778,36.0,1,1.0,6.170483188380677,1.0183306721333392,0.830531038273375,39229.39379778315,97.13263214966408
-99.2014215,19.442902,Miguel Hidalgo,21500.0,413.46153846153845,52.0,1,1.0,6.068004754024616,0.8316627541057827,0.8585849060226639,34754.56028667701,61.64911761245122
-99.1926322,19.4402557,Miguel Hidalgo,34500.0,297.41379310344826,116.0,2,2.0,6.165074450349454,0.6163949354165155,0.8585849060226639,51220.68835017133,48.46576333382994
-99.2021996,19.3370667,Álvaro Obregón,40000.0,275.86206896551727,145.0,3,3.0,5.734909932166772,1.0288115629816585,0.0,23689.63212539103,-40.77591968652243
-99.2014215,19.442902,Miguel Hidalgo,35900.0,641.0714285714286,56.0,1,1.0,6.064163532614514,1.2894917187414245,0.8585849060226639,66706.0596586211,85.81075113822034
-99.1476839,19.4332704,Cuauhtémoc,26500.0,588.8888888888889,45.0,1,1.0,6.210749596698158,1.084854786393306,0.830531038273375,29967.042023719157,13.083177447996821
-99.2014215,19.442902,Miguel Hidalgo,33000.0,702.1276595744681,47.0,1,1.0,6.164545562834039,1.412304093068306,0.8585849060226639,32964.0330270896,-0.10899082700120881
-99.2014215,19.442902,Miguel Hidalgo,35000.0,625.0,56.0,1,1.0,6.196192888046173,1.257164628299439,0.8585849060226639,29423.617469597863,-15.932521515434678
-99.1668669,19.3601941,Benito Juárez,32900.0,411.25,80.0,1,2.0,5.964649828386921,1.0787387690130763,0.933319961735651,31005.033592708205,-5.759776313956824
-99.2014215,19.442902,Miguel Hidalgo,28500.0,678.5714285714286,42.0,1,1.0,6.079665350274003,1.3649215964393908,0.8585849060226639,23283.97136894255,-18.30185484581561
-99.1668669,19.3601941,Benito Juárez,33500.0,408.5365853658537,82.0,1,1.0,5.973593564081707,1.0716212843632014,0.933319961735651,7912.724766888903,-76.37992606898834
-99.2014215,19.442902,Miguel Hidalgo,29500.0,702.3809523809524,42.0,1,1.0,6.083045968009174,1.4128135822793697,0.8585849060226639,38011.74433454305,28.853370625569664
-99.1625655,19.4183227,Cuauhtémoc,50000.0,666.6666666666666,75.0,2,2.0,6.1611001299142245,1.3313180977722128,0.830531038273375,27275.94651284689,-45.44810697430622
-99.2014215,19.442902,Miguel Hidalgo,35900.0,505.63380281690144,71.0,1,1.0,6.079666990734349,1.0170638908383067,0.8585849060226639,26870.252821196817,-25.152499105301345
-99.1559072,19.4025902,Benito Juárez,20000.0,416.6666666666667,48.0,1,1.0,5.361483410334249,1.206717406590306,0.933319961735651,16664.029719257447,-16.679851403712764
-99.1855297,19.3915073,Benito Juárez,17000.0,425.0,40.0,1,1.0,5.851159219302698,1.374607582914399,0.933319961735651,19879.339878008803,16.937293400051782
-99.1582856,19.4306856,Juárez,33900.0,721.2765957446809,47.0,1,1.0,5.359684264748229,1.4209960688803793,0.5,17853.800307797635,-47.33392239587718
-99.1476839,19.4332704,Cuauhtémoc,34700.0,680.3921568627451,51.0,1,1.0,6.191574219635187,1.2534226777307784,0.830531038273375,16680.570948375902,-51.92919035050172
-99.1855297,19.3915073,Benito Juárez,18500.0,370.0,50.0,1,1.0,5.82515052971156,1.196717189831359,0.933319961735651,47026.024240305414,154.1947256232725
-99.1855297,19.3915073,Benito Juárez,25100.0,386.15384615384613,65.0,2,2.0,5.822040598780316,1.2489647178697345,0.933319961735651,26816.89018463947,6.840199938802666
-99.2171906,19.3539685,Las Aguilas,21000.0,198.11320754716982,106.0,3,3.0,5.367071356854283,0.7481920607259449,0.5,14220.34184716605,-32.28408644206643
-99.0647261,19.4113686,Agrícola Pantitlan,3500.0,175.0,20.0,1,1.0,5.373192985837511,1.5317074964483235,0.5,26417.866798377003,654.7961942393429
-99.2049087,19.2778085,Miguel Hidalgo,14300.0,143.0,100.0,3,2.0,5.3738061161346655,0.9069828286844299,0.8585849060226639,15301.086675953777,7.000606125550886
-99.2150977,19.4497398,Miguel Hidalgo,17400.0,446.15384615384613,39.0,1,1.0,6.10783935644179,1.0666716588545082,0.8585849060226639,35038.1935334246,101.36892835301494
-99.1579016,19.3905208,Narvarte Poniente,15000.0,230.76923076923077,65.0,2,1.0,5.302941253834038,0.7714238006603633,0.5,38504.39765637,156.69598437579998
-99.272261,19.3581682,Cuajimalpa de Morelos,16700.0,287.9310344827586,58.0,1,1.0,5.731051103861552,0.8159406821634515,0.49427437331671703,24618.818287295544,47.418073576620024
-99.1332,19.4326,Sm Alc,19500.0,342.10526315789474,57.0,2,2.0,5.375072982412468,1.1467145778179497,0.5,47889.378757960716,145.58655773313188
-99.1636016,19.386924,Benito Juárez,91000.0,393.93939393939394,231.0,2,2.0,5.771436652445416,1.2655708698546648,0.933319961735651,14756.607474324826,-83.78394783041227
-99.2185154,19.2759456,Tlalpan,21000.0,210.0,100.0,1,1.0,5.364127074153479,1.0054459382447811,0.3919311241687132,30318.932821654966,44.375870579309364
-99.1782191,19.3854613,Nápoles,15500.0,387.5,40.0,1,1.0,5.378947232233527,2.5532187380747753,0.5,22202.893744902412,43.24447577356395
-99.192582,19.4330498,Polanco,90000.0,450.0,200.0,3,2.0,5.366981162115625,0.9747247050290311,0.5,30452.01084250021,-66.16443239722199
-99.1332,19.4326,Gral Anaya,25000.0,263.1578947368421,95.0,2,2.0,5.39039333717033,0.8820881367830381,0.5,69239.21777537666,176.95687110150664
-99.164216,19.4343524,San Rafael,19500.0,629.0322580645161,31.0,1,1.0,6.278075115383152,1.150460076471063,0.5,43198.390114030786,121.53020571297839
-99.1094928,19.4172708,500,19500.0,319.672131147541,61.0,2,2.0,5.350558440410376,2.53065302144216,0.5,25461.427446054553,30.571422800279755
-99.0852744,19.3862605,Paseos De Churubusco,19500.0,130.0,150.0,2,2.0,5.4010538466886215,0.7818534138930606,0.5,76726.905260622,293.4713090288308
-99.1331785,19.4326296,Cuauhtémoc,20300.0,398.03921568627453,51.0,1,1.0,5.370872768991746,0.9693659314101435,0.830531038273375,37970.38157539618,87.04621465712405
-99.1476839,19.4332704,Cuauhtémoc,19200.0,505.2631578947368,38.0,1,1.0,6.159154084366599,0.9307989428439088,0.830531038273375,30394.36327690319,58.303975400537446
-99.1713523,19.3820125,Tlacoquemécatl Del Valle,30000.0,333.3333333333333,90.0,2,1.0,5.939164996706758,1.00965929049115,0.5,28652.991519330288,-4.490028268899041
-99.1332,19.4326,Lomas De Chapultepec Ii Sección,60000.0,196.72131147540983,305.0,3,2.0,5.401785410795304,0.6593970333984679,0.5,45655.95187487601,-23.906746875206654
-99.2841662,19.3608547,Ampliación El Yaqui,31500.0,384.1463414634146,82.0,2,2.0,6.548282874537503,1.2228938767107673,0.5,30176.897277817465,-4.200326102166779
-99.1515438,19.4312045,Cuauhtémoc,20100.0,528.9473684210526,38.0,1,1.0,5.349502053335774,0.9969337009186947,0.830531038273375,43148.67889815375,114.67004426942162
-99.2203152,19.3209587,San Jerónimo Aculco,3500.0,33.333333333333336,105.0,3,2.0,5.33849947510955,0.15319016187603282,0.5,30822.620842123193,780.6463097749483
-99.1751022,19.4315509,Anzures,43000.0,438.7755102040816,98.0,3,2.0,5.344475451679906,1.1260064027403829,0.5,23619.626105674222,-45.070636963548324
-99.1636016,19.386924,Benito Juárez,30000.0,333.3333333333333,90.0,2,2.0,5.79618851028645,1.0708676591077932,0.933319961735651,24027.96326814319,-19.906789106189365
-99.1555027,19.3805937,Vértiz Narvarte,26000.0,273.6842105263158,95.0,2,2.0,5.388993383279223,1.0056125358554155,0.5,49870.68701441127,91.81033467081258
-99.1789079,19.4066741,Hipódromo Condesa,36000.0,200.0,180.0,4,2.0,5.332561452036692,0.4566640857644533,0.5,16521.88687091211,-54.105869803021925
-99.1624218,19.4379452,Cuauhtémoc,19400.0,510.5263157894737,38.0,1,1.0,6.1875880578259315,1.149907880086481,0.830531038273375,33265.88221171812,71.47361964803154
-99.1332,19.4326,Roma Nte.,23000.0,383.3333333333333,60.0,1,1.0,5.376740882716195,1.284908385913959,0.5,77778.54124620018,238.16757063565296
-99.1331785,19.4326296,Cuauhtémoc,30700.0,458.2089552238806,67.0,2,2.0,5.346734395456335,1.1159004770302636,0.830531038273375,48864.42237528346,59.16749959375719
-99.1628933,19.3919332,Narvarte Poniente,28000.0,294.7368421052632,95.0,2,2.0,5.389164637838284,1.0241188395223915,0.5,10266.827526340072,-63.33275883449975
-99.1331785,19.4326296,Cuauhtémoc,30000.0,333.3333333333333,90.0,2,2.0,5.3617143327489565,0.811784277535588,0.830531038273375,54932.14073405072,83.10713578016907
-99.2005443,19.4330639,Miguel Hidalgo,100000.0,606.060606060606,165.0,2,2.0,5.35252962043461,1.0730835817393416,0.8585849060226639,70442.63246618197,-29.557367533818034
-99.1651365,19.4030932,Roma Sur,17500.0,875.0,20.0,1,1.0,5.370137864346449,2.1629276257813603,0.5,23163.643702597372,32.36367830055641
-99.1624218,19.4379452,Cuauhtémoc,19200.0,505.2631578947368,38.0,1,1.0,6.12731605842293,1.1380531596732184,0.830531038273375,21110.266952759954,9.949307045624758
-99.157701,19.3718796,Benito Juárez,32000.0,237.03703703703704,135.0,3,2.0,5.384296231988424,0.7260757942558732,0.933319961735651,27760.38030719981,-13.248811540000588
-99.1899364,19.3656187,Benito Juárez,20000.0,327.8688524590164,61.0,2,1.0,5.548105736305483,1.0951210370190023,0.933319961735651,37171.17277125874,85.8558638562937
-99.1331785,19.4326296,Cuauhtémoc,35600.0,418.8235294117647,85.0,2,2.0,6.17497914847564,1.0199830687153035,0.830531038273375,23754.996874628985,-33.27248068924442
-99.2841662,19.3608547,Ampliación El Yaqui,33000.0,687.5,48.0,1,1.0,5.955812660375994,2.188591819033953,0.5,40060.791504599925,21.396337892727047
-99.1738081,19.3896634,Benito Juárez,22300.0,586.8421052631579,38.0,1,1.0,6.1341569192239485,1.4561839291249876,0.933319961735651,23583.192782561608,5.754227724491514
-99.1562478,19.3907336,Narvarte Poniente,28000.0,311.1111111111111,90.0,2,2.0,5.348958205493196,1.0543770877891572,0.5,29018.548575528977,3.637673484032062
-99.1738081,19.3896634,Benito Juárez,23700.0,677.1428571428571,35.0,1,1.0,6.0681419847985065,1.6802552806790054,0.933319961735651,18498.48140078972,-21.947335861646756
-99.2004025,19.4362674,Miguel Hidalgo,85000.0,485.7142857142857,175.0,2,2.0,5.359008334663595,1.2753593337287537,0.8585849060226639,19444.752645572175,-77.1238204169739
-99.157701,19.3718796,Benito Juárez,27000.0,317.6470588235294,85.0,2,2.0,5.7272357014425115,0.9729949522289183,0.933319961735651,31820.77921943399,17.854737849755516
-99.2651314,19.3865976,Cuajimalpa de Morelos,28500.0,206.52173913043478,138.0,2,2.0,5.670064800145735,0.9054378075418247,0.49427437331671703,15293.897579330736,-46.337201476032504
-99.1589364,19.4314177,Tabacalera,50000.0,500.0,100.0,2,2.0,5.3570974795969715,0.9640430356768779,0.5,31611.920960574123,-36.77615807885175
-99.2597597,19.3771699,Palo Alto,42200.0,453.76344086021504,93.0,2,2.0,5.4039850772983575,1.3952918633951938,0.5,30080.457617241416,-28.71929474587342
-99.1583477,19.3983786,Narvarte Poniente,30000.0,333.3333333333333,90.0,2,2.0,5.35373893587611,1.2214309621042798,0.5,48103.75993013632,60.34586643378774
-99.2347487,19.324088,San Jerónimo Lídice,21600.0,360.0,60.0,1,1.0,5.347010203671757,2.045258831308309,0.5,58369.402801711396,170.22871667458978
-99.2014215,19.442902,Miguel Hidalgo,25600.0,731.4285714285714,35.0,1,1.0,6.076442707365677,1.4712418050041436,0.8585849060226639,18967.636050770438,-25.907671676677978
-99.1624218,19.4379452,Cuauhtémoc,20000.0,526.3157894736842,38.0,1,1.0,6.096168781482092,1.1854720413262692,0.830531038273375,26873.88862716498,34.369443135824895
-99.1698262,19.4330969,Cuauhtémoc,29000.0,325.8426966292135,89.0,2,2.0,5.399314140592946,0.8272577934939455,0.830531038273375,45202.202144908224,55.86966256864905
-99.1738081,19.3896634,Benito Juárez,26000.0,361.1111111111111,72.0,1,1.0,6.0502495658627655,0.8960573754207073,0.933319961735651,17582.81669276013,-32.37378195092258
-99.1633037,19.4058335,Cuauhtémoc,26500.0,588.8888888888889,45.0,1,1.0,6.088982218310168,1.1842651230479506,0.830531038273375,56443.93930120502,112.9959973630378
-99.1668669,19.3601941,Benito Juárez,42000.0,466.6666666666667,90.0,2,2.0,5.92245528576222,1.2241007307949803,0.933319961735651,37016.29011660745,-11.865975912839401
-99.1515438,19.4312045,Cuauhtémoc,19200.0,533.3333333333334,36.0,1,1.0,6.241336483390632,1.005200149516694,0.830531038273375,44209.41769069161,130.2573838056855
-99.144843,19.3987308,Álamos,18000.0,257.14285714285717,70.0,1,1.0,5.35653213512131,0.9549809978590067,0.5,18948.170918343603,5.267616213020018
-99.1872682,19.4336459,Polanco,84000.0,280.0,300.0,3,3.0,5.381328198747555,0.7257814660657713,0.5,26238.627530009166,-68.76353865475099
-99.1752657,19.4237195,Paseo De La Reforma,20500.0,661.2903225806451,31.0,1,1.0,6.300449007345263,1.6319898087379558,0.5,58968.980456878395,187.65356320428486
-99.2018808,19.3481526,Atlamaya,48500.0,323.3333333333333,150.0,3,3.0,5.375442021788756,1.251651717892272,0.5,32313.49229407745,-33.37424269262382
-99.169545,19.2906711,Tlalpan,33000.0,161.76470588235293,204.0,3,2.0,5.409805088621339,0.8016247271454842,0.3919311241687132,36958.99093333778,11.996942222235697
-99.1633037,19.4058335,Cuauhtémoc,23500.0,618.421052631579,38.0,1,1.0,6.133681680794143,1.243654784134268,0.830531038273375,44176.8156519084,87.98644958258895
-99.190915,19.43353,Miguel Hidalgo,89000.0,268.8821752265861,331.0,3,2.0,5.668703079643316,0.5346304541061627,0.8585849060226639,86842.34128419856,-2.42433563573196
-99.1633037,19.4058335,Cuauhtémoc,23400.0,570.7317073170732,41.0,1,1.0,6.1077715400697,1.1477507359130161,0.830531038273375,47384.05047961422,102.49594222057358
-99.2453489,19.4005527,Miguel Hidalgo,36000.0,138.46153846153845,260.0,4,4.0,5.784605993904457,0.49477015695796006,0.8585849060226639,18943.580136765202,-47.37894406454111
-99.2555372,19.3413313,Villa Verdún,28000.0,112.0,250.0,3,3.0,5.371685109456381,0.5152136068492421,0.5,16653.665821152637,-40.52262206731201
-99.1476839,19.4332704,Cuauhtémoc,27200.0,647.6190476190476,42.0,1,1.0,6.16640863687974,1.1930478513435816,0.830531038273375,39983.47091465828,46.99805483330251
-99.1934907,19.3598623,Álvaro Obregón,30000.0,384.61538461538464,78.0,2,2.0,5.732040176347902,1.1492723531519118,0.0,47087.34832037215,56.957827734573826
-99.2227597,19.3892129,Boscoso,24500.0,245.0,100.0,2,2.0,5.363372754945694,1.4801880387044857,0.5,20160.312374214962,-17.71301071748995
-99.14322,19.4214424,Cuauhtémoc,25600.0,308.43373493975906,83.0,2,1.0,5.426257667307115,1.8575426305754184,0.830531038273375,14051.226885356224,-45.11239497907725
-99.1752657,19.4237195,Paseo De La Reforma,45200.0,447.5247524752475,101.0,3,2.0,6.323176082530173,1.1044405312743897,0.5,31904.141222542607,-29.415616764286266
-99.1990015,19.4430584,Ampliación Granada,27900.0,871.875,32.0,1,1.0,5.363745486052549,1.7404903712111086,0.5,25411.932872040277,-8.917803326020511
-99.1584802,19.4331903,Tabacalera,24000.0,631.578947368421,38.0,1,1.0,5.380117812450494,1.293447494883693,0.5,36960.07772428988,54.000323851207824
-99.1539172,19.4360737,Cuauhtémoc,35000.0,384.61538461538464,91.0,1,1.0,6.129345709363082,0.8558859205341355,0.830531038273375,26531.63837201253,-24.195318937107054
-99.1752657,19.4237195,Paseo De La Reforma,37200.0,523.943661971831,71.0,2,2.0,6.340105505837883,1.293033766703271,0.5,35767.78371140483,-3.8500437865461543
-99.1712126,19.4093714,Cuauhtémoc,45000.0,483.8709677419355,93.0,2,2.0,6.099391180170331,1.0887578630310986,0.830531038273375,49581.88495270551,10.181966561567808
-99.2511696,19.3881071,Cuajimalpa de Morelos,70000.0,234.11371237458195,299.0,3,3.0,5.607663290752258,0.654771905846903,0.49427437331671703,19773.529108375977,-71.75210127374861
-99.1633037,19.4058335,Cuauhtémoc,23600.0,621.0526315789474,38.0,1,1.0,6.099554400002074,1.2489469321518607,0.830531038273375,10255.419006330352,-56.544834718939185
-99.2200876,19.4486362,Periodista,32000.0,385.5421686746988,83.0,2,2.0,5.387859188115993,1.0358656756257836,0.5,32699.288489837174,2.185276530741169
-99.2150977,19.4497398,Miguel Hidalgo,16600.0,553.3333333333334,30.0,1,1.0,6.078807842959604,1.322918068855189,0.8585849060226639,47382.613157453416,185.43742865935792
-99.2910617,19.3676032,Monte De Las Cruces,75000.0,333.3333333333333,225.0,3,3.0,5.325191526783378,1.2138537031365126,0.5,43673.65961296483,-41.76845384938023
-99.1752657,19.4237195,Paseo De La Reforma,31100.0,586.7924528301887,53.0,1,1.0,6.274275570474095,1.4481374823785214,0.5,17250.335220522928,-44.53268417838287
-99.190915,19.43353,Miguel Hidalgo,33100.0,945.7142857142857,35.0,1,1.0,5.672925736355826,1.880406009063412,0.8585849060226639,40267.053730839405,21.65273030465077
-99.1332,19.4326,Granada Amp,55000.0,523.8095238095239,105.0,2,2.0,5.38149849398209,1.7557754341681429,0.5,30383.556627167593,-44.7571697687862
-99.203542,19.4418608,Ampliación Granada,49500.0,412.5,120.0,2,3.0,5.34078431112849,0.951901515325179,0.5,37483.37934508458,-24.27600132306146
-99.1751325,19.4164895,Cuauhtémoc,56000.0,509.09090909090907,110.0,2,2.0,5.3310642074073975,1.0387919269693389,0.830531038273375,14425.010268442285,-74.24105309206735
-99.2350423,19.405709,Lomas De Reforma,31500.0,315.0,100.0,2,1.0,5.3431102015372804,1.1665979736897734,0.5,20322.13944135046,-35.48527161476044
-99.1906167,19.4071156,Miguel Hidalgo,35000.0,648.1481481481482,54.0,1,1.0,5.349708541558212,1.6339452756530082,0.8585849060226639,21113.342473703247,-39.676164360847864
-99.2014215,19.442902,Ampliación Granada,55000.0,523.8095238095239,105.0,3,2.0,5.3704029791787,1.05362368847953,0.5,37842.80633694394,-31.194897569192836
-99.1476839,19.4332704,Cuauhtémoc,42000.0,442.10526315789474,95.0,2,2.0,6.192051632825174,0.8144490749884203,0.830531038273375,59316.09246250766,41.228791577399186
-99.2082399,19.3320531,La Magdalena Contreras,47000.0,205.24017467248908,229.0,2,2.0,5.3464202637337985,0.9183560903206508,0.3233249370829295,19820.867071619636,-57.827942400809285
-99.2996246,19.3572429,Cuajimalpa de Morelos,48000.0,494.8453608247423,97.0,2,2.0,5.361096396813869,1.9848420734096837,0.49427437331671703,30716.498141182637,-36.007295539202836
-99.2102915,19.4425356,Miguel Hidalgo,68000.0,576.271186440678,118.0,2,2.0,5.619204376227851,1.6941450219644711,0.8585849060226639,60572.87581515427,-10.922241448302541
-99.2346423,19.3978414,Lomas Altas,6500.0,13.0,500.0,4,4.0,5.317190315921918,0.047774640139696234,0.5,21609.673227329822,232.45651118968956
-99.1515438,19.4312045,Cuauhtémoc,35600.0,508.57142857142856,70.0,2,2.0,6.178580101321312,0.9585301425748474,0.830531038273375,26672.178696724808,-25.078149728301103
-99.1871169,19.3569982,Álvaro Obregón,40000.0,224.7191011235955,178.0,2,3.0,5.592956945808639,0.7429371580486959,0.0,18722.927966802457,-53.19268008299386
-99.2767967,19.3530225,Contadero,36000.0,439.0243902439024,82.0,1,1.0,6.046717198790496,1.1162215593473923,0.5,15359.270029248086,-57.33536102986643
-99.2779741,19.3631581,El Yaqui,42100.0,400.95238095238096,105.0,2,2.0,5.367675296220667,1.0522432985035177,0.5,40792.150369169016,-3.10653118962229
-99.1999771,19.4311522,Polanco,4500.0,26.470588235294116,170.0,2,2.0,6.691335031261755,0.07797405563919974,0.5,41058.28449726506,812.4063221614456
-99.2802289,19.363799,Cuajimalpa de Morelos,15000.0,154.63917525773195,97.0,1,1.0,5.364755092544279,0.41257426336041086,0.49427437331671703,51006.46030563466,240.04306870423108
-99.2880186,19.3618242,Cuajimalpa de Morelos,17000.0,175.2577319587629,97.0,1,1.0,5.351088378322679,0.5464791579182264,0.49427437331671703,20578.794516477923,21.051732449870137
-99.1332,19.4326,Moctezuma 2Da Secc,14000.0,291.6666666666667,48.0,2,1.0,5.368530456384756,0.9776476849345341,0.5,23634.099843701577,68.81499888358269
-99.1579016,19.3905208,Benito Juárez,33900.0,505.97014925373134,67.0,2,2.0,5.714078956239053,1.6913754674180204,0.933319961735651,41077.36900745151,21.172179962983808
-99.1569296,19.4666602,Azcapotzalco,22500.0,308.2191780821918,73.0,3,2.0,5.383778956192712,1.4637566482712245,0.7799341145447056,29591.730080138736,31.518800356172154
-99.190915,19.43353,Miguel Hidalgo,9500.0,18.26923076923077,520.0,3,3.0,5.650154362551862,0.03632552858549759,0.8585849060226639,26569.737892452817,179.68145149950334
-99.190915,19.43353,Miguel Hidalgo,58000.0,878.7878787878788,66.0,2,1.0,5.654567000980499,1.7473332410504103,0.8585849060226639,58607.83745292165,1.047995608485608
-99.1926322,19.4402557,Miguel Hidalgo,70000.0,416.6666666666667,168.0,3,3.0,6.055035897629345,0.8635484602453599,0.8585849060226639,27637.310227158512,-60.51812824691641
-99.1332,19.4326,Polanco Iii Secc,53200.0,506.6666666666667,105.0,2,2.0,5.3849046937997995,1.6983136926862763,0.5,39957.42397125733,-24.89206020440351
-99.190915,19.43353,Miguel Hidalgo,99000.0,471.42857142857144,210.0,3,3.0,5.628363016500168,0.9373625120708853,0.8585849060226639,26641.308600884935,-73.0895872718334
-99.1926322,19.4402557,Miguel Hidalgo,5900.0,32.77777777777778,180.0,3,3.0,6.150412258490808,0.06793247887263498,0.8585849060226639,31574.782452102503,435.16580427292376
-99.190915,19.43353,Miguel Hidalgo,100000.0,625.0,160.0,3,2.0,5.651406111697842,1.242715451609128,0.8585849060226639,46998.72785825598,-53.00127214174402
-99.1981252,19.3560226,Los Alpes,45500.0,303.3333333333333,150.0,2,2.0,5.387539906926886,1.2168092501300964,0.5,49261.11209660911,8.266180432107936
-99.2612571,19.3610393,Álvaro Obregón,35000.0,225.80645161290323,155.0,2,2.0,5.8244170714359065,0.6349367963263928,0.0,43256.3656740384,23.589616211538296
-99.190915,19.43353,Miguel Hidalgo,40000.0,909.0909090909091,44.0,1,1.0,5.61561233189478,1.807586111431459,0.8585849060226639,22079.87855108247,-44.800303622293825
-99.190915,19.43353,Miguel Hidalgo,24000.0,533.3333333333334,45.0,1,1.0,5.640139575519378,1.0604505187064561,0.8585849060226639,16428.15997692012,-31.549333429499498
-99.1752046,19.401204,Miguel Hidalgo,45000.0,463.91752577319585,97.0,1,1.0,5.393589131794773,1.593612991445767,0.8585849060226639,27976.858766095895,-37.82920274200912
-99.190915,19.43353,Miguel Hidalgo,50000.0,1111.111111111111,45.0,1,1.0,5.653923309663083,2.2092719139717834,0.8585849060226639,29410.776808273586,-41.17844638345283
-99.1493947,19.44286,Buenavista,19500.0,390.0,50.0,2,1.0,5.353728454092547,1.6388470227140364,0.5,28353.300107964395,45.401539015202026
-99.190915,19.43353,Miguel Hidalgo,35000.0,1000.0,35.0,1,1.0,5.634966074508929,1.988344722574605,0.8585849060226639,33280.58308566494,-4.912619755243026
-99.190915,19.43353,Miguel Hidalgo,37500.0,914.6341463414634,41.0,1,1.0,5.640668536964376,1.8186079779645776,0.8585849060226639,43994.67477277052,17.31913272738806
-99.190915,19.43353,Miguel Hidalgo,105000.0,300.0,350.0,3,3.0,5.664756415275569,0.5965034167723815,0.8585849060226639,26740.19913624734,-74.53314367976445
-99.1233041,19.4613244,500,40500.0,573.6543909348443,70.6,1,1.0,5.367649379289047,3.343492129392898,0.5,50789.082019041925,25.40514078775784
-99.1562869,19.4686716,Col Del Gas,17000.0,320.75471698113205,53.0,2,1.0,5.3607497272845555,1.5569409762713793,0.5,27998.324929658895,64.6960289979935
-99.1559072,19.4025902,Mexico City,30000.0,240.0,125.0,3,2.0,5.344869369801124,0.6950692261960161,0.5,16329.984421844172,-45.56671859385276
-99.1332,19.4326,Polanco I Secc,80000.0,363.6363636363636,220.0,3,3.0,5.396219933872536,1.2188854253729255,0.5,56982.17886720339,-28.77227641599577
-99.1625655,19.4183227,Cuauhtémoc,50000.0,454.54545454545456,110.0,2,2.0,6.197657743265937,0.9077168848446907,0.830531038273375,22166.627813510455,-55.666744372979096
-99.190915,19.43353,Miguel Hidalgo,60000.0,240.0,250.0,3,2.0,5.673049960659097,0.4772027334179052,0.8585849060226639,35794.33192333364,-40.342780127777274
-99.1550215,19.3760816,Benito Juárez,40000.0,408.16326530612247,98.0,3,2.0,5.9344890228062575,1.4845746437426683,0.933319961735651,31294.355646395867,-21.764110884010336
-99.2541091,19.3831073,Cuajimalpa de Morelos,58200.0,325.13966480446925,179.0,3,3.0,5.382278425616959,1.0875987584833804,0.49427437331671703,15367.249815870846,-73.59579069437999
-99.190915,19.43353,Polanco,38000.0,542.8571428571429,70.0,1,1.0,5.362018559651696,1.0793871351119284,0.5,8535.328263112917,-77.53860983391337
-99.2977738,19.3693476,Manzanastitla,17000.0,293.1034482758621,58.0,2,1.0,5.357299060638427,1.2556787455418152,0.5,15831.192011647978,-6.875341107953072
-99.1625655,19.4183227,Cuauhtémoc,30000.0,750.0,40.0,1,1.0,6.1152524806773165,1.4977328599937396,0.830531038273375,32177.75941460924,7.259198048697471
-99.2059775,19.3621697,Pilares Águilas,30000.0,240.0,125.0,3,2.0,5.365917830142953,0.9415351872252975,0.5,17908.00708703298,-40.3066430432234
-99.2267103,19.3035748,Tlalpan,60000.0,300.0,200.0,2,2.0,5.344080926947653,1.3979041840641164,0.3919311241687132,12055.848566127088,-79.90691905645485
-99.1684376,19.1416217,500,38500.0,296.15384615384613,130.0,2,2.0,5.368463958622441,0.8389358270542498,0.5,25331.303075027154,-34.20440759733207
-99.190915,19.43353,Miguel Hidalgo,75000.0,441.1764705882353,170.0,3,2.0,5.639353774541868,0.8772109070182081,0.8585849060226639,39522.72252821777,-47.30303662904298
-99.157701,19.3718796,Benito Juárez,25000.0,384.61538461538464,65.0,1,1.0,5.642885388320282,1.1781277911603714,0.933319961735651,46557.34722773519,86.22938891094077
-99.190915,19.43353,Miguel Hidalgo,5900.0,36.875,160.0,2,3.0,5.638697569267809,0.07332021164493856,0.8585849060226639,29197.553911099378,394.8737951033793
-99.1926322,19.4402557,Miguel Hidalgo,45000.0,529.4117647058823,85.0,2,2.0,6.116202488973379,1.0972145141941043,0.8585849060226639,31938.968501002677,-29.024514442216276
-99.2612571,19.3610393,Cdmx.,29500.0,320.6521739130435,92.0,2,2.0,5.376074797880183,0.9016299693175253,0.5,13049.591423954236,-55.76409686795174
-99.1650916,19.4314989,Cuauhtémoc,40000.0,363.6363636363636,110.0,2,2.0,5.340693871924631,0.7108288376293118,0.830531038273375,38600.673488469605,-3.498316278825987
-99.272261,19.3581682,Cuajimalpa de Morelos,40000.0,1000.0,40.0,2,3.0,5.961562422353361,2.8338059620048015,0.49427437331671703,33543.618195669995,-16.14095451082501
-99.1182511,19.2755094,Puente Grande,24000.0,352.94117647058823,68.0,2,2.0,5.3791296335131085,3.0800368125345012,0.5,40579.22588192142,69.08010784133924
-99.2052335,19.4401422,Ampliación Granada,5900.0,32.77777777777778,180.0,3,3.0,5.353212164448778,0.08342662831691147,0.5,19137.98725081444,224.37266526804135
-99.1926322,19.4402557,Miguel Hidalgo,42000.0,494.11764705882354,85.0,2,2.0,6.041336385081802,1.0240668799144974,0.8585849060226639,30576.61642542788,-27.198532320409807
-99.1880639,19.4335653,Polanco,45000.0,375.0,120.0,2,2.0,5.3725149582445715,0.8843171781147814,0.5,17795.904308970235,-60.453545980066146
-99.1756829,19.3891275,Del Valle Centro,35000.0,233.33333333333334,150.0,3,3.0,5.3620861008311635,0.556795505224624,0.5,254176.37459309434,626.2182131231267
-99.1625655,19.4183227,Cuauhtémoc,26000.0,742.8571428571429,35.0,1,1.0,6.180727667985891,1.4834687375176088,0.830531038273375,85009.57127135212,226.95988950520047
-99.2805296,19.3679593,El Molino,44000.0,269.93865030674846,163.0,3,3.0,5.344560740956878,0.7228888554778296,0.5,21811.301738019025,-50.42885968632039
-99.250823,19.3687441,Álvaro Obregón,110000.0,349.2063492063492,315.0,3,3.0,5.683139247884317,1.3594275600602999,0.0,40561.29321227343,-63.12609707975143
-99.1591816,19.4670752,Col Del Gas,16900.0,244.92753623188406,69.0,2,1.0,5.520585935224165,1.2271503104855117,0.5,26929.84452773629,59.348192471812375
-99.1684189,19.3756516,Col Del Valle Centro,35000.0,357.14285714285717,98.0,2,2.0,5.3552895892259995,1.2102847473451481,0.5,27711.343079100167,-20.82473405971381
-99.1853174,19.4294085,Polanco,68000.0,343.4343434343434,198.0,2,2.0,5.355633549221689,1.1265829866786634,0.5,65905.1301994584,-3.080690883149402
-99.190915,19.43353,Miguel Hidalgo,110000.0,558.3756345177665,197.0,2,2.0,5.62904317466436,1.1102432461076475,0.8585849060226639,23152.004406471497,-78.95272326684409
-99.1937966,19.4284074,Polanco,90000.0,300.0,300.0,3,4.0,5.34340415493914,0.877626481407577,0.5,43322.03683835655,-51.864403512937166
-99.1597635,19.4370188,Cuauhtémoc,20000.0,285.7142857142857,70.0,2,2.0,5.388087456413702,0.5849695812281823,0.830531038273375,30012.853388614585,50.06426694307292
-99.1738087,19.4100923,Hipódromo,42800.0,407.6190476190476,105.0,3,2.0,5.384998794758422,0.9307069506905942,0.5,30616.994377597483,-28.464966407482517
-99.1650916,19.4314989,Cuauhtémoc,39900.0,362.72727272727275,110.0,2,2.0,5.33838673777277,0.7090517655352386,0.830531038273375,43000.9073107596,7.771697520700746
-99.1542745,19.3988291,Narvarte Poniente,27000.0,385.7142857142857,70.0,2,2.0,5.357883208091268,1.2170289407529364,0.5,26192.065484041224,-2.992350059106576
-99.190915,19.43353,Miguel Hidalgo,65000.0,411.39240506329116,158.0,2,2.0,5.6617367755740124,0.8179899175148692,0.8585849060226639,29118.3831039424,-55.20248753239632
-99.1261924,19.4071138,Artes Gráficas,9500.0,237.5,40.0,1,1.0,5.37150146796219,1.9607175054659867,0.5,24500.0555270467,157.8953213373337
-99.1771152,19.2491758,Tlalpan,10000.0,161.29032258064515,62.0,2,2.0,5.353509090229785,1.0311287242510665,0.3919311241687132,39849.51284959403,298.49512849594026
-99.1458553,19.4454382,Guerrero,12000.0,200.0,60.0,3,1.0,5.367770153567229,0.8751359578106845,0.5,30893.758230417974,157.44798525348313
-99.0941085,19.3334994,Fuego Nuevo,9500.0,118.75,80.0,2,1.0,5.360868911776413,0.7975441228647786,0.5,31391.02889642236,230.43188312023534
-99.147504,19.4658275,Azcapotzalco,9500.0,475.0,20.0,1,1.0,6.101959942848135,2.5289465359369903,0.7799341145447056,46288.642173271364,387.2488649818038
-99.2021996,19.3370667,Álvaro Obregón,9000.0,360.0,25.0,1,1.0,5.773558754349266,1.3425990896910645,0.0,256929.02777401468,2754.76697526683
-99.1738081,19.3896634,Benito Juárez,35000.0,259.25925925925924,135.0,3,2.0,6.156049092123472,0.6433232438917899,0.933319961735651,25105.59165986402,-28.269738114674226
-99.157701,19.3718796,Benito Juárez,18000.0,225.0,80.0,2,1.0,5.880850952024684,0.6892047578288172,0.933319961735651,28375.596352552508,57.64220195862504
-99.1712126,19.4093714,Hipódromo,23500.0,618.421052631579,38.0,1,1.0,5.378169563496169,1.3915089530143077,0.5,24432.87438631852,3.969678239653273
-99.2560658,19.313799,San Bernabé Ocotepec,5000.0,125.0,40.0,1,1.0,5.3703296761467,0.7616157409541517,0.5,14388.65340337346,187.7730680674692
-99.1332,19.4326,Atenor Salas,14500.0,322.22222222222223,45.0,2,1.0,5.36425239817708,1.0800679185943425,0.5,19761.96383692482,36.28940577189531
-99.1118532,19.4894221,Triunfo De La República,10500.0,111.70212765957447,94.0,2,1.0,5.349909034243223,1.0132615173708368,0.5,28872.744446898574,174.9785185418912
-99.2139354,19.3356885,000,14000.0,212.12121212121212,66.0,3,1.0,5.388512378474402,1.0485565291678378,0.5,44144.72579619614,215.31946997282952
-99.1785173,19.3808563,Noche Buena,18000.0,225.0,80.0,2,1.0,5.363248506410362,1.2276563765939963,0.5,30787.104702273307,71.03947056818504
-99.1521863,19.3012044,Bosques De Tetlameya,15000.0,75.0,200.0,1,1.0,5.3629352205775955,0.46142155519813105,0.5,65946.99251214972,339.64661674766484
-99.1732855,19.3910468,Nápoles,23300.0,582.5,40.0,1,1.0,5.370844911859651,1.3965264010334153,0.5,15183.161174537005,-34.836218135034315
-99.1482072,19.3983245,Narvarte Oriente,20000.0,250.0,80.0,2,1.0,5.382949136526572,0.8882972541180775,0.5,17162.501483973578,-14.18749258013211
-99.2996246,19.3572429,Cuajimalpa de Morelos,13800.0,145.26315789473685,95.0,3,1.0,5.379940354010954,0.5826556139180269,0.49427437331671703,14013.243448311157,1.5452423790663579
-99.1623019,19.3816335,Col Del Valle Centro,22000.0,271.60493827160496,81.0,1,2.0,5.374790074823903,0.8295248664580113,0.5,28323.525407234418,28.743297305610987
-99.1712126,19.4093714,Hipódromo,23500.0,691.1764705882352,34.0,1,1.0,5.341417059679493,1.5552158886630496,0.5,16294.796368228617,-30.660440986261207
-99.1732855,19.3910468,Nápoles,23300.0,582.5,40.0,1,1.0,5.374425580862876,1.3965264010334153,0.5,22667.8466070767,-2.713104690657944
-99.1536919,19.5337832,Gustavo A. Madero,15000.0,147.05882352941177,102.0,3,2.0,5.380787639440762,0.8212023704616693,0.829803447501769,26283.00107681555,75.22000717877035
-99.190915,19.43353,Miguel Hidalgo,65000.0,596.3302752293578,109.0,1,1.0,5.629594660287302,1.1857101556637553,0.8585849060226639,18322.929837958163,-71.81087717237207
-99.1866064,19.4344164,Chapultepec Morales,26500.0,441.6666666666667,60.0,10,1.0,5.3789797044649195,1.1684842051489746,0.5,22786.630425017334,-14.012715377293079
-99.1538618,19.5308387,Solidaridad Nacional,15000.0,147.05882352941177,102.0,3,2.0,5.364321186926927,0.8212023704616693,0.5,20477.783592154196,36.51855728102797
-99.1609858,19.3698638,Benito Juárez,28000.0,560.0,50.0,1,1.0,6.077251091351638,1.5618079130045326,0.933319961735651,14011.182691685477,-49.96006181540901
-99.1856393,19.369517,San José Insurgentes,33500.0,181.0810810810811,185.0,3,4.0,5.384561022610168,0.585157658693748,0.5,30339.140040512757,-9.435402864141023
-99.1666036,19.1954733,500,31500.0,262.5,120.0,3,2.0,5.365174080291202,0.717096028462843,0.5,34696.13226001445,10.146451619093487
-99.2975093,19.3517477,Cuajimalpa de Morelos,9200.0,368.0,25.0,1,1.0,5.371301815010974,1.1621833854488013,0.49427437331671703,19856.215609044863,115.82843053309632
-99.1440685,19.4598779,San Simón Tolnahuac,14500.0,223.07692307692307,65.0,2,1.0,5.351011154231895,1.8551150161771737,0.5,17302.800133288747,19.32965609164653
-99.2805296,19.3679593,El Molino,13000.0,216.66666666666666,60.0,1,1.0,5.3606198151331235,0.5802278351354245,0.5,33441.26302072275,157.2404847747904
-99.1885194,19.3944144,San Pedro De Los Pinos,15500.0,469.6969696969697,33.0,1,1.0,5.986822807959894,1.6277011656860467,0.5,17714.784925448683,14.288935002894728
-99.1224987,19.3083921,Coapa,15000.0,208.33333333333334,72.0,2,2.0,5.36162893278137,1.5476959673675432,0.5,28978.605632223094,93.19070421482063
-99.1669696,19.3837691,Col Del Valle Centro,25300.0,460.0,55.0,2,1.0,5.340248763344558,1.4568675949511534,0.5,28355.675010404866,12.077766839544925
-99.1507827,19.4335301,Juárez,19100.0,502.63157894736844,38.0,1,1.0,6.461531307409575,0.9566507561988737,0.5,11037.19703098948,-42.21362811000272
-99.2993588,19.3465983,Contadero,40500.0,337.5,120.0,2,2.0,5.366592558213798,1.0095628760940831,0.5,33602.74868790098,-17.03025015333091
-99.1331785,19.4326296,Mexico City,22000.0,343.75,64.0,3,2.0,5.3619628786665405,0.8371525362085752,0.5,30826.956571295625,40.122529869525565
-99.1939061,19.3921572,Tolteca,15000.0,250.0,60.0,2,1.0,5.38328493776232,0.8980970009928555,0.5,20183.369184263618,34.55579456175745
-99.0925404,19.3588629,Iztapalapa,17200.0,245.71428571428572,70.0,3,1.0,4.918408696738072,3.1311785298919763,1.0,40366.15441787939,134.68694428999646
-99.1331785,19.4326296,Cuauhtémoc,39000.0,469.87951807228916,83.0,2,2.0,6.1740528661595,1.1443224153212506,0.830531038273375,23211.79163419007,-40.48258555335879
-99.2612571,19.3610393,Álvaro Obregón,19000.0,345.45454545454544,55.0,1,1.0,5.78190349915229,0.9713708390551827,0.0,10429.131216343945,-45.10983570345292
-99.164374,19.4391379,San Rafael,22000.0,244.44444444444446,90.0,3,1.0,5.3721064801875436,0.5776925123277721,0.5,42465.76080495107,93.0261854770503
-99.1625655,19.4183227,Cuauhtémoc,38000.0,351.85185185185185,108.0,3,2.0,6.212237835818186,0.7026401071575569,0.830531038273375,35272.734889291656,-7.177013449232483
-99.2546859,19.3772786,Zedec Sta Fé,33000.0,392.85714285714283,84.0,2,2.0,5.369417239151413,1.2298004047467506,0.5,31617.59756880465,-4.189098276349547
-99.190915,19.43353,Miguel Hidalgo,195000.0,433.3333333333333,450.0,4,4.0,5.659841002771081,0.8616160464489955,0.8585849060226639,59502.60612922361,-69.48584301065456
-99.1528997,19.3622777,Portales Sur,19500.0,278.57142857142856,70.0,2,2.0,5.355355002333714,1.7747354923343344,0.5,22791.09456394948,16.877408020253736
-99.2773211,19.3640324,El Yaqui,19000.0,395.8333333333333,48.0,1,1.0,6.225229008630315,1.053311031349106,0.5,28382.742041606947,49.382852850562884
-99.1531395,19.4212552,Doctores,26800.0,382.85714285714283,70.0,2,1.0,5.357069590904422,1.262007455708501,0.5,34560.30386663923,28.956357711340413
-99.176429,19.4148639,Cuauhtémoc,63000.0,381.8181818181818,165.0,2,2.0,6.152198530297797,0.7717140823720641,0.830531038273375,25862.196024942088,-58.94889519850462
-99.1674208,19.4090905,Roma Sur,21000.0,500.0,42.0,1,1.0,5.395389282785149,1.137440349161768,0.5,25636.471000774836,22.07843333702303
-99.2024708,19.4522944,México Nuevo,24800.0,190.76923076923077,130.0,3,2.0,5.332157754286926,0.8603305032114807,0.5,26452.73691378489,6.664261749132624
-99.1738081,19.3896634,Benito Juárez,36000.0,266.6666666666667,135.0,3,2.0,6.120632624935488,0.661703908002984,0.933319961735651,33333.336809971726,-7.407397750078538
-99.250823,19.3687441,Álvaro Obregón,120000.0,282.3529411764706,425.0,3,3.0,5.727536077225446,1.0991735138027665,0.0,22898.535723932204,-80.91788689672316
-99.0506388,19.2181385,000,17000.0,459.4594594594595,37.0,1,1.0,5.372322352686896,2.1466673531523894,0.5,28640.277819205767,68.47222246591627
-99.1705556,19.2514512,San Andrés Totoltepec,5000.0,100.0,50.0,1,1.0,5.365966755490745,0.6250097827052127,0.5,29996.116576416687,499.92233152833376
-99.2511696,19.3881071,Cuajimalpa de Morelos,65000.0,129.4820717131474,502.0,2,2.0,5.641831617513663,0.36213693768168925,0.49427437331671703,31663.11446266028,-51.28751621129189
-99.1549484,19.37791,Sta Cruz Atoyac,23500.0,261.1111111111111,90.0,2,2.0,5.336445723418574,0.9557454858357487,0.5,20177.756801481246,-14.137205100079806
-99.1990015,19.4430584,Granada,32100.0,1070.0,30.0,1,1.0,6.633301722215489,2.135999652697791,0.5,35898.80202600401,11.834274224311548
-99.2482719,19.3308418,Álvaro Obregón,37000.0,176.1904761904762,210.0,2,2.0,5.195999442014172,0.9429387400791298,0.0,29854.985487354686,-19.310850034176525
-99.1625655,19.4183227,Cuauhtémoc,22000.0,628.5714285714286,35.0,1,1.0,6.172976614047142,1.255242777899515,0.830531038273375,40581.509027314874,84.46140466961306
-99.1609858,19.3698638,Benito Juárez,30000.0,428.57142857142856,70.0,2,2.0,6.077517122739431,1.195261157911632,0.933319961735651,33530.84726685351,11.769490889511703
-99.1901766,19.4519284,San Juanico,18000.0,360.0,50.0,2,1.0,5.792302479152152,2.0803625851071286,0.5,15176.462655014202,-15.686318583254433
-99.1892165,19.3613228,Guadalupe Inn,18000.0,514.2857142857143,35.0,1,1.0,5.357734407101246,1.6680812450237965,0.5,18428.506427885895,2.380591266032752
-99.139751,19.3746789,Zacahuitzco,21500.0,268.75,80.0,2,2.0,5.362471919835146,1.3831105944187516,0.5,17368.17069886458,-19.217810702955447
-99.2156265,19.4514541,Lomas De Sotelo,21200.0,385.45454545454544,55.0,1,1.0,5.347733949058393,0.93837003790338,0.5,15673.361572236097,-26.06904918756558
-99.1907173,19.4553604,Miguel Hidalgo,13000.0,433.3333333333333,30.0,1,1.0,5.352748055837275,2.745083428729452,0.8585849060226639,30872.22291679558,137.47863782150446
-99.176429,19.4148639,Cuauhtémoc,48000.0,564.7058823529412,85.0,2,2.0,6.1275839099497205,1.141358642835994,0.830531038273375,50989.339829516386,6.227791311492472
-99.0979311,19.4891146,Salvador Díaz Mirón,26000.0,152.94117647058823,170.0,2,1.0,5.352255108827361,0.8146581196887228,0.5,19369.531423386463,-25.501802217744373
-99.1885194,19.3944144,San Pedro De Los Pinos,24600.0,390.4761904761905,63.0,2,2.0,6.149989824906923,1.353167236358354,0.5,27927.525371828775,13.526525901742989
-99.1507827,19.4335301,Juárez,19100.0,636.6666666666666,30.0,1,1.0,6.223119284509411,1.2117576245185733,0.5,49855.069706605114,161.02130736442467
-99.0875367,19.4193389,La Rosita,29500.0,307.2916666666667,96.0,2,2.0,6.119720459226655,1.556938446316936,0.5,20736.24034309255,-29.707659853923555
-99.1990015,19.4430584,Granada,29000.0,763.1578947368421,38.0,1,1.0,6.97070656482157,1.5234626150574504,0.5,27767.088108956254,-4.251420313943953
-99.2751709,19.3769798,Cuajimalpa de Morelos,65000.0,129.4820717131474,502.0,2,2.0,5.639227649742832,0.48348382622002634,0.49427437331671703,20397.848013432424,-68.61869536395012
-99.1668669,19.3601941,Benito Juárez,30500.0,363.0952380952381,84.0,2,2.0,5.968092888733363,0.9524253135011963,0.933319961735651,40867.47815891104,33.991731668560796
-99.1697608,19.4252857,Juárez,26900.0,597.7777777777778,45.0,1,1.0,6.824536859001366,1.259895438892023,0.5,61023.040385039996,126.85145124550183
-99.1697608,19.4252857,Juárez,25000.0,892.8571428571429,28.0,1,1.0,6.364485588974658,1.8818140849090887,0.5,33593.44120328098,34.37376481312391
-99.0925404,19.3588629,Iztapalapa,17200.0,132.30769230769232,130.0,3,1.0,5.502369187539026,1.686019208403372,1.0,34022.64397797774,97.80606963940548
-99.09633,19.4201724,Santa Cruz Aviación,14500.0,181.25,80.0,2,1.0,5.338993262426122,0.6807762847573446,0.5,55244.55864693157,280.996956185735
-99.1587376,19.3788814,Benito Juárez,49000.0,210.30042918454936,233.0,2,3.0,6.002309430075863,0.7697172299299342,0.933319961735651,72678.2753661277,48.323010951281006
-99.1550215,19.3760816,Letran Valle,35000.0,343.1372549019608,102.0,3,2.0,5.357634177072368,1.2480615264797432,0.5,45806.67920260689,30.876226293162535
-99.310646,19.3449279,Cuajimalpa de Morelos,8500.0,188.88888888888889,45.0,1,1.0,5.348134292378341,0.6307510310441988,0.49427437331671703,35773.087044556036,320.8598475830122
-99.0767937,19.4091058,Agrícola Oriental,15900.0,256.4516129032258,62.0,2,2.0,5.365033792110401,2.6422793690911126,0.5,30405.616341251025,91.23029145440896
-99.1597167,19.4282101,Juárez,30000.0,491.8032786885246,61.0,1,1.0,6.329637900857449,0.9199045695307992,0.5,54994.829511794815,83.31609837264938
-99.1697608,19.4252857,Juárez,27200.0,906.6666666666666,30.0,1,1.0,6.413263633999327,1.9109194760890158,0.5,33952.66435936398,24.825971909426404
-99.1719352,19.4126623,Colonia Condesa,35000.0,583.3333333333334,60.0,2,1.0,5.357051224700442,1.324600615363651,0.5,38796.414756045684,10.84689930298767
-99.2779741,19.3631581,El Yaqui,50000.0,352.11267605633805,142.0,3,3.0,5.350821405064797,0.9240703417656598,0.5,41372.590282184334,-17.254819435631333
-99.272261,19.3581682,Cuajimalpa de Morelos,39900.0,280.98591549295776,142.0,2,3.0,5.943445406152477,0.7962595625633211,0.49427437331671703,34732.45669394241,-12.951236356034057
-99.2993588,19.3465983,Contadero,40500.0,337.5,120.0,2,2.0,5.3458593025728725,1.0095628760940831,0.5,60051.94038526752,48.27639601300621
-99.1679517,19.3594583,Xoco,34500.0,431.25,80.0,1,1.0,6.256512269509968,1.0567710909202659,0.5,23388.16642548717,-32.20821325945749
-99.2612571,19.3610393,Santa Fe,32500.0,361.1111111111111,90.0,2,2.0,5.910067948536392,1.0153949560299058,0.5,48161.2795638908,48.18855250427938
-99.2156265,19.4514541,Lomas De Sotelo,31100.0,464.17910447761193,67.0,2,2.0,5.374937199142987,1.1300210854926298,0.5,49005.255166626644,57.57316773834934
-99.1757027,19.3060161,Coyoacán,39000.0,354.54545454545456,110.0,3,3.0,6.040380797202748,1.3556465236600719,0.750956198657275,52609.48668399385,34.896119702548326
-99.2612571,19.3610393,Santa Fe,27000.0,364.86486486486484,74.0,1,1.0,5.893434842135687,1.0259499971528778,0.5,27180.00878389773,0.6666991996212245
-99.1332,19.4326,Lt Condominio Satori,28000.0,368.42105263157896,76.0,1,1.0,5.351814255099213,1.2349233914962536,0.5,15373.9217459783,-45.093136621506076
-99.2996246,19.3572429,Cuajimalpa de Morelos,13800.0,162.35294117647058,85.0,3,2.0,5.377122332107625,0.6512033332025006,0.49427437331671703,63222.62102307935,358.1349349498504
-99.1597167,19.4282101,Juárez,42000.0,525.0,80.0,2,2.0,6.308424411698519,0.9819981279741282,0.5,61082.762542226796,45.4351489100638
-99.1587376,19.3788814,Benito Juárez,58000.0,248.92703862660943,233.0,2,3.0,5.807129693535096,0.9110938639986976,0.933319961735651,30358.781266199683,-47.657273678966064
-99.2014215,19.442902,Miguel Hidalgo,33000.0,366.6666666666667,90.0,2,2.0,6.15506117765945,0.737536581935671,0.8585849060226639,36248.172671939144,9.842947490724681
-99.1876125,19.3762376,Benito Juárez,25500.0,364.2857142857143,70.0,2,2.0,5.368442831586626,1.7130772840027595,0.933319961735651,48398.399494767335,89.79764507751896
-99.2156265,19.4514541,Lomas De Sotelo,17200.0,464.86486486486484,37.0,1,1.0,5.373005505373839,1.1316905352582833,0.5,20665.196274022346,20.146489965246197
-99.1597167,19.4282101,Juárez,35000.0,522.3880597014926,67.0,1,1.0,6.322748689379142,0.9771125651483863,0.5,32546.24497867424,-7.0107286323593145
-99.1906167,19.4071156,Miguel Hidalgo,78000.0,273.6842105263158,285.0,3,3.0,5.734377218272158,0.689942606621601,0.8585849060226639,16938.14781648823,-78.28442587629715
-99.1728842,19.397499,Nápoles,35000.0,411.7647058823529,85.0,2,1.0,5.34565855379452,1.098143357463716,0.5,27821.356099961406,-20.510411142967413
-99.176429,19.4148639,Cuauhtémoc,50000.0,568.1818181818181,88.0,1,1.0,6.131202457565791,1.1483840511489047,0.830531038273375,47314.495396066915,-5.371009207866169
-99.1556475,19.3872763,Narvarte Poniente,30000.0,267.85714285714283,112.0,3,2.0,5.376270885213116,0.9758238074622715,0.5,29192.761722822826,-2.690794257257245
-99.1597167,19.4282101,Juárez,28000.0,636.3636363636364,44.0,1,1.0,6.248408308346345,1.1903007611807614,0.5,28473.815310420818,1.692197537217206
-99.1712126,19.4093714,Cuauhtémoc,110000.0,478.2608695652174,230.0,3,3.0,6.098082738144078,1.0761345834597236,0.830531038273375,27027.254022006306,-75.42976907090335
-99.2993588,19.3465983,Cuajimalpa de Morelos,20000.0,322.5806451612903,62.0,1,1.0,5.820561489662564,0.964934648596495,0.49427437331671703,19971.27320236814,-0.1436339881593085
-99.1518741,19.4334705,Juárez,20400.0,510.0,40.0,1,1.0,5.34741737968545,1.0207776701995839,0.5,29258.66137823288,43.42481067761215
-99.190915,19.43353,Miguel Hidalgo,47000.0,235.0,200.0,3,2.0,5.659540111105274,0.46726100980503216,0.8585849060226639,15720.391484638398,-66.55235854332255
-99.1668669,19.3601941,Benito Juárez,40000.0,347.82608695652175,115.0,3,3.0,5.956838079363249,0.9123732154993641,0.933319961735651,42616.04310529723,6.540107763243068
-99.0684022,19.3102514,Iztapalapa,13500.0,132.35294117647058,102.0,2,1.0,5.3354908469584075,0.6733374526228977,1.0,38765.39657079548,187.15108570959615
-99.1476839,19.4332704,Cuauhtémoc,33500.0,418.75,80.0,1,1.0,6.214842686344329,0.7714238634376928,0.830531038273375,39486.72045126857,17.870807317219615
-99.139751,19.3746789,Zacahuitzco,21500.0,268.75,80.0,2,2.0,5.345529014940772,1.3831105944187516,0.5,47578.249943260525,121.29418578260709
-99.1989003,19.453167,Legaria,23000.0,242.10526315789474,95.0,2,3.0,5.361932146493337,0.8504508738859208,0.5,23509.534213132687,2.2153661440551606
-99.1747033,19.4131586,Colonia Condesa,34800.0,828.5714285714286,42.0,2,1.0,5.369723025695299,1.663077036477227,0.5,26738.402612020647,-23.165509735572854
-99.1926322,19.4402557,Miguel Hidalgo,31000.0,344.44444444444446,90.0,2,2.0,6.092714672844377,0.7138667271361643,0.8585849060226639,47374.70198466342,52.82161930536587
-99.1331785,19.4326296,Cuauhtémoc,39000.0,325.0,120.0,1,1.0,5.374070211730814,0.7914896705971983,0.830531038273375,89073.52249901241,128.39364743336517
-99.190915,19.43353,Miguel Hidalgo,38000.0,542.8571428571429,70.0,1,1.0,5.622473749339035,1.0793871351119284,0.8585849060226639,71546.57785838486,88.28046804838121
-99.1836682,19.3723233,Benito Juárez,37000.0,250.0,148.0,3,3.0,5.740756517893061,0.8501296420001124,0.933319961735651,32653.104533172158,-11.748366126561734
-99.190915,19.43353,Miguel Hidalgo,110000.0,567.0103092783505,194.0,2,2.0,5.658621785579996,1.1274119560990028,0.8585849060226639,53961.79534930669,-50.94382240972119
-99.2095072,19.4344621,Miguel Hidalgo,99000.0,471.42857142857144,210.0,3,3.0,6.581561505518501,1.7488683166800876,0.8585849060226639,31261.361489440613,-68.42286718238323
-99.1625655,19.4183227,Cuauhtémoc,33000.0,300.0,110.0,2,1.0,6.192593383273474,0.5990931439974958,0.830531038273375,67258.05347349087,103.81228325300265
-99.2103304,19.4413729,Col. Irrigación,28000.0,175.0,160.0,2,2.0,5.353405735184813,0.5341297551547008,0.5,82280.69837524813,193.8596370544576
-99.2036717,19.3493334,Álvaro Obregón,28000.0,280.0,100.0,2,2.0,5.792328820805944,1.2682821896026846,0.0,45892.59260571422,63.90211644897936
-99.191503,19.4356926,Polanco,110000.0,213.59223300970874,515.0,5,4.0,5.379281560352668,0.4916656126352826,0.5,21160.50562564236,-80.76317670396149
-99.1550639,19.3894304,Narvarte Poniente,26000.0,371.42857142857144,70.0,2,2.0,5.383220341071742,1.3263867774470788,0.5,55438.55013036761,113.22519280910616
-99.190915,19.43353,Miguel Hidalgo,180000.0,382.97872340425533,470.0,3,3.0,5.664792356930756,0.7614937235392104,0.8585849060226639,14984.010064364518,-91.67554996424194
-99.1838748,19.4455451,Los Manzanos,18500.0,250.0,74.0,2,2.0,5.382229895456609,1.0588329427236192,0.5,34923.525186049905,88.77581181648597
-99.0725349,19.3955596,Agricola Oriental,18000.0,321.42857142857144,56.0,2,1.0,5.354482933812013,1.9974658214270136,0.5,21899.429146829985,21.663495260166584
-99.190915,19.43353,Miguel Hidalgo,100000.0,588.2352941176471,170.0,3,2.0,5.6549699683776895,1.1696145426909441,0.8585849060226639,26440.14295367792,-73.55985704632208
-99.1625655,19.4183227,Cuauhtémoc,30000.0,272.72727272727275,110.0,2,1.0,6.198260159269941,0.5446301309068144,0.830531038273375,56610.27074589441,88.70090248631472
-99.190915,19.43353,Miguel Hidalgo,125000.0,337.8378378378378,370.0,3,3.0,5.6574023143839565,0.67173808195088,0.8585849060226639,20967.311512631415,-83.22615078989486
-99.190915,19.43353,Miguel Hidalgo,47000.0,313.3333333333333,150.0,3,2.0,5.657311416680438,0.6230146797400429,0.8585849060226639,26704.711666026426,-43.181464540369305
-99.190915,19.43353,Miguel Hidalgo,100000.0,389.10505836575874,257.0,2,3.0,5.6580792691609005,0.77367498932864,0.8585849060226639,24915.74757523249,-75.0842524247675
-99.2511696,19.3881071,Cuajimalpa de Morelos,130000.0,500.0,260.0,3,3.0,5.598684234645168,1.3984057132016001,0.49427437331671703,55929.961527328116,-56.976952671286064
-99.1969623,19.4512364,Miguel Hidalgo,17000.0,283.3333333333333,60.0,2,1.0,5.373452962375386,1.0929331272552019,0.8585849060226639,41877.466015181664,146.33803538342156
-99.1625655,19.4183227,Cuauhtémoc,33000.0,220.0,150.0,3,1.0,6.209500900480276,0.43933497226483026,0.830531038273375,24733.06427572748,-25.05132037658339
-99.2026262,19.3375522,Ermita Tizapán,32900.0,222.2972972972973,148.0,2,2.0,5.367884455772486,0.8348784421858956,0.5,17689.039435808445,-46.233922687512326
-99.2298654,19.2841671,Tlalpan,90000.0,264.70588235294116,340.0,3,2.0,5.605345551339665,1.2981571446072988,0.3919311241687132,31262.114856571727,-65.2643168260314
-99.1728842,19.397499,Nápoles,55000.0,366.6666666666667,150.0,3,3.0,5.373389854986856,0.9778705135510234,0.5,25510.000297668204,-53.6181812769669
-99.1430574,19.4403984,Guerrero,50000.0,500.0,100.0,2,2.0,5.378425061129021,2.177521450546214,0.5,37319.44777849247,-25.361104443015066
-99.1906167,19.4071156,Miguel Hidalgo,110000.0,220.0,500.0,2,2.0,5.366434547008458,0.5546077107073639,0.8585849060226639,30983.4048263315,-71.83326833969863
-99.1739941,19.41145,Mexico City,50000.0,357.14285714285717,140.0,3,4.0,5.369383951118139,0.7916599844950954,0.5,15562.432101197046,-68.8751357976059
-99.190915,19.43353,Miguel Hidalgo,62000.0,516.6666666666666,120.0,2,2.0,5.671848670048346,1.0273114399968792,0.8585849060226639,8509.716479982444,-86.27465083873798
-99.190915,19.43353,Miguel Hidalgo,63000.0,636.3636363636364,99.0,2,2.0,5.658645229807962,1.2653102780020213,0.8585849060226639,26106.716934438835,-58.560766770731995
-99.190915,19.43353,Miguel Hidalgo,5500.0,30.89887640449438,178.0,2,2.0,5.630249452693172,0.06143761783236139,0.8585849060226639,31792.348151623926,478.04269366588954
-99.1625655,19.4183227,Cuauhtémoc,30000.0,508.47457627118644,59.0,2,1.0,6.210306304543913,1.0154121084703318,0.830531038273375,17530.789373749187,-41.56403542083604
-99.1952423,19.3906515,Álvaro Obregón,20000.0,215.05376344086022,93.0,3,2.0,5.373800510282483,0.7011889866611303,0.0,6856.972269217589,-65.71513865391205
-99.190915,19.43353,Miguel Hidalgo,14000.0,56.45161290322581,248.0,3,2.0,5.66655145020831,0.11224526659695351,0.8585849060226639,15797.092173550333,12.836372668216661
-99.1539172,19.4360737,Cuauhtémoc,11200.0,224.0,50.0,1,1.0,6.081897676158931,0.49846796011908046,0.830531038273375,21203.676479306203,89.31853999380537
-99.190915,19.43353,Miguel Hidalgo,66000.0,559.3220338983051,118.0,2,2.0,5.737564143234842,1.1121250143213892,0.8585849060226639,19732.05044020344,-70.10295387847964
-99.0875367,19.4193389,La Rosita,20400.0,313.84615384615387,65.0,2,1.0,5.352270179223128,1.5901477200871381,0.5,15993.744073574318,-21.599293756988637
-99.250823,19.3687441,Álvaro Obregón,120000.0,281.6901408450704,426.0,3,3.0,5.753157968344616,1.0965932942867975,0.0,35688.06451902162,-70.25994623414866
-99.1576336,19.4284843,Juárez,45000.0,441.1764705882353,102.0,2,2.0,5.359664246999422,0.8090571752011912,0.5,12235.224227864837,-72.81061282696703
-99.1688607,19.3838913,Mexico City,35000.0,437.5,80.0,3,2.0,5.34340623793,1.3576188760202814,0.5,46113.64791847643,31.753279767075522
-99.2387847,19.395599,Lomas De Bezares,48000.0,200.0,240.0,3,4.0,5.359573537483342,0.9027288588856638,0.5,22403.224750658173,-53.32661510279547
-99.2211248,19.3171134,San Jerónimo Aculco,24500.0,445.45454545454544,55.0,1,1.0,5.36803679501962,1.9526305882048878,0.5,18670.183095173146,-23.795171040109608
-99.1338374,19.4291371,800,20800.0,462.22222222222223,45.0,1,1.0,5.345344398687154,1.5086810113554048,0.5,51528.65638503948,147.73392492807443
-99.190915,19.43353,Miguel Hidalgo,12000.0,30.0,400.0,3,3.0,5.642873010501691,0.05965034167723815,0.8585849060226639,28073.26516180768,133.94387634839734
-99.0875367,19.4193389,La Rosita,24000.0,436.3636363636364,55.0,1,1.0,5.9603881846413636,2.210900573383187,0.5,41523.92540565385,73.01635585689104
-99.2779741,19.3631581,Cuajimalpa de Morelos,21500.0,358.3333333333333,60.0,1,1.0,5.9455020549702935,0.9403955844701865,0.49427437331671703,15706.458812456267,-26.94670319787783
-99.1528217,19.3615374,Sta Cruz Atoyac,55000.0,206.7669172932331,266.0,3,3.0,5.361985572858947,1.287823951592227,0.5,12691.373799126659,-76.92477491067879
-99.1609858,19.3698638,Benito Juárez,32000.0,376.47058823529414,85.0,2,2.0,6.101050110764571,1.0499548994988455,0.933319961735651,23210.73021232449,-27.46646808648596
-99.1582856,19.4306856,Juárez,33900.0,721.2765957446809,47.0,1,1.0,5.357224136979322,1.4209960688803793,0.5,22372.34933361886,-34.00486922236325
-99.2779741,19.3631581,El Yaqui,35500.0,500.0,71.0,2,2.0,5.353410979414917,1.3121798853072368,0.5,33824.031907654724,-4.721036879845848
-99.1588021,19.4047243,Roma Sur,20900.0,509.7560975609756,41.0,1,1.0,5.3632327980267025,1.1927491397739547,0.5,36165.7319099351,73.0417794733737
-99.1476839,19.4332704,Cuauhtémoc,19300.0,507.89473684210526,38.0,1,1.0,6.171192934491676,0.9356468540045543,0.830531038273375,44929.70264843395,132.79638677945053
-99.1609858,19.3698638,Benito Juárez,34000.0,478.8732394366197,71.0,2,2.0,6.076416268124104,1.3355500262111193,0.933319961735651,38295.06327081412,12.632539031806237
-99.250823,19.3687441,Álvaro Obregón,73900.0,332.8828828828829,222.0,3,3.0,5.714688083270175,1.295881836890405,0.0,64184.52988265879,-13.146779590448187
-99.190915,19.43353,Miguel Hidalgo,110000.0,434.7826086956522,253.0,2,2.0,5.631814791289357,0.8644977054672196,0.8585849060226639,30972.92513245122,-71.84279533413526
-99.190915,19.43353,Miguel Hidalgo,80000.0,418.848167539267,191.0,3,3.0,5.636720136641474,0.8328145434867456,0.8585849060226639,39961.39627563769,-50.04825465545289
-99.190915,19.43353,Miguel Hidalgo,185000.0,536.231884057971,345.0,2,2.0,5.637323291190514,1.0662138367429042,0.8585849060226639,30672.155732400486,-83.4204563608646
-99.1854833,19.3665269,Benito Juárez,65000.0,309.5238095238095,210.0,3,3.0,5.768610110224112,1.0875827814533494,0.933319961735651,40455.110868264215,-37.76136789497813
-99.190915,19.43353,Miguel Hidalgo,142000.0,324.9427917620137,437.0,4,3.0,5.627281091185584,0.6460982851386587,0.8585849060226639,27596.777727891407,-80.56564948740042
-99.1816725,19.4453949,Miguel Hidalgo,21000.0,350.0,60.0,2,2.0,6.14522382441311,1.653869770286083,0.8585849060226639,16872.496679756026,-19.654777715447494
-99.2993588,19.3465983,Cuajimalpa de Morelos,24000.0,282.3529411764706,85.0,1,1.0,5.835054414708993,0.844601621830344,0.49427437331671703,36552.737979241516,52.30307491350632
-99.2014215,19.442902,Miguel Hidalgo,70000.0,479.45205479452056,146.0,3,3.0,6.139643720630471,0.9644002628050491,0.8585849060226639,29005.650229262916,-58.56335681533869
-99.190915,19.43353,Miguel Hidalgo,133000.0,532.0,250.0,3,3.0,5.652739847639615,1.0577993924096898,0.8585849060226639,22113.62893058288,-83.37321133038881
-99.190915,19.43353,Miguel Hidalgo,110000.0,360.655737704918,305.0,2,3.0,5.659650705773068,0.7171079327318247,0.8585849060226639,19964.078359010175,-81.85083785544529
-99.1930638,19.3601685,Los Alpes,35000.0,448.71794871794873,78.0,2,2.0,5.348016437406124,1.3797196042386413,0.5,17403.17627947834,-50.27663920149046
-99.190915,19.43353,Miguel Hidalgo,68000.0,485.7142857142857,140.0,2,2.0,5.705738363424011,0.9657674366790938,0.8585849060226639,11145.979029596414,-83.60885436824057
-99.2436293,19.3913552,Miguel Hidalgo,38000.0,230.3030303030303,165.0,2,2.0,5.3945372789466655,0.8363772294204422,0.8585849060226639,5397.307798642142,-85.79655842462594
-99.190915,19.43353,Miguel Hidalgo,100000.0,395.25691699604744,253.0,2,2.0,5.637528431798881,0.7859070049701996,0.8585849060226639,35590.064989290695,-64.4099350107093
-99.188621,19.4267655,Polanco,70000.0,212.12121212121212,330.0,3,3.0,5.340358451948059,0.647682471749233,0.5,36814.80438595625,-47.407422305776784
-99.1926322,19.4402557,Miguel Hidalgo,67000.0,577.5862068965517,116.0,2,2.0,6.135554111795147,1.1970568310987404,0.8585849060226639,85873.53310641862,28.169452397639727
-99.190915,19.43353,Miguel Hidalgo,65000.0,270.8333333333333,240.0,4,3.0,5.626610111449809,0.5385100290306222,0.8585849060226639,30487.231140045777,-53.096567476852655
-99.190915,19.43353,Miguel Hidalgo,200000.0,666.6666666666666,300.0,2,4.0,5.636014461680281,1.3255631483830699,0.8585849060226639,44796.49397959771,-77.60175301020115
-99.190915,19.43353,Miguel Hidalgo,85000.0,215.73604060913706,394.0,2,2.0,5.677268580106401,0.42895761781431835,0.8585849060226639,29022.052307557835,-65.85640904993195
-99.1926322,19.4402557,Miguel Hidalgo,67000.0,582.6086956521739,115.0,2,2.0,6.147577007580786,1.2074660209343815,0.8585849060226639,30047.305596491387,-55.15327522911733
-99.0875367,19.4193389,La Rosita,27000.0,490.90909090909093,55.0,1,1.0,5.8948509394567425,2.487263145056085,0.5,38252.110662433544,41.674483934939055
-99.190915,19.43353,Miguel Hidalgo,80000.0,400.0,200.0,3,3.0,5.632089885595099,0.795337889029842,0.8585849060226639,28500.904696606198,-64.37386912924225
-99.1689384,19.3599383,Xoco,34500.0,436.7088607594937,79.0,1,2.0,5.378779285497281,1.1602860463397233,0.5,38548.16640779367,11.73381567476427
-99.2503349,19.3855195,Cuajimalpa de Morelos,45000.0,409.09090909090907,110.0,2,2.0,5.869907242036647,1.3297394702772802,0.49427437331671703,57508.24129472383,27.796091766052967
-99.1979693,19.4411863,Granada,38000.0,380.0,100.0,2,2.0,5.361147449152273,0.7331636587083172,0.5,65469.98875514712,72.28944409249242
-99.2797931,19.3419761,Cuajimalpa de Morelos,110000.0,333.3333333333333,330.0,3,3.0,5.747808493227313,1.0262403370521587,0.49427437331671703,32856.284346557164,-70.13065059403894
-99.190915,19.43353,Miguel Hidalgo,100000.0,606.060606060606,165.0,2,2.0,5.64648937002224,1.2050574076209726,0.8585849060226639,14506.163576274143,-85.49383642372585
-99.2029724,19.4406152,Granada,39000.0,487.5,80.0,2,2.0,5.373295078464901,1.0985885155278325,0.5,47593.178559711516,22.033791178747478
-99.2259026,19.3063387,Tlalpan,65000.0,377.90697674418607,172.0,2,2.0,5.707682726321313,1.760925813259062,0.3919311241687132,16581.177240781934,-74.49049655264317
-99.190915,19.43353,Miguel Hidalgo,195000.0,493.67088607594934,395.0,4,3.0,5.744350876820635,0.9815879010178429,0.8585849060226639,40631.82823136013,-79.16316500955891
-99.190915,19.43353,Miguel Hidalgo,88000.0,586.6666666666666,150.0,2,2.0,5.6633371076143515,1.1664955705771014,0.8585849060226639,27052.637949854194,-69.25836596607478
-99.190915,19.43353,Miguel Hidalgo,6000.0,35.294117647058826,170.0,2,2.0,5.674098761648168,0.07017687256145665,0.8585849060226639,48172.09318867808,702.8682198113014
-99.1338374,19.4291371,261,20300.0,534.2105263157895,38.0,1,1.0,5.342119603994401,1.7436489168435758,0.5,62216.5117371252,206.48527949322758
-99.1296971,19.226599,500,27500.0,654.7619047619048,42.0,1,1.0,5.378535727858679,2.352755789340473,0.5,35316.75865068328,28.424576911575567
-99.190915,19.43353,Miguel Hidalgo,135000.0,710.5263157894736,190.0,2,2.0,5.6284122876509874,1.412771250250377,0.8585849060226639,50570.68271825723,-62.540235023513155
-99.2612571,19.3610393,Álvaro Obregón,32000.0,524.5901639344262,61.0,1,1.0,5.834554328042314,1.4750756486083878,0.0,26433.04558640897,-17.396732542471966
-99.2102915,19.4425356,Miguel Hidalgo,85000.0,275.97402597402595,308.0,2,3.0,5.940624721146793,0.8113194504537645,0.8585849060226639,27823.38395769136,-67.2666071085984
-99.1663303,19.377855,Col Del Valle Centro,30000.0,272.72727272727275,110.0,2,2.0,5.357996019001748,0.8999622690404425,0.5,37772.3318357728,25.907772785909327
-99.2514501,19.3921729,Bosques De Las Lomas,65000.0,185.71428571428572,350.0,2,2.0,5.379346330320477,0.5296879821116525,0.5,16550.352573344586,-74.53791911793141
-99.1919164,19.4355701,Polanco,60000.0,300.0,200.0,3,3.0,5.375963983527379,0.6532075567274463,0.5,48656.25289459717,-18.90624517567138
-99.1738081,19.3896634,Benito Juárez,35000.0,402.2988505747126,87.0,2,2.0,6.152567844831981,0.9982602060389842,0.933319961735651,28426.035461464166,-18.782755824388097
-99.2432802,19.3871293,Lomas De Santa Fe,44000.0,275.0,160.0,2,2.0,5.365575357736307,0.9610570678184072,0.5,17127.527853021456,-61.07380033404215
-99.1625655,19.4183227,Cuauhtémoc,75000.0,451.8072289156627,166.0,2,2.0,6.193432861578056,0.9022487108396022,0.830531038273375,63331.762895002175,-15.557649473330432
-99.1861963,19.3517013,Guadalupe Inn,29500.0,327.77777777777777,90.0,2,2.0,5.377042294762575,1.0734796456155036,0.5,50824.119752266015,72.28515170259666
-99.199956,19.3393634,Progreso Tizapan,32000.0,400.0,80.0,4,3.0,5.3658840919956985,1.5311126762105094,0.5,33765.98081430686,5.518690044708933
-99.1539172,19.4360737,Cuauhtémoc,48000.0,432.43243243243245,111.0,2,2.0,6.092124331207364,0.9622933593032442,0.830531038273375,34038.10719173314,-29.087276683889286
-99.190915,19.43353,Miguel Hidalgo,13000.0,40.0,325.0,2,3.0,5.659470939869875,0.0795337889029842,0.8585849060226639,47374.21188270315,264.4170144823319
-99.190915,19.43353,Miguel Hidalgo,4900.0,19.367588932806324,253.0,2,2.0,5.64109712006889,0.03850944324353978,0.8585849060226639,52504.44056630584,971.5191952307315
-99.1539172,19.4360737,Tabacalera,48000.0,432.43243243243245,111.0,2,2.0,5.362127697790452,0.9622933593032442,0.5,23861.206462756796,-50.28915320259001
-99.1672369,19.1923262,700,31700.0,621.5686274509804,51.0,1,1.0,5.365217010814197,1.785571179045086,0.5,14586.830623008498,-53.98476144161356
-99.2779741,19.3631581,Cuajimalpa de Morelos,21800.0,495.45454545454544,44.0,1,1.0,5.873522450331186,1.3002509772589892,0.49427437331671703,71694.5007032737,228.87385643703536
-99.2014215,19.442902,Miguel Hidalgo,60000.0,500.0,120.0,2,3.0,6.054510985120369,1.0057317026395511,0.8585849060226639,33280.67909254692,-44.53220151242181
-99.190915,19.43353,Miguel Hidalgo,90000.0,375.0,240.0,3,4.0,5.647772588200157,0.7456292709654768,0.8585849060226639,91209.60699158169,1.3440077684241019
-99.1539172,19.4360737,Cuauhtémoc,24000.0,444.44444444444446,54.0,1,1.0,6.097884390788612,0.989023730395001,0.830531038273375,23474.295548938506,-2.190435212756226
-99.0899665,19.4104583,200,45200.0,664.7058823529412,68.0,2,1.0,5.3565133414307,3.4945496031426884,0.5,40858.7885712315,-9.604450063647132
-99.2014215,19.442902,Miguel Hidalgo,39000.0,527.027027027027,74.0,1,1.0,6.130115942616006,1.0600955784579051,0.8585849060226639,17257.06614832728,-55.75111244018645
-99.190915,19.43353,Miguel Hidalgo,100000.0,327.8688524590164,305.0,3,3.0,5.663615410117241,0.6519163024834771,0.8585849060226639,26735.172815343638,-73.26482718465635
-99.1331785,19.4326296,Cuauhtémoc,43000.0,390.90909090909093,110.0,2,2.0,6.162012686530186,0.9520015618371896,0.830531038273375,13565.25215425164,-68.45290196685664
-99.3055922,19.3576931,Zentlapatl,14900.0,186.25,80.0,1,1.0,5.337999800689331,0.7525367587170979,0.5,48785.06350158866,227.4165335677091
-99.190915,19.43353,Miguel Hidalgo,100000.0,500.0,200.0,3,3.0,5.661776851126579,0.9941723612873025,0.8585849060226639,35924.10626466967,-64.07589373533034
-99.1146372,19.4657414,000,56000.0,560.0,100.0,2,2.0,5.350156390455193,2.074293976036456,0.5,46839.48530956751,-16.35806194720087
-99.1926322,19.4402557,Miguel Hidalgo,65000.0,541.6666666666666,120.0,2,2.0,6.057453589640823,1.1226129983189679,0.8585849060226639,72386.76288944409,11.364250599144746
-99.1767461,19.4309511,Anzures,19900.0,361.8181818181818,55.0,1,2.0,5.378942625456648,0.8355358375145362,0.5,42588.294243346,114.01152886103516
-99.0896825,19.3249286,Campestre,25000.0,833.3333333333334,30.0,1,1.0,5.337112289336699,6.68905290051601,0.5,49316.72333692694,97.26689334770775
-99.190915,19.43353,Miguel Hidalgo,5900.0,32.59668508287293,181.0,3,3.0,5.654653652324249,0.06481344675795674,0.8585849060226639,34189.06049056818,479.4756015350539
-99.190915,19.43353,Miguel Hidalgo,100000.0,450.45045045045043,222.0,2,2.0,5.738566558765613,0.8956507759345067,0.8585849060226639,30347.26070326357,-69.65273929673643
-99.190915,19.43353,Miguel Hidalgo,15000.0,25.0,600.0,4,4.0,5.6487896937910556,0.04970861806436513,0.8585849060226639,21344.21217970981,42.29474786473208
-99.1625655,19.4183227,Cuauhtémoc,45000.0,368.8524590163934,122.0,2,2.0,6.186535032737644,0.736589931144462,0.830531038273375,38262.7192729436,-14.971734949014223
-99.0862438,19.3904695,000,34000.0,618.1818181818181,55.0,1,1.0,5.357276277940734,3.4179104777031495,0.5,12461.610046122896,-63.34820574669736
-99.190915,19.43353,Miguel Hidalgo,10000.0,19.23076923076923,520.0,3,4.0,5.733022293626427,0.0382373985110501,0.8585849060226639,31397.378385001775,213.97378385001775
-99.1633037,19.4058335,Cuauhtémoc,36000.0,360.0,100.0,2,2.0,6.104121121208898,0.7239658488066717,0.830531038273375,25983.388775081705,-27.82392006921749
-99.190915,19.43353,Miguel Hidalgo,90000.0,300.0,300.0,3,3.0,5.654708098252923,0.5965034167723815,0.8585849060226639,15291.78378933785,-83.00912912295794
-99.1635463,19.3656985,Sta Cruz Atoyac,36000.0,400.0,90.0,2,2.0,5.3514005056168035,1.170450729614688,0.5,36211.49752045437,0.5874931123732595
-99.2034732,19.4455587,Granada,40000.0,571.4285714285714,70.0,1,1.0,5.379989167055055,1.344484174851272,0.5,25575.099897095643,-36.06225025726089
-99.239867,19.3372602,Álvaro Obregón,26000.0,305.88235294117646,85.0,2,2.0,5.365539402786896,1.5879402859873173,0.0,52997.163096488664,103.83524267880256
-99.1332,19.4326,Roma Nte.,40000.0,363.6363636363636,110.0,2,3.0,5.349816517906716,1.2188854253729255,0.5,43075.8586447898,7.689646611974495
-99.2014215,19.442902,Miguel Hidalgo,5900.0,32.77777777777778,180.0,3,3.0,6.153332803938132,0.06593130050637058,0.8585849060226639,68289.90075347964,1057.4559449742312
-99.190915,19.43353,Miguel Hidalgo,15000.0,24.67105263157895,608.0,4,4.0,5.718141432237766,0.049054557300360326,0.8585849060226639,19783.95754581926,31.893050305461728
-99.2167381,19.4468578,Lomas De Sotelo,16500.0,471.42857142857144,35.0,1,1.0,5.356670189985547,1.2112161768755279,0.5,13576.557517020487,-17.71783323017887
-99.1669696,19.3837691,Col Del Valle Centro,21000.0,300.0,70.0,1,1.0,5.364562982773931,0.9501310401855348,0.5,13242.700881174116,-36.93951961345659
-99.2350423,19.405709,Lomas De Reforma,33000.0,300.0,110.0,2,1.0,5.35934321240155,1.1110456892283556,0.5,9939.847689841445,-69.8792494247229
-99.190915,19.43353,Miguel Hidalgo,75000.0,500.0,150.0,2,2.0,5.6442844930372145,0.9941723612873025,0.8585849060226639,9239.685286940736,-87.68041961741237
-99.190915,19.43353,Miguel Hidalgo,170000.0,805.6872037914692,211.0,3,3.0,5.6564071778089255,1.601983899704658,0.8585849060226639,9596.189503311072,-94.35518264511114
-99.16732,19.386451,Col Del Valle Centro,28500.0,303.1914893617021,94.0,2,2.0,5.39270064429987,0.9422306078385578,0.5,12853.071391088855,-54.901503890916295
-99.2004274,19.3348794,Tizapán San Ángel,33000.0,227.58620689655172,145.0,4,4.0,5.354320538664735,0.840303241209855,0.5,12873.57290511333,-60.98917301480809
-99.1332,19.4326,Colina Del Sur,49500.0,260.5263157894737,190.0,4,4.0,5.354179173761679,0.8732672554152079,0.5,12940.919333657988,-73.85672861887275
-99.2453489,19.4005527,Bosque De Las Lomas,25000.0,277.77777777777777,90.0,2,2.0,5.339222982328386,0.9925944506872656,0.5,16171.86451973949,-35.31254192104203
-99.1703723,19.4305628,Cuauhtémoc,28200.0,152.43243243243242,185.0,3,3.0,5.348311377095835,0.3314271488772928,0.830531038273375,9479.622261626548,-66.38431822118245
-99.1855297,19.3915073,San Pedro De Los Pinos,23500.0,293.75,80.0,2,2.0,5.353298184735114,0.9500964176025993,0.5,16230.63316805451,-30.933475880619106
-99.1801644,19.4326039,Anzures,25000.0,625.0,40.0,1,1.0,6.494269241423808,1.5028306536294387,0.5,8203.674435487232,-67.18530225805107
-99.2004274,19.3348794,Tizapán San Ángel,32000.0,237.03703703703704,135.0,4,4.0,5.378052367807443,0.8751979886001633,0.5,9922.750627133866,-68.99140429020667
-99.1989003,19.453167,Legaria,17000.0,309.09090909090907,55.0,2,1.0,5.706797046769512,1.085753487214041,0.5,12988.327124448206,-23.59807573853997
-99.1674122,19.4158121,Hipódromo,65000.0,585.5855855855856,111.0,2,2.0,5.368419097240011,1.276590807976016,0.5,8843.553139721316,-86.39453363119797
-99.1782191,19.3854613,Nápoles,14000.0,350.0,40.0,1,1.0,5.372939077789955,2.3061330537449583,0.5,10796.095968461343,-22.885028796704695
-99.2018808,19.3481526,Atlamaya,48000.0,315.7894736842105,152.0,3,3.0,5.355353930034922,1.22244877493548,0.5,12256.282130401645,-74.46607889499657
-99.1743711,19.3890898,Col Del Valle Sur,60000.0,419.5804195804196,143.0,3,3.0,5.962461391140263,1.0261869684438845,0.5,69627.32340029921,16.045539000498685
-99.2004025,19.4362674,Polanco,85000.0,3863.6363636363635,22.0,2,3.0,5.352259831903516,10.144903791024175,0.5,100565.12709771836,18.311914232609837
-99.1332,19.4326,Centro Histórico De La Cdad. De México,15500.0,206.66666666666666,75.0,2,1.0,5.369284358911015,0.6927332167536127,0.5,11977.526652447363,-22.725634500339595
-99.1331785,19.4326296,Cuauhtémoc,49000.0,362.962962962963,135.0,1,1.0,5.332186810472048,0.883942879983196,0.830531038273375,25971.138391802982,-46.99767675142248
-99.1534501,19.4346159,Tabacalera,50000.0,384.61538461538464,130.0,2,2.0,6.024249802992899,0.8295387466873352,0.5,8008.438298294035,-83.98312340341192
-99.1801644,19.4326039,Anzures,30000.0,666.6666666666666,45.0,1,1.0,6.4420674529193755,1.6030193638714012,0.5,6465.647490478374,-78.44784169840541
-99.1332,19.4326,Amp Granada,40000.0,380.95238095238096,105.0,2,2.0,5.368546224342822,1.276927588485922,0.5,9778.167754739132,-75.55458061315218
-99.2014215,19.442902,Ampliación Granada,5900.0,32.77777777777778,180.0,3,3.0,5.382597754533338,0.06593130050637058,0.5,7160.210989361517,21.359508294262998
-99.1941439,19.3591282,Los Alpes,26000.0,400.0,65.0,2,2.0,5.396791237328706,1.256287438755973,0.5,7043.461661622239,-72.90976283991446
-99.1751325,19.4164895,Colonia Condesa,58000.0,491.52542372881356,118.0,2,2.0,5.368845968691611,1.0029498326368618,0.5,11266.260178434653,-80.57541348545749
-99.1332,19.4326,Lago Nte,12000.0,141.1764705882353,85.0,2,1.0,5.336939503100935,0.4732143416153711,0.5,10396.562078405284,-13.361982679955965
-99.1866064,19.4344164,Chapultepec Morales,100000.0,389.10505836575874,257.0,2,2.0,5.930245389024109,1.0294259204014164,0.5,15506.00371005176,-84.49399628994824
-99.1877553,19.4285955,Polanco,110000.0,428.01556420233464,257.0,2,2.0,5.375721418581434,1.35465709784107,0.5,21085.870884491054,-80.8310264686445
-99.1332,19.4326,Roma Nte.,30500.0,254.16666666666666,120.0,3,1.0,5.329457255445401,0.851950125442951,0.5,9061.507664500188,-70.29013880491742
-99.1334967,19.4216769,Tránsito,15000.0,254.23728813559322,59.0,2,1.0,5.366889565697919,0.9706445866757859,0.5,11084.747321486344,-26.101684523424375
-99.1537429,19.5187538,000,23000.0,370.96774193548384,62.0,3,2.0,5.355720968096885,1.8618543666076532,0.5,20692.413822795366,-10.032983379150581
-99.176429,19.4148639,Cuauhtémoc,45000.0,463.91752577319585,97.0,2,2.0,6.107774089403933,0.9376496582576626,0.830531038273375,30658.358006348866,-31.870315541446963
-99.2023109,19.3444911,Tizapán San Ángel,35400.0,239.1891891891892,148.0,2,2.0,5.358970661482873,0.9216497954503624,0.5,11247.303028999148,-68.22795754520014
-99.273907,19.3571338,Cuajimalpa de Morelos,50000.0,515.4639175257732,97.0,2,2.0,5.391204941005134,1.3314081486963294,0.49427437331671703,7618.277953620253,-84.7634440927595
-99.1332,19.4326,Tizampampano Del Pueblo Tetelpan,24000.0,208.69565217391303,115.0,2,2.0,5.392822085553974,0.6995342441270702,0.5,10871.0578949965,-54.70392543751458
-99.1609858,19.3698638,Benito Juárez,26500.0,407.6923076923077,65.0,2,1.0,6.136769948429868,1.137030486115937,0.933319961735651,9801.603161116567,-63.01281825993749
-99.1906167,19.4071156,Miguel Hidalgo,26000.0,356.16438356164383,73.0,3,1.0,5.380658113541506,0.897870515466467,0.8585849060226639,10848.263666143293,-58.27590897637195
-99.0797574,19.4856,Campestre Aragón,15000.0,166.66666666666666,90.0,2,1.0,5.36094753816845,0.9193293255307103,0.5,11038.645001560291,-26.409033322931393
-99.1579016,19.3905208,Benito Juárez,15000.0,428.57142857142856,35.0,1,1.0,5.7263024060166545,1.432644201226389,0.933319961735651,18045.84545682827,20.305636378855123
-99.1328977,19.3111897,Coapa,19700.0,273.6111111111111,72.0,2,2.0,5.350957340492461,2.309749522467022,0.5,32799.93150830787,66.4971142553699
-99.1636016,19.386924,Benito Juárez,70500.0,314.73214285714283,224.0,3,3.0,5.792282482926949,1.0111094192022243,0.933319961735651,11006.571708617403,-84.38784154806042
-99.176429,19.4148639,Cuauhtémoc,40000.0,439.56043956043953,91.0,2,2.0,6.104074610086934,0.8884201890206912,0.830531038273375,14998.091683928675,-62.50477079017832
-99.1743711,19.3890898,Benito Juárez,38000.0,422.22222222222223,90.0,2,2.0,5.963282682882063,1.0326481456526053,0.933319961735651,8659.068809346145,-77.21297681751015
-99.1743711,19.3890898,Benito Juárez,45000.0,500.0,90.0,2,2.0,5.946063198318586,1.2228728040622956,0.933319961735651,11260.129845087826,-74.97748923313817
-99.196622,19.4325655,Miguel Hidalgo,125000.0,462.962962962963,270.0,3,3.0,5.337183951710813,1.182525853029415,0.8585849060226639,17077.58508502138,-86.33793193198291
-99.2734667,19.3571105,Cuajimalpa de Morelos,60000.0,517.2413793103449,116.0,2,2.0,5.846001341652122,1.3363059644936062,0.49427437331671703,20601.692763200008,-65.66384539466665
-99.2897836,19.3589134,Cuajimalpa de Morelos,16000.0,320.0,50.0,1,1.0,5.360330937662813,1.0248594444043704,0.49427437331671703,10303.375826137308,-35.60390108664183
-99.2612571,19.3610393,Álvaro Obregón,35000.0,253.6231884057971,138.0,2,2.0,5.812657174385003,0.71315364804776,0.0,27360.872661811914,-21.826078109108813
-99.1982559,19.433931,Polanco,100000.0,549.4505494505495,182.0,3,5.0,5.349627951981436,0.937937982077041,0.5,29864.784015413396,-70.1352159845866
-99.153133,19.2680349,Fuentes De Tepepan,46000.0,169.11764705882354,272.0,3,3.0,5.364976715938183,0.8677828550444685,0.5,18876.68914451806,-58.9637192510477
-99.1790624,19.368667,Actipan,22000.0,338.46153846153845,65.0,1,1.0,5.366462112117704,1.2089658348174246,0.5,13434.074293395739,-38.93602593911027
-99.2298654,19.2841671,Tlalpan,25000.0,312.5,80.0,1,1.0,5.5023290895426085,1.5325466290502834,0.3919311241687132,12911.031654554725,-48.3558733817811
-99.1679517,19.3594583,Xoco,36000.0,521.7391304347826,69.0,1,1.0,6.055400768970308,1.2785132290906809,0.5,13136.081929745173,-63.51088352848563
-99.2432802,19.3871293,Lomas De Santa Fe,20500.0,488.0952380952381,42.0,1,1.0,5.3707311193462495,1.7057722848724974,0.5,11973.900096665131,-41.59073123577985
-99.1328977,19.3111897,Coapa,20000.0,277.77777777777777,72.0,2,2.0,5.347366618939362,2.3449233730629664,0.5,11174.058650659803,-44.12970674670099
-99.2767988,19.3645142,El Yaqui,35000.0,304.3478260869565,115.0,3,2.0,5.376808438482583,0.7962343930043719,0.5,17441.88194916172,-50.16605157382366
-99.2797931,19.3419761,San Mateo Tlaltenango,150000.0,337.8378378378378,444.0,3,3.0,5.371143582036946,1.0401084497150257,0.5,25162.034152090906,-83.22531056527274
-99.190915,19.43353,Miguel Hidalgo,5500.0,23.91304347826087,230.0,3,3.0,5.6557541157129485,0.047547373800697075,0.8585849060226639,17956.876038954404,226.48865525371642
-99.294171,19.3532835,Cuajimalpa de Morelos,55000.0,392.85714285714283,140.0,3,3.0,5.367801536107687,1.3219096277774416,0.49427437331671703,9831.02177333478,-82.12541495757313
-99.1795821,19.4092659,Cuauhtémoc,28000.0,294.7368421052632,95.0,2,1.0,6.4261131357654895,0.669399562649509,0.830531038273375,10505.092245454312,-62.48181340909175
-99.1458553,19.4454382,Guerrero,17800.0,356.0,50.0,2,2.0,5.361587604607883,1.5577420049030186,0.5,19087.22881625765,7.2316225632452324
-99.1550215,19.3760816,Benito Juárez,35000.0,368.42105263157896,95.0,3,2.0,6.015141879639664,1.3400239547466717,0.933319961735651,27020.975226265247,-22.797213639242152
-99.2203142,19.3179885,Álvaro Obregón,40000.0,363.6363636363636,110.0,3,2.0,5.933250708472439,1.4896833285036848,0.0,26028.898988323283,-34.92775252919179
-99.1738081,19.3896634,Benito Juárez,25500.0,708.3333333333334,36.0,1,1.0,6.101496143676983,1.7576510056329262,0.933319961735651,14620.391593990049,-42.665131003960596
-99.1738081,19.3896634,Benito Juárez,32000.0,640.0,50.0,1,1.0,6.047808494017858,1.5880893792071613,0.933319961735651,13492.189339208413,-57.83690831497371
-99.1331785,19.4326296,Cuauhtémoc,22500.0,409.09090909090907,55.0,1,1.0,5.757674158908467,0.9962807042482217,0.830531038273375,15859.126404959341,-29.514993755736263
-99.1501539,19.393107,Benito Juárez,26500.0,368.05555555555554,72.0,2,2.0,5.912555355146542,1.5803834719141328,0.933319961735651,12628.242660874907,-52.34625410990601
-99.1625655,19.4183227,Cuauhtémoc,41000.0,602.9411764705883,68.0,2,2.0,6.194956319716347,1.2040597501910457,0.830531038273375,18107.72645996112,-55.83481351228995
-99.1795821,19.4092659,Cuauhtémoc,60000.0,428.57142857142856,140.0,3,2.0,6.418013634212308,0.9733616089546431,0.830531038273375,16279.423356874744,-72.8676277385421
-99.1926322,19.4402557,Miguel Hidalgo,32000.0,304.76190476190476,105.0,2,2.0,6.159709221188777,0.6316240166366061,0.8585849060226639,12567.622684020513,-60.726179112435894
-99.1823676,19.4314764,Polanco,6000.0,21.428571428571427,280.0,3,3.0,5.365059800087903,0.0521750993210378,0.5,44125.62221974148,635.4270369956913
-99.1587376,19.3788814,Benito Juárez,32000.0,1032.258064516129,31.0,1,1.0,5.610020005001069,3.778151195758782,0.933319961735651,14512.297411433265,-54.64907058927104
-99.2014215,19.442902,Miguel Hidalgo,32000.0,400.0,80.0,1,1.0,6.161323951177106,0.804585362111641,0.8585849060226639,22891.84708759735,-28.46297785125828
-99.2014215,19.442902,Miguel Hidalgo,39000.0,475.609756097561,82.0,2,2.0,6.191204411407195,0.9566716195839634,0.8585849060226639,54164.27096087563,38.88274605352725
-99.1625655,19.4183227,Cuauhtémoc,29500.0,590.0,50.0,1,1.0,6.179501389308404,1.1782165165284084,0.830531038273375,36527.18206293809,23.820956145552845
-99.2014215,19.442902,Miguel Hidalgo,67000.0,558.3333333333334,120.0,2,2.0,6.057072069242625,1.123067067947499,0.8585849060226639,20295.54670655511,-69.70813924394761
-99.1587376,19.3788814,Benito Juárez,26000.0,456.140350877193,57.0,1,1.0,5.837149434086837,1.6695119867223565,0.933319961735651,10698.211191877961,-58.853033877392456
-99.2014215,19.442902,Miguel Hidalgo,55000.0,533.9805825242719,103.0,3,2.0,6.187349167096492,1.0740824008771908,0.8585849060226639,9296.210434023456,-83.09779921086644
-99.1918034,19.4268132,Polanco,66000.0,390.5325443786982,169.0,2,4.0,5.371183034437485,1.031618673552301,0.5,21764.45279628032,-67.02355636927224
-99.1633037,19.4058335,Cuauhtémoc,25900.0,647.5,40.0,1,1.0,6.093661819338502,1.3021330197286665,0.830531038273375,26484.38387292277,2.256308389663198
-99.1205924,19.4675479,Gustavo A. Madero,14300.0,332.5581395348837,43.0,1,1.0,5.366061035284832,1.4559947308153507,0.829803447501769,14479.949817570177,1.2583903326585832
-99.1224987,19.3083921,Coapa,15000.0,214.28571428571428,70.0,2,2.0,5.338121877879809,1.591915852149473,0.5,9814.126661495491,-34.572488923363395
-99.1712797,19.387036,Col Del Valle Centro,29000.0,250.0,116.0,2,3.0,5.334427961573262,0.6708238365449739,0.5,12722.973094114068,-56.12767898581355
-99.1431157,19.351638,Country Club Churubusco,22000.0,271.60493827160496,81.0,3,2.0,5.387447493380418,1.7489231911865222,0.5,13117.709385430067,-40.37404824804515
-99.1413709,19.4506526,Tlatelolco,12000.0,142.85714285714286,84.0,2,1.0,5.373683152553271,0.846922008541044,0.5,10771.29543315301,-10.23920472372491
-99.1989003,19.453167,Legaria,16500.0,300.0,55.0,2,1.0,5.743565450197071,1.0538195611195105,0.5,13366.535735958734,-18.990692509341002
-99.1778694,19.4169378,Colonia Condesa,35000.0,437.5,80.0,2,1.0,6.018360426798574,0.8361455382561648,0.5,12662.600642877731,-63.82114102034934
-99.1392557,19.3181581,Coyoacán,27500.0,289.4736842105263,95.0,2,2.0,5.36905171237983,2.446253694386856,0.750956198657275,17650.430130913737,-35.81661770576823
-99.272261,19.3581682,Cuajimalpa de Morelos,16500.0,253.84615384615384,65.0,1,1.0,5.669826810325854,0.7193507442012189,0.49427437331671703,75311.04100281338,356.4305515322023
-99.1609858,19.3698638,Benito Juárez,34000.0,354.1666666666667,96.0,1,1.0,6.063150825238008,0.9877505402186404,0.933319961735651,13928.29813034474,-59.03441726369195
-99.2993588,19.3465983,Cuajimalpa de Morelos,23000.0,383.3333333333333,60.0,1,1.0,5.83489007524982,1.1466640074155017,0.49427437331671703,8946.267072664148,-61.10318664059066
-99.2004274,19.3348794,Tizapán San Ángel,23500.0,361.53846153846155,65.0,2,3.0,5.363023472252718,1.334887316747124,0.5,17242.052048592504,-26.629565750670192
-99.1678814,19.4320065,Cuauhtémoc,30000.0,375.0,80.0,2,2.0,5.350309578635725,0.8109679834833597,0.830531038273375,11749.22994279945,-60.83590019066849
-99.1771646,19.4320972,Miguel Hidalgo,44000.0,366.6666666666667,120.0,2,2.0,5.9242159950183195,0.9030641574176052,0.8585849060226639,25662.043596149837,-41.67717364511401
-99.1651134,19.3857181,Del Valle Centro,19000.0,243.5897435897436,78.0,2,1.0,5.37923633722495,0.7641634622740084,0.5,19885.468492349613,4.660360486050596
-99.1952423,19.3906515,Álvaro Obregón,39900.0,177.33333333333334,225.0,3,2.0,5.345045018148757,0.578200438400768,0.0,22393.71008233009,-43.875413327493504
-99.2196568,19.3374093,Álvaro Obregón,26000.0,337.6623376623377,77.0,2,2.0,5.697458717287322,1.6758181000141936,0.0,16295.00645908883,-37.32689823427373
-99.2482719,19.3308418,Álvaro Obregón,39800.0,189.52380952380952,210.0,2,2.0,5.212120332181221,1.0142962663553883,0.0,37054.921412776195,-6.897182379959308
-99.2737787,19.3442607,Cruz Manca,36500.0,272.3880597014925,134.0,2,2.0,5.3904001536333785,0.8641250964072,0.5,11144.314534613846,-69.46763141201686
-99.1332,19.4326,Pueblo De Sta Lucía,21000.0,253.0120481927711,83.0,2,2.0,5.379458580443827,0.8480799194612826,0.5,32724.113776936658,55.829113223507896
-99.1633037,19.4058335,Cuauhtémoc,40000.0,363.6363636363636,110.0,2,2.0,6.084256106505015,0.7312786351582542,0.830531038273375,10865.657192189814,-72.83585701952546
-99.1738081,19.3896634,Benito Juárez,36000.0,387.0967741935484,93.0,2,2.0,6.087580454005416,0.9605379309720735,0.933319961735651,31530.10685680866,-12.416369842198169
-99.1754131,19.2934446,Tlalpan,12300.0,615.0,20.0,1,1.0,5.3520385644069,3.36820567330741,0.3919311241687132,13252.457383010757,7.743555959437044
-99.1802266,19.4103765,Condesa,67000.0,478.57142857142856,140.0,3,2.0,5.353336429955,1.0000603199774016,0.5,12258.03709832827,-81.70442224130109
-99.1633037,19.4058335,Cuauhtémoc,42000.0,381.8181818181818,110.0,2,2.0,6.0858174414299,0.7678425669161669,0.830531038273375,55043.96504328211,31.05705962686216
-99.1906167,19.4071156,Miguel Hidalgo,26000.0,305.88235294117646,85.0,1,1.0,5.607094611877528,0.7711123250476717,0.8585849060226639,17875.3352504419,-31.248710575223456
-99.1624218,19.4379452,Cuauhtémoc,35600.0,456.4102564102564,78.0,2,2.0,6.203493304604825,1.028017036862934,0.830531038273375,9613.287475809992,-72.99638349491575
-99.1331785,19.4326296,Cuauhtémoc,28500.0,356.25,80.0,1,1.0,6.268557225727214,0.8675944466161597,0.830531038273375,13422.208801305123,-52.904530521736405
-99.1668669,19.3601941,Benito Juárez,37500.0,367.6470588235294,102.0,2,2.0,5.96958819906346,0.9643650715296587,0.933319961735651,25170.382938098774,-32.8789788317366
-99.2387847,19.395599,Lomas De Bezares,23000.0,766.6666666666666,30.0,1,1.0,5.336021555612585,3.460460625728378,0.5,21481.408039891943,-6.602573739600246
-99.272261,19.3581682,Cuajimalpa de Morelos,67000.0,418.75,160.0,3,3.0,5.921629763271879,1.1866562465895107,0.49427437331671703,12824.157242474485,-80.8594668022769
-99.1999771,19.4311522,Miguel Hidalgo,145000.0,725.0,200.0,3,3.0,5.377090760055845,2.1356227461180817,0.8585849060226639,30937.101189885845,-78.66406814490632
-99.1906167,19.4071156,Miguel Hidalgo,110000.0,468.0851063829787,235.0,3,3.0,5.363465573411694,1.1800164057603486,0.8585849060226639,21174.774126122094,-80.750205339889
-99.2184637,19.4210896,Miguel Hidalgo,110000.0,310.73446327683615,354.0,2,2.0,5.745607418105562,1.103238195021541,0.8585849060226639,22534.85422862174,-79.51376888307115
-99.1931465,19.4358539,Polanco,90000.0,321.42857142857144,280.0,3,3.0,5.355963991234592,0.8729165120832691,0.5,15710.758576647238,-82.54360158150308
-99.1644755,19.4276732,Juárez,27500.0,361.8421052631579,76.0,1,1.0,5.35113166384178,0.6441682136966562,0.5,14866.10165481341,-45.94144852795124
-99.1778694,19.4169378,Colonia Condesa,45000.0,409.09090909090907,110.0,3,3.0,6.066870913478096,0.7818503734343358,0.5,11877.09691305665,-73.60645130431855
-99.2513825,19.3879778,Bosques De Las Lomas,65000.0,209.67741935483872,310.0,3,3.0,5.351571864260666,0.6446217808352366,0.5,18738.084114859117,-71.17217828483213
-99.2363943,19.3849371,Sta Fé,100000.0,344.82758620689657,290.0,3,3.0,5.366276183470399,1.1974726735893648,0.5,11703.17265214267,-88.29682734785732
-99.1870609,19.4402177,Granada,55000.0,366.6666666666667,150.0,3,2.0,5.354870044262236,1.211582593688393,0.5,16639.762953733087,-69.74588553866712
-99.1747367,19.4365749,Verónica Anzúres,25000.0,208.33333333333334,120.0,2,1.0,5.3874031545912775,0.7776401226193126,0.5,10524.867954196623,-57.90052818321351
-99.1874969,19.4384109,Granada,50000.0,416.6666666666667,120.0,3,2.0,5.3751805617253146,1.3532124062485744,0.5,11942.971662478105,-76.11405667504378
-99.206134,19.4188634,Lomas De Chapultepec I Sección,22000.0,440.0,50.0,1,1.0,5.367582985522016,1.435994144356254,0.5,9433.022074776378,-57.12262693283464
-99.0720845,19.3999215,Agrícola Oriental,5500.0,61.111111111111114,90.0,1,1.0,5.367795111208012,0.5181168295654022,0.5,11752.814189213657,113.68753071297559
-99.1258365,19.4113365,Venustiano Carranza,10500.0,210.0,50.0,1,1.0,5.378948796683149,1.6888984452794784,0.761616411382061,11442.752093894385,8.978591370422716
-99.2028514,19.3248498,Jardines Del Pedregal,50000.0,294.11764705882354,170.0,3,3.0,5.374626577771611,1.2426555573316733,0.5,15355.822373310652,-69.2883552533787
-99.1712126,19.4093714,Cuauhtémoc,30000.0,625.0,48.0,1,1.0,6.115168511814868,1.4063122397485024,0.830531038273375,10298.426035315033,-65.67191321561656
-99.1425579,19.3986657,Álamos,17500.0,224.35897435897436,78.0,2,1.0,5.35174412270798,0.9177178780446281,0.5,28550.240609963228,63.144232056932736
-99.1332,19.4326,Código 2,18800.0,280.5970149253731,67.0,2,2.0,5.360076170732687,0.940542932713138,0.5,15624.27110861148,-16.892174954194257
-99.1481596,19.3787903,Benito Juárez,7000.0,233.33333333333334,30.0,1,1.0,5.3784646243469325,1.0938980697502039,0.933319961735651,9680.109907547137,38.287284393530534
-99.2073801,19.3197812,Jardines Del Pedregal,30000.0,272.72727272727275,110.0,3,2.0,5.372255453489588,1.1019706494429968,0.5,25853.600600506255,-13.821331331645814
-99.1518583,19.3134482,Pedregal De Sta Úrsula,12000.0,184.6153846153846,65.0,2,1.0,5.347542084856981,1.3074384669794612,0.5,19254.154882298124,60.4512906858177
-99.1757027,19.3060161,Coyoacán,30000.0,348.83720930232556,86.0,2,2.0,6.059760505088622,1.3338203721163497,0.750956198657275,13103.417572628887,-56.321941424570376
-99.0637399,19.3459153,Iztapalapa,10000.0,111.11111111111111,90.0,2,1.0,5.36765498884816,0.5498811538047232,1.0,12260.173265174597,22.60173265174597
-99.2102487,19.2721764,Miguel Hidalgo,12000.0,134.8314606741573,89.0,2,2.0,5.358885784570934,0.7380418056598024,0.8585849060226639,11453.787163615814,-4.551773636534881
-99.1444973,19.3758524,San Simón Ticumac,21500.0,294.52054794520546,73.0,2,2.0,5.379467073140985,1.6488650680211894,0.5,11380.4731910616,-47.067566553201864
-99.2751709,19.3769798,Mexico City,42000.0,251.49700598802394,167.0,2,3.0,5.373586950512809,0.9390854898224814,0.5,47035.59388655131,11.989509253693592
-99.1534501,19.4346159,Tabacalera,41500.0,402.9126213592233,103.0,2,2.0,5.963950001018811,0.8690022404617812,0.5,17007.190243266064,-59.018818690925144
-99.1836682,19.3723233,Benito Juárez,45000.0,401.7857142857143,112.0,2,2.0,5.745231024844788,1.366279781785895,0.933319961735651,9493.52330100078,-78.90328155333161
-99.2186078,19.3427933,Tetelpan,23900.0,199.16666666666666,120.0,3,3.0,5.364225855729184,0.8780595126213087,0.5,15879.24525650518,-33.559643278221
-99.272261,19.3581682,Cuajimalpa de Morelos,95000.0,395.8333333333333,240.0,3,3.0,5.918789263617551,1.121714859960234,0.49427437331671703,26801.95567466674,-71.78741507929817
-99.1866064,19.4344164,Chapultepec Morales,45000.0,375.0,120.0,2,2.0,5.971522867592425,0.9921092307868651,0.5,39475.838040598486,-12.275915465336697
-99.272261,19.3581682,Cuajimalpa de Morelos,36000.0,315.7894736842105,114.0,2,2.0,5.8824514572141124,0.8948860932646742,0.49427437331671703,17197.998344009226,-52.22778237775215
-99.1866064,19.4344164,Chapultepec Morales,45000.0,375.0,120.0,2,2.0,5.390486022471689,0.9921092307868651,0.5,40293.747945065836,-10.458337899853698
-99.2227597,19.3892129,Boscoso,22000.0,176.0,125.0,3,3.0,5.336498782207102,1.063318754334651,0.5,24725.169610760284,12.387134594364927
-99.1887659,19.4657919,Ángel Zimbrón,18000.0,200.0,90.0,3,2.0,5.371686278061306,1.391650454439619,0.5,15845.571282276973,-11.969048431794596
-99.1761603,19.3824219,Benito Juárez,27000.0,317.6470588235294,85.0,2,2.0,5.379851002807632,1.5888185298475899,0.933319961735651,15769.859743176923,-41.59311206230769
-99.02963,19.2523919,Col Del Carmen,24000.0,252.6315789473684,95.0,2,2.0,5.355334311092287,1.3353898550573728,0.5,14057.7938549434,-41.42585893773583
-99.1934907,19.3598623,Álvaro Obregón,35000.0,307.0175438596491,114.0,2,2.0,5.879101459939287,0.9174016152352978,0.0,142476.84732517172,307.0767066433478
-99.1332,19.4326,C.T.M. El Risco,10000.0,102.04081632653062,98.0,3,1.0,5.364610224887209,0.34203417548730053,0.5,48264.031680077715,382.6403168007771
-99.1918034,19.4268132,Polanco,35000.0,315.31531531531533,111.0,2,2.0,5.332664101150361,0.8329271709066148,0.5,12221.336212700546,-65.0818965351413
-99.1795821,19.4092659,Mexico City,50000.0,357.14285714285717,140.0,3,3.0,5.371315007506376,0.8111346741288693,0.5,23001.04728783124,-53.997905424337524
-99.1669696,19.3837691,Col Del Valle Centro,50000.0,312.5,160.0,2,5.0,5.379743011452289,0.9897198335265989,0.5,101785.42234949341,103.57084469898683
-99.1633037,19.4058335,Mexico City,50000.0,442.4778761061947,113.0,3,2.0,5.361191227252749,0.8898301976483182,0.5,25805.5348528751,-48.3889302942498
-99.1551083,19.4337475,Tabacalera,38000.0,404.25531914893617,94.0,1,3.0,5.345528310973572,0.9093980985756421,0.5,17733.856764605134,-53.33195588261807
-99.2654904,19.3328551,Álvaro Obregón,9000.0,180.0,50.0,1,1.0,5.37579038889483,0.6323552062278354,0.0,18926.132224644025,110.29035805160028
-99.1670335,19.3942366,Colonia Del Valle,45000.0,375.0,120.0,2,2.0,5.356393429249891,1.1690554921614091,0.5,25991.39861721255,-42.24133640619433
-99.0786706,19.3099886,El Vergel,16000.0,188.23529411764707,85.0,2,3.0,5.374898739741973,0.8975965730718991,0.5,15419.072600804628,-3.6307962449710773
-99.1331785,19.4326296,Cuauhtémoc,13000.0,325.0,40.0,1,1.0,5.7672191742449,0.7914896705971983,0.830531038273375,13165.557197354374,1.2735169027259523
-99.1618557,19.3678314,Sta Cruz Atoyac,19700.0,317.741935483871,62.0,2,2.0,5.344514303273387,0.8808413161687733,0.5,24144.685271942355,22.56185417229622
-99.094982,19.4778665,Dm Nacional,9000.0,180.0,50.0,2,1.0,5.363694559308238,0.7547035830679937,0.5,11502.42738629911,27.80474873665678
-99.1489572,19.4455855,Buenavista,11500.0,209.0909090909091,55.0,2,1.0,5.345542985967569,0.8113057234742722,0.5,37138.36042846974,222.94226459538908
-99.0468784,19.2828254,Los Reyes,8400.0,336.0,25.0,1,1.0,5.378618158924461,2.441407790666609,0.5,13593.417368531202,61.82639724441906
-99.1536746,19.5049574,Gustavo A. Madero,12500.0,277.77777777777777,45.0,2,1.0,5.3626902633358435,1.4378449919281164,0.829803447501769,20322.800840563057,62.58240672450446
-99.1331785,19.4326296,Cuauhtémoc,14600.0,486.6666666666667,30.0,1,1.0,5.77486827071844,1.1852050452019587,0.830531038273375,17577.752257394965,20.395563406814826
-99.157701,19.3718796,Benito Juárez,15600.0,346.6666666666667,45.0,1,1.0,5.398434126618121,1.0618858490992147,0.933319961735651,87001.72583862257,457.7033707604011
-99.2846065,19.3736178,Cuajimalpa de Morelos,13000.0,130.0,100.0,2,1.0,5.384803059791986,0.4772153130658234,0.49427437331671703,14557.87595102794,11.983661161753382
-99.1669733,19.2880603,Tlalpan,22000.0,217.82178217821783,101.0,3,2.0,5.379090102183389,1.07928357326614,0.3919311241687132,7096.661609507711,-67.7424472295104
-99.1843937,19.4838908,Azcapotzalco,22000.0,343.75,64.0,3,2.0,5.62877942528619,1.9288121786513137,0.7799341145447056,10318.19190031543,-53.09912772583895
-99.1826873,19.3476864,Chimalistac,25000.0,312.5,80.0,2,1.0,5.379943573167161,1.1651298307766027,0.5,28862.48108466891,15.449924338675642
-99.1501539,19.393107,Benito Juárez,25000.0,277.77777777777777,90.0,2,2.0,5.9207041994641125,1.1927422429540624,0.933319961735651,52387.87544084212,109.55150176336849
-99.2224622,19.3404689,Tizampampano,8500.0,60.714285714285715,140.0,2,1.0,5.38113458820695,0.29007383571546835,0.5,8968.911885909238,5.516610422461621
-99.1866064,19.4344164,Chapultepec Morales,35500.0,142.0,250.0,3,4.0,5.37645895554662,0.37567869539129295,0.5,18706.971194595135,-47.30430649409821
-99.2196568,19.3374093,Olivar De Los Padres,24500.0,318.1818181818182,77.0,2,2.0,5.3816633314729785,1.5791362865518364,0.5,23840.80478592205,-2.690592710522246
-99.1227158,19.2905833,Torreón,9800.0,153.125,64.0,2,1.0,5.3622882103170895,1.3429114170933196,0.5,11264.724115154611,14.946164440353177
-99.1792667,19.3835161,Nápoles,18000.0,900.0,20.0,1,1.0,5.374449608409909,5.354728695985027,0.5,29219.211491097136,62.32895272831742
-99.1899364,19.3656187,Benito Juárez,17500.0,250.0,70.0,2,2.0,5.797447413520077,0.8350297907269892,0.933319961735651,6634.448944800967,-62.08886317256591
-99.1648548,19.3064516,El Caracol,16500.0,253.84615384615384,65.0,2,2.0,5.360239273170279,1.1929933768655985,0.5,16470.124265754122,-0.18106505603562142
-99.2226344,19.5657502,Cd. De Los Deportes,18000.0,450.0,40.0,1,1.0,5.366679630424775,2.954984053769898,0.5,18539.150072110093,2.995278178389405
-99.1332,19.4326,Portales Nte,22000.0,183.33333333333334,120.0,2,1.0,5.376510306104506,0.61452140195885,0.5,17708.926373206996,-19.504880121786382
-99.272261,19.3581682,Cuajimalpa de Morelos,21000.0,636.3636363636364,33.0,1,1.0,5.880621733060687,1.8033310667303284,0.49427437331671703,10940.037094470455,-47.9045852644264
-99.224854,19.3373022,Olivar De Los Padres,35500.0,221.875,160.0,3,4.0,5.363204872560623,1.1185659610500627,0.5,26198.42389040485,-26.20162284393
-99.1332,19.4326,2Da Amp El Pirú,4200.0,84.0,50.0,3,1.0,5.375777310916582,0.2815625332611458,0.5,14786.23907826975,252.053311387375
-99.1173931,19.3769065,Iztapalapa,20000.0,178.57142857142858,112.0,3,2.0,5.371083198672098,1.2860096009187578,1.0,22360.99749125216,11.804987456260806
-99.1332,19.4326,Centro Urbano Pdte. Juárez,18000.0,360.0,50.0,1,1.0,5.3917144059753666,1.2066965711191964,0.5,14586.829159995592,-18.962060222246713
-99.2259026,19.3063387,Mexico City,48000.0,150.0,320.0,3,4.0,5.378604143012161,0.6989520920320583,0.5,33190.29486888508,-30.853552356489416
-99.0786706,19.3099886,El Vergel,16000.0,200.0,80.0,2,3.0,5.361772240481574,0.9536963588888928,0.5,23310.273392866136,45.68920870541335
-99.1668669,19.3601941,Benito Juárez,62000.0,329.78723404255317,188.0,3,3.0,5.9749611419993975,0.865055987567881,0.933319961735651,21119.650568713605,-65.93604746981676
-99.1545017,19.3958075,Narvarte Poniente,28000.0,231.40495867768595,121.0,2,2.0,5.3643479741535804,0.7158268426551548,0.5,22694.2005647006,-18.949283697497854
-99.1738081,19.3896634,Benito Juárez,21700.0,586.4864864864865,37.0,1,1.0,6.1777548018148165,1.4553015003714274,0.933319961735651,15137.71320389604,-30.2409529774376
-99.1498637,19.4053637,Buenos Aires,17000.0,209.87654320987653,81.0,2,1.0,5.384687744888532,0.8123157287226334,0.5,16365.437733305478,-3.7327192158501292
-99.1675977,19.3663242,Sta Cruz Atoyac,23000.0,255.55555555555554,90.0,2,2.0,5.347934939393553,0.8119868694223676,0.5,57289.40521723459,149.08437050971563
-99.2651314,19.3865976,Cuajimalpa de Morelos,21000.0,175.0,120.0,3,1.0,5.691427503594004,0.7672394053380724,0.49427437331671703,16929.279543950084,-19.38438312404722
-99.1061547,19.3032296,Coapa,15000.0,300.0,50.0,1,1.0,5.32690194931585,2.183699666710913,0.5,16015.818387224244,6.772122581494962
-99.1625655,19.4183227,Cuauhtémoc,25000.0,657.8947368421053,38.0,1,1.0,6.170906224278494,1.3138007543804735,0.830531038273375,19788.408593539658,-20.84636562584137
-99.1891255,19.362883,Guadalupe Inn,23000.0,157.53424657534248,146.0,3,2.0,5.377188912912205,0.49634302494684646,0.5,16975.21476880467,-26.194718396501425
-99.1331785,19.4326296,Cuauhtémoc,25000.0,500.0,50.0,1,1.0,6.110309684362209,1.2176764163033822,0.830531038273375,29910.996873162218,19.643987492648872
-99.190915,19.43353,Polanco,54500.0,825.7575757575758,66.0,2,1.0,5.352331713557959,1.6418907178835753,0.5,15363.00678451929,-71.81099672565267
-99.2482719,19.3308418,Álvaro Obregón,37200.0,177.14285714285714,210.0,2,2.0,5.383046867995135,0.9480357062417196,0.0,14534.757299181554,-60.928071776393665
-99.1332,19.4326,Amp Granada,70000.0,486.1111111111111,144.0,3,3.0,5.369462976314059,1.6294128082242232,0.5,60876.56049971724,-13.03348500040394
-99.1807513,19.3572269,Álvaro Obregón,49000.0,204.16666666666666,240.0,3,3.0,5.37290624614856,0.7725167146132832,0.0,39092.480843501515,-20.219426849996907
-99.173833,19.3640788,Benito Juárez,49000.0,204.16666666666666,240.0,3,3.0,5.348792941861225,0.6681038586443151,0.933319961735651,20774.757224126857,-57.602536277292124
-99.190915,19.43353,Miguel Hidalgo,90000.0,517.2413793103449,174.0,3,3.0,5.702744489244395,1.0284541668489338,0.8585849060226639,16512.86030134702,-81.65237744294777
-99.1331785,19.4326296,Mexico City,5800.0,34.523809523809526,168.0,2,2.0,5.370776621595009,0.08407765731618591,0.5,8120.09285295466,40.00160091301138
-99.176429,19.4148639,Cuauhtémoc,56000.0,509.09090909090907,110.0,2,2.0,6.117396230296848,1.0289521098294188,0.830531038273375,26624.760377936254,-52.45578503939955
-99.1476839,19.4332704,Cuauhtémoc,40000.0,571.4285714285714,70.0,1,1.0,6.207086369160829,1.052689280597278,0.830531038273375,17451.015851288288,-56.372460371779276
-99.1958834,19.4414507,Granada,52000.0,509.80392156862746,102.0,2,2.0,5.36091609018351,1.0981946649782641,0.5,6046.613591140139,-88.37189694011512
-99.1809064,19.3073616,Insurgentes Cuicuilco,27000.0,355.2631578947368,76.0,2,2.0,5.362577862772053,1.4912113484601957,0.5,12219.037067406785,-54.744307157752644
-99.272261,19.3581682,Cuajimalpa de Morelos,36500.0,94.55958549222798,386.0,2,2.0,5.972380645481953,0.2679635171325784,0.49427437331671703,14085.943658883549,-61.40837353730535
-99.1771253,19.3694718,Benito Juárez,49000.0,204.16666666666666,240.0,3,3.0,5.360971373882743,0.8106553528728286,0.933319961735651,19347.657100648205,-60.51498550888121
-99.1331785,19.4326296,Cuauhtémoc,15000.0,214.28571428571428,70.0,1,1.0,5.880183445312957,0.521861321272878,0.830531038273375,14701.529143610896,-1.9898057092606904
-99.2076827,19.4018347,700,16700.0,491.1764705882353,34.0,1,1.0,5.314883001169017,1.56325968623535,0.5,39728.65337929391,137.896128019724
-99.1520686,19.3799106,Independencia,21700.0,333.84615384615387,65.0,2,2.0,5.346128305480562,1.2404310701706767,0.5,21502.92929867387,-0.9081599139453032
-99.2892544,19.357184,Lomas De Memetla,18000.0,257.14285714285717,70.0,2,1.0,5.369263386280661,0.8796284177139986,0.5,19893.302179438157,10.518345441323092
-99.1476839,19.4332704,Cuauhtémoc,18900.0,460.9756097560976,41.0,1,1.0,6.157937131086183,0.8492121452623164,0.830531038273375,23714.979478469562,25.476081896664347
-99.2651314,19.3865976,Cuajimalpa de Morelos,135000.0,507.5187969924812,266.0,3,3.0,5.537243664286246,2.22507668572803,0.49427437331671703,30157.532791954654,-77.66108682077433
-99.1747574,19.4093031,Hipódromo,39300.0,413.6842105263158,95.0,2,2.0,5.35260677702223,0.9947121300154654,0.5,22515.664847816577,-42.708231939398026
-99.1059985,19.2929705,Olímpica,20500.0,269.7368421052632,76.0,2,2.0,5.37930698578155,2.2772099707434226,0.5,14810.516338070263,-27.75357883868164
-99.1550639,19.3894304,Narvarte Poniente,30000.0,247.93388429752065,121.0,2,2.0,5.354482980591109,0.8853821464204912,0.5,15136.722761578269,-49.54425746140577
-99.1668669,19.3601941,Benito Juárez,39000.0,390.0,100.0,3,2.0,5.954536929116179,1.022998467878662,0.933319961735651,31574.137430112034,-19.04067325612299
-99.1757027,19.3060161,Pedregal De Carrasco,39000.0,354.54545454545456,110.0,3,3.0,5.359555255677623,1.3556465236600719,0.5,7562.749831680399,-80.60833376492205
-99.2676836,19.3670809,Cuajimalpa de Morelos,29900.0,264.60176991150445,113.0,1,2.0,5.351365481005264,0.8688539034728714,0.49427437331671703,31981.94827577883,6.963037711634877
-99.1755731,19.4063899,Hipódromo,42800.0,407.6190476190476,105.0,3,2.0,5.336778154767859,1.072022439765923,0.5,22899.029866355104,-46.49759377019835
-99.178023,19.3937429,Nápoles,34000.0,453.3333333333333,75.0,2,3.0,5.363217022661449,1.2510981115973363,0.5,25118.97067949629,-26.120674472069734
-99.2102915,19.4425356,Miguel Hidalgo,31000.0,276.7857142857143,112.0,2,2.0,5.9476062268075385,0.8137056841315697,0.8585849060226639,26531.516482335428,-14.414462960208297
-99.175416,19.4075756,Hipódromo,42800.0,407.6190476190476,105.0,3,2.0,5.3428406327417814,1.01445453256089,0.5,33216.0155733326,-22.392486978194853
-99.1740634,19.41007,Hipódromo,42800.0,407.6190476190476,105.0,3,2.0,5.361818513461171,0.9307069506905942,0.5,28164.928601811676,-34.19409205184188
-99.1460154,19.4787952,Magdalena De Las Salinas,35000.0,350.0,100.0,3,2.0,5.3758272335025,1.9535771123130525,0.5,32280.169844336728,-7.770943301895064
-99.1599891,19.4326814,Cuauhtémoc,24000.0,400.0,60.0,1,1.0,5.361453116143978,0.7667393232558337,0.830531038273375,36271.06938462826,51.12945576928441
-99.1668669,19.3601941,Benito Juárez,29000.0,362.5,80.0,1,2.0,5.970941753813411,0.9508639605282435,0.933319961735651,39833.35306871222,37.356389892111096
-99.1609858,19.3698638,Benito Juárez,34000.0,566.6666666666666,60.0,2,2.0,6.068980827410365,1.5804008643498244,0.933319961735651,26967.142286614268,-20.684875627605095
-99.2511696,19.3881071,Cuajimalpa de Morelos,27000.0,551.0204081632653,49.0,1,1.0,5.587504080020169,1.5411001737323755,0.49427437331671703,28138.302694332036,4.215935904933469
-99.1434503,19.3986917,Alamos,22800.0,350.7692307692308,65.0,2,2.0,5.383043751012585,1.4728649526458475,0.5,20638.79261171935,-9.478979773160749
-99.1332,19.4326,Escandón I Secc,32000.0,320.0,100.0,2,2.0,5.324002607882394,1.0726191743281746,0.5,25740.187070443833,-19.56191540486302
-99.1752831,19.3055911,836,25800.0,505.88235294117646,51.0,1,1.0,5.38749155925972,1.991933131395666,0.5,27076.973068894386,4.949508018970486
-99.1675977,19.3663242,Xoco,40500.0,337.5,120.0,3,2.0,5.364466330007338,1.0723522242914965,0.5,11065.604283195682,-72.67752028840573
-99.2993588,19.3465983,Cuajimalpa de Morelos,27000.0,272.72727272727275,99.0,2,2.0,5.82748503959566,0.8158083847224914,0.49427437331671703,8958.747452761765,-66.81945387866011
-99.22256,19.3267187,La Magdalena Contreras,22000.0,261.9047619047619,84.0,3,1.0,5.3761976503466045,1.2600403834270415,0.3233249370829295,28635.125462983513,30.159661195379606
-99.1449399,19.3706022,Benito Juárez,16000.0,266.6666666666667,60.0,2,1.0,5.3506660524982665,1.2440727299497376,0.933319961735651,37960.92119811378,137.25575748821112
-99.1870609,19.4402177,Granada,40000.0,333.3333333333333,120.0,3,2.0,5.383798337346589,1.1014387215349026,0.5,13313.003625224348,-66.71749093693913
-99.1287791,19.3775893,Iztacalco,17500.0,291.6666666666667,60.0,2,1.0,5.359559600501725,1.6558961711519204,0.7626118203348291,51193.29576597544,192.53311866271682
-99.272261,19.3581682,Cuajimalpa de Morelos,180000.0,371.1340206185567,485.0,4,5.0,5.918916479385308,1.0517218003316788,0.49427437331671703,19413.723979291142,-89.21459778928269
-99.2511696,19.3881071,Cuajimalpa de Morelos,53000.0,384.05797101449275,138.0,3,3.0,5.544712497252824,1.0741377217345622,0.49427437331671703,48190.42502400759,-9.07466976602341
-99.2150977,19.4497398,Miguel Hidalgo,17500.0,437.5,40.0,1,1.0,6.0730395925545935,1.0459819068508647,0.8585849060226639,26278.579785737846,50.16331306135912
-99.1331785,19.4326296,Mexico City,25000.0,156.25,160.0,2,1.0,5.371484184924053,0.3805238800948069,0.5,95967.48411955137,283.8699364782055
-99.2196568,19.3374093,Álvaro Obregón,63000.0,250.0,252.0,3,3.0,5.701652323490713,1.2407499394335857,0.0,4353.469287615701,-93.08973128949889
-99.1619751,19.3498606,Coyoacán,18000.0,360.0,50.0,1,1.0,5.363958980950123,2.6418910005816554,0.750956198657275,17571.320633687184,-2.381552035071197
-99.1926322,19.4402557,Miguel Hidalgo,70000.0,569.1056910569106,123.0,3,2.0,6.099253819436622,1.1794808237497598,0.8585849060226639,9842.949828510926,-85.93864310212724
-99.2779741,19.3631581,Cuajimalpa de Morelos,23600.0,536.3636363636364,44.0,1,1.0,5.8992858869098495,1.4076111496932178,0.49427437331671703,4721.868761342091,-79.9920815197369
-99.1629995,19.3619356,General Pedro Maria Anaya,38500.0,370.1923076923077,104.0,3,2.0,5.355745657570479,1.5872876233981836,0.5,7832.29298258778,-79.65638186340837
-99.2380831,19.4000326,Miguel Hidalgo,46000.0,248.64864864864865,185.0,3,2.0,5.355671761798952,0.9789306211703038,0.8585849060226639,20436.322081922837,-55.57321286538514
-99.2453489,19.4005527,Miguel Hidalgo,12000.0,28.571428571428573,420.0,3,3.0,5.824618979317977,0.10209542921354733,0.8585849060226639,13585.046708241476,13.208722568678969
-99.2480389,19.382527,Santa Fe,24500.0,306.25,80.0,1,1.0,5.37024709572644,1.015776641627838,0.5,22361.09007615539,-8.73024458712086
-99.1501539,19.393107,Benito Juárez,26000.0,371.42857142857144,70.0,2,2.0,5.8766512976756795,1.594866770578575,0.933319961735651,18181.227598840276,-30.072201542922016
-99.1689384,19.3599383,Xoco,35000.0,437.5,80.0,1,1.0,5.35066213680809,1.1623880138149763,0.5,83719.17972125484,139.19765634644241
-99.1664946,19.4036382,Roma Sur,25000.0,312.5,80.0,2,2.0,5.3374494214342665,0.7129186649785061,0.5,25820.441285631587,3.2817651425263468
-99.253229,19.3787909,Santa Fe,20000.0,317.46031746031747,63.0,1,1.0,5.330124771278098,0.9723574862701325,0.5,24139.93402764428,20.69967013822141
-99.1583477,19.3983786,Narvarte Poniente,30000.0,333.3333333333333,90.0,2,2.0,5.351885129378387,1.2214309621042798,0.5,33712.31352238767,12.37437840795889
-99.1668669,19.3601941,Benito Juárez,30000.0,319.1489361702128,94.0,2,2.0,5.978428785663776,0.8371509557108527,0.933319961735651,4612.532534687578,-84.62489155104142
-99.2436293,19.3913552,Miguel Hidalgo,150000.0,362.3188405797101,414.0,3,3.0,5.389493297954542,1.3158108586419999,0.8585849060226639,38178.94959350069,-74.5473669376662
-99.1539172,19.4360737,Cuauhtémoc,35000.0,257.3529411764706,136.0,2,2.0,6.078667901116018,0.5726883732985759,0.830531038273375,38252.22150224891,9.292061434996889
-99.1424798,19.2776447,Tlalpan,25000.0,138.88888888888889,180.0,3,2.0,5.366784247013105,0.6663464934596659,0.3919311241687132,20307.067020963463,-18.77173191614615
-99.2244154,19.4242059,Lomas De Chapultepec,110000.0,305.55555555555554,360.0,3,3.0,5.338082007634883,1.0294713627667562,0.5,25094.386690691186,-77.18692119028074
-99.1896438,19.4378458,Polanco,90000.0,300.0,300.0,3,2.0,5.347573975615006,0.8800155233391816,0.5,20588.22993905772,-77.12418895660252
-99.1539544,19.4344426,Tabacalera,41900.0,406.79611650485435,103.0,2,2.0,5.366168756598246,0.8897768667502536,0.5,9222.66350466216,-77.98886991727409
-99.1743711,19.3890898,Del Valle Sur,38000.0,422.22222222222223,90.0,2,2.0,5.3832158158313215,1.0326481456526053,0.5,12837.70699895715,-66.21656052906013
-99.2651314,19.3865976,Cuajimalpa de Morelos,90000.0,370.3703703703704,243.0,3,3.0,5.6510281290777575,1.623787101244598,0.49427437331671703,69531.6806011556,-22.742577109827106
-99.2023109,19.3444911,Altavista,40000.0,200.0,200.0,3,4.0,5.382299789292057,0.7706450267042578,0.5,46235.86921849394,15.589673046234855
-99.190915,19.43353,Miguel Hidalgo,85000.0,429.2929292929293,198.0,2,2.0,5.667696409739371,0.853582330398189,0.8585849060226639,84204.04655177702,-0.9364158214387991
-99.2612571,19.3610393,Mexico City,26000.0,305.88235294117646,85.0,2,2.0,5.379579706050692,0.8600992568723909,0.5,37608.499010023734,44.6480731154759
-99.2021996,19.3370667,Álvaro Obregón,50000.0,270.27027027027026,185.0,3,3.0,5.863549149905088,1.0079572745428411,0.0,23778.19116586759,-52.44361766826482
-99.1751451,19.3928553,Nápoles,35000.0,212.12121212121212,165.0,3,3.0,5.370485915399844,0.49725285508836287,0.5,17758.959032531642,-49.260117049909596
-99.164216,19.4343524,San Rafael,19500.0,629.0322580645161,31.0,1,1.0,5.393505773734551,1.150460076471063,0.5,24948.651850682785,27.94180436247582
-99.2905851,19.3636966,Jesús Del Monte,11500.0,169.11764705882354,68.0,2,2.0,5.3836018814004625,0.5014337136529667,0.5,63671.482072204395,453.6650614974295
-99.1637043,19.4385126,San Rafael,25000.0,308.641975308642,81.0,2,2.0,5.711925305828784,0.7002778743504564,0.5,14744.765296160536,-41.02093881535785
-99.1896438,19.4378458,Miguel Hidalgo,75000.0,187.5,400.0,3,2.0,5.369657450751226,0.5500097020869885,0.8585849060226639,25103.410830299974,-66.52878555960004
-99.2511696,19.3881071,Cuajimalpa de Morelos,65000.0,185.71428571428572,350.0,2,2.0,5.5925019853418485,0.5194078363320229,0.49427437331671703,30128.60321333463,-53.64830274871595
-99.1329862,19.4278877,Cuauhtémoc,15500.0,310.0,50.0,1,1.0,5.33370350658581,0.9761148549150552,0.830531038273375,51505.917532902895,232.2962421477606
-99.1836682,19.3723233,Benito Juárez,45000.0,215.311004784689,209.0,3,2.0,5.894723633729477,0.7321690696651687,0.933319961735651,69989.71164831256,55.53269255180568
-99.2551064,19.3822554,Granjas Palo Alto,17800.0,240.54054054054055,74.0,2,1.0,5.355493258827468,0.7061956644819056,0.5,23294.624988888143,30.868679712854735
-99.164216,19.4343524,San Rafael,39100.0,550.7042253521126,71.0,2,2.0,5.357406524813055,1.0072030759773025,0.5,30276.614433157996,-22.566203495759602
-99.1810604,19.429232,Rincón Del Bosque,150000.0,414.3646408839779,362.0,3,3.0,5.379266322375136,0.9720867509675479,0.5,25704.2702575644,-82.8638198282904
-99.2767967,19.3530225,Contadero,30000.0,375.0,80.0,2,1.0,5.359852005881621,0.953439248609231,0.5,18429.728204084666,-38.567572653051116
-99.1583477,19.3983786,Narvarte Poniente,30000.0,333.3333333333333,90.0,2,2.0,5.354650970277957,1.2214309621042798,0.5,6923.0220780898,-76.92325973970065
-99.272261,19.3581682,Cuajimalpa de Morelos,58000.0,483.3333333333333,120.0,2,2.0,5.881917585233099,1.369672881635654,0.49427437331671703,25593.727792089434,-55.87288311708718
-99.2511696,19.3881071,Cuajimalpa de Morelos,59000.0,297.979797979798,198.0,3,3.0,5.640056428217343,0.8333933038272162,0.49427437331671703,27679.66785674394,-53.08530871738315
-99.2612571,19.3610393,Cuajimalpa de Morelos,70000.0,285.7142857142857,245.0,3,2.0,5.373646718580517,0.8033894157599256,0.49427437331671703,18750.125381070786,-73.21410659847031
-99.1588279,19.4279483,Cuauhtémoc,27000.0,627.9069767441861,43.0,1,1.0,5.379451297545421,1.1561854209251756,0.830531038273375,34295.92879628281,27.021958504751147
-99.1945291,19.3614286,Los Alpes,24000.0,369.2307692307692,65.0,1,1.0,5.380782783254158,1.14504334866831,0.5,45143.430967692875,88.09762903205365
-99.1712126,19.4093714,Cuauhtémoc,62000.0,476.9230769230769,130.0,2,2.0,6.073735105760417,1.0731244167927034,0.830531038273375,8698.985996509902,-85.96937742498403
-99.190915,19.43353,Miguel Hidalgo,70000.0,321.10091743119267,218.0,2,2.0,5.627837294241919,0.638459314588176,0.8585849060226639,23293.23489338274,-66.72395015231037
-99.1625655,19.4183227,Cuauhtémoc,38000.0,333.3333333333333,114.0,1,1.0,6.1842306683944575,0.6656590488861064,0.830531038273375,15815.939435423756,-58.37910674888486
-99.190915,19.43353,Miguel Hidalgo,75000.0,309.91735537190084,242.0,3,2.0,5.724000041466938,0.6162225379879974,0.8585849060226639,16057.043154994319,-78.59060912667425
-99.2541091,19.3831073,Cuajimalpa de Morelos,53000.0,384.05797101449275,138.0,3,3.0,5.349429861839382,1.2846816850604899,0.49427437331671703,25415.520703352,-52.046187352166044
-99.1331785,19.4326296,Cuauhtémoc,36000.0,467.53246753246754,77.0,2,2.0,6.183338894726238,1.1386065191408248,0.830531038273375,48730.61251374759,35.36281253818775
-99.1926322,19.4402557,Miguel Hidalgo,43000.0,307.14285714285717,140.0,3,2.0,6.076847493995472,0.6365585792665797,0.8585849060226639,36349.19016886613,-15.466999607288068
-99.1609858,19.3698638,Benito Juárez,35900.0,478.6666666666667,75.0,2,2.0,6.0529823733449515,1.3349739065919695,0.933319961735651,48290.31231943227,34.513404789504925
-99.163652,19.2008222,700,30700.0,438.57142857142856,70.0,2,2.0,5.372447874317499,1.338243867182038,0.5,14718.882862567485,-52.05575614798865
-99.1628046,19.154436,160,36200.0,509.85915492957747,71.0,2,2.0,5.399166073262167,1.4893962752361467,0.5,14845.051924838941,-58.991569268400724
-99.1629946,19.4143671,Roma Sur,30000.0,750.0,40.0,1,1.0,5.380973041084322,1.352555495725377,0.5,24731.98288674661,-17.560057044177967
-99.1926322,19.4402557,Miguel Hidalgo,46700.0,491.57894736842104,95.0,2,2.0,6.034450551274243,1.0188053834136837,0.8585849060226639,25988.277348981897,-44.350583835156534
-99.250823,19.3687441,Álvaro Obregón,140000.0,312.5,448.0,4,4.0,5.705422213880741,1.216533185849416,0.0,16976.851223001977,-87.87367769785573
-99.185332,19.4403884,Granada,38000.0,387.7551020408163,98.0,2,2.0,5.3706578499032105,1.7262348132978473,0.5,30986.339411855788,-18.457001547747925
-99.2521032,19.3863725,Bosques De Las Lomas,90000.0,272.72727272727275,330.0,3,3.0,5.344226201883567,0.8579527488773426,0.5,66399.63237561638,-26.22263069375958
-99.1476839,19.4332704,Cuauhtémoc,37000.0,480.5194805194805,77.0,2,2.0,6.20145286186193,0.8852159859568018,0.830531038273375,33652.36349522756,-9.0476662291147
-99.2503349,19.3855195,Cuajimalpa de Morelos,37000.0,352.3809523809524,105.0,2,2.0,6.028986182010818,1.145405215667414,0.49427437331671703,59807.359240195125,61.641511459986816
-99.2996246,19.3572429,Cuajimalpa de Morelos,16500.0,330.0,50.0,1,1.0,5.364852790504517,1.3236415577050826,0.49427437331671703,26951.05350803728,63.339718230528966
-99.2436293,19.3913552,Miguel Hidalgo,27500.0,392.85714285714283,70.0,1,1.0,5.374069042078662,1.42671491672754,0.8585849060226639,34201.50201889045,24.36909825051074
-99.1331785,19.4326296,Cuauhtémoc,48000.0,666.6666666666666,72.0,2,2.0,6.269902304730355,1.623568555071176,0.830531038273375,20117.18678701033,-58.089194193728474
-99.1674652,19.4132121,Hipódromo,98000.0,356.3636363636364,275.0,2,4.0,5.377980555612601,0.6810072492558646,0.5,78278.06873743278,-20.124419655680832
-99.1563683,19.3914555,Narvarte Poniente,27000.0,337.5,80.0,2,2.0,5.357374632802411,1.1489485989134818,0.5,30682.805669585847,13.640020998466099
-99.190915,19.43353,Miguel Hidalgo,72000.0,480.0,150.0,2,2.0,5.727721899091618,0.9544054668358104,0.8585849060226639,34382.067690936594,-52.24712820703251
-99.2432802,19.3871293,Lomas De Santa Fe,40000.0,434.7826086956522,92.0,2,2.0,5.378972211412937,1.5194578147326596,0.5,5184.489642288722,-87.03877589427819
-99.155891,19.4387425,Tabacalera,18500.0,462.5,40.0,1,1.0,5.362214713933318,1.0765322552191863,0.5,8916.455425679114,-51.80294364497776
-99.2482719,19.3308418,Álvaro Obregón,24600.0,307.5,80.0,2,2.0,5.180226229174372,1.6456829497462109,0.0,9654.320111720634,-60.75479629381856
-99.1053163,19.4129253,Jardín Balbuena,12000.0,196.72131147540983,61.0,2,1.0,5.379035769896361,1.182333852906979,0.5,22475.588267933523,87.29656889944603
-99.1807524,19.4905228,Parque San Andrés,19800.0,247.5,80.0,2,1.0,5.34801996006371,1.4581138281442871,0.5,22158.237504350236,11.910290426011294
-99.1332,19.4326,Centro Histórico De La Cdad. De México,18000.0,214.28571428571428,84.0,3,2.0,5.333727100497864,0.7182717685233311,0.5,32770.49135786755,82.05828532148638
-99.1332,19.4326,Escandón I Secc,21000.0,269.2307692307692,78.0,3,2.0,5.325214680741647,0.9024440168626467,0.5,41245.631089813534,96.40776709435016
-99.16528,19.3034693,El Caracol,30000.0,348.83720930232556,86.0,2,2.0,5.363520866936605,1.8172060932059313,0.5,21443.878499936392,-28.520405000212023
-99.2453489,19.4005527,Bosque De Las Lomas,90000.0,329.6703296703297,273.0,3,4.0,5.380848842728635,1.1780241832332385,0.5,25693.886067970478,-71.45123770225503
-99.1733036,19.409296,Hipódromo,60000.0,352.94117647058823,170.0,3,2.0,5.381532294744238,0.800686117176559,0.5,33087.92927938841,-44.85345120101932
-99.167268,19.4097806,Hipódromo,45000.0,333.3333333333333,135.0,3,2.0,5.383282628996142,0.699752091165056,0.5,11005.733791078472,-75.5428137976034
-99.2004274,19.3348794,Tizapán San Ángel,35000.0,350.0,100.0,3,3.0,5.377317546309773,1.2922845300424286,0.5,111339.8861093481,218.11396031242313
-99.1743711,19.3890898,Col Del Valle Sur,35000.0,388.8888888888889,90.0,2,2.0,6.040365518155401,0.9511232920484523,0.5,19723.07445477711,-43.64835870063683
-99.1332,19.4326,Amp Granada,95000.0,513.5135135135135,185.0,3,3.0,5.35881771995088,1.7212638777225773,0.5,17809.20691624756,-81.25346640394994
-99.2612571,19.3610393,Mexico City,90000.0,375.0,240.0,3,3.0,5.368480321159829,1.0544486081849023,0.5,16847.996068134293,-81.28000436873968
-99.2746838,19.3529532,Santa Fe,25000.0,250.0,100.0,2,2.0,5.330178534163898,0.6207106322093248,0.5,22279.291229786835,-10.88283508085266
-99.2651314,19.3865976,Mexico City,28000.0,277.2277227722772,101.0,2,2.0,5.358459668568041,1.2154287609316,0.5,130750.0012550178,366.96429019649213
-99.188418,19.3641175,San José Insurgentes,25500.0,212.5,120.0,1,2.0,5.376411658538789,0.6753592350296064,0.5,36439.54348071445,42.900170512605676
-99.2585255,19.3688648,Santa Fe,60000.0,352.94117647058823,170.0,3,4.0,5.377156995078827,1.2135777540902417,0.5,52201.655137983274,-12.997241436694543
-99.1866064,19.4344164,Chapultepec Morales,45000.0,375.0,120.0,2,2.0,5.364758000359596,0.9921092307868651,0.5,20253.92308830311,-54.991282025993094
-99.1332,19.4326,Amp Granada,27000.0,337.5,80.0,2,2.0,5.360869437266328,1.1312780354242464,0.5,45174.82799409746,67.31417775591653
-99.1591816,19.4670752,Col Del Gas,16900.0,241.42857142857142,70.0,2,2.0,5.499928084494863,1.20961959176429,0.5,19901.972636646344,17.763151696132212
-99.2993588,19.3465983,Contadero,30000.0,300.0,100.0,2,2.0,5.697368038748047,0.8973892231947405,0.5,16091.562253395188,-46.36145915534937
-99.22256,19.3267187,Mexico City,53000.0,231.4410480349345,229.0,2,2.0,5.377829653764441,1.1134775281891998,0.5,11693.67527724597,-77.93646174104533
-99.2004274,19.3348794,Tizapán San Ángel,9000.0,375.0,24.0,1,1.0,5.358330932775897,1.384590567902602,0.5,87178.13314417233,868.6459238241371
-99.1579016,19.3905208,Narvarte Poniente,22000.0,275.0,80.0,2,2.0,5.376828244293227,0.9192800291202662,0.5,74941.58300393229,240.6435591087831
-99.1331785,19.4326296,Cuauhtémoc,13000.0,216.66666666666666,60.0,1,1.0,5.372138717797771,0.5276597803981322,0.830531038273375,17529.185460542114,34.839888158016265
-99.1669696,19.3837691,Col Del Valle Centro,37500.0,334.82142857142856,112.0,2,2.0,5.383213217684835,1.0604141073499274,0.5,6813.306211801977,-81.83118343519473
-99.1462578,19.432691,Colonia Centro,28700.0,350.0,82.0,2,2.0,5.364890446598943,0.693848619328935,0.5,30534.91856517428,6.393444477959168
-99.2363943,19.3849371,Sta Fé,20000.0,333.3333333333333,60.0,1,1.0,5.34913393480554,1.1575569178030527,0.5,11204.595611423163,-43.977021942884186
-99.1586417,19.4288319,Juárez,39500.0,438.8888888888889,90.0,2,2.0,5.335766168280677,0.8024567365093004,0.5,19584.210810039556,-50.419719468254286
-99.1564824,19.3958889,Narvarte Poniente,22000.0,293.3333333333333,75.0,2,2.0,5.361361963861135,0.9738451094947745,0.5,48650.66828818278,121.13940130992174
-99.1918511,19.4380667,Granada,60000.0,500.0,120.0,3,3.0,5.370428845257731,1.1789763256746624,0.5,37019.56957901952,-38.30071736830081
-99.1332,19.4326,Honorable Congreso De La Unión 66,9000.0,200.0,45.0,1,1.0,5.355856680289875,0.6703869839551091,0.5,44819.99309922866,397.9999233247629
-99.1498496,19.3248437,Huayamilpas,13500.0,228.8135593220339,59.0,2,1.0,5.363478270389876,1.8990124243489532,0.5,37860.533533499096,180.44839654443774
-99.1345676,19.343578,Campestre Churubusco,9300.0,186.0,50.0,1,1.0,5.389440058632865,1.0100312794517365,0.5,97314.13080769962,946.3885033085982
-99.1751954,19.4976072,Granjas México,13500.0,146.7391304347826,92.0,2,1.0,5.36249058441326,0.7970516532388545,0.5,44089.253266363274,226.58706123232056
-99.1641813,19.407831,Roma Sur,38000.0,361.9047619047619,105.0,3,2.0,5.336171935091633,0.7511805025150591,0.5,26135.408193045296,-31.222610018301854
-99.157701,19.3718796,Benito Juárez,28000.0,233.33333333333334,120.0,3,3.0,5.381088715908426,0.7147308599706252,0.933319961735651,9744.786554475866,-65.1971908768719
-99.2612571,19.3610393,Santa Fe,37000.0,370.0,100.0,1,1.0,5.3779145354943045,1.0403892934091037,0.5,22233.062355813327,-39.91064228158561
-99.1906167,19.4071156,Miguel Hidalgo,62000.0,712.6436781609195,87.0,2,1.0,5.370828000731052,1.796534904067741,0.8585849060226639,28181.6508363915,-54.54572445743305
-99.1737383,19.4084834,Hipódromo,43100.0,266.04938271604937,162.0,3,3.0,5.352291566666183,0.6258293931897637,0.5,17469.721752118294,-59.46700289531719
-99.0712268,19.306818,Ignacio Zaragoza,13600.0,170.0,80.0,2,1.0,5.359241107486654,0.8845128433471808,0.5,67087.47169002869,393.29023301491685
-99.2453489,19.4005527,Bosque De Las Lomas,45700.0,304.6666666666667,150.0,2,1.0,5.358934064038464,1.0886775935137931,0.5,53542.88985013795,17.16168457360602
-99.157701,19.3718796,Benito Juárez,38000.0,316.6666666666667,120.0,3,2.0,5.371573767450822,0.9699918813887057,0.933319961735651,15343.560383513563,-59.62220951706957
-99.1663303,19.377855,Del Valle Centro,30000.0,300.0,100.0,2,1.0,5.3219269823842685,0.9899584959444867,0.5,22225.356410848577,-25.915478630504747
-99.1332,19.4326,Roma Nte.,32000.0,177.77777777777777,180.0,3,2.0,5.396981693371611,0.5958995412934303,0.5,46782.30407995117,46.194700249847415
-99.190915,19.43353,Miguel Hidalgo,6000.0,28.571428571428573,210.0,3,3.0,5.727049475830578,0.05680984921641729,0.8585849060226639,17748.362965075816,195.80604941793027
-99.1579016,19.3905208,Narvarte Poniente,42000.0,350.0,120.0,3,1.0,5.349842779548929,1.1699927643348842,0.5,40548.919043009926,-3.4549546595001757
-99.0695045,19.4045642,Iztacalco,10500.0,164.0625,64.0,2,2.0,5.171432326198388,1.596477210218128,0.7626118203348291,12204.374373909095,16.232136894372335
-99.1869775,19.4277745,Miguel Hidalgo,75000.0,326.0869565217391,230.0,3,2.0,5.380328992687998,1.024128764627081,0.8585849060226639,22532.367771066056,-69.95684297191193
-99.272261,19.3581682,Cuajimalpa de Morelos,37000.0,370.0,100.0,2,2.0,5.545533930287666,1.0485082059417765,0.49427437331671703,31513.103266727394,-14.829450630466503
-99.2751709,19.3769798,Cuajimalpa de Morelos,43400.0,289.3333333333333,150.0,2,2.0,5.241209433460796,1.0803656846246634,0.49427437331671703,29150.215294161204,-32.83360531299262
-99.1481247,19.2997079,Sta. Úrsula Coapa,8000.0,106.66666666666667,75.0,2,2.0,5.387860203882169,0.7676527601952693,0.5,30152.313556994217,276.90391946242767
-99.1579016,19.3905208,Narvarte Poniente,17000.0,212.5,80.0,2,1.0,5.384124862451352,0.7103527497747512,0.5,40616.10816028731,138.9182832958077
-99.1492813,19.3682616,Benito Juárez,19000.0,250.0,76.0,2,2.0,5.8134104498366455,1.3880815929851131,0.933319961735651,43800.89505021993,130.53102658010488
-99.2612571,19.3610393,Álvaro Obregón,48000.0,292.6829268292683,164.0,3,2.0,5.813593636103683,0.8229842795589482,0.0,41583.97130795205,-13.366726441766561
-99.2033351,19.4231099,Miguel Hidalgo,15500.0,442.85714285714283,35.0,1,1.0,5.358424326035056,1.0592491220247384,0.8585849060226639,35491.34666284124,128.97643008284672
-99.1924105,19.3446449,Álvaro Obregón,32000.0,426.6666666666667,75.0,2,2.0,5.684550942899029,1.809060289817805,0.0,17903.962054043048,-44.05011858111548
-99.0695045,19.4045642,Iztacalco,10300.0,137.33333333333334,75.0,2,1.0,5.2398105793374405,1.3363781294930668,0.7626118203348291,44341.35899126374,330.49863098314313
-99.2203142,19.3179885,Álvaro Obregón,35000.0,380.4347826086956,92.0,3,2.0,5.9078056230915355,1.558500221396518,0.0,58396.38048261456,66.84680137889873
-99.273907,19.3571338,Cuajimalpa de Morelos,60000.0,348.83720930232556,172.0,3,4.0,5.350273032565952,0.9010227238851902,0.49427437331671703,19280.715049737417,-67.86547491710431
-99.2511696,19.3881071,Cuajimalpa de Morelos,70000.0,222.9299363057325,314.0,3,3.0,5.604542999136387,0.6234929931472103,0.49427437331671703,18860.49126594743,-73.05644104864652
-99.2612571,19.3610393,Álvaro Obregón,24000.0,545.4545454545455,44.0,1,1.0,5.781860127481676,1.5337434300871309,0.0,43554.039152427955,81.47516313511647
-99.1625655,19.4183227,Cuauhtémoc,45000.0,409.09090909090907,110.0,2,2.0,6.196074041282763,0.8169451963602216,0.830531038273375,24626.358916641766,-45.274757963018295
-99.190915,19.43353,Miguel Hidalgo,70000.0,437.5,160.0,3,2.0,5.662061555658422,0.8699008161263897,0.8585849060226639,11896.644495043658,-83.00479357850907
-99.1458076,19.2806569,Tlalpan,70000.0,777.7777777777778,90.0,1,1.0,5.357710952213646,4.828937104521126,0.3919311241687132,35503.34290826792,-49.280938702474394
-99.1625655,19.4183227,Cuauhtémoc,135000.0,1928.5714285714287,70.0,1,1.0,6.203877078285948,3.8513130685553305,0.830531038273375,41450.34582171137,-69.29604013206564
-99.1712126,19.4093714,Cuauhtémoc,25000.0,500.0,50.0,1,1.0,6.0733465877099855,1.1250497917988018,0.830531038273375,47460.38858153105,89.8415543261242
-99.273907,19.3571338,Cuajimalpa de Morelos,58000.0,371.79487179487177,156.0,3,3.0,5.372826940322103,0.9603208005853267,0.49427437331671703,27565.799591804123,-52.472759324475646
-99.190915,19.43353,Miguel Hidalgo,125000.0,550.6607929515418,227.0,2,2.0,5.631839726683338,1.0949034815939453,0.8585849060226639,59635.33677523196,-52.291730579814434
-99.2734667,19.3571105,Cuajimalpa de Morelos,60000.0,348.83720930232556,172.0,3,3.0,6.267029620797604,0.901229603960804,0.49427437331671703,26446.27053647766,-55.92288243920389
-99.1539172,19.4360737,Cuauhtémoc,85000.0,772.7272727272727,110.0,1,1.0,5.9490081086954705,1.7195526221640358,0.830531038273375,18807.735186293547,-77.87325272200759
-99.1451728,19.4449101,Cuauhtémoc,17800.0,356.0,50.0,2,2.0,5.371406243442875,1.4569656702169658,0.830531038273375,20657.68472992737,16.054408595097577
-99.1331785,19.4326296,Cuauhtémoc,110000.0,1111.111111111111,99.0,2,2.0,6.224636878686675,2.7059475917852933,0.830531038273375,64454.66381650336,-41.40485107590604
-99.190915,19.43353,Miguel Hidalgo,90000.0,608.1081081081081,148.0,2,2.0,5.621128281444532,1.209128547511584,0.8585849060226639,13616.42725863496,-84.8706363792945
-99.2290272,19.3100686,La Magdalena Contreras,22500.0,150.0,150.0,3,2.0,5.37986064951067,0.6184753812345618,0.3233249370829295,60442.95591103069,168.63535960458083
-99.1331785,19.4326296,Cuauhtémoc,52000.0,433.3333333333333,120.0,2,2.0,6.1691713249622,1.0553195607962644,0.830531038273375,25596.642391328918,-50.77568770898285
-99.1492813,19.3682616,Benito Juárez,23200.0,236.73469387755102,98.0,2,2.0,5.514904108802817,1.3144282839695767,0.933319961735651,29241.10345973383,26.03923905057685
-99.2014215,19.442902,Miguel Hidalgo,40500.0,578.5714285714286,70.0,1,1.0,6.214488816165371,1.1637752559114807,0.8585849060226639,32557.347239106104,-19.611488298503446
-99.2779741,19.3631581,Cuajimalpa de Morelos,23000.0,460.0,50.0,1,1.0,5.84549734514475,1.207205494482658,0.49427437331671703,28668.713013808087,24.646578320904723
-99.1331785,19.4326296,Cuauhtémoc,55000.0,687.5,80.0,1,1.0,6.135232799001388,1.6743050724171504,0.830531038273375,18961.709304974676,-65.52416490004605
-99.1331785,19.4326296,Cuauhtémoc,50000.0,531.9148936170212,94.0,2,2.0,6.181058672861341,1.2954004428759383,0.830531038273375,23581.10664491467,-52.837786710170654
-99.1331785,19.4326296,Cuauhtémoc,48000.0,510.63829787234044,94.0,1,1.0,6.185401436343076,1.243584425160901,0.830531038273375,17760.69543333793,-62.99855118054598
-99.2290294,19.3414132,Tetelpan,73000.0,157.6673866090713,463.0,4,4.0,5.370595796358039,0.76442906789951,0.5,27139.473861059116,-62.82263854649436
-99.1133606,19.4827949,Mexico City,30000.0,200.0,150.0,3,3.0,5.390615259559834,1.1266863990838223,0.5,60878.320822380854,102.92773607460283
-99.1600985,19.4194786,Roma Norte,50000.0,406.5040650406504,123.0,2,2.0,5.339705486851217,0.7233535693445399,0.5,108502.35863318776,117.00471726637551
-99.1795821,19.4092659,Cuauhtémoc,61000.0,762.5,80.0,1,1.0,6.276613562130677,1.7317725292651358,0.830531038273375,18416.391228368346,-69.80919470759288
-99.1242572,19.4112541,Lorenzo Boturini,8000.0,126.98412698412699,63.0,1,1.0,5.34978773602713,0.9177378046841294,0.5,31848.592144953527,298.1074018119191
-99.1277437,19.4135386,Artes Gráficas,13500.0,254.71698113207546,53.0,2,1.0,5.36416325512262,1.71300502510106,0.5,31806.34897840203,135.60258502520023
-99.2976727,19.3678753,Mexico City,29500.0,197.98657718120805,149.0,3,2.0,5.384461794684145,0.8458896641327025,0.5,48193.55447076485,63.36798125683001
-99.1766017,19.3937697,Mexico City,25000.0,500.0,50.0,1,1.0,5.36570292952545,1.2884435887867935,0.5,20030.723960762483,-19.877104156950068
-99.1754469,19.3445233,Romero De Terreros,17500.0,250.0,70.0,3,1.0,5.363075793578694,1.4643819151822706,0.5,8660.282890182692,-50.51266919895604
-99.22256,19.3267187,San Jerónimo Lídice,13000.0,260.0,50.0,1,1.0,5.371354781075608,1.2508764533657537,0.5,10467.362189618065,-19.48182931063027
-99.2041423,19.4329927,Polanco,98000.0,408.3333333333333,240.0,3,3.0,5.357678013777034,0.729477651590948,0.5,32557.304898461472,-66.77826030769238
-99.1341468,19.2631898,Xochimilco,10000.0,333.3333333333333,30.0,1,1.0,5.394596866703347,1.7176458590681587,0.5681953697835378,114949.01178314074,1049.4901178314074
-99.14322,19.4214424,Doctores,20000.0,400.0,50.0,2,1.0,5.347753024082081,2.4090005990274954,0.5,18838.007143521878,-5.80996428239061
-99.1952423,19.3906515,Álvaro Obregón,24500.0,245.0,100.0,2,2.0,5.363082218426366,0.7988295530536926,0.0,41647.46523738399,69.98965403013875
-99.1609858,19.3698638,Benito Juárez,120000.0,600.0,200.0,5,4.0,6.067039662430204,1.6733656210762848,0.933319961735651,26622.001158474173,-77.81499903460485
-99.2625714,19.3438879,Álvaro Obregón,38000.0,245.16129032258064,155.0,3,2.0,5.347752828139503,0.8832687219827084,0.0,57827.039165135764,52.17641885562043
-99.272261,19.3581682,Cuajimalpa de Morelos,49000.0,429.82456140350877,114.0,2,2.0,5.888451853403781,1.218039404721362,0.49427437331671703,26740.172618317487,-45.42821914629084
-99.2506571,19.3975105,Bosques De Las Lomas,90000.0,234.98694516971278,383.0,3,3.0,5.330264510480386,0.8940949083815635,0.5,23704.50376600036,-73.66166248222183
-99.2779741,19.3631581,Cuajimalpa de Morelos,35000.0,411.7647058823529,85.0,2,2.0,5.86990404710498,1.080618729076548,0.49427437331671703,26777.669820324965,-23.49237194192867
-99.17658,19.376663,Benito Juárez,45000.0,225.0,200.0,3,3.0,5.354393034367413,1.4061095801534,0.933319961735651,15120.727488574656,-66.398383358723
-99.190915,19.43353,Polanco,75000.0,326.0869565217391,230.0,3,2.0,5.373427894096885,0.6483732791004146,0.5,38211.69886069521,-49.05106818573972
-99.1626098,19.4113254,Roma Norte,27000.0,529.4117647058823,51.0,1,1.0,5.3454115232439525,1.0650797577280662,0.5,49213.035991783996,82.27050367327406
-99.272261,19.3581682,Cuajimalpa de Morelos,55000.0,392.85714285714283,140.0,3,2.0,5.871019034850662,1.1132809136447435,0.49427437331671703,51647.875043639935,-6.094772647927391
-99.1999771,19.4311522,Polanco,130000.0,817.6100628930818,159.0,3,3.0,3.3225558467821807,2.408422962440691,0.5,57966.091286261646,-55.41069901056795
-99.1704164,19.4291735,Cuauhtémoc,45000.0,584.4155844155844,77.0,2,2.0,5.937864414000267,1.3763289251388104,0.830531038273375,21082.226867249497,-53.150606961667776
-99.2431411,19.4106655,Bosques De Las Lomas,28000.0,383.56164383561645,73.0,2,1.0,5.369134461909285,1.4465073824294672,0.5,30057.52417521155,7.348300625755538
-99.1628377,19.4332913,San Rafael,25000.0,625.0,40.0,1,1.0,5.346993871563944,1.1463376232523839,0.5,42554.07227944029,70.21628911776115
-99.2407804,19.3867834,Lomas De Santa Fe,29800.0,202.72108843537416,147.0,2,2.0,5.384442635397363,0.6870314685859434,0.5,22449.77410985057,-24.665187550837018
-99.2453489,19.4005527,Bosque De Las Lomas,27000.0,385.7142857142857,70.0,1,1.0,5.366425066016168,1.378288294382889,0.5,23140.819503512917,-14.293261098100304
-99.1625655,19.4183227,Roma Norte,31900.0,398.75,80.0,2,1.0,5.646781833361209,0.7962946372300048,0.5,16407.1041069935,-48.56707176491065
-99.190915,19.43353,Polanco,120000.0,474.30830039525694,253.0,3,2.0,5.368714387643872,0.9430884059642396,0.5,46967.00681980879,-60.86082765015933
-99.1331785,19.4326296,Cuauhtémoc,45000.0,542.1686746987951,83.0,2,2.0,5.343438381109837,1.320372017678366,0.830531038273375,43768.81403723187,-2.7359688061514076
-99.1995651,19.4250756,Polanco,110000.0,607.7348066298342,181.0,2,2.0,5.338766048917719,1.512052762917794,0.5,29102.933927279562,-73.54278733883676
-99.164216,19.4343524,San Rafael,37200.0,476.9230769230769,78.0,2,2.0,6.323880231661985,0.872262038255378,0.5,40711.72835858552,9.44012999619763
-99.1538022,19.4250203,Roma Norte,24000.0,571.4285714285714,42.0,1,1.0,5.347734701256737,1.3564465075099323,0.5,24889.39117225053,3.705796551043871
-99.1870609,19.4402177,Granada,22500.0,330.88235294117646,68.0,1,1.0,5.3349741645032775,1.0933399074059695,0.5,31141.185445617728,38.4052686471899
-99.1331785,19.4326296,Cuauhtémoc,31000.0,430.55555555555554,72.0,2,2.0,5.342383139390177,1.0485546918168012,0.830531038273375,24129.935234175202,-22.161499244596122
-99.164216,19.4343524,San Rafael,19300.0,521.6216216216217,37.0,1,1.0,6.255779547958937,0.9540128395739945,0.5,23339.52767640621,20.930195214539953
-99.1637305,19.4377311,San Rafael,32000.0,304.76190476190476,105.0,1,2.0,5.360204029147141,0.6853240223531375,0.5,21034.816550931082,-34.26619827834037
-99.1745703,19.417649,Condesa,50000.0,595.2380952380952,84.0,1,1.0,5.3411357104182695,1.2277435121896323,0.5,20416.218512448053,-59.16756297510389
-99.202542,19.4442963,Miguel Hidalgo,33000.0,336.734693877551,98.0,2,2.0,6.324966678494629,0.7780620658023842,0.8585849060226639,41252.356907395464,25.00714214362262
-99.1200004,19.3043066,Coyoacán,15500.0,193.75,80.0,2,1.0,5.387475946492901,1.6507876963268928,0.750956198657275,48391.4822179792,212.2031110837368
-99.2797931,19.3419761,Cuajimalpa de Morelos,145000.0,381.57894736842104,380.0,4,4.0,5.778864365551782,1.1747751226781291,0.49427437331671703,37050.83119912497,-74.44770262129312
-99.2060843,19.4437265,Miguel Hidalgo,19800.0,495.0,40.0,1,1.0,5.3387792632770745,1.1023517016306998,0.8585849060226639,28981.596660836283,46.37170030725395
-99.1811443,19.3720111,Insurgentes Mixcoac,32000.0,273.5042735042735,117.0,1,2.0,5.34685964618115,0.9523070572134363,0.5,21486.06943026434,-32.856033030423944
-99.1659885,19.2688805,Colonia San Pedro Martir,7500.0,107.14285714285714,70.0,1,1.0,5.377764292243499,0.6757594333474111,0.5,28648.14894233139,281.9753192310852
-99.1331785,19.4326296,Cuauhtémoc,38000.0,292.3076923076923,130.0,3,2.0,6.183575997627847,0.711872366454285,0.830531038273375,43441.986153296675,14.321016192885988
-99.1990176,19.3921085,Bosques De Santa Fe,37000.0,352.3809523809524,105.0,2,2.0,5.939000137932508,1.3007672170560158,0.5,20969.349795731647,-43.326081633157706
-99.0856882,19.3559895,Iztapalapa,7000.0,250.0,28.0,1,1.0,5.338984325422073,3.0961506290732252,1.0,38310.403757036955,447.29148224338513
-99.1609858,19.3698638,Benito Juárez,15000.0,319.1489361702128,47.0,2,1.0,6.1363123672993325,0.8900880963171728,0.933319961735651,22880.25769396837,52.53505129312247
-99.2087011,19.4852314,San Juan Tlihuaca,12500.0,186.56716417910448,67.0,3,2.0,5.34786877524724,0.9040772291437227,0.5,16639.66847416012,33.11734779328096
-99.2079494,19.3038442,Tlalpan,15500.0,250.0,62.0,2,1.0,5.342955207632208,0.9725501651247048,0.3919311241687132,36108.64633530205,132.95900861485194
-99.1579016,19.3905208,Benito Juárez,24500.0,263.44086021505376,93.0,3,2.0,5.816255306338691,0.8806397150907731,0.933319961735651,6740.022846939242,-72.4897026655541
-99.1628908,19.3039254,Coyoacán,18000.0,264.70588235294116,68.0,2,2.0,5.347320249044089,1.6337099836041395,0.750956198657275,7700.977447457172,-57.216791958571264
-99.2073057,19.4581694,Miguel Hidalgo,16000.0,275.86206896551727,58.0,2,2.0,5.376662106102273,1.017634627491137,0.8585849060226639,23310.147010524535,45.68841881577835
-99.1476839,19.4332704,Cuauhtémoc,105000.0,369.71830985915494,284.0,3,3.0,6.199874203940377,0.6810973778512318,0.830531038273375,37515.2940628383,-64.27114851158257
-99.1564811,19.2061078,000,29000.0,325.8426966292135,89.0,2,2.0,5.654230876494344,0.977455635015709,0.5,21933.49625016545,-24.367254309774307
-99.1062178,19.3005962,Coyoacán,16500.0,253.84615384615384,65.0,2,2.0,5.351940340655715,1.8091046072612036,0.750956198657275,27253.98932691572,65.1756928903983
-99.1514186,19.2670201,Fuentes De Tepepan,23000.0,255.55555555555554,90.0,2,2.0,5.366767697984466,1.4074460006456562,0.5,29156.7202325854,26.76834883732783
-99.2797931,19.3419761,Cuajimalpa de Morelos,125000.0,394.3217665615142,317.0,3,3.0,5.757013909202703,1.2140067078692731,0.49427437331671703,20139.990663216002,-83.88800746942721
-99.2612571,19.3610393,Álvaro Obregón,32000.0,533.3333333333334,60.0,2,1.0,5.7761007070767025,1.4996602427518613,0.0,114200.91636514968,256.87786364109274
-99.1476839,19.4332704,Cuauhtémoc,80000.0,316.20553359683794,253.0,2,2.0,6.2097073652992245,0.582515807445134,0.830531038273375,34887.74833429157,-56.39031458213554
-99.2779741,19.3631581,Cuajimalpa de Morelos,36000.0,250.0,144.0,3,2.0,5.877359102869842,0.6560899426536184,0.49427437331671703,23050.96391935817,-35.96954466844952
-99.2522292,19.3877583,Bosques De Las Lomas,65000.0,196.96969696969697,330.0,3,3.0,5.351237351297622,0.6049444810106752,0.5,36325.614702996354,-44.114438918467144
-99.088808,19.475076,San Miguel Chapultepec I Sección,38000.0,271.42857142857144,140.0,3,3.0,5.35740478738772,1.2852558234548876,0.5,79831.48662588617,110.08285954180572
-99.190915,19.43353,Miguel Hidalgo,12500.0,27.77777777777778,450.0,3,3.0,5.658103599987233,0.055231797849294585,0.8585849060226639,30097.640813654365,140.78112650923492
-99.1668669,19.3601941,Benito Juárez,68000.0,357.89473684210526,190.0,3,3.0,5.971074637198175,0.9387840191059247,0.933319961735651,19029.327246396264,-72.01569522588784
-99.1684571,19.3592638,Benito Juárez,30000.0,441.1764705882353,68.0,1,1.0,5.34496925808601,1.0824122103264853,0.933319961735651,13943.881889086166,-53.52039370304611
-99.2027752,19.4315904,Polanco,59000.0,268.1818181818182,220.0,3,2.0,5.3467530746852745,0.4979013724023693,0.5,10638.671503600533,-81.96835338372792
-99.2797931,19.3419761,Cuajimalpa de Morelos,55000.0,275.0,200.0,3,3.0,5.7850021176940665,0.846648278068031,0.49427437331671703,7868.426516713461,-85.69376996961189
-99.1625655,19.4183227,Cuauhtémoc,50000.0,543.4782608695652,92.0,2,2.0,5.365571624951996,1.0853136666621301,0.830531038273375,18152.942216187206,-63.69411556762559
-99.164216,19.4343524,San Rafael,20200.0,651.6129032258065,31.0,1,1.0,6.306624286694642,1.1917586433187422,0.5,21245.89285678021,5.1776874098030214
-99.2171906,19.3539685,Álvaro Obregón,32000.0,400.0,80.0,2,2.0,5.701066398085744,1.5106353987990506,0.0,35319.86849014829,10.374589031713413
-99.208678,19.3827017,000,35000.0,388.8888888888889,90.0,2,2.0,5.770010771210534,2.0992048223616417,0.5,16692.248999794254,-52.307860000587844
-99.267075,19.3667625,Cuajimalpa de Morelos,32000.0,426.6666666666667,75.0,1,1.0,5.365268255216107,1.349896188596283,0.49427437331671703,22804.849065111954,-28.734846671525144
-99.2245002,19.4220798,Lomas De Chapultepec,120000.0,375.0,320.0,3,3.0,5.36497669194062,1.2928544669263218,0.5,40081.3064764916,-66.59891126959035
-99.1668669,19.3601941,Benito Juárez,30000.0,361.4457831325301,83.0,2,2.0,5.965624071861353,0.9480986727327729,0.933319961735651,30733.483381476493,2.444944604921645
-99.2028324,19.4433703,Ampliación Granada,31000.0,516.6666666666666,60.0,1,1.0,6.198336089128126,1.0760008745166936,0.5,15922.39116399119,-48.63744785809293
-99.2171906,19.3539685,Álvaro Obregón,30000.0,375.0,80.0,2,2.0,5.725367460100034,1.4162206863741098,0.0,19792.336236800526,-34.02554587733158
-99.2779741,19.3631581,Cuajimalpa de Morelos,34000.0,395.3488372093023,86.0,2,2.0,5.919084720479212,1.0375375837313037,0.49427437331671703,18017.799508676664,-47.00647203330393
-99.0889691,19.4135118,000,43000.0,277.4193548387097,155.0,3,2.0,5.359440603172874,1.3879509828973646,0.5,31009.370126059,-27.885185753351166
-99.2117364,19.4372468,Polanco,64000.0,266.6666666666667,240.0,3,2.0,6.158661856486808,0.8288439720581803,0.5,37314.386388892926,-41.6962712673548
-99.2298103,19.3988079,Lomas Altas,65000.0,292.7927927927928,222.0,3,2.0,5.372468747302283,1.1769200903890535,0.5,35761.67451389989,-44.98203920938479
-99.1777832,19.4340815,Anzures,55000.0,1100.0,50.0,2,3.0,5.366622844108159,2.903922264829963,0.5,13285.19583397616,-75.8450984836797
-99.1636016,19.386924,Benito Juárez,35000.0,368.42105263157896,95.0,2,2.0,5.812003540928435,1.1835905705928242,0.933319961735651,18299.760706661957,-47.71496940953727
-99.272261,19.3581682,Cuajimalpa de Morelos,125000.0,394.3217665615142,317.0,3,3.0,5.961204838562752,1.1174313730302845,0.49427437331671703,13519.69311841948,-89.18424550526441
-99.1515438,19.4312045,Cuauhtémoc,32000.0,800.0,40.0,2,1.0,5.367327069581975,1.5078002242750408,0.830531038273375,12902.241007343768,-59.68049685205072
-99.190915,19.43353,Polanco,120000.0,240.0,500.0,5,4.0,5.377999718180859,0.4772027334179052,0.5,49977.38158734338,-58.35218201054718
-99.2797931,19.3419761,Cuajimalpa de Morelos,40000.0,275.86206896551727,145.0,2,2.0,5.811743103065826,0.849302347905235,0.49427437331671703,15084.189956914424,-62.28952510771394
-99.1619751,19.3498606,Coyoacán,20000.0,235.2941176470588,85.0,2,2.0,5.38685183656201,1.7267261441710167,0.750956198657275,26541.535374161547,32.70767687080773
-99.1579016,19.3905208,Benito Juárez,25000.0,277.77777777777777,90.0,2,2.0,5.86972903925313,0.9285656859800668,0.933319961735651,27789.37475271137,11.15749901084548
-99.1757027,19.3060161,Pedregal De Carrasco,32000.0,355.55555555555554,90.0,2,2.0,5.376654754405073,1.3595087644682202,0.5,138053.3255285141,331.4166422766066
-99.2507567,19.389181,Bosques De Las Lomas,56000.0,294.7368421052632,190.0,2,2.0,5.378434190430862,0.8369859879145884,0.5,131536.13868830388,134.8859619433998
-99.190915,19.43353,Polanco,85000.0,459.4594594594595,185.0,2,2.0,5.358794774666219,0.9135637914531969,0.5,26152.221948502905,-69.23268006058481
-99.2011758,19.4284817,Polanco,75000.0,284.09090909090907,264.0,3,2.0,5.5892810145236265,0.6381489456511176,0.5,46568.882199343076,-37.90815706754256
-99.1476839,19.4332704,Cuauhtémoc,70000.0,500.0,140.0,3,3.0,6.188549898846769,0.9211031205226182,0.830531038273375,63142.85721259843,-9.795918267716532
-99.2309733,19.4071965,Lomas De Chapultepec,200000.0,255.4278416347382,783.0,3,3.0,5.364021970844464,0.9969562274799262,0.5,34058.69459600403,-82.97065270199798
-99.190915,19.43353,Miguel Hidalgo,150000.0,652.1739130434783,230.0,3,3.0,5.659143801718332,1.2967465582008293,0.8585849060226639,48657.37853522346,-67.56174764318436
-99.1429502,19.3947535,Benito Juárez,21000.0,300.0,70.0,2,2.0,5.581006477538631,1.2375646128709334,0.933319961735651,29732.0201064562,41.5810481259819
-99.259834,19.3649514,Santa Fe,45000.0,272.72727272727275,165.0,2,2.0,5.356912080268151,0.7711798408173787,0.5,15906.704202543306,-64.65176843879266
-99.2659861,19.3621864,Cuajimalpa de Morelos,55000.0,314.2857142857143,175.0,3,2.0,5.386254959904481,1.005293427901175,0.49427437331671703,37118.409090638765,-32.511983471565884
-99.2208072,19.4267785,Lomas De Chapultepec,75000.0,398.93617021276594,188.0,2,2.0,5.370045123965954,1.4161653808729073,0.5,12641.537625039995,-83.14461649994668
-99.1951637,19.4305785,Polanco,195000.0,493.67088607594934,395.0,4,3.0,5.328983631784821,1.4852616061797779,0.5,51332.649149734425,-73.67556453859774
-99.2612571,19.3610393,Cuajimalpa de Morelos,28000.0,383.56164383561645,73.0,2,1.0,5.329356590528419,1.078522777321544,0.49427437331671703,25963.50794860093,-7.2731858978538195
-99.3006724,19.350357,Cuajimalpa de Morelos,20000.0,327.8688524590164,61.0,1,1.0,5.377321784216029,1.0061442844573958,0.49427437331671703,11785.691815536542,-41.07154092231729
-99.1051396,19.4024446,Iztacalco,15500.0,246.03174603174602,63.0,2,2.0,5.279542209760959,1.4412131464825029,0.7626118203348291,44420.7278822555,186.58534117584196
-99.2011758,19.4284817,Polanco,70000.0,264.1509433962264,265.0,3,3.0,5.639941892540632,0.5933581139940958,0.5,49929.29318380135,-28.67243830885522
-99.1855297,19.3915073,Benito Juárez,23800.0,326.027397260274,73.0,2,2.0,5.971658913928139,1.0544934882631007,0.933319961735651,22043.787554939725,-7.379043886807879
-99.272414,19.3311474,San Álvaro,16000.0,333.3333333333333,48.0,2,1.0,5.388086098008981,1.1203678183360488,0.5,21218.298392888108,32.61436495555067
-99.1952423,19.3906515,Álvaro Obregón,55000.0,239.1304347826087,230.0,3,3.0,5.357014602207145,0.7796916666894959,0.0,13712.568690756429,-75.0680569258974
-99.2996246,19.3572429,Cuajimalpa de Morelos,80000.0,222.22222222222223,360.0,2,3.0,5.864962405496866,0.891341116299719,0.49427437331671703,24221.457718193375,-69.72317785225829
-99.2014215,19.442902,Miguel Hidalgo,45000.0,500.0,90.0,2,2.0,6.0595445736247795,1.0057317026395511,0.8585849060226639,39232.80806296108,-12.815982082308716
-99.2117364,19.4372468,Polanco,95000.0,475.0,200.0,3,3.0,5.589159236380167,1.4763783252286335,0.5,28670.753988824577,-69.82025895913202
-99.250823,19.3687441,Álvaro Obregón,140000.0,297.8723404255319,470.0,4,4.0,5.715260232578571,1.159589079277741,0.0,101682.95621821491,-27.36931698698935
-99.190915,19.43353,Polanco,105000.0,500.0,210.0,2,2.0,5.363224781051742,0.9941723612873025,0.5,48447.912185402216,-53.859131251997894
-99.1239455,19.4712284,Industrial,11500.0,164.28571428571428,70.0,2,1.0,5.343908737052773,0.6766443709985906,0.5,26299.153969783612,128.68829538942273
-99.2005581,19.4499662,Miguel Hidalgo,28000.0,215.3846153846154,130.0,4,3.0,5.380752284927009,0.7271670554790169,0.8585849060226639,69336.32424428406,147.62972944387164
-99.190643,19.4282341,Polanco,65000.0,411.39240506329116,158.0,2,2.0,5.359753244210932,1.1416899913180714,0.5,25488.760885806114,-60.786521714144435
-99.1964105,19.4342353,Polanco,110000.0,312.5,352.0,3,3.0,5.36520782786019,0.8317431073240995,0.5,35648.183602123056,-67.5925603617063
-99.2539602,19.3376661,Villa Verdún,17500.0,318.1818181818182,55.0,1,1.0,5.344639486402689,1.5365425870924407,0.5,18462.719099809758,5.501251998912901
-99.2196568,19.3374093,Álvaro Obregón,36000.0,295.08196721311475,122.0,3,2.0,5.671005407369026,1.4644917317904618,0.0,13362.994139016955,-62.880571836064014
-99.1579016,19.3905208,Benito Juárez,30000.0,333.3333333333333,90.0,2,2.0,5.788675794326766,1.1142788231760803,0.933319961735651,12653.69854784322,-57.821004840522605
-99.2034217,19.4362068,Polanco,5300.0,14.722222222222221,360.0,3,3.0,5.3381143831584925,0.027044022189368983,0.5,45221.71888460904,753.2399789548876
-99.1712126,19.4093714,Cuauhtémoc,49500.0,260.5263157894737,190.0,4,4.0,6.084244780367989,0.5862101546741126,0.830531038273375,31058.575293097107,-37.25540344828867
-99.1926322,19.4402557,Granada,55000.0,523.8095238095239,105.0,2,2.0,5.363749930562723,1.0856037785941668,0.5,28177.601256437185,-48.767997715568754
-99.1097934,19.4640575,000,66000.0,559.3220338983051,118.0,2,2.0,5.366845294600521,2.074007154758389,0.5,20633.738941926815,-68.73675917889877
-99.1800698,19.3899314,Nápoles,35000.0,318.1818181818182,110.0,3,2.0,5.382151667030115,1.1665031722788837,0.5,47672.17173769751,36.206204964850016
-99.208678,19.3827017,000,35000.0,437.5,80.0,2,2.0,5.757435227095419,2.3616054251568466,0.5,25883.116089209107,-26.048239745116835
-99.1458553,19.4454382,Guerrero,17800.0,356.0,50.0,2,2.0,5.404157461325293,1.5577420049030186,0.5,13085.508087137609,-26.485909622822422
-99.1877553,19.4285955,Polanco,45000.0,375.0,120.0,2,2.0,5.346522399854732,1.1868643436766646,0.5,13851.11203572769,-69.21975103171624
-99.2779741,19.3631581,El Yaqui,33000.0,383.72093023255815,86.0,2,2.0,5.947410773059787,1.0070217724450887,0.5,31066.20717350323,-5.859978262111425
-99.2453489,19.4005527,Bosque De Las Lomas,130000.0,191.1764705882353,680.0,4,4.0,5.365980682851136,0.6831385337082946,0.5,31569.529627858206,-75.71574644010907
-99.2612571,19.3610393,Santa Fe,35000.0,205.88235294117646,170.0,3,3.0,5.340103337943702,0.5789129613564169,0.5,46512.21039350658,32.89202969573309
-99.2014215,19.442902,Miguel Hidalgo,60000.0,428.57142857142856,140.0,3,3.0,6.193466890581603,0.8620557451196152,0.8585849060226639,73546.00745408947,22.576679090149117
-99.1662119,19.433377,Cuauhtémoc,47000.0,681.1594202898551,69.0,2,2.0,5.388231964861342,1.3220715124628304,0.830531038273375,30824.69226684927,-34.41554836840581
-99.2014215,19.442902,Miguel Hidalgo,29900.0,383.3333333333333,78.0,1,1.0,6.0686656748687575,0.7710609720236559,0.8585849060226639,33712.9822453762,12.752448981191314
-99.242796,19.3200217,San Jerónimo Lídice,25000.0,166.66666666666666,150.0,3,2.0,5.345490615187974,0.8896149554641261,0.5,17275.91850141368,-30.896325994345286
-99.1877553,19.4285955,Colonia Polanco,45000.0,375.0,120.0,2,2.0,5.380432078308516,1.1868643436766646,0.5,21497.11889581877,-52.228624675958294
-99.1308601,19.3601288,000,79000.0,632.0,125.0,3,3.0,5.34636545167765,4.232237325542982,0.5,53713.4369964783,-32.008307599394556
-99.1579016,19.3905208,Benito Juárez,24000.0,266.6666666666667,90.0,2,2.0,5.860082512169801,0.8914230585408642,0.933319961735651,25658.069490724312,6.908622878017969
-99.1579016,19.3905208,Benito Juárez,30000.0,214.28571428571428,140.0,2,2.0,5.857495965591659,0.7163221006131945,0.933319961735651,40981.108026113805,36.60369342037935
-99.145975,19.437388,Cuauhtémoc,8900.0,47.08994708994709,189.0,2,2.0,5.360540350966351,0.09933592379282186,0.830531038273375,48704.03139630461,447.2363078236473
-99.1526509,19.4462672,Cuauhtémoc,19500.0,390.0,50.0,2,1.0,5.679753586371891,1.716859129023362,0.830531038273375,48851.97834474826,150.52296587050392
-99.190915,19.43353,Miguel Hidalgo,80000.0,320.0,250.0,3,3.0,5.651928110550931,0.6362703112238736,0.8585849060226639,19655.11878324763,-75.43110152094047
-99.1429502,19.3947535,Benito Juárez,17000.0,265.625,64.0,2,2.0,5.690246128586337,1.0957603343128057,0.933319961735651,16224.79838206553,-4.560009517261589
-99.1772574,19.3916594,Nápoles,17000.0,261.53846153846155,65.0,2,1.0,5.384995123367768,0.7320948412437193,0.5,55601.214508194054,227.06596769525916
-99.1332,19.4326,Granjas Coapa,22000.0,200.0,110.0,3,2.0,5.38822314111604,0.6703869839551091,0.5,42215.53762827062,91.88880740123008
-99.1779004,19.435502,Verónica Anzures,33500.0,322.11538461538464,104.0,2,1.0,5.371344885461321,0.8213476795710779,0.5,19131.168469639066,-42.89203441898786
-99.2086816,19.3409646,Olivar De Los Padres,25000.0,290.69767441860466,86.0,2,2.0,5.369056093609675,1.1557171027586122,0.5,62537.60438351208,150.15041753404833
-99.1501539,19.393107,Narvarte Oriente,22500.0,346.15384615384613,65.0,2,2.0,5.373498901716231,1.4863403335273702,0.5,11725.954229495046,-47.8846478689109
-99.1694323,19.4257361,Cuauhtémoc,62500.0,833.3333333333334,75.0,1,1.0,5.34399741761335,1.742890781942475,0.830531038273375,22381.620015527813,-64.1894079751555
-99.164216,19.4343524,San Rafael,37200.0,539.1304347826087,69.0,2,2.0,6.292052140012268,0.986035347593036,0.5,18556.097708974405,-50.118016911359135
-99.190915,19.43353,Miguel Hidalgo,6000.0,30.0,200.0,3,3.0,5.7262404320135465,0.05965034167723815,0.8585849060226639,57296.174919801975,854.9362486633662
-99.190915,19.43353,Miguel Hidalgo,85000.0,680.0,125.0,3,3.0,5.680179566590212,1.3520744113507315,0.8585849060226639,23670.94814592647,-72.15182571067474
-99.176429,19.4148639,Cuauhtémoc,45000.0,562.5,80.0,2,2.0,6.119649789527705,1.136900210637416,0.830531038273375,47400.22241346158,5.333827585470184
-99.2243551,19.4191936,Lomas De Chapultepec,150000.0,468.75,320.0,3,3.0,5.363891976357612,1.642613841691221,0.5,27831.135168654633,-81.44590988756357
-99.2154879,19.4514658,Lomas De Sotelo,31600.0,471.64179104477614,67.0,2,2.0,6.039229129990186,1.1488019388001163,0.5,80210.93963593009,153.83208745547498
-99.1625655,19.4183227,Cuauhtémoc,34000.0,666.6666666666666,51.0,1,1.0,6.172031142635112,1.3313180977722128,0.830531038273375,46621.54931850076,37.122203877943406
-99.1704164,19.4291735,Cuauhtémoc,45000.0,381.35593220338984,118.0,2,2.0,6.371548668124766,0.8981129426753256,0.830531038273375,52536.290518222435,16.74731226271652
-99.2779741,19.3631581,El Yaqui,33000.0,392.85714285714283,84.0,2,2.0,5.952837967080218,1.030998481312829,0.5,30279.600100754094,-8.243636058320925
-99.3010764,19.3501655,Contadero,27000.0,300.0,90.0,2,2.0,5.362194153078271,0.9937099265683984,0.5,42551.714888213115,57.59894403041894
-99.1501539,19.393107,Benito Juárez,28000.0,350.0,80.0,2,2.0,5.833411082090137,1.5028552261221186,0.933319961735651,36812.203186125626,31.472154236162947
-99.164216,19.4343524,San Rafael,26000.0,490.5660377358491,53.0,1,1.0,6.223432288439983,0.8972141476881247,0.5,40356.291723553,55.21650662904999
-99.1516294,19.4327308,Juárez,23900.0,508.51063829787233,47.0,1,1.0,5.395615809055592,0.956178846734031,0.5,12317.09476893186,-48.464038623716064
-99.164216,19.4343524,San Rafael,21500.0,581.081081081081,37.0,1,1.0,6.181273872055275,1.0627604171420144,0.5,53325.5274187352,148.02570892434977
-99.1633037,19.4058335,Cuauhtémoc,43500.0,725.0,60.0,1,1.0,6.128136120538833,1.4579867788467693,0.830531038273375,22557.799304626875,-48.14299010430603
-99.1539172,19.4360737,Cuauhtémoc,47000.0,484.5360824742268,97.0,2,2.0,5.9814076876238,1.0782397885491892,0.830531038273375,23354.288005377166,-50.31002552047411
-99.1918853,19.4268288,Polanco,89500.0,463.73056994818654,193.0,2,2.0,5.363989988944369,1.26797667427818,0.5,44144.636506050905,-50.6763837921219
-99.164216,19.4343524,San Rafael,37000.0,474.35897435897436,78.0,2,2.0,6.173989810494423,0.8675724574045426,0.5,9245.699076896935,-75.01162411649477
-99.190915,19.43353,Miguel Hidalgo,80000.0,414.5077720207254,193.0,2,2.0,5.666225643931161,0.8241843409635669,0.8585849060226639,16629.431457398747,-79.21321067825157
-99.2014215,19.442902,Miguel Hidalgo,88000.0,611.1111111111111,144.0,3,2.0,6.148426175305068,1.2292276365594514,0.8585849060226639,24554.002383999774,-72.09772456363662
-99.1940737,19.4337689,Miguel Hidalgo,120000.0,628.2722513089005,191.0,3,4.0,5.368737179919119,1.8332324908215245,0.8585849060226639,25111.670612330312,-79.07360782305807
-99.2612571,19.3610393,Álvaro Obregón,44000.0,283.8709677419355,155.0,3,2.0,5.822788348495166,0.7982062582388938,0.0,57888.810924476136,31.565479373809403
-99.1130228,19.4633372,000,60000.0,476.1904761904762,126.0,2,2.0,6.213179172488949,1.7368954560873013,0.5,69115.96409043574,15.19327348405956
-99.1787063,19.4384738,Anahuac,19000.0,452.3809523809524,42.0,1,1.0,5.373844674549148,1.7883168246268737,0.5,20832.79482596318,9.646288557700954
-99.2040547,19.4554373,Argentina Antigua,28000.0,254.54545454545453,110.0,3,2.0,5.349108616129922,1.099679935309838,0.5,16950.358075354507,-39.4630068737339
-99.0636789,19.4259676,Anahuac I Sección,32500.0,373.5632183908046,87.0,2,2.0,5.36684224299278,3.598780249503652,0.5,29316.3531366,-9.795836502769234
-99.2407804,19.3867834,Lomas De Santa Fe,60000.0,400.0,150.0,3,2.0,5.368122015173039,1.3556191393574992,0.5,18398.694198546105,-69.33550966908983
-99.190915,19.43353,Polanco,6000.0,28.571428571428573,210.0,3,3.0,5.3468037509124136,0.05680984921641729,0.5,31958.28451243188,432.638075207198
-99.2518981,19.3427716,Álvaro Obregón,45000.0,321.42857142857144,140.0,3,3.0,5.351144919824342,1.5117811026772285,0.0,26718.572919203416,-40.625393512881296
-99.190915,19.43353,Miguel Hidalgo,26900.0,584.7826086956521,46.0,1,1.0,5.645953270857331,1.1627494138534102,0.8585849060226639,12332.858544299272,-54.152942214500854
-99.2651314,19.3865976,Cuajimalpa de Morelos,90000.0,262.3906705539359,343.0,3,3.0,5.646475031784423,1.150379783097485,0.49427437331671703,15555.096905470908,-82.71655899392121
-99.1848108,19.4359998,Polanco,45000.0,375.0,120.0,2,2.0,5.37755969157689,1.4505851311882474,0.5,14288.173774110004,-68.2485027242
-99.190915,19.43353,Miguel Hidalgo,67000.0,670.0,100.0,2,2.0,5.645848427115775,1.3321909641249854,0.8585849060226639,20950.447515732518,-68.73067534965294
-99.1926322,19.4402557,Miguel Hidalgo,32000.0,524.5901639344262,61.0,1,1.0,6.12273597440014,1.0872216679810431,0.8585849060226639,61578.01560539595,92.43129876686234
-99.1909857,19.4271205,Polanco,110000.0,366.6666666666667,300.0,2,2.0,5.345547426571067,1.011291610718991,0.5,67426.29910097645,-38.70336445365778
-99.164216,19.4343524,San Rafael,44900.0,449.0,100.0,3,2.0,6.2406237851232005,0.8211925027897808,0.5,24434.227546223447,-45.58078497500346
-99.1539172,19.4360737,Cuauhtémoc,30000.0,600.0,50.0,1,1.0,5.957531589311916,1.3351820360332514,0.830531038273375,50795.41862129115,69.31806207097051
-99.190915,19.43353,Miguel Hidalgo,75000.0,669.6428571428571,112.0,2,2.0,5.656747619140092,1.33148084100978,0.8585849060226639,32508.511183400406,-56.655318422132794
-99.2612571,19.3610393,Álvaro Obregón,30000.0,468.75,64.0,1,1.0,5.778117554354876,1.3180607602311278,0.0,21858.414917538463,-27.13861694153846
-99.2298103,19.3988079,Miguel Hidalgo,45000.0,250.0,180.0,3,3.0,4.062618733863812,1.0049086925629611,0.8585849060226639,38596.939017588855,-14.229024405358102
-99.2184637,19.4210896,Miguel Hidalgo,100000.0,312.5,320.0,3,3.0,5.72908694548445,1.1095065938568907,0.8585849060226639,46501.39622400761,-53.49860377599239
-99.2028324,19.4433703,Ampliación Granada,36000.0,423.52941176470586,85.0,1,1.0,6.166822856617302,0.8820348724690923,0.5,24918.769012406832,-30.781197187758803
-99.2029724,19.4406152,Granada,40000.0,571.4285714285714,70.0,2,2.0,6.195998809941188,1.2877228020839062,0.5,13880.249788635887,-65.29937552841028
-99.1896438,19.4378458,Polanco,85000.0,548.3870967741935,155.0,2,2.0,5.526983584093316,1.608630526533988,0.5,37137.749660260706,-56.308529811457994
-99.2432421,19.3870673,Lomas De Bezares,68000.0,278.6885245901639,244.0,3,3.0,5.375295817076497,0.9745756876307624,0.5,27176.740468242002,-60.03420519376176
-99.190915,19.43353,Miguel Hidalgo,7500.0,34.09090909090909,220.0,3,2.0,5.65288902525717,0.06778447917867972,0.8585849060226639,34166.93798026014,355.5591730701352
-99.190949,19.4808304,Azcapotzalco,15000.0,194.80519480519482,77.0,2,2.0,5.370652414488919,1.045124242214625,0.7799341145447056,17835.87460492848,18.90583069952319
-99.1568762,19.4534081,Santa María La Ribera,20000.0,400.0,50.0,1,1.0,5.362436168417465,2.4357146424798897,0.5,20624.527775456787,3.1226388772839346
-99.1896438,19.4378458,Polanco,92000.0,306.6666666666667,300.0,3,2.0,5.74303813457982,0.8995714238578302,0.5,25977.528883042713,-71.76355556191008
-99.2154879,19.4514658,Lomas De Sotelo,21200.0,415.6862745098039,51.0,1,1.0,6.043838258287763,1.0125082364555007,0.5,14999.444423621548,-29.24790366216251
-99.1990176,19.3921085,Bosques De Santa Fe,52000.0,376.81159420289856,138.0,3,3.0,5.894491749038816,1.3909496680622497,0.5,30656.41087281253,-41.04536370612975
-99.190915,19.43353,Miguel Hidalgo,80000.0,203.0456852791878,394.0,3,2.0,5.736275212763313,0.40372481676641725,0.8585849060226639,28750.639033994044,-64.06170120750745
-99.2028324,19.4433703,Ampliación Granada,60000.0,500.0,120.0,2,3.0,6.130604606040235,1.041291168887123,0.5,70760.6054885804,17.93434248096734
-99.190915,19.43353,Miguel Hidalgo,6500.0,32.5,200.0,3,2.0,5.735689345859445,0.06462120348367466,0.8585849060226639,49780.80138836239,665.8584828978829
-99.2436293,19.3913552,Lomas De Bezares,29000.0,221.3740458015267,131.0,3,2.0,5.36513375105554,0.8039503902725624,0.5,77222.44107488677,166.28427956857504
-99.190915,19.43353,Miguel Hidalgo,60000.0,400.0,150.0,2,2.0,5.63013951265258,0.795337889029842,0.8585849060226639,27968.42709870593,-53.38595483549011
-99.14322,19.4214424,Cuauhtémoc,30800.0,342.22222222222223,90.0,2,2.0,5.4136449641689195,2.0610338458346353,0.830531038273375,93458.26027199868,203.43590997402168
-99.2684877,19.3608929,Cuajimalpa de Morelos,32500.0,246.21212121212122,132.0,2,2.0,5.378500877065771,0.7231199891060217,0.49427437331671703,25251.959365154074,-22.30166349183362
-99.202542,19.4442963,Ampliación Granada,39000.0,557.1428571428571,70.0,1,1.0,5.3762319046260965,1.2873390543275811,0.5,64100.05759810348,64.35912204641917
-99.2171906,19.3539685,Álvaro Obregón,21000.0,198.11320754716982,106.0,3,3.0,5.886940754758296,0.7481920607259449,0.0,16141.390533737978,-23.136235553628676
-99.1331785,19.4326296,Cuauhtémoc,26500.0,854.8387096774194,31.0,1,1.0,6.184560223778787,2.0818338730348147,0.830531038273375,24211.830082343113,-8.634603462856179
-99.1331785,19.4326296,Cuauhtémoc,30000.0,333.3333333333333,90.0,2,2.0,6.209504997214435,0.811784277535588,0.830531038273375,15749.235658117414,-47.50254780627529
-99.209404,19.4269602,Lomas De Chapultepec,27500.0,343.75,80.0,1,1.0,5.4012961801521575,1.1750416711843104,0.5,17736.88951792678,-35.50221993481171
-99.2028324,19.4433703,Ampliación Granada,33000.0,347.36842105263156,95.0,2,2.0,6.216091257523372,0.7234233383847379,0.5,44141.874404815615,33.763255772168534
-99.2154879,19.4514658,Lomas De Sotelo,16000.0,421.05263157894734,38.0,1,1.0,6.0889509743942485,1.0255793457642608,0.5,45384.988227639304,183.65617642274566
-99.190915,19.43353,Miguel Hidalgo,78000.0,390.0,200.0,3,3.0,5.659637670815145,0.775454441804096,0.8585849060226639,24371.434052952944,-68.7545717269834
-99.1640652,19.4199035,Roma Norte,30000.0,300.0,100.0,2,2.0,5.379934987355237,0.5963863939988737,0.5,19110.48317262726,-36.2983894245758
-99.1539172,19.4360737,Cuauhtémoc,37000.0,462.5,80.0,2,2.0,6.106230520005215,1.029202819442298,0.830531038273375,17271.938216975715,-53.31908590006563
-99.190915,19.43353,Miguel Hidalgo,48200.0,373.6434108527132,129.0,3,3.0,5.735181537028544,0.7429319040937672,0.8585849060226639,59039.63073606562,22.488860448268923
-99.12984,19.4468471,Cuauhtémoc,17500.0,312.5,56.0,1,1.0,5.360638166784789,2.499482807297762,0.830531038273375,62870.4137422667,259.25950709866686
-99.1332,19.4326,Escandón I Sección,25000.0,277.77777777777777,90.0,3,2.0,5.366889039804295,0.9310930332709848,0.5,85346.73896235987,241.3869558494395
-99.1508082,19.4328346,Juárez,20500.0,539.4736842105264,38.0,1,1.0,6.388496124288874,1.0242959471361532,0.5,25657.763432837415,25.159821623597146
-99.2223928,19.4244137,Lomas De Chapultepec,45000.0,375.0,120.0,2,2.0,5.359500714274956,1.308602913542604,0.5,9244.416598195852,-79.45685200400922
-99.2453489,19.4005527,Bosque De Las Lomas,68000.0,234.48275862068965,290.0,3,3.0,5.692333892367938,0.8378866259594573,0.5,37968.70858684813,-44.1636638428704
-99.190915,19.43353,Polanco,135000.0,710.5263157894736,190.0,3,2.0,5.3280706655811825,1.412771250250377,0.5,45609.79444808236,-66.21496707549454
-99.1896438,19.4378458,Polanco,80000.0,200.0,400.0,3,3.0,6.0097707859186,0.5866770155594544,0.5,22006.433993972038,-72.49195750753495
-99.2651314,19.3865976,Cuajimalpa de Morelos,47000.0,540.2298850574713,87.0,2,2.0,5.347838826403181,2.3684894614705687,0.49427437331671703,10174.212889356731,-78.35273853328356
-99.1896438,19.4378458,Polanco,110000.0,275.0,400.0,3,3.0,6.027432315361983,0.8066808963942498,0.5,78844.57074794405,-28.32311750186905
-99.1877553,19.4285955,Miguel Hidalgo,45000.0,375.0,120.0,2,2.0,5.355689229408514,1.1868643436766646,0.8585849060226639,22324.36564244442,-50.390298572345735
-99.192582,19.4330498,Polanco,70000.0,211.48036253776436,331.0,3,3.0,5.359198544981155,0.4580780755423443,0.5,17162.382956085246,-75.48231006273537
-99.2014215,19.442902,Miguel Hidalgo,39700.0,467.05882352941177,85.0,2,2.0,6.09222327938479,0.9394717316421219,0.8585849060226639,32328.29010402381,-18.568538780796448
-99.1771646,19.4320972,Miguel Hidalgo,34400.0,435.44303797468353,79.0,2,2.0,5.872343451301595,1.0724536368871904,0.8585849060226639,51098.84775844551,48.54316208850439
-99.2014215,19.442902,Miguel Hidalgo,29800.0,425.7142857142857,70.0,1,1.0,6.075544122324262,0.8563087068188179,0.8585849060226639,41596.493701664695,39.58554933444528
-99.1633037,19.4058335,Cuauhtémoc,22000.0,440.0,50.0,1,1.0,6.080353384719766,0.8848471485414876,0.830531038273375,71869.42902520443,226.6792228418383
-99.1713976,19.4342878,Miguel Hidalgo,30000.0,441.1764705882353,68.0,1,1.0,5.376900097032213,1.6332784482933052,0.8585849060226639,28238.27032699399,-5.872432243353372
-99.2029724,19.4406152,Granada,39000.0,487.5,80.0,2,2.0,6.33558286167247,1.0985885155278325,0.5,42010.45391670651,7.719112606939765
-99.1926322,19.4402557,Miguel Hidalgo,38000.0,447.05882352941177,85.0,2,1.0,6.136395512185749,0.9265367008750215,0.8585849060226639,18652.164903595945,-50.91535551685278
-99.1573063,19.4338311,Colonia Tabacalera,14000.0,233.33333333333334,60.0,1,1.0,5.345740691135893,0.47082109992913884,0.5,73493.60621814642,424.9543301296173
-99.1331785,19.4326296,Cuauhtémoc,36700.0,764.5833333333334,48.0,1,1.0,6.1858848848077175,1.8620301865972553,0.830531038273375,21975.076549457197,-40.122407222187476
-99.2049053,19.4447543,Granada,55000.0,533.9805825242719,103.0,3,2.0,5.366105937737922,1.231297329360517,0.5,23822.051725853576,-56.68717868026623
-99.2136879,19.4156998,Miguel Hidalgo,45000.0,535.7142857142857,84.0,2,2.0,6.378269593352908,1.8335143116537587,0.8585849060226639,21744.628253251547,-51.678603881663236
-99.1625655,19.4183227,Cuauhtémoc,58500.0,835.7142857142857,70.0,1,1.0,6.146490123242742,1.6689023297073098,0.830531038273375,26354.453695939188,-54.949651801813346
-99.1952423,19.3906515,Álvaro Obregón,23500.0,189.51612903225808,124.0,2,2.0,5.38406708794332,0.617922794495121,0.0,25739.756214643414,9.53087750912091
-99.272261,19.3581682,Cuajimalpa de Morelos,32900.0,387.05882352941177,85.0,1,1.0,5.962376478251006,1.0968496017642115,0.49427437331671703,28483.95347236034,-13.422633822612951
-99.2651314,19.3865976,Cuajimalpa de Morelos,50000.0,208.33333333333334,240.0,3,3.0,5.6369363021714864,0.9133802444500864,0.49427437331671703,14213.736707629907,-71.57252658474019
-99.1625655,19.4183227,Cuauhtémoc,55000.0,500.0,110.0,2,2.0,6.191784839307498,0.9984885733291597,0.830531038273375,50505.19275613476,-8.172376807027705
-99.2014215,19.442902,Miguel Hidalgo,36000.0,642.8571428571429,56.0,1,1.0,6.078477015795565,1.2930836176794231,0.8585849060226639,26247.341579887685,-27.090717833645318
-99.1625655,19.4183227,Cuauhtémoc,60000.0,400.0,150.0,2,2.0,6.189639975845416,0.7987908586633278,0.830531038273375,31506.43419767605,-47.48927633720658
-99.2767967,19.3530225,Contadero,34500.0,420.7317073170732,82.0,1,1.0,6.074832429734579,1.0697123277079177,0.5,18015.3079470127,-47.78171609561536
-99.1118805,19.4987951,Santa Isabel Tola,16500.0,235.71428571428572,70.0,2,1.0,5.346158349307674,2.540867429003069,0.5,31436.578196088587,90.52471633993083
-99.2196568,19.3374093,Álvaro Obregón,30000.0,247.93388429752065,121.0,3,2.0,5.359451881301742,1.2304958077027295,0.0,46242.7134934274,54.142378311424665
-99.1751804,19.4150174,Cuauhtémoc,36000.0,244.89795918367346,147.0,3,2.0,5.373788525143011,0.4686895363147677,0.830531038273375,46540.513008315196,29.27920280087554
-99.1539172,19.4360737,Cuauhtémoc,18600.0,248.0,75.0,1,1.0,6.058555408260651,0.5518752415604106,0.830531038273375,56681.5391953731,204.7394580396403
-99.2066164,19.4437444,Irrigación,40000.0,205.12820512820514,195.0,3,3.0,5.361533966365227,0.47620296975115045,0.5,41323.034289608186,3.307585724020464
-99.2612571,19.3610393,Santa Fe,37500.0,390.625,96.0,2,2.0,5.369222913318429,1.0983839668592732,0.5,28429.259960201685,-24.18864010612884
-99.170949,19.4190415,Roma Norte,45000.0,409.09090909090907,110.0,3,2.0,6.062422694045063,0.9503111895139911,0.5,23576.57392817766,-47.60761349293854
-99.252682,19.3750652,Santa Fe,33500.0,310.18518518518516,108.0,2,2.0,5.37024629346318,1.0435737671037886,0.5,67683.14128629697,102.03922772028949
-99.1818399,19.4442266,Miguel Hidalgo,39000.0,573.5294117647059,68.0,1,1.0,5.3698719474659855,2.3185470199188805,0.8585849060226639,8313.20240212305,-78.68409640481269
-99.2014215,19.442902,Ampliación Granada,49000.0,441.44144144144144,111.0,2,2.0,5.379825750959482,0.8879433050331172,0.5,6284.837152753681,-87.17380172907411
-99.2866403,19.3624038,Cuajimalpa de Morelos,33000.0,397.5903614457831,83.0,2,2.0,5.373977649231367,1.2260209529473882,0.49427437331671703,30509.247194100943,-7.547735775451689
-99.1625655,19.4183227,Roma Norte,28500.0,276.6990291262136,103.0,2,2.0,5.989609578856977,0.5525616376675933,0.5,15587.723105148867,-45.306234718775904
-99.1696893,19.4065186,Colonia Condesa,37500.0,340.90909090909093,110.0,1,1.0,5.376982778740871,0.7432986207689541,0.5,9952.526025300938,-73.45993059919749
-99.2102915,19.4425356,Miguel Hidalgo,21000.0,338.7096774193548,62.0,2,1.0,5.600546482121834,0.995752221164127,0.8585849060226639,22007.015793404094,4.79531330192426
-99.294171,19.3532835,Cuajimalpa de Morelos,40000.0,285.7142857142857,140.0,2,2.0,5.379672583044012,0.9613888202017757,0.49427437331671703,52634.672881334176,31.586682203335442
-99.2014215,19.442902,Miguel Hidalgo,33500.0,697.9166666666666,48.0,1,1.0,6.069053288417322,1.4038338349343735,0.8585849060226639,33680.54524631733,0.5389410337830681
-99.267075,19.3667625,Cuajimalpa de Morelos,33600.0,685.7142857142857,49.0,1,1.0,6.499156002642446,2.169476017386883,0.49427437331671703,66101.174983372,96.72968745051189
-99.170949,19.4190415,Roma Norte,39000.0,433.3333333333333,90.0,2,2.0,6.036001400707096,1.0066259266703756,0.5,31216.59952997289,-19.95743710263362
-99.2996246,19.3572429,Cuajimalpa de Morelos,97000.0,334.48275862068965,290.0,3,3.0,5.675280213543565,1.3416220595338875,0.49427437331671703,118416.60532357052,22.07897456038198
-99.2014215,19.442902,Miguel Hidalgo,27600.0,641.8604651162791,43.0,1,1.0,6.045122359337695,1.2910788368768193,0.8585849060226639,71306.94797467382,158.3585071546153
-99.190915,19.43353,Polanco,63000.0,393.75,160.0,2,2.0,5.347190387151658,0.7829107345137507,0.5,27495.06303707343,-56.35704279829614
-99.2651314,19.3865976,Cuajimalpa de Morelos,39800.0,503.7974683544304,79.0,2,2.0,5.352086906033011,2.2087615430347403,0.49427437331671703,38191.58976768384,-4.041231739487832
-99.1906167,19.4071156,Miguel Hidalgo,33000.0,336.734693877551,98.0,2,2.0,5.319352179128644,0.8488893531235162,0.8585849060226639,41347.18783827348,25.294508600828724
-99.2767967,19.3530225,Contadero,57000.0,365.38461538461536,156.0,2,2.0,5.33987926271878,0.9289920883884815,0.5,74285.81042016094,30.325983193264804
-99.1323271,19.286387,Tlalpan,14500.0,263.6363636363636,55.0,1,1.0,5.891244011888753,2.249834841578483,0.3919311241687132,19389.69050249703,33.722003465496755
-99.1559525,19.388236,Benito Juárez,12500.0,208.33333333333334,60.0,1,1.0,5.359674187658851,0.6999182697480871,0.933319961735651,34093.06833655872,172.74454669246975
-99.1668669,19.3601941,Benito Juárez,27800.0,370.6666666666667,75.0,2,2.0,5.953129678402224,0.9722857233171558,0.933319961735651,21794.456013220944,-21.60267621143545
-99.190915,19.43353,Miguel Hidalgo,46000.0,442.3076923076923,104.0,2,2.0,5.622784096321414,0.8794601657541522,0.8585849060226639,32325.99859941098,-29.726090001280475
-99.2013234,19.4510167,Miguel Hidalgo,40500.0,698.2758620689655,58.0,1,1.0,5.361592576907588,2.601750970611904,0.8585849060226639,4630.579959836679,-88.56646923497115
-99.2028324,19.4433703,Ampliación Granada,40500.0,578.5714285714286,70.0,1,1.0,6.108628969364453,1.2049226382836706,0.5,25202.818130050502,-37.77081943197407
-99.1650916,19.4314989,Cuauhtémoc,40000.0,571.4285714285714,70.0,2,2.0,5.384023906912166,1.1170167448460615,0.830531038273375,10069.178541481795,-74.82705364629551
-99.2135214,19.431628,Cumbres Reforma,120000.0,378.5488958990536,317.0,3,3.0,5.359983172332229,1.2997886979586641,0.5,26183.737940798965,-78.18021838266753
-99.1696893,19.4065186,Colonia Hipodromo De La Condesa,37500.0,340.90909090909093,110.0,1,1.0,5.366788393315277,0.7432986207689541,0.5,91663.09273543343,144.4349139611558
-99.2797931,19.3419761,Cuajimalpa de Morelos,40000.0,285.7142857142857,140.0,2,3.0,5.794295532047063,0.8796345746161361,0.49427437331671703,52545.17716541274,31.362942913531842
-99.1855297,19.3915073,Benito Juárez,14500.0,467.741935483871,31.0,1,1.0,5.809497705380998,1.5128508502663216,0.933319961735651,22176.02932861047,52.93813330076187
-99.1556563,19.3063584,Pedregal De Sta Úrsula,16500.0,266.1290322580645,62.0,2,2.0,5.378648219186727,1.8045718125586785,0.5,15832.765981755727,-4.043842534813776
-99.1625592,19.2041997,000,30000.0,400.0,75.0,2,2.0,5.800049676700148,1.213407509277195,0.5,32786.09243970821,9.286974799027375
-99.2003741,19.4343213,Polanco,80000.0,363.6363636363636,220.0,3,3.0,5.3713995965103045,0.6303223771609191,0.5,15920.522082180096,-80.09934739727488
-99.1332,19.4326,Col. Las Aguilas. Loft Remodelado,9400.0,235.0,40.0,1,1.0,5.38530623061323,0.7877047061472531,0.5,15711.549049890613,67.14413882862354
-99.1332,19.4326,Col. Las Aguilas. Loft Remodelado,9400.0,235.0,40.0,1,1.0,5.3528636402038305,0.7877047061472531,0.5,26329.998090244368,180.10636266217412
-99.2642857,19.3661404,Santa Fe,28000.0,528.3018867924528,53.0,1,1.0,6.164495537103436,1.6543573527314688,0.5,42789.83245126295,52.82083018308196
-99.2791739,19.3687247,Lomas De Vista Hermosa,85000.0,374.44933920704847,227.0,3,3.0,5.352273775255759,1.0348353460002442,0.5,64606.93979804139,-23.99183553171601
-99.272261,19.3581682,Cuajimalpa de Morelos,22000.0,220.0,100.0,2,1.0,5.719775813947733,0.6234373116410563,0.49427437331671703,23579.72131397979,7.180551427180862
-99.267075,19.3667625,Cuajimalpa de Morelos,30500.0,677.7777777777778,45.0,1,1.0,6.5463227234101735,2.1443663412597207,0.49427437331671703,15388.027775455783,-49.54744991653842
-99.2779741,19.3631581,El Yaqui,32000.0,220.68965517241378,145.0,3,2.0,5.354930932260082,0.5791690528252632,0.5,16249.475448836742,-49.22038922238518
-99.1799969,19.2932567,Barrio De Caramagüey,16500.0,253.84615384615384,65.0,2,2.0,5.387070669998926,1.333978112133855,0.5,43390.35448230645,162.9718453473118
-99.1418768,19.3960589,Alamos,20000.0,294.11764705882354,68.0,2,1.0,5.370400117823723,1.2204712461946696,0.5,38881.91860796676,94.40959303983382
-99.1476839,19.4332704,Cuauhtémoc,40400.0,631.25,64.0,1,1.0,6.1811105540323235,1.1628926896598055,0.830531038273375,22933.592405213072,-43.23368216531418
-99.2651314,19.3865976,Lomas Del Chamizal,10000.0,11.11111111111111,900.0,4,4.0,5.366553291389422,0.048713613037337934,0.5,27398.15676584231,173.98156765842307
-99.2996246,19.3572429,Cuajimalpa de Morelos,70000.0,254.54545454545453,275.0,4,3.0,5.346277127123728,1.0209907332160417,0.49427437331671703,40678.68340911752,-41.887595129832114
-99.1323271,19.286387,Tlalpan,13500.0,300.0,45.0,1,1.0,5.577379091872986,2.5601568886927564,0.3919311241687132,23489.065416086345,73.99307715619516
-99.1731664,19.4286104,Cuauhtémoc,30000.0,405.4054054054054,74.0,1,1.0,5.39950570635222,0.8622013660643227,0.830531038273375,16087.14651241757,-46.376178291941436
-99.1323271,19.286387,Tlalpan,8500.0,425.0,20.0,1,1.0,5.5717506544008435,3.6268889256480716,0.3919311241687132,8856.4882279075,4.193979151852931
-99.1579016,19.3905208,Benito Juárez,25000.0,290.69767441860466,86.0,2,2.0,5.845545101989765,0.9717547876535584,0.933319961735651,26906.343510803756,7.625374043215022
-99.1705556,19.2514512,Tlalpan,8000.0,114.28571428571429,70.0,1,1.0,5.373617770827161,0.714296894520243,0.3919311241687132,27878.04803888053,248.4756004860066
-99.125247,19.4586286,Cuauhtémoc,12000.0,300.0,40.0,1,1.0,5.330631968159749,2.4940690200665885,0.830531038273375,16389.413945839395,36.578449548661624
-99.225708,19.3422419,Álvaro Obregón,8500.0,177.08333333333334,48.0,1,1.0,5.38387874969663,0.8665932112025267,0.0,7351.844239217826,-13.50771483273146
-99.1200967,19.4590353,Venustiano Carranza,12000.0,171.42857142857142,70.0,2,1.0,5.216799699067054,0.821293587021594,0.761616411382061,7996.123273743941,-33.365639385467155
-99.1356291,19.346188,Coyoacán,10700.0,254.76190476190476,42.0,1,1.0,5.696570966515369,1.475838425488114,0.750956198657275,41139.54738266306,284.4817512398417
-99.2000489,19.2730157,Tlalpan,12000.0,150.0,80.0,2,1.0,5.357430750617328,1.0051640452566915,0.3919311241687132,87369.96789767247,628.0830658139372
-99.1247366,19.3452007,Coyoacán,12500.0,192.30769230769232,65.0,2,1.0,5.3535392201294165,1.6698619504805121,0.750956198657275,24327.70091811501,94.62160734492008
-99.1628933,19.3919332,Narvarte Poniente,26000.0,282.60869565217394,92.0,2,2.0,5.361053329407469,0.9819773034240322,0.5,69534.8269465968,167.4416421022954
-99.1580758,19.4676129,Azcapotzalco,13000.0,295.45454545454544,44.0,2,1.0,5.375716332977349,1.4253818026890877,0.7799341145447056,65068.62813402133,400.52790872324107
-99.142124,19.481292,Gustavo A. Madero,19500.0,121.875,160.0,2,2.0,5.347071127534194,0.9533107688757572,0.829803447501769,14523.524919730677,-25.52038502702217
-99.1906884,19.3456134,Del Carmen,13000.0,520.0,25.0,1,1.0,6.225160258840855,2.199094151011827,0.5,12498.468079613684,-3.857937849125511
-99.1168792,19.2906563,Tlalpan,12000.0,206.89655172413794,58.0,3,1.0,5.340689519526446,2.023941751123367,0.3919311241687132,6187.853488656428,-48.434554261196425
-99.0956838,19.3221728,Iztapalapa,9000.0,180.0,50.0,2,1.0,5.153879036485229,1.1464993545106272,1.0,8963.9028928486,-0.40107896834888385
-99.0666396,19.409865,Iztacalco,10000.0,129.87012987012986,77.0,2,1.0,5.369522460454838,1.2435261963908324,0.7626118203348291,6441.5164603941075,-35.58483539605892
-99.084529,19.355595,San Miguel,10000.0,158.73015873015873,63.0,2,1.0,5.378478961961725,1.6609700690539555,0.5,7047.500199386085,-29.524998006139146
-99.1195328,19.4646793,Gustavo A. Madero,15900.0,227.14285714285714,70.0,2,1.0,5.377749899882987,0.8134695100798325,0.829803447501769,6276.324819021542,-60.52625899986451
-99.1219076,19.4094101,Venustiano Carranza,10000.0,200.0,50.0,2,1.0,5.363033768551728,1.4591192397511614,0.761616411382061,5573.82945791485,-44.261705420851506
-99.1532138,19.3041152,Coyoacán,15500.0,310.0,50.0,2,1.0,5.361868592161969,2.009389817579606,0.750956198657275,16644.963320153973,7.386860130025632
-99.1446028,19.3360233,Coyoacán,10500.0,350.0,30.0,1,1.0,5.32488241147143,1.9416199410238775,0.750956198657275,13589.837239498494,29.42702132855709
-99.2023722,19.4681477,San Lorenzo Tlaltenango,15500.0,262.7118644067797,59.0,2,1.0,5.38358465785844,1.6038744861026077,0.5,7966.879718685248,-48.60077600848227
-99.1051396,19.4024446,Iztacalco,11500.0,171.6417910447761,67.0,2,1.0,5.442313148138701,1.0054491330058482,0.7626118203348291,5542.4780824067575,-51.80453841385428
-99.0695045,19.4045642,Iztacalco,10000.0,222.22222222222223,45.0,2,1.0,5.029071866298127,2.1624241577557712,0.7626118203348291,11812.027673654537,18.120276736545364
-99.162204,19.4491245,Santa María La Ribera,20000.0,555.5555555555555,36.0,1,1.0,5.370224584111751,2.108397828889783,0.5,6815.941756224991,-65.92029121887505
-99.169545,19.2906711,Tlalpan,16000.0,228.57142857142858,70.0,1,1.0,5.10610380018015,1.1326853287458272,0.3919311241687132,3891.6306343980928,-75.67730853501192
-99.1579443,19.5084773,Gustavo A. Madero,13500.0,337.5,40.0,1,1.0,5.357768096530108,1.6134978767749661,0.829803447501769,5087.325636409425,-62.31610639696722
-99.1892165,19.3613228,Guadalupe Inn,18000.0,439.0243902439024,41.0,1,1.0,5.366820372040469,1.423971794532509,0.5,6691.508848531774,-62.82495084149014
-99.1915215,19.4806399,Azcapotzalco,13000.0,216.66666666666666,60.0,2,1.0,5.365379921494608,1.1692673513468657,0.7799341145447056,1704.1712824163787,-86.89099013525863
-99.1331785,19.4326296,Int. 5,15500.0,182.35294117647058,85.0,2,1.0,5.3663121134490455,0.44409375182829225,0.5,8177.380307637426,-47.24270769266177
-99.1730359,19.4441525,Miguel Hidalgo,23000.0,338.2352941176471,68.0,2,1.0,5.885667630220066,1.4573155658277597,0.8585849060226639,3796.56525080503,-83.49319456171726
-99.1746519,19.350132,Coyoacán,24000.0,266.6666666666667,90.0,3,2.0,5.400910531657233,1.1919101964681362,0.750956198657275,9793.757829021255,-59.192675712411436
-99.1468479,19.3363252,Coyoacán,23000.0,165.46762589928056,139.0,2,3.0,5.375889650158904,0.9658885203172447,0.750956198657275,9371.042899827835,-59.256335218139846
-99.1480141,19.5057393,Gustavo A. Madero,20000.0,181.8181818181818,110.0,2,2.0,5.379155699513377,0.9507393502150284,0.829803447501769,8139.044681994808,-59.30477659002595
-99.1446028,19.3360233,Coyoacán,8500.0,425.0,20.0,1,1.0,5.33779879533944,2.3576813569575656,0.750956198657275,12821.169001867043,50.83728237490639
-99.147504,19.4658275,Azcapotzalco,9000.0,450.0,20.0,1,1.0,6.175684599447738,2.395844086677149,0.7799341145447056,26833.374604143388,198.14860671270432
-99.1926322,19.4402557,Miguel Hidalgo,40000.0,500.0,80.0,2,2.0,6.042269052975196,1.0362581522944319,0.8585849060226639,5930.3382527552685,-85.17415436811183
-99.1738081,19.3896634,Benito Juárez,16000.0,571.4285714285714,28.0,1,1.0,6.095728554836034,1.4179369457206799,0.933319961735651,11068.311685217333,-30.823051967391667
-99.1435613,19.4600188,Cuauhtémoc,13000.0,288.8888888888889,45.0,2,1.0,5.361229735847631,2.236858273186612,0.830531038273375,11870.714411989076,-8.686812215468644
-99.1476839,19.4332704,Cuauhtémoc,19600.0,515.7894736842105,38.0,1,1.0,6.179886643682112,0.9501905874864903,0.830531038273375,14933.933211223142,-23.80646320804519
-99.1985536,19.3646826,Álvaro Obregón,19000.0,441.86046511627904,43.0,1,1.0,5.357089101714376,1.8427282399835305,0.0,12530.084515271517,-34.052186761728855
-99.1356291,19.346188,Coyoacán,19000.0,296.875,64.0,2,1.0,5.537633755448719,1.7198000343742916,0.750956198657275,13167.62829758695,-30.696693170594997
-99.191898,19.3881873,Álvaro Obregón,18000.0,281.25,64.0,3,2.0,5.351832554711295,1.1896360702541307,0.0,30758.932976499316,70.88296098055176
-99.1331785,19.4326296,Cuauhtémoc,20000.0,196.07843137254903,102.0,3,1.0,5.957600191116475,0.4775201632562283,0.830531038273375,5689.190598848244,-71.55404700575878
-99.190915,19.43353,Miguel Hidalgo,130000.0,342.10526315789474,380.0,3,4.0,5.635899316166134,0.6802231945649965,0.8585849060226639,10579.663707777816,-91.86179714786323
-99.1476839,19.4332704,Cuauhtémoc,17100.0,610.7142857142857,28.0,1,1.0,6.18670394768833,1.1250616686383408,0.830531038273375,6976.351532749877,-59.20262261549779
-99.1795821,19.4092659,Cuauhtémoc,26500.0,854.8387096774194,31.0,1,1.0,6.270579593781466,1.9414900909794226,0.830531038273375,13845.249764316854,-47.75377447427602
-99.1669733,19.2880603,Tlalpan,140000.0,215.3846153846154,650.0,5,5.0,5.3892875302823455,1.0672076731456797,0.3919311241687132,10374.832159464806,-92.58940560038229
-99.1633037,19.4058335,Cuauhtémoc,45000.0,450.0,100.0,2,2.0,6.112077410391058,0.9049573110083396,0.830531038273375,33443.77340791347,-25.680503537970072
-99.1669696,19.3837691,Col Del Valle Centro,29500.0,421.42857142857144,70.0,2,2.0,5.374744502805725,1.334707889784442,0.5,7277.977330065812,-75.32889040655657
-99.1934907,19.3598623,Álvaro Obregón,19500.0,260.0,75.0,2,1.0,5.958294646071794,0.7769081107306923,0.0,17031.261208479144,-12.660198930876188
-99.1571438,19.4489743,Cuauhtémoc,20000.0,571.4285714285714,35.0,1,1.0,5.356481672127384,2.9524954036078923,0.830531038273375,15430.53337537296,-22.847333123135204
-99.2436293,19.3913552,Miguel Hidalgo,8000.0,133.33333333333334,60.0,1,1.0,5.36401907225432,0.48421839598025607,0.8585849060226639,28570.006508007842,257.125081350098
-99.1040583,19.3998086,Granjas México,12000.0,226.41509433962264,53.0,2,1.0,5.382244943900208,1.7040365084626676,0.5,8475.46972496121,-29.37108562532324
-99.1579016,19.3905208,Benito Juárez,30000.0,428.57142857142856,70.0,2,2.0,5.771629760191029,1.432644201226389,0.933319961735651,13318.09470704378,-55.60635097652074
-99.1771646,19.4320972,Anzures,65000.0,433.3333333333333,150.0,2,2.0,5.3822588818969725,1.0672576405844423,0.5,5852.943943135827,-90.9954708567141
-99.1213551,19.3899608,Iztacalco,25000.0,500.0,50.0,2,1.0,5.352256662990136,4.475881948277477,0.7626118203348291,18550.255825759086,-25.798976696963656
-99.1789281,19.3928229,Nápoles,44000.0,314.2857142857143,140.0,3,3.0,5.3527118365046595,0.8160745313938758,0.5,11339.183893126352,-74.22912751562193
-99.1512838,19.4333142,Cuauhtémoc,19600.0,515.7894736842105,38.0,1,1.0,6.209635470308256,0.9705297882032953,0.830531038273375,11815.848690276469,-39.715057702671075
-99.188621,19.4267655,Polanco,85000.0,425.0,200.0,2,2.0,5.386668329714955,1.2976780951832847,0.5,30994.022988285524,-63.53644354319351
-99.1080907,19.4846368,000,15000.0,153.0612244897959,98.0,3,1.0,5.389566273718875,0.7925148364959899,0.5,7923.47658921753,-47.1768227385498
-99.1626098,19.4113254,Roma Norte,55000.0,550.0,100.0,2,2.0,5.38922591871434,1.1064995260841577,0.5,16358.934335622458,-70.256483026141
-99.1712126,19.4093714,Cuauhtémoc,52000.0,559.1397849462365,93.0,2,2.0,6.110640041116754,1.2581201972803806,0.830531038273375,9450.088010268237,-81.82675382640724
-99.1331785,19.4326296,Cuauhtémoc,133000.0,303.65296803652967,438.0,3,3.0,6.247470919481134,0.7395021158372137,0.830531038273375,20613.426228993645,-84.50118328647095
-99.1906884,19.3456134,Del Carmen,12700.0,508.0,25.0,1,1.0,6.290486942300047,2.1483458244500158,0.5,22435.503899528438,76.65751101990895
-99.1738081,19.3896634,Benito Juárez,42500.0,340.0,125.0,2,2.0,6.072098096452786,0.8436724827038045,0.933319961735651,44804.25245113036,5.421770473247914
-99.2184637,19.4210896,Miguel Hidalgo,80000.0,254.77707006369425,314.0,3,3.0,5.751807637456444,0.9045658854374651,0.8585849060226639,13171.535959126024,-83.53558005109247
-99.1613872,19.3069365,Coyoacán,25000.0,198.4126984126984,126.0,3,2.0,5.343099530553642,1.2007485010305443,0.750956198657275,12359.812694477581,-50.560749222089676
-99.1624567,19.4039202,Roma Sur,39000.0,243.75,160.0,3,2.0,5.3379395887957966,0.5037486482433085,0.5,36241.46738186297,-7.073160559325725
-99.1951637,19.4305785,Polanco,77000.0,534.7222222222222,144.0,2,3.0,5.384013011725152,1.6087689370355391,0.5,15528.5692495427,-79.83302694864585
-99.2180671,19.2850106,Tlalpan,22000.0,169.23076923076923,130.0,3,3.0,5.384409253184595,0.8073386747377873,0.3919311241687132,24374.381094741086,10.792641339732208
-99.1926322,19.4402557,Miguel Hidalgo,36000.0,360.0,100.0,2,2.0,6.043240463635587,0.746105869651991,0.8585849060226639,6331.949606062473,-82.41125109427091
-99.1934907,19.3598623,Álvaro Obregón,20000.0,465.1162790697674,43.0,1,1.0,5.734426761335483,1.3898177293930094,0.0,7209.059337677221,-63.95470331161389
-99.2494623,19.3903778,Bosques De Las Lomas,85000.0,243.55300859598853,349.0,3,3.0,5.370721422336417,0.700430976619621,0.5,15819.228965296841,-81.38914239376842
-99.1877551,19.2730954,3 Cumbres,50000.0,248.75621890547265,201.0,3,3.0,5.340431201464391,1.7140843046819516,0.5,33794.92401440177,-32.41015197119646
-99.2511696,19.3881071,Cuajimalpa de Morelos,42000.0,210.0,200.0,2,2.0,5.658729273984661,0.587330399544672,0.49427437331671703,80007.00202174338,90.49286195653185
-99.1795821,19.4092659,Cuauhtémoc,31300.0,802.5641025641025,39.0,1,1.0,6.436307508380158,1.8227652010424127,0.830531038273375,11677.34752908399,-62.692180418262
-99.1408879,19.2986877,Tlalpan,35000.0,291.6666666666667,120.0,2,2.0,5.358558840691671,2.3169579314102875,0.3919311241687132,20325.51189360332,-41.92710887541908
-99.2150977,19.4497398,Miguel Hidalgo,19400.0,380.3921568627451,51.0,1,1.0,6.05547674609128,0.9094475739117882,0.8585849060226639,14211.050020085338,-26.747164844920935
-99.2171906,19.3539685,Álvaro Obregón,43000.0,307.14285714285717,140.0,2,2.0,5.7100304985957315,1.1599521812206997,0.0,17504.86639393926,-59.29100838618776
-99.1625655,19.4183227,Roma Norte,30000.0,666.6666666666666,45.0,1,1.0,5.37993652006267,1.3313180977722128,0.5,8019.474482941634,-73.26841839019455
-99.2996246,19.3572429,Cuajimalpa de Morelos,75000.0,205.4794520547945,365.0,3,3.0,5.369086893420963,0.824185278770288,0.49427437331671703,19350.56867327242,-74.1992417689701
-99.0959786,19.4391972,"""Galaxia Oceanía""",11000.0,239.1304347826087,46.0,2,1.0,5.360841959527711,1.5751659512468341,0.5,14804.704346122842,34.58822132838947
-99.1713523,19.3820125,Tlacoquemécatl Del Valle,40000.0,380.95238095238096,105.0,3,1.0,5.808308682069528,1.1538963319898858,0.5,28742.486696569802,-28.143783258575496
-99.1840567,19.3671023,Benito Juárez,45000.0,260.11560693641616,173.0,2,2.0,5.378239474625766,0.8844475023595448,0.933319961735651,18549.237040224638,-58.77947324394525
-99.2480389,19.382527,Santa Fe,30000.0,333.3333333333333,90.0,2,2.0,5.3731315485448565,1.1056072289826808,0.5,15196.0071334283,-49.34664288857233
-99.272261,19.3581682,Cuajimalpa de Morelos,145000.0,381.57894736842104,380.0,4,4.0,5.935066736623366,1.081320696028148,0.49427437331671703,31794.346244995733,-78.07286465862363
-99.1547199,19.337382,Coyoacán,22000.0,343.75,64.0,2,1.0,5.351375774402065,1.8523877967646858,0.750956198657275,19659.768683905935,-10.637415073154841
-99.2191991,19.3704931,Álvaro Obregón,42000.0,247.05882352941177,170.0,3,3.0,5.356272077669828,1.3053606657851555,0.0,12028.165943035965,-71.36150965943818
-99.164216,19.4343524,San Rafael,44900.0,444.55445544554453,101.0,3,2.0,6.350574006992612,0.813061883950278,0.5,33340.23383014844,-25.74558167004801
-99.1625655,19.4183227,Roma Norte,30000.0,666.6666666666666,45.0,1,1.0,5.37432625722999,1.3313180977722128,0.5,15765.219181898108,-47.44926939367297
-99.1926322,19.4402557,Miguel Hidalgo,35000.0,583.3333333333334,60.0,1,1.0,6.084677731450741,1.208967844343504,0.8585849060226639,61334.87452545046,75.24249864414418
-99.164216,19.4343524,San Rafael,23100.0,607.8947368421053,38.0,1,1.0,6.1943455308751485,1.111800891715153,0.5,36646.15023430345,58.641343005642646
-99.1766441,19.4185314,Condesa,95000.0,380.0,250.0,3,4.0,5.357700161291316,0.7336828198462798,0.5,6297.685566477903,-93.37085729844432
-99.2797931,19.3419761,Cuajimalpa de Morelos,50000.0,357.14285714285717,140.0,2,2.0,5.830723641257609,1.0995432182701703,0.49427437331671703,12147.204526842503,-75.705590946315
-99.1588658,19.4260273,Juárez,18300.0,425.5813953488372,43.0,2,2.0,5.383884339218915,0.7747494480702155,0.5,33332.103470063186,82.14264191291359
-99.1512838,19.4333142,Cuauhtémoc,20300.0,534.2105263157895,38.0,1,1.0,6.213532445208697,1.005191566353413,0.830531038273375,12336.28128181343,-39.23014146889936
-99.1332,19.4326,Lomas De Chapultepec Ii Sección,64000.0,263.3744855967078,243.0,2,2.0,5.360154242857699,0.8828141352495263,0.5,42361.2406660348,-33.810561459320624
-99.1591998,19.3599533,General Pedro Maria Anaya,32500.0,233.81294964028777,139.0,3,2.0,5.382499192428144,1.5690655636271438,0.5,15122.369343482993,-53.469632789283104
-99.256888,19.3761247,Santa Fe Peña Blanca,43000.0,277.4193548387097,155.0,3,2.0,5.358197748375148,0.930521592717818,0.5,17999.594274926458,-58.14047843040358
-99.1446028,19.3360233,Coyoacán,26000.0,325.0,80.0,2,2.0,5.332340249080012,1.8029328023793147,0.750956198657275,21734.543572613227,-16.40560164379528
-99.1625655,19.4183227,Cuauhtémoc,28000.0,491.2280701754386,57.0,1,1.0,6.183287146742288,0.98097122993742,0.830531038273375,25359.433246984332,-9.430595546484529
-99.192582,19.4330498,Miguel Hidalgo,90000.0,391.30434782608694,230.0,3,2.0,5.370973285225666,0.8475867000252444,0.8585849060226639,18665.86246541012,-79.26015281621098
-99.1512838,19.4333142,Cuauhtémoc,35800.0,464.93506493506493,77.0,2,2.0,6.280435278381045,0.8748401297851597,0.830531038273375,16727.274157493666,-53.27577050979423
-99.1575693,19.3955399,Narvarte Poniente,31000.0,295.23809523809524,105.0,2,2.0,5.374716970785556,0.9935354849924833,0.5,11996.928931998704,-61.30022925161709
-99.1588279,19.4279483,Cuauhtémoc,23300.0,485.4166666666667,48.0,1,1.0,5.36214628871173,0.8938134052661523,0.830531038273375,8227.360512390265,-64.68943986098598
-99.190915,19.43353,Miguel Hidalgo,79000.0,429.3478260869565,184.0,2,2.0,5.666814912625025,0.8536914841488793,0.8585849060226639,15292.767520915713,-80.64206642922062
-99.190915,19.43353,Miguel Hidalgo,65000.0,260.0,250.0,3,3.0,5.67318514420169,0.5169696278693973,0.8585849060226639,11743.310627025096,-81.93336826611524
-99.1508082,19.4328346,Juárez,21900.0,534.1463414634146,41.0,1,1.0,6.213234757557391,1.0141809484910251,0.5,12009.495394687905,-45.16212148544336
-99.1906167,19.4071156,Miguel Hidalgo,31000.0,373.49397590361446,83.0,2,2.0,5.370652392878528,0.9415574497222498,0.8585849060226639,22280.76586641745,-28.12656172123404
-99.1625655,19.4183227,Cuauhtémoc,30000.0,200.0,150.0,3,1.0,6.2090512507796864,0.3993954293316639,0.830531038273375,20658.015800200254,-31.139947332665823
-99.1332,19.4326,Santa Fé Amp,36000.0,375.0,96.0,2,2.0,5.329022188478976,1.2569755949158294,0.5,31615.444577975974,-12.179320616733406
-99.1592306,19.4319605,Cuauhtémoc,38000.0,506.6666666666667,75.0,3,2.0,5.349093330038606,0.9807600754261843,0.830531038273375,6425.381696079782,-83.09110079979006
-99.164216,19.4343524,Cuauhtémoc,20200.0,545.9459459459459,37.0,1,1.0,5.38393332360471,0.9985004849427299,0.830531038273375,10627.731834304206,-47.38746616681086
-99.2459512,19.3736662,Álvaro Obregón,120000.0,281.6901408450704,426.0,3,10.0,5.374674722447587,1.2078517751624147,0.0,22657.396748549803,-81.11883604287516
-99.192582,19.4330498,Miguel Hidalgo,75000.0,416.6666666666667,180.0,2,2.0,5.374051328141775,0.9025228750268807,0.8585849060226639,10980.563594012714,-85.35924854131639
-99.1508082,19.4328346,Juárez,39000.0,458.8235294117647,85.0,2,2.0,6.38917242134903,0.8711659074064728,0.5,15989.020947110117,-59.00251039202533
-99.1508082,19.4328346,Juárez,43400.0,611.2676056338029,71.0,2,2.0,6.215984357692922,1.1606107014887967,0.5,27324.37705866718,-37.04060585560558
-99.1722136,19.4062353,Cuauhtémoc,48000.0,403.3613445378151,119.0,3,2.0,5.370459535987277,0.9460705315142977,0.830531038273375,11300.432680413718,-76.45743191580475
-99.2612571,19.3610393,Álvaro Obregón,40000.0,275.86206896551727,145.0,2,3.0,5.818114155893311,0.7756863324578592,0.0,20529.272698930527,-48.676818252673684
-99.1508082,19.4328346,Juárez,43300.0,636.7647058823529,68.0,2,2.0,6.217351028571418,1.2090219163685985,0.5,11111.187582834717,-74.33905870015076
-99.164216,19.4343524,San Rafael,19500.0,527.027027027027,37.0,1,1.0,6.264947895120269,0.9638989829892689,0.5,10994.234885043048,-43.61930828183052
-99.2612571,19.3610393,Álvaro Obregón,26400.0,342.85714285714283,77.0,2,2.0,5.796455424177787,0.9640672989119107,0.0,6610.931844661173,-74.95859149749556
-99.1795821,19.4092659,Hipodromo Condesa,50000.0,574.7126436781609,87.0,2,2.0,5.3509269471215015,1.3052741882533527,0.5,17806.612989253645,-64.38677402149271
-99.2993588,19.3465983,Cuajimalpa de Morelos,19300.0,344.64285714285717,56.0,2,1.0,5.810338839423499,1.0309292861701485,0.49427437331671703,50662.92809856628,162.5022181272864
-99.1515438,19.4312045,Cuauhtémoc,23100.0,330.0,70.0,1,1.0,6.209522519850055,0.6219675925134543,0.830531038273375,6587.20485020008,-71.48396168744554
-99.2996246,19.3572429,Cuajimalpa de Morelos,18500.0,324.56140350877195,57.0,1,1.0,5.3478174184801945,1.3018271567009054,0.49427437331671703,15149.930303908559,-18.108484843737518
-99.164216,19.4343524,San Rafael,43900.0,585.3333333333334,75.0,3,2.0,6.268730409195531,1.0705375166286972,0.5,14563.413659388785,-66.82593699455857
-99.1636016,19.386924,Benito Juárez,34000.0,309.09090909090907,110.0,2,2.0,5.81645226588886,0.9929863748090446,0.933319961735651,8631.514340140122,-74.61319311723493
-99.1579443,19.5084773,Gustavo A. Madero,13500.0,450.0,30.0,1,1.0,5.331663353546312,2.1513305023666214,0.829803447501769,18197.33094531106,34.795044039341185
-99.2841685,19.3689202,Cuajimalpa de Morelos,11500.0,575.0,20.0,1,1.0,5.361908055575209,1.9036970797472597,0.49427437331671703,7287.122327327907,-36.6337188928008
-99.1515438,19.4312045,Cuauhtémoc,23800.0,476.0,50.0,1,1.0,6.229205075048484,0.8971411334436493,0.830531038273375,31697.28802742777,33.18188246818391
-99.1200967,19.4590353,Venustiano Carranza,13000.0,185.71428571428572,70.0,2,1.0,5.150172826146134,0.8897347192733936,0.761616411382061,22670.935263206527,74.39180971697328
-99.1924105,19.3446449,Álvaro Obregón,35000.0,291.6666666666667,120.0,2,2.0,6.04451240483389,1.2366623074926402,0.0,23987.250196688336,-31.464999438033324
-99.2117364,19.4372468,Miguel Hidalgo,48000.0,205.12820512820514,234.0,2,2.0,5.373549044186358,0.6375722861986002,0.8585849060226639,25466.624099293433,-46.94453312647202
-99.1559072,19.4025902,Benito Juárez,26500.0,278.94736842105266,95.0,2,2.0,5.369537896728992,0.8078655479909838,0.933319961735651,6957.259033893207,-73.7461923249313
-99.2993588,19.3465983,Cuajimalpa de Morelos,28000.0,474.5762711864407,59.0,1,1.0,5.79510636113062,1.4195987711555216,0.49427437331671703,6710.228138411425,-76.03489950567348
-99.1331785,19.4326296,Cuauhtémoc,20000.0,322.5806451612903,62.0,2,1.0,5.963455228814277,0.7855976879376658,0.830531038273375,10555.762313807394,-47.22118843096303
-99.176429,19.4148639,Cuauhtémoc,25300.0,702.7777777777778,36.0,1,1.0,6.095911746848856,1.42042347304329,0.830531038273375,2275.7949241193055,-91.0047631457735
-99.1625655,19.4183227,Cuauhtémoc,28000.0,400.0,70.0,1,1.0,6.180774851074215,0.7987908586633278,0.830531038273375,9688.724140858409,-65.39741378264854
-99.185039,19.303295,Coyoacán,37500.0,220.58823529411765,170.0,3,2.0,5.357047807461003,0.9022993572916074,0.750956198657275,13254.656305769697,-64.65424985128081
-99.1854833,19.3665269,Benito Juárez,23000.0,348.4848484848485,66.0,1,2.0,5.740618314538617,1.2244813133845402,0.933319961735651,12841.476323850338,-44.16749424412896
-99.1871169,19.3569982,Álvaro Obregón,29000.0,263.6363636363636,110.0,3,2.0,5.421099312207323,0.8716003658744018,0.0,22856.247995869362,-21.18535173838151
-99.1452942,19.3459507,Coyoacán,22000.0,343.75,64.0,2,2.0,5.679924977076954,1.571424125679798,0.750956198657275,25476.619735889177,15.802816981314441
-99.1636016,19.386924,Benito Juárez,27800.0,226.01626016260164,123.0,2,2.0,5.81049462015758,0.7261005103218696,0.933319961735651,25746.60408335625,-7.386316246919961
-99.1744021,19.4362644,Miguel Hidalgo,32000.0,390.2439024390244,82.0,2,2.0,6.05548854575815,1.5078450049661642,0.8585849060226639,44662.10289528542,39.56907154776693
-99.2612571,19.3610393,Álvaro Obregón,30000.0,333.3333333333333,90.0,2,2.0,5.819882799960792,0.9372876517199131,0.0,20991.455784340167,-30.028480718866106
-99.1636016,19.386924,Benito Juárez,34000.0,330.09708737864077,103.0,2,2.0,5.779169515903573,1.060470885718397,0.933319961735651,42601.876006691535,25.29963531379863
-99.1836682,19.3723233,Benito Juárez,24500.0,490.0,50.0,1,1.0,5.720894607084223,1.6662540983202205,0.933319961735651,22114.98712654903,-9.734746422248861
-99.2298654,19.2841671,Tlalpan,80000.0,222.22222222222223,360.0,2,2.0,5.627935859904193,1.0898109362135349,0.3919311241687132,16959.043851713126,-78.8011951853586
-99.1738081,19.3896634,Benito Juárez,30000.0,333.3333333333333,90.0,2,2.0,6.138434509259732,0.8271298850037299,0.933319961735651,16938.093292540507,-43.53968902486498
-99.1625592,19.2041997,000,30000.0,300.0,100.0,3,2.0,5.887241523817667,0.9100556319578962,0.5,10656.467277303947,-64.47844240898684
-99.1579016,19.3905208,Narvarte Poniente,28000.0,350.0,80.0,2,2.0,5.347232139161002,1.1699927643348842,0.5,12973.300029840922,-53.666785607710985
-99.1744021,19.4362644,Miguel Hidalgo,16900.0,563.3333333333334,30.0,1,1.0,5.727920704261995,2.1766370915438653,0.8585849060226639,16999.03559220634,0.5860094213392844
-99.1738081,19.3896634,Benito Juárez,33500.0,429.4871794871795,78.0,2,2.0,6.0899640741771774,1.0657250441394213,0.933319961735651,20685.91427750209,-38.251002156710186
-99.1350096,19.4567754,Cuauhtémoc,11000.0,183.33333333333334,60.0,2,1.0,5.355589107248915,1.976245873213988,0.830531038273375,19270.94276715948,75.1903887923589
-99.1579016,19.3905208,Benito Juárez,30000.0,375.0,80.0,1,1.0,5.7314888827117505,1.2535636760730904,0.933319961735651,15756.89671180578,-47.4770109606474
-99.1452942,19.3459507,Coyoacán,27000.0,300.0,90.0,2,1.0,5.8479002074855915,1.3714246915023693,0.750956198657275,11310.805380495938,-58.10812822038541
-99.1712126,19.4093714,Cuauhtémoc,14500.0,659.0909090909091,22.0,1,1.0,6.046033563947263,1.4830201800984208,0.830531038273375,21601.12350696156,48.97326556525215
-99.1854833,19.3665269,Benito Juárez,32000.0,266.6666666666667,120.0,2,2.0,5.722768211812864,0.9369943963290396,0.933319961735651,43466.60858226992,35.83315181959349
-99.267724,19.3706218,Álvaro Obregón,26000.0,192.59259259259258,135.0,2,2.0,5.389843825397705,0.5915214853307525,0.0,19783.387127357262,-23.910049510164377
-99.2612571,19.3610393,Álvaro Obregón,33000.0,330.0,100.0,2,2.0,5.804680059333763,0.927914775202714,0.0,13912.867892315502,-57.839794265710594
-99.1331785,19.4326296,Cuauhtémoc,20000.0,333.3333333333333,60.0,1,1.0,6.128275828218992,0.811784277535588,0.830531038273375,24421.220037430954,22.10610018715477
-99.190115,19.3626752,Los Alpes,22500.0,187.5,120.0,3,2.0,5.38519582261536,0.5733506204721917,0.5,19972.62391829151,-11.232782585371073
-99.1579443,19.5084773,Gustavo A. Madero,18500.0,616.6666666666666,30.0,2,1.0,5.347830525821561,2.948119577317222,0.829803447501769,12745.002195641455,-31.108096239775918
-99.1633037,19.4058335,Cuauhtémoc,25500.0,621.9512195121952,41.0,1,1.0,6.083566539799819,1.2507540070846972,0.830531038273375,21758.66740683346,-14.671892522221718
-99.2014215,19.442902,Miguel Hidalgo,5900.0,32.59668508287293,181.0,3,3.0,6.192721978607237,0.0655670391776061,0.8585849060226639,20149.683155244184,241.52005347871497
-99.1701792,19.3044491,Coyoacán,39000.0,233.53293413173654,167.0,3,2.0,5.738922963962651,1.0018639545262449,0.750956198657275,19731.657310746086,-49.40600689552286
-99.0956838,19.3221728,Iztapalapa,12000.0,171.42857142857142,70.0,2,1.0,5.179594914599266,1.0919041471529782,1.0,20305.138934847357,69.20949112372797
-99.190915,19.43353,Miguel Hidalgo,65000.0,309.5238095238095,210.0,3,2.0,5.66470056055638,0.6154400331778539,0.8585849060226639,17005.67687300443,-73.8374201953778
-99.1789281,19.3928229,Nápoles,26000.0,419.35483870967744,62.0,2,2.0,5.362407667686907,1.088897102006491,0.5,17642.98979186268,-32.142346954374304
-99.2127676,19.3634921,Álvaro Obregón,21000.0,272.72727272727275,77.0,2,2.0,5.382196613889838,0.9477037306189917,0.0,29556.666877021056,40.74603274771931
-99.1738081,19.3896634,Benito Juárez,27500.0,250.0,110.0,3,2.0,6.036085392413195,0.6203474137527974,0.933319961735651,19338.75804340688,-29.67724347852043
-99.1445042,19.506314,Gustavo A. Madero,40500.0,225.0,180.0,3,3.0,5.367828704924899,1.189974796788819,0.829803447501769,11903.734620584362,-70.6080626652238
-99.2002349,19.4423703,Ampliación Granada,49500.0,291.1764705882353,170.0,3,2.0,5.354705104355002,0.5960553460770611,0.5,47225.37883588814,-4.595194270933044
-99.1489143,19.3616941,Benito Juárez,20000.0,294.11764705882354,68.0,2,1.0,5.374252305938168,1.8503690334388552,0.933319961735651,12170.109546613983,-39.14945226693008
-99.2184637,19.4210896,Miguel Hidalgo,70000.0,318.1818181818182,220.0,2,2.0,5.751664659912503,1.1296794410179252,0.8585849060226639,28016.715059409365,-59.9761213437009
-99.2073801,19.3197812,Álvaro Obregón,55000.0,120.08733624454149,458.0,4,4.0,5.365859067803687,0.48521997300801534,0.0,28520.031773729617,-48.14539677503706
-99.2511696,19.3881071,Cuajimalpa de Morelos,50000.0,209.20502092050208,239.0,3,3.0,5.627263538437075,0.5851069929713807,0.49427437331671703,11912.34738136979,-76.17530523726042
-99.190915,19.43353,Miguel Hidalgo,34000.0,453.3333333333333,75.0,1,1.0,5.63921735075891,0.9013829409004875,0.8585849060226639,44418.42559744991,30.642428227793854
-99.1866168,19.3890932,San Pedro De Los Pinos,26000.0,313.2530120481928,83.0,3,2.0,5.361531407663436,1.0532752400331973,0.5,11617.327021872366,-55.317972992798595
-99.2171906,19.3539685,Álvaro Obregón,25000.0,373.13432835820896,67.0,2,2.0,5.878295603973586,1.4091748123125472,0.0,53169.144531727565,112.67657812691026
-99.1625655,19.4183227,Cuauhtémoc,44000.0,611.1111111111111,72.0,2,2.0,6.160099852616806,1.2203749229578618,0.830531038273375,15799.208882436345,-64.09270708537194
-99.1579016,19.3905208,Benito Juárez,26000.0,325.0,80.0,2,2.0,5.851680681331647,1.0864218525966782,0.933319961735651,11989.384732041983,-53.88698179983853
-99.2157979,19.460046,Toreo,18500.0,362.7450980392157,51.0,1,1.0,5.3614283777602045,1.1878139499436215,0.5,17688.581014553118,-4.3860485699831475
-99.1639988,19.3610272,Xoco,39000.0,278.57142857142856,140.0,3,2.0,5.35679276961083,1.1675394651278437,0.5,39942.58363149963,2.416881106409299
-99.1754969,19.4528837,Miguel Hidalgo,20000.0,294.11764705882354,68.0,2,2.0,5.359388753283177,1.062584048728256,0.8585849060226639,17297.664812728617,-13.511675936356916
-99.1771925,19.3902721,Nápoles,25000.0,384.61538461538464,65.0,2,1.0,5.354280559971899,1.1249459683904184,0.5,39481.00107381834,57.92400429527337
-99.2014215,19.442902,Ampliación Granada,37000.0,289.0625,128.0,3,2.0,5.380448455479056,0.5814386405884905,0.5,46798.15779789888,26.48150756188886
-99.253998,19.3479943,Álvaro Obregón,19000.0,351.85185185185185,54.0,1,1.0,5.355497879213489,1.62431414138049,0.0,14194.545952067227,-25.291863410172493
-99.2150977,19.4497398,Miguel Hidalgo,16400.0,410.0,40.0,1,1.0,6.070803115223466,0.9802344727059532,0.8585849060226639,31019.11798480497,89.14096332198152
-99.1332,19.4326,Santa Fe C/Balcon $31,31000.0,258.3333333333333,120.0,2,2.0,5.3515945326630465,0.8659165209420158,0.5,30827.45775800751,-0.5565878773951314
-99.1625655,19.4183227,Cuauhtémoc,85000.0,664.0625,128.0,3,2.0,6.177912840420039,1.3261176364527902,0.830531038273375,20101.42174398087,-76.3512685364931
-99.2480389,19.382527,Santa Fe,25000.0,384.61538461538464,65.0,2,2.0,5.375064065048121,1.2757006488261704,0.5,11684.880104951399,-53.260479580194406
-99.1730611,19.4439152,Miguel Hidalgo,17000.0,242.85714285714286,70.0,2,1.0,5.357868680082093,1.0253035176900995,0.8585849060226639,23873.023540461254,40.42955023800738
-99.2298654,19.2841671,Tlalpan,70000.0,206.4896755162242,339.0,2,2.0,5.485120444596094,1.012656179667444,0.3919311241687132,20800.793166691532,-70.28458119044066
-99.1624218,19.4379452,Cuauhtémoc,21000.0,420.0,50.0,1,1.0,6.203768681051909,0.9460066889783628,0.830531038273375,30056.553543233753,43.126445443970255
-99.2605042,19.3677266,Santa Fe,45000.0,326.0869565217391,138.0,3,2.0,5.405507172437049,0.9574264932067639,0.5,23042.61165914276,-48.794196313016094
-99.2612571,19.3610393,Álvaro Obregón,40000.0,270.27027027027026,148.0,3,2.0,5.843475974458256,0.7599629608539836,0.0,22846.676068236506,-42.88330982940873
-99.168848,19.3598225,Xoco,38000.0,542.8571428571429,70.0,2,2.0,5.38095602852105,1.462939222328393,0.5,27248.55954860264,-28.293264345782525
-99.1625655,19.4183227,Cuauhtémoc,40000.0,370.3703703703704,108.0,3,2.0,6.1385348554270776,0.7396211654290072,0.830531038273375,52046.110593372134,30.115276483430335
-99.0967315,19.4325052,Venustiano Carranza,18600.0,286.15384615384613,65.0,2,2.0,5.368336493298717,1.6402102999482269,0.761616411382061,16565.044388728744,-10.940621565974496
-99.1770851,19.2886951,Tlalpan,28000.0,180.6451612903226,155.0,2,3.0,5.3451141766303065,0.8415126711340194,0.3919311241687132,22817.494139395043,-18.50894950216056
-99.2014215,19.442902,Miguel Hidalgo,34000.0,485.7142857142857,70.0,1,1.0,6.108420884699707,0.9769965111355641,0.8585849060226639,35137.161834524464,3.3445936309543067
-99.1713523,19.3820125,Del Valle Centro,22000.0,338.46153846153845,65.0,2,1.0,5.380420347923768,1.02519251034486,0.5,47125.15234269438,114.2052379213381
-99.2184637,19.4210896,Miguel Hidalgo,95000.0,358.49056603773585,265.0,2,2.0,5.728178359626967,1.2727924699339426,0.8585849060226639,54256.65873641487,-42.88772764587908
-99.2882542,19.3571063,Cuajimalpa de Morelos,19000.0,292.3076923076923,65.0,2,2.0,5.879427384612372,1.0059699432093354,0.49427437331671703,18331.616660704174,-3.517807048925399
-99.1668669,19.3601941,Xoco,70000.0,190.7356948228883,367.0,3,4.0,5.357569960997906,0.500313650188684,0.5,61021.3347352908,-12.826664663870282
-99.0852744,19.3862605,Iztapalapa,19500.0,130.0,150.0,2,3.0,5.3359223154532955,0.7818534138930606,1.0,23676.665380142313,21.418796821242626
-99.190915,19.43353,Miguel Hidalgo,85000.0,548.3870967741935,155.0,2,2.0,5.645128160597828,1.090382589798977,0.8585849060226639,13933.370621272863,-83.60779926909075
-99.253229,19.3787909,Santa Fe,33000.0,300.0,110.0,2,2.0,5.381713084565761,0.9188778245252752,0.5,30937.98303850913,-6.24853624694203
-99.1668669,19.3601941,Benito Juárez,68000.0,331.7073170731707,205.0,3,4.0,5.943580891601101,0.8700925055128081,0.933319961735651,22006.984660133105,-67.63678726451013
-99.1502584,19.3932666,Benito Juárez,27000.0,270.0,100.0,2,2.0,5.379068795474937,1.1397693647638154,0.933319961735651,22642.15774311538,-16.14015650698008
-99.1476839,19.4332704,Cuauhtémoc,105000.0,632.5301204819277,166.0,3,2.0,6.134967740729768,1.1652509356009026,0.830531038273375,53510.416845006126,-49.037698242851306
-99.1624218,19.4379452,Cuauhtémoc,43900.0,434.65346534653463,101.0,3,2.0,6.18489953350742,0.9790121085843971,0.830531038273375,27208.76428777668,-38.02103806884583
-99.1537429,19.5187538,500,23500.0,361.53846153846155,65.0,1,1.0,5.363025994563966,1.8145296402323419,0.5,34922.77081255588,48.607535372578205
-99.2651314,19.3865976,Cuajimalpa de Morelos,14500.0,322.22222222222223,45.0,1,1.0,5.515944611146769,1.4126947780828,0.49427437331671703,16330.716479759849,12.62563089489551
-99.1743711,19.3890898,Benito Juárez,35000.0,388.8888888888889,90.0,2,2.0,5.960146719686519,0.9511232920484523,0.933319961735651,17707.232276329847,-49.40790778191472
-99.1761603,19.3824219,Ciudad De Los Deportes,47500.0,211.11111111111111,225.0,2,3.0,5.380714187378763,1.055943179301999,0.5,45605.884935447466,-3.987610662215861
-99.268697,19.3087653,La Magdalena Contreras,16000.0,168.42105263157896,95.0,2,1.0,5.355968991380444,0.9988179335299177,0.3233249370829295,14938.673574563845,-6.633290158975967
-99.2014215,19.442902,Miguel Hidalgo,143000.0,650.0,220.0,2,2.0,6.201886174428967,1.3074512134314165,0.8585849060226639,27806.25114521918,-80.55506912921734
-99.1926322,19.4402557,Miguel Hidalgo,45000.0,562.5,80.0,2,2.0,6.07601379757104,1.1657904213312358,0.8585849060226639,23628.083107500785,-47.493148649998254
-99.1596698,19.4174872,Cuauhtémoc,62000.0,476.9230769230769,130.0,2,2.0,5.394098355700599,0.8888662432298001,0.830531038273375,14540.77503898317,-76.54713703389811
-99.1854833,19.3665269,Benito Juárez,60000.0,368.09815950920245,163.0,3,3.0,5.74453126402552,1.2933971728468336,0.933319961735651,25603.82662975707,-57.32695561707155
-99.2628049,19.3198805,Álvaro Obregón,70000.0,272.3735408560311,257.0,3,3.0,5.352688372315761,1.6760941555022577,0.0,22031.32171186364,-68.52668326876623
-99.1628377,19.4332913,Cuauhtémoc,18000.0,450.0,40.0,1,1.0,5.377611323501188,0.8253630887417164,0.830531038273375,15934.38963181827,-11.475613156565164
-99.2184637,19.4210896,Miguel Hidalgo,120000.0,266.6666666666667,450.0,3,3.0,5.740502277165848,0.9467789600912135,0.8585849060226639,48684.37562813256,-59.4296869765562
-99.1738081,19.3896634,Benito Juárez,40500.0,570.4225352112676,71.0,2,2.0,6.088738420860205,1.4154405778584955,0.933319961735651,54206.881267139914,33.844151276888674
-99.1564811,19.2061078,000,29000.0,281.5533980582524,103.0,2,2.0,5.801950896657824,0.8445975875378455,0.5,65038.82294393031,124.2718032549321
-99.3010764,19.3501655,Contadero,26500.0,311.7647058823529,85.0,2,2.0,5.378652020511587,1.0326789432965708,0.5,23261.878729091015,-12.219325550599944
-99.164216,19.4343524,San Rafael,24800.0,467.92452830188677,53.0,1,1.0,6.295148667577134,0.8558042639486727,0.5,23570.305347351718,-4.9584461800333965
-99.2014215,19.442902,Miguel Hidalgo,92000.0,538.0116959064327,171.0,3,3.0,6.0839016828392465,1.0821908379279381,0.8585849060226639,37609.49836087827,-59.120110477306234
-99.1744021,19.4362644,Miguel Hidalgo,17000.0,566.6666666666666,30.0,1,1.0,5.718826643993503,2.189516600961284,0.8585849060226639,12518.994127718795,-26.35885807224238
-99.1331785,19.4326296,Cuauhtémoc,42000.0,300.0,140.0,2,2.0,6.283555410255095,0.7306058497820292,0.830531038273375,12682.86345264946,-69.80270606512033
-99.2612571,19.3610393,Álvaro Obregón,40000.0,333.3333333333333,120.0,2,2.0,5.809844287000222,0.9372876517199131,0.0,29864.66325238999,-25.338341869025026
-99.2014215,19.442902,Ampliación Granada,46000.0,511.1111111111111,90.0,2,2.0,5.3551369917507925,1.028081296031541,0.5,46457.184852517275,0.99388011416799
-99.2737186,19.3653514,Lomas De Vista Hermosa,38000.0,422.22222222222223,90.0,2,2.0,5.364755484643567,1.1801092621170952,0.5,11576.770633336348,-69.53481412279909
-99.1625592,19.2041997,000,30000.0,291.2621359223301,103.0,2,2.0,5.891003929312847,0.883549157240676,0.5,24391.78382819908,-18.694053906003063
-99.1934907,19.3598623,Álvaro Obregón,60000.0,370.3703703703704,162.0,4,4.0,5.857422630557121,1.1067067104425816,0.0,96398.59510908661,60.66432518181103
-99.1476839,19.4332704,Cuauhtémoc,20900.0,550.0,38.0,1,1.0,6.208388323777748,1.01321343257488,0.830531038273375,33680.273239757174,61.14963272611088
-99.1743711,19.3890898,Benito Juárez,28000.0,266.6666666666667,105.0,3,2.0,6.007143092578403,0.6521988288332244,0.933319961735651,10544.518866782008,-62.341004047207115
-99.1636016,19.386924,Benito Juárez,60000.0,337.07865168539325,178.0,3,2.0,5.777381430009402,1.082899879996645,0.933319961735651,24168.427937863707,-59.71928677022716
-99.190915,19.43353,Miguel Hidalgo,13000.0,25.49019607843137,510.0,3,3.0,5.648195158177493,0.050683296849940905,0.8585849060226639,23484.2227338841,80.64786718372386
-99.1539172,19.4360737,Cuauhtémoc,25000.0,625.0,40.0,1,1.0,6.001785163665858,1.3908146208679701,0.830531038273375,13379.445062707267,-46.48221974917093
-99.1738081,19.3896634,Benito Juárez,30000.0,309.2783505154639,97.0,3,2.0,6.077425910022831,0.7674400994879967,0.933319961735651,29931.696878179042,-0.2276770727365268
-99.272261,19.3581682,Cuajimalpa de Morelos,170000.0,602.8368794326241,282.0,3,3.0,5.3499127160460285,1.7083227430525398,0.49427437331671703,11461.271246857976,-93.25807573714236
-99.1749935,19.4205261,Roma Norte,45200.0,664.7058823529412,68.0,2,2.0,5.359814412399605,1.459189919300107,0.5,22374.447983691967,-50.499008885637245
-99.1738081,19.3896634,Benito Juárez,34500.0,485.9154929577465,71.0,2,2.0,6.1570346499570725,1.2057456774350148,0.933319961735651,25322.771711311154,-26.600661706344482
-99.1990176,19.3921085,Bosques De Santa Fe,29400.0,515.7894736842105,57.0,1,1.0,6.322652254437155,1.903967946444723,0.5,21289.765925570766,-27.585830185133446
-99.1332,19.4326,Portales Nte,23000.0,255.55555555555554,90.0,2,2.0,5.3909433593505245,0.856605590609306,0.5,26385.51312082406,14.719622264452434
-99.151606,19.4346268,Tabacalera,35000.0,357.14285714285717,98.0,2,2.0,5.3812329241656105,0.7326222079856577,0.5,24065.34975155859,-31.24185785268974
-99.1331785,19.4326296,Cuauhtémoc,26000.0,433.3333333333333,60.0,1,1.0,5.909957111809186,1.0553195607962644,0.830531038273375,23437.19406205597,-9.85694591516935
-99.1678814,19.4320065,Cuauhtémoc,67000.0,279.1666666666667,240.0,6,4.0,5.37435109056831,0.6037206099265012,0.830531038273375,26366.99804998492,-60.646271567186695
-99.272261,19.3581682,Cuajimalpa de Morelos,170000.0,441.5584415584416,385.0,4,4.0,5.90269451831211,1.2512909442618605,0.49427437331671703,18662.753539049634,-89.02190968291197
-99.2073801,19.3197812,Álvaro Obregón,36500.0,260.7142857142857,140.0,2,2.0,5.367003736779193,1.0534314660746744,0.0,18211.234117115677,-50.106207898313215
-99.1539172,19.4360737,Cuauhtémoc,25500.0,411.2903225806452,62.0,1,1.0,6.107798306595712,0.9152457505066642,0.830531038273375,34668.391985940405,35.95447837623688
-99.1624218,19.4379452,Cuauhtémoc,24100.0,547.7272727272727,44.0,1,1.0,6.128068785379765,1.2336991993711333,0.830531038273375,20354.11221112266,-15.543102858412194
-99.2797931,19.3419761,Cuajimalpa de Morelos,105000.0,403.84615384615387,260.0,3,3.0,5.745731578951085,1.2433296391208848,0.49427437331671703,9793.518911492174,-90.67283913191221
-99.2014215,19.442902,Ampliación Granada,48000.0,406.77966101694915,118.0,3,2.0,5.367684305005702,0.8182224021474315,0.5,26575.533635428957,-44.63430492618967
-99.272261,19.3581682,Cuajimalpa de Morelos,55000.0,462.1848739495798,119.0,3,2.0,5.873357172783018,1.309742251346757,0.49427437331671703,46957.31956088998,-14.623055343836405
-99.1609858,19.3698638,Santa Cruz Atoyac,39000.0,410.5263157894737,95.0,3,2.0,5.359161005366282,1.1449343723153529,0.5,22991.480111422956,-41.047486893787294
-99.272261,19.3581682,Cuajimalpa de Morelos,40000.0,312.5,128.0,2,2.0,5.986829837979775,0.8855643631265006,0.49427437331671703,22196.645322438264,-44.50838669390434
-99.2036717,19.3493334,Álvaro Obregón,48500.0,323.3333333333333,150.0,3,3.0,5.654303408267036,1.464563957041195,0.0,69821.97515207641,43.962835365106
-99.2021996,19.3370667,Álvaro Obregón,26900.0,448.3333333333333,60.0,1,1.0,5.76781627709951,1.672033125587483,0.0,31728.691845223126,17.950527305662177
-99.1938312,19.4865713,Azcapotzalco,21500.0,298.6111111111111,72.0,2,2.0,5.374908676066895,1.5062669010838703,0.7799341145447056,15518.103655823252,-27.822773693845342
-99.1712542,19.3786479,Benito Juárez,50000.0,169.4915254237288,295.0,5,3.0,5.389151109229568,0.5503929418161385,0.933319961735651,16997.154355832226,-66.00569128833554
-99.176429,19.4148639,Cuauhtémoc,34000.0,226.66666666666666,150.0,2,2.0,6.180691835135563,0.4581286774716698,0.830531038273375,20033.232740058887,-41.07872723512092
-99.2511696,19.3881071,Cuajimalpa de Morelos,90000.0,367.3469387755102,245.0,3,3.0,5.560240065248953,1.0274001158215837,0.49427437331671703,19947.27156203111,-77.83636493107655
-99.1636016,19.386924,Benito Juárez,52000.0,448.2758620689655,116.0,3,2.0,5.805821172715836,1.4401323691449635,0.933319961735651,55043.86770102658,5.853591732743427
-99.2298654,19.2841671,Tlalpan,70000.0,194.44444444444446,360.0,2,2.0,5.487398244506631,0.9535845691868431,0.3919311241687132,110177.33416861201,57.39619166944573
-99.2298103,19.3988079,Miguel Hidalgo,27000.0,225.0,120.0,1,1.0,4.130183254691606,0.904417823306665,0.8585849060226639,19303.6020640203,-28.50517754066556
-99.1749935,19.4205261,Roma Norte,31700.0,737.2093023255813,43.0,1,1.0,6.4802213666559565,1.6183524336506023,0.5,17186.12618659729,-45.785090894014864
-99.190915,19.43353,Miguel Hidalgo,110000.0,536.5853658536586,205.0,2,2.0,5.65712472857255,1.0669166804058856,0.8585849060226639,58665.91284515461,-46.667351958950356
-99.189629,19.4332543,Miguel Hidalgo,42000.0,913.0434782608696,46.0,1,1.0,6.535573618362339,1.8894712682863701,0.8585849060226639,61973.44082611647,47.555811490753506
-99.190915,19.43353,Miguel Hidalgo,13000.0,44.827586206896555,290.0,3,3.0,5.655746893886662,0.08913269446024091,0.8585849060226639,16256.679824081497,25.05138326216536
-99.1492813,19.3682616,Benito Juárez,25500.0,344.5945945945946,74.0,2,2.0,5.545338638900478,1.9133016551956965,0.933319961735651,59364.98005872451,132.8038433675471
-99.176429,19.4148639,Cuauhtémoc,35000.0,500.0,70.0,2,1.0,6.097817972294239,1.0105779650110362,0.830531038273375,18162.96593685017,-48.10581160899951
-99.176429,19.4148639,Cuauhtémoc,34700.0,654.7169811320755,53.0,1,1.0,6.122546909998977,1.3232851089012438,0.830531038273375,58081.584338527995,67.38208743091641
-99.1772075,19.4325524,Miguel Hidalgo,62000.0,364.70588235294116,170.0,3,3.0,5.387047722627204,0.8883082600154191,0.8585849060226639,33039.410025721336,-46.710628990772044
-99.190915,19.43353,Miguel Hidalgo,120000.0,545.4545454545455,220.0,3,3.0,5.654781390810543,1.0845516668588755,0.8585849060226639,45052.49827906533,-62.45625143411222
-99.2779741,19.3631581,Cuajimalpa de Morelos,40000.0,243.90243902439025,164.0,3,3.0,5.9514923757847304,0.6400877489303595,0.49427437331671703,12445.128946649718,-68.8871776333757
-99.1928752,19.4631145,000,80000.0,490.79754601226995,163.0,2,2.0,5.36782675045627,4.034427596913212,0.5,21449.928233736195,-73.18758970782976
-99.2157979,19.460046,Toreo,30600.0,450.0,68.0,2,2.0,5.373350449975079,1.4735313595246549,0.5,38798.7660626891,26.793353146042815
-99.190915,19.43353,Miguel Hidalgo,65000.0,255.90551181102362,254.0,3,2.0,5.730733120176104,0.508828373887202,0.8585849060226639,33639.686176721065,-48.24663665119836
-99.2993588,19.3465983,Cuajimalpa de Morelos,20000.0,277.77777777777777,72.0,1,1.0,5.80945779375695,0.8309159474025375,0.49427437331671703,31871.931439615466,59.35965719807733
-99.1813909,19.3913039,Benito Juárez,27000.0,415.38461538461536,65.0,1,1.0,5.351974113599068,1.4635282629769766,0.933319961735651,34197.68244084257,26.65808311423173
-99.267724,19.3706218,Álvaro Obregón,100000.0,217.3913043478261,460.0,4,4.0,5.2683677780659295,0.6676872953148127,0.0,12222.260687088276,-87.77773931291173
-99.1571438,19.4489743,Cuauhtémoc,30000.0,200.0,150.0,3,2.0,5.358541354314833,1.0333733912627623,0.830531038273375,18726.208553495682,-37.579304821681056
-99.1926322,19.4402557,Miguel Hidalgo,36000.0,514.2857142857143,70.0,1,1.0,6.010192537680238,1.0658655280742728,0.8585849060226639,20840.50307487325,-42.10971368090764
-99.2014215,19.442902,Miguel Hidalgo,55000.0,478.2608695652174,115.0,2,2.0,6.160094188329858,0.9620042373073968,0.8585849060226639,42337.46608838245,-23.022788930213732
-99.2797931,19.3419761,Cuajimalpa de Morelos,49000.0,251.28205128205127,195.0,3,3.0,5.757703980785723,0.7736273310085504,0.49427437331671703,20554.692591470633,-58.05164777250891
-99.3010764,19.3501655,Contadero,21000.0,291.6666666666667,72.0,1,1.0,5.36940854072951,0.9661068730526096,0.5,47546.38135578839,126.41133978946853
-99.2511696,19.3881071,Cuajimalpa de Morelos,90000.0,204.54545454545453,440.0,3,3.0,5.648854263186805,0.5720750644915636,0.49427437331671703,47287.157326016604,-47.45871408220378
-99.189629,19.4332543,Miguel Hidalgo,44500.0,706.3492063492064,63.0,1,1.0,6.883146283840013,1.4617338194188207,0.8585849060226639,74272.43318011156,66.9043442249698
-99.189629,19.4332543,Miguel Hidalgo,35900.0,997.2222222222222,36.0,1,1.0,6.5494872634437105,2.0636725214603913,0.8585849060226639,61240.45394743925,70.58622269481685
-99.2184637,19.4210896,Miguel Hidalgo,120000.0,342.85714285714283,350.0,2,4.0,5.7467805849328935,1.2172872344029886,0.8585849060226639,32195.17080564393,-73.17069099529672
-99.1981383,19.4361436,Miguel Hidalgo,123000.0,416.9491525423729,295.0,2,2.0,5.351835416015205,0.7167795400473794,0.8585849060226639,47921.854688956104,-61.039142529303966
-99.272261,19.3581682,Cuajimalpa de Morelos,47000.0,271.67630057803467,173.0,3,2.0,5.951676848913577,0.7698779203134432,0.49427437331671703,79309.57889282722,68.7437848783558
-99.1926322,19.4402557,Miguel Hidalgo,80000.0,337.55274261603375,237.0,3,3.0,6.074649494563392,0.6995835627304181,0.8585849060226639,44135.50651426162,-44.83061685717297
-99.1626409,19.4061884,Cuauhtémoc,27000.0,540.0,50.0,1,1.0,5.339868661138447,1.1159970053390216,0.830531038273375,40931.28340132467,51.597345930832105
-99.2014215,19.442902,Miguel Hidalgo,65000.0,524.1935483870968,124.0,3,2.0,6.065214111661279,1.0543961398640458,0.8585849060226639,44066.612159850985,-32.20521206176771
-99.185039,19.303295,Coyoacán,30000.0,194.80519480519482,154.0,3,3.0,5.382363386927883,0.7968357960497313,0.750956198657275,42087.34112166883,40.291137072229446
-99.2435649,19.3868693,Lomas De Santa Fe,33000.0,300.0,110.0,2,2.0,5.346141940427498,1.0732065887644773,0.5,45973.63208353626,39.31403661677654
-99.2996246,19.3572429,Cuajimalpa de Morelos,35000.0,380.4347826086956,92.0,2,2.0,5.6072700282972665,1.5259372371435407,0.49427437331671703,41698.929255929426,19.139797874084074
-99.164216,19.4343524,San Rafael,25000.0,806.4516129032259,31.0,1,1.0,6.223152062196759,1.4749488159885424,0.5,94941.12120486863,279.7644848194745
-99.1743711,19.3890898,Benito Juárez,64000.0,407.64331210191085,157.0,3,4.0,5.960645668511552,0.9969918402546105,0.933319961735651,31397.17553005905,-50.94191323428273
-99.2024608,19.4449636,Miguel Hidalgo,48000.0,436.3636363636364,110.0,3,2.0,5.349866022440817,1.0030378329872702,0.8585849060226639,37702.56828893203,-21.452982731391604
-99.190915,19.43353,Miguel Hidalgo,90000.0,447.76119402985074,201.0,2,2.0,5.6539875313494345,0.8903036071229574,0.8585849060226639,46430.09275689436,-48.41100804789515
-99.1712126,19.4093714,Cuauhtémoc,28000.0,491.2280701754386,57.0,1,1.0,6.032842278331871,1.105312076153209,0.830531038273375,17921.666866621235,-35.99404690492416
-99.1990015,19.4430584,Miguel Hidalgo,35900.0,466.23376623376623,77.0,2,2.0,5.3734656458652275,0.9307244511694464,0.8585849060226639,54184.61273654892,50.932068904036
-99.2099817,19.4373908,Miguel Hidalgo,71500.0,722.2222222222222,99.0,2,2.0,5.345203607892076,2.4158186890720224,0.8585849060226639,21045.979894585056,-70.56506308449643
-99.2880186,19.3618242,Cuajimalpa de Morelos,26000.0,361.1111111111111,72.0,2,2.0,5.361404374816943,1.125997088455692,0.49427437331671703,89153.46465142349,242.89794096701343
-99.1636016,19.386924,Benito Juárez,60000.0,419.5804195804196,143.0,3,2.0,5.788239327284868,1.347945305170649,0.933319961735651,50120.338204034175,-16.466102993276373
-99.190915,19.43353,Miguel Hidalgo,80000.0,551.7241379310345,145.0,2,2.0,5.664887383322332,1.097017777972196,0.8585849060226639,12268.936867300707,-84.6638289158741
-99.190915,19.43353,Miguel Hidalgo,67000.0,558.3333333333334,120.0,2,2.0,5.69298345092726,1.1101591367708212,0.8585849060226639,67837.44290415567,1.249914782321899
-99.2637015,19.3661536,Álvaro Obregón,30000.0,333.3333333333333,90.0,2,2.0,5.973481703827647,1.012900079972574,0.0,42725.8544860397,42.41951495346567
-99.164216,19.4343524,San Rafael,45200.0,447.5247524752475,101.0,3,2.0,6.336606419076768,0.8184943686982754,0.5,33529.9837357935,-25.8186200535542
-99.164216,19.4343524,San Rafael,43900.0,434.65346534653463,101.0,3,2.0,6.309958198150314,0.7949536014569534,0.5,42228.90177221016,-3.8066018856260513
-99.164216,19.4343524,San Rafael,37200.0,523.943661971831,71.0,2,2.0,6.299572841819822,0.9582597039988661,0.5,19220.564822099044,-48.33181499435741
-99.2779741,19.3631581,Cuajimalpa de Morelos,43000.0,262.1951219512195,164.0,3,3.0,5.953342447694354,0.6880943301001364,0.49427437331671703,13468.967699766154,-68.67681930286942
-99.2298654,19.2841671,Jardines En La Montaña,70000.0,194.44444444444446,360.0,2,2.0,5.367218598193673,0.9535845691868431,0.5,39097.16785339088,-44.14690306658446
-99.1668669,19.3601941,Benito Juárez,32000.0,457.14285714285717,70.0,1,2.0,5.952469880469415,1.1991190832277359,0.933319961735651,59681.23421142706,86.50385691070956
-99.1926322,19.4402557,Granada,38000.0,475.0,80.0,1,1.0,5.360949320024165,0.9844452446797103,0.5,20978.64217571845,-44.79304690600407
-99.1625655,19.4183227,Cuauhtémoc,47000.0,587.5,80.0,1,1.0,6.1579114860167135,1.1732240736617627,0.830531038273375,45701.58197635305,-2.7625915396743563
-99.2014215,19.442902,Miguel Hidalgo,60000.0,545.4545454545455,110.0,2,2.0,6.09576754510091,1.097161857424965,0.8585849060226639,56486.33472858623,-5.856108785689612
-99.2039742,19.4417323,Miguel Hidalgo,60000.0,582.5242718446602,103.0,2,2.0,6.080956542611466,1.4466532180170892,0.8585849060226639,43292.69154163948,-27.845514097267536
-99.1836682,19.3723233,Benito Juárez,35000.0,318.1818181818182,110.0,2,2.0,5.768107978901123,1.0819831807274158,0.933319961735651,11455.16440018922,-67.27095885660222
-99.164216,19.4343524,San Rafael,33500.0,471.83098591549293,71.0,2,2.0,6.293586886230789,0.862948926988226,0.5,17435.40610083667,-47.954011639293526
-99.272261,19.3581682,Cuajimalpa de Morelos,120000.0,375.0,320.0,3,3.0,5.902246536620213,1.0626772357518006,0.49427437331671703,48206.01095089087,-59.828324207590946
-99.1654306,19.4259131,Juárez,42000.0,525.0,80.0,2,2.0,6.253454868926947,0.953911203659882,0.5,24731.701475698545,-41.114996486432034
-99.2014215,19.442902,Miguel Hidalgo,48800.0,567.4418604651163,86.0,1,1.0,6.1416828964009405,1.1413885369490722,0.8585849060226639,24479.849631264377,-49.836373706425455
-99.206134,19.4188634,Lomas De Chapultepec I Sección,112000.0,280.0,400.0,3,3.0,5.387881720441802,0.9138144554994344,0.5,23984.624059967573,-78.58515708931466
-99.1668669,19.3601941,Benito Juárez,50000.0,480.7692307692308,104.0,2,2.0,5.973644728467037,1.2610927858464769,0.933319961735651,42767.29133393204,-14.465417332135926
-99.1331785,19.4326296,Cuauhtémoc,42000.0,428.57142857142856,98.0,2,2.0,6.191038408926053,1.043722642545756,0.830531038273375,20022.806212657844,-52.326651874624176
-99.1906167,19.4071156,Miguel Hidalgo,65000.0,232.14285714285714,280.0,3,3.0,5.397225791768404,0.5852191752593937,0.8585849060226639,17839.19433882075,-72.55508563258346
-99.2751709,19.3769798,Cuajimalpa de Morelos,60000.0,272.72727272727275,220.0,3,3.0,5.407795698097291,1.0183589402620417,0.49427437331671703,24938.989239036026,-58.43501793493996
-99.2184637,19.4210896,Miguel Hidalgo,110000.0,312.5,352.0,2,4.0,5.7434756226498385,1.1095065938568907,0.8585849060226639,9587.214875593198,-91.28435011309709
-99.176429,19.4148639,Cuauhtémoc,55000.0,639.5348837209302,86.0,2,1.0,6.098095562310196,1.2925997226885348,0.830531038273375,42988.41990219587,-21.839236541462054
-99.2629301,19.3675002,Santa Fe,40000.0,320.0,125.0,2,2.0,5.385819538216353,0.9913301309273986,0.5,113966.75436953938,184.91688592384844
-99.2298654,19.2841671,Tlalpan,90000.0,542.1686746987951,166.0,2,2.0,5.479200174191186,2.6588760793161543,0.3919311241687132,25636.613248850183,-71.51487416794424
-99.1476839,19.4332704,Cuauhtémoc,35000.0,388.8888888888889,90.0,2,2.0,6.2946235233262815,0.7164135381842587,0.830531038273375,18996.5925028472,-45.724021420436564
-99.2779741,19.3631581,Cuajimalpa de Morelos,32500.0,361.1111111111111,90.0,2,2.0,5.878629715134394,0.9476854727218933,0.49427437331671703,13090.941626642658,-59.72017961033029
-99.2515999,19.3448189,Álvaro Obregón,43000.0,131.90184049079755,326.0,3,2.0,5.362713423037511,0.5634409558531348,0.0,29918.55731825915,-30.42195972497872
-99.1744455,19.4193436,Cuauhtémoc,38800.0,366.0377358490566,106.0,2,2.0,5.350665868692809,0.8646478729826927,0.830531038273375,187730.54115150624,383.84160090594395
-99.1749935,19.4205261,Roma Norte,27700.0,659.5238095238095,42.0,1,1.0,6.629002481721775,1.4478140181171943,0.5,22236.901957774026,-19.722375603703878
-99.2068504,19.4437538,Miguel Hidalgo,45000.0,523.2558139534884,86.0,3,2.0,6.201715028454798,1.4186479307765953,0.8585849060226639,14632.579062562401,-67.48315763875023
-99.1757027,19.3060161,Coyoacán,50000.0,476.1904761904762,105.0,2,2.0,5.871887601697669,1.8207706666985093,0.750956198657275,21127.781883430536,-57.74443623313893
-99.2797931,19.3419761,Cuajimalpa de Morelos,39500.0,278.16901408450707,142.0,2,2.0,5.8410046376706815,0.8564047883146537,0.49427437331671703,52191.247504131636,32.12974051678895
-99.2156107,19.355186,Álvaro Obregón,27000.0,293.4782608695652,92.0,2,2.0,5.36760220222375,0.9745645818916783,0.0,66820.85302788555,147.48464084402056
-99.2880186,19.3618242,Cuajimalpa de Morelos,23000.0,469.38775510204084,49.0,1,1.0,5.390354276291429,1.4636194493584191,0.49427437331671703,23098.485948779056,0.42819977730024494
-99.267075,19.3667625,Cuajimalpa de Morelos,55000.0,314.2857142857143,175.0,3,2.0,5.338408480253876,0.9943431746356548,0.49427437331671703,19821.69873809925,-63.96054774891046
-99.190915,19.43353,Miguel Hidalgo,48000.0,218.1818181818182,220.0,3,2.0,5.6389618160478845,0.4338206667435502,0.8585849060226639,21081.648922852924,-56.07989807738974
-99.1855297,19.3915073,Benito Juárez,19500.0,390.0,50.0,1,1.0,5.972168289758416,1.261404605497919,0.933319961735651,95729.79000012307,390.92200000063116
-99.1826329,19.440545,Miguel Hidalgo,24000.0,533.3333333333334,45.0,1,1.0,5.377198607905592,2.1837006774085213,0.8585849060226639,63475.80415797742,164.48251732490593
-99.1074701,19.4652539,000,70000.0,486.1111111111111,144.0,3,3.0,5.361050637756517,1.900451175469078,0.5,18665.538451390803,-73.3349450694417
-99.2993588,19.3465983,Cuajimalpa de Morelos,43000.0,311.59420289855075,138.0,3,3.0,5.818100324780329,0.932070932303716,0.49427437331671703,25598.13618113262,-40.469450741552045
-99.1906167,19.4071156,Miguel Hidalgo,80000.0,500.0,160.0,2,3.0,5.36221474706707,1.2604720697894634,0.8585849060226639,25045.577800828465,-68.69302774896443
-99.196568,19.4339657,Miguel Hidalgo,160000.0,355.55555555555554,450.0,4,4.0,6.378487271095055,0.9103862377370467,0.8585849060226639,61552.56239406208,-61.5296485037112
-99.1231155,19.3506852,Paseos De Taxqueña,15000.0,214.28571428571428,70.0,2,1.0,5.353725096417831,1.7673915203354784,0.5,20716.75665673208,38.11171104488052
-99.1272248,19.4374587,Cuauhtémoc,35000.0,437.5,80.0,2,2.0,5.335995528327472,0.8391203702544797,0.830531038273375,16671.716430921813,-52.36652448308053
-99.1638921,19.4068193,Roma Sur,35000.0,388.8888888888889,90.0,2,2.0,5.359008698389548,0.8094564202396103,0.5,17650.158492011557,-49.57097573710984
-99.2150977,19.4497398,Miguel Hidalgo,16700.0,506.06060606060606,33.0,1,1.0,6.082198457404495,1.2098976861928616,0.8585849060226639,23795.41611648551,42.48752165560185
-99.1963927,19.4293791,Miguel Hidalgo,10800.0,27.341772151898734,395.0,4,3.0,5.3410145106434594,0.07174027505467928,0.8585849060226639,16896.417546762044,56.44831061816708
-99.2014215,19.442902,Miguel Hidalgo,38000.0,457.8313253012048,83.0,2,2.0,5.954054970586826,0.9209109566338058,0.8585849060226639,42260.99753968695,11.213151420228812
-99.2102915,19.4425356,Polanco,75000.0,220.58823529411765,340.0,3,3.0,5.370016019025226,0.6484940936152929,0.5,42058.81137432263,-43.9215848342365
-99.1926322,19.4402557,Miguel Hidalgo,120000.0,800.0,150.0,2,2.0,6.160232701931752,1.6580130436710911,0.8585849060226639,44238.13642782092,-63.13488631014923
-99.2436293,19.3913552,Miguel Hidalgo,40000.0,156.25,256.0,2,2.0,5.359101359485617,0.5674434327893625,0.8585849060226639,12851.575166396604,-67.8710620840085
-99.1744021,19.4362644,Miguel Hidalgo,66000.0,235.71428571428572,280.0,3,3.0,6.2169801393629704,0.9107653088032234,0.8585849060226639,16034.039313127576,-75.70600104071579
-99.1617062,19.4259402,Cuauhtémoc,26000.0,666.6666666666666,39.0,1,1.0,5.368730367619574,1.2767754058157454,0.830531038273375,19093.59383888165,-26.563100619685958
-99.1730359,19.4441525,Miguel Hidalgo,42000.0,365.2173913043478,115.0,3,2.0,5.818355977331329,1.5735702291130742,0.8585849060226639,28201.03073385302,-32.85468872892138
-99.1624218,19.4379452,Cuauhtémoc,21600.0,568.421052631579,38.0,1,1.0,6.175521756136479,1.2803098046323707,0.830531038273375,37610.32433380956,74.12187191578502
-99.1470602,19.3457833,Parque San Andrés,20500.0,320.3125,64.0,2,2.0,5.331203988331414,1.5574810623868138,0.5,16841.63986791359,-17.84565918090932
-99.2407804,19.3867834,Lomas De Santa Fe,30000.0,333.3333333333333,90.0,2,2.0,5.384780141719876,1.1296826161312492,0.5,21603.19938217823,-27.98933539273923
-99.2014215,19.442902,Miguel Hidalgo,48500.0,440.90909090909093,110.0,1,1.0,6.10303424634034,0.8868725014185134,0.8585849060226639,122384.53570931932,152.33924888519445
-99.1926322,19.4402557,Miguel Hidalgo,42000.0,545.4545454545455,77.0,2,2.0,6.023723616376493,1.130463438866653,0.8585849060226639,64121.35177664079,52.66988518247807
-99.1787063,19.4384738,Anahuac,22000.0,523.8095238095239,42.0,1,1.0,5.370178161145753,2.0706826390416433,0.5,60308.81884359833,174.13099474362878
-99.2659861,19.3621864,Cuajimalpa de Morelos,50000.0,370.3703703703704,135.0,3,2.0,5.360238062829705,1.1846892247993646,0.49427437331671703,47810.61116230155,-4.378777675396893
-99.1660079,19.3586346,Colonia Xoco,75000.0,326.0869565217391,230.0,3,3.0,5.349940395508383,0.8502163966933891,0.5,16334.1508677799,-78.22113217629348
-99.1926322,19.4402557,Miguel Hidalgo,91000.0,455.0,200.0,3,3.0,6.136574214473124,0.942994918587933,0.8585849060226639,27658.842104007592,-69.60566801757408
-99.1625592,19.2041997,000,30000.0,410.958904109589,73.0,2,1.0,5.789691647509897,1.2466515506272549,0.5,48597.68376933497,61.99227923111658
-99.0929778,19.4126273,Venustiano Carranza,15000.0,187.5,80.0,2,1.0,5.3416636471285,0.8435407620007319,0.761616411382061,20949.173049455836,39.6611536630389
-99.2737186,19.3653514,Lomas De Vista Hermosa,35000.0,411.7647058823529,85.0,2,2.0,5.361149430482558,1.150880549742678,0.5,47369.73597334991,35.342102780999745
-99.1093105,19.4614893,000,95000.0,494.7916666666667,192.0,3,2.0,5.3577698378700696,1.848347593530712,0.5,18149.62299096342,-80.89513369372271
-99.1625655,19.4183227,Cuauhtémoc,42500.0,369.5652173913044,115.0,1,1.0,6.12688142893137,0.7380132933302486,0.830531038273375,21253.928473036045,-49.99075653403284
-99.1914848,19.4335015,Miguel Hidalgo,79000.0,438.8888888888889,180.0,3,3.0,5.366932188676541,0.9567553399573444,0.8585849060226639,28323.893294088182,-64.14697051381243
-99.1743711,19.3890898,Benito Juárez,30000.0,333.3333333333333,90.0,2,2.0,5.938931365859314,0.8152485360415304,0.933319961735651,24468.64126840797,-18.437862438640103
-99.2039742,19.4417323,Plaza Carso Sn,43500.0,543.75,80.0,1,1.0,5.363084632250245,1.3503603631928267,0.5,26984.590247203374,-37.96645920183133
-99.2039742,19.4417323,Miguel Hidalgo,36000.0,433.73493975903614,83.0,1,1.0,6.356354502982387,1.0771466129332061,0.8585849060226639,21856.047164769447,-39.28875787564042
-99.1743711,19.3890898,Benito Juárez,35000.0,364.5833333333333,96.0,2,2.0,5.368232043795848,0.8916780862954239,0.933319961735651,34072.24453779219,-2.650729892022313
-99.2922119,19.3536918,Cuajimalpa de Morelos,19000.0,351.85185185185185,54.0,2,1.0,5.331402753831548,1.1664205895930246,0.49427437331671703,34952.19498983965,83.95892099915605
-99.1816725,19.4453949,Miguel Hidalgo,58600.0,454.26356589147287,129.0,3,3.0,5.842150243703682,2.146550798200763,0.8585849060226639,26038.389703308945,-55.56588787831238
-99.1743711,19.3890898,Benito Juárez,27000.0,421.875,64.0,1,1.0,6.009670690066303,1.031798928427562,0.933319961735651,38819.98754608262,43.77773165215786
-99.1855297,19.3915073,Benito Juárez,19000.0,211.11111111111111,90.0,2,1.0,5.967951366066259,0.6828116098136885,0.933319961735651,15001.324393129758,-21.045661088790744
-99.1539172,19.4360737,Cuauhtémoc,47000.0,534.0909090909091,88.0,2,2.0,5.960001860397526,1.1885143123780837,0.830531038273375,26499.68309029924,-43.61769555255481
-99.176429,19.4148639,Cuauhtémoc,60000.0,348.83720930232556,172.0,3,2.0,6.13487316543708,0.7050543941937463,0.830531038273375,55220.06241110744,-7.9665626481542615
-99.1233303,19.4158419,000,81000.0,368.1818181818182,220.0,3,3.0,5.377665741067724,2.817483840753715,0.5,27357.115911342196,-66.22578282550347
-99.190915,19.43353,Miguel Hidalgo,77000.0,450.2923976608187,171.0,2,2.0,5.733521806424328,0.8953365125043543,0.8585849060226639,25799.549429517716,-66.49409164997698
-99.2541091,19.3831073,Granjas Palo Alto,22000.0,338.46153846153845,65.0,1,1.0,5.3562872406504844,1.1321606954553403,0.5,12008.568130315292,-45.415599407657766
-99.1625655,19.4183227,Cuauhtémoc,35000.0,318.1818181818182,110.0,2,1.0,6.179995019789739,0.6354018193912835,0.830531038273375,21985.32919395008,-37.1847737315712
-99.164216,19.4343524,San Rafael,54200.0,536.6336633663366,101.0,3,2.0,5.3822829161979575,0.9814689111381975,0.5,26504.250880255735,-51.09916811760935
-99.1614649,19.4426101,San Rafael,28900.0,656.8181818181819,44.0,1,1.0,6.3729054327909145,1.408921079436486,0.5,21907.933568818746,-24.194001491976657
-99.2341742,19.4031893,Miguel Hidalgo,35000.0,318.1818181818182,110.0,2,1.0,5.285751214762795,1.210917706684447,0.8585849060226639,25098.862091910356,-28.2889654516847
-99.190915,19.43353,Miguel Hidalgo,95000.0,431.8181818181818,220.0,3,2.0,5.6671316582642755,0.8586034029299431,0.8585849060226639,22884.672212291996,-75.9108713554821
-99.1276718,19.4057441,000,75000.0,416.6666666666667,180.0,1,1.0,5.341222966568006,3.4745460347178168,0.5,15945.698290988332,-78.73906894534889
-99.1539172,19.4360737,Cuauhtémoc,43000.0,190.26548672566372,226.0,1,1.0,5.956536879117745,0.42339843325538207,0.830531038273375,31710.539225401793,-26.254559940926065
-99.1539172,19.4360737,Cuauhtémoc,37000.0,229.8136645962733,161.0,3,3.0,6.078734992564772,0.5114051276731915,0.830531038273375,11834.543757673291,-68.01474660088299
-99.1918853,19.4268288,Miguel Hidalgo,75000.0,576.9230769230769,130.0,2,2.0,5.379010909467608,1.5774785010895278,0.8585849060226639,51643.00847883976,-31.14265536154699
-99.2996246,19.3572429,Cuajimalpa de Morelos,50300.0,335.3333333333333,150.0,3,3.0,5.3835402189181485,1.3450337444962759,0.49427437331671703,75779.71325244832,50.65549354363482
-99.2014215,19.442902,Miguel Hidalgo,68000.0,566.6666666666666,120.0,2,2.0,6.082666633058397,1.1398292629914912,0.8585849060226639,45493.01760949193,-33.09850351545304
-99.1614649,19.4426101,San Rafael,27700.0,728.9473684210526,38.0,1,1.0,6.324441744530299,1.5636432449619277,0.5,43459.853095624945,56.89477651850161
-99.1614649,19.4426101,San Rafael,29800.0,562.2641509433962,53.0,1,1.0,6.384931923832157,1.2060960497206503,0.5,9743.640331895689,-67.30322036276615
-99.2651314,19.3865976,Cuajimalpa de Morelos,56000.0,264.1509433962264,212.0,2,2.0,5.681495099991293,1.1580972156046376,0.49427437331671703,12274.072521238522,-78.0820133549312
-99.2014215,19.442902,Miguel Hidalgo,36000.0,480.0,75.0,1,1.0,6.060349761888868,0.9655024345339691,0.8585849060226639,35821.6998963404,-0.49527806572112043
-99.2187752,19.4482601,Miguel Hidalgo,31000.0,373.49397590361446,83.0,2,2.0,5.382297723510608,1.009979150631917,0.8585849060226639,19393.53833054215,-37.440198933735005
-99.1855297,19.3915073,Benito Juárez,30000.0,348.83720930232556,86.0,2,2.0,5.888282962531744,1.1282688779051155,0.933319961735651,70021.49804562975,133.4049934854325
-99.1963927,19.4293791,Polanco I Sección,85000.0,215.73604060913706,394.0,3,3.0,5.350014586577484,0.566055587272245,0.5,37582.74713484192,-55.78500337077421
-99.163524,19.4057668,Cuauhtémoc,28000.0,311.1111111111111,90.0,1,1.0,5.36068614011369,0.6429612376438807,0.830531038273375,35826.4407358198,27.95157405649929
-99.2014215,19.442902,Miguel Hidalgo,38000.0,74.07407407407408,513.0,1,1.0,6.176171465979677,0.14899728927993353,0.8585849060226639,19128.376218552665,-49.66216784591404
-99.1669366,19.4214118,Roma Norte,30000.0,333.3333333333333,90.0,2,2.0,5.354392168951935,0.648284912072541,0.5,41180.89484431537,37.26964948105124
-99.190915,19.43353,Miguel Hidalgo,140000.0,560.0,250.0,2,3.0,5.6484819061264195,1.1134730446417789,0.8585849060226639,33177.92247468729,-76.30148394665194
-99.1906167,19.4071156,Miguel Hidalgo,85000.0,548.3870967741935,155.0,2,2.0,5.377852507715209,1.382453237833605,0.8585849060226639,11467.357880798618,-86.50899072847221
-99.1609858,19.3698638,Benito Juárez,27500.0,366.6666666666667,75.0,2,2.0,6.060252001818249,1.022612323991063,0.933319961735651,27502.04094987614,0.0074216359132366376
-99.1614649,19.4426101,San Rafael,25800.0,697.2972972972973,37.0,1,1.0,6.366214900113118,1.495751621973533,0.5,39527.01070598382,53.20546785265046
-99.272261,19.3581682,Cuajimalpa de Morelos,95000.0,354.4776119402985,268.0,3,3.0,5.911740196815444,1.0045207701136425,0.49427437331671703,36800.88500814737,-61.2622263072133
-99.1636016,19.386924,Benito Juárez,47500.0,200.42194092827003,237.0,3,3.0,5.815469413697334,0.6438761241470908,0.933319961735651,42341.56541231144,-10.85986228987066
-99.1926322,19.4402557,Granada,42000.0,446.8085106382979,94.0,1,1.0,5.3440627164586605,0.9260179233269392,0.5,16867.469859632412,-59.83935747706568
-99.1654306,19.4259131,Juárez,25000.0,568.1818181818181,44.0,1,1.0,6.261909628581522,1.0323714325323397,0.5,37110.001669077785,48.440006676311135
-99.157701,19.3718796,Benito Juárez,27000.0,245.45454545454547,110.0,3,2.0,5.868372794290784,0.7518597358132552,0.933319961735651,28130.653787818264,4.187606621549127
-99.1501539,19.393107,Benito Juárez,29000.0,386.6666666666667,75.0,2,2.0,5.83883008177227,1.660297202192055,0.933319961735651,24310.572978466775,-16.170438005286982
-99.2996246,19.3572429,Cuajimalpa de Morelos,68000.0,234.48275862068965,290.0,3,3.0,5.37276443692407,0.9405185571990138,0.49427437331671703,42831.86863160524,-37.01195789469818
-99.2013952,19.442337,Miguel Hidalgo,44000.0,494.3820224719101,89.0,2,2.0,5.386859213850577,1.0139773045821436,0.8585849060226639,12761.227353230877,-70.99721056083892
-99.1922341,19.4279498,Miguel Hidalgo,7000.0,33.333333333333336,210.0,3,3.0,5.3657451563726415,0.0936667385114914,0.8585849060226639,40602.06292904681,480.0294704149545
-99.1624218,19.4379452,Cuauhtémoc,46000.0,455.44554455445547,101.0,3,2.0,6.19505876917316,1.0258441228902568,0.830531038273375,30501.3762489468,-33.69266032837652
-99.271203,19.3674955,Paseo De Las Lomas,35000.0,291.6666666666667,120.0,3,2.0,5.36953753337382,0.892345227286859,0.5,18676.176309685135,-46.63949625804247
-99.2156265,19.4514541,Lomas De Sotelo,20000.0,416.6666666666667,48.0,1,1.0,5.3432559422025285,1.0143544041801476,0.5,53791.55298878123,168.95776494390614
-99.190915,19.43353,Miguel Hidalgo,150000.0,441.1764705882353,340.0,4,3.0,5.6598163212957795,0.8772109070182081,0.8585849060226639,10755.852487064001,-92.82943167529068
-99.2512769,19.388056,Bosques De Las Lomas,6500.0,13.541666666666666,480.0,3,4.0,5.360453752981004,0.039728886525740734,0.5,24917.91152018889,283.35248492598294
-99.1614649,19.4426101,San Rafael,23100.0,607.8947368421053,38.0,1,1.0,6.375921017372499,1.3039768577119326,0.5,44157.50372524797,91.15802478462324
-99.1672369,19.1923262,000,31000.0,373.49397590361446,83.0,2,2.0,6.116997425896543,1.0729307263389003,0.5,92775.55111279478,199.27597133159608
-99.176429,19.4148639,Cuauhtémoc,55000.0,500.0,110.0,2,2.0,6.150392196945091,1.0105779650110362,0.830531038273375,17393.57813247836,-68.37531248640299
-99.2773211,19.3640324,El Yaqui,24000.0,500.0,48.0,1,1.0,5.986843406507166,1.3304981448620288,0.5,56608.336037355766,135.86806682231568
-99.190915,19.43353,Miguel Hidalgo,100000.0,476.1904761904762,210.0,3,2.0,5.643311195131509,0.9468308202736214,0.8585849060226639,50976.470211070715,-49.02352978892929
-99.1625655,19.4183227,Cuauhtémoc,30000.0,600.0,50.0,1,1.0,6.164070424733197,1.1981862879949916,0.830531038273375,22451.9857636102,-25.16004745463267
-99.19682,19.4408663,Granada,94000.0,522.2222222222222,180.0,3,3.0,5.3745064937407045,1.0389676602495874,0.5,18884.948758897863,-79.90962897989588
-99.1704164,19.4291735,Cuauhtémoc,41000.0,532.4675324675325,77.0,1,1.0,5.374919070485002,1.2539885762375829,0.830531038273375,47601.270026158025,16.100658600385426
-99.12984,19.4468471,Cuauhtémoc,16000.0,275.86206896551727,58.0,1,1.0,5.349156092136846,2.20643999540768,0.830531038273375,40531.32229261111,153.32076432881945
-99.1633037,19.4058335,Cuauhtémoc,36000.0,295.08196721311475,122.0,2,2.0,6.141659816700816,0.593414630169403,0.830531038273375,34808.1353618151,-3.310735106069175
-99.1440487,19.4132002,Obrera,17500.0,296.6101694915254,59.0,2,1.0,5.387432800848204,1.6237023271005508,0.5,11514.276382407023,-34.20413495767416
-99.272261,19.3581682,Cuajimalpa de Morelos,65000.0,295.45454545454544,220.0,2,2.0,5.877213697379817,0.8372608524105095,0.49427437331671703,75535.71611800477,16.208794027699646
-99.1743711,19.3890898,Del Valle Sur,36000.0,400.0,90.0,2,2.0,5.371165882633841,0.9782982432498365,0.5,43235.42652786652,20.098407021851443
-99.2136879,19.4156998,Miguel Hidalgo,45000.0,523.2558139534884,86.0,1,2.0,6.354818436628894,1.7908744439408808,0.8585849060226639,13906.665465864528,-69.0962989647455
-99.1476839,19.4332704,Cuauhtémoc,48000.0,240.0,200.0,4,3.0,6.267589065604837,0.44212949785085676,0.830531038273375,16218.547026184597,-66.21136036211543
-99.1331785,19.4326296,Cuauhtémoc,19000.0,292.3076923076923,65.0,2,2.0,5.358202889590081,0.711872366454285,0.830531038273375,48313.955131714036,154.2839743774423
-99.1626098,19.4113254,Cuauhtémoc,35000.0,411.7647058823529,85.0,2,2.0,5.392513562615777,0.8283953671218293,0.830531038273375,71875.7986134388,105.35942460982514
-99.2014215,19.442902,Miguel Hidalgo,38000.0,506.6666666666667,75.0,1,1.0,6.182821734477224,1.0191414586747451,0.8585849060226639,23466.261344901654,-38.24668067131144
-99.2612571,19.3610393,Álvaro Obregón,36000.0,428.57142857142856,84.0,2,2.0,5.817684891485524,1.2050841236398884,0.0,16334.39490727624,-54.62668081312155
-99.1654306,19.4259131,Juárez,30000.0,461.53846153846155,65.0,1,1.0,6.285554224226926,0.8386032559647314,0.5,11893.810066893793,-60.353966443687355
-99.1712126,19.4093714,Cuauhtémoc,50000.0,357.14285714285717,140.0,3,3.0,6.162010866192412,0.8036069941420014,0.830531038273375,12960.03763796876,-74.07992472406248
-99.1672369,19.1923262,000,31000.0,455.88235294117646,68.0,2,2.0,5.909815805633307,1.3096066218548343,0.5,17667.74262651526,-43.00728184995077
-99.0996642,19.3304263,000,12000.0,240.0,50.0,1,1.0,5.351429919096439,1.6028860223104573,0.5,23284.561107197303,94.03800922664419
-99.1959132,19.4306295,Miguel Hidalgo,34000.0,357.89473684210526,95.0,2,1.0,5.365343327366106,1.041874123582115,0.8585849060226639,10514.05262246863,-69.07631581626875
-99.2612571,19.3610393,Álvaro Obregón,70000.0,224.35897435897436,312.0,2,2.0,5.788937856386872,0.6308666886576338,0.0,13065.160196214838,-81.33548543397879
-99.2298654,19.2841671,Jardines En La Montaña,95000.0,250.0,380.0,3,3.0,5.398347999734227,1.2260373032402268,0.5,13755.099872739765,-85.5209475023792
-99.2014215,19.442902,Ampliación Granada,60000.0,500.0,120.0,2,3.0,5.365638785235386,1.0057317026395511,0.5,20089.500238611017,-66.51749960231498
-99.1130228,19.4633372,000,60000.0,500.0,120.0,2,3.0,6.132527633436861,1.8237402288916664,0.5,30101.620477252116,-49.83063253791314
-99.1633037,19.4058335,Cuauhtémoc,70000.0,357.14285714285717,196.0,3,3.0,6.202928846346785,0.7182200881018569,0.830531038273375,22948.68283873933,-67.21616737322952
-99.1614649,19.4426101,San Rafael,36300.0,465.38461538461536,78.0,2,2.0,6.387937027539629,0.9982826493106003,0.5,12682.98981133045,-65.06063412856625
-99.1492813,19.3682616,Benito Juárez,42000.0,432.9896907216495,97.0,2,2.0,5.543681976292052,2.4041000785721547,0.933319961735651,93231.02182773565,121.97862339937058
-99.1701792,19.3044491,Coyoacán,25000.0,301.2048192771084,83.0,2,2.0,5.481215431078111,1.2921785635301426,0.750956198657275,17664.53868437891,-29.341845262484362
-99.190915,19.43353,Miguel Hidalgo,95000.0,271.42857142857144,350.0,2,2.0,5.625496361739306,0.5396935675559642,0.8585849060226639,48909.00919026283,-48.516832431302284
-99.1614649,19.4426101,San Rafael,52700.0,521.7821782178218,101.0,2,2.0,6.342975895372373,1.1192593781894973,0.5,45967.142160294556,-12.775821327714315
-99.2068504,19.4437538,Miguel Hidalgo,50000.0,490.19607843137254,102.0,2,2.0,6.273223072307423,1.3290165800303615,0.8585849060226639,59233.95182559901,18.46790365119802
-99.1331785,19.4326296,Cuauhtémoc,31300.0,1009.6774193548387,31.0,1,1.0,6.097013713485519,2.458920763244894,0.830531038273375,37197.57697373659,18.842098957624895
-99.1757027,19.3060161,Coyoacán,41000.0,372.72727272727275,110.0,3,3.0,5.955285239551589,1.4251668582067423,0.750956198657275,42928.55512425438,4.703792985986294
-99.1614649,19.4426101,San Rafael,34400.0,484.50704225352115,71.0,2,2.0,6.393272896337761,1.039301596488652,0.5,64066.4949317187,86.23981084801947
-99.1614649,19.4426101,San Rafael,40200.0,566.1971830985915,71.0,2,2.0,6.3559907112337015,1.2145326796175526,0.5,94166.47011416862,134.24495053275777
-99.2996246,19.3572429,Cuajimalpa de Morelos,78000.0,493.67088607594934,158.0,2,2.0,5.372787277753572,1.9801312140582363,0.49427437331671703,60767.24423631938,-22.093276620103364
-99.1331785,19.4326296,Cuauhtémoc,31000.0,258.3333333333333,120.0,4,2.0,6.284083980467101,0.6291328150900807,0.830531038273375,132986.89179839217,328.98997354320056
-99.1587376,19.3788814,Benito Juárez,50000.0,211.864406779661,236.0,2,2.0,5.927020013209668,0.7754415192566355,0.933319961735651,42453.355753436525,-15.093288493126952
-99.190915,19.43353,Miguel Hidalgo,80000.0,490.79754601226995,163.0,2,2.0,5.744403161699125,0.9758747104660638,0.8585849060226639,25712.17290811691,-67.85978386485387
-99.2341742,19.4031893,Miguel Hidalgo,20000.0,200.0,100.0,1,1.0,5.7764851042312415,0.761148272773081,0.8585849060226639,69539.51988048964,247.6975994024482
-99.1934933,19.4380035,Granada,86000.0,485.8757062146893,177.0,3,3.0,5.378575709755137,1.0799064111642265,0.5,42511.746205412615,-50.56773697045045
-99.1440954,19.4347645,Cuauhtémoc,27000.0,627.9069767441861,43.0,1,1.0,5.379600733959992,1.5397471175876973,0.830531038273375,28000.136892040824,3.704210711262311
-99.1331785,19.4326296,Cuauhtémoc,29000.0,580.0,50.0,1,1.0,6.172511474508553,1.4125046429119232,0.830531038273375,43956.91466535836,51.57556781158055
-99.1906167,19.4071156,Miguel Hidalgo,30000.0,428.57142857142856,70.0,1,1.0,5.351849688901349,1.0804046312481115,0.8585849060226639,70502.38577951139,135.00795259837128
-99.1712126,19.4093714,Cuauhtémoc,35000.0,437.5,80.0,2,2.0,6.044779265803834,0.9844185678239517,0.830531038273375,17050.838990542336,-51.28331716987904
-99.190915,19.43353,Miguel Hidalgo,100000.0,526.3157894736842,190.0,3,2.0,5.6781579395973765,1.0464972224076867,0.8585849060226639,45180.84018570445,-54.819159814295546
-99.2612571,19.3610393,Álvaro Obregón,23500.0,286.5853658536585,82.0,1,1.0,5.784484152847581,0.8058387737348034,0.0,25848.14868702524,9.992122072447835
-99.1634845,19.3585922,Xoco,30000.0,405.4054054054054,74.0,2,2.0,5.369336683637463,1.5616855539244427,0.5,32251.40154206979,7.504671806899302
-99.1533131,19.4346956,Tabacalera,47000.0,534.0909090909091,88.0,2,2.0,5.327781236636326,1.2043204891763206,0.5,43091.83997392907,-8.315234098023257
-99.267075,19.3667625,Cuajimalpa de Morelos,67000.0,387.28323699421964,173.0,3,2.0,5.3560854059913545,1.2252941379509252,0.49427437331671703,26329.711446799593,-60.70192321373196
-99.2136879,19.4156998,Miguel Hidalgo,94000.0,626.6666666666666,150.0,2,2.0,6.274117124682233,2.1448042970100856,0.8585849060226639,16367.398710756674,-82.58787371196098
-99.1700168,19.4066683,Cuauhtémoc,35000.0,437.5,80.0,2,2.0,5.359551407766664,0.9640514196028239,0.830531038273375,32527.736467938506,-7.063610091604268
-99.1997832,19.4329664,Miguel Hidalgo,55000.0,785.7142857142857,70.0,1,1.0,5.4010878831057445,1.3686704232407187,0.8585849060226639,42810.53274007041,-22.162667745326527
-99.1400119,19.3665078,Benito Juárez,26000.0,371.42857142857144,70.0,2,2.0,5.383764259560762,2.1079245078583444,0.933319961735651,19375.37626973056,-25.47932203949784
-99.1712126,19.4093714,Cuauhtémoc,27000.0,540.0,50.0,1,1.0,6.02739041840454,1.2150537751427062,0.830531038273375,48661.88681071045,80.2292104100387
-99.190915,19.43353,Miguel Hidalgo,65000.0,747.1264367816092,87.0,2,1.0,5.666965595061336,1.485544907670682,0.8585849060226639,23538.763199356606,-63.78651815483599
-99.2014215,19.442902,Ampliación Granada,77000.0,534.7222222222222,144.0,3,3.0,5.333984337977725,1.07557418198952,0.5,18395.302263968842,-76.10999705978072
-99.2453489,19.4005527,Bosque De Las Lomas,56000.0,294.7368421052632,190.0,2,2.0,5.458439980468454,1.053194953992383,0.5,59612.12341742353,6.450220388256302
-99.1476839,19.4332704,Cuauhtémoc,40000.0,314.96062992125985,127.0,2,2.0,6.280261808049333,0.5802224381244839,0.830531038273375,24100.019739506904,-39.74995065123274
-99.1990176,19.3921085,Bosques De Santa Fe,20800.0,562.1621621621622,37.0,1,1.0,6.261291641417663,2.0751465318117885,0.5,119047.23903516111,472.3424953613515
-99.2118288,19.291901,Tlalpan,25500.0,231.8181818181818,110.0,2,2.0,5.353368651046035,1.1824579244950735,0.3919311241687132,21896.81177839779,-14.130149888636115
-99.1926322,19.4402557,Miguel Hidalgo,45000.0,323.7410071942446,139.0,3,2.0,6.0582252869218065,0.6709585158740926,0.8585849060226639,19354.868141304756,-56.98918190821165
-99.0226059,19.372696,Del Valle Norte,47000.0,199.15254237288136,236.0,2,2.0,5.382060399905579,1.5487286540570524,0.5,43228.049565276386,-8.025426456858755
-99.1515438,19.4312045,Cuauhtémoc,19500.0,629.0322580645161,31.0,1,1.0,6.231746263943421,1.185568724732391,0.830531038273375,15164.106179378203,-22.235352926265627
-99.1654306,19.4259131,Juárez,35200.0,541.5384615384615,65.0,1,1.0,6.262438258804688,0.9839611536652849,0.5,12864.028884935908,-63.45446339506845
-99.1795821,19.4092659,Cuauhtémoc,29000.0,527.2727272727273,55.0,1,1.0,6.251954497308569,1.1975297370775306,0.830531038273375,54754.354802994836,88.80812001032702
-99.2993588,19.3465983,Cuajimalpa de Morelos,30000.0,375.0,80.0,2,2.0,5.8127920898475445,1.1217365289934256,0.49427437331671703,22496.565487806234,-25.011448373979217
-99.1624218,19.4379452,Cuauhtémoc,32000.0,304.76190476190476,105.0,1,1.0,6.231815036784942,0.6864447629774968,0.830531038273375,41748.17245892449,30.463038934139036
-99.1476839,19.4332704,Cuauhtémoc,21000.0,525.0,40.0,1,1.0,6.194133661583572,0.9671582765487491,0.830531038273375,58324.76164149073,177.73696019757492
-99.1913483,19.4415792,Miguel Hidalgo,46000.0,522.7272727272727,88.0,2,2.0,5.361500384778223,1.1462836246628605,0.8585849060226639,132149.37387600171,187.28124755652547
-99.1712126,19.4093714,Cuauhtémoc,37500.0,340.90909090909093,110.0,1,1.0,6.090020168863396,0.7670794034991832,0.830531038273375,16820.903961392705,-55.14425610295278
-99.250823,19.3687441,Álvaro Obregón,85000.0,278.6885245901639,305.0,3,3.0,5.77772389974831,1.0849082837739055,0.0,22911.84742748069,-73.04488537943448
-99.1625655,19.4183227,Cuauhtémoc,29000.0,322.22222222222223,90.0,2,1.0,6.183499748014022,0.6434704139232362,0.830531038273375,15317.297847038351,-47.181731561936715
-99.1515438,19.4312045,Cuauhtémoc,37000.0,528.5714285714286,70.0,2,2.0,6.211152738281878,0.9962251481817234,0.830531038273375,15495.48559472202,-58.120309203454
-99.1624218,19.4379452,Cuauhtémoc,20200.0,631.25,32.0,1,1.0,6.1395430360141745,1.421825529565694,0.830531038273375,37038.93480535582,83.3610633928506
-99.1331785,19.4326296,Cuauhtémoc,40000.0,347.82608695652175,115.0,1,2.0,6.281644237801876,0.8470792461240919,0.830531038273375,36158.90564229096,-9.602735894272591
-99.2882542,19.3571063,Cuajimalpa de Morelos,18000.0,360.0,50.0,1,1.0,5.666807616912476,1.2389314037420236,0.49427437331671703,18975.38382121661,5.418799006758935
-99.1926322,19.4402557,Miguel Hidalgo,45000.0,535.7142857142857,84.0,2,2.0,6.145636949449208,1.110276591744034,0.8585849060226639,50858.95104618969,13.019891213754875
-99.1331785,19.4326296,Cuauhtémoc,192600.0,1013.6842105263158,190.0,2,2.0,6.116496668320963,2.4686787134740147,0.830531038273375,35698.07953331208,-81.46517158187329
-99.1712126,19.4093714,Cuauhtémoc,39500.0,359.09090909090907,110.0,2,2.0,6.1591712925008055,0.8079903050191395,0.830531038273375,47906.52408138739,21.282339446550356
-99.1501539,19.393107,Benito Juárez,46800.0,368.503937007874,127.0,2,2.0,5.876172994751451,1.5823087645110272,0.933319961735651,83580.87165555847,78.59160610162066
-99.1476839,19.4332704,Cuauhtémoc,19500.0,527.027027027027,37.0,1,1.0,6.190501990103599,0.9708924783887055,0.830531038273375,19260.697913487147,-1.2271901872453992
-99.190915,19.43353,Miguel Hidalgo,90000.0,600.0,150.0,2,2.0,5.643552067804037,1.193006833544763,0.8585849060226639,27267.75150188662,-69.70249833123708
-99.1717664,19.404567,Condesa,65000.0,670.1030927835052,97.0,2,2.0,5.354092881795918,1.9347171258515,0.5,59213.53899123655,-8.902247705789923
-99.176429,19.4148639,Cuauhtémoc,75000.0,635.5932203389831,118.0,2,2.0,5.385513800505614,1.2846330063699616,0.830531038273375,18537.598398481536,-75.28320213535795
-99.202542,19.4442963,Miguel Hidalgo,40500.0,578.5714285714286,70.0,1,1.0,5.8269944460714225,1.336852094878642,0.8585849060226639,14950.562821590695,-63.08503007014643
-99.1875804,19.4344258,Miguel Hidalgo,32000.0,266.6666666666667,120.0,2,1.0,5.358340701546301,0.6646952833590811,0.8585849060226639,51209.67461382665,60.03023316820829
-99.1332,19.4326,Conecta Al Abc ($38,38000.0,299.21259842519686,127.0,3,3.0,5.3664663699285695,1.0029411570981948,0.5,13747.42666827372,-63.82256139927968
-99.2095072,19.4344621,Miguel Hidalgo,48800.0,717.6470588235294,68.0,2,2.0,6.132841882060544,2.6622701291351065,0.8585849060226639,34244.91842276434,-29.82598683859766
-99.1906167,19.4071156,Miguel Hidalgo,26000.0,371.42857142857144,70.0,1,1.0,5.3692145333492975,0.93635068041503,0.8585849060226639,40210.6831011112,54.65647346581232
-99.1476839,19.4332704,Cuauhtémoc,32000.0,666.6666666666666,48.0,1,1.0,6.168144529669913,1.2281374940301575,0.830531038273375,18136.903622372294,-43.32217618008658
-99.1771646,19.4320972,Miguel Hidalgo,46200.0,481.25,96.0,2,2.0,5.8341196644774325,1.1852717066106067,0.8585849060226639,35474.11731739858,-23.216196282687054
-99.190915,19.43353,Miguel Hidalgo,90000.0,321.42857142857144,280.0,3,3.0,5.660404825139387,0.6391108036846945,0.8585849060226639,19300.69224950249,-78.55478638944167
-99.1906167,19.4071156,Miguel Hidalgo,30000.0,361.4457831325301,83.0,2,2.0,5.359454388964561,0.9111846287634674,0.8585849060226639,20505.54188401791,-31.64819371994029
-99.1624218,19.4379452,Cuauhtémoc,38400.0,498.7012987012987,77.0,2,2.0,6.18554787506675,1.1232732485086312,0.830531038273375,20527.308027734678,-46.54346867777427
-99.2014215,19.442902,Miguel Hidalgo,90000.0,375.0,240.0,3,3.0,6.137493975124468,0.7542987769796634,0.8585849060226639,10964.870789252314,-87.8168102341641
-99.1738081,19.3896634,Benito Juárez,40500.0,578.5714285714286,70.0,2,2.0,6.075167056492997,1.4356611575421883,0.933319961735651,45827.29048653134,13.153803670447752
-99.2127676,19.3634921,Lomas De Tarango,22000.0,297.2972972972973,74.0,2,2.0,5.801334150308589,1.033082445089171,0.5,14135.974877972509,-35.7455687364886
-99.2993588,19.3465983,Cuajimalpa de Morelos,40000.0,285.7142857142857,140.0,2,2.0,5.81821489568808,0.85465640304261,0.49427437331671703,35991.74967934205,-10.020625801644874
-99.2150977,19.4497398,Miguel Hidalgo,20800.0,433.3333333333333,48.0,1,1.0,6.071924424193818,1.036020174404666,0.8585849060226639,35362.67967454889,70.01288305071581
-99.1906167,19.4071156,Miguel Hidalgo,50000.0,333.3333333333333,150.0,2,2.0,5.407049331386446,0.8403147131929756,0.8585849060226639,62858.86125120879,25.717722502417583
-99.1489143,19.3616941,Benito Juárez,23000.0,302.63157894736844,76.0,2,2.0,5.364453747587572,1.903932347564717,0.933319961735651,51000.20792957302,121.74003447640445
-99.2062755,19.4357865,Polanco,50000.0,238.0952380952381,210.0,2,2.0,5.366915799475835,0.4821888223985379,0.5,64723.88654647692,29.447773092953838
-99.2480389,19.382527,Santa Fe,25000.0,500.0,50.0,1,1.0,5.384737000847121,1.6584108434740215,0.5,32820.65258467678,31.282610338707133
-99.2684877,19.3608929,Cuajimalpa de Morelos,58000.0,495.7264957264957,117.0,3,2.0,5.377437454383713,1.4559386289535048,0.49427437331671703,32553.544099979757,-43.87319982762111
-99.1883397,19.3930643,San Pedro De Los Pinos,21500.0,438.7755102040816,49.0,1,1.0,5.346169030743045,1.516615442717392,0.5,23441.352921992668,9.029548474384502
-99.2612571,19.3610393,Álvaro Obregón,36000.0,360.0,100.0,1,1.0,5.819540003905584,1.0122706638575063,0.0,24414.27719295866,-32.182563352892615
-99.2751709,19.3769798,Cuajimalpa de Morelos,60000.0,288.46153846153845,208.0,3,3.0,5.252089416871956,1.0771104175848516,0.49427437331671703,16466.42209129833,-72.55596318116945
-99.2637015,19.3661536,Álvaro Obregón,39000.0,390.0,100.0,1,1.0,5.799741849053872,1.1850930935679118,0.0,26311.741554523942,-32.53399601404117
-99.1476839,19.4332704,Cuauhtémoc,35600.0,508.57142857142856,70.0,2,2.0,6.230123371991927,0.9368934597315773,0.830531038273375,26809.096625835624,-24.693548803832517
-99.1771646,19.4320972,Miguel Hidalgo,38000.0,253.33333333333334,150.0,2,2.0,6.025698350822779,0.6239352360339817,0.8585849060226639,23411.075165584276,-38.39190745898875
-99.1579016,19.3905208,Benito Juárez,33000.0,358.69565217391306,92.0,2,2.0,5.88103479177909,1.1990609075481733,0.933319961735651,36944.60092939819,11.95333614969149
-99.2651314,19.3865976,Cuajimalpa de Morelos,90000.0,329.6703296703297,273.0,3,4.0,5.655018592056165,1.445348958250686,0.49427437331671703,51808.23808094614,-42.435291021170954
-99.1051396,19.4024446,Iztacalco,12900.0,226.31578947368422,57.0,2,1.0,5.341292908446736,1.325720344251647,0.7626118203348291,31362.436286740274,143.1196611375215
-99.1094928,19.4172708,000,19000.0,475.0,40.0,1,1.0,5.38533800446435,3.7602908357070044,0.5,29533.216391589922,55.43798100836801
-99.1602096,19.4683522,Del Gas,24000.0,300.0,80.0,2,2.0,5.371456428796594,1.5158258110892644,0.5,20279.24169130631,-15.503159619557042
-99.2127676,19.3634921,Lomas De Tarango,22000.0,349.2063492063492,63.0,2,2.0,5.788141413826823,1.21346191962855,0.5,29464.856256732335,33.9311648033288
-99.2453489,19.4005527,Miguel Hidalgo,90000.0,329.6703296703297,273.0,3,4.0,4.154709561499593,1.1780241832332385,0.8585849060226639,16888.607880575455,-81.23488013269395
-98.9705168,19.322674,500,5500.0,23.91304347826087,230.0,3,1.0,5.376883626663299,0.20427709688481976,0.5,25676.451309704727,366.8445692673587
-99.2014215,19.442902,Miguel Hidalgo,38000.0,542.8571428571429,70.0,1,1.0,6.072698600329332,1.0919372771515128,0.8585849060226639,31254.840018471572,-17.75042100402218
-99.1670105,19.3829999,Del Valle Centro,27500.0,398.5507246376812,69.0,2,2.0,5.353083712904635,1.2771827323010299,0.5,38412.54235125311,39.681972186374956
-99.1406722,19.2234186,000,26000.0,541.6666666666666,48.0,1,1.0,5.382430438059705,1.7019832672519155,0.5,21999.76108274195,-15.385534297146354
-99.0705206,19.2862342,000,24000.0,500.0,48.0,1,1.0,5.361232933134436,3.7594901865764796,0.5,16761.772758368017,-30.159280173466595
-99.1160525,19.2512963,000,21000.0,437.5,48.0,1,1.0,5.361581928296173,2.0470826104073696,0.5,20914.68750690064,-0.4062499671398178
-99.1684376,19.1416217,800,38800.0,570.5882352941177,68.0,2,2.0,5.375076206365091,1.6163454208027643,0.5,15246.266401656969,-60.70549896480163
-99.1983253,19.427075,Miguel Hidalgo,90000.0,588.2352941176471,153.0,2,2.0,5.392893636004084,1.3429357521674952,0.8585849060226639,19471.270657729576,-78.36525482474491
-99.2014215,19.442902,Miguel Hidalgo,46000.0,560.9756097560976,82.0,2,2.0,6.198294427141927,1.1283819102785209,0.8585849060226639,20844.275726003732,-54.68635711738319
-99.1332,19.4326,Col. Polanco Iii Sección,90000.0,600.0,150.0,2,2.0,5.351457477295568,2.0111609518653273,0.5,16237.249646446246,-81.95861150394862
-99.2651314,19.3865976,Cuajimalpa de Morelos,70000.0,254.54545454545453,275.0,3,3.0,5.655687782497387,1.1159845895826508,0.49427437331671703,30274.31357659866,-56.75098060485906
-99.1926322,19.4402557,Miguel Hidalgo,49000.0,612.5,80.0,2,2.0,5.337585621910745,1.2694162365606791,0.8585849060226639,21241.12668658283,-56.650761864116674
-99.1983253,19.427075,Miguel Hidalgo,90000.0,600.0,150.0,2,2.0,6.38068532309275,1.369794467210845,0.8585849060226639,25055.853100610206,-72.16016322154421
-99.1736673,19.3863183,Insurgentes San Borja,42500.0,198.5981308411215,214.0,3,2.0,5.3740246818971205,0.8998868400436596,0.5,40080.589307233604,-5.692731041803285
-99.1331785,19.4326296,Cuauhtémoc,30000.0,250.0,120.0,2,2.0,6.205291635815886,0.6088382081516911,0.830531038273375,21748.52602316763,-27.504913256107905
-99.1563683,19.3914555,Narvarte Poniente,26000.0,305.88235294117646,85.0,2,2.0,5.356306918727549,1.0413128913899965,0.5,25441.689851294163,-2.1473467257916825
-99.1738081,19.3896634,Benito Juárez,25000.0,396.8253968253968,63.0,1,1.0,6.139626549524845,0.9846784345282499,0.933319961735651,84561.74334160706,238.24697336642822
-99.2642857,19.3661404,Santa Fe,30000.0,468.75,64.0,1,1.0,6.28192324509136,1.4678728743543723,0.5,20861.028908834967,-30.463236970550113
-99.2327418,19.4010801,Lomas De Chapultepec,87000.0,148.97260273972603,584.0,3,3.0,5.364037856390245,0.5614991219339965,0.5,37254.26290389857,-57.17900815643843
-99.1700123,19.3611655,Xoco,43000.0,413.46153846153845,104.0,2,2.0,5.346531210050512,1.0878425409057784,0.5,19438.23415012705,-54.79480430203012
-99.2541091,19.3831073,Granjas Palo Alto,52000.0,376.81159420289856,138.0,3,3.0,5.322129819314732,1.2604424079838767,0.5,22394.894740974756,-56.9328947288947
-99.267075,19.3667625,Cuajimalpa de Morelos,45000.0,326.0869565217391,138.0,3,2.0,5.343940700866463,1.0316801713116972,0.49427437331671703,14288.585776583444,-68.2475871631479
-99.2897836,19.3589134,Cuajimalpa de Morelos,25000.0,390.625,64.0,1,2.0,5.355057624657135,1.2510491264701789,0.49427437331671703,13342.8808556973,-46.6284765772108
-99.2512281,19.3356766,Olivar De Los Padres,70000.0,269.2307692307692,260.0,3,4.0,5.355812264282371,1.3315472107018678,0.5,26065.060590524216,-62.764199156393985
-99.1951637,19.4305785,Polanco,195000.0,493.67088607594934,395.0,4,3.0,5.385380543575075,1.4852616061797779,0.5,24782.51421442439,-87.29101835157724
-99.1824511,19.3676459,Mixcoac,73000.0,293.17269076305223,249.0,3,3.0,5.373773140221322,0.9923615035241531,0.5,59731.844797008576,-18.175555072590992
-99.2480389,19.382527,Santa Fe,33000.0,392.85714285714283,84.0,2,2.0,5.362123190467548,1.3030370913010167,0.5,25409.63422609704,-23.00110840576654
-99.1633037,19.4058335,Cuauhtémoc,65000.0,201.23839009287926,323.0,3,2.0,6.198102749859263,0.404693671933554,0.830531038273375,32276.53802221945,-50.343787658123915
-99.2127676,19.3634921,Lomas De Tarango,25000.0,357.14285714285717,70.0,2,2.0,5.814847845921285,1.2410405996201082,0.5,58541.850947671606,134.16740379068642
-99.2866403,19.3624038,Cuajimalpa de Morelos,36500.0,439.7590361445783,83.0,2,2.0,5.363354857067427,1.35605347825999,0.49427437331671703,23096.738520116858,-36.72126432844696
-99.1785675,19.4155161,Condesa,65000.0,1300.0,50.0,1,1.0,5.370801234054764,2.549246442462371,0.5,35554.05433827546,-45.3014548641916
-99.2403509,19.386435,Lomas De Santa Fe,70000.0,259.25925925925924,270.0,3,2.0,5.349206374223292,0.8871413172730923,0.5,56872.21606029689,-18.753977056718732
-99.1810604,19.429232,Rincón Del Bosque,110000.0,458.3333333333333,240.0,3,2.0,5.397414721791164,1.0752359562091043,0.5,69837.12933156957,-36.51170060766403
-99.2127676,19.3634921,Lomas De Tarango,17500.0,406.9767441860465,43.0,1,1.0,5.782102357178101,1.4142090553810533,0.5,21995.907727700476,25.69090130114558
-99.2011758,19.4284817,Polanco,80000.0,301.8867924528302,265.0,3,2.0,5.368827981778903,0.6781235588503952,0.5,29859.98196238187,-62.675022547022664
-99.1331785,19.4326296,Cuauhtémoc,35000.0,583.3333333333334,60.0,1,1.0,5.752769679055484,1.4206224856872791,0.830531038273375,12683.71876541693,-63.7608035273802
-99.1707383,19.4236722,Juárez,35000.0,406.9767441860465,86.0,2,2.0,5.376044628808253,0.8041724656150512,0.5,13749.900648205163,-60.71456957655668
-99.2127676,19.3634921,Lomas De Tarango,30000.0,329.6703296703297,91.0,3,2.0,5.850620542383887,1.145575938110869,0.5,36661.25988754601,22.204199625153368
-99.1539411,19.2989654,Coyoacán,31500.0,140.0,225.0,3,2.0,5.350960116478225,0.9953490609859429,0.750956198657275,13730.51412406065,-56.41106627282333
-99.2518942,19.3583747,Álvaro Obregón,18000.0,300.0,60.0,1,1.0,5.3386940076135465,0.8838614421881051,0.0,20541.743205628507,14.120795586825038
-99.1633037,19.4058335,Cuauhtémoc,37200.0,489.4736842105263,76.0,2,2.0,6.1242362562509145,0.9843395312722291,0.830531038273375,13775.539323656498,-62.96898031275134
-99.190915,19.43353,Polanco,60000.0,300.0,200.0,2,2.0,5.348570586913345,0.5965034167723815,0.5,44543.55227693015,-25.760746205116412
-99.196568,19.4339657,Miguel Hidalgo,90000.0,588.2352941176471,153.0,2,2.0,5.881714419405318,1.5061537021384965,0.8585849060226639,15830.901511903148,-82.41010943121871
-99.2651483,19.3894805,Cuajimalpa de Morelos,10000.0,11.11111111111111,900.0,4,4.0,5.359247030488134,0.045533900308522744,0.49427437331671703,49043.122037037014,390.43122037037017
-99.190915,19.43353,Miguel Hidalgo,90000.0,588.2352941176471,153.0,2,2.0,5.629779753028634,1.1696145426909441,0.8585849060226639,42059.144462557844,-53.26761726382462
-99.1906167,19.4071156,Miguel Hidalgo,55000.0,533.9805825242719,103.0,3,2.0,5.354988047230132,1.3461352201635046,0.8585849060226639,37558.93621234749,-31.711025068459104
-99.1738081,19.3896634,Benito Juárez,37000.0,373.73737373737373,99.0,2,2.0,6.077169864616919,0.9273880528829699,0.933319961735651,20915.979737197773,-43.47032503460061
-99.2779741,19.3631581,Cuajimalpa de Morelos,30000.0,375.0,80.0,2,2.0,5.942408066115816,0.9841349139804277,0.49427437331671703,20387.45578183331,-32.04181406055564
-99.1906167,19.4071156,Miguel Hidalgo,93000.0,324.0418118466899,287.0,2,2.0,5.360213264163319,0.8168913065534501,0.8585849060226639,10423.361483075241,-88.79208442680081
-99.1983253,19.427075,Miguel Hidalgo,90000.0,588.2352941176471,153.0,2,2.0,6.38549728111902,1.3429357521674952,0.8585849060226639,42171.77974129595,-53.142466954115605
-99.176429,19.4148639,Condesa,55000.0,500.0,110.0,2,2.0,5.39612945170277,1.0105779650110362,0.5,35020.38341996004,-36.32657560007266
-99.190915,19.43353,Miguel Hidalgo,5000.0,20.0,250.0,2,2.0,5.6592633108635955,0.0397668944514921,0.8585849060226639,12029.677946969601,140.59355893939204
-99.190915,19.43353,Miguel Hidalgo,75000.0,250.0,300.0,3,2.0,5.727865992248975,0.49708618064365123,0.8585849060226639,27162.879672870407,-63.782827102839455
-99.2014215,19.442902,Miguel Hidalgo,60000.0,508.47457627118644,118.0,2,3.0,6.071859929615228,1.0227780026842894,0.8585849060226639,29826.435680891318,-50.28927386518114
-99.190915,19.43353,Miguel Hidalgo,76000.0,400.0,190.0,3,2.0,5.603924759546567,0.795337889029842,0.8585849060226639,29230.58633128942,-61.53870219567181
-99.190915,19.43353,Miguel Hidalgo,65000.0,650.0,100.0,2,2.0,5.639033194233245,1.2924240696734932,0.8585849060226639,14012.076912412951,-78.44295859628777
-99.1411061,19.4079309,Obrera,8000.0,160.0,50.0,2,1.0,5.405768585464446,1.271964502923971,0.5,15585.454795419208,94.81818494274009
-99.1332,19.4326,El Jaguey,13200.0,227.58620689655172,58.0,2,2.0,5.3738535414699635,0.7628541541558137,0.5,36918.25967448778,179.68378541278622
-99.1816196,19.4098964,Hipódromo Condesa,19900.0,382.6923076923077,52.0,2,1.0,5.368795711191743,0.8928689864151476,0.5,20491.00286507916,2.9698636436138743
-99.0690446,19.3109654,San Lorenzo Tezonco,9500.0,237.5,40.0,2,1.0,5.331259521466814,1.2095576842598503,0.5,11411.114996607586,20.116999964290383
-99.1536746,19.5049574,Gustavo A. Madero,14000.0,274.5098039215686,51.0,2,1.0,5.358861535362173,1.420929168493668,0.829803447501769,18053.67327900296,28.954809135735427
-99.1646131,19.3805692,Del Valle Centro,32500.0,225.69444444444446,144.0,3,2.0,5.371764735375719,0.736133028880564,0.5,38534.109489935894,18.566490738264292
-99.1963218,19.3894638,San Pedro De Los Pinos,14900.0,513.7931034482758,29.0,1,1.0,5.3596878287197285,1.772459888069694,0.5,28675.38300662295,92.4522349437782
-99.2031179,19.3763271,Álvaro Obregón,12000.0,266.6666666666667,45.0,1,1.0,5.438432162517382,1.1407737656149497,0.0,55744.70665830879,364.5392221525732
-99.1332,19.4326,Colina Del Sur,19000.0,215.9090909090909,88.0,3,2.0,5.377949778213165,0.7237132213151746,0.5,17957.625472516163,-5.48618172359914
-99.2004274,19.3348794,Álvaro Obregón,31500.0,221.83098591549296,142.0,3,3.0,5.354762003315482,0.819053575379004,0.0,26264.84342443751,-16.619544684325366
-99.2251761,19.3865622,Cuevitas,24500.0,242.5742574257426,101.0,2,2.0,5.368473963813162,1.4660572388095645,0.5,11136.074123255528,-54.546636231610094
-99.1742466,19.3919278,Nápoles,40000.0,294.11764705882354,136.0,3,2.0,5.37694219630831,0.6934223621965367,0.5,16657.611710351026,-58.35597072412243
-99.213047,19.4527054,Lomas De Sotelo,16700.0,451.35135135135135,37.0,1,1.0,6.10020251819438,1.0710363798938984,0.5,19481.96590639655,16.658478481416456
-99.213047,19.4527054,Lomas De Sotelo,20800.0,433.3333333333333,48.0,1,1.0,6.126120083535302,1.0282804365847606,0.5,11154.502395495521,-46.37258463704077
-99.1963218,19.3894638,San Pedro De Los Pinos,19400.0,366.0377358490566,53.0,1,1.0,5.347537382716653,1.2627401963125364,0.5,57820.30281502415,198.0427980155884
-99.1545829,19.425671,Juarez,35700.0,510.0,70.0,2,2.0,6.211510246851629,1.142649855827381,0.5,16530.266102660746,-53.69673360599231
-99.2031179,19.3763271,Álvaro Obregón,9200.0,230.0,40.0,1,1.0,5.615014482607722,0.983917372842894,0.0,12526.584103875792,36.15852286821513
-99.0630645,19.407504,Agrícola Pantitlan,10000.0,175.43859649122808,57.0,2,1.0,5.391040620486576,1.6763706623510108,0.5,24885.52749763868,148.8552749763868
-99.1906167,19.4071156,Miguel Hidalgo,120000.0,222.22222222222223,540.0,4,5.0,5.62851454594019,0.5602098087953171,0.8585849060226639,18591.36565617375,-84.50719528652186
-99.2511696,19.3881071,Cuajimalpa de Morelos,130000.0,291.47982062780267,446.0,3,3.0,5.6155905431463475,0.8152140928977937,0.49427437331671703,66066.69076041659,-49.17946864583339
-99.288271,19.3524354,Las Tinajas,120000.0,400.0,300.0,3,3.0,5.380766445711479,1.2783517053899682,0.5,47631.08757707901,-60.30742701910082
-99.1923085,19.4293554,Miguel Hidalgo,50000.0,595.2380952380952,84.0,2,1.0,5.354667328482214,1.6796510580898303,0.8585849060226639,27377.31879798678,-45.24536240402644
-99.1926322,19.4402557,Miguel Hidalgo,62000.0,539.1304347826087,115.0,2,2.0,6.0631308494305705,1.1173566163870396,0.8585849060226639,69380.21503976555,11.903572644783145
-99.1545607,19.4427035,Santa María La Ribera,23000.0,219.04761904761904,105.0,3,2.0,5.37873641898941,0.5313668488491549,0.5,27917.43567997324,21.38015513031844
-99.1545829,19.425671,Juarez,39200.0,461.1764705882353,85.0,2,2.0,6.238048236190518,1.0332612306443678,0.5,21300.283021445048,-45.66254331264019
-99.2018771,19.4404871,Granada,37500.0,394.7368421052632,95.0,2,2.0,5.385165299257421,0.8509548270328636,0.5,10959.247013932913,-70.7753412961789
-99.1585552,19.4368008,San Rafael,20200.0,651.6129032258065,31.0,1,1.0,5.376660391053214,1.34085302414488,0.5,71685.80732227858,254.8802342687058
-99.1545829,19.425671,Juarez,20300.0,534.2105263157895,38.0,1,1.0,6.224008946214537,1.1968932958356986,0.5,14840.582425043056,-26.89368263525588
-99.190915,19.43353,Miguel Hidalgo,45000.0,375.0,120.0,2,2.0,5.636114680608858,0.7456292709654768,0.8585849060226639,57028.150084652974,26.729222410339943
-99.1634908,19.3679153,Santa Cruz Atoyac,23000.0,258.4269662921348,89.0,2,2.0,5.372548816794901,0.6873696826258038,0.5,20592.971267962464,-10.465342313206676
-99.190915,19.43353,Miguel Hidalgo,55000.0,458.3333333333333,120.0,2,2.0,5.649763009167067,0.9113246645133606,0.8585849060226639,21447.86280632895,-61.00388580667464
-99.1545829,19.425671,Juarez,24300.0,506.25,48.0,1,1.0,6.303116884789032,1.1342480186521797,0.5,19129.047567604874,-21.279639639486117
-99.1687117,19.4113049,Condesa,36700.0,764.5833333333334,48.0,1,1.0,5.3303472707681605,1.7518362911554424,0.5,23211.06156748698,-36.75460063355046
-99.2540447,19.3816165,Granjas Palo Alto,32300.0,529.5081967213115,61.0,1,1.0,5.383427103281617,1.6941469355039576,0.5,68481.828964752,112.01804633050155
-99.1704843,19.4464627,Anahuac,33000.0,600.0,55.0,1,1.0,6.423716894940137,3.343014989667591,0.5,14189.207115473533,-57.002402680383234
-99.1906167,19.4071156,Miguel Hidalgo,26000.0,346.6666666666667,75.0,2,1.0,5.371447017423306,0.8739273017206947,0.8585849060226639,23679.328646554495,-8.925659051713481
-99.1879687,19.3651901,San Jose Insurgentes,28900.0,344.04761904761904,84.0,2,2.0,5.376921055507162,1.167497357441097,0.5,18267.240090532283,-36.791556780165116
-99.2540447,19.3816165,Granjas Palo Alto,27000.0,457.6271186440678,59.0,1,1.0,5.353694450500411,1.4641653999973858,0.5,18500.791039261007,-31.478551706440715
-99.1400781,19.4096901,Obrera,22000.0,176.0,125.0,3,2.0,5.3746708807470345,1.5105075043744274,0.5,20793.141609065562,-5.4857199587929
-99.1975367,19.3837754,Álvaro Obregón,20900.0,278.6666666666667,75.0,3,2.0,5.360799500636946,1.1035156188417532,0.0,53482.85715377562,155.89883805634267
-99.2623691,19.5538588,000,18000.0,600.0,30.0,1,1.0,5.383215910671362,3.709752373096813,0.5,31931.944858003113,77.39969365557286
-99.0506388,19.2181385,500,17500.0,700.0,25.0,1,1.0,5.383589201020009,3.2705108498027577,0.5,21311.546049384953,21.78026313934259
-99.190915,19.43353,Miguel Hidalgo,80000.0,640.0,125.0,2,2.0,5.71798178713085,1.2725406224477471,0.8585849060226639,18984.321209966354,-76.26959848754205
-99.272261,19.3581682,Cuajimalpa de Morelos,33500.0,301.8018018018018,111.0,2,2.0,5.928018710960855,0.8552477452897373,0.49427437331671703,17996.298451412666,-46.27970611518607
-99.2039739,19.3414588,Progreso,20000.0,256.4102564102564,78.0,2,2.0,5.364954002791095,0.9208522795810974,0.5,41112.67384509663,105.56336922548314
-99.193256,19.4422886,Ampliación Granada,55000.0,705.1282051282051,78.0,1,1.0,5.362492263269504,1.5566127629729924,0.5,63416.20626872083,15.302193215856056
-99.2076827,19.4018347,000,16000.0,296.2962962962963,54.0,2,2.0,5.370016049803166,0.9430175973741743,0.5,185033.38669029836,1056.4586668143647
-99.1704843,19.4464627,Anahuac,34000.0,618.1818181818181,55.0,1,1.0,6.408502258340455,3.4443184742029724,0.5,19972.3498987796,-41.25779441535411
-99.004892,19.2496596,Los Olivos,7000.0,100.0,70.0,2,1.0,5.37964175933362,0.5236562062803968,0.5,36982.37240365582,428.31960576651176
-99.1738081,19.3896634,Benito Juárez,30000.0,666.6666666666666,45.0,1,1.0,6.055085152305579,1.6542597700074597,0.933319961735651,20112.332498587763,-32.958891671374126
-99.1569296,19.4666602,Azcapotzalco,18500.0,276.1194029850746,67.0,2,2.0,5.3664258233090365,1.3113123406237404,0.7799341145447056,29871.860052475917,61.46951379716712
-99.1896133,19.4366728,Miguel Hidalgo,50000.0,416.6666666666667,120.0,4,2.0,5.367524039634884,1.1228615337289247,0.8585849060226639,33545.1533213698,-32.90969335726041
-99.1282015,19.4836891,Edif. B,11000.0,196.42857142857142,56.0,2,2.0,5.367180713554558,1.6051779003797522,0.5,29065.96634975038,164.23605772500343
-99.1990281,19.4253062,Polanco,50500.0,1122.2222222222222,45.0,1,1.0,5.372879180157664,2.9081691591584162,0.5,85517.1229487468,69.34083752227089
-99.1428857,19.3002332,Viejo Ejido De Santa Ursula Coapa,8500.0,188.88888888888889,45.0,1,1.0,5.361492914806743,1.4722537051844085,0.5,39204.83152131168,361.2333120154315
-99.128291,19.4022891,Viaducto Piedad,10000.0,181.8181818181818,55.0,2,1.0,5.377265806171325,1.2750392538697994,0.5,46395.39604301586,363.95396043015865
-99.1832216,19.3881299,San Pedro De Los Pinos,16000.0,246.15384615384616,65.0,2,1.0,5.353535250976782,0.8342378284268311,0.5,45169.166581689504,182.30729113555938
-99.1908886,19.49498,Azcapotzalco,15000.0,250.0,60.0,2,2.0,5.3719925070554435,1.517166498638936,0.7799341145447056,15441.99622796048,2.9466415197365374
-99.176429,19.4148639,Cuauhtémoc,38000.0,200.0,190.0,3,2.0,6.132662472792829,0.40423118600441454,0.830531038273375,33078.45507876649,-12.951434003246073
-99.1332,19.4326,Villas Del Pedregal,13000.0,200.0,65.0,2,1.0,5.368008764286522,0.6703869839551091,0.5,45150.23810711596,247.309523900892
-99.0818976,19.3861406,Real Del Moral,12000.0,141.1764705882353,85.0,3,1.0,5.358944405648522,0.8406945892634443,0.5,18791.534888418446,56.59612407015372
-99.167546,19.4632577,Nueva Santa María,13000.0,216.66666666666666,60.0,1,1.0,5.374097700346091,1.07438145182893,0.5,18384.030900707043,41.4156223131311
-99.1637043,19.4385126,San Rafael,16000.0,296.2962962962963,54.0,2,1.0,5.720550583669085,0.6722667593764381,0.5,56202.20919887423,251.26380749296393
-99.0717501,19.4144718,Agrícola Pantitlan,10000.0,136.986301369863,73.0,2,1.0,5.358847159980035,1.2651046201914775,0.5,46410.1271864943,364.101271864943
-99.1901766,19.4519284,San Juanico,15000.0,326.0869565217391,46.0,2,1.0,5.8706507371597985,1.8843863995535584,0.5,42238.80508168835,181.59203387792232
-99.1843937,19.4838908,Azcapotzalco,17000.0,283.3333333333333,60.0,2,1.0,5.847080328262771,1.5898088260398706,0.7799341145447056,36729.306985995456,116.05474697644387
-99.1254576,19.4541371,Cuauhtémoc,13000.0,185.71428571428572,70.0,2,1.0,5.366867002667396,1.3206026514505753,0.830531038273375,35641.44377118489,174.1649520860376
-99.1118532,19.4894221,Triunfo De La República,12900.0,113.15789473684211,114.0,3,1.0,5.353477313851289,1.026466930629805,0.5,23514.197945648524,82.28060422983351
-99.2101951,19.4837742,San Pedro Xalpa,22000.0,241.75824175824175,91.0,3,2.0,5.377937448156191,1.1874035598338932,0.5,17060.110031880136,-22.454045309635745
-99.2612571,19.3610393,Álvaro Obregón,25500.0,277.17391304347825,92.0,2,2.0,5.819661807192854,0.7793750582236234,0.0,24022.669419273294,-5.793453257751788
-99.2259026,19.3063387,Tlalpan,30000.0,300.0,100.0,2,2.0,5.933474997052629,1.3979041840641167,0.3919311241687132,32191.504889590415,7.305016298634716
-99.1528217,19.3615374,Portales,25000.0,320.5128205128205,78.0,2,2.0,5.3602555887719525,1.9962772209996056,0.5,39613.148008661374,58.45259203464549
-99.1804554,19.4564547,Popotla,18500.0,280.3030303030303,66.0,2,2.0,5.318532863147756,1.6485136952028625,0.5,21468.44797079821,16.04566470701735
-99.1389907,19.454476,165-A,11000.0,244.44444444444446,45.0,2,1.0,5.34890026049514,2.219673369519941,0.5,33328.099637250976,202.98272397500887
-99.2324626,19.3275547,San Jerónimo,25000.0,176.05633802816902,142.0,3,2.0,5.354311405801288,0.8036703942539368,0.5,25152.82964185063,0.6113185674025153
-99.1975367,19.3837754,Carola,21900.0,336.9230769230769,65.0,2,2.0,5.367814191108663,1.3342100875580267,0.5,69730.59213608457,218.404530301756
-99.2993588,19.3465983,Cuajimalpa de Morelos,17000.0,303.57142857142856,56.0,2,1.0,5.796671854185137,0.908072428232773,0.49427437331671703,38291.62201973637,125.24483541021397
-99.14322,19.4214424,Cuauhtémoc,16000.0,228.57142857142858,70.0,2,1.0,5.8019885954882975,1.3765717708728546,0.830531038273375,78149.39382239623,388.43371138997645
-99.1338374,19.4291371,579,20600.0,307.46268656716416,67.0,1,1.0,5.344888027097744,1.003550012576392,0.5,27945.962762130486,35.660013408400424
-99.1331785,19.4326296,Cuauhtémoc,52800.0,356.7567567567568,148.0,2,2.0,6.196438514928906,0.8688285781191699,0.830531038273375,22954.4172524954,-56.52572490057689
-99.1331785,19.4326296,5922,28500.0,351.85185185185185,81.0,2,2.0,5.340377463186423,0.8568834040653429,0.5,18751.30049192843,-34.205963186216046
-99.148853,19.3968313,Narvarte Oriente,17000.0,212.5,80.0,2,1.0,5.386201186629768,0.824538645680179,0.5,37719.17918149479,121.87752459702817
-99.2993588,19.3465983,Cuajimalpa de Morelos,25000.0,347.22222222222223,72.0,1,1.0,5.819158707201797,1.0386449342531718,0.49427437331671703,31446.164196155605,25.784656784622424
-99.2993588,19.3465983,Cuajimalpa de Morelos,20000.0,317.46031746031747,63.0,2,1.0,5.822758803603281,0.9496182256029,0.49427437331671703,23462.00638475588,17.310031923779405
-99.2298103,19.3988079,Miguel Hidalgo,10000.0,14.285714285714286,700.0,4,4.0,5.488398039051544,0.057423353860740635,0.8585849060226639,52194.813226271326,421.94813226271333
-99.0670722,19.409,Agrícola Pantitlan,10500.0,198.11320754716982,53.0,2,1.0,5.37250918258726,1.9137657748215926,0.5,109004.85568567902,938.1414827207527
-99.2511696,19.3881071,Cuajimalpa de Morelos,130000.0,309.5238095238095,420.0,3,3.0,5.658027243742257,0.865679727220038,0.49427437331671703,11595.89098669004,-91.08008385639228
-99.2493727,19.3782606,000,115000.0,331.4121037463977,347.0,3,3.0,5.35867322351728,1.0686728233085383,0.5,23518.031632912567,-79.5495377105108
-99.2214798,19.343659,Col. Tetelpan,38800.0,198.97435897435898,195.0,2,2.0,5.380367834628168,0.9090555955824638,0.5,21877.150394323155,-43.615591767208365
-99.2779741,19.3631581,Cuajimalpa de Morelos,60000.0,359.2814371257485,167.0,3,3.0,5.888262406995944,0.9428837499213678,0.49427437331671703,35581.58320651846,-40.697361322469234
-99.2017197,19.4804083,724,35700.0,510.0,70.0,2,2.0,5.379833906616726,2.4567775841239063,0.5,75819.44055936373,112.37938532034659
-99.2535222,19.3711133,321,45000.0,300.0,150.0,2,2.0,5.361075937042351,1.1330835399375012,0.5,62387.74957026348,38.639443489474395
-99.0406951,19.3440458,051,39100.0,550.7042253521126,71.0,2,2.0,5.367959218275311,4.625803542385071,0.5,16371.992482935186,-58.12789646308136
-99.1405798,19.4212647,Obrera,20500.0,160.15625,128.0,2,2.0,5.368871363906989,0.8729175668952265,0.5,56122.87635225654,173.7701285475929
-99.2993588,19.3465983,Cuajimalpa de Morelos,32000.0,432.43243243243245,74.0,2,1.0,5.774411586751805,1.2935340154158421,0.49427437331671703,13199.41867765556,-58.75181663232638
-99.0687056,19.3431039,Los Ángeles,7500.0,170.45454545454547,44.0,2,1.0,5.3428222765277065,0.829811643006093,0.5,23469.42792291622,212.92570563888296
-99.158611,19.3997502,S/N,55000.0,381.94444444444446,144.0,3,3.0,5.381626673958898,1.1741333405745953,0.5,26016.307197283044,-52.69762327766719
-99.1777699,19.4622225,Obrero Popular,19500.0,367.92452830188677,53.0,2,2.0,5.343063557426558,3.0553772995611537,0.5,19977.53722561073,2.4489088492857918
-99.1585552,19.4368008,San Rafael,37200.0,539.1304347826087,69.0,2,2.0,5.353203206838108,1.1093928163609381,0.5,56215.56163150117,51.117101159949385
-99.0629317,19.3293063,000,65000.0,411.39240506329116,158.0,2,2.0,5.355454471882977,2.2010752777180786,0.5,20466.49677200645,-68.51308188922086
-99.213047,19.4527054,Lomas De Sotelo,30700.0,451.47058823529414,68.0,2,1.0,6.097863026551338,1.0713193236363854,0.5,48927.860943973385,59.37413988264946
-99.090658,19.4407616,Pensador Mexicano,8000.0,200.0,40.0,2,1.0,5.365914726094854,1.3070240431114934,0.5,22081.502071278817,176.0187758909852
-99.0856835,19.3918534,El Rodeo,9000.0,200.0,45.0,1,1.0,5.3850599673768516,0.997814517902746,0.5,23973.791071327247,166.37545634808052
-99.1094928,19.4172708,781,19800.0,550.0,36.0,1,1.0,5.341186503786601,4.354020967660742,0.5,96436.2276056184,387.0516545738303
-99.0506388,19.2181385,800,17800.0,356.0,50.0,2,2.0,5.373780003059801,1.6632883750425453,0.5,35443.12990836482,99.11870735036416
-99.1731614,19.3532702,Coyoacán,28000.0,400.0,70.0,2,1.0,5.3618847736058814,1.3393473699060903,0.750956198657275,42976.05540677425,53.485912167050884
-99.190915,19.43353,Miguel Hidalgo,120000.0,727.2727272727273,165.0,2,2.0,5.6405039325025745,1.4460688891451672,0.8585849060226639,20035.25255176556,-83.30395620686203
-99.1926322,19.4402557,Miguel Hidalgo,36000.0,450.0,80.0,2,1.0,6.060491038093064,0.9326323370649887,0.8585849060226639,33703.60880958722,-6.378864417813282
-99.184077,19.4353483,Polanco,78000.0,278.57142857142856,280.0,3,2.0,5.387672982971158,1.1369266056699248,0.5,14292.796281709185,-81.67590220293694
-99.208678,19.3827017,000,35000.0,318.1818181818182,110.0,2,2.0,6.012310503185541,1.7175312182958886,0.5,50502.374166512,44.29249761860572
-99.1094928,19.4172708,000,19000.0,215.9090909090909,88.0,3,2.0,6.153585530091063,1.7092231071395474,0.5,62289.113102051175,227.83743737921668
-99.2993588,19.3465983,Cuajimalpa de Morelos,55000.0,314.2857142857143,175.0,3,2.0,5.816107261512522,0.940122043346871,0.49427437331671703,43137.91841510707,-21.567421063441685
-99.1634079,19.4455746,Santa María La Ribera,18500.0,293.6507936507937,63.0,2,2.0,5.367120211403337,0.8190542572339837,0.5,13927.589899569315,-24.715730272598297
-99.1625655,19.4183227,Cuauhtémoc,47000.0,408.69565217391306,115.0,2,2.0,6.227796372658671,0.8161558773299219,0.830531038273375,14304.15278134089,-69.56563238012576
-99.184387,19.4567645,Popotla,15500.0,310.0,50.0,2,1.0,5.366712437229109,2.095614254533806,0.5,19134.671442579813,23.449493177934276
-99.1920515,19.3628735,Los Alpes,26000.0,270.8333333333333,96.0,2,2.0,5.382295354500805,0.8102181627847653,0.5,19705.923083771377,-24.20798813934086
-99.1901766,19.4519284,Miguel Hidalgo,15000.0,197.3684210526316,76.0,2,1.0,5.3850040176107,1.1405496628876801,0.8585849060226639,52976.59255095574,253.1772836730383
-99.1545829,19.425671,Juarez,24300.0,540.0,45.0,1,1.0,6.235113084797586,1.2098645532289918,0.5,17860.521146738556,-26.499912976384543
-99.2079204,19.4562386,Argentina Poniente,16000.0,253.96825396825398,63.0,2,1.0,5.361261415864772,0.8536906097430365,0.5,14821.37729552345,-7.366391902978433
-99.253998,19.3479943,Álvaro Obregón,50000.0,232.5581395348837,215.0,2,2.0,5.334772631566689,1.07359808610216,0.0,61097.62728306389,22.195254566127783
-99.2073801,19.3197812,Álvaro Obregón,25000.0,500.0,50.0,0,1.0,6.084679927111572,2.0202795239788274,0.0,55232.10003306329,120.92840013225315
-99.190915,19.43353,Miguel Hidalgo,66500.0,604.5454545454545,110.0,2,2.0,5.78531815246308,1.2020447641019203,0.8585849060226639,13107.755357446136,-80.28908968805094
-99.190915,19.43353,Miguel Hidalgo,70000.0,636.3636363636364,110.0,2,2.0,5.779869838109363,1.2653102780020213,0.8585849060226639,18135.501567198076,-74.09214061828845
-99.1476839,19.4332704,Cuauhtémoc,24300.0,506.25,48.0,1,1.0,6.398508025430576,0.9326169095291509,0.830531038273375,19475.996872207677,-19.851864723425198
-99.190915,19.43353,Miguel Hidalgo,69900.0,537.6923076923077,130.0,3,3.0,5.68487714465899,1.0691176623689607,0.8585849060226639,21760.983037742306,-68.86840767132718
-99.1633037,19.4058335,Cuauhtémoc,19700.0,562.8571428571429,35.0,1,1.0,6.196311540162774,1.1319148588485264,0.830531038273375,19148.944610044247,-2.7972354820088965
-99.190915,19.43353,Miguel Hidalgo,98000.0,490.0,200.0,2,2.0,5.739117445277832,0.9742889140615565,0.8585849060226639,28624.121761729035,-70.79171248803159
-99.1926322,19.4402557,Miguel Hidalgo,85000.0,429.2929292929293,198.0,2,2.0,6.029189450856642,0.8897165954043101,0.8585849060226639,10959.346579270723,-87.1066510832109
-99.1539172,19.4360737,Cuauhtémoc,37300.0,466.25,80.0,1,1.0,6.162661444927131,1.0375477071675057,0.830531038273375,79173.24852796343,112.26071991411106
-99.1539172,19.4360737,Cuauhtémoc,32300.0,538.3333333333334,60.0,1,1.0,6.191643208954407,1.197954993440945,0.830531038273375,11649.424873611059,-63.933669121947176
-99.1633037,19.4058335,Cuauhtémoc,42000.0,381.8181818181818,110.0,2,2.0,6.170274620874024,0.7678425669161669,0.830531038273375,27138.30172729096,-35.384995887402475
-99.1633037,19.4058335,Cuauhtémoc,40000.0,363.6363636363636,110.0,2,2.0,6.191595250676302,0.7312786351582542,0.830531038273375,53592.66806149103,33.98167015372757
-99.1476839,19.4332704,Cuauhtémoc,44000.0,977.7777777777778,45.0,1,1.0,6.416444157280566,1.8012683245775645,0.830531038273375,17108.77246694891,-61.11642621147975
-99.272261,19.3581682,Cuajimalpa de Morelos,16000.0,160.0,100.0,1,1.0,5.4131524267015685,0.45340895392076824,0.49427437331671703,48907.62147165557,205.6726341978473
-99.1926322,19.4402557,Miguel Hidalgo,42000.0,545.4545454545455,77.0,2,2.0,6.081342265354399,1.130463438866653,0.8585849060226639,30043.553514777712,-28.467729726719732
-99.1926322,19.4402557,Miguel Hidalgo,36000.0,514.2857142857143,70.0,1,1.0,6.232518324811328,1.0658655280742728,0.8585849060226639,45981.76602081769,27.72712783560469
-99.190915,19.43353,Miguel Hidalgo,58500.0,387.4172185430464,151.0,2,2.0,5.663076021568148,0.7703189819245987,0.8585849060226639,16314.627511166722,-72.11174784415945
-99.190915,19.43353,Miguel Hidalgo,59800.0,385.80645161290323,155.0,2,2.0,5.666299810605825,0.7671162219997508,0.8585849060226639,20710.707021154893,-65.36671066696506
-99.1926322,19.4402557,Miguel Hidalgo,43000.0,307.14285714285717,140.0,3,2.0,6.086972584850166,0.6365585792665797,0.8585849060226639,22564.50468605474,-47.524407706849445
-99.2184637,19.4210896,Miguel Hidalgo,10500.0,20.192307692307693,520.0,3,4.0,5.732297746727771,0.07169119529536833,0.8585849060226639,43596.77530391511,315.20738384681056
-99.1331785,19.4326296,Cuauhtémoc,195000.0,719.5571955719557,271.0,2,2.0,6.0487338800174095,1.7523756544587417,0.830531038273375,28197.15014107186,-85.53992300457854
-99.1360896,19.4324484,Cuauhtémoc,22900.0,432.07547169811323,53.0,1,1.0,5.922876001106725,1.1310932257854602,0.830531038273375,32381.95492545014,41.40591670502244
-99.2341742,19.4031893,Miguel Hidalgo,33000.0,300.0,110.0,2,1.0,5.379235758311402,1.1417224091596214,0.8585849060226639,18519.4414730311,-43.88048038475424
-99.22256,19.3267187,La Magdalena Contreras,27000.0,509.4339622641509,53.0,1,1.0,5.358662763398019,2.450919030542478,0.3233249370829295,35537.915266958924,31.62190839614416
-99.1712126,19.4093714,Cuauhtémoc,32000.0,355.55555555555554,90.0,2,2.0,5.991472646333456,0.8000354075013703,0.830531038273375,24594.186804985944,-23.143166234418924
-99.190915,19.43353,Miguel Hidalgo,100000.0,333.3333333333333,300.0,3,3.0,5.6523147345015605,0.6627815741915349,0.8585849060226639,36423.95937198265,-63.57604062801735
-99.1771253,19.3694718,Benito Juárez,26000.0,262.62626262626264,99.0,2,3.0,5.987367767248307,1.0427725009124822,0.933319961735651,17890.239841522936,-31.191385224911784
-99.2779741,19.3631581,Cuajimalpa de Morelos,35000.0,411.7647058823529,85.0,2,2.0,5.884418979960349,1.080618729076548,0.49427437331671703,20549.69033040363,-41.286599055989626
-99.2511696,19.3881071,Cuajimalpa de Morelos,25000.0,641.025641025641,39.0,1,1.0,5.653694772636122,1.7928278374379487,0.49427437331671703,45324.40556526966,81.29762226107864
-99.190915,19.43353,Miguel Hidalgo,58500.0,886.3636363636364,66.0,2,1.0,5.7329962625814455,1.7623964586456726,0.8585849060226639,49888.07049597595,-14.721247015425721
-99.2187752,19.4482601,Miguel Hidalgo,31000.0,382.71604938271605,81.0,2,2.0,6.0966150728074195,1.0349169074376434,0.8585849060226639,18293.23672457873,-40.989558952971834
-99.2187752,19.4482601,Miguel Hidalgo,31000.0,378.0487804878049,82.0,2,2.0,6.098954117519387,1.0222959695420624,0.8585849060226639,24916.45227901688,-19.624347487042318
-99.2150977,19.4497398,Miguel Hidalgo,20600.0,361.4035087719298,57.0,1,1.0,6.1366421085213405,0.8640492142808146,0.8585849060226639,56681.16343301596,175.15127880104836
-99.2511696,19.3881071,Cuajimalpa de Morelos,32300.0,529.5081967213115,61.0,1,1.0,5.6115906505557955,1.4809345749643175,0.49427437331671703,108173.71454150016,234.90314099535655
-99.190915,19.43353,Miguel Hidalgo,50000.0,500.0,100.0,2,2.0,5.712504826964937,0.9941723612873025,0.8585849060226639,25155.028364512058,-49.68994327097588
-99.190915,19.43353,Miguel Hidalgo,90000.0,600.0,150.0,2,2.0,5.687264192996773,1.193006833544763,0.8585849060226639,23751.6911237482,-73.60923208472421
-99.1625655,19.4183227,Cuauhtémoc,58500.0,835.7142857142857,70.0,1,1.0,6.156280828028948,1.6689023297073098,0.830531038273375,18521.661401819394,-68.33904033877026
-99.190915,19.43353,Miguel Hidalgo,90000.0,588.2352941176471,153.0,2,3.0,5.652386587186458,1.1696145426909441,0.8585849060226639,36097.914081808005,-59.891206575768884
-99.190915,19.43353,Miguel Hidalgo,78000.0,315.7894736842105,247.0,3,2.0,5.724153155527988,0.6278983334446121,0.8585849060226639,42452.45452220454,-45.57377625358392
-99.2014215,19.442902,Miguel Hidalgo,55000.0,705.1282051282051,78.0,1,1.0,6.171832546585388,1.4183395806455208,0.8585849060226639,34138.67678832723,-37.92967856667776
-98.9630799,19.3241639,Tláhuac,7000.0,132.0754716981132,53.0,2,1.0,5.349305589241857,1.1829030642867973,0.5773137898079344,25713.41626018616,267.3345180026594
-99.1476839,19.4332704,Cuauhtémoc,38000.0,745.0980392156863,51.0,1,1.0,6.413330440443394,1.3726242580337056,0.830531038273375,24075.959698139806,-36.64221132068472
-99.1926322,19.4402557,Miguel Hidalgo,46200.0,481.25,96.0,2,2.0,6.053837623390525,0.9973984715833907,0.8585849060226639,16919.787637256188,-63.37708303624202
-99.185039,19.303295,Coyoacán,20000.0,168.0672268907563,119.0,2,3.0,5.3765974816218,0.6874661769840819,0.750956198657275,25410.78299176581,27.053914958829044
-99.190915,19.43353,Miguel Hidalgo,11300.0,32.7536231884058,345.0,4,4.0,5.777686609406987,0.06512549381186387,0.8585849060226639,22440.687933313075,98.59015870188561
-99.190915,19.43353,Miguel Hidalgo,110000.0,567.0103092783505,194.0,2,2.0,5.682085515593809,1.1274119560990028,0.8585849060226639,17658.7598180118,-83.94658198362563
-99.1476839,19.4332704,Cuauhtémoc,29700.0,928.125,32.0,1,1.0,6.396269470020383,1.70979766747011,0.830531038273375,12607.246155519453,-57.55135974572575
-99.1625655,19.4183227,Cuauhtémoc,28000.0,518.5185185185185,54.0,1,1.0,6.1416701171177195,1.03546963160061,0.830531038273375,28088.081942980352,0.31457836778697257
-99.1062178,19.3005962,Coyoacán,16000.0,200.0,80.0,2,1.0,5.31004470843796,1.4253551451148876,0.750956198657275,27046.694771709826,69.04184232318642
-99.2436293,19.3913552,Miguel Hidalgo,130000.0,191.1764705882353,680.0,4,4.0,5.624294120724057,0.6942837295305142,0.8585849060226639,50971.61020668679,-60.79106907177939
-99.1926322,19.4402557,Miguel Hidalgo,5900.0,32.77777777777778,180.0,3,3.0,6.275058826999635,0.06793247887263498,0.8585849060226639,29457.82360092253,399.28514577834795
-99.1926322,19.4402557,Miguel Hidalgo,35000.0,315.31531531531533,111.0,3,2.0,6.239859068200819,0.6534961320775697,0.8585849060226639,23186.140507447377,-33.75388426443607
-99.2014215,19.442902,Miguel Hidalgo,39000.0,464.2857142857143,84.0,2,2.0,6.217149981473525,0.9338937238795832,0.8585849060226639,19294.227798241358,-50.52762103015036
-99.190915,19.43353,Miguel Hidalgo,99000.0,471.42857142857144,210.0,3,3.0,5.705398293127128,0.9373625120708853,0.8585849060226639,59331.24993309081,-40.069444512029484
-99.1331785,19.4326296,Cuauhtémoc,36000.0,467.53246753246754,77.0,2,2.0,6.111131944563873,1.1386065191408248,0.830531038273375,16152.079645633952,-55.13311209546124
-99.1807513,19.3572269,Álvaro Obregón,38500.0,296.15384615384613,130.0,2,2.0,5.371025658373027,1.1205736959225645,0.0,30524.502584804442,-20.71557770180664
-99.2612571,19.3610393,Álvaro Obregón,21500.0,358.3333333333333,60.0,1,1.0,5.74191352394933,1.0075842255989067,0.0,44312.177643790754,106.1031518315849
-99.2612571,19.3610393,Álvaro Obregón,37000.0,370.0,100.0,2,2.0,5.731603987058198,1.0403892934091037,0.0,20274.897383572432,-45.202980044398835
-99.2993588,19.3465983,Cuajimalpa de Morelos,46000.0,373.9837398373984,123.0,2,2.0,5.409781969670458,1.1186965926004895,0.49427437331671703,23132.18697811641,-49.71263700409476
-99.272261,19.3581682,Cuajimalpa de Morelos,55000.0,416.6666666666667,132.0,2,2.0,6.031284727040293,1.1807524841686674,0.49427437331671703,48891.70442913281,-11.10599194703125
-99.176429,19.4148639,Cuauhtémoc,21000.0,525.0,40.0,1,1.0,6.30346822072281,1.061106863261588,0.830531038273375,13612.61062457971,-35.17804464485853
-99.2184637,19.4210896,Miguel Hidalgo,125000.0,328.94736842105266,380.0,3,3.0,5.329282634748935,1.1679016777440956,0.8585849060226639,28021.332937026124,-77.5829336503791
-99.1771253,19.3694718,Benito Juárez,35000.0,205.88235294117646,170.0,3,2.0,6.013920993131437,0.8174675827289029,0.933319961735651,24373.968449574702,-30.360090144072277
-99.2612571,19.3610393,Álvaro Obregón,74000.0,296.0,250.0,3,3.0,5.844499567133384,0.8323114347272829,0.0,24801.441557319544,-66.48453843605468
-99.2184637,19.4210896,Miguel Hidalgo,100000.0,312.5,320.0,3,3.0,5.730831085088048,1.1095065938568907,0.8585849060226639,20391.93104612154,-79.60806895387846
-99.2014215,19.442902,Miguel Hidalgo,45000.0,642.8571428571429,70.0,1,1.0,6.167566026191239,1.2930836176794231,0.8585849060226639,58405.597042469206,29.790215649931568
-99.190915,19.43353,Miguel Hidalgo,6000.0,32.967032967032964,182.0,3,4.0,5.809793791365319,0.06554982601894302,0.8585849060226639,27721.02616969178,362.01710282819636
-99.2097114,19.3568172,Álvaro Obregón,32000.0,400.0,80.0,2,2.0,5.830620724542324,1.5231043104891575,0.0,25214.708339121673,-21.20403644024477
-99.2014215,19.442902,Miguel Hidalgo,36000.0,450.0,80.0,2,1.0,6.1855315776578905,0.9051585323755961,0.8585849060226639,75581.77204791768,109.94936679977133
-99.1609858,19.3698638,Benito Juárez,38000.0,333.3333333333333,114.0,3,2.0,5.815475372782251,0.9296475672646026,0.933319961735651,134885.91007485017,254.9629212496057
-99.1451728,19.4449101,Cuauhtémoc,15500.0,206.66666666666666,75.0,2,2.0,5.880401636200717,0.8458040407626579,0.830531038273375,27554.432840234495,77.77053445312578
-99.1446028,19.3360233,Coyoacán,25000.0,352.11267605633805,71.0,2,2.0,5.751077643214323,1.9533399809093337,0.750956198657275,56243.15291106342,124.97261164425369
-99.2014215,19.442902,Miguel Hidalgo,55000.0,533.9805825242719,103.0,3,2.0,6.199493790615377,1.0740824008771908,0.8585849060226639,42453.55754002943,-22.81171356358285
-99.2014215,19.442902,Miguel Hidalgo,39000.0,549.2957746478874,71.0,1,1.0,6.159921415786802,1.1048883493786619,0.8585849060226639,21546.88075901367,-44.751587797400845
-99.1871169,19.3569982,Álvaro Obregón,40000.0,373.8317757009346,107.0,2,2.0,6.246348599509011,1.235914150772597,0.0,27784.80309437495,-30.537992264062623
-99.1952423,19.3906515,Álvaro Obregón,52000.0,173.33333333333334,300.0,3,4.0,5.358662322949859,0.5651583232488709,0.0,76798.50977977234,47.68944188417758
-99.1625655,19.4183227,Cuauhtémoc,30000.0,300.0,100.0,2,2.0,6.156322775024879,0.5990931439974958,0.830531038273375,50368.634980702525,67.89544993567509
-99.2184637,19.4210896,Miguel Hidalgo,95000.0,327.58620689655174,290.0,3,3.0,5.388310390198651,1.1630689811465338,0.8585849060226639,46220.69035696497,-51.34664172951056
-99.2511696,19.3881071,Cuajimalpa de Morelos,120000.0,328.7671232876712,365.0,3,3.0,5.598175071630385,0.9194996470366684,0.49427437331671703,42872.59438464438,-64.27283801279636
-99.2453489,19.4005527,Miguel Hidalgo,85000.0,223.68421052631578,380.0,3,3.0,5.28122815325584,0.7992997418692191,0.8585849060226639,74948.79994578361,-11.824941240254574
-99.2014215,19.442902,Miguel Hidalgo,62000.0,387.5,160.0,3,3.0,6.179303748811869,0.7794420695456522,0.8585849060226639,22077.435636778268,-64.39123284390602
-99.2511696,19.3881071,Cuajimalpa de Morelos,130000.0,500.0,260.0,3,3.0,5.878424300252024,1.3984057132016001,0.49427437331671703,13515.854099544373,-89.60318915419664
-99.190915,19.43353,Miguel Hidalgo,65000.0,270.8333333333333,240.0,3,2.0,5.730232374585738,0.5385100290306222,0.8585849060226639,37844.65010119325,-41.77746138277962
-99.1331785,19.4326296,Cuauhtémoc,45000.0,346.15384615384613,130.0,2,2.0,6.157496723069454,0.8430067497484952,0.830531038273375,39450.659902550666,-12.331866883220744
-99.1331785,19.4326296,Cuauhtémoc,49000.0,362.962962962963,135.0,1,1.0,6.184732777415632,0.883942879983196,0.830531038273375,43978.61851514377,-10.247717316033128
-99.2014215,19.442902,Miguel Hidalgo,80000.0,285.7142857142857,280.0,2,2.0,6.197187854838213,0.5747038300797436,0.8585849060226639,35000.63541474448,-56.2492057315694
-99.2202709,19.3525567,Álvaro Obregón,34600.0,326.41509433962267,106.0,3,2.0,5.348622285532327,1.335235292892325,0.0,12885.407825340419,-62.75893692098145
-99.1688607,19.3838913,Benito Juárez,29500.0,483.60655737704917,61.0,1,1.0,5.560190688996894,1.5006934648280394,0.933319961735651,11148.973791749078,-62.2068685025455
-99.1633037,19.4058335,Cuauhtémoc,70000.0,357.14285714285717,196.0,3,3.0,6.20035054554425,0.7182200881018569,0.830531038273375,13491.77167191551,-80.72604046869212
-99.190915,19.43353,Miguel Hidalgo,110000.0,578.9473684210526,190.0,3,3.0,5.70468318697446,1.1511469446484555,0.8585849060226639,66007.39301480424,-39.99327907745069
-99.190915,19.43353,Miguel Hidalgo,105000.0,558.5106382978723,188.0,3,3.0,5.833384938976329,1.1105116801613486,0.8585849060226639,41596.33017409166,-60.38444745324604
-99.190915,19.43353,Miguel Hidalgo,100000.0,389.10505836575874,257.0,2,2.0,5.797235349554344,0.77367498932864,0.8585849060226639,34251.114456228875,-65.74888554377112
-99.2073801,19.3197812,Álvaro Obregón,58000.0,379.08496732026146,153.0,2,2.0,6.108548380739054,1.5317151946506145,0.0,19353.467721654637,-66.63195220404373
-99.1712126,19.4093714,Cuauhtémoc,45000.0,264.70588235294116,170.0,2,3.0,5.991338427433758,0.5956145956581892,0.830531038273375,24143.929936404213,-46.346822363546195
-99.190915,19.43353,Miguel Hidalgo,45000.0,300.0,150.0,2,2.0,5.757054493125376,0.5965034167723815,0.8585849060226639,28513.75258384371,-36.6361053692362
-99.190915,19.43353,Miguel Hidalgo,80000.0,400.0,200.0,2,2.0,5.651185853147905,0.795337889029842,0.8585849060226639,20801.55747584355,-73.99805315519555
-99.190915,19.43353,Miguel Hidalgo,45000.0,450.0,100.0,2,2.0,5.725959048187181,0.8947551251585723,0.8585849060226639,52931.3936780218,17.62531928449289
-99.1360896,19.4324484,Cuauhtémoc,17500.0,350.0,50.0,1,1.0,5.934195189955256,0.9162349056035061,0.830531038273375,17786.1102257722,1.6349155758411509
-99.2779741,19.3631581,Cuajimalpa de Morelos,19900.0,361.8181818181818,55.0,1,1.0,5.84236916607476,0.9495410806405097,0.49427437331671703,46006.40539349194,131.18796680146704
-99.1906167,19.4071156,Miguel Hidalgo,37000.0,381.44329896907215,97.0,2,2.0,5.96434771808095,0.9615972491177349,0.8585849060226639,49789.85512783504,34.56717602117579
-99.272261,19.3581682,Cuajimalpa de Morelos,24500.0,272.22222222222223,90.0,2,2.0,5.414913110800686,0.7714249563235294,0.49427437331671703,24642.86852025407,0.5831368173635476
-99.2779741,19.3631581,Cuajimalpa de Morelos,24000.0,500.0,48.0,1,1.0,5.7693116605098975,1.3121798853072368,0.49427437331671703,12467.750915377455,-48.051037852593936
-99.2612571,19.3610393,Álvaro Obregón,33000.0,294.64285714285717,112.0,2,2.0,5.712171967773345,0.8284953350024233,0.0,54951.84199147334,66.52073330749496
-99.2184637,19.4210896,Miguel Hidalgo,87000.0,148.97260273972603,584.0,3,3.0,5.717184705497234,0.5289154721399972,0.8585849060226639,46819.37971357904,-46.18462101887467
-99.2841662,19.3608547,Cuajimalpa de Morelos,45500.0,369.9186991869919,123.0,3,3.0,5.934589343114343,1.1776015109066649,0.49427437331671703,42290.532663392536,-7.053774366170249
-99.1476839,19.4332704,Cuauhtémoc,32000.0,666.6666666666666,48.0,1,1.0,6.3673600163934445,1.2281374940301575,0.830531038273375,15490.35902687098,-51.592628041028185
-99.1360896,19.4324484,Cuauhtémoc,21000.0,300.0,70.0,2,2.0,6.023182573191371,0.7853442048030052,0.830531038273375,26184.124922744333,24.686309155925397
-99.176429,19.4148639,Cuauhtémoc,40000.0,714.2857142857143,56.0,1,1.0,5.5380579803447745,1.4436828071586234,0.830531038273375,11799.259599801062,-70.50185100049734
-99.272261,19.3581682,Cuajimalpa de Morelos,45000.0,290.3225806451613,155.0,2,2.0,6.031901350431932,0.8227178599368778,0.49427437331671703,8455.671373191359,-81.20961917068587
-99.272261,19.3581682,Cuajimalpa de Morelos,26500.0,473.2142857142857,56.0,1,1.0,5.808561991976468,1.3409974641629865,0.49427437331671703,25305.14854079936,-4.50887343094581
-99.2014215,19.442902,Miguel Hidalgo,49500.0,412.5,120.0,2,3.0,6.230348845886052,0.8297286546776298,0.8585849060226639,24785.8643131184,-49.92754684218505
-99.2511696,19.3881071,Cuajimalpa de Morelos,29000.0,508.7719298245614,57.0,1,1.0,5.694530998527645,1.4229391467665404,0.49427437331671703,21758.843569410663,-24.96950493306668
-99.2520238,19.3815398,Álvaro Obregón,25000.0,510.2040816326531,49.0,1,1.0,5.779664792545044,1.4935408486920287,0.0,22678.8277293074,-9.284689082770404
-99.272261,19.3581682,Cuajimalpa de Morelos,58000.0,483.3333333333333,120.0,2,2.0,5.827477778034271,1.369672881635654,0.49427437331671703,41966.7101143052,-27.643603251197934
-99.2436293,19.3913552,Miguel Hidalgo,73000.0,192.10526315789474,380.0,3,3.0,5.591959320548744,0.6976567678926057,0.8585849060226639,38149.82145350246,-47.739970611640466
-99.2436293,19.3913552,Miguel Hidalgo,90000.0,304.05405405405406,296.0,2,2.0,5.602515841629498,1.1042142475901109,0.8585849060226639,20472.58392685592,-77.25268452571564
-99.1331785,19.4326296,Cuauhtémoc,30000.0,352.94117647058823,85.0,2,2.0,6.088402181172464,0.8595362938612109,0.830531038273375,65164.56785529594,117.2152261843198
-99.1476839,19.4332704,Cuauhtémoc,45000.0,671.6417910447761,67.0,1,1.0,6.362389426515294,1.237302699209487,0.830531038273375,22113.241488945634,-50.85946335789859
-99.2520238,19.3815398,Álvaro Obregón,48500.0,346.42857142857144,140.0,3,3.0,5.953440952964345,1.0141142362618876,0.0,59062.51020963408,21.77837156625583
-99.1360896,19.4324484,Cuauhtémoc,19800.0,550.0,36.0,0,1.0,5.9821165422697025,1.4397977088055094,0.830531038273375,9808.244763218943,-50.46341028677301
-99.2150977,19.4497398,Miguel Hidalgo,30700.0,451.47058823529414,68.0,2,2.0,5.928057158712471,1.0793830097587076,0.8585849060226639,25828.807113649575,-15.867077805701712
-99.2612571,19.3610393,Álvaro Obregón,16000.0,320.0,50.0,1,1.0,5.719705724159515,0.8997961456511167,0.0,19833.724409836726,23.96077756147954
-99.272261,19.3581682,Cuajimalpa de Morelos,58000.0,371.79487179487177,156.0,3,3.0,5.911477036231103,1.0535945243351186,0.49427437331671703,20259.446832389578,-65.06991925450073
-99.190915,19.43353,Miguel Hidalgo,115000.0,331.4121037463977,347.0,3,3.0,5.690372240503111,0.6589615074814973,0.8585849060226639,11161.356657526625,-90.29447247171596
-99.190915,19.43353,Miguel Hidalgo,75000.0,500.0,150.0,2,3.0,5.665923632904502,0.9941723612873025,0.8585849060226639,29332.931789665166,-60.88942428044645
-99.2436148,19.3423868,Álvaro Obregón,55000.0,392.85714285714283,140.0,3,3.0,5.364337441766855,2.005637316472438,0.0,37811.168339182914,-31.252421201485614
-99.2150977,19.4497398,Miguel Hidalgo,20600.0,307.46268656716416,67.0,1,1.0,6.120963853518527,0.7350866449851705,0.8585849060226639,59578.5768629405,189.21639253854613
-99.1855297,19.3915073,Benito Juárez,23500.0,293.75,80.0,2,2.0,5.391631844119196,0.9500964176025993,0.933319961735651,49769.233679087316,111.78397310249922
-99.2187752,19.4482601,Miguel Hidalgo,20800.0,433.3333333333333,48.0,1,1.0,6.072448427324546,1.1717930145503639,0.8585849060226639,45598.90840567077,119.22552118110947
-99.1476839,19.4332704,Cuauhtémoc,20300.0,534.2105263157895,38.0,0,1.0,6.409139464020707,0.9841259656110078,0.830531038273375,26395.915591159413,30.029140843149822
-99.1906167,19.4071156,Miguel Hidalgo,35000.0,388.8888888888889,90.0,2,2.0,5.909987278065879,0.9803671653918049,0.8585849060226639,21269.037578167306,-39.23132120523627
-99.2026262,19.3375522,Álvaro Obregón,23500.0,313.3333333333333,75.0,2,3.0,5.351047998956402,1.176781042319167,0.0,35006.24336341314,48.96273771665165
-99.1513127,19.391616,Benito Juárez,27000.0,385.7142857142857,70.0,2,2.0,5.4450634862323986,1.601510978159809,0.933319961735651,28860.509036123745,6.890774207865722
-99.2014215,19.442902,Miguel Hidalgo,38000.0,475.0,80.0,1,1.0,6.173383330513335,0.9554451175075737,0.8585849060226639,33262.59287290755,-12.466860860769598
-99.1571438,19.4489743,Cuauhtémoc,18000.0,310.3448275862069,58.0,2,1.0,5.392072921241196,1.6035104347180795,0.830531038273375,19329.38764057442,7.385486892080108
-99.190915,19.43353,Miguel Hidalgo,34000.0,425.0,80.0,1,1.0,5.6604990750443065,0.8450465070942071,0.8585849060226639,22451.70563904501,-33.96557164986762
-99.2841662,19.3608547,Cuajimalpa de Morelos,27000.0,375.0,72.0,1,1.0,5.949156025469421,1.1937773558367015,0.49427437331671703,45989.191732135456,70.33033974864983
-99.1571438,19.4489743,Cuauhtémoc,20000.0,273.972602739726,73.0,2,2.0,5.348921647969827,1.4155799880311812,0.830531038273375,36188.899385403485,80.94449692701743
-99.1738081,19.3896634,Benito Juárez,32800.0,252.30769230769232,130.0,3,2.0,5.353912207796962,0.626073697572054,0.933319961735651,29067.356175834437,-11.380011659041351
-99.190915,19.43353,Miguel Hidalgo,64000.0,266.6666666666667,240.0,3,2.0,5.824597932456431,0.5302252593532281,0.8585849060226639,29017.66707719572,-54.65989519188168
-99.2184637,19.4210896,Miguel Hidalgo,50000.0,217.3913043478261,230.0,3,3.0,5.371004484808524,0.7718306739874022,0.8585849060226639,11032.642284576543,-77.93471543084691
-99.1624218,19.4379452,Cuauhtémoc,19500.0,319.672131147541,61.0,2,2.0,6.290315717166954,0.720028510346529,0.830531038273375,22628.155543889894,16.041823301999454
-99.190915,19.43353,Miguel Hidalgo,85000.0,459.4594594594595,185.0,2,2.0,5.664091837759187,0.9135637914531969,0.8585849060226639,34235.5274184605,-59.72290891945824
-99.2453489,19.4005527,Miguel Hidalgo,6000.0,28.571428571428573,210.0,3,3.0,5.681241543200425,0.10209542921354733,0.8585849060226639,25631.00658381974,327.18344306366237
-99.2612571,19.3610393,Álvaro Obregón,85000.0,259.1463414634146,328.0,4,4.0,5.81324541401063,0.728683997526152,0.0,34496.08679073952,-59.41636848148292
-99.1656522,19.4484106,Miguel Hidalgo,23000.0,191.66666666666666,120.0,3,2.0,5.382765016223136,0.5008834736074037,0.8585849060226639,41983.71640090122,82.53789739522269
-99.1569296,19.4666602,Azcapotzalco,17000.0,229.72972972972974,74.0,2,2.0,5.362527691170953,1.0910042045072612,0.7799341145447056,29380.879640065323,72.82870376509013
-99.1738081,19.3896634,Benito Juárez,30000.0,240.0,125.0,2,2.0,5.533829593689469,0.5955335172026855,0.933319961735651,22256.494098257223,-25.811686339142593
-99.191898,19.3881873,Álvaro Obregón,20500.0,445.6521739130435,46.0,1,1.0,5.394113579341696,1.8850272031079944,0.0,30154.423169912858,47.094747170306626
-99.1738081,19.3896634,Benito Juárez,9000.0,37.5,240.0,3,2.0,5.65634760885849,0.0930521120629196,0.933319961735651,55369.71586822391,515.2190652024879
-99.1624218,19.4379452,Cuauhtémoc,25400.0,479.24528301886795,53.0,1,1.0,6.056434846207209,1.0794505795170897,0.830531038273375,15760.129556559863,-37.9522458403155
-99.1476839,19.4332704,Cuauhtémoc,31000.0,738.0952380952381,42.0,0,1.0,6.40450651069759,1.3597236541048172,0.830531038273375,12526.514393777938,-59.591889052329236
-99.190915,19.43353,Miguel Hidalgo,80000.0,533.3333333333334,150.0,2,3.0,5.708026820474253,1.0604505187064561,0.8585849060226639,20287.44831144841,-74.64068961068949
-99.1952423,19.3906515,Álvaro Obregón,12000.0,100.0,120.0,1,1.0,6.165525824763698,0.32605287879742556,0.0,19448.060888099484,62.0671740674957
-99.190915,19.43353,Miguel Hidalgo,60000.0,240.0,250.0,3,2.0,5.812956680504205,0.4772027334179052,0.8585849060226639,36732.7840139325,-38.77869331011251
-99.1952423,19.3906515,Álvaro Obregón,9500.0,475.0,20.0,1,1.0,4.588473727926488,1.5487511742877713,0.0,12083.373103604314,27.193401090571722
-99.2184637,19.4210896,Miguel Hidalgo,100000.0,429.18454935622316,233.0,2,2.0,5.3098070211953345,1.523785879975129,0.8585849060226639,65191.022963756615,-34.808977036243384
-99.2014215,19.442902,Miguel Hidalgo,38000.0,633.3333333333334,60.0,1,2.0,6.1604030017784135,1.2739268233434315,0.8585849060226639,83617.561525114,120.04621453977367
-99.1415858,19.369771,Benito Juárez,20900.0,282.43243243243245,74.0,2,2.0,5.480067548482149,1.3751703642098974,0.933319961735651,24623.337242727976,17.815010730755866
-99.1926322,19.4402557,Miguel Hidalgo,42000.0,656.25,64.0,1,1.0,6.023419320944603,1.3600888248864418,0.8585849060226639,18663.693024064127,-55.56263565699018
-99.2184637,19.4210896,Miguel Hidalgo,80000.0,258.06451612903226,310.0,3,3.0,5.332789798000383,0.9162377033140775,0.8585849060226639,26627.697958262655,-66.71537755217169
-99.2453489,19.4005527,Miguel Hidalgo,36000.0,138.46153846153845,260.0,4,4.0,5.180135457107295,0.49477015695796006,0.8585849060226639,42187.360183117584,17.187111619771066
-99.1539172,19.4360737,Cuauhtémoc,36000.0,342.85714285714283,105.0,3,3.0,6.185453290290309,0.7629611634475721,0.830531038273375,21301.686307584565,-40.82864914559843
-99.272261,19.3581682,Cuajimalpa de Morelos,21000.0,446.8085106382979,47.0,1,1.0,5.3497997314108705,1.2661686213212944,0.49427437331671703,18406.49400498956,-12.350028547668765
-99.1513127,19.391616,Benito Juárez,30000.0,240.0,125.0,3,2.0,5.478914496246053,0.9964957197438811,0.933319961735651,64384.5025004404,114.61500833480133
-99.190915,19.43353,Miguel Hidalgo,110000.0,366.6666666666667,300.0,3,3.0,5.689361030376405,0.7290597316106885,0.8585849060226639,42593.09473787446,-61.27900478375049
-99.2511696,19.3881071,Cuajimalpa de Morelos,45000.0,409.09090909090907,110.0,2,2.0,5.626412286886683,1.1441501289831273,0.49427437331671703,30662.39134875683,-31.861352558318153
-99.1668669,19.3601941,Benito Juárez,98000.0,426.0869565217391,230.0,3,4.0,6.031202878396828,1.117657188986721,0.933319961735651,46010.994935377785,-53.05000516798185
-99.190915,19.43353,Miguel Hidalgo,72000.0,480.0,150.0,2,2.0,5.825830297242992,0.9544054668358104,0.8585849060226639,63968.66193879886,-11.154636196112692
-99.2014215,19.442902,Miguel Hidalgo,49000.0,612.5,80.0,2,2.0,6.196165646419242,1.2320213357334502,0.8585849060226639,63546.56581272012,29.68686900555126
-99.2014215,19.442902,Miguel Hidalgo,75000.0,520.8333333333334,144.0,3,3.0,6.206881962452189,1.0476371902495325,0.8585849060226639,45514.75959886412,-39.31365386818118
-99.1926322,19.4402557,Miguel Hidalgo,68000.0,478.8732394366197,142.0,2,2.0,5.97909601364383,0.9924725965636813,0.8585849060226639,33565.33499253943,-50.63921324626555
-99.272261,19.3581682,Cuajimalpa de Morelos,49000.0,429.82456140350877,114.0,2,2.0,5.8854117260950565,1.218039404721362,0.49427437331671703,24166.506329050644,-50.68059932846807
-99.1668669,19.3601941,Benito Juárez,29000.0,483.3333333333333,60.0,1,1.0,6.046352731632491,1.267818614037658,0.933319961735651,41041.348632409536,41.521891835894955
-99.1668669,19.3601941,Benito Juárez,36500.0,486.6666666666667,75.0,2,2.0,5.986385751372335,1.2765621906861937,0.933319961735651,31182.174524760085,-14.569384863671
-99.2453489,19.4005527,Miguel Hidalgo,55000.0,426.3565891472868,129.0,1,1.0,4.972712238120037,1.5235170638455704,0.8585849060226639,27592.421056782892,-49.8319617149402
-99.2436293,19.3913552,Miguel Hidalgo,80000.0,270.27027027027026,296.0,2,2.0,5.413422572125356,0.9815237756356541,0.8585849060226639,22392.93361505549,-72.00883298118063
-99.1688607,19.3838913,Benito Juárez,28000.0,215.3846153846154,130.0,3,2.0,5.6931636789073945,0.6683662158869078,0.933319961735651,17769.52847445441,-36.53739830551996
-99.1906167,19.4071156,Miguel Hidalgo,31000.0,310.0,100.0,3,2.0,5.950975185128075,0.7814926832694673,0.8585849060226639,28245.660726215763,-8.88496539930399
-99.2097114,19.3568172,Álvaro Obregón,26000.0,270.8333333333333,96.0,2,2.0,5.989362868077491,1.031268543560367,0.0,16590.069035267406,-36.19204217204844
-99.2184637,19.4210896,Miguel Hidalgo,110000.0,305.55555555555554,360.0,3,3.0,5.330559938650172,1.084850891771182,0.8585849060226639,46987.369706171514,-57.2842093580259
-99.2854195,19.3528581,Cuajimalpa de Morelos,35000.0,304.3478260869565,115.0,2,2.0,6.068852548296759,0.9125893508471163,0.49427437331671703,44309.11686863011,26.5974767675146
-99.138781,19.3731993,Benito Juárez,21500.0,268.75,80.0,2,2.0,5.325675081315337,1.1962875571437757,0.933319961735651,10941.901578203342,-49.10743451998446
-99.1899364,19.3656187,Benito Juárez,26000.0,282.60869565217394,92.0,2,2.0,5.345174394669429,0.9439467199522488,0.933319961735651,12696.53921767333,-51.16715685510258
-99.1688607,19.3838913,Benito Juárez,35000.0,145.83333333333334,240.0,4,3.0,5.602101519860162,0.45253962534009384,0.933319961735651,32251.135212343164,-7.853899393305245
-99.1668669,19.3601941,Benito Juárez,83500.0,421.7171717171717,198.0,3,4.0,6.059747054208916,1.1061949244738187,0.933319961735651,16665.176811566995,-80.04170441728503
-99.1668669,19.3601941,Benito Juárez,68000.0,333.3333333333333,204.0,3,3.0,6.045089766634455,0.8743576648535573,0.933319961735651,17931.83498371461,-73.6296544357138
-99.2511696,19.3881071,Cuajimalpa de Morelos,85000.0,202.38095238095238,420.0,3,4.0,5.694777547276383,0.5660213601054095,0.49427437331671703,25320.991117037844,-70.21059868583782
-99.1926322,19.4402557,Miguel Hidalgo,70000.0,492.9577464788732,142.0,3,2.0,6.079305666946295,1.0216629670508484,0.8585849060226639,42036.70187353072,-39.947568752098974
-99.1906167,19.4071156,Miguel Hidalgo,19000.0,316.6666666666667,60.0,1,2.0,6.04611307555375,0.7982989775333269,0.8585849060226639,13643.280561271813,-28.193260203832565
-99.1628698,19.2944916,Tlalpan,18000.0,200.0,90.0,2,2.0,5.356478358479461,0.9800783550122678,0.3919311241687132,29617.555077052617,64.54197265029231
-99.1360896,19.4324484,Cuauhtémoc,21900.0,277.2151898734177,79.0,1,2.0,6.074683367183383,0.7256978095015111,0.830531038273375,12800.678253105138,-41.54941436938293
-99.1360896,19.4324484,Cuauhtémoc,38000.0,666.6666666666666,57.0,2,2.0,5.975454553767171,1.745209344006678,0.830531038273375,11610.04310069127,-69.44725499818088
-99.1360896,19.4324484,Cuauhtémoc,36000.0,473.6842105263158,76.0,1,1.0,5.99434964855672,1.240017165478429,0.830531038273375,47486.37144630201,31.90658735083891
-99.1476839,19.4332704,Cuauhtémoc,58000.0,743.5897435897435,78.0,1,1.0,6.3634234789694855,1.3698456664182526,0.830531038273375,36178.18313646521,-37.62382217850826
-99.1906167,19.4071156,Miguel Hidalgo,35000.0,411.7647058823529,85.0,2,2.0,5.915809458611941,1.038035822179558,0.8585849060226639,84707.45983166319,142.02131380475197
-99.1682205,19.4638348,Azcapotzalco,17900.0,267.1641791044776,67.0,2,2.0,5.37773033573481,1.2881698753741715,0.7799341145447056,22062.244072898888,23.252760183792667
-99.1360896,19.4324484,Cuauhtémoc,13000.0,175.67567567567568,74.0,1,1.0,5.993378286650443,0.45988624605581385,0.830531038273375,23939.290690413698,84.14838992625921
-99.1360896,19.4324484,Cuauhtémoc,32000.0,561.4035087719299,57.0,1,1.0,5.96347605429509,1.4696499739003606,0.830531038273375,51644.224572241634,61.3882017882551
-99.1539172,19.4360737,Cuauhtémoc,27000.0,540.0,50.0,1,1.0,6.163023485227473,1.2016638324299262,0.830531038273375,49803.751206631074,84.45833780233731
-99.1360896,19.4324484,Cuauhtémoc,18500.0,264.2857142857143,70.0,1,1.0,6.068477571690261,0.6918508470883616,0.830531038273375,43399.51177597438,134.59195554580748
-99.2102915,19.4425356,Miguel Hidalgo,31000.0,276.7857142857143,112.0,2,2.0,5.662696143122882,0.8137056841315697,0.8585849060226639,36354.919658592364,17.27393438255601
-99.272261,19.3581682,Cuajimalpa de Morelos,15500.0,193.75,80.0,3,2.0,5.343172405034813,0.5490499051384303,0.49427437331671703,52099.745570267485,236.12739077591925
-99.1091012,19.4442934,Venustiano Carranza,11000.0,169.23076923076923,65.0,2,1.0,5.396094372965778,1.332692824627622,0.761616411382061,41904.753000915676,280.9523000083243
-99.1513127,19.391616,Benito Juárez,19500.0,314.51612903225805,62.0,2,1.0,5.589999359820314,1.3058915682127472,0.933319961735651,32126.786632558673,64.75275196183935
-99.1871169,19.3569982,Álvaro Obregón,18000.0,514.2857142857143,35.0,1,1.0,5.924758730568482,1.7002647531343014,0.0,91587.90655876399,408.8217031042444
-99.1906167,19.4071156,Miguel Hidalgo,23000.0,338.2352941176471,68.0,2,2.0,5.895443860243322,0.852672282504637,0.8585849060226639,48904.658597911075,112.62895042570034
-99.2014215,19.442902,Miguel Hidalgo,39000.0,458.8235294117647,85.0,2,2.0,6.171745486485242,0.9229067388927646,0.8585849060226639,15282.462804441451,-60.81419793732962
-99.2102915,19.4425356,Miguel Hidalgo,85000.0,278.6885245901639,305.0,2,2.0,5.7732788670573845,0.8192996417697033,0.8585849060226639,32657.79062759816,-61.57906984988452
-99.2453489,19.4005527,Miguel Hidalgo,99000.0,471.42857142857144,210.0,3,3.0,5.206234977891952,1.684574582023531,0.8585849060226639,17820.90535370103,-81.99908550131208
-99.190915,19.43353,Miguel Hidalgo,65000.0,541.6666666666666,120.0,2,2.0,5.6994670174083115,1.0770200580612443,0.8585849060226639,20390.144999555385,-68.63054615453018
-99.1854833,19.3665269,Benito Juárez,45000.0,441.1764705882353,102.0,1,2.0,5.743553511996535,1.5501745527502493,0.933319961735651,18942.76593251915,-57.90496459440189
-99.1952423,19.3906515,Álvaro Obregón,19800.0,165.0,120.0,3,2.0,5.375212630501208,0.5379872500157522,0.0,28891.329948061313,45.91580781849148
-99.1668669,19.3601941,Benito Juárez,36000.0,529.4117647058823,68.0,2,1.0,5.983386441694051,1.3886857030027084,0.933319961735651,40208.20958448235,11.689471068006526
-99.2184637,19.4210896,Miguel Hidalgo,88000.0,333.3333333333333,264.0,3,3.0,5.390257590611396,1.1834737001140168,0.8585849060226639,41123.469506881826,-53.26878465127065
-99.1771646,19.4320972,Miguel Hidalgo,22000.0,550.0,40.0,1,1.0,6.082058784391034,1.3545962361264077,0.8585849060226639,64119.55161458375,191.45250733901702
-99.1906167,19.4071156,Miguel Hidalgo,27000.0,346.15384615384613,78.0,2,2.0,5.970174595704035,0.8726345098542438,0.8585849060226639,16705.648679857048,-38.127227111640565
-99.1668669,19.3601941,Benito Juárez,29000.0,362.5,80.0,1,2.0,6.035908562858216,0.9508639605282435,0.933319961735651,26733.041011823017,-7.8170999592309744
-99.1668669,19.3601941,Benito Juárez,39000.0,390.0,100.0,3,2.0,5.963532666616975,1.022998467878662,0.933319961735651,20178.228157189544,-48.26095344310373
-99.190915,19.43353,Miguel Hidalgo,38000.0,542.8571428571429,70.0,1,1.0,5.668238228435254,1.0793871351119284,0.8585849060226639,19102.08882842633,-49.73134518835176
-99.1906167,19.4071156,Miguel Hidalgo,30000.0,375.0,80.0,2,1.0,6.013384862629371,0.9453540523420976,0.8585849060226639,7100.566929502275,-76.33144356832575
-99.1668669,19.3601941,Benito Juárez,62000.0,329.78723404255317,188.0,3,3.0,6.071522934862103,0.865055987567881,0.933319961735651,68242.90320170228,10.069198712423038
-99.2612571,19.3610393,Álvaro Obregón,25900.0,308.3333333333333,84.0,1,1.0,5.815595754111351,0.8669910778409197,0.0,41312.91958660072,59.50934203320741
-99.272261,19.3581682,Cuajimalpa de Morelos,28000.0,509.09090909090907,55.0,0,1.0,5.872516290678906,1.4426648533842625,0.49427437331671703,18754.78898210915,-33.01861077818161
-99.2612571,19.3610393,Álvaro Obregón,25900.0,323.75,80.0,1,1.0,5.770976596924073,0.9103406317329656,0.0,9896.388837603448,-61.79000448801757
-99.272261,19.3581682,Cuajimalpa de Morelos,29900.0,427.14285714285717,70.0,1,1.0,5.816519770073083,1.2104399751991939,0.49427437331671703,14717.184783659772,-50.77864620849575
-99.272261,19.3581682,Cuajimalpa de Morelos,28900.0,431.34328358208955,67.0,1,1.0,5.822864801091583,1.2223431686856532,0.49427437331671703,23557.464085036114,-18.486283442781613
-99.2779741,19.3631581,Cuajimalpa de Morelos,29500.0,339.08045977011494,87.0,2,2.0,5.826863391057373,0.8898691176221492,0.49427437331671703,38322.88924402036,29.90809913227242
-99.1384416,19.3189488,Tlalpan,17000.0,188.88888888888889,90.0,3,2.0,5.3556624041823175,1.5311668470749273,0.3919311241687132,9853.373154583722,-42.03898144362517
-99.1513127,19.391616,Benito Juárez,24500.0,281.60919540229884,87.0,2,2.0,5.474018102733218,1.1692598244121208,0.933319961735651,15052.871936291072,-38.55970638248542
-99.2976727,19.3678753,Cuajimalpa de Morelos,25000.0,215.51724137931035,116.0,3,2.0,5.281325396735064,0.9207887197236462,0.49427437331671703,8765.221703795634,-64.93911318481747
-99.1476839,19.4332704,Cuauhtémoc,14500.0,439.3939393939394,33.0,1,1.0,6.465929678346729,0.8094542574289675,0.830531038273375,24305.10750426865,67.62143106392172
-99.1609858,19.3698638,Benito Juárez,30000.0,428.57142857142856,70.0,2,2.0,5.708231924792224,1.195261157911632,0.933319961735651,46746.632964742596,55.822109882475324
-99.1160417,19.419664,Venustiano Carranza,12000.0,196.72131147540983,61.0,2,1.0,4.9478940504382445,1.102547241813522,0.761616411382061,50127.8583343979,317.7321527866491
-99.1160417,19.419664,Venustiano Carranza,10000.0,138.88888888888889,72.0,2,1.0,5.289454806343637,0.7784187702618616,0.761616411382061,32893.85703580149,228.9385703580149
-99.1625655,19.4183227,Cuauhtémoc,13000.0,270.8333333333333,48.0,1,1.0,6.150257013829517,0.5408479772199615,0.830531038273375,15144.049405967156,16.492687738208893
-99.1924105,19.3446449,Álvaro Obregón,29000.0,190.78947368421052,152.0,3,2.0,6.1966943289365455,0.8089445169312759,0.0,14928.055168602332,-48.523947694474714
-99.190915,19.43353,Miguel Hidalgo,180000.0,520.2312138728323,346.0,3,3.0,5.715149116192668,1.0343989886226268,0.8585849060226639,12141.790091761553,-93.25456106013247
-99.190915,19.43353,Miguel Hidalgo,100000.0,322.5806451612903,310.0,2,2.0,5.808663842618449,0.6414015234111629,0.8585849060226639,23662.6233433835,-76.3373766566165
-99.176429,19.4148639,Cuauhtémoc,52000.0,611.7647058823529,85.0,2,1.0,5.5359321965334845,1.2364718630723268,0.830531038273375,14920.17493818843,-71.30735588809918
-99.176429,19.4148639,Cuauhtémoc,23000.0,575.0,40.0,0,1.0,5.578707248515336,1.1621646597626918,0.830531038273375,21949.89427576191,-4.565677061904733
-99.1906167,19.4071156,Miguel Hidalgo,19000.0,413.04347826086956,46.0,1,1.0,5.930384833642738,1.041259535913035,0.8585849060226639,12543.17038976048,-33.98331373810273
-99.2511696,19.3881071,Cuajimalpa de Morelos,65000.0,325.0,200.0,2,2.0,5.85728585750063,0.90896371358104,0.49427437331671703,23854.194144532186,-63.30123977764279
-99.1625655,19.4183227,Cuauhtémoc,45000.0,316.90140845070425,142.0,2,2.0,6.114367082415265,0.63284487041989,0.830531038273375,12230.769456920088,-72.82051231795535
-99.1926322,19.4402557,Miguel Hidalgo,58000.0,500.0,116.0,2,2.0,5.953674369893318,1.0362581522944319,0.8585849060226639,49921.04504776227,-13.929232676271944
-99.1625655,19.4183227,Cuauhtémoc,20000.0,714.2857142857143,28.0,1,1.0,6.003182938001395,1.4264122476130854,0.830531038273375,14742.255026065328,-26.28872486967336
-99.1625655,19.4183227,Cuauhtémoc,30000.0,400.0,75.0,2,2.0,6.142048180167872,0.7987908586633278,0.830531038273375,27306.606532515212,-8.977978224949293
-99.1625655,19.4183227,Cuauhtémoc,20000.0,588.2352941176471,34.0,0,1.0,6.071140521212835,1.1746924392107763,0.830531038273375,17715.94689430096,-11.420265528495202
-99.2023722,19.4681477,Miguel Hidalgo,15500.0,303.921568627451,51.0,2,1.0,5.362781063853982,1.8554626407853696,0.8585849060226639,19074.50980182171,23.061353560140066
-99.2073801,19.3197812,Álvaro Obregón,24500.0,445.45454545454544,55.0,1,1.0,6.0942376087510635,1.799885394090228,0.0,53685.96208155492,119.1263758430813
-99.2196568,19.3374093,Álvaro Obregón,37200.0,177.14285714285714,210.0,2,2.0,5.616915726200498,0.8791599570843692,0.0,20786.74760828994,-44.12164621427435
-99.2196568,19.3374093,Álvaro Obregón,17500.0,250.0,70.0,2,2.0,5.338950295141167,1.2407499394335857,0.0,18345.402077848743,4.83086901627853
-99.1738081,19.3896634,Benito Juárez,36000.0,266.6666666666667,135.0,3,2.0,5.516197773203647,0.661703908002984,0.933319961735651,38085.713640413254,5.793649001147929
-99.2196568,19.3374093,Álvaro Obregón,37000.0,176.1904761904762,210.0,2,2.0,5.625334762890731,0.8744332906484319,0.0,29576.27995556998,-20.064108228189248
-99.2511696,19.3881071,Cuajimalpa de Morelos,53000.0,384.05797101449275,138.0,3,3.0,5.636013557736088,1.0741377217345622,0.49427437331671703,28966.94208678707,-45.345392289081005
-99.2511696,19.3881071,Cuajimalpa de Morelos,58200.0,325.13966480446925,179.0,3,3.0,5.6343465103853205,0.909354329702046,0.49427437331671703,32396.303684011877,-44.336247965615335
-99.190915,19.43353,Miguel Hidalgo,85000.0,505.95238095238096,168.0,2,2.0,5.698013658097071,1.0060077465407227,0.8585849060226639,13232.078083843277,-84.43284931312554
-99.2511696,19.3881071,Cuajimalpa de Morelos,59000.0,287.8048780487805,205.0,3,4.0,5.8858424637539715,0.8049359715014088,0.49427437331671703,15315.860842927537,-74.04091382554655
-99.2511696,19.3881071,Cuajimalpa de Morelos,43800.0,317.39130434782606,138.0,3,3.0,5.853403380500347,0.8876836266410156,0.49427437331671703,42214.53975982419,-3.6197722378443133
-99.190915,19.43353,Miguel Hidalgo,88000.0,586.6666666666666,150.0,2,2.0,5.663933837199646,1.1664955705771014,0.8585849060226639,10205.007725241869,-88.40340031222514
-99.176429,19.4148639,Cuauhtémoc,55000.0,597.8260869565217,92.0,2,2.0,5.912997873617808,1.2082997407740652,0.830531038273375,12252.714662863422,-77.72233697661196
-99.1625655,19.4183227,Cuauhtémoc,23000.0,383.3333333333333,60.0,2,2.0,6.1600267171081455,0.7655079062190224,0.830531038273375,48036.78074228128,108.8555684447012
-99.190915,19.43353,Miguel Hidalgo,5500.0,34.375,160.0,2,3.0,5.669009449408044,0.06834934983850205,0.8585849060226639,17585.232028423743,219.73149142588625
-99.1331785,19.4326296,Cuauhtémoc,39000.0,288.8888888888889,135.0,2,2.0,6.169698299153844,0.7035463738641764,0.830531038273375,35223.11898516633,-9.68431029444531
-99.2779741,19.3631581,Cuajimalpa de Morelos,29000.0,318.68131868131866,91.0,2,2.0,5.885460065259382,0.8363344323936235,0.49427437331671703,37369.37901209493,28.85992762791354
-99.1446028,19.3360233,Coyoacán,22000.0,314.2857142857143,70.0,2,1.0,5.845556393468345,1.7434954572459307,0.750956198657275,39137.2748918265,77.89670405375682
-99.1374712,19.3112959,Coyoacán,25000.0,198.4126984126984,126.0,3,2.0,5.364861932634496,2.0479167388289397,0.750956198657275,20376.342819516052,-18.49462872193579
-99.1476839,19.4332704,Cuauhtémoc,70000.0,489.5104895104895,143.0,2,2.0,6.421346981258634,0.9017792788333324,0.830531038273375,50399.832911417056,-28.000238697975632
-99.1738081,19.3896634,Benito Juárez,45000.0,264.70588235294116,170.0,2,2.0,5.307779068912931,0.6568384380911972,0.933319961735651,38433.556483718196,-14.592096702848453
-99.1746519,19.350132,Coyoacán,14800.0,370.0,40.0,1,1.0,5.362437028283265,1.653775397599539,0.750956198657275,48510.98176247908,227.77690380053434
-99.1738081,19.3896634,Benito Juárez,55000.0,343.75,160.0,3,3.0,5.331098212577391,0.8529776939100965,0.933319961735651,19506.62518893144,-64.53340874739737
-99.2511696,19.3881071,Cuajimalpa de Morelos,32500.0,203.125,160.0,2,2.0,5.706150055051755,0.5681023209881501,0.49427437331671703,45770.61385959376,40.83265802951926
-99.176429,19.4148639,Cuauhtémoc,6000.0,20.0,300.0,3,2.0,6.3089117753402135,0.040423118600441454,0.830531038273375,44034.39093375173,633.9065155625289
-99.1539172,19.4360737,Cuauhtémoc,27000.0,675.0,40.0,1,1.0,6.1489393910568015,1.5020797905374077,0.830531038273375,29370.878222439635,8.781030453480128
-99.1539172,19.4360737,Cuauhtémoc,56000.0,700.0,80.0,2,2.0,6.195635789566999,1.5577123753721265,0.830531038273375,55395.43189235556,-1.079585906507925
-99.272261,19.3581682,Cuajimalpa de Morelos,65000.0,235.5072463768116,276.0,3,3.0,6.05811855532675,0.6673818388779424,0.49427437331671703,31944.167420418693,-50.855127045509704
-99.176429,19.4148639,Cuauhtémoc,56000.0,509.09090909090907,110.0,2,2.0,5.5411227113322505,1.0289521098294188,0.830531038273375,18495.192188517885,-66.97287109193233
-99.2993588,19.3465983,Cuajimalpa de Morelos,14000.0,280.0,50.0,1,1.0,5.4086564426551185,0.8375632749817578,0.49427437331671703,64136.69075733826,358.1192196952733
-99.2115168,19.333359,La Magdalena Contreras,7500.0,187.5,40.0,1,1.0,5.346992075503532,0.9130767031092158,0.3233249370829295,29868.862907772374,298.251505436965
-99.1360896,19.4324484,Cuauhtémoc,19600.0,426.0869565217391,46.0,1,1.0,5.985815507319281,1.1154164068216594,0.830531038273375,9320.493705686426,-52.446460685273344
-99.1476839,19.4332704,Cuauhtémoc,27500.0,723.6842105263158,38.0,1,1.0,6.421873732153953,1.3331755691774738,0.830531038273375,12440.997776719014,-54.76000808465813
-99.1738081,19.3896634,Benito Juárez,35000.0,259.25925925925924,135.0,3,2.0,5.675188663750376,0.6433232438917899,0.933319961735651,16557.808894278365,-52.6919745877761
-99.2150977,19.4497398,Miguel Hidalgo,30600.0,456.7164179104478,67.0,1,2.0,5.9186292495215405,1.091924822162438,0.8585849060226639,18835.135964695015,-38.447268089231976
-99.1633037,19.4058335,Cuauhtémoc,25000.0,757.5757575757576,33.0,1,1.0,6.222581880828109,1.5234971565796964,0.830531038273375,19725.17236293112,-21.099310548275522
-99.2520238,19.3815398,Álvaro Obregón,37000.0,352.3809523809524,105.0,2,2.0,5.95202134973965,1.0315388794966278,0.0,18711.301373982285,-49.428915205453286
-99.1624218,19.4379452,Cuauhtémoc,44900.0,632.3943661971831,71.0,2,2.0,6.08337894046476,1.424403096416113,0.830531038273375,15152.756616791914,-66.25221243476189
-99.2014215,19.442902,Miguel Hidalgo,24000.0,727.2727272727273,33.0,1,1.0,6.19241406010902,1.46288247656662,0.8585849060226639,25850.79572735026,7.711648863959423
-99.1771253,19.3694718,Benito Juárez,45000.0,401.7857142857143,112.0,2,2.0,5.448058178942887,1.5953130122132926,0.933319961735651,35822.4144141634,-20.39463463519244
-99.1625655,19.4183227,Cuauhtémoc,38000.0,351.85185185185185,108.0,3,2.0,6.12372747916858,0.7026401071575569,0.830531038273375,30437.051225957985,-19.902496773794777
-99.2854195,19.3528581,Cuajimalpa de Morelos,24000.0,428.57142857142856,56.0,1,1.0,5.720037418682361,1.28507480017247,0.49427437331671703,25683.086316408648,7.0128596517026995
-99.1624218,19.4379452,Cuauhtémoc,25000.0,471.6981132075472,53.0,1,1.0,6.32185742622955,1.062451357792411,0.830531038273375,25556.074394894356,2.2242975795774256
-99.2511696,19.3881071,Cuajimalpa de Morelos,18500.0,237.17948717948718,78.0,2,2.0,5.5910992478307255,0.6633462998520411,0.49427437331671703,18558.840988281183,0.3180593961145024
-99.1513127,19.391616,Benito Juárez,40000.0,233.91812865497076,171.0,4,2.0,5.624908400825455,0.9712433915632369,0.933319961735651,54838.53807557677,37.09634518894192
-99.2511696,19.3881071,Cuajimalpa de Morelos,21000.0,175.0,120.0,3,1.0,5.88196780331906,0.48944199962056,0.49427437331671703,12252.533826267287,-41.65460082729863
-99.1854833,19.3665269,Benito Juárez,29000.0,345.23809523809524,84.0,2,2.0,5.73074453745916,1.2130731023902743,0.933319961735651,10655.520233002944,-63.256826782748476
-99.1926322,19.4402557,Miguel Hidalgo,70000.0,573.7704918032787,122.0,3,2.0,5.952814467892417,1.1891486993542661,0.8585849060226639,48940.09285385002,-30.085581637357112
-99.2170818,19.4788586,Azcapotzalco,16000.0,160.0,100.0,3,1.0,5.372397124928923,0.7790377031599718,0.7799341145447056,24832.728969835676,55.20455606147298
-99.1926322,19.4402557,Miguel Hidalgo,42000.0,494.11764705882354,85.0,2,2.0,6.297371530284068,1.0240668799144974,0.8585849060226639,9518.437813973083,-77.3370528238736
-99.1415858,19.369771,Benito Juárez,24000.0,285.7142857142857,84.0,2,2.0,5.476348576593754,1.391149787444052,0.933319961735651,33543.25885802916,39.763578575121514
-99.2187752,19.4482601,Miguel Hidalgo,25000.0,423.728813559322,59.0,1,1.0,6.01903754654726,1.145821070290447,0.8585849060226639,40136.948906285266,60.54779562514106
-99.1854833,19.3665269,Benito Juárez,38000.0,404.25531914893617,94.0,2,2.0,5.981813863748231,1.4204436327328525,0.933319961735651,46793.963870731204,23.142010186134748
-99.1539172,19.4360737,Cuauhtémoc,18000.0,545.4545454545455,33.0,1,1.0,6.192425054023669,1.2138018509393194,0.830531038273375,20326.72730125549,12.926262784752726
-99.2187752,19.4482601,Miguel Hidalgo,26000.0,481.48148148148147,54.0,1,1.0,6.088262368802234,1.3019922383892932,0.8585849060226639,40572.42266001178,56.04777946158378
-99.2014215,19.442902,Miguel Hidalgo,80000.0,522.875816993464,153.0,3,3.0,6.178508670564778,1.051745571387766,0.8585849060226639,21682.074100249974,-72.89740737468755
-99.2004274,19.3348794,Álvaro Obregón,63000.0,393.75,160.0,3,3.0,5.348234085795423,1.4538200962977321,0.0,26671.27610559753,-57.66464110222614
-99.2014215,19.442902,Miguel Hidalgo,38000.0,535.2112676056338,71.0,1,1.0,6.159306273363065,1.0765578788817731,0.8585849060226639,37935.59339259402,-0.16949107212100276
-99.2187752,19.4482601,Miguel Hidalgo,26000.0,433.3333333333333,60.0,1,1.0,6.020063840791835,1.1717930145503639,0.8585849060226639,21461.54406046763,-17.455599767432194
-99.2014215,19.442902,Miguel Hidalgo,55000.0,308.9887640449438,178.0,3,3.0,6.185817610669756,0.6215195915188237,0.8585849060226639,27087.683457046263,-50.749666441734064
-99.2014215,19.442902,Miguel Hidalgo,42000.0,368.42105263157896,114.0,2,2.0,6.182197914373047,0.7410654651028272,0.8585849060226639,56633.588109848475,34.84187645202017
-99.272261,19.3581682,Cuajimalpa de Morelos,60000.0,298.5074626865672,201.0,2,2.0,5.935805040331463,0.84591222746412,0.49427437331671703,12414.969083376898,-79.3083848610385
-99.2187752,19.4482601,Miguel Hidalgo,31000.0,373.49397590361446,83.0,2,2.0,6.100888799641608,1.009979150631917,0.8585849060226639,47695.259019409124,53.85567425615847
-99.1360896,19.4324484,Cuauhtémoc,20000.0,454.54545454545456,44.0,1,1.0,5.971280292395786,1.1899154618227352,0.830531038273375,34120.180108399494,70.60090054199748
-99.176429,19.4148639,Cuauhtémoc,52000.0,433.3333333333333,120.0,2,2.0,6.315035923966127,0.8758342363428981,0.830531038273375,19817.582873142368,-61.889263705495445
-99.2797931,19.3419761,Cuajimalpa de Morelos,55000.0,275.0,200.0,3,3.0,6.311189428510839,0.846648278068031,0.49427437331671703,26444.391134949667,-51.91928884554606
-99.2200317,19.3490912,Álvaro Obregón,120000.0,287.08133971291863,418.0,3,4.0,5.135013450449368,1.2372967459756399,0.0,24169.435822665222,-79.85880348111232
-99.2612571,19.3610393,Álvaro Obregón,32000.0,533.3333333333334,60.0,2,1.0,5.737955666155291,1.4996602427518613,0.0,35066.37672443844,9.582427263870136
-99.2187752,19.4482601,Miguel Hidalgo,17400.0,446.15384615384613,39.0,1,1.0,5.986743086135602,1.2064614469335107,0.8585849060226639,38117.02638146915,119.06337000844339
-99.1906167,19.4071156,Miguel Hidalgo,23500.0,618.421052631579,38.0,1,1.0,5.914324790476078,1.5590049284238099,0.8585849060226639,48240.42139452272,105.27838891286262
-99.2016172,19.2919275,Tlalpan,20500.0,288.7323943661972,71.0,2,2.0,5.341490299636182,1.8815759764615052,0.3919311241687132,12094.142627117364,-41.00418230674456
-99.1476839,19.4332704,Cuauhtémoc,27200.0,680.0,40.0,1,1.0,6.412767231581505,1.2527002439107608,0.830531038273375,99217.55987512865,264.7704407173847
-99.1331785,19.4326296,Cuauhtémoc,19200.0,505.2631578947368,38.0,1,1.0,6.0526448714809655,1.230494062790786,0.830531038273375,19193.437785758662,-0.03417819917363356
-99.1738081,19.3896634,Benito Juárez,22300.0,586.8421052631579,38.0,1,1.0,5.690332069569432,1.4561839291249876,0.933319961735651,8825.774975923388,-60.42253374025386
-99.1633037,19.4058335,Cuauhtémoc,23400.0,570.7317073170732,41.0,1,1.0,6.150690168565966,1.1477507359130161,0.830531038273375,51084.20536786514,118.30856994814162
-99.1331785,19.4326296,Cuauhtémoc,20000.0,526.3157894736842,38.0,1,1.0,6.046095422988439,1.281764648740402,0.830531038273375,36996.321799965895,84.98160899982948
-99.1476839,19.4332704,Cuauhtémoc,27200.0,647.6190476190476,42.0,1,1.0,6.409615273109593,1.1930478513435816,0.830531038273375,128559.70932097816,372.645990150655
-99.1476839,19.4332704,Cuauhtémoc,19200.0,505.2631578947368,38.0,1,1.0,6.41093921506331,0.9307989428439088,0.830531038273375,44724.756462414836,132.94143990841062
-99.190915,19.43353,Miguel Hidalgo,55000.0,239.1304347826087,230.0,3,2.0,5.726228508879937,0.47547373800697074,0.8585849060226639,12946.207396322254,-76.46144109759591
-99.1973084,19.4445111,Miguel Hidalgo,25600.0,731.4285714285714,35.0,1,1.0,5.37477392749233,1.474061938504732,0.8585849060226639,12831.10175345568,-49.87850877556375
-99.2251761,19.3865622,Álvaro Obregón,95000.0,271.42857142857144,350.0,3,3.0,5.604191538491054,1.6404453884988655,0.0,19094.87245874202,-79.90013425395578
-99.1624218,19.4379452,Cuauhtémoc,19400.0,510.5263157894737,38.0,1,1.0,6.299622405794368,1.149907880086481,0.830531038273375,53898.656578076516,177.82812669111604
-99.190915,19.43353,Miguel Hidalgo,85000.0,369.5652173913044,230.0,3,3.0,5.797996381641214,0.7348230496471366,0.8585849060226639,25027.08692832996,-70.5563683196118
-99.190915,19.43353,Miguel Hidalgo,33100.0,945.7142857142857,35.0,1,1.0,5.817098582344478,1.880406009063412,0.8585849060226639,4233.919480215505,-87.20870247669032
-99.190915,19.43353,Miguel Hidalgo,95000.0,431.8181818181818,220.0,3,3.0,5.764307653207287,0.8586034029299431,0.8585849060226639,3513.8222637960653,-96.30123972231992
-99.190915,19.43353,Miguel Hidalgo,45000.0,202.7027027027027,222.0,3,2.0,5.651732802135263,0.4030428491705281,0.8585849060226639,7993.306166135536,-82.23709740858769
-99.2251761,19.3865622,Álvaro Obregón,60000.0,220.58823529411765,272.0,3,3.0,5.699210129843922,1.3331793017986135,0.0,13704.887848237264,-77.15852025293789
-99.272261,19.3581682,Cuajimalpa de Morelos,24000.0,171.42857142857142,140.0,3,2.0,5.526585233273014,0.48579530777225166,0.49427437331671703,5180.737392236769,-78.41359419901346
-99.1669733,19.2880603,Tlalpan,40000.0,444.44444444444446,90.0,1,1.0,5.394541111269125,2.2021745636339425,0.3919311241687132,6986.830309412946,-82.53292422646764
-99.190915,19.43353,Miguel Hidalgo,75000.0,375.0,200.0,2,2.0,5.662938047382157,0.7456292709654768,0.8585849060226639,17842.02930643242,-76.21062759142345
-99.2612571,19.3610393,Álvaro Obregón,44000.0,283.8709677419355,155.0,3,2.0,5.82106509857512,0.7982062582388938,0.0,17079.243776383235,-61.18353687185628
-99.190915,19.43353,Miguel Hidalgo,10000.0,25.0,400.0,3,3.0,5.676025737730767,0.04970861806436513,0.8585849060226639,9708.68066301155,-2.9131933698845023
-99.190915,19.43353,Miguel Hidalgo,75000.0,326.0869565217391,230.0,3,2.0,5.639147051910935,0.6483732791004146,0.8585849060226639,4100.130223465247,-94.53315970204635
-99.1757027,19.3060161,Coyoacán,15000.0,189.873417721519,79.0,2,1.0,5.6290896849948515,0.7260034936835827,0.750956198657275,3765.92158600706,-74.89385609328627
-99.1924105,19.3446449,Álvaro Obregón,70000.0,280.0,250.0,3,3.0,6.205222971406192,1.1871958151929345,0.0,9022.367179328909,-87.11090402953012
-99.2014215,19.442902,Miguel Hidalgo,60000.0,461.53846153846155,130.0,2,2.0,6.170878486157112,0.9283677255134319,0.8585849060226639,3800.48037648068,-93.66586603919886
-99.190915,19.43353,Miguel Hidalgo,80000.0,449.438202247191,178.0,3,3.0,5.634725534122684,0.8936380775616202,0.8585849060226639,6548.710934732311,-91.81411133158461
-99.1646123,19.4615193,Azcapotzalco,15000.0,241.93548387096774,62.0,2,2.0,5.373593014751786,1.200275612172446,0.7799341145447056,7484.32781803953,-50.104481213069796
-99.190915,19.43353,Miguel Hidalgo,75000.0,576.9230769230769,130.0,2,2.0,5.693563551683569,1.1471219553315029,0.8585849060226639,4961.701701592228,-93.38439773121036
-99.190915,19.43353,Miguel Hidalgo,88000.0,293.3333333333333,300.0,3,3.0,5.82986920591931,0.5832477852885507,0.8585849060226639,41546.11542602327,-52.78850519770083
-99.190915,19.43353,Miguel Hidalgo,45000.0,321.42857142857144,140.0,2,2.0,5.683607128089389,0.6391108036846945,0.8585849060226639,5099.884593777848,-88.66692312493812
-99.2511696,19.3881071,Cuajimalpa de Morelos,41000.0,301.47058823529414,136.0,3,2.0,5.841899986510135,0.8431563859009648,0.49427437331671703,8275.701013631253,-79.81536338138719
-99.190915,19.43353,Miguel Hidalgo,80000.0,380.95238095238096,210.0,3,2.0,5.691983517725232,0.7574646562188971,0.8585849060226639,3833.017698217849,-95.20872787722769
-99.1876125,19.3762376,Benito Juárez,21500.0,241.57303370786516,89.0,2,1.0,5.825706366966885,1.1360129158070733,0.933319961735651,9869.000729304562,-54.09767102649041
-99.2097114,19.3568172,Álvaro Obregón,67000.0,418.75,160.0,3,3.0,5.966210270371131,1.5944998250433366,0.0,17672.406935399227,-73.62327323074743
-99.2797931,19.3419761,Cuajimalpa de Morelos,130000.0,541.6666666666666,240.0,3,3.0,5.622492077599504,1.667640547709758,0.49427437331671703,7164.344322597994,-94.48896590569386
-99.2026262,19.3375522,Álvaro Obregón,27000.0,168.75,160.0,3,2.0,5.373680340471076,0.6337717049724237,0.0,7910.884381467062,-70.70042821678865
-99.2200317,19.3490912,Álvaro Obregón,25000.0,168.9189189189189,148.0,2,2.0,5.642873807177942,0.7280265200138196,0.0,3075.730626699465,-87.69707749320214
-99.190915,19.43353,Miguel Hidalgo,9000.0,24.456521739130434,368.0,3,3.0,5.807224947841754,0.048627995932531094,0.8585849060226639,25888.559335623297,187.6506592847033
-99.2520238,19.3815398,Álvaro Obregón,38000.0,294.5736434108527,129.0,3,2.0,5.991712871556497,0.86231722798901,0.0,12956.507978428888,-65.90392637255556
-99.1876125,19.3762376,Benito Juárez,28000.0,341.4634146341463,82.0,2,2.0,5.478183716256557,1.6057539343115295,0.933319961735651,6803.187333899707,-75.70290237892962
-99.0666396,19.409865,Iztacalco,16000.0,179.77528089887642,89.0,3,2.0,5.360146025668729,1.7213755887118043,0.7626118203348291,6045.566419330858,-62.21520987918213
-99.2511696,19.3881071,Cuajimalpa de Morelos,29000.0,281.5533980582524,103.0,2,2.0,5.626027287352783,0.7874517608319689,0.49427437331671703,1987.6241831777468,-93.14612350628363
-99.272261,19.3581682,Cuajimalpa de Morelos,37000.0,296.0,125.0,2,2.0,6.026048634360905,0.8388065647534213,0.49427437331671703,11684.503478390225,-68.42026086921561
-99.1754969,19.4528837,Miguel Hidalgo,17900.0,263.2352941176471,68.0,2,2.0,5.35910719078942,0.9510127236117892,0.8585849060226639,7808.202867512005,-56.37875493010053
-99.2180671,19.2850106,Tlalpan,5500.0,100.0,55.0,1,1.0,5.268177342629369,0.47706376234505615,0.3919311241687132,10024.026447887027,82.25502632521867
-99.2612571,19.3610393,Álvaro Obregón,34000.0,317.7570093457944,107.0,1,2.0,5.734150840179553,0.8934891633217865,0.0,7876.830649177067,-76.83285103183215
-99.1975367,19.3837754,Álvaro Obregón,18000.0,300.0,60.0,2,2.0,5.6534608642804836,1.1879952834420786,0.0,3860.133345085257,-78.55481474952634
-99.1975367,19.3837754,Álvaro Obregón,22000.0,285.7142857142857,77.0,3,2.0,5.710085191540411,1.1314240794686463,0.0,20868.813401247535,-5.1417572670566605
-99.1924105,19.3446449,Álvaro Obregón,15000.0,500.0,30.0,1,1.0,5.452547602373288,2.1199925271302402,0.0,24663.21947129119,64.42146314194127
-99.2180671,19.2850106,Tlalpan,12700.0,195.3846153846154,65.0,2,1.0,4.627855164080785,0.9321091971972636,0.3919311241687132,7153.871230033018,-43.67030527533057
-99.2612571,19.3610393,Álvaro Obregón,32000.0,355.55555555555554,90.0,1,1.0,5.77675934237241,0.9997734951679074,0.0,7772.357958861726,-75.7113813785571
-99.1302215,19.3019879,Tlalpan,12000.0,150.0,80.0,3,1.0,5.374007208984248,0.9491499802754955,0.3919311241687132,6605.423569104601,-44.954803590794995
-99.2298654,19.2841671,Tlalpan,120000.0,380.95238095238096,315.0,3,3.0,5.352459701491933,1.8682473192232028,0.3919311241687132,8246.36266629451,-93.12803111142125
-99.190915,19.43353,Miguel Hidalgo,95000.0,240.50632911392404,395.0,4,3.0,5.715352321511035,0.4782094902394619,0.8585849060226639,5325.347475525258,-94.39437107839447
-99.1360896,19.4324484,Cuauhtémoc,27000.0,627.9069767441861,43.0,1,1.0,5.932863363912587,1.6437436844714062,0.830531038273375,7531.314762433532,-72.10624162061656
-99.1906167,19.4071156,Miguel Hidalgo,52000.0,400.0,130.0,2,2.0,5.363226484554086,1.0083776558315707,0.8585849060226639,7147.615816941414,-86.25458496742037
-99.1926322,19.4402557,Miguel Hidalgo,20000.0,588.2352941176471,34.0,0,1.0,5.968005598175089,1.2191272379934492,0.8585849060226639,19190.238630000084,-4.048806849999583
-99.1476839,19.4332704,Cuauhtémoc,24000.0,648.6486486486486,37.0,1,1.0,6.406201114578254,1.1949445887860992,0.830531038273375,9601.873838750886,-59.992192338537976
-99.1625655,19.4183227,Cuauhtémoc,27000.0,642.8571428571429,42.0,1,1.0,6.002283684457123,1.283771022851777,0.830531038273375,7975.205697581253,-70.46220112006944
-99.1926322,19.4402557,Miguel Hidalgo,27000.0,642.8571428571429,42.0,1,1.0,5.975364574867319,1.332331910092841,0.8585849060226639,8538.483134253513,-68.37598839165366
-99.1926322,19.4402557,Miguel Hidalgo,31000.0,620.0,50.0,1,1.0,6.070952919332531,1.2849601088450955,0.8585849060226639,12824.452347673152,-58.6307988784737
-99.2612571,19.3610393,Álvaro Obregón,65000.0,203.125,320.0,2,4.0,5.813825201806685,0.5711596627668221,0.0,30827.67401042061,-52.572809214737525
-99.176429,19.4148639,Cuauhtémoc,50000.0,568.1818181818181,88.0,1,1.0,5.522447820875576,1.1483840511489047,0.830531038273375,5801.157537293652,-88.3976849254127
-99.1625655,19.4183227,Cuauhtémoc,32000.0,326.53061224489795,98.0,2,1.0,6.142075074306086,0.6520741703374104,0.830531038273375,4733.787517213072,-85.20691400870915
-99.2612571,19.3610393,Álvaro Obregón,32000.0,307.6923076923077,104.0,2,2.0,5.817695353048626,0.8651886015876121,0.0,7365.027786501652,-76.98428816718234
-99.1625655,19.4183227,Cuauhtémoc,28000.0,491.2280701754386,57.0,1,1.0,6.009270757246065,0.98097122993742,0.830531038273375,16499.728163906468,-41.07239941461976
-99.176429,19.4148639,Cuauhtémoc,63000.0,381.8181818181818,165.0,2,2.0,5.915509394973771,0.7717140823720641,0.830531038273375,7772.684628855365,-87.66240535102324
-99.1906167,19.4071156,Miguel Hidalgo,45000.0,463.91752577319585,97.0,1,1.0,5.979856821353186,1.1695101678458937,0.8585849060226639,12229.922068953183,-72.82239540232626
-99.1476839,19.4332704,Cuauhtémoc,22000.0,628.5714285714286,35.0,1,1.0,6.406081356749747,1.1579582086570057,0.830531038273375,14416.73809053385,-34.46937231575522
-99.190915,19.43353,Miguel Hidalgo,65000.0,596.3302752293578,109.0,1,1.0,5.7050574863347485,1.1857101556637553,0.8585849060226639,6190.714031403768,-90.47582456707113
-99.2299319,19.3582419,Álvaro Obregón,16000.0,228.57142857142858,70.0,3,2.0,5.309011264275943,1.0153119445725716,0.0,11053.253589378628,-30.91716506638357
-99.2511696,19.3881071,Cuajimalpa de Morelos,56000.0,264.1509433962264,212.0,2,2.0,5.6133267678691245,0.7387803767857509,0.49427437331671703,22189.488548486584,-60.375913306273965
-99.272261,19.3581682,Cuajimalpa de Morelos,20000.0,322.5806451612903,62.0,1,1.0,5.386853727674285,0.9141309554854199,0.49427437331671703,7277.399596411034,-63.613002017944844
-99.190915,19.43353,Miguel Hidalgo,15000.0,25.0,600.0,4,4.0,5.795871094848849,0.04970861806436513,0.8585849060226639,10452.626368414978,-30.31582421056681
-99.1476839,19.4332704,Cuauhtémoc,33500.0,418.75,80.0,1,1.0,6.428019722497763,0.7714238634376928,0.830531038273375,3298.878403722765,-90.15260177993204
-99.142124,19.481292,Gustavo A. Madero,19500.0,121.875,160.0,2,2.0,5.36801697830397,0.9533107688757572,0.829803447501769,18195.52987905479,-6.6895903638215914
-99.2299319,19.3582419,Álvaro Obregón,16000.0,177.77777777777777,90.0,3,2.0,5.3359774597865135,0.789687068000889,0.0,9084.907910895055,-43.2193255569059
-99.1569296,19.4666602,Azcapotzalco,16000.0,213.33333333333334,75.0,2,2.0,5.432404351895551,1.0131364534404683,0.7799341145447056,12788.108707116584,-20.074320580521352
-99.1771646,19.4320972,Miguel Hidalgo,38000.0,253.33333333333334,150.0,2,2.0,6.144562373402003,0.6239352360339817,0.8585849060226639,11390.634809256982,-70.0246452387974
-99.1906167,19.4071156,Miguel Hidalgo,26000.0,356.16438356164383,73.0,1,1.0,5.939711587331405,0.897870515466467,0.8585849060226639,6819.814012012083,-73.76994610764584
-99.2996246,19.3572429,Cuajimalpa de Morelos,44000.0,269.93865030674846,163.0,3,3.0,5.356217098690825,1.082733380535855,0.49427437331671703,4678.960751082671,-89.36599829299394
-99.1513127,19.391616,Benito Juárez,36500.0,309.3220338983051,118.0,2,2.0,5.437489727827784,1.2843253450088863,0.933319961735651,13697.119470260466,-62.47364528695763
-99.2993588,19.3465983,Cuajimalpa de Morelos,70000.0,224.35897435897436,312.0,2,2.0,5.865971043573726,0.6711244190558957,0.49427437331671703,9141.267375823503,-86.94104660596642
-99.1854833,19.3665269,Benito Juárez,49000.0,245.0,200.0,1,2.0,5.979051710961779,0.860863601627305,0.933319961735651,8013.2553245917115,-83.64641770491488
-99.190915,19.43353,Miguel Hidalgo,79000.0,451.42857142857144,175.0,2,2.0,5.8359627841943675,0.8975956176193931,0.8585849060226639,9209.440128775632,-88.3424808496511
-99.1771646,19.4320972,Miguel Hidalgo,19900.0,361.8181818181818,55.0,1,2.0,6.103012726210864,0.8911228131872897,0.8585849060226639,10594.506105456123,-46.761275851979285
-99.1688607,19.3838913,Benito Juárez,45000.0,351.5625,128.0,2,2.0,5.5822729011014145,1.0909437396591548,0.933319961735651,12041.59867379794,-73.24089183600458
-99.1205924,19.4675479,Gustavo A. Madero,14300.0,332.5581395348837,43.0,1,1.0,5.333347186470387,1.4559947308153507,0.829803447501769,9754.292308155536,-31.78816567723401
-99.1331785,19.4326296,Cuauhtémoc,43900.0,434.65346534653463,101.0,3,2.0,6.040606249948421,1.0585345480340291,0.830531038273375,7920.392809171536,-81.95810294038375
-99.1712126,19.4093714,Cuauhtémoc,20000.0,307.6923076923077,65.0,1,1.0,5.7453265885024,0.6923383334146473,0.830531038273375,9390.236792423275,-53.048816037883626
-99.1331785,19.4326296,Cuauhtémoc,35600.0,456.4102564102564,78.0,2,2.0,6.060425656041393,1.1115200107794976,0.830531038273375,18937.56547060376,-46.80459137470854
-99.190915,19.43353,Miguel Hidalgo,110000.0,359.47712418300654,306.0,3,3.0,5.666583863631225,0.7147644427555769,0.8585849060226639,13854.114132245886,-87.40535078886738
-99.1476839,19.4332704,Cuauhtémoc,19600.0,515.7894736842105,38.0,1,1.0,6.415078706185968,0.9501905874864903,0.830531038273375,7239.09504005819,-63.06584163235618
-99.272261,19.3581682,Cuajimalpa de Morelos,67000.0,354.4973544973545,189.0,3,3.0,6.046664205807658,1.0045767166895327,0.49427437331671703,9043.130558574048,-86.50279021108351
-99.2014215,19.442902,Miguel Hidalgo,32000.0,400.0,80.0,2,2.0,6.196253574537272,0.804585362111641,0.8585849060226639,14862.199844495724,-53.55562548595086
-99.2150977,19.4497398,Miguel Hidalgo,19400.0,380.3921568627451,51.0,0,1.0,6.138720175550188,0.9094475739117882,0.8585849060226639,4070.0958565651213,-79.02012445069525
-99.1331785,19.4326296,Cuauhtémoc,24100.0,547.7272727272727,44.0,1,1.0,6.084990625806,1.3339091651323414,0.830531038273375,23256.645641506897,-3.4993956783946185
-99.1619751,19.3498606,Coyoacán,27500.0,289.4736842105263,95.0,2,2.0,5.3855149177137625,2.1243275589472375,0.750956198657275,8181.108438682859,-70.25051476842596
-99.2014215,19.442902,Miguel Hidalgo,50000.0,416.6666666666667,120.0,2,2.0,6.166607634833163,0.838109752199626,0.8585849060226639,15606.543350068603,-68.78691329986279
-99.2014215,19.442902,Miguel Hidalgo,60000.0,500.0,120.0,2,3.0,6.1589030423919455,1.0057317026395511,0.8585849060226639,10317.828801344125,-82.80361866442647
-99.1331785,19.4326296,Cuauhtémoc,21600.0,568.421052631579,38.0,0,1.0,6.0770894997864575,1.3843058206396344,0.830531038273375,5953.9067864628305,-72.43561672933875
-99.2014215,19.442902,Miguel Hidalgo,70000.0,416.6666666666667,168.0,3,3.0,6.222155816496822,0.838109752199626,0.8585849060226639,12869.054982000476,-81.61563573999932
-99.2014215,19.442902,Miguel Hidalgo,37000.0,528.5714285714286,70.0,1,1.0,6.158645091271981,1.0632020856475255,0.8585849060226639,10643.774812561684,-71.23304104713058
-99.2014215,19.442902,Miguel Hidalgo,60000.0,508.47457627118644,118.0,2,3.0,6.183382197900361,1.0227780026842894,0.8585849060226639,5799.686675110551,-90.33385554148242
-99.1360896,19.4324484,Cuauhtémoc,20000.0,307.6923076923077,65.0,2,2.0,5.983491518700009,0.8054812356953899,0.830531038273375,12905.05764118725,-35.47471179406375
-99.2014215,19.442902,Miguel Hidalgo,40500.0,519.2307692307693,78.0,1,1.0,6.161771884550347,1.044413691202611,0.8585849060226639,2977.2406849620434,-92.64878843219248
-99.2014215,19.442902,Miguel Hidalgo,35000.0,411.7647058823529,85.0,2,2.0,6.213896292130028,0.8282496374678656,0.8585849060226639,9641.743262492262,-72.45216210716497
-99.190915,19.43353,Miguel Hidalgo,70000.0,355.3299492385787,197.0,2,2.0,5.726364011458614,0.7065184293412302,0.8585849060226639,1849.9143022346846,-97.35726528252188
-99.1441313,19.3863757,Benito Juárez,18000.0,240.0,75.0,2,1.0,5.356826790168019,1.6202962820018296,0.933319961735651,21870.815793682097,21.504532187122763
-99.2187752,19.4482601,Miguel Hidalgo,38000.0,567.1641791044776,67.0,1,1.0,6.020383285786831,1.533690053487273,0.8585849060226639,14467.926237207477,-61.92650990208559
-99.2612571,19.3610393,Álvaro Obregón,28000.0,388.8888888888889,72.0,1,1.0,5.7578439338011735,1.0935022603398987,0.0,34636.2472368541,23.700882988764636
-99.1331785,19.4326296,Cuauhtémoc,29000.0,362.5,80.0,2,2.0,6.070980218131745,0.882815401819952,0.830531038273375,11549.514422859622,-60.17408819703579
-99.0695045,19.4045642,Iztacalco,19000.0,158.33333333333334,120.0,2,1.0,5.368720094188859,1.5407272124009872,0.7626118203348291,64933.670007977744,241.75615793672497
-99.1668669,19.3601941,Benito Juárez,42000.0,466.6666666666667,90.0,2,2.0,5.991321441860286,1.2241007307949803,0.933319961735651,14518.743721815978,-65.43156256710482
-99.1688607,19.3838913,Benito Juárez,30000.0,333.3333333333333,90.0,2,2.0,5.5848633921619975,1.034376286491643,0.933319961735651,17366.015719420968,-42.11328093526344
-99.1668669,19.3601941,Benito Juárez,36000.0,360.0,100.0,2,2.0,6.0719382206137595,0.9443062780418419,0.933319961735651,11465.48015579156,-68.1514440116901
-99.2511696,19.3881071,Cuajimalpa de Morelos,25000.0,714.2857142857143,35.0,0,2.0,5.589427247127185,1.9977224474308573,0.49427437331671703,10530.696404086439,-57.87721438365424
-99.1738081,19.3896634,Benito Juárez,25000.0,396.8253968253968,63.0,1,1.0,5.331184509436967,0.9846784345282499,0.933319961735651,24775.274788538343,-0.898900845846627
-99.2196568,19.3374093,Álvaro Obregón,25000.0,290.69767441860466,86.0,2,2.0,5.277658896974053,1.4427324877134717,0.0,16389.056105634798,-34.44377557746081
-99.157701,19.3718796,Benito Juárez,27000.0,317.6470588235294,85.0,2,2.0,5.368448407115566,0.9729949522289183,0.933319961735651,5920.6193725558305,-78.07178010164507
-99.1771646,19.4320972,Miguel Hidalgo,29000.0,353.6585365853659,82.0,2,2.0,6.094793442362486,0.8710264046045638,0.8585849060226639,13758.075635109535,-52.558359878932635
-99.190915,19.43353,Miguel Hidalgo,100000.0,500.0,200.0,3,3.0,5.67212636420861,0.9941723612873025,0.8585849060226639,8955.78567590067,-91.04421432409934
-99.1705556,19.2514512,Tlalpan,33000.0,161.76470588235293,204.0,3,2.0,5.361827589264702,1.0110452367290204,0.3919311241687132,6034.241329759091,-81.71442021285125
-99.1360896,19.4324484,Cuauhtémoc,23000.0,575.0,40.0,1,1.0,5.939736885607985,1.50524305920576,0.830531038273375,13709.681914899455,-40.39268732652411
-99.190915,19.43353,Miguel Hidalgo,7500.0,15.060240963855422,498.0,3,3.0,5.711373183982167,0.029944950641183812,0.8585849060226639,8046.066852610017,7.280891368133561
-99.1633037,19.4058335,Cuauhtémoc,19800.0,482.9268292682927,41.0,1,1.0,6.213979527062423,0.9711736996187059,0.830531038273375,9401.194934833027,-52.5192175008433
-99.2095072,19.4344621,Miguel Hidalgo,70000.0,388.8888888888889,180.0,3,2.0,6.085451466677797,1.4426691501233047,0.8585849060226639,17245.62014640057,-75.36339979085632
-99.272261,19.3581682,Cuajimalpa de Morelos,44000.0,244.44444444444446,180.0,2,2.0,6.0458808605900485,0.6927081240456182,0.49427437331671703,14686.756033184609,-66.62100901548952
-99.1451728,19.4449101,Cuauhtémoc,17800.0,356.0,50.0,2,2.0,5.336436367267265,1.4569656702169658,0.830531038273375,10101.647929920155,-43.24916893303284
-99.190915,19.43353,Miguel Hidalgo,100000.0,186.56716417910448,536.0,4,3.0,5.681878946858777,0.37095983630123225,0.8585849060226639,14772.83703107743,-85.22716296892257
-99.190915,19.43353,Miguel Hidalgo,45000.0,375.0,120.0,2,2.0,5.665556105457575,0.7456292709654768,0.8585849060226639,6924.472075258792,-84.61228427720269
-99.190915,19.43353,Miguel Hidalgo,75000.0,300.0,250.0,3,2.0,5.644380791536155,0.5965034167723815,0.8585849060226639,10389.515618324749,-86.14731250890034
-99.2511696,19.3881071,Cuajimalpa de Morelos,10000.0,14.285714285714286,700.0,4,4.0,5.881458936860538,0.03995444894861715,0.49427437331671703,8406.45256364312,-15.93547436356879
-99.2196839,19.3883825,Álvaro Obregón,17600.0,237.83783783783784,74.0,2,1.0,5.399613911661992,1.3120892095572685,0.0,8055.394519708773,-54.23071295620014
-99.2196839,19.3883825,Álvaro Obregón,19000.0,256.7567567567568,74.0,1,1.0,5.372099362116201,1.4164599421356876,0.0,9094.218114731171,-52.135694132993834
-99.190915,19.43353,Miguel Hidalgo,33000.0,434.2105263157895,76.0,2,1.0,5.702142881746727,0.8633602084863417,0.8585849060226639,10700.454491239849,-67.57438032957621
-99.2251761,19.3865622,Álvaro Obregón,30000.0,333.3333333333333,90.0,2,2.0,5.506622665949345,2.014582056051238,0.0,17020.081638883825,-43.26639453705391
-99.2196839,19.3883825,Álvaro Obregón,19500.0,201.03092783505156,97.0,2,2.0,5.513297372235821,1.1090351039076491,0.0,10633.933797995907,-45.46700616412355
-99.1625603,19.2944436,Tlalpan,14700.0,128.94736842105263,114.0,3,2.0,5.35661067567516,0.713923336974902,0.3919311241687132,8432.987757064424,-42.632736346500515
-99.1761603,19.3824219,Benito Juárez,18000.0,360.0,50.0,1,1.0,5.363312372438007,1.8006610004939352,0.933319961735651,12437.934935078141,-30.900361471788102
-99.1926322,19.4402557,Miguel Hidalgo,45000.0,375.0,120.0,3,2.0,6.076155844758721,0.7771936142208239,0.8585849060226639,16878.0668460926,-62.49318478646089
-99.2102915,19.4425356,Miguel Hidalgo,53000.0,389.70588235294116,136.0,2,2.0,5.661041029711628,1.1456728987203506,0.8585849060226639,9623.881002846498,-81.8417339568934
-99.1539172,19.4360737,Cuauhtémoc,65000.0,353.2608695652174,184.0,2,3.0,6.24322755140559,0.7861126117949396,0.830531038273375,22901.0632179486,-64.76759504930985
-99.190915,19.43353,Miguel Hidalgo,110000.0,428.01556420233464,257.0,2,2.0,5.723382665316518,0.8510424882615041,0.8585849060226639,2430.665011888357,-97.79030453464695
-99.2976727,19.3678753,Cuajimalpa de Morelos,29500.0,197.98657718120805,149.0,3,2.0,5.375299078726269,0.8458896641327025,0.49427437331671703,4159.2612249704525,-85.90080940687982
-99.2199296,19.3596182,Álvaro Obregón,16000.0,246.15384615384616,65.0,1,1.0,5.376828896296344,0.8944343254584903,0.0,17546.65172622999,9.666573288937434
-99.2779741,19.3631581,Cuajimalpa de Morelos,27500.0,229.16666666666666,120.0,2,2.0,5.886309267860659,0.6014157807658169,0.49427437331671703,19308.625521073533,-29.786816287005337
-99.2500639,19.3377839,Álvaro Obregón,26000.0,325.0,80.0,2,2.0,5.37190529580425,1.5720392012379931,0.0,30384.824720414406,16.864710463132333
-99.1539172,19.4360737,Cuauhtémoc,32000.0,390.2439024390244,82.0,1,1.0,6.158662318546053,0.8684110803468301,0.830531038273375,11666.15635571853,-63.543261388379605
-99.1609858,19.3698638,Benito Juárez,16500.0,257.8125,64.0,2,2.0,5.929843329881158,0.7190242903062162,0.933319961735651,17629.79045014182,6.847214849344361
-99.2511696,19.3881071,Cuajimalpa de Morelos,19500.0,243.75,80.0,2,2.0,5.7081840411233316,0.68172278518578,0.49427437331671703,7737.447741791011,-60.32078081132815
-99.190915,19.43353,Miguel Hidalgo,20000.0,500.0,40.0,1,1.0,5.6950002787113085,0.9941723612873025,0.8585849060226639,7870.836153706177,-60.64581923146911
-99.2043226,19.3349129,Álvaro Obregón,23500.0,213.63636363636363,110.0,3,2.0,5.353876448881216,0.7599474201791014,0.0,18282.342526461005,-22.202797759740402
-99.1415858,19.369771,Benito Juárez,29000.0,241.66666666666666,120.0,3,2.0,5.642287399824933,1.1766808618797606,0.933319961735651,21198.09362342547,-26.9031254364639
-99.1456676,19.3755626,Benito Juárez,21000.0,323.0769230769231,65.0,2,2.0,5.3918413088339845,1.4969775354878914,0.933319961735651,12020.14527310808,-42.76121298519961
-99.1165989,19.3005329,Tlalpan,17000.0,242.85714285714286,70.0,3,1.0,5.372377929372513,1.5719901501890206,0.3919311241687132,10609.677543142021,-37.59013209916458
-99.190915,19.43353,Miguel Hidalgo,153000.0,676.9911504424779,226.0,3,4.0,5.641423163396329,1.3460917812120112,0.8585849060226639,6290.043770682314,-95.88886028059981
-99.2453489,19.4005527,Miguel Hidalgo,11000.0,366.6666666666667,30.0,1,1.0,4.975701055716931,1.3102246749071906,0.8585849060226639,8752.400719177822,-20.432720734747072
-99.272261,19.3581682,Cuajimalpa de Morelos,8000.0,170.2127659574468,47.0,1,1.0,5.490046347572245,0.4823499509795407,0.49427437331671703,10183.67034410988,27.2958793013735
-99.2996246,19.3572429,Cuajimalpa de Morelos,55000.0,337.4233128834356,163.0,3,3.0,5.3665024170344955,1.3534167256698186,0.49427437331671703,9698.337673184547,-82.36665877602809
-99.1757027,19.3060161,Coyoacán,21000.0,283.7837837837838,74.0,2,2.0,5.256145302860947,1.0850808973162738,0.750956198657275,12281.92969024154,-41.51462052265933
-99.2178522,19.4312023,Miguel Hidalgo,26000.0,260.0,100.0,2,1.0,5.352041985344084,0.9004554648967824,0.8585849060226639,9096.945884657604,-65.01174659747076
-99.2102915,19.4425356,Miguel Hidalgo,15000.0,300.0,50.0,1,1.0,5.7441691042828165,0.8819519673167983,0.8585849060226639,19482.183689191992,29.881224594613283
-99.1513127,19.391616,Benito Juárez,40000.0,180.18018018018017,222.0,4,3.0,5.6839506925767544,0.7481199097176284,0.933319961735651,11327.56259480456,-71.6810935129886
-99.1688607,19.3838913,Benito Juárez,36000.0,330.27522935779814,109.0,3,3.0,5.727464563898234,1.0248865957898847,0.933319961735651,26314.27020216171,-26.904804993995246
-99.1926322,19.4402557,Miguel Hidalgo,150000.0,612.2448979591836,245.0,3,3.0,5.979419799738004,1.2688875334217533,0.8585849060226639,8966.285809328458,-94.02247612711436
-99.2095072,19.4344621,Miguel Hidalgo,60000.0,437.95620437956205,137.0,1,2.0,5.95855635293701,1.6246951847061197,0.8585849060226639,11690.16733891138,-80.51638776848104
-99.1926322,19.4402557,Miguel Hidalgo,165000.0,673.469387755102,245.0,3,3.0,6.009975854896656,1.3957762867639287,0.8585849060226639,8365.166517039985,-94.93020211088485
-99.2511696,19.3881071,Cuajimalpa de Morelos,120000.0,393.44262295081967,305.0,3,3.0,5.598216160151467,1.1003848235028983,0.49427437331671703,31143.23847535657,-74.0473012705362
-99.190915,19.43353,Miguel Hidalgo,80000.0,490.79754601226995,163.0,2,2.0,5.691463524798974,0.9758747104660638,0.8585849060226639,18900.37829932619,-76.37452712584228
-99.1476839,19.4332704,Cuauhtémoc,45000.0,362.9032258064516,124.0,3,3.0,6.409674265650109,0.6685425874760939,0.830531038273375,15889.503828523797,-64.68999149216934
-99.2779741,19.3631581,Cuajimalpa de Morelos,24900.0,292.94117647058823,85.0,2,2.0,5.781393110996804,0.768783038685887,0.49427437331671703,14423.29979345807,-42.075101231092084
-99.17153,19.2794154,Tlalpan,16000.0,210.52631578947367,76.0,3,1.0,5.390134788969697,1.0300600234100272,0.3919311241687132,7722.275139185651,-51.73578038008968
-99.1952423,19.3906515,Álvaro Obregón,88000.0,227.97927461139898,386.0,3,3.0,5.392233309828513,0.7433329879319547,0.0,8768.987100461545,-90.03524193129371
-99.272261,19.3581682,Cuajimalpa de Morelos,65000.0,464.2857142857143,140.0,3,2.0,5.805738544845637,1.315695625216515,0.49427437331671703,17014.534971785586,-73.82379235109909
-99.14322,19.4214424,Cuauhtémoc,24000.0,480.0,50.0,1,1.0,5.388004064029639,2.890800718832995,0.830531038273375,10201.089121756084,-57.49546199268298
-99.1771646,19.4320972,Miguel Hidalgo,17000.0,566.6666666666666,30.0,1,1.0,5.906861251975031,1.395644606918117,0.8585849060226639,16276.476886326413,-4.256018315726985
-99.272261,19.3581682,Cuajimalpa de Morelos,48500.0,359.25925925925924,135.0,3,2.0,5.834842122043412,1.0180710307943175,0.49427437331671703,4278.930670258679,-91.17746253554913
-99.1771646,19.4320972,Miguel Hidalgo,16900.0,563.3333333333334,30.0,1,1.0,5.895807334110531,1.3874349327597753,0.8585849060226639,70064.27033934809,314.5814812979177
-99.1952423,19.3906515,Álvaro Obregón,23000.0,230.0,100.0,2,2.0,5.380899402823235,0.7499216212340788,0.0,44751.79067006125,94.5730029133098
-99.2993588,19.3465983,Cuajimalpa de Morelos,22500.0,401.7857142857143,56.0,2,1.0,5.441000390609458,1.2018605667786701,0.49427437331671703,8720.036013593515,-61.24428438402882
-99.190915,19.43353,Miguel Hidalgo,6000.0,27.027027027027028,222.0,3,3.0,5.7524673318692505,0.053739046556070404,0.8585849060226639,8437.02207887243,40.617034647873815
-99.1550215,19.3760816,Benito Juárez,11500.0,287.5,40.0,1,1.0,5.361042943046294,1.0456972646862421,0.933319961735651,7731.06265557519,-32.773368212389656
-99.1331785,19.4326296,Cuauhtémoc,52000.0,433.3333333333333,120.0,2,2.0,6.016475443707898,1.0553195607962644,0.830531038273375,11714.75569422411,-77.47162366495364
-99.1165989,19.3005329,Tlalpan,16000.0,213.33333333333334,75.0,3,1.0,5.481858263896459,1.380885465264081,0.3919311241687132,7810.351881071265,-51.185300743304595
-99.1712126,19.4093714,Cuauhtémoc,63000.0,512.1951219512196,123.0,2,2.0,5.748779529827983,1.1524900306231631,0.830531038273375,6395.492659639348,-89.84842434977881
-99.12984,19.4468471,Cuauhtémoc,15000.0,306.1224489795918,49.0,2,1.0,5.380559499958602,2.4484729540876033,0.830531038273375,56283.76899554923,275.22512663699484
-99.2184637,19.4210896,Miguel Hidalgo,31000.0,300.97087378640776,103.0,2,1.0,5.31159199062997,1.0685733408796463,0.8585849060226639,9187.353788921073,-70.36337487444816
-99.1200004,19.3043066,Coyoacán,16000.0,213.33333333333334,75.0,2,1.0,5.376748690627399,1.8176415064932672,0.750956198657275,9666.879623929115,-39.58200235044303
-99.1744155,19.4179354,Condesa,4200.0,84.0,50.0,2,2.0,5.380897966291091,0.17096204573527626,0.5,20105.050439572136,378.6916771326699
-99.1332,19.4326,No Identificada,3200.0,10.996563573883162,291.0,1,2.0,5.351072232222256,0.036859765440830736,0.5,52796.374533757305,1549.8867041799158
-99.1850116,19.2863585,44300 Guadalajara,11000.0,150.68493150684932,73.0,4,2.0,5.376947063669369,0.7394236624700075,0.5,11118.497190809734,1.0772471891794009
-99.1090475,19.4083054,No Identificada,7200.0,64.28571428571429,112.0,3,2.0,5.37041848041194,0.3743380384160873,0.5,13869.842954996484,92.6367077082845
-99.1850116,19.2863585,Guadalajara,5100.0,51.0,100.0,1,2.0,5.349707704184122,0.2502612995796216,0.5,13325.04828967012,161.27545666019842
-99.1850116,19.2863585,44648 Guadalajara,8000.0,112.67605633802818,71.0,1,2.0,5.370450191849994,0.5529109076600311,0.5,12039.984460164571,50.499805752057135
-99.1850116,19.2863585,44600 Guadalajara,10300.0,149.2753623188406,69.0,3,2.0,5.3848324146177315,0.7325067876300377,0.5,24436.176375796334,137.24443083297413
-99.1935327,19.4315938,Polanco,3300.0,150.0,22.0,2,2.0,5.340780055401433,0.3728191025623832,0.5,35741.11648568871,983.064135929961
-99.1692213,19.4123557,Tlalnepantla,8000.0,119.40298507462687,67.0,3,2.0,5.359977085300545,0.2607208016995129,0.5,8373.112777941556,4.663909724269456
-99.1808391,19.3049052,No Identificada,8500.0,90.42553191489361,94.0,2,2.0,5.349248813476482,0.34601472754358037,0.5,15931.038340093077,87.42398047168327
-99.1849259,19.321597,Coyoacán,8000.0,80.0,100.0,2,2.0,5.524345509358513,0.3728712073837786,0.750956198657275,10033.350367246194,25.416879590577423
-99.1783746,19.5321239,54110 Tlalnepantla,7500.0,50.0,150.0,4,2.0,5.36857460919245,0.2791527442911924,0.5,14020.884143344872,86.94512191126496
-99.1603471,19.40301,64630 Monterrey,6500.0,28.017241379310345,232.0,1,2.0,5.366227377048313,0.05914488880807474,0.5,16584.878435409686,155.1519759293798
-99.1367744,19.3428708,45210 Zapopan,7900.0,75.96153846153847,104.0,2,2.0,5.33833133090848,0.3486440218571053,0.5,20969.233429290452,165.43333454798042
-99.2004922,19.3662991,No Identificada,4000.0,10.0,400.0,1,2.0,5.374844216498168,0.04108817254213603,0.5,25946.205934508453,548.6551483627113
-99.1332,19.4326,No Identificada,4000.0,12.012012012012011,333.0,1,2.0,5.345187281709398,0.040263482519826366,0.5,14614.45877654389,265.36146941359726
-99.1565788,19.3605494,No Identificada,5200.0,13.0,400.0,1,2.0,5.392297427559894,0.09888583293186354,0.5,16333.531823187293,214.10638121514026
-99.149146,19.4179402,No Identificada,3000.0,6.0,500.0,1,2.0,5.364742588902494,0.025116383003215018,0.5,15398.99598409288,413.2998661364294
-99.1168782,19.3014378,No Identificada,22500.0,150.0,150.0,3,2.0,5.3605779996633265,0.9305134768952474,0.5,15019.889969709386,-33.24493346795829
-99.2003373,19.4411193,No Identificada,5900.0,178.78787878787878,33.0,3,2.0,5.371218524663443,0.3567462953225638,0.5,13266.707923178743,124.85945632506343
-99.176429,19.4148639,Condesa,5300.0,10.0,530.0,1,2.0,5.3416324753308215,0.020211559300220727,0.5,26239.37571262961,395.08256061565305
-99.1440487,19.4132002,No Identificada,5000.0,22.026431718061673,227.0,1,2.0,5.362970261640237,0.12057701359211138,0.5,28528.76340475164,470.57526809503287
-99.1750493,19.386333,No Identificada,5000.0,8.992805755395683,556.0,1,2.0,5.358707325727602,0.03777620483429237,0.5,18050.456356622395,261.00912713244793
-99.1642827,19.3512067,Colonia Del Carmen,6000.0,11.009174311926605,545.0,1,2.0,5.362287010463032,0.08253561106814304,0.5,27650.54969349301,360.84249489155013
-99.1808828,19.3463172,Coyoacán,12000.0,444.44444444444446,27.0,4,2.0,5.33856018333931,1.6481003500942324,0.750956198657275,17358.632685875127,44.65527238229273
-99.1408879,19.2986877,Colonia Potrero Acoxpa,22000.0,258.8235294117647,85.0,3,2.0,5.3682673213423335,2.0560567861926584,0.5,8316.700153398253,-62.19681748455339
-99.1806334,19.4653314,Colonia Clavería,12000.0,64.86486486486487,185.0,2,2.0,5.354848969662296,0.639107684890169,0.5,10161.949506541056,-15.317087445491204
-99.2144166,19.3898887,No Identificada,3500.0,7.0,500.0,1,2.0,5.3688021242785515,0.036305470949096724,0.5,15717.393185356123,349.0683767244606
-99.1357347,19.4868547,Colonia Churubusco Tepeyac,3500.0,10.0,350.0,1,2.0,5.382270460717268,0.10353232394806514,0.5,15960.311436121281,356.0088981748938
-99.0935577,19.3577446,Iztapalapa,3200.0,17.97752808988764,178.0,1,2.0,5.350387202416097,0.2132816541226766,1.0,12644.327125480304,295.1352226712595
-99.1553027,19.4537412,No Identificada,5500.0,19.031141868512112,289.0,1,2.0,5.3770126371932445,0.09952265549787852,0.5,9729.45446873292,76.89917215878036
-99.1800979,19.3829715,Benito Juárez,13000.0,40.0,325.0,3,2.0,4.6416453251254675,0.19225878970626092,0.933319961735651,11659.895599554942,-10.308495388038907
-99.176429,19.4148639,Condesa,54000.0,166.15384615384616,325.0,2,2.0,5.359679275837135,0.33582283144982134,0.5,4052.5832401061293,-92.49521622202569
-99.1487126,19.3324301,No Identificada,3800.0,6.998158379373849,543.0,1,2.0,5.361425555596032,0.04036833276560823,0.5,59034.99986675231,1453.5526280724293
-99.1055949,19.3760526,No Identificada,3000.0,12.987012987012987,231.0,1,2.0,5.359800694188496,0.13745497265185727,0.5,2667.0637697258385,-11.09787434247205
-99.190915,19.43353,Polanco,9500.0,42.0353982300885,226.0,1,2.0,5.81170053172154,0.08358086223211836,0.5,15992.00514766628,68.336896291224
-99.2675488,19.3620504,Santa Fe,6800.0,22.149837133550488,307.0,1,2.0,5.346481832604758,0.06842953907841473,0.5,21578.155751478218,217.3258198746797
-99.198337,19.3708083,Colonia La Cascada,10000.0,62.893081761006286,159.0,2,2.0,5.380039417518279,0.26467891027029483,0.5,28786.082761737853,187.86082761737853
-99.1330838,19.4875162,Colonia Churubusco Tepeyac,17000.0,125.92592592592592,135.0,4,2.0,5.356268649443662,1.4469642090482986,0.5,144112.86006947426,747.722706291025
-99.1751724,19.4186475,Condesa,4200.0,84.0,50.0,1,2.0,5.370058086430603,0.16358121289128152,0.5,51356.37130278953,1122.7707453045125
-99.1781109,19.2818599,No Identificada,4400.0,15.017064846416382,293.0,1,2.0,5.366369537935764,0.06887175668675206,0.5,12879.434535018469,192.71442125041972
-99.1520198,19.4879827,Barrio De Coltongo,3300.0,6.0,550.0,1,2.0,5.389928973134742,0.04435590844373222,0.5,13048.434063494775,295.407092833175
-99.1120889,19.4585639,No Identificada,5600.0,35.0,160.0,1,2.0,5.380552667234003,0.11805633563157482,0.5,7829.157394021314,39.80638203609489
-99.2023706,19.4469331,Miguel Hidalgo,3500.0,60.3448275862069,58.0,1,2.0,5.346430931611934,0.14302702644417262,0.8585849060226639,13813.981030191053,294.68517229117293
-99.149146,19.4179402,No Identificada,7000.0,30.97345132743363,226.0,1,2.0,5.377963698347545,0.12965684441187694,0.5,16052.509791896877,129.32156845566968
-99.0780276,19.3886249,No Identificada,7000.0,79.54545454545455,88.0,3,2.0,5.385440022565051,0.4925830209837083,0.5,5098.660959021618,-27.161986299691176
-99.1773029,19.4284079,No Identificada,4800.0,9.00562851782364,533.0,1,2.0,5.356673185377375,0.02151396284988607,0.5,31344.58865944643,553.0122637384673
-99.2079494,19.3038442,Tlalpan,8500.0,197.67441860465115,43.0,2,2.0,5.352773270673398,0.7689931538195339,0.3919311241687132,36942.9825237983,334.62332380939176
-99.1871337,19.4325446,Polanco,4500.0,180.0,25.0,2,2.0,5.375928505604394,0.42452672616633236,0.5,5190.353391565199,15.34118647922664
-99.1629828,19.3488917,Coyoacán,6000.0,20.97902097902098,286.0,1,2.0,5.373417187553094,0.1636921014522068,0.750956198657275,19987.558879453263,233.12598132422107
-99.190915,19.43353,Polanco,8000.0,186.04651162790697,43.0,3,2.0,5.375545025554196,0.3699245995487637,0.5,8948.965045740355,11.862063071754438
-99.1788632,19.450631,No Identificada,3800.0,10.857142857142858,350.0,1,2.0,5.388827020616375,0.0340984194619456,0.5,60537.405520751425,1493.0896189671428
-99.2737186,19.3653514,Colonia Lomas De Vista Hermosa,10000.0,434.7826086956522,23.0,4,2.0,5.3648842497356934,1.2152154873059333,0.5,17449.0358032521,74.490358032521
-99.1800979,19.3829715,Benito Juárez,10000.0,102.04081632653062,98.0,2,2.0,3.7320436374036183,0.49045609618944114,0.933319961735651,11877.479311620804,18.774793116208038
-99.1332,19.4326,No Identificada,6200.0,29.95169082125604,207.0,1,2.0,5.356821787284226,0.1003961183700888,0.5,24931.5975800497,302.1225416137048
-99.176429,19.4148639,Condesa,6000.0,100.0,60.0,1,2.0,5.363950802390044,0.20211559300220727,0.5,13806.665618426154,130.11109364043588
-99.1098256,19.4264684,No Identificada,7000.0,97.22222222222223,72.0,2,2.0,5.368204446120834,0.574708181779511,0.5,22149.626930175662,216.4232418596523
-99.1332,19.4326,No Identificada,6000.0,45.11278195488722,133.0,1,2.0,5.3718203461072624,0.15121510916280656,0.5,22553.52937040567,275.89215617342785
-99.102144,19.311445,Unidad Habitacional Obrero Ctm Culhuacán 9,9000.0,52.02312138728324,173.0,2,2.0,5.361923818335223,0.4530848965082141,0.5,8213.468528466643,-8.739238572592855
-99.1444529,19.3898354,Colonia Miguel Alemán,5500.0,14.986376021798366,367.0,1,2.0,4.109827869328568,0.06688974116629483,0.5,15162.206314619829,175.67647844763326
-99.1289166,19.3379672,No Identificada,5000.0,20.0,250.0,1,2.0,5.373238885338446,0.147869685825022,0.5,27479.079427284414,449.5815885456883
-99.0047499,19.2703914,Tláhuac,4800.0,13.994169096209912,343.0,1,2.0,5.360482970446437,0.08338655736961297,0.5773137898079344,10826.919187889947,125.5608164143739
-99.2136879,19.4156998,Lomas De Chapultepec,65000.0,295.45454545454544,220.0,3,2.0,5.335247696685515,1.0112109233969215,0.5,29490.826267533714,-54.629498049948126
-99.0663725,19.4057974,Colonia Agrícola Pantitlán,3500.0,20.0,175.0,1,2.0,5.371169953823495,0.18721455370795917,0.5,10993.26950134405,214.0934143241157
-99.1403951,19.4350386,Centro,8000.0,76.92307692307692,104.0,2,2.0,5.350802972939421,0.2147122657068211,0.5,14117.623980407929,76.47029975509912
-99.1331785,19.4326296,Cuauhtémoc,9500.0,120.25316455696202,79.0,3,2.0,5.380270439409176,0.2928588849337248,0.830531038273375,33612.55102888812,253.81632661987493
-99.1332,19.4326,No Identificada,5500.0,50.0,110.0,1,2.0,5.36409573990422,0.16759674598877727,0.5,32057.165498604405,482.8575545200801
-99.1629828,19.3488917,Coyoacán,4500.0,14.018691588785046,321.0,1,2.0,5.35112804448343,0.1093830397554466,0.750956198657275,13077.464469722541,190.61032154938982
-99.1629828,19.3488917,Coyoacán,32000.0,213.33333333333334,150.0,3,2.0,5.371627084800763,1.6645667916562186,0.750956198657275,13132.9097100232,-58.9596571561775
-99.1539359,19.3142126,No Identificada,5000.0,20.0,250.0,1,2.0,5.366685683613647,0.13926360664900317,0.5,11676.761882046378,133.53523764092756
-99.1144386,19.5036005,Colonia Zacatenco,13000.0,84.9673202614379,153.0,4,2.0,5.386297903832265,0.7885709380610968,0.5,12629.399390282559,-2.8507739209033947
-99.1332,19.4326,No Identificada,12500.0,66.84491978609626,187.0,2,2.0,5.350483275339122,0.2240598208406113,0.5,28353.76307939016,126.83010463512127
-99.1892558,19.4928133,Colonia México Nuevo,4500.0,14.018691588785046,321.0,1,2.0,5.3649414650137555,0.06943435743465728,0.5,55501.01121272196,1133.3558047271547
-99.0386994,19.2976305,Tláhuac,6800.0,60.176991150442475,113.0,2,2.0,5.366537069178094,0.39742647686534327,0.5773137898079344,18444.881509520972,171.24825749295547
-99.1890762,19.467811,No Identificada,6000.0,31.914893617021278,188.0,1,2.0,5.366602878193601,0.23058328211365003,0.5,13615.982606245982,126.93304343743304
-99.1405071,19.3260298,No Identificada,5000.0,15.015015015015015,333.0,1,2.0,5.364853553249082,0.10124610195485143,0.5,9153.996176415101,83.07992352830202
-99.109797,19.3439702,Colonia Minerva,4500.0,20.0,225.0,1,2.0,5.351976859981711,0.20808222971394522,0.5,31885.202483697798,608.5600551932844
-99.1719619,19.3089908,Unidad Habitacional Villa Panamericana,10000.0,52.91005291005291,189.0,2,2.0,5.34580582118788,0.20452093861246787,0.5,9973.446747973645,-0.2655325202635504
-99.1300613,19.4709744,No Identificada,6000.0,37.9746835443038,158.0,1,2.0,5.366063780665782,0.2559457163841506,0.5,22269.281950730834,271.15469917884724
-99.1416177,19.4881116,Colonia Valle Del Tepeyac,6900.0,6.9,1000.0,1,2.0,5.3853310464240955,0.06024450886682194,0.5,27503.257780225103,298.5979388438421
-99.1599116,19.3018519,Colonia Media Luna,14000.0,89.74358974358974,156.0,3,2.0,5.326348986736524,0.5643087850834388,0.5,11886.643219130396,-15.095405577640031
-99.1135482,19.4191658,Venustiano Carranza,12900.0,50.0,258.0,2,2.0,5.35329605703062,0.28789627534859513,0.761616411382061,15766.250378684814,22.21899518360321
-99.1849631,19.4604837,No Identificada,4000.0,17.02127659574468,235.0,1,2.0,2.8284968754348956,0.1204077539267891,0.5,8256.42703250215,106.41067581255375
-99.134564,19.5628107,Colonia Juventino Rosas,5500.0,25.0,220.0,1,2.0,5.383453613184905,0.17464838083934517,0.5,8291.264087138286,50.75025612978703
-99.1387668,19.4532676,Nonoalco Tlatelolco,15000.0,140.18691588785046,107.0,3,2.0,5.382303330735154,1.0454979168386764,0.5,9252.742114595414,-38.31505256936391
-99.190915,19.43353,Polanco,5000.0,10.0,500.0,1,2.0,5.312765281796509,0.01988344722574605,0.5,9344.247840913944,86.88495681827888
-99.0565783,19.385885,Unidad Habitacional Ejército Constitucionalista,3500.0,18.04123711340206,194.0,1,2.0,5.37417401471018,0.13388186373957292,0.5,9821.791037825007,180.62260108071447
-99.2169479,19.398169,Miguel Hidalgo,17000.0,106.25,160.0,3,2.0,5.351804008113637,0.5282165620461199,0.8585849060226639,9882.936744654316,-41.86507797262167
-99.1520014,19.4246141,Roma,4000.0,57.971014492753625,69.0,1,2.0,5.381470422616528,0.13483460439363834,0.5,11713.990510013595,192.84976275033986
-99.176429,19.4148639,Condesa,7300.0,37.055837563451774,197.0,1,2.0,5.330964982045126,0.07489562583330522,0.5,11740.135885806563,60.82377925762415
-99.1629828,19.3488917,Coyoacán,25000.0,500.0,50.0,3,2.0,5.320119114193535,3.901328417944262,0.750956198657275,11921.606559905304,-52.31357376037879
-99.190915,19.43353,Polanco,7000.0,13.011152416356877,538.0,1,2.0,5.367692713150879,0.025870656241677014,0.5,13841.582769642979,97.7368967091854
-99.2079494,19.3038442,Tlalpan,8000.0,55.172413793103445,145.0,2,2.0,4.0158142077310055,0.21463176057924518,0.3919311241687132,14034.124047290028,75.42655059112535
-99.1277182,19.4535613,No Identificada,3000.0,6.0,500.0,1,2.0,2.2933990454179436,0.04245670424849153,0.5,9741.778134746935,224.72593782489784
-99.2211716,19.3784776,Presidentes,7000.0,40.0,175.0,2,2.0,5.3394383641285295,0.19842294594244714,0.5,12770.34286724589,82.43346953208415
-99.2038871,19.4415499,No Identificada,3600.0,120.0,30.0,2,2.0,5.371543538676898,0.2868363364040916,0.5,16722.174400859694,364.50484446832485
-99.1222462,19.2742848,Colonia Paseos Del Sur,13500.0,103.84615384615384,130.0,3,2.0,5.390985677924021,0.7076533371592065,0.5,16481.310228064376,22.08377946714353
-99.1455181,19.433109,No Identificada,4100.0,10.0,410.0,1,2.0,5.36547959928279,0.019177926763374983,0.5,14386.248318467633,250.88410532847885
-99.1533294,19.4369782,Tabacalera,5000.0,15.151515151515152,330.0,1,2.0,5.368403954518264,0.035939883943540994,0.5,14219.40917474959,184.3881834949918
-99.2211716,19.3784776,Presidentes,5000.0,22.026431718061673,227.0,1,2.0,5.3633011954778524,0.10926373675244885,0.5,13953.187956582544,179.06375913165087
-99.0431341,19.3038941,Colonia Gutiérrez Nájera,6500.0,48.148148148148145,135.0,2,2.0,5.3738545609418615,0.26433549485951596,0.5,13432.447838076827,106.65304366272042
-99.1489143,19.3616941,Colonia Portales Sur,4000.0,8.0,500.0,1,2.0,5.370525959155788,0.05033003770953686,0.5,14790.90513169405,269.77262829235127
-99.1200358,19.2945768,Colonia Residencial Villa Coapa Supermanzana 8,12000.0,57.971014492753625,207.0,3,2.0,5.365785095862765,0.5815478760490299,0.5,16365.506716010415,36.37922263342013
-99.1332,19.4326,No Identificada,6500.0,20.0,325.0,1,2.0,5.364587308892316,0.06703869839551091,0.5,12438.004484928733,91.35391515274975
-99.1055949,19.3760526,No Identificada,13300.0,80.12048192771084,166.0,3,2.0,5.362061788489689,0.8479978162214881,0.5,18434.187048378222,38.602910138182125
-99.2056708,19.4262844,No Identificada,60000.0,198.01980198019803,303.0,3,2.0,5.374377016469891,0.4626529349393716,0.5,15867.83077751322,-73.5536153708113
-99.1453002,19.4578778,No Identificada,3500.0,7.0,500.0,1,2.0,5.358149877565844,0.0475232684379121,0.5,16573.402109739236,373.5257745639782
-99.1154766,19.2979195,Colonia Rinconada Coapa 2A. Sección,25000.0,120.77294685990339,207.0,3,2.0,5.365018136994416,0.7952172501763596,0.5,18789.195933482137,-24.84321626607145
-99.2098733,19.4557464,No Identificada,14000.0,60.08583690987125,233.0,3,2.0,5.364217022231253,0.19047566515110786,0.5,22407.073411941583,60.050524371011306
-99.1336114,19.5574204,Barrio Cuautepec El Alto,9000.0,28.037383177570092,321.0,3,2.0,5.388327172206644,0.195246383441162,0.5,18278.81599470556,103.09795549672846
-99.176429,19.4148639,Condesa,6800.0,11.99294532627866,567.0,1,2.0,5.347703685157828,0.024239612564638614,0.5,26286.282150419545,286.5629728002874
-99.1270048,19.2667081,Colonia Tepepan,24900.0,220.35398230088495,113.0,3,2.0,5.355757966474173,1.2417089243221573,0.5,23550.534795206535,-5.419538975074157
-99.14305,19.433015,Barrio Chino,5600.0,17.02127659574468,329.0,1,2.0,5.365393006639894,0.037600888480399886,0.5,24404.91491689527,335.8020520874156
-99.165883,19.328714,No Identificada,4300.0,7.992565055762082,538.0,1,2.0,5.384030611546949,0.07600737365262294,0.5,44700.375097409335,939.5436069164962
-99.1073053,19.3770513,No Identificada,4100.0,20.0,205.0,1,2.0,5.34396773354131,0.17112489415287263,0.5,105376.86579941005,2470.1674585221963
-99.1904939,19.4681069,Ángel Zimbrón,6100.0,31.93717277486911,191.0,1,2.0,4.037882896789124,0.24269279208629238,0.5,17226.1249957822,182.39549173413442
-99.1269976,19.293775,Unidad Habitacional Narciso Mendoza 5 Villa Coapa,12000.0,64.86486486486487,185.0,3,2.0,5.370384702548169,0.5956614571230459,0.5,17170.70924090415,43.089243674201256
-99.1300613,19.4709744,No Identificada,3300.0,10.0,330.0,1,2.0,5.373620024938352,0.06739903864782631,0.5,36957.0601869068,1019.9109147547514
-99.1332,19.4326,No Identificada,4500.0,14.018691588785046,321.0,1,2.0,5.380650174028618,0.04698974186601231,0.5,25782.65831623278,472.9479625829507
-99.190915,19.43353,Polanco,5000.0,200.0,25.0,3,2.0,2.393042639065052,0.397668944514921,0.5,69887.16911365265,1297.743382273053
-99.104835,19.296834,No Identificada,3800.0,8.0,475.0,1,2.0,2.373349662212709,0.054550495756579075,0.5,11140.817460322316,193.17940685058724
-99.1317305,19.3139382,Fraccionamiento Los Olivos,4500.0,20.0,225.0,1,2.0,5.372370852248591,0.15250903818429926,0.5,10535.89661818485,134.13103595966334
-99.1906884,19.4620958,No Identificada,6000.0,55.04587155963303,109.0,2,2.0,5.333344366967665,0.4561696669283954,0.5,19894.595267950917,231.57658779918197
-99.1169501,19.3535523,Colonia Granjas Esmeralda,5000.0,34.96503496503497,143.0,1,2.0,5.370728377529731,0.30845644376422476,0.5,18052.420138892165,261.0484027778433
-99.1629828,19.3488917,Coyoacán,7500.0,50.0,150.0,1,2.0,3.2663435255091087,0.3901328417944262,0.750956198657275,32214.880430224875,329.531739069665
-99.0368838,19.3802724,No Identificada,3200.0,6.0037523452157595,533.0,1,2.0,5.364912141911089,0.04133228195578277,0.5,79806.38151804302,2393.9494224388445
-99.1629828,19.3488917,Coyoacán,4500.0,25.0,180.0,1,2.0,3.9007752357475334,0.1950664208972131,0.750956198657275,15381.236099740401,241.8052466608978
-99.1028875,19.3026705,Xochimilco,14000.0,40.0,350.0,3,2.0,5.37518535634714,0.2715056292269604,0.5681953697835378,5638.465740295771,-59.725244712173065
-99.1332,19.4326,No Identificada,30000.0,179.64071856287424,167.0,3,2.0,4.785598696077664,0.6021439975644691,0.5,61596.76108531013,105.32253695103375
-99.176429,19.4148639,Condesa,6000.0,18.9873417721519,316.0,1,2.0,5.357799879006257,0.03837637841814062,0.5,54578.044592585684,809.6340765430947
-99.0765068,19.1872091,Centro,7000.0,16.990291262135923,412.0,1,2.0,5.379324108907211,0.04992249630397104,0.5,10357.765650860272,47.968080726575316
-99.190915,19.43353,Polanco,8000.0,25.0,320.0,1,2.0,5.812360349202281,0.04970861806436513,0.5,35312.304199283804,341.40380249104754
-99.1267548,19.3079445,No Identificada,5500.0,13.994910941475826,393.0,1,2.0,5.346842514605571,0.09578611253892237,0.5,20513.986864043763,272.9815793462502
-99.1798611,19.4177417,No Identificada,6500.0,28.017241379310345,232.0,1,2.0,5.355390315746914,0.05076802125286244,0.5,84986.12907688381,1207.4789088751356
-99.2028246,19.4413067,No Identificada,3500.0,60.3448275862069,58.0,1,2.0,5.384639566997723,0.12252384782505442,0.5,56996.19741905283,1528.4627834015093
-99.165883,19.328714,No Identificada,10500.0,58.011049723756905,181.0,1,2.0,5.36163800024252,0.5516711470688256,0.5,50519.18703626453,381.13511463109074
-99.1273676,19.2893416,Colonia Narciso Mendoza Súper Manzana 2 Villa Coapa,13500.0,75.0,180.0,2,2.0,5.382913132248425,0.5982378780248349,0.5,58204.820560825436,331.1468189690773
-99.1122562,19.4064326,Colonia Viaducto Troncoso,7200.0,9.931034482758621,725.0,1,2.0,5.3725304329393,0.0534505178614901,0.5,32397.44235645696,349.96447717301334
-99.1860089,19.3379235,No Identificada,6000.0,12.987012987012987,462.0,1,2.0,5.344227399762824,0.05514267567132127,0.5,76256.1933141566,1170.9365552359434
-99.0181515,19.2410078,Colonia 2A. Sección Los Cerrillos,9500.0,197.91666666666666,48.0,3,2.0,5.345480880915,1.0740760976195871,0.5,25940.552494321997,173.0584473086526
-99.1345162,19.4567353,No Identificada,4200.0,8.0,525.0,1,2.0,5.36878759666738,0.07879044804551248,0.5,17314.993253436318,312.2617441294361
-99.1787251,19.4752563,Colonia Sindicato Mexicano De Electricistas,18500.0,105.11363636363636,176.0,3,2.0,5.3573725507943895,0.6564153812774032,0.5,35444.68787366034,91.59290742519103
-99.1517991,19.373681,No Identificada,6000.0,20.0,300.0,1,2.0,5.391784477141487,0.0843336357640871,0.5,11786.245680420721,96.43742800701203
-99.1200994,19.3470336,No Identificada,7000.0,30.042918454935624,233.0,1,2.0,5.374516217574387,0.2795924575757843,0.5,12795.756142978926,82.79651632827037
-99.190915,19.43353,Polanco,75000.0,230.06134969325154,326.0,3,2.0,5.345338424772231,0.4574412705309674,0.5,17424.861366019813,-76.76685151197358
-99.0705782,19.4105801,No Identificada,10000.0,76.92307692307692,130.0,2,2.0,3.3583619563203237,0.690015034472764,0.5,10451.704876110434,4.517048761104343
-99.1388636,19.3509584,Tlalpan,14600.0,109.77443609022556,133.0,3,2.0,5.402260768553462,0.6033854644847707,0.3919311241687132,13341.508219249798,-8.61980671746714
-99.1721825,19.4389504,No Identificada,4500.0,9.0,500.0,1,2.0,5.336266129983268,0.03426695714951717,0.5,26182.289958546797,481.8286657454844
-99.1812285,19.312209,Colonia Panamericana,5000.0,50.0,100.0,1,2.0,5.390966335011866,0.19441543266279943,0.5,20071.84103468826,301.4368206937652
-99.1789972,19.3688258,No Identificada,6300.0,27.03862660944206,233.0,1,2.0,5.3628981035973515,0.08949828921569127,0.5,18497.688195931678,193.61409834812187
-99.176429,19.4148639,Condesa,5500.0,16.97530864197531,324.0,1,2.0,5.356723762851891,0.034309745725683335,0.5,10528.896191798956,91.43447621452648
-99.1332,19.4326,No Identificada,3700.0,6.994328922495274,529.0,1,2.0,5.395891947007282,0.023444535355707972,0.5,39151.88935152199,958.1591716627564
-99.0706696,19.3581911,No Identificada,3300.0,6.0,550.0,1,2.0,5.3531701526134094,0.044361519736411545,0.5,29812.205934641144,803.4001798376105
-99.1120701,19.317015,Coapa,4500.0,14.018691588785046,321.0,1,2.0,5.356055096257781,0.09873968237180104,0.5,44185.084091456,881.8907575879113
-99.1343458,19.3281355,Colonia Avante,12500.0,69.83240223463687,179.0,2,2.0,5.3689283818028555,0.4583424464721435,0.5,44137.688382012864,253.1015070561029
-99.1484027,19.4293653,Centro,6000.0,38.96103896103896,154.0,1,2.0,5.369438462421389,0.07542845735357775,0.5,29378.67171178054,389.64452852967565
-99.1723876,19.4258034,Condesa,8900.0,189.36170212765958,47.0,2,2.0,5.394903586845562,0.36662758872179124,0.5,35375.52609186367,297.4778212568952
-99.190915,19.43353,Polanco,8000.0,16.0,500.0,1,2.0,5.363762159508779,0.03181351556119368,0.5,19893.443220580964,148.66804025726205
-99.237508,19.2785599,No Identificada,10000.0,64.93506493506493,154.0,2,2.0,4.260110236213841,0.3011544820930865,0.5,30383.98200901867,203.83982009018672
-99.1800979,19.3829715,Del Valle,9000.0,236.8421052631579,38.0,3,2.0,5.365816577492045,1.1383744127344397,0.5,38334.870946407755,325.94301051564173
-99.109797,19.3439702,Colonia Minerva,13000.0,138.29787234042553,94.0,3,2.0,5.354009518120208,1.4388664820645147,0.5,25419.86690430485,95.53743772542192
-99.176429,19.4148639,Condesa,5500.0,77.46478873239437,71.0,1,2.0,5.393505372977513,0.1565684171143859,0.5,10355.599819859124,88.28363308834771
-99.1900307,19.3040433,No Identificada,14000.0,42.94478527607362,326.0,3,2.0,3.8487284938199067,0.17083444845448653,0.5,12885.32658670644,-7.961952952096857
-99.2031498,19.3580045,Las Águilas,23000.0,219.04761904761904,105.0,3,2.0,5.362528471344845,0.8310793736449203,0.5,202307.088625743,779.5960375032304
-99.2869132,19.3621951,El Yaqui,28500.0,150.0,190.0,2,2.0,5.377112273595262,0.46271617762076644,0.5,13513.296385642545,-52.584924962657745
-99.176429,19.4148639,Condesa,11000.0,60.10928961748634,183.0,1,2.0,5.356424194950147,0.12149024715979673,0.5,38795.36597488007,252.68514522618247
-99.1513127,19.391616,Narvarte,39500.0,126.19808306709265,313.0,4,2.0,5.339182173684698,0.5239827067343358,0.5,8321.583041226735,-78.9327011614513
-99.1720825,19.3709491,Benito Juárez,5500.0,16.97530864197531,324.0,1,2.0,5.334309360762293,0.07387266577453344,0.933319961735651,33633.86701465865,511.5248548119755
-99.1384416,19.3189488,Unidad Habitacional Del Pacífico,15000.0,70.09345794392523,214.0,3,2.0,5.371706772256251,0.5681900064736536,0.5,28125.90400284495,87.506026685633
-99.184484,19.4646577,No Identificada,5000.0,10.0,500.0,1,2.0,5.352522390026396,0.08095835540160569,0.5,18584.242170958583,271.68484341917167
-99.1253757,19.2875771,No Identificada,5000.0,11.990407673860911,417.0,1,2.0,5.358057303188175,0.10146377328995354,0.5,39264.20322541521,685.2840645083041
-99.1277182,19.4535613,No Identificada,3000.0,9.00900900900901,333.0,1,2.0,1.934207487197978,0.06374880517791522,0.5,32359.715579917432,978.6571859972478
-99.1927058,19.4292581,Polanco,36000.0,100.0,360.0,2,2.0,5.355650166361996,0.2827586049338855,0.5,30316.068350421923,-15.788699026605768
-99.0047499,19.2703914,Tláhuac,5500.0,20.99236641221374,262.0,1,2.0,5.376759676039141,0.12508646666489734,0.5773137898079344,32737.34526609765,495.2244593835936
-99.1940677,19.4866073,Colonia La Preciosa,12000.0,55.04587155963303,218.0,2,2.0,5.410338196635528,0.2615949279918612,0.5,26135.278975184036,117.79399145986696
-99.1090475,19.4083054,No Identificada,5000.0,14.005602240896359,357.0,1,2.0,5.353426122314958,0.08155512819522599,0.5,21082.703069176703,321.65406138353404
-99.1789953,19.4737172,No Identificada,5800.0,18.012422360248447,322.0,1,2.0,5.352374010432141,0.10316932793620023,0.5,18448.153458959994,218.0716113613792
-99.1349646,19.2905429,Conjunto Residencial Villa Prado Coapa,22500.0,190.67796610169492,118.0,4,2.0,5.361895563060825,1.2888144149789618,0.5,30441.651788206982,35.29623016980881
-99.1646494,19.4738212,Colonia Hogares Ferrocarrileros,5000.0,15.015015015015015,333.0,1,2.0,5.3565423235589344,0.07793530469743386,0.5,24728.426369387093,394.5685273877419
-99.1310771,19.4071473,Ampliación Asturias,5000.0,15.015015015015015,333.0,1,2.0,5.3645077209294865,0.10759012404775105,0.5,8322.710094880278,66.45420189760556
-99.190915,19.43353,Polanco,14000.0,54.054054054054056,259.0,2,2.0,5.341080007028668,0.10747809311214081,0.5,22385.730620650942,59.89807586179244
-99.1350733,19.514275,No Identificada,10500.0,72.91666666666667,144.0,3,2.0,5.372967191618676,0.3452032236951428,0.5,37354.186350278214,255.75415571693537
-99.1332,19.4326,No Identificada,10000.0,59.880239520958085,167.0,2,2.0,5.3565599175728735,0.20071466585482306,0.5,38608.9139311705,286.089139311705
-99.0549682,19.2965377,Colonia La Nopalera,7000.0,70.0,100.0,2,2.0,5.357827320773081,0.3562917844493994,0.5,14633.390407755987,109.04843439651411
-99.1120432,19.3672857,Colonia San Juanico Nextipac,4200.0,18.025751072961373,233.0,1,2.0,5.332158235379,0.15692967515239717,0.5,21790.78189515907,418.8281403609302
-99.1888685,19.4205129,No Identificada,99000.0,210.19108280254778,471.0,3,2.0,5.378746374017707,0.5558383077705914,0.5,34133.61605340358,-65.52159994605698
-99.143579,19.3835398,No Identificada,5500.0,16.97530864197531,324.0,1,2.0,5.349620944105988,0.09837700642568115,0.5,19219.669509570584,249.44853653764696
-99.1193006,19.4388295,Morelos,7200.0,50.0,144.0,2,2.0,5.384584694993283,0.11705593217790784,0.5,15416.793368448616,114.1221301173419
-99.1778614,19.2821316,Colonia Santa Úrsula Xitla,24000.0,158.94039735099338,151.0,3,2.0,5.37524163561133,0.7538160933293044,0.5,17485.23805267677,-27.144841447180124
-99.2693307,19.3608852,No Identificada,9000.0,30.0,300.0,1,2.0,5.38422845876156,0.07698869239075344,0.5,103850.5787704324,1053.895319671471
-99.1924473,19.3443673,San Ángel,7000.0,25.0,280.0,1,2.0,5.355763111626144,0.10032573863730701,0.5,32731.76043220051,367.59657760286444
-99.1807856,19.4386574,Polanco,20600.0,42.04081632653061,490.0,1,2.0,3.7640948997305,0.13030957034473384,0.5,70122.76024461018,240.40174876024358
-99.0765068,19.1872091,Centro,8000.0,16.985138004246284,471.0,1,2.0,5.3726588063937655,0.04990735450952034,0.5,75845.17835549888,848.0647294437359
-99.143007,19.3675142,No Identificada,4800.0,9.00562851782364,533.0,1,2.0,5.378102941109701,0.04720524516470389,0.5,43230.90538482247,800.6438621838015
-99.1291304,19.4561462,Peralvillo,4800.0,13.008130081300813,369.0,1,2.0,3.4279748326602717,0.08643535809418398,0.5,46797.681440034015,874.9516966673752
-99.1120701,19.317015,Coapa,15000.0,47.92332268370607,313.0,3,2.0,5.401842307612021,0.33754460107931983,0.5,22529.293834441014,50.19529222960676
-99.162822,19.3681266,Santa Cruz Atoyac,15500.0,74.8792270531401,207.0,1,2.0,5.365878172439851,0.19441957811732366,0.5,51630.50538725504,233.10003475648412
-99.1961632,19.4367038,Polanco,6800.0,323.8095238095238,21.0,3,2.0,5.3994863259831165,0.5437638958080871,0.5,18540.640083503768,172.65647181623189
-99.1785591,19.3001509,Colonia Equipamiento Fábrica Fisisa,8000.0,100.0,80.0,1,2.0,5.356619050987378,0.3537485964393984,0.5,32193.273869543296,302.4159233692912
-99.1332,19.4326,No Identificada,11000.0,44.0,250.0,2,2.0,5.349749748909775,0.14748513647012398,0.5,18798.742498190404,70.89765907445822
-99.2264166,19.3117877,Colonia Héroes De Padierna,7200.0,30.0,240.0,1,2.0,5.341480546634125,0.12095068602337154,0.5,19990.119787210304,177.6405526001431
-99.1800979,19.3829715,Del Valle,15000.0,46.012269938650306,326.0,2,2.0,5.392364238212054,0.221156583251067,0.5,36904.22205719297,146.02814704795315
-99.1553871,19.3350742,Unidad Habitacional Uscovi Las Torres,25000.0,250.0,100.0,3,2.0,5.32713264286685,1.4418906545268484,0.5,58517.347929889125,134.0693917195565
-99.1332,19.4326,No Identificada,6500.0,11.992619926199263,542.0,1,2.0,5.366062458267741,0.04019848151022333,0.5,22498.348346300612,246.12843609693252
-99.1961863,19.4568954,No Identificada,3200.0,13.008130081300813,246.0,1,2.0,5.3290693665507805,0.05327948422220969,0.5,21732.199145228595,579.1312232883936
-99.1307335,19.4884589,No Identificada,4800.0,9.00562851782364,533.0,1,2.0,5.346532189404463,0.08700482852324516,0.5,21788.302184788477,353.92296218309326
-99.1283934,19.2901877,No Identificada,14000.0,80.0,175.0,3,2.0,5.3707481965042945,0.6533015676611489,0.5,15089.874142731338,7.784815305223843
-99.1289166,19.3379672,No Identificada,5000.0,20.0,250.0,1,2.0,5.355057315878757,0.147869685825022,0.5,28585.241255665598,471.704825113312
-99.2578633,19.3090559,Colonia San Bernabé,7500.0,44.91017964071856,167.0,2,2.0,5.356283030247451,0.26078491302281603,0.5,56680.110772844404,655.7348103045921
-99.2180775,19.3684879,No Identificada,10100.0,74.81481481481481,135.0,3,2.0,5.372942505636806,0.33600168424733734,0.5,26478.1645285754,162.16004483738018
-99.176429,19.4148639,Condesa,75000.0,230.06134969325154,326.0,2,2.0,5.377464481915097,0.4649898612013971,0.5,11362.019795339176,-84.8506402728811
-99.176429,19.4148639,Condesa,5500.0,16.97530864197531,324.0,1,2.0,5.356884718889319,0.034309745725683335,0.5,25273.27947265483,359.5141722300878
-99.1342539,19.2909402,No Identificada,20000.0,150.37593984962405,133.0,3,2.0,5.3429661869895355,1.0864663182811718,0.5,52131.754771758475,160.65877385879236
-99.0688778,19.3279714,Colonia El Rodeo,8500.0,44.973544973544975,189.0,1,2.0,5.390457940287743,0.20935578916515554,0.5,30121.355019713126,254.36888258486033
-99.2024692,19.4435904,Ampliación Granada,35000.0,84.95145631067962,412.0,2,2.0,5.353924677307084,0.17758441192342295,0.5,31987.28775519072,-8.60774927088366
-99.1351784,19.2839421,Colonia Bosques Residencial Sur,19000.0,139.7058823529412,136.0,2,2.0,5.361589548268946,0.8184186280145745,0.5,59311.0899774326,212.1636314601716
-99.1158749,19.4035657,No Identificada,7000.0,35.0,200.0,1,2.0,5.370537348029503,0.23580781301166534,0.5,7853.096084498504,12.187086921407197
-99.149146,19.4179402,No Identificada,9000.0,27.027027027027028,333.0,1,2.0,5.325415969542427,0.11313686037484243,0.5,20276.916978078363,125.29907753420405
-99.147213,19.3346449,No Identificada,8500.0,20.0,425.0,1,2.0,5.377882515529498,0.11493609339361187,0.5,6021.704686478848,-29.15641545319002
-99.176429,19.4148639,Condesa,63000.0,123.046875,512.0,2,2.0,5.365561861822452,0.24869692107693472,0.5,14046.969749996664,-77.70322261905291
-99.2031542,19.2624808,No Identificada,11000.0,79.71014492753623,138.0,2,2.0,5.3962659226796035,0.5018344989197208,0.5,112872.21192332573,926.1110174847794
-99.0971415,19.4200736,General Ignacio Zaragoza,11000.0,62.14689265536723,177.0,2,2.0,5.3659671975644505,0.2283172588926904,0.5,7267.680883635716,-33.93017378512986
-99.1657191,19.4408653,San Rafael,8000.0,62.99212598425197,127.0,2,2.0,5.345949099959898,0.1457435896220153,0.5,56626.96817753145,607.8371022191432
-99.2038879,19.4519994,Polanco,13000.0,44.982698961937714,289.0,2,2.0,5.382461628029504,0.17634919979809646,0.5,15061.831165022306,15.860239730940814
-99.176429,19.4148639,Condesa,65000.0,239.85239852398524,271.0,3,2.0,5.3657812355285746,0.4847790976067702,0.5,11199.830111871792,-82.76949213558186
-99.1332,19.4326,No Identificada,4500.0,9.0,500.0,1,2.0,5.366915295928762,0.030167414277979906,0.5,20231.217678670524,349.5826150815672
-99.1048123,19.4268264,No Identificada,4700.0,9.003831417624522,522.0,1,2.0,5.379758677635549,0.04919174306745492,0.5,36097.898173470356,668.0403866695821
-99.1678332,19.3092595,No Identificada,6800.0,13.001912045889101,523.0,1,2.0,5.340598616806226,0.050519442137255156,0.5,57770.425823654456,749.5650856419772
-99.1849631,19.4604837,No Identificada,3000.0,9.00900900900901,333.0,1,2.0,5.347711805070745,0.06372932921800774,0.5,19556.12089868472,551.870696622824
-99.1411267,19.3609576,Colonia Miravalle,5800.0,14.987080103359173,387.0,1,2.0,5.361207314662775,0.09377307265135994,0.5,39399.384166726115,579.2997270125193
-99.1765337,19.4060216,Condesa,6500.0,20.0,325.0,1,2.0,5.3509015933118524,0.047920411142256196,0.5,45029.6256631928,592.7634717414277
-99.1771368,19.3425061,No Identificada,19000.0,75.09881422924902,253.0,2,2.0,5.331444659630124,0.3149837942660203,0.5,84978.78308656589,347.2567530871889
-99.1120701,19.317015,Coapa,16000.0,80.0,200.0,2,2.0,5.358119248128796,0.5634744540684112,0.5,43430.7542980627,171.44221436289186
-99.2264166,19.3117877,Colonia Héroes De Padierna,5500.0,55.0,100.0,1,2.0,5.358265481192358,0.22174292437618115,0.5,58702.45291809118,967.317325783476
-99.1253757,19.2875771,No Identificada,17000.0,129.7709923664122,131.0,4,2.0,5.357616045178657,1.0981323493931001,0.5,16716.666223571734,-1.6666692731074468
-99.1633935,19.359262,Colonia Xoco,7500.0,13.992537313432836,536.0,1,2.0,3.606509250470158,0.05384808241286563,0.5,21116.596654979152,181.55462206638867
-99.1579443,19.5084773,Colonia Vallejo La Patera,7000.0,50.0,140.0,1,2.0,5.370423937265313,0.23903672248518018,0.5,43091.26999557073,515.5895713652961
-99.1120361,19.3532584,Colonia Progreso Del Sur,5900.0,23.983739837398375,246.0,1,2.0,5.36213530320414,0.2217682223410511,0.5,23184.86239290408,292.9637693712556
-99.1747078,19.3861563,No Identificada,20000.0,129.87012987012986,154.0,3,2.0,5.360849864608561,0.559758734245718,0.5,34673.02936137116,73.3651468068558
-99.1629828,19.3488917,Coyoacán,14000.0,54.90196078431372,255.0,2,2.0,5.349086074907262,0.42838115961740914,0.750956198657275,23717.506933505134,69.41076381075095
-99.176429,19.4148639,Condesa,6000.0,200.0,30.0,2,2.0,5.366706362276049,0.40423118600441454,0.5,23041.29807793166,284.0216346321943
-99.2149757,19.387844,El Cuernito,17600.0,73.94957983193277,238.0,2,2.0,4.4651422214306065,0.39031572796783104,0.5,32242.23612895595,83.19452345997698
-99.191724,19.4626642,San Diego Ocoyac,12700.0,46.01449275362319,276.0,2,2.0,5.363024813586134,0.3799042142800235,0.5,41643.66189722087,227.9028495844163
-99.1403951,19.4350386,Centro,6500.0,20.967741935483872,310.0,1,2.0,5.37282441376466,0.05852640791040769,0.5,11228.709000197245,72.74936923380376
-99.0053242,19.3698997,Unidad Habitacional La Colmena,8000.0,60.150375939849624,133.0,2,2.0,5.359536453840037,0.4298718638926363,0.5,6053.842672352187,-24.326966595597664
-99.1332,19.4326,No Identificada,20000.0,200.0,100.0,3,2.0,5.36922827562728,0.6703869839551091,0.5,7246.955156512203,-63.765224217438984
-99.1332,19.4326,No Identificada,7900.0,50.0,158.0,2,2.0,5.386909388706591,0.16759674598877727,0.5,11236.78556951122,42.23779201912936
-99.1924473,19.3443673,San Ángel,40000.0,144.92753623188406,276.0,3,2.0,5.090859610731463,0.5815984848539537,0.5,10204.303586127582,-74.48924103468104
-99.1481486,19.3058524,Conjunto Buenavista,22400.0,119.78609625668449,187.0,2,2.0,5.346344754680204,0.7944362999285983,0.5,32511.43594110368,45.14033902278428
-99.1789021,19.436183,No Identificada,15000.0,29.013539651837526,517.0,1,2.0,5.371576324211213,0.09547883323924593,0.5,46854.66255958075,212.36441706387166
-99.1958236,19.5108795,Colonia Hipódromo Textil,9800.0,61.63522012578616,159.0,2,2.0,5.375301518494264,0.41748445826198294,0.5,7206.47600714527,-26.464530539333982
-99.1564138,19.5236938,Colonia Los Remedios,16500.0,158.65384615384616,104.0,3,2.0,5.394199424281023,0.7559910317137145,0.5,8574.450197437502,-48.033635167045446
-98.9717552,19.3092038,Guadalupe Yecahuizotl,7000.0,53.03030303030303,132.0,2,2.0,5.354424649990327,0.41450221066288157,0.5,8188.6547381443115,16.980781973490163
-99.1177781,19.3318758,No Identificada,13500.0,109.7560975609756,123.0,4,2.0,5.328785400742635,1.2370024306869534,0.5,22454.05234546317,66.32631367009755
-99.176429,19.4148639,Condesa,41000.0,69.02356902356902,594.0,2,2.0,5.3958590056685996,0.13950739584327437,0.5,14808.975341356234,-63.88054794791162
-99.1647936,19.438811,No Identificada,8000.0,16.0,500.0,1,2.0,5.356769652734943,0.036818716535630326,0.5,7610.562963683915,-4.867962953951064
-99.237508,19.2785599,No Identificada,8000.0,50.0,160.0,1,2.0,4.425449837382154,0.23188895121167663,0.5,7385.811191155677,-7.677360110554036
-99.1489143,19.3616941,Colonia Portales Sur,20500.0,100.98522167487685,203.0,3,2.0,5.351438093814717,0.6353237518753114,0.5,5698.166638695195,-72.20406517709661
-99.1800979,19.3829715,Del Valle,17000.0,64.8854961832061,262.0,2,2.0,5.382816666000599,0.31187017414183543,0.5,10791.22997419391,-36.52217662238877
-99.190915,19.43353,Polanco,5500.0,148.64864864864865,37.0,2,2.0,5.362577324029146,0.2955647560583872,0.5,8858.502645097595,61.0636844563199
-99.176429,19.4148639,Condesa,50000.0,159.7444089456869,313.0,2,2.0,5.400188466272456,0.3228683594284461,0.5,11038.899766718156,-77.9222004665637
-99.2578633,19.3090559,Colonia San Bernabé,6500.0,26.970954356846473,241.0,1,2.0,5.3671029762472084,0.1566152271569941,0.5,21639.49331887231,232.9152818288048
-99.1579443,19.5084773,Colonia Vallejo La Patera,10000.0,52.083333333333336,192.0,2,2.0,5.371145236082628,0.2489965859220627,0.5,26192.222572236482,161.9222257223648
-99.1126107,19.3557513,Iztapalapa,4500.0,13.00578034682081,346.0,1,2.0,5.379352444540235,0.11782856130257857,1.0,5512.065122815861,22.490336062574695
-99.1332,19.4326,No Identificada,15000.0,81.9672131147541,183.0,3,2.0,5.390339481415579,0.2747487639160283,0.5,22719.81979695951,51.4654653130634
-99.1708423,19.4214899,Condesa,9800.0,18.014705882352942,544.0,1,2.0,5.374501188339843,0.03571065402772996,0.5,35265.713354864936,259.85421790678504
-99.1721825,19.4389504,No Identificada,5500.0,16.97530864197531,324.0,1,2.0,5.365587313194747,0.06463246375937738,0.5,33547.56341871357,509.95569852206495
-99.2211716,19.3784776,Presidentes,4800.0,15.0,320.0,1,2.0,5.359654774201737,0.07440860472841768,0.5,18224.319866970585,279.6733305618872
-99.1995371,19.4281658,Polanco,10000.0,400.0,25.0,3,2.0,5.356283862046328,1.0068210132722621,0.5,4713.331857148567,-52.866681428514326
-99.2341251,19.3675941,Colonia Ampliación Piloto Adolfo López Mateos,4800.0,177.77777777777777,27.0,1,2.0,3.0505639219007996,0.8962239686912703,0.5,12322.531680602615,156.71941001255448
-99.1086062,19.259634,Colonia Belén,25000.0,255.10204081632654,98.0,3,2.0,5.356029583938817,1.74613014231349,0.5,26201.5887282176,4.806354912870404
-99.1214969,19.3374898,Colonia San Francisco Culhuacán,6000.0,60.0,100.0,1,2.0,5.351145031063406,0.5120935147754897,0.5,7195.198895780099,19.919981596334978
-99.1564502,19.2905898,Tlalpan,4200.0,12.0,350.0,1,2.0,5.360673026404171,0.058816879410848975,0.3919311241687132,12173.417990575637,189.84328548989612
-99.1451728,19.4449101,San Simón Tolnáhuac,11000.0,33.95061728395062,324.0,2,2.0,5.364670455173014,0.13894630299267083,0.5,15494.531352666458,40.859375933331435
-99.0914102,19.3164162,Colonia Lomas Estrella,12500.0,100.0,125.0,3,2.0,5.344151079375573,0.5594416477079013,0.5,8251.622478047822,-33.987020175617424
-99.1633935,19.359262,Colonia Xoco,34000.0,82.92682926829268,410.0,3,2.0,2.759228054143286,0.3191308793144921,0.5,9548.619144027454,-71.91582604697807
-99.1257252,19.3752379,Colonia Chilero Ii,13900.0,84.7560975609756,164.0,2,2.0,5.369137680657865,0.4495381340100247,0.5,6080.946330624578,-56.252184671765626
-99.190915,19.43353,Polanco,5500.0,13.002364066193854,423.0,1,2.0,5.380784170805416,0.025853181972010232,0.5,8062.374886454476,46.58863429917229
-99.1332,19.4326,No Identificada,15000.0,64.93506493506493,231.0,2,2.0,5.367006937089947,0.2176581116737367,0.5,19658.659265588612,31.057728437257413
-99.1311809,19.4066341,No Identificada,3800.0,11.987381703470032,317.0,1,2.0,5.356048208700359,0.0858025384908403,0.5,20311.86883891445,434.5228641819593
-99.1332,19.4326,No Identificada,6800.0,20.987654320987655,324.0,1,2.0,5.380487404146784,0.07034925140269663,0.5,26412.065518350606,288.4127282110383
-99.1365071,19.3721312,No Identificada,10500.0,43.032786885245905,244.0,2,2.0,5.36475114568439,0.23363096984122889,0.5,12448.777726432863,18.559787870789172
-99.2271517,19.2935296,Colonia Torres De Padierna,12500.0,120.1923076923077,104.0,2,2.0,5.366371944898519,0.4963339292486576,0.5,27528.967809796843,120.23174247837474
-99.176429,19.4148639,Condesa,37000.0,69.94328922495274,529.0,2,2.0,5.366379562919782,0.14136629378226215,0.5,9922.847480142662,-73.18149329691171
-99.1789021,19.436183,No Identificada,9900.0,31.03448275862069,319.0,1,2.0,5.38096793684612,0.1021294278303934,0.5,7436.4330482281675,-24.884514664361944
-99.12368,19.388923,Iztacalco,7500.0,44.91017964071856,167.0,1,2.0,5.366801728428293,0.30666656385631946,0.7626118203348291,47927.49290915559,539.0332387887412
-99.1332,19.4326,No Identificada,4900.0,14.984709480122325,327.0,1,2.0,5.3793333792714755,0.050227770969113676,0.5,6373.360450974238,30.068580632127308
-99.190915,19.43353,Polanco,9300.0,17.0018281535649,547.0,1,2.0,5.348213649763273,0.033805495283261114,0.5,23765.312934213383,155.54099929261702
-99.2031498,19.3580045,Las Águilas,12000.0,37.03703703703704,324.0,4,2.0,5.348785584803444,0.14052066704141167,0.5,7305.882911385535,-39.11764240512054
-99.189798,19.3424017,San Ángel,29000.0,151.8324607329843,191.0,3,2.0,5.37722820887549,0.6320007535113519,0.5,44453.92033424226,53.289380462904354
-99.176429,19.4148639,Condesa,23000.0,40.0,575.0,1,2.0,5.381048183905776,0.08084623720088291,0.5,6381.858614765497,-72.25278863145435
-99.1924473,19.3443673,San Ángel,21000.0,70.94594594594595,296.0,2,2.0,5.35008856616249,0.2847081772139794,0.5,17899.173850280542,-14.765838808187896
-99.1332,19.4326,No Identificada,5000.0,11.990407673860911,417.0,1,2.0,5.350118849830835,0.04019106618435905,0.5,14736.552306058074,194.7310461211615
-99.1331785,19.4326296,Cuauhtémoc,5500.0,77.46478873239437,71.0,1,2.0,5.360082244668588,0.18865409266672117,0.830531038273375,37846.07683085335,588.1104878336972
-99.1451728,19.4449101,Guerrero,5300.0,39.849624060150376,133.0,1,2.0,5.372794342587586,0.16308857928845819,0.5,7763.217565785488,46.47580312802807
-99.1421551,19.3438023,Colonia Campestre Churubusco,10700.0,41.96078431372549,255.0,1,2.0,5.374384443042172,0.16979440799395365,0.5,18366.416546596785,71.64875277193258
-99.1541876,19.3418563,Colonia Copilco Iii,16600.0,94.85714285714286,175.0,2,2.0,3.855868728616153,0.43067286790127063,0.5,10098.90840335532,-39.16320238942578
-99.1700182,19.4127475,Condesa,47500.0,159.93265993265993,297.0,2,2.0,5.369447183860858,0.3497829545862269,0.5,18249.90106673558,-61.579155648977725
-99.135338,19.4315917,Colonia La Palma,5000.0,50.0,100.0,1,2.0,5.336625254863809,0.12267882975324133,0.5,9695.116779759113,93.90233559518227
-99.2104835,19.2656408,Colonia Paraje 38,15000.0,76.92307692307692,195.0,2,2.0,5.367181977054484,0.388941301304832,0.5,43033.41038169753,186.88940254465024
-99.1331785,19.4326296,Cuauhtémoc,15500.0,139.63963963963963,111.0,2,2.0,5.3334582245358835,0.3400717919405842,0.830531038273375,29904.062073538244,92.92943273250481
-99.0047499,19.2703914,Tláhuac,11000.0,34.161490683229815,322.0,2,2.0,5.325700603479477,0.20355685879629254,0.5773137898079344,22744.169787311683,106.76517988465166
-99.2055678,19.4967777,Azcapotzalco,12500.0,66.84491978609626,187.0,3,2.0,5.376614128317805,0.37439558535645157,0.7799341145447056,10555.267152563994,-15.557862779488044
-99.3253508,19.3173272,Xalapa,5800.0,36.024844720496894,161.0,1,2.0,5.348761138970627,0.1296813696891502,0.5,59822.33063164721,931.4194936490898
-99.176429,19.4148639,Condesa,9000.0,17.013232514177695,529.0,1,2.0,5.371557758148548,0.03438639578487458,0.5,38636.29912367652,329.2922124852947
-99.1267548,19.3079445,No Identificada,16000.0,100.0,160.0,3,2.0,5.376306407513864,0.6844353132326635,0.5,9946.579717510036,-37.83387676556227
-99.1682695,19.3453476,Coyoacán,14800.0,40.0,370.0,1,2.0,5.363128628200436,0.34777354301615376,0.750956198657275,9731.074754272515,-34.249494903564084
-99.1393221,19.3791463,Colonia San Simón Ticumac,22500.0,158.45070422535213,142.0,3,2.0,5.386387720563941,0.9004902482048438,0.5,14334.448752469569,-36.29133887791303
-99.0073711,19.1915128,Colonia San Agustín,45000.0,348.83720930232556,129.0,3,2.0,5.3423959269321015,2.002791892914333,0.5,19553.949936838628,-56.546777918136385
-99.1800979,19.3829715,Del Valle,31500.0,92.10526315789474,342.0,2,2.0,5.404113599866969,0.44270116050783764,0.5,12381.270666580253,-60.69437883625316
-99.1921922,19.4988067,No Identificada,9500.0,57.926829268292686,164.0,2,2.0,5.3701867818882345,0.3321787383647243,0.5,28979.136884842173,205.0435461562334
-99.190915,19.43353,Polanco,22500.0,562.5,40.0,4,2.0,5.355575026034945,1.1184439064482152,0.5,44560.526421500064,98.04678409555584
-99.1361221,19.4122496,No Identificada,9500.0,29.968454258675077,317.0,1,2.0,5.331471152313246,0.15610996397143792,0.5,31817.899301066143,234.92525580069622
-99.2512769,19.388056,Bosques De Las Lomas,5500.0,17.973856209150327,306.0,1,2.0,5.362328885332784,0.05273215707790626,0.5,38973.628383500865,608.6114251545612
-99.1332,19.4326,No Identificada,11000.0,70.06369426751593,157.0,2,2.0,5.359643973305125,0.23484894342376433,0.5,20722.063836699224,88.38239851544749
-99.1513127,19.391616,Narvarte,11000.0,40.0,275.0,1,2.0,5.367387744529156,0.16608261995731352,0.5,7705.168619590238,-29.953012549179654
-99.1120701,19.317015,Coapa,13500.0,50.0,270.0,2,2.0,5.378010314964058,0.35217153379275706,0.5,13766.01084822661,1.9704507276045156
-99.1849631,19.4604837,No Identificada,4800.0,16.0,300.0,1,2.0,2.8786372934376874,0.11318328869118174,0.5,46417.99738924349,867.0416122759059
-99.2184637,19.4210896,No Identificada,31700.0,111.2280701754386,285.0,3,2.0,5.367322209940272,0.39490648730120353,0.5,17343.642501564802,-45.288194001372865
-99.2186143,19.4476276,No Identificada,7500.0,35.046728971962615,214.0,1,2.0,5.3592348207124845,0.08992843745649647,0.5,22623.50039355315,201.646671914042
-99.1489143,19.3616941,Colonia Portales Sur,9100.0,28.980891719745223,314.0,1,2.0,5.352540085101196,0.1823261716388477,0.5,79012.15765500414,768.2654687363092
-99.190915,19.43353,Polanco,37000.0,97.11286089238845,381.0,2,2.0,5.357085649071604,0.19309384444950234,0.5,8481.783870816196,-77.07625980860487
-99.1332,19.4326,No Identificada,14200.0,44.936708860759495,316.0,1,2.0,5.364327117285791,0.1506249236101669,0.5,6875.731147823265,-51.57935811392067
-99.1267799,19.4173402,Lorenzo Boturini,12500.0,73.09941520467837,171.0,2,2.0,5.33137728898352,0.4731835253716523,0.5,82758.30908121022,562.0664726496817
-99.2271517,19.2935296,Colonia Lomas De Belvedere,12000.0,80.0,150.0,3,2.0,5.362948379386651,0.3303598633079065,0.5,9408.905645227327,-21.59245295643894
-99.176429,19.4148639,Condesa,13800.0,33.99014778325123,406.0,1,2.0,5.391180408636999,0.06869938875444484,0.5,48919.708601072845,254.49064203675974
-99.1513127,19.391616,Narvarte,17000.0,79.81220657276995,213.0,2,2.0,5.391062193365511,0.3313855093044988,0.5,17649.79058092225,3.822297534836766
-99.1210992,19.2916656,No Identificada,25500.0,130.10204081632654,196.0,3,2.0,5.365925576414574,1.3754000089523941,0.5,10765.911386690024,-57.78073966003912
-99.1690216,19.3571555,Coyoacán,12700.0,25.0,508.0,1,2.0,5.385468283793921,0.06703481230206403,0.750956198657275,24719.619776563217,94.64267540600957
-99.1227205,19.2655438,Colonia La Enramada,13500.0,100.0,135.0,2,2.0,5.334446280895361,0.6797743492068956,0.5,17148.196959268185,27.023681179764335
-99.1583506,19.4484703,Santa María La Ribera,21600.0,69.90291262135922,309.0,2,2.0,5.377383894255387,0.2785670011322541,0.5,7313.185151901174,-66.14266133379087
-99.1308549,19.2652606,No Identificada,8000.0,60.150375939849624,133.0,1,2.0,5.382365274508687,0.2668024117909469,0.5,45296.81654852356,466.21020685654446
-99.1879687,19.3651901,Colonia San José Insurgentes,30000.0,81.9672131147541,366.0,2,2.0,5.361292796205521,0.2781490102247778,0.5,12518.073553840875,-58.27308815386374
-99.1678332,19.3092595,No Identificada,12500.0,52.96610169491525,236.0,2,2.0,5.354192310896216,0.20580187747526518,0.5,26008.190979346484,108.06552783477188
-99.2464933,19.379995,Santa Fe,8800.0,37.28813559322034,236.0,1,2.0,5.366986416146523,0.12088521236315962,0.5,19839.31607051422,125.4467735285707
-99.1750493,19.386333,No Identificada,11500.0,39.93055555555556,288.0,1,2.0,5.342543567921972,0.16773684285448992,0.5,15782.202339292773,37.23654208080672
-99.1378983,19.2810876,Colonia San Juan Tepepan,40000.0,320.0,125.0,3,2.0,5.352408203823739,1.9035412123816287,0.5,10580.274896446692,-73.54931275888326
-99.1180564,19.3432881,Colonia Magdalena Culhuacán,12500.0,65.10416666666667,192.0,2,2.0,5.371277613638363,0.7025457794644857,0.5,10438.92304753227,-16.488615619741847
-99.1527744,19.3630898,Benito Juárez,12000.0,110.09174311926606,109.0,2,2.0,3.754358703633414,0.665653257330568,0.933319961735651,8990.91432588063,-25.075713950994743
-99.2448956,19.3375801,Olivar De Los Padres,23500.0,85.14492753623189,276.0,2,2.0,4.391010699427011,0.4022684331987924,0.5,13723.806516881645,-41.600823332418535
-99.1283934,19.2901877,No Identificada,15000.0,110.29411764705883,136.0,4,2.0,5.380265666609756,0.9006914995328339,0.5,16644.164467106937,10.96109644737958
-99.1468969,19.4399375,Nonoalco Tlatelolco,5000.0,11.990407673860911,417.0,1,2.0,5.376296942316839,0.03482902002711937,0.5,14891.577149593855,197.83154299187711
-99.1120396,19.3880913,Iztacalco,6200.0,54.86725663716814,113.0,1,2.0,5.3819669765166775,0.4266732170883882,0.7626118203348291,9781.538304952845,57.766746854078136
-99.1482306,19.3408056,Coyoacán,31000.0,300.97087378640776,103.0,3,2.0,5.387865627250854,1.4877726312014028,0.750956198657275,27567.33247783733,-11.073121039234413
-99.272261,19.3581682,Cuajimalpa de Morelos,60000.0,172.9106628242075,347.0,3,2.0,5.379886945013059,0.48999526720544123,0.49427437331671703,21106.69771227567,-64.82217047954055
-99.1629828,19.3488917,Coyoacán,8500.0,20.0,425.0,1,2.0,5.349495156285353,0.1560531367177705,0.750956198657275,10905.729196421857,28.30269642849243
-99.2341251,19.3675941,Colonia Ampliación Piloto Adolfo López Mateos,4800.0,20.0,240.0,1,2.0,5.1826753967354575,0.10082519647776791,0.5,10186.2212793543,112.21294331988125
-99.1408879,19.2986877,Colonia Potrero Acoxpa,43000.0,209.7560975609756,205.0,4,2.0,5.558237106829467,1.6662721848191056,0.5,17539.145083364703,-59.21129050380301
-99.1520014,19.4246141,Roma,13700.0,48.07017543859649,285.0,2,2.0,5.327074271647304,0.11180627327483011,0.5,18141.18265202528,32.41739162062248
-99.1488777,19.3288696,Colonia Ampliación La Candelaria,5200.0,13.0,400.0,1,2.0,5.357331015335495,0.07230724085025433,0.5,12720.846773193709,144.63166871526363
-99.1993933,19.4317492,Polanco,6000.0,300.0,20.0,3,2.0,5.41099826069003,0.7418371275976664,0.5,7293.472014595168,21.55786690991946
-99.1679105,19.3003065,No Identificada,5000.0,20.0,250.0,1,2.0,5.37994379824536,0.10055488901249658,0.5,6352.809933633446,27.056198672668923
-99.1271729,19.330595,Ejido Culhuacán,16000.0,301.8867924528302,53.0,4,2.0,5.3562305955355765,2.873794525024427,0.5,47427.05186168252,196.41907413551576
-99.1678332,19.3092595,No Identificada,4600.0,9.001956947162427,511.0,1,2.0,5.348961345578933,0.03497745881599184,0.5,14559.411116268688,216.50893731018886
-99.190915,19.43353,Polanco,60000.0,120.0,500.0,2,2.0,5.342891718725056,0.2386013667089526,0.5,11280.308358831431,-81.19948606861428
-99.1178571,19.4848583,Colonia Tepeyac Insurgentes,4500.0,14.018691588785046,321.0,1,2.0,5.403206171585158,0.11348924714096248,0.5,12463.290353013135,176.96200784473635
-99.176429,19.4148639,Condesa,23000.0,50.0,460.0,1,2.0,5.381090146065163,0.10105779650110364,0.5,8170.908732386826,-64.47430985918771
-99.1345162,19.4567353,No Identificada,10000.0,48.07692307692308,208.0,2,2.0,5.364764053635122,0.473500288735051,0.5,22087.051721424665,120.87051721424665
-99.2118,19.4306822,No Identificada,6000.0,214.28571428571428,28.0,2,2.0,5.354466912045804,0.701035378384857,0.5,21785.43660324991,263.09061005416515
-99.12479,19.3316473,No Identificada,18800.0,119.7452229299363,157.0,2,2.0,5.339052691638846,1.0246960231547162,0.5,16454.005813083924,-12.478692483596147
-99.2118,19.4306822,No Identificada,16000.0,48.92966360856269,327.0,3,2.0,5.362765592895304,0.1600733177963384,0.5,44975.7766316684,181.0986039479275
-99.0923381,19.3884357,No Identificada,4600.0,9.090909090909092,506.0,1,2.0,5.3574871565598805,0.055208047055254665,0.5,84581.3890181169,1738.7258482199325
-99.190915,19.43353,Polanco,6700.0,335.0,20.0,3,2.0,3.532052368377157,0.6660954820624927,0.5,120701.37985768364,1701.5131322042337
-99.142198,19.3127717,Conjunto Magdalena,14500.0,70.04830917874396,207.0,2,2.0,5.364342100510848,0.5277579574796414,0.5,18469.3947688051,27.375136336586902
-99.190915,19.43353,Polanco,26000.0,110.16949152542372,236.0,2,2.0,4.472735388135211,0.21905492706330393,0.5,8849.173887272678,-65.964715818182
-99.1421901,19.3336248,No Identificada,5000.0,21.008403361344538,238.0,1,2.0,5.361081183390354,0.13505756759527335,0.5,7033.105679307678,40.66211358615355
-99.212149,19.3301222,San Jerónimo Aculco-Lídice,14500.0,119.83471074380165,121.0,3,2.0,5.3859671649538114,0.5826201062921236,0.5,12992.332260404539,-10.397708548934215
-99.190915,19.43353,Polanco,4500.0,173.07692307692307,26.0,2,2.0,2.661388961836004,0.34413658659945084,0.5,24888.002141426663,453.0667142539259
-99.190915,19.43353,Polanco,75000.0,230.06134969325154,326.0,3,2.0,4.872623894413602,0.4574412705309674,0.5,11634.995340517013,-84.48667287931066
-99.1750493,19.386333,No Identificada,17000.0,51.98776758409786,327.0,3,2.0,5.344179955051016,0.21838574195335264,0.5,8850.605726072674,-47.93761337604309
-99.1267548,19.3079445,No Identificada,16500.0,64.96062992125984,254.0,2,2.0,5.3675129880327415,0.4446134908794861,0.5,69584.0655379061,321.72160932064304
-99.0705782,19.4105801,No Identificada,5000.0,15.97444089456869,313.0,1,2.0,5.350367068755897,0.14329385699913633,0.5,43832.86176484527,776.6572352969054
-99.1571795,19.3415919,Colonia Real De Los Reyes,36500.0,199.45355191256832,183.0,3,2.0,5.3882823185509645,1.5259692289115105,0.5,15016.395506705148,-58.85919039258864
-99.1091217,19.4269136,Moctezuma 1ª. Sección,8000.0,47.90419161676647,167.0,1,2.0,5.365686897338945,0.27910684754900955,0.5,23729.7861691771,196.62232711471376
-99.1431167,19.3156584,Colonia Los Fresnos,27500.0,95.15570934256056,289.0,2,2.0,3.547967157417139,0.7750159540400182,0.5,25106.53997661125,-8.70349099414091
-99.1924473,19.3443673,San Ángel,40000.0,338.9830508474576,118.0,4,2.0,5.3655587489806065,1.3603489984719594,0.5,4051.9941921902305,-89.87001451952443
-99.2031498,19.3580045,Las Águilas,28000.0,200.0,140.0,3,2.0,5.377651319472658,0.758811602023623,0.5,13545.534929108917,-51.62308953889673
-99.176429,19.4148639,Condesa,35000.0,111.82108626198082,313.0,2,2.0,5.3434651079126185,0.22600785159991227,0.5,18411.098809201314,-47.396860545139106
-99.2149757,19.387844,El Cuernito,19500.0,97.01492537313433,201.0,2,2.0,4.329402740402687,0.5120576926443645,0.5,17714.605013217963,-9.155871727087371
-99.2099411,19.2679984,No Identificada,5000.0,25.0,200.0,1,2.0,5.339043422682854,0.13524174082754767,0.5,4148.424224678072,-17.031515506438556
-99.1129497,19.3349948,Unidad Habitacional Obrero Ctm Culhuacán 5,20000.0,94.7867298578199,211.0,5,2.0,5.368587480028012,0.8676132637061263,0.5,80193.71979382845,300.96859896914225
-99.2255628,19.3597064,No Identificada,12500.0,89.92805755395683,139.0,2,2.0,5.3609543866188965,0.3909753504319276,0.5,17303.09289022632,38.42474312181055
-99.2211716,19.3784776,Presidentes,17600.0,98.87640449438203,178.0,3,2.0,5.33376831117775,0.4904836865993075,0.5,4477.236894103197,-74.5611540107773
-99.1513127,19.391616,Narvarte,5000.0,25.0,200.0,1,2.0,5.3576128097009965,0.10380163747332094,0.5,18029.290849514346,260.5858169902869
-99.2136879,19.4156998,Lomas De Chapultepec,100000.0,233.1002331002331,429.0,2,2.0,5.390524068269122,0.7977995450863287,0.5,7954.011233676358,-92.04598876632363
-99.131684,19.3645813,Colonia Maestro Justo Sierra,17500.0,100.0,175.0,2,2.0,5.334666682394353,0.5585597632969332,0.5,10456.744382231005,-40.24717495867997
-99.2018448,19.4958756,Colonia Presidente Madero,11600.0,44.96124031007752,258.0,2,2.0,5.363856717834438,0.24434119363927648,0.5,55218.56459080312,376.0221085414062
-99.2264166,19.3117877,Colonia Héroes De Padierna,12700.0,65.12820512820512,195.0,2,2.0,5.34842540138981,0.2625767029909091,0.5,8888.3540569096,-30.01296018181417
-99.2136879,19.4156998,Lomas De Chapultepec,100000.0,398.40637450199205,251.0,4,2.0,5.355888121693541,1.363569740406514,0.5,9437.37460445558,-90.56262539554443
-99.1750493,19.386333,No Identificada,29000.0,130.04484304932734,223.0,3,2.0,5.359522465577729,0.5462811899086369,0.5,9287.534645051506,-67.97401846533964
-99.0821363,19.4758646,No Identificada,8500.0,69.10569105691057,123.0,1,2.0,5.374213688806366,0.31226792381720725,0.5,19611.996785860032,130.7293739512945
-99.136519,19.5135044,Colonia Ticomán Ii,20000.0,163.9344262295082,122.0,3,2.0,5.330066258203382,0.7983866468830421,0.5,23518.37507844187,17.59187539220935
-99.1403202,19.2998707,Fraccionamiento Belisario Domínguez,8500.0,75.22123893805309,113.0,1,2.0,5.382266529098682,0.5468489754426955,0.5,11284.442588776754,32.75814810325593
-99.190915,19.43353,Polanco,33000.0,76.036866359447,434.0,2,2.0,5.3785366119795786,0.15118750194691696,0.5,15099.707640145294,-54.2433101813779
-99.0989326,19.4113216,Colonia Pino,15000.0,50.0,300.0,2,2.0,5.377868133117328,0.2192414594498201,0.5,35563.82923057675,137.0921948705117
-99.1525651,19.4761748,No Identificada,5300.0,23.043478260869566,230.0,1,2.0,5.361907051549513,0.10019729568369924,0.5,17577.651052731067,231.65379344775602
-99.149146,19.4179402,No Identificada,8000.0,50.0,160.0,2,2.0,5.389936371110747,0.20930319169345848,0.5,29640.92970408378,270.5116213010473
-99.2136879,19.4156998,Miguel Hidalgo,22500.0,180.0,125.0,3,2.0,5.3890128160201085,0.6160608087156629,0.8585849060226639,8750.294680088438,-61.10980142182917
-99.1296267,19.4737564,No Identificada,11500.0,59.895833333333336,192.0,1,2.0,5.3599660675635565,0.3126598027075544,0.5,192768.43535635987,1576.2472639683467
-99.0962392,19.4512592,Aragón,12000.0,60.0,200.0,2,2.0,5.358979162746662,0.2538155240314939,0.5,11973.120339325234,-0.2239971722897129
-99.1120701,19.317015,Coapa,7000.0,22.0125786163522,318.0,1,2.0,5.384185608510128,0.155044071481088,0.5,73617.5829447872,951.6797563541028
-99.1594428,19.453018,No Identificada,31000.0,98.10126582278481,316.0,2,2.0,4.441401783944646,0.5791861685406693,0.5,80847.19004378475,160.79738723801535
-99.176429,19.4148639,Condesa,32000.0,100.0,320.0,2,2.0,5.378919537906345,0.20211559300220727,0.5,21418.006966229554,-33.06872823053265
-99.1898968,19.3540154,San Ángel,18000.0,35.01945525291829,514.0,1,2.0,5.364287067145973,0.09688626881160899,0.5,25080.48804929911,39.336044718328395
-99.1519808,19.3349466,No Identificada,7200.0,20.0,360.0,1,2.0,5.383679060686035,0.11461764127352168,0.5,31348.343609942098,335.3936612491958
-99.1064557,19.4136465,No Identificada,5700.0,20.0,285.0,1,2.0,5.375218706326269,0.11716122172381052,0.5,26936.303743767625,372.56673234680045
-99.0818976,19.3861406,No Identificada,12000.0,85.1063829787234,141.0,3,2.0,5.3554397912016665,0.5068017027474664,0.5,14183.241980446073,18.193683170383945
-99.1460154,19.4787952,No Identificada,18000.0,130.43478260869566,138.0,3,2.0,5.378352367610855,0.7280411598682183,0.5,71844.51270263056,299.1361816812809
-99.1580283,19.4554336,No Identificada,12000.0,54.054054054054056,222.0,2,2.0,5.37898909544135,0.3311911923912483,0.5,34265.12474924585,185.5427062437154
-99.1574109,19.2693489,Ejidos De San Pedro Mártir,24000.0,100.0,240.0,3,2.0,5.3653299697772585,0.4769908191537826,0.5,9677.468032134084,-59.677216532774644
-99.1242334,19.2876235,No Identificada,14500.0,63.87665198237885,227.0,3,2.0,4.428722837675599,0.5528983610314373,0.5,28014.03818240863,93.20026332695606
-99.1314778,19.4177785,Tránsito,7000.0,21.02102102102102,333.0,1,2.0,5.359160753214881,0.0911803241566128,0.5,24002.84351067671,242.8977644382387
-99.190915,19.43353,Polanco,26900.0,45.98290598290598,585.0,1,2.0,5.357992181921514,0.09142986843975534,0.5,8319.128990952222,-69.07386992211069
-99.1107006,19.3364062,Unidad Habitacional San Antonio Culhuacán,8000.0,25.0,320.0,1,2.0,5.386811132245985,0.2213594097722951,0.5,11978.136444138923,49.726705551736536
-99.1045497,19.2481039,No Identificada,11500.0,59.895833333333336,192.0,2,2.0,5.340795149300037,0.3078934167660698,0.5,32913.412662527066,186.20358836980057
-99.2548839,19.3594082,Colonia Santa Lucía,16700.0,37.028824833702885,451.0,1,2.0,5.384263846672285,0.10502596928878363,0.5,21216.050780993348,27.04222024546915
-99.1390395,19.4534101,No Identificada,4500.0,7.992895204262878,563.0,1,2.0,5.361075746802091,0.05097560408889978,0.5,16750.99153032562,272.24425622945824
-99.1332,19.4326,No Identificada,29000.0,119.83471074380165,242.0,3,2.0,5.189748837557942,0.40167815154335046,0.5,91218.60264266383,214.54690566435804
-99.1709608,19.3452479,Coyoacán,6000.0,11.009174311926605,545.0,1,2.0,5.3679969208898175,0.06801319265367795,0.750956198657275,16404.30023470821,173.4050039118035
-99.272261,19.3581682,Cuajimalpa de Morelos,100000.0,204.08163265306123,490.0,1,2.0,5.38081386595699,0.5783277473479187,0.49427437331671703,115618.79643553021,15.61879643553021
-99.190915,19.43353,Polanco,65000.0,250.0,260.0,3,2.0,5.364273310959724,0.49708618064365123,0.5,153338.74962890428,135.90576865985273
-99.1751954,19.4976072,Azcapotzalco,30000.0,102.04081632653062,294.0,3,2.0,5.365622040924744,0.5542611647617129,0.7799341145447056,28399.8418363657,-5.333860545447666
-99.2827876,19.3442896,Colonia San Mateo Tlaltenango,4500.0,14.018691588785046,321.0,1,2.0,5.360076427590699,0.04398700757244896,0.5,27940.030105859227,520.8895579079829
-99.1924473,19.3443673,San Ángel,20000.0,42.016806722689076,476.0,1,2.0,4.775161068589132,0.16861468678538993,0.5,110095.69726441485,450.4784863220743
-99.1200967,19.4590353,Valle Gómez,5000.0,15.015015015015015,333.0,1,2.0,5.369069129289476,0.07193512398837786,0.5,151008.26994397322,2920.1653988794646
-99.2579577,19.3235003,Lomas De La Era,11000.0,119.56521739130434,92.0,3,2.0,5.3290762648234855,0.6858699536580606,0.5,10700.583630365521,-2.721966996677078
-99.1144386,19.5036005,San Pedro Zacatenco,15000.0,83.79888268156425,179.0,3,2.0,5.361119367796554,0.7777268168673044,0.5,14075.163908982875,-6.165573940114167
-99.2079494,19.3038442,Tlalpan,9000.0,54.8780487804878,164.0,2,2.0,4.024824918661384,0.21348662161274007,0.3919311241687132,25490.897428152217,183.23219364613576
-99.1351784,19.2839421,Colonia Adolfo Ruíz Cortines,7000.0,35.0,200.0,1,2.0,5.38818577798227,0.20503540364996709,0.5,18375.54457287109,162.50777961244415
-99.1205924,19.4675479,Colonia Guadalupe Tepeyac,6500.0,42.20779220779221,154.0,1,2.0,5.384797706734455,0.18479271967255043,0.5,5419.321924833519,-16.625816541022783
-99.1242334,19.2876235,No Identificada,14300.0,84.11764705882354,170.0,2,2.0,4.164401327737395,0.7280987301193302,0.5,160917.70137330325,1025.2986110021207
-99.1807856,19.4386574,Polanco,19200.0,41.92139737991266,458.0,1,2.0,3.759004170050689,0.12993941978666806,0.5,189288.19117984988,885.8759957283847
-99.1634908,19.3679153,Colonia Santa Cruz Atoyac,7000.0,22.0125786163522,318.0,1,2.0,5.398124702300008,0.058549536816499284,0.5,51376.88868891672,633.9555526988103
-99.1550215,19.3760816,Colonia Letrán Valle,6500.0,6.5,1000.0,1,2.0,5.37931781477954,0.023641851201601994,0.5,20968.995503365662,222.59993082101016
-99.2737186,19.3653514,Lomas De Vista Hermosa,11500.0,130.6818181818182,88.0,4,2.0,5.346705941703883,0.36525510953684015,0.5,69523.53666715222,504.5524927578454
-99.1821386,19.4659567,Colonia Clavería,9000.0,65.21739130434783,138.0,1,2.0,5.343312694958013,0.6426927130286807,0.5,10221.136634311108,13.568184825678975
-99.095242,19.4763149,No Identificada,12500.0,60.09615384615385,208.0,2,2.0,5.3646712027503884,0.2457926169648055,0.5,414974.4390866028,3219.7955126928227
-99.1635227,19.270715,Unidad Habitacional Issfam,15000.0,110.29411764705883,136.0,3,2.0,5.355422308134096,0.5361818940716684,0.5,11181.53165018265,-25.456455665449006
-99.2315128,19.3439933,Colonia La Joyita,9500.0,20.0,475.0,1,2.0,5.34833599697416,0.09204482002269675,0.5,182209.66003195825,1817.9964213890344
-99.1608703,19.3524237,No Identificada,5000.0,10.0,500.0,1,2.0,5.359046931615123,0.07250359352158293,0.5,106524.31117995841,2030.4862235991682
-99.1332,19.4326,No Identificada,12000.0,80.0,150.0,3,2.0,5.336562030042126,0.26815479358204364,0.5,98830.38815897856,723.586567991488
-99.2052137,19.4347018,Polanco,9000.0,25.0,360.0,1,2.0,5.359986723927205,0.04792368881963828,0.5,140126.34119816692,1456.959346646299
-99.176429,19.4148639,Condesa,36700.0,48.03664921465968,764.0,1,2.0,5.3690104890912185,0.09708955841859956,0.5,34559.39533528463,-5.83271025808003
-99.1592793,19.4470702,No Identificada,10600.0,39.849624060150376,266.0,1,2.0,5.390497775202347,0.10152838955159713,0.5,12957.056273518192,22.236379938850867
-99.170138,19.2704871,Barrio El Truenito,14700.0,113.95348837209302,129.0,3,2.0,5.36297481694829,0.6238569783199602,0.5,14569.365295663429,-0.8886714580719136
-99.176429,19.4148639,Condesa,40000.0,126.98412698412699,315.0,3,2.0,5.356042869071899,0.25665472127264416,0.5,50424.144055080644,26.06036013770161
-99.2403477,19.338392,Colonia Tetelpan,29700.0,291.1764705882353,102.0,3,2.0,5.332870788625428,1.523240491053243,0.5,19012.224497600375,-35.985776102355636
-99.1361374,19.4533255,Colonia Nonoalco,22500.0,63.92045454545455,352.0,2,2.0,5.364244535513447,0.5917256989030831,0.5,25177.503534737578,11.90001570994479
-99.1629828,19.3488917,Coyoacán,12500.0,50.0,250.0,1,2.0,5.384094361394742,0.3901328417944262,0.750956198657275,449862.3973248565,3498.899178598852
-99.1945293,19.4492088,Pensil Norte,11000.0,39.00709219858156,282.0,1,2.0,4.108958662092745,0.09348667577205866,0.5,20717.682035828388,88.34256396207624
-99.1637312,19.3488849,Coyoacán,49000.0,210.30042918454936,233.0,3,2.0,5.381052161618533,1.6389628023724767,0.750956198657275,22828.243022530623,-53.41174893361097
-99.2030398,19.3389648,Colonia Progreso,15200.0,60.07905138339921,253.0,2,2.0,5.325150581165188,0.2068159553912602,0.5,124011.18325897925,715.8630477564424
-99.1155218,19.4187166,Aeronáutica Militar,12000.0,60.91370558375635,197.0,2,2.0,5.354254483985227,0.3288814804095579,0.5,28677.92796920647,138.98273307672056
-99.1807856,19.4386574,Polanco,26000.0,76.0233918128655,342.0,2,2.0,4.354426639770282,0.2356418449713151,0.5,431010.20239222917,1557.7315476624199
-99.0047499,19.2703914,Tláhuac,7000.0,22.0125786163522,318.0,1,2.0,5.395115848801948,0.13116556881842292,0.5773137898079344,24030.800773739775,243.2971539105682
-99.212149,19.3301222,San Jerónimo Aculco-Lídice,7000.0,22.0125786163522,318.0,1,2.0,5.339482312591922,0.1070221709020665,0.5,75500.04867458301,978.5721239226145
-99.1394057,19.3706012,Colonia Albert,5300.0,16.987179487179485,312.0,1,2.0,5.36703470361768,0.07468896627486471,0.5,20583.398372202213,288.3660070226833
-99.1321123,19.3608418,Colonia Sinatel,11000.0,56.12244897959184,196.0,2,2.0,5.371894807467042,0.31758263023382755,0.5,600929.6192416975,5362.996538560887
-99.176429,19.4148639,Condesa,63000.0,164.92146596858638,382.0,2,2.0,5.377488424489692,0.3333319989303418,0.5,20931.80546791638,-66.77491195568828
-99.1247366,19.3452007,Colonia Paseos De Taxqueña,14500.0,60.924369747899156,238.0,2,2.0,5.363768642676161,0.5290234918749185,0.5,14193.146459370588,-2.1162313146856015
-99.173201,19.4073088,Condesa,40000.0,90.9090909090909,440.0,2,2.0,5.374537681364729,0.20963266182722723,0.5,19570.879625484344,-51.07280093628914
-99.1563332,19.3650011,No Identificada,7000.0,25.0,280.0,1,2.0,5.372975206622254,0.07852413000888536,0.5,14866.06916641659,112.37241666309414
-99.1242796,19.3280225,No Identificada,5000.0,8.992805755395683,556.0,1,2.0,5.369260449935454,0.08530269999187895,0.5,19991.060059998643,299.82120119997285
-99.2737186,19.3653514,Lomas De Vista Hermosa,30000.0,167.5977653631285,179.0,2,2.0,5.367711657925997,0.4684350202464212,0.5,129813.06161637582,332.7102053879194
-99.1629828,19.3488917,Coyoacán,14200.0,80.68181818181819,176.0,2,2.0,5.364175161989775,0.6295325401682786,0.750956198657275,19386.844666424488,36.527075115665404
-99.1634845,19.3585922,Coyoacán,19200.0,88.07339449541284,218.0,2,2.0,5.360330564579477,0.33927260474248444,0.750956198657275,16427.182607849023,-14.441757250786338
-99.190915,19.43353,Polanco,4500.0,13.00578034682081,346.0,1,2.0,5.165215550296672,0.025859974715565674,0.5,15857.609577277817,252.39132393950703
-99.0663725,19.4057974,Colonia Agua Caliente,10000.0,25.974025974025974,385.0,1,2.0,3.8279407412146367,0.24313578403631061,0.5,36583.337895203724,265.83337895203726
-99.1384416,19.3189488,Colonia San Pablo Tepetlapa,4500.0,14.018691588785046,321.0,1,2.0,5.371537682784692,0.11363800129473071,0.5,13508.603215768111,200.19118257262468
-99.1507003,19.3608245,No Identificada,16000.0,59.9250936329588,267.0,2,2.0,5.373426116373941,0.37559019193795995,0.5,86976.35879588296,443.6022424742685
-99.190915,19.43353,Polanco,27000.0,78.03468208092485,346.0,2,2.0,5.382269854304052,0.15515984829339402,0.5,155471.01773658127,475.81858420956024
-99.1963085,19.38438,Colonia Santa María Nonoalco,15500.0,65.12605042016807,238.0,2,2.0,5.3795651260243345,0.24643759074936916,0.5,25957.798414202814,67.46966718840525
-99.1849259,19.321597,Coyoacán,38500.0,250.0,154.0,3,2.0,4.397978280767556,1.165222523074308,0.750956198657275,24335.760399799474,-36.79023272779357
-99.1332,19.4326,Colonia Bosques De Chapultepec,6000.0,157.89473684210526,38.0,2,2.0,5.367392121026603,0.5292528820698229,0.5,13334.716128000295,122.24526880000491
-99.0638122,19.2940636,No Identificada,9000.0,79.64601769911505,113.0,3,2.0,5.359889112544315,0.5622590316704674,0.5,37051.82465045555,311.6869405606172
-99.1527744,19.3630898,Benito Juárez,7000.0,41.91616766467066,167.0,1,2.0,4.71928333485672,0.2534398379956205,0.933319961735651,12701.047826250324,81.44354037500463
-99.176429,19.4148639,Condesa,22000.0,34.97615262321145,629.0,1,2.0,5.353772938924743,0.07069225828376088,0.5,43506.77008368814,97.75804583494609
-99.2544511,19.3339285,Colonia San Bartolo,13500.0,42.05607476635514,321.0,2,2.0,5.364533536811845,0.20352288432160132,0.5,211985.79325193397,1470.2651351995107
-99.1924473,19.3443673,San Ángel,63000.0,159.89847715736042,394.0,3,2.0,4.951929891319847,0.6416773131117098,0.5,12078.296406429115,-80.82810094217601
-99.2335239,19.3071968,Colonia Guadalupe,20000.0,350.87719298245617,57.0,4,2.0,5.375653159445241,1.8020363028126793,0.5,16409.43643096106,-17.952817845194698
-99.1821131,19.4384393,Polanco,27000.0,84.11214953271028,321.0,1,2.0,4.4228549832081,0.3728442067098828,0.5,115099.6465904856,326.2949873721689
-99.212149,19.3301222,San Jerónimo Aculco-Lídice,7500.0,39.8936170212766,188.0,1,2.0,5.384098596044771,0.19395735380047768,0.5,27118.766996862585,261.5835599581678
-99.1332,19.4326,No Identificada,9500.0,32.986111111111114,288.0,1,2.0,5.334822351261674,0.11056729770092945,0.5,63364.63199250656,566.9961262369112
-99.1904939,19.4681069,Ángel Zimbrón,14000.0,56.91056910569106,246.0,2,2.0,3.5039961621410622,0.4324673637469984,0.5,9682.077175174749,-30.842305891608934
-99.176429,19.4148639,Condesa,8000.0,24.024024024024023,333.0,1,2.0,5.385966228905676,0.04855629861914889,0.5,24901.7234169058,211.2715427113225
-99.0951919,19.4226245,No Identificada,17000.0,100.0,170.0,4,2.0,5.364506940026517,0.4418737216791558,0.5,26279.303265190796,54.5841368540635
-99.190915,19.43353,Polanco,15500.0,34.988713318284425,443.0,1,2.0,5.344176475573111,0.06956962347608663,0.5,25164.003624725767,62.34841048210173
-99.1059147,19.4796293,No Identificada,12900.0,53.08641975308642,243.0,2,2.0,5.353962062389858,0.1993353710183556,0.5,34117.62241318301,164.4776931254497
-99.1332,19.4326,No Identificada,6700.0,13.009708737864077,515.0,1,2.0,5.363745548187615,0.043607697014555635,0.5,25477.750886856047,280.2649386097917
-99.143579,19.3835398,Colonia Américas Unidas,5500.0,16.97530864197531,324.0,1,2.0,5.347875277484168,0.09837700642568115,0.5,10300.417146140433,87.28031174800788
-99.190915,19.43353,Polanco,14500.0,45.03105590062112,322.0,2,2.0,5.385985451786974,0.08953726235196202,0.5,39917.96355668811,175.2963003909525
-99.2136879,19.4156998,Lomas De Chapultepec,27500.0,87.0253164556962,316.0,1,2.0,5.351540026402573,0.29784937130240385,0.5,25978.51529203807,-5.532671665316104
-99.1291304,19.4561462,Peralvillo,14000.0,29.978586723768736,467.0,1,2.0,2.6320676306180726,0.19919925941941224,0.5,34417.160862829325,145.83686330592377
-98.9764252,19.339787,Colonia Ampliación Emiliano Zapata,13500.0,198.52941176470588,68.0,3,2.0,5.365733600610548,1.7452490383322237,0.5,30161.72261495475,123.42016751818332
-99.3048926,19.3495517,Contadero,27000.0,90.0,300.0,2,2.0,5.380879512168183,0.28720952789357984,0.5,18681.76937285473,-30.808261582019515
-99.1634845,19.3585922,Coyoacán,42000.0,106.06060606060606,396.0,3,2.0,5.368581478180001,0.4085621802691219,0.750956198657275,72705.49014066358,73.10830985872279
-99.1577081,19.4529545,No Identificada,30000.0,104.16666666666667,288.0,2,2.0,5.360156690777388,0.5818894953092771,0.5,159523.3478409177,431.744492803059
-99.3294245,19.3190342,Las Maromas,12000.0,120.0,100.0,2,2.0,5.3723859421472815,0.43860240856768723,0.5,47943.98353992762,299.5331961660635
-99.0787075,19.4413002,Colonia Peñón De Los Baños,10500.0,45.06437768240343,233.0,2,2.0,5.373313702323884,0.22724234969746324,0.5,55643.19132407297,429.9351554673616
-99.2235278,19.3177076,Colonia San Jerónimo Aculco,29000.0,166.66666666666666,174.0,2,2.0,5.387366484627867,0.6881347963599809,0.5,329313.18270805106,1035.5626989932794
-99.1847553,19.3901306,Colonia San Pedro De Los Pinos,16000.0,65.04065040650407,246.0,2,2.0,5.362849706609578,0.22294202112431002,0.5,403484.78459700797,2421.7799037313
-99.1264059,19.5036666,No Identificada,5000.0,15.015015015015015,333.0,1,2.0,5.362619304820269,0.12393578601238196,0.5,132525.60064768654,2550.512012953731
-99.190915,19.43353,Polanco,16500.0,31.976744186046513,516.0,1,2.0,5.3430493460946495,0.06358079054744377,0.5,138017.58221132087,736.4701952201265
-99.2264166,19.3117877,Colonia Héroes De Padierna,12700.0,65.12820512820512,195.0,1,2.0,5.378836327607584,0.2625767029909091,0.5,43677.35789288828,243.91620388101006
-99.1242334,19.2876235,Colonia Narciso Mendoza Súper Manzana 3 Villa Coapa,12000.0,64.86486486486487,185.0,3,2.0,5.361548617771914,0.5614520542216721,0.5,302467.0873297417,2420.5590610811805
-99.1629828,19.3488917,Coyoacán,4500.0,14.018691588785046,321.0,1,2.0,5.351632804189353,0.1093830397554466,0.750956198657275,109654.9431495386,2336.776514434191
-99.2651314,19.3865976,Lomas De Chamizal,14500.0,50.0,290.0,1,2.0,5.379331486640743,0.21921125866802071,0.5,258381.69859380485,1681.942748922792
-99.1267548,19.3079445,No Identificada,7300.0,24.013157894736842,304.0,1,2.0,5.345108393181437,0.16435453245389617,0.5,17106.687976417677,134.33819145777642
-99.1924473,19.3443673,San Ángel,71000.0,310.04366812227073,229.0,3,2.0,5.385860922285248,1.2442144005674756,0.5,25315.569048259094,-64.34426894611394
-99.1491402,19.3366906,Unidad Habitacional Rosedal,16000.0,66.94560669456067,239.0,2,2.0,5.356147790086357,0.36530442259899987,0.5,178352.70337940863,1014.704396121304
-99.0930336,19.4410704,Moctezuma 2ª. Sección,11000.0,47.00854700854701,234.0,2,2.0,5.377991390333468,0.2912207530795275,0.5,16088.964655686359,46.26331505169417
-99.1894424,19.3819657,No Identificada,4500.0,13.00578034682081,346.0,1,2.0,5.383434655668296,0.057599785249427375,0.5,20214.318099702876,349.20706888228614
-99.0687056,19.3431039,No Identificada,7500.0,44.11764705882353,170.0,2,2.0,5.370027998821463,0.21477477818981228,0.5,82779.92444441123,1003.732325925483
-99.272261,19.3581682,Cuajimalpa de Morelos,65000.0,171.95767195767195,378.0,3,2.0,5.114219867140462,0.48729467600611664,0.49427437331671703,16624.82624169832,-74.42334424354104
-99.1807856,19.4386574,Polanco,24500.0,76.08695652173913,322.0,1,2.0,4.366857515567661,0.23583886992530448,0.5,19285.61285438526,-21.28321283924383
-99.190915,19.43353,Polanco,25000.0,59.95203836930455,417.0,1,2.0,5.3692127914817585,0.11920531909919693,0.5,162861.2932536726,551.4451730146905
-99.172284,19.4224981,Condesa,35000.0,89.97429305912597,389.0,2,2.0,5.369490640525522,0.16982379508527792,0.5,110059.45756494103,214.45559304268866
-99.1725533,19.3999163,Escandón 2ª Sección,6500.0,20.967741935483872,310.0,1,2.0,5.402815887783977,0.058676705749199254,0.5,8717.362028206046,34.1132619724007
-99.039115,19.294963,Tláhuac,9800.0,69.50354609929079,141.0,1,2.0,5.3760588811832495,0.46043982419777557,0.5773137898079344,19672.39625125651,100.73873725771946
-99.190915,19.43353,Polanco,15000.0,681.8181818181819,22.0,5,2.0,5.371437890433584,1.3556895835735945,0.5,149780.17456944438,898.5344971296292
-99.1333434,19.3224823,Colonia El Centinela,25000.0,149.7005988023952,167.0,3,2.0,5.374433764326163,1.1141874947164452,0.5,31853.04674241692,27.412186969667673
-99.190915,19.43353,Polanco,75000.0,323.2758620689655,232.0,3,2.0,5.354121222382945,0.6427838542805835,0.5,114198.96101432167,52.26528135242889
-99.1463736,19.5496171,Colonia Chalma De Guadalupe,5800.0,40.0,145.0,1,2.0,4.139984677111384,0.257249040480106,0.5,23477.24619368356,304.78010678764764
-99.1629828,19.3488917,Coyoacán,20000.0,63.89776357827476,313.0,2,2.0,5.378637160295517,0.4985723217820143,0.750956198657275,50153.07921632535,150.76539608162676
-99.1492813,19.3682616,Colonia Portales Norte,15000.0,85.22727272727273,176.0,2,2.0,5.373878475815745,0.47320963397219773,0.5,9382.310229089253,-37.45126513940498
-99.1513127,19.391616,Narvarte,12000.0,44.943820224719104,267.0,1,2.0,5.391821214814754,0.1866096853452961,0.5,11235.386650667902,-6.371777911100813
-99.1537704,19.5217368,Colonia Guadalupe Proletaria,25000.0,260.4166666666667,96.0,4,2.0,5.362203586616216,1.2717276186356015,0.5,15452.545003302754,-38.18981998678899
-99.1654305,19.44941,No Identificada,5000.0,8.0,625.0,1,2.0,2.182873568155318,0.024294914590741932,0.5,58457.5480423159,1069.150960846318
-99.176429,19.4148639,Condesa,9000.0,18.0,500.0,1,2.0,3.243542567070185,0.03638080674039731,0.5,175742.49961625153,1852.6944401805724
-99.190915,19.43353,Polanco,41500.0,130.09404388714734,319.0,2,2.0,5.475903022552434,0.25867180560139846,0.5,58769.339201611714,41.612865546052326
-99.2136879,19.4156998,Lomas De Chapultepec,26000.0,100.0,260.0,2,2.0,5.368644958867364,0.34225600484203494,0.5,144913.01960479826,457.3577677107625
-99.1612198,19.3892973,Colonia Narvarte Poniente,40000.0,170.94017094017093,234.0,4,2.0,5.382417500972411,0.5694951656335823,0.5,18299.711341198577,-54.25072164700355
-99.2136879,19.4156998,Lomas De Chapultepec,65000.0,200.0,325.0,2,2.0,5.344694469289203,0.6845120096840699,0.5,101965.23650904272,56.86959462929649
-99.0740251,19.4033433,No Identificada,15000.0,64.93506493506493,231.0,3,2.0,5.390331698445407,0.5921013677251082,0.5,642713.4661661882,4184.756441107922
-99.2411247,19.3220293,No Identificada,9000.0,28.037383177570092,321.0,2,2.0,5.353596076738542,0.15150425441573453,0.5,55740.5387407028,519.3393193411422
-99.1093669,19.4925463,No Identificada,12900.0,114.15929203539822,113.0,3,2.0,5.349301075464157,1.037085114690551,0.5,19913.507158218286,54.3682725443278
-99.1270048,19.2667081,Colonia Santa María Tepepan,13500.0,55.10204081632653,245.0,1,2.0,5.370402526298322,0.31050355938914037,0.5,59504.42204342079,340.7734966179318
-99.1800979,19.3829715,Del Valle,26000.0,83.06709265175719,313.0,1,2.0,5.371286227864445,0.39925946744111696,0.5,9998.132276145716,-61.54564509174725
-99.1435914,19.293186,Tlalpan,5000.0,11.990407673860911,417.0,1,2.0,5.334869096657874,0.06343878835123229,0.3919311241687132,48459.506967858746,869.1901393571749
-99.190915,19.43353,Polanco,14500.0,36.98979591836735,392.0,1,2.0,5.39687186912054,0.07354846550339739,0.5,237397.0299943543,1537.2208965127882
-99.1900307,19.3040433,No Identificada,14800.0,45.962732919254655,322.0,3,2.0,3.7902220497432313,0.1828398506883777,0.5,94639.4625090923,539.4558277641371
-99.176429,19.4148639,Condesa,60000.0,139.86013986013987,429.0,3,2.0,5.36735260820576,0.28267915105203817,0.5,25205.531223950573,-57.990781293415715
-99.2908388,19.3570077,Lomas De Memetla,35000.0,350.0,100.0,3,2.0,5.344958344603222,1.2050476914524537,0.5,29007.43558257465,-17.121612621215288
-99.1579443,19.5084773,Colonia Industrial,13500.0,39.94082840236686,338.0,2,2.0,5.379521707135347,0.1909464942928954,0.5,14575.285131361332,7.965075047120977
-99.1481486,19.3058524,Conjunto Buenavista,5200.0,15.853658536585366,328.0,1,2.0,5.353490384710976,0.10514343669024515,0.5,19888.064492730242,282.46277870635083
-99.2047726,19.3992902,Colonia Las Américas,5500.0,16.97530864197531,324.0,1,2.0,5.392571585917188,0.06064453984145561,0.5,145691.1173340391,2548.9294060734383
-99.0663725,19.4057974,Colonia Agua Caliente,10000.0,45.04504504504504,222.0,2,2.0,3.290618752683476,0.42165440024315126,0.5,18967.457859070237,89.67457859070237
-99.2185154,19.2759456,Colonia Cuchilla De Padierna,23000.0,205.35714285714286,112.0,3,2.0,5.371651028159182,0.9832166913107978,0.5,214054.60760611287,830.6722069830995
-99.1647831,19.4037015,Roma Sur,36000.0,137.93103448275863,261.0,3,2.0,5.374113326827203,0.3124869601986331,0.5,13162.675325849148,-63.43701298375236
-99.3048926,19.3495517,Contadero,14000.0,50.0,280.0,1,2.0,5.360355717004407,0.1595608488297666,0.5,18550.900480510933,32.506432003649515
-99.0744066,19.4079014,Colonia Agrícola Oriental,19000.0,120.25316455696202,158.0,2,2.0,5.3553844319761055,1.1605877581814457,0.5,156734.650298617,724.9192120979842
-99.1721825,19.4389504,No Identificada,4600.0,13.98176291793313,329.0,1,2.0,5.367657662024463,0.05323471897594697,0.5,181541.6496135331,3846.557600294198
-99.294171,19.3532835,Cuajimalpa de Morelos,37000.0,241.83006535947712,153.0,3,2.0,5.355363204115956,0.813724524288431,0.49427437331671703,817023.4287980713,2108.1714291839767
-99.272261,19.3581682,Cuajimalpa de Morelos,58000.0,155.91397849462365,372.0,3,2.0,4.958247307246744,0.4418299618179529,0.49427437331671703,211232.7899869135,264.19446549467847
-99.157701,19.3718796,Benito Juárez,5500.0,16.97530864197531,324.0,1,2.0,5.32492822275519,0.051997615474053425,0.933319961735651,19502.557013052003,254.59194569185462
-99.1750493,19.386333,No Identificada,12800.0,29.97658079625293,427.0,1,2.0,5.363886941724312,0.1259230419506754,0.5,47329.72026093711,269.76343953857116
-99.1906167,19.4071156,Miguel Hidalgo,22000.0,130.17751479289942,169.0,3,2.0,5.384603715771733,0.32817024302210884,0.8585849060226639,18031.276696626242,-18.039651378971623
-99.0219567,19.3579551,Colonia Paraje Zacatepec,18000.0,169.81132075471697,106.0,4,2.0,5.390853503763726,1.0883766245704762,0.5,25933.56905789461,44.07538365497005
-99.190915,19.43353,Polanco,48000.0,189.72332015810278,253.0,3,2.0,5.377341637533685,0.3772353623856958,0.5,73655.56147100328,53.44908639792351
-99.212149,19.3301222,San Jerónimo Aculco-Lídice,45000.0,381.35593220338984,118.0,4,2.0,5.302633651335122,1.8541008058215156,0.5,285862.65076862683,535.250335041393
-99.1541876,19.3418563,Colonia Copilco Iii,16600.0,47.02549575070822,353.0,1,2.0,4.556220509718561,0.21350637927116814,0.5,17456.384363162575,5.1589419467625
-99.190915,19.43353,Polanco,23000.0,68.04733727810651,338.0,2,2.0,4.710869626959273,0.13530156396217727,0.5,17300.998136233757,-24.77826897289671
-99.2199399,19.269702,Colonia Chimilli,16000.0,177.77777777777777,90.0,2,2.0,5.372271645416189,0.8950873239504856,0.5,62014.64863933427,287.59155399583915
-99.1289166,19.3379672,No Identificada,26000.0,130.0,200.0,2,2.0,5.378371974432718,0.961152957862643,0.5,17587.8139423695,-32.35456176011731
-99.0663725,19.4057974,Colonia Agua Caliente,12500.0,56.053811659192824,223.0,2,2.0,5.360283855595004,0.5247044666702891,0.5,662411.3705972915,5199.290964778332
-99.1898823,19.4831755,Colonia San Francisco Tetecala,13000.0,41.00946372239748,317.0,2,2.0,5.365036928039417,0.19884223035166088,0.5,189805.1205218796,1360.0393886298432
-99.2448956,19.3375801,Olivar De Los Padres,24600.0,79.87012987012987,308.0,2,2.0,4.46902326758237,0.37734757585610956,0.5,224727.62485961855,813.5269303236527
-99.212149,19.3301222,San Jerónimo Aculco-Lídice,28000.0,85.88957055214723,326.0,1,2.0,5.463084255702212,0.417583439838738,0.5,198054.98318579173,607.3392256635419
-99.272261,19.3581682,Cuajimalpa de Morelos,115000.0,254.9889135254989,451.0,3,2.0,5.343727402543233,0.7225891033936855,0.49427437331671703,179932.21483121946,56.462795505408224
-99.1473744,19.4020076,No Identificada,19000.0,78.83817427385893,241.0,3,2.0,5.368631693851425,0.2753582370997228,0.5,40790.98338113296,114.68938621648925
-99.2113769,19.4368989,Polanco,6000.0,181.8181818181818,33.0,3,2.0,5.3693677682280265,0.5752109646938662,0.5,13118.968733205971,118.64947888676618
-99.2098077,19.4361854,Polanco,11500.0,24.008350730688935,479.0,1,2.0,5.381142083988119,0.08674641527652208,0.5,32177.447769932613,179.80389365158794
-99.1724983,19.4376429,Verónica Anzures,10000.0,30.959752321981423,323.0,1,2.0,5.36039518298409,0.11014834936017205,0.5,46982.14254613543,369.8214254613543
-99.1875474,19.4327987,Polanco,6000.0,12.0,500.0,1,2.0,5.369911764582111,0.02705259465006633,0.5,153781.92197586328,2463.032032931055
-99.1647831,19.4037015,Roma Sur,8500.0,20.987654320987655,405.0,1,2.0,5.3625254932487705,0.04754817017837225,0.5,16931.566243454756,99.19489698182066
-99.2150977,19.4497398,Colonia Lomas De Sotelo,20800.0,66.03174603174604,315.0,1,2.0,5.334491828180367,0.15786974086166342,0.5,105728.7206812626,408.3111571214548
-99.1331785,19.4326296,Cuauhtémoc,35000.0,95.1086956521739,368.0,3,2.0,5.37787928016753,0.23162323136205637,0.830531038273375,154782.2149317585,342.23489980502427
-99.1714612,19.4486614,Miguel Hidalgo,10000.0,69.93006993006993,143.0,1,2.0,5.346634944216232,0.31461926940822604,0.8585849060226639,44930.6225315572,349.306225315572
-99.1800979,19.3829715,Del Valle,16000.0,59.9250936329588,267.0,1,2.0,5.385514437545585,0.2880281493726755,0.5,35743.317161165505,123.39573225728442
-99.1314778,19.4177785,Tránsito,14000.0,50.0,280.0,2,2.0,5.389682267151535,0.21687891388680045,0.5,40061.482265139806,186.15344475099863
-99.1514186,19.2670201,Colonia Fuentes De Tepepan,38500.0,458.3333333333333,84.0,4,2.0,5.35546857795641,2.5242238055057964,0.5,40459.34384811469,5.089204800297891
-99.2607972,19.3747038,Santa Fe Peña Blanca,37000.0,100.0,370.0,2,2.0,5.367980073264057,0.33229463633488543,0.5,21059.97537104212,-43.081147645832104
-99.272261,19.3581682,Cuajimalpa de Morelos,45000.0,155.17241379310346,290.0,2,2.0,5.11664279370912,0.4397285113455727,0.49427437331671703,38819.320294852114,-13.734843789217525
-99.1870609,19.4402177,Polanco,32000.0,104.91803278688525,305.0,2,2.0,5.361973627494848,0.3466823516962317,0.5,21907.56692548023,-31.53885335787428
-99.1332,19.4326,No Identificada,13500.0,45.0,300.0,1,2.0,5.369445385760366,0.15083707138989955,0.5,12276.60217526604,-9.062206109140444
-99.182484,19.4023372,No Identificada,4800.0,15.0,320.0,1,2.0,5.3600004718538115,0.03505680337496551,0.5,55654.090419744345,1059.4602170780072
-99.1332,19.4326,No Identificada,4000.0,14.9812734082397,267.0,1,2.0,5.384057674098197,0.050216253479783445,0.5,20395.682038957202,409.89205097393
-99.176429,19.4148639,Condesa,65000.0,97.01492537313433,670.0,2,2.0,5.355670594245602,0.1960822917185593,0.5,7835.222917284388,-87.94581089648555
-99.2136879,19.4156998,Lomas De Chapultepec,115000.0,206.83453237410072,556.0,3,2.0,5.3785090037623835,0.7079036071373025,0.5,27903.90164235855,-75.73573770229693
-99.1359574,19.3434043,No Identificada,8500.0,30.035335689045937,283.0,1,2.0,5.376444603913211,0.15647401761597204,0.5,185749.25463927083,2085.285348697304
-99.2411247,19.3220293,No Identificada,5000.0,15.015015015015015,333.0,1,2.0,5.366062509534714,0.08113591202444241,0.5,13211.67790811338,164.2335581622676
-99.1103021,19.4416362,No Identificada,8000.0,50.0,160.0,1,2.0,5.364090591026989,0.3526288462197882,0.5,34115.50502198345,326.4438127747932
-99.1103021,19.4416362,No Identificada,10000.0,59.880239520958085,167.0,2,2.0,5.372826712916917,0.42230999547280024,0.5,54584.28457839124,445.8428457839124
-99.2927146,19.3548006,Cuajimalpa de Morelos,13000.0,160.49382716049382,81.0,1,2.0,5.3822507323416575,0.5400370586613819,0.49427437331671703,87822.72261082425,575.5594046986481
-99.2079204,19.4562386,Argentina Poniente,5000.0,16.025641025641026,312.0,1,2.0,5.324369697689062,0.053868698331141114,0.5,23650.91257508374,373.0182515016748
-99.1394057,19.3706012,Colonia Albert,5000.0,10.0,500.0,1,2.0,5.337950029147571,0.04396784429765621,0.5,37013.68568309584,640.2737136619169
-99.1629828,19.3488917,Coyoacán,5000.0,21.008403361344538,238.0,1,2.0,5.335040820383313,0.1639213620984984,0.750956198657275,58162.660176538455,1063.253203530769
-99.2118,19.4306822,No Identificada,23000.0,72.10031347962382,319.0,1,2.0,5.359492540840387,0.23587606252865617,0.5,133494.98331635742,480.41297094068443
-99.1744059,19.4473094,No Identificada,8500.0,26.984126984126984,315.0,1,2.0,5.374840946306347,0.1086124674103627,0.5,118037.26555486565,1288.673712410184
-99.263975,19.3675834,No Identificada,29500.0,179.8780487804878,164.0,2,2.0,5.395054065706352,0.5568510467407083,0.5,28553.541190409916,-3.2083349477629954
-99.1120701,19.317015,Coapa,35000.0,312.5,112.0,3,2.0,5.369409250600703,2.2010720862047317,0.5,40929.458762727474,16.941310750649926
-99.2136879,19.4156998,Miguel Hidalgo,37000.0,286.8217054263566,129.0,3,2.0,5.3626212855570845,0.9816645100120382,0.8585849060226639,212593.10219653894,474.5759518825377
-99.190915,19.43353,Polanco,65000.0,205.69620253164558,316.0,3,2.0,5.37033577812637,0.4089949587574346,0.5,14865.798514729406,-77.12954074657013
-99.1910885,19.3924894,Colonia 8 De Agosto,12000.0,68.18181818181819,176.0,2,2.0,5.332842746211082,0.25201084721548767,0.5,10915.675295870871,-9.036039201076074
-99.2079494,19.3038442,Tlalpan,29000.0,547.1698113207547,53.0,4,2.0,5.376300286416189,2.128600361405014,0.3919311241687132,169302.5481240204,483.80189008282895
-99.1924473,19.3443673,San Ángel,35000.0,119.86301369863014,292.0,2,2.0,3.769695329001995,0.48101381538434873,0.5,45361.19374131493,29.60341068947122
-99.1108783,19.4626231,Colonia Belisario Domínguez Sección Xvi,5600.0,35.0,160.0,1,2.0,5.352981318540091,0.11815487596535917,0.5,14627.762845165493,161.21005080652665
-99.190915,19.43353,Polanco,32000.0,119.8501872659176,267.0,2,2.0,5.350036887844807,0.2383034873497654,0.5,76683.21742100114,139.63505444062858
-99.1821131,19.4384393,Polanco,35000.0,84.95145631067962,412.0,2,2.0,4.438025820491977,0.376564604673277,0.5,76164.00011121375,117.61142888918215
-99.272261,19.3581682,Cuajimalpa de Morelos,110000.0,569.9481865284974,193.0,3,2.0,5.5500484933351535,1.6151225690182809,0.49427437331671703,20468.865739419474,-81.39194023689139
-99.1623842,19.4171872,Roma Norte,6000.0,18.9873417721519,316.0,1,2.0,5.351416068248829,0.03774597430372619,0.5,33580.187369700136,459.66978949500225
-99.2607972,19.3747038,Santa Fe Peña Blanca,24500.0,64.9867374005305,377.0,1,2.0,5.368453466714024,0.2159474427109998,0.5,13018.369127322812,-46.86379948031505
-99.1945293,19.4492088,Pensil Norte,17500.0,59.93150684931507,292.0,2,2.0,3.6822405397320934,0.14363535022886348,0.5,16834.513268178296,-3.8027813246954505
-99.1332,19.4326,No Identificada,35000.0,180.41237113402062,194.0,2,2.0,5.352321150709003,0.6047305267636293,0.5,22503.60689235489,-35.703980307557465
-99.2437213,19.3683696,Jalalpa,45000.0,150.0,300.0,2,2.0,5.381634271768124,0.7410284672605659,0.5,19438.486618983996,-56.80336306892445
-99.176429,19.4148639,Condesa,52000.0,164.0378548895899,317.0,2,2.0,5.380934510242969,0.3315460831581949,0.5,15189.108066134197,-70.79017679589577
-99.2173815,19.4454159,No Identificada,16100.0,77.03349282296651,209.0,2,2.0,5.346041053591087,0.189578418433103,0.5,18855.99378633418,17.11797382816261
-99.190915,19.43353,Polanco,35000.0,115.13157894736842,304.0,2,2.0,5.382483902903106,0.2289212674016815,0.5,16912.876950914502,-51.67749442595857
-99.190915,19.43353,Polanco,5000.0,151.5151515151515,33.0,2,2.0,5.371305225909561,0.30126435190524314,0.5,19979.50343471558,299.59006869431164
-99.1536982,19.5311631,No Identificada,15000.0,102.04081632653062,147.0,3,2.0,5.319809166181992,0.5627405649243601,0.5,14981.269202112773,-0.12487198591484533
-99.1465217,19.3273743,Colonia Díaz Ordaz,14200.0,53.99239543726236,263.0,2,2.0,5.383134314740775,0.36034330637462275,0.5,63993.093520365415,350.6555881715874
-99.2136879,19.4156998,Lomas De Chapultepec,87000.0,583.8926174496644,149.0,3,2.0,5.335810440734865,1.998407545050808,0.5,18552.670996378405,-78.67509080876044
-99.1557868,19.4641375,Colonia San Francisco Xocotitla,6500.0,11.992619926199263,542.0,1,2.0,5.380174809662521,0.05646900947394234,0.5,18751.206718736626,188.48010336517888
-99.1431167,19.3156584,Colonia Los Fresnos,11000.0,33.95061728395062,324.0,1,2.0,4.587344839279271,0.2765180379229201,0.5,35657.97676640527,224.16342514913882
-99.1350733,19.514275,No Identificada,15000.0,46.012269938650306,326.0,3,2.0,5.371514158901174,0.21783200794084379,0.5,10480.586490968442,-30.129423393543718
-99.0892469,19.5002144,No Identificada,7800.0,59.09090909090909,132.0,2,2.0,5.347037061945561,0.40188266113927135,0.5,96494.08967574933,1137.103713791658
-99.0789991,19.3259062,No Identificada,5000.0,20.0,250.0,1,2.0,5.350731461230865,0.1006711309057155,0.5,9516.369362497879,90.32738724995757
-99.2653191,19.3629245,Cuajimalpa de Morelos,47000.0,129.8342541436464,362.0,2,2.0,3.8448138351174683,0.3706848079062554,0.49427437331671703,38537.17695901055,-18.006006470190325
-99.1155218,19.4187166,Aeronáutica Militar,12000.0,60.91370558375635,197.0,2,2.0,5.3554625239398375,0.3288814804095579,0.5,24754.678722293873,106.28898935244895
-99.1517788,19.298041,Tlalpan,9100.0,50.0,182.0,1,2.0,5.338996685749736,0.3628863849318052,0.3919311241687132,102464.36648847112,1025.9820493238583
-99.2668386,19.3657572,Cuajimalpa de Morelos,31000.0,90.11627906976744,344.0,1,2.0,5.373894950653386,0.2755857625833725,0.49427437331671703,12907.553643867468,-58.362730181072685
-99.3000541,19.3574168,Cuajimalpa de Morelos,12000.0,120.0,100.0,3,2.0,5.35348264187353,0.44404028096516596,0.49427437331671703,15582.497671574212,29.854147263118435
-99.0549682,19.2965377,Colonia La Nopalera,32000.0,146.78899082568807,218.0,3,2.0,5.3623356200544485,0.7471387354115846,0.5,394625.1745976864,1133.20367061777
-99.1444529,19.3898354,Colonia Miguel Alemán,16000.0,59.9250936329588,267.0,2,2.0,2.7885662968488103,0.2674678652560321,0.5,18008.769596237962,12.554809976487263
-99.0801411,19.3526182,Iztapalapa,10000.0,62.893081761006286,159.0,2,2.0,5.348303862787051,0.3576712467873581,1.0,12480.859436011266,24.808594360112657
-99.1210992,19.2916656,No Identificada,5500.0,11.0,500.0,1,2.0,5.356940436848157,0.11628872232554359,0.5,13393.131426606797,143.51148048375995
-99.1629828,19.3488917,Coyoacán,22000.0,115.18324607329843,191.0,1,2.0,5.356340131618787,0.898735342353652,0.750956198657275,427449.6220442717,1842.952827473962
-99.1800979,19.3829715,Del Valle,16000.0,50.955414012738856,314.0,2,2.0,5.359929378937263,0.24491565567676551,0.5,22839.75324057002,42.74845775356261
-99.2136879,19.4156998,Lomas De Chapultepec,70000.0,630.6306306306307,111.0,3,2.0,4.735048733034343,2.158371201706527,0.5,16688.481514546558,-76.15931212207634
-99.1120396,19.3880913,Iztacalco,10300.0,75.18248175182482,137.0,2,2.0,5.347686763051488,0.5846538231330057,0.7626118203348291,15192.04100336334,47.49554372197417
-99.2149757,19.387844,El Cuernito,19000.0,73.92996108949416,257.0,1,2.0,4.45269330640606,0.3902121776332092,0.5,274267.53691289236,1343.5133521731177
-99.1718938,19.2913392,Centro,48000.0,432.43243243243245,111.0,4,2.0,5.357240793202582,2.037402505549846,0.5,32184.735914176796,-32.948466845465006
-99.1388039,19.3116129,Colonia Los Robles,30500.0,95.9119496855346,318.0,1,2.0,5.371735111508745,0.9171982120466047,0.5,26795.094781623844,-12.147230224184117
-99.2315128,19.3439933,Colonia La Joyita,24000.0,186.04651162790697,129.0,2,2.0,5.372921555849193,0.8562308839320627,0.5,29935.04259043595,24.729344126816464
-99.2098733,19.4557464,No Identificada,16000.0,62.99212598425197,254.0,2,2.0,4.064029340814963,0.19968877381420982,0.5,30216.58776194181,88.85367351213631
-99.1332,19.4326,No Identificada,19800.0,120.0,165.0,3,2.0,5.346482704137923,0.4022321903730654,0.5,14787.437459567844,-25.31597242642503
-99.176429,19.4148639,Condesa,40000.0,56.022408963585434,714.0,1,2.0,5.395384234750299,0.11323002409087242,0.5,16941.351281507847,-57.64662179623038
-99.2927146,19.3548006,Locaxco,27000.0,169.81132075471697,159.0,3,2.0,5.319001388833304,0.5713889924007944,0.5,15412.728674070726,-42.91581972566398
-99.272261,19.3581682,Cuajimalpa de Morelos,67000.0,159.90453460620526,419.0,3,2.0,4.972361604214947,0.4531384235186676,0.49427437331671703,13858.738138956849,-79.31531621051217
-99.1481486,19.3058524,Conjunto Buenavista,18000.0,50.0,360.0,1,2.0,5.372633146986925,0.3316062234076962,0.5,85054.94434474704,372.527468581928
-99.1675384,19.3735392,Del Valle,35000.0,257.3529411764706,136.0,3,2.0,5.332762419909115,0.782985596342126,0.5,37661.87674010992,7.605362114599765
-99.176429,19.4148639,Condesa,24300.0,43.008849557522126,565.0,1,2.0,5.389439426817478,0.08692759132661304,0.5,78896.8409578069,224.6783578510572
-99.190915,19.43353,Polanco,17500.0,90.20618556701031,194.0,1,2.0,5.380247135598769,0.17936099301575045,0.5,30299.417928654595,73.1395310208834
-99.1963085,19.38438,Colonia Carola,17500.0,59.93150684931507,292.0,3,2.0,5.369260934434267,0.22678138874748618,0.5,41985.61712126383,139.9178121215076
-99.1565788,19.3605494,No Identificada,6200.0,16.986301369863014,365.0,1,2.0,5.355884044230393,0.12920804303004296,0.5,221565.78821716315,3473.6417454381153
-99.1849631,19.4604837,No Identificada,4800.0,16.0,300.0,1,2.0,5.345444951548677,0.11318328869118174,0.5,27351.857341183735,469.8303612746612
-99.2024403,19.4301176,Polanco,5900.0,178.78787878787878,33.0,3,2.0,5.394203630478016,0.4513222193750849,0.5,23904.431595982016,305.1598575590172
-99.2345159,19.3056739,San Nicolás Totolapan,20000.0,200.0,100.0,3,2.0,5.345349563517338,0.9888489460783552,0.5,58838.30758114103,194.19153790570516
-99.2136879,19.4156998,Lomas De Chapultepec,120000.0,320.0,375.0,3,2.0,5.775207647860477,1.095219215494512,0.5,21700.86743118783,-81.91594380734347
-99.1463736,19.5496171,Colonia Chalma De Guadalupe,6900.0,60.0,115.0,2,2.0,3.7156134551192723,0.38587356072015894,0.5,152467.0315064751,2109.6671232822478
-99.1539411,19.2989654,Bosques De Tetlameya,15000.0,78.94736842105263,190.0,2,2.0,5.363250153312923,0.5612870644657573,0.5,11261.80956712826,-24.92126955247826
-99.1892558,19.4928133,Colonia Santa Inés,15000.0,46.012269938650306,326.0,2,2.0,5.390701900389203,0.22789804434074631,0.5,20588.018944734336,37.253459631562244
-99.1661584,19.3834216,Centro,6000.0,18.01801801801802,333.0,1,2.0,5.347623022374025,0.05601982206775114,0.5,176155.256404101,2835.92094006835
-99.1513127,19.391616,Narvarte,4000.0,8.0,500.0,1,2.0,5.317336819077079,0.0332165239914627,0.5,20739.562808678373,418.4890702169593
-99.1814155,19.306179,Colonia Torres De Maurel,25000.0,139.66480446927375,179.0,3,2.0,5.407925421660128,0.561987035660122,0.5,97809.83307266608,291.2393322906643
-99.1706106,19.3596057,Coyoacán,7500.0,23.961661341853034,313.0,1,2.0,5.369707371808115,0.06585287303316897,0.750956198657275,19488.457834544162,159.84610446058883
-99.1875474,19.4327987,Polanco,10000.0,19.011406844106464,526.0,1,2.0,5.325563283114172,0.04285899025675907,0.5,37769.483455725574,277.6948345572558
-99.1629828,19.3488917,Coyoacán,22500.0,159.5744680851064,141.0,3,2.0,5.370609517317176,1.2451048142375305,0.750956198657275,161352.6622430523,617.1229433024546
-99.176429,19.4148639,Condesa,70000.0,233.33333333333334,300.0,2,2.0,5.3589598060957355,0.47160305033848365,0.5,18071.42678935776,-74.18367601520319
-99.2030398,19.3389648,Colonia Ermita Tizapán,23500.0,75.07987220447285,313.0,2,2.0,5.36622051598714,0.25845473826692816,0.5,71836.53760498026,205.68739406374576
-99.1332,19.4326,No Identificada,21000.0,85.02024291497976,247.0,2,2.0,5.335062041830251,0.28498232111452004,0.5,22037.424099025917,4.9401147572662705
-99.1576306,19.2680472,No Identificada,7000.0,50.0,140.0,1,2.0,3.7113223402072526,0.22960854893822216,0.5,13199.393748705008,88.56276783864297
-99.2118,19.4306822,No Identificada,90000.0,430.622009569378,209.0,3,2.0,5.401349445827718,1.4087792292901433,0.5,89423.2309772102,-0.6408544697664426
-99.176429,19.4148639,Condesa,30000.0,90.09009009009009,333.0,2,2.0,5.362202312370352,0.18208611982180833,0.5,34982.58812167152,16.608627072238402
-99.202481,19.372535,No Identificada,9000.0,40.0,225.0,1,2.0,5.379949106259559,0.1597987469543,0.5,226047.56682599208,2411.6396313999117
-99.1332,19.4326,No Identificada,6000.0,214.28571428571428,28.0,2,2.0,5.341910645335529,0.7182717685233311,0.5,160108.65303432575,2568.477550572096
-99.176429,19.4148639,Condesa,63000.0,164.0625,384.0,2,2.0,5.352256823750398,0.3315958947692463,0.5,26305.335012615997,-58.24549997997461
-99.1241703,19.3728323,No Identificada,15000.0,70.09345794392523,214.0,3,2.0,5.348853410785622,0.40808567624329883,0.5,32473.075130622514,116.48716753748343
-99.2665457,19.3668482,Centro,30000.0,63.96588486140725,469.0,1,2.0,5.343146632536727,0.19431902025722506,0.5,35119.00295343358,17.06334317811192
-99.2488199,19.3433669,Tarango,48000.0,163.82252559726962,293.0,3,2.0,5.348380786378665,0.7327251085515418,0.5,26359.032565303765,-45.08534882228382
-99.2136879,19.4156998,Lomas De Chapultepec,20000.0,90.09009009009009,222.0,1,2.0,4.717425209983966,0.3083387431009324,0.5,30801.95560840097,54.009778042004854
-99.272261,19.3581682,Cuajimalpa de Morelos,60000.0,189.2744479495268,317.0,1,2.0,4.965096689171225,0.5363670590545365,0.49427437331671703,67176.31811724154,11.960530195402558
-99.164209,19.2683552,Colonia San Pedro Mártir,15000.0,120.0,125.0,1,2.0,5.350641722201982,0.7599317516483601,0.5,61349.523794629946,308.996825297533
-99.2125541,19.4336714,Reforma Social,23500.0,57.03883495145631,412.0,1,2.0,5.362330305711157,0.18885057808559005,0.5,166359.1349632104,607.911212609406
-99.1729889,19.3007237,Colonia Isidro Fabela,29000.0,250.0,116.0,4,2.0,5.3591203786577415,0.8865998579364885,0.5,177939.40913853017,513.5841694432074
-99.1906167,19.4071156,Miguel Hidalgo,30000.0,312.5,96.0,4,2.0,5.350928580038358,0.7877950436184146,0.8585849060226639,11905.253626185191,-60.31582124604936
-99.2136879,19.4156998,Lomas De Chapultepec,54000.0,245.45454545454547,220.0,3,2.0,5.372699880164102,0.8400829209759041,0.5,122930.16881734075,127.64846077285324
-99.2464933,19.379995,Santa Fe,16000.0,50.0,320.0,1,2.0,5.341078162639028,0.16209608021423677,0.5,34282.41731411002,114.2651082131876
-99.1767299,19.3789676,Colonia Tlacoquemecatl,29500.0,60.950413223140494,484.0,1,2.0,5.344198302148814,0.3864260770432088,0.5,19767.238395586388,-32.99241221835123
-99.2869132,19.3621951,El Yaqui,54000.0,400.0,135.0,3,2.0,5.350697465997957,1.2339098069887107,0.5,50483.57866877982,-6.51189135411145
-99.1520198,19.4879827,San Andrés De Las Salinas,12500.0,38.940809968847354,321.0,1,2.0,5.362077592437503,0.28787583361716135,0.5,13504.818894522954,8.038551156183631
-99.176429,19.4148639,Condesa,45200.0,67.96992481203007,665.0,2,2.0,5.376154323152998,0.137377816596989,0.5,11203.38894368289,-75.21374127503785
-99.1583506,19.4484703,Santa María La Ribera,6000.0,18.9873417721519,316.0,1,2.0,5.361683886928487,0.07566561475902472,0.5,23910.566771007285,298.50944618345477
-99.1647831,19.4037015,Roma Sur,68000.0,350.5154639175258,194.0,4,2.0,5.348664819808802,0.7941034607109593,0.5,134966.92489800445,98.48077190883008
-99.1525797,19.4268364,Cuauhtémoc,23500.0,145.06172839506172,162.0,2,2.0,5.370496128521298,0.3408508339446784,0.830531038273375,898155.4514664973,3721.9380913467967
-99.1605769,19.3915189,No Identificada,24000.0,89.88764044943821,267.0,2,2.0,5.341158013992147,0.30659864927028097,0.5,10483.268021753998,-56.319716576025
-99.2977984,19.3634367,No Identificada,25000.0,115.74074074074075,216.0,3,2.0,5.385846973731764,0.43602698289306174,0.5,333846.4623571811,1235.3858494287244
-99.1034013,19.2967111,Unidad Habitacional Hueso Periférico,13000.0,40.0,325.0,1,2.0,5.388899723294832,0.27576105928173095,0.5,16942.36472588152,30.32588250678094
-99.1922949,19.3480666,San Ángel,58000.0,200.0,290.0,3,2.0,5.377988789345264,0.8406046969377551,0.5,18648.324754125446,-67.84771594116302
-99.1780197,19.3647512,Álvaro Obregón,35000.0,162.03703703703704,216.0,3,2.0,5.390328108756866,0.5685824805377859,0.0,19606.864710922906,-43.980386540220266
-99.160153,19.3788245,No Identificada,14000.0,45.01607717041801,311.0,1,2.0,5.348894709628807,0.1558092614801415,0.5,62784.1936462912,348.4585260449371
-99.1576306,19.2680472,No Identificada,6000.0,40.0,150.0,1,2.0,3.9178654562607145,0.18368683915057774,0.5,27568.529034651314,359.47548391085525
-99.1721825,19.4389504,No Identificada,19500.0,60.0,325.0,3,2.0,5.3729684258607655,0.22844638099678113,0.5,829948.1436920863,4156.144326626084
-99.1847553,19.3901306,Colonia San Pedro De Los Pinos,23500.0,79.93197278911565,294.0,2,2.0,5.364602012421196,0.273985506828154,0.5,115284.08655132183,390.5705810694546
-99.272261,19.3581682,Cuajimalpa de Morelos,105000.0,259.9009900990099,404.0,3,2.0,6.3426603591232205,0.7365089752735252,0.49427437331671703,132701.39922780092,26.382284978858024
-99.190915,19.43353,Polanco,26000.0,60.046189376443415,433.0,1,2.0,5.377268805056266,0.11939252375736657,0.5,16722.70143763801,-35.681917547546114
-99.2255628,19.3597064,No Identificada,50000.0,320.5128205128205,156.0,4,2.0,5.400426729510715,1.3934762489753316,0.5,108728.21502719566,117.45643005439132
-99.1533161,19.31147,Colonia Pedregal Santa Úrsula,39000.0,397.9591836734694,98.0,3,2.0,5.380551926642324,3.147012046439494,0.5,16982.029963664638,-56.456333426500926
-99.1210992,19.2916656,No Identificada,13000.0,65.98984771573605,197.0,2,2.0,5.372318087960924,0.6976250070291032,0.5,165442.5256014581,1172.6348123189084
-99.0705782,19.4105801,No Identificada,10000.0,28.011204481792717,357.0,1,2.0,4.374665783105269,0.25126597893966196,0.5,28086.570834662714,180.86570834662714
-99.1725533,19.3999163,Colonia San Miguel Chapultepec,6000.0,25.210084033613445,238.0,1,2.0,5.379851531569769,0.07054859256206245,0.5,21011.249912154562,250.18749853590938
-99.104835,19.296834,No Identificada,3800.0,10.0,380.0,1,2.0,2.1972105199563026,0.06818811969572385,0.5,15417.586231785435,305.7259534680378
-99.1629828,19.3488917,Coyoacán,55000.0,310.73446327683615,177.0,4,2.0,5.364717922840034,2.424554384033157,0.750956198657275,29817.243908913762,-45.786829256520434
-99.168697,19.4188498,Condesa,38000.0,107.95454545454545,352.0,3,2.0,5.389434849664377,0.25619689069898727,0.5,14320.567189141884,-62.31429687067925
-99.190915,19.43353,Polanco,27000.0,150.0,180.0,3,2.0,5.384617428808157,0.29825170838619075,0.5,16452.27642663427,-39.06564286431751
-99.190915,19.43353,Polanco,63000.0,220.27972027972027,286.0,2,2.0,5.305300282642903,0.437992019308392,0.5,19442.960637828193,-69.13815771773302
-99.190915,19.43353,Polanco,85000.0,244.95677233429396,347.0,3,2.0,5.376595715061446,0.4870585055298024,0.5,47612.060461864516,-43.985811221335865
-99.176429,19.4148639,Condesa,39000.0,109.85915492957747,355.0,2,2.0,5.356823387229558,0.22204248245312913,0.5,20827.337591812175,-46.59657027740468
-99.1886312,19.4525317,No Identificada,15000.0,46.012269938650306,326.0,2,2.0,5.341034543869128,0.25814154247967397,0.5,18474.59693436809,23.163979562453946
-99.1821131,19.4384393,Polanco,26000.0,73.03370786516854,356.0,1,2.0,5.364685763199907,0.3237367612568333,0.5,18476.514190779857,-28.93648388161593
-99.1838662,19.3419228,Colonia Fortín Chimalistac,70000.0,222.22222222222223,315.0,3,2.0,5.383566371608948,1.0114765411967628,0.5,114111.18674411044,63.01598106301491
-99.176429,19.4148639,Condesa,40000.0,117.99410029498524,339.0,2,2.0,5.379840609190061,0.23848447551882862,0.5,17114.483550650704,-57.213791123373234
-99.2651314,19.3865976,Lomas De Chamizal,16600.0,20.02412545235223,829.0,1,2.0,5.384853285053563,0.08779027488272964,0.5,14541.464859844353,-12.400814097323176
-99.2377905,19.3662091,Jalalpa,16500.0,64.96062992125984,254.0,2,2.0,5.388451362797787,0.2922020383050375,0.5,28249.87498249856,71.2113635302943
-99.150083,19.4676806,Colonia Patrimonio Familiar,9000.0,20.0,450.0,1,2.0,5.354040821073465,0.08879999262496564,0.5,25625.551771390335,184.72835301544816
-99.1291304,19.4561462,Ex Hipódromo De Peralvillo,11000.0,60.10928961748634,183.0,2,2.0,5.337824708398239,0.39940928791472313,0.5,32817.18372873471,198.33803389758828
-99.176429,19.4148639,Condesa,55000.0,102.99625468164794,534.0,2,2.0,5.3471364109178925,0.2081714909198764,0.5,32378.441617480094,-41.13010615003619
-99.157408,19.3736353,Fraccionamiento Residencial Emperadores,7000.0,22.0125786163522,318.0,1,2.0,5.351364698473648,0.08737403116570164,0.5,22405.800243424466,220.08286062034955
-99.1633935,19.359262,Colonia Xoco,30000.0,72.99270072992701,411.0,2,2.0,5.364813283431192,0.28090094572550833,0.5,182471.14326047734,508.2371442015911
-99.2359523,19.3050134,Barranca Seca,35000.0,336.53846153846155,104.0,3,2.0,5.38333161086987,1.9279510119526404,0.5,96643.21016682708,176.12345761950593
-99.1961632,19.4367038,Polanco,125000.0,269.97840172786175,463.0,3,2.0,5.320970814546285,0.45336686142047666,0.5,23246.28719521486,-81.40297024382811
-99.2490513,19.3846991,No Identificada,30000.0,71.94244604316546,417.0,2,2.0,5.35554900330772,0.20518125989389469,0.5,27843.722499013136,-7.187591669956213
-99.1629828,19.3488917,Coyoacán,52000.0,239.63133640552996,217.0,3,2.0,5.3563470055440865,1.8697610850977109,0.750956198657275,24645.025471069664,-52.605720247942955
-99.2190603,19.3127666,Pedregal De San Ángel,50000.0,349.65034965034965,143.0,3,2.0,5.364734778137949,1.5070288733422526,0.5,11647.117929946244,-76.70576414010752
-99.1169501,19.3535523,Iztapalapa,14000.0,60.08583690987125,233.0,2,2.0,5.359148503459445,0.5300684982111399,1.0,9034.17705928968,-35.47016386221657
-99.1949507,19.4318907,Polanco,150000.0,259.96533795493934,577.0,3,2.0,5.396850286059784,0.7279542879626991,0.5,72061.58378525282,-51.958944143164786
-99.2136879,19.4156998,Lomas De Chapultepec,27000.0,120.0,225.0,1,2.0,5.353098451778288,0.41070720581044196,0.5,53589.17049947465,98.4784092573135
-99.0921201,19.4423948,No Identificada,7400.0,22.981366459627328,322.0,2,2.0,5.358710072471395,0.14197394920015213,0.5,19445.483669680012,162.7768063470272
-99.0976897,19.4731913,No Identificada,19000.0,179.24528301886792,106.0,3,2.0,5.389981964045304,0.7566825374651953,0.5,11188.890262000195,-41.1111038842095
-99.1435613,19.4600188,No Identificada,11000.0,45.08196721311475,244.0,2,2.0,5.3462543823964035,0.34906836230371147,0.5,27724.210747586418,152.0382795235129
-99.1181774,19.4073755,No Identificada,9800.0,75.96899224806202,129.0,3,2.0,5.370217673340055,0.5672004124584221,0.5,25650.581609468285,161.74062866804374
-99.1168782,19.3014378,No Identificada,13000.0,40.0,325.0,2,2.0,5.376961742090322,0.24813692717206598,0.5,27083.727043889678,108.33636187607445
-99.1730815,19.2343739,Magdalena Petlacalco,10000.0,80.0,125.0,1,2.0,5.369194438886333,0.32678888723626065,0.5,790384.4774681369,7803.844774681369
-99.1346276,19.3966883,No Identificada,5000.0,17.006802721088434,294.0,1,2.0,3.9135620654134575,0.10180596255821064,0.5,19665.906773052047,293.3181354610409
-99.1246615,19.2800449,No Identificada,5500.0,16.97530864197531,324.0,1,2.0,5.382302868588325,0.1281029032463686,0.5,18101.617605581865,229.12032010148846
-99.190915,19.43353,Polanco,68000.0,340.0,200.0,3,2.0,5.385075152746026,0.6760372056753657,0.5,15693.124218606941,-76.92187614910743
-99.1795821,19.4092659,Condesa,37000.0,106.9364161849711,346.0,2,2.0,5.3585934785395555,0.24287153826517588,0.5,143504.64300089018,287.8503864888924
-99.2266279,19.3405695,Colonia Segunda Del Moral,22000.0,100.0,220.0,2,2.0,5.36375476580716,0.4803110666461465,0.5,12903.79892585314,-41.34636851884936
-99.1343458,19.3281355,Colonia Avante,31000.0,206.66666666666666,150.0,3,2.0,5.388224006078805,1.3564491922527595,0.5,160336.23845785856,417.213672444705
-99.1445514,19.3142231,Colonia Textitlán 222,7500.0,30.0,250.0,1,2.0,5.378948487161872,0.2194157395142714,0.5,165006.26374863705,2100.083516648494
-99.283572,19.3570924,No Identificada,35000.0,115.13157894736842,304.0,2,2.0,5.372479858262013,0.3217576459933616,0.5,15036.860080776729,-57.0375426263522
-99.176429,19.4148639,Condesa,12500.0,36.023054755043226,347.0,1,2.0,5.33456854310251,0.07280821073566544,0.5,17665.787438988176,41.32629951190541
-99.1894913,19.389455,No Identificada,18000.0,64.05693950177935,281.0,3,2.0,5.369718947013259,0.21884808929708857,0.5,21943.310412488638,21.907280069381322
-99.1734959,19.4027792,No Identificada,9500.0,17.992424242424242,528.0,1,2.0,5.346520060631937,0.05755152608774266,0.5,115977.50518660757,1120.8158440695533
-99.1628933,19.3919332,No Identificada,36000.0,150.0,240.0,2,2.0,5.37948963936503,0.5212033379712171,0.5,23704.74854619247,-34.15347626057647
-99.1550215,19.3760816,Colonia Letrán Valle,10000.0,23.980815347721823,417.0,1,2.0,5.363438197708201,0.08722321048368195,0.5,16740.401455611405,67.40401455611405
-99.1248161,19.3997047,Colonia Nueva Santa Anita,15000.0,60.0,250.0,2,2.0,5.359648600189886,0.39831250044649363,0.5,8608.7555138089,-42.60829657460734
-99.1750493,19.386333,No Identificada,6500.0,11.992619926199263,542.0,1,2.0,5.347784686248275,0.05037756615170947,0.5,28567.650589223675,339.5023167572873
-99.176429,19.4148639,Condesa,10000.0,30.959752321981423,323.0,1,2.0,5.384630773931471,0.06257448699758739,0.5,27666.22715976687,176.6622715976687
-99.1269976,19.293775,Unidad Habitacional Narciso Mendoza 5 Villa Coapa,5000.0,10.0,500.0,1,2.0,5.364293941583765,0.09183114130646956,0.5,18376.103034404696,267.5220606880939
-99.1634845,19.3585922,Coyoacán,29000.0,90.06211180124224,322.0,2,2.0,5.338905829756822,0.34693345742462256,0.750956198657275,13466.664973349489,-53.56322422982935
-99.1746948,19.3915426,No Identificada,8000.0,27.027027027027028,296.0,1,2.0,5.377117384180154,0.062261189013034964,0.5,28315.349156850516,253.94186446063145
-99.1332,19.4326,No Identificada,8000.0,15.0093808630394,533.0,1,2.0,5.37198056089834,0.05031046783903258,0.5,20427.039056265512,155.3379882033189
-99.1513127,19.391616,Narvarte,35000.0,259.25925925925924,135.0,3,2.0,5.352956157367955,1.0764614256492542,0.5,37579.42648775342,7.369789965009778
-99.176429,19.4148639,Condesa,60000.0,116.95906432748538,513.0,3,2.0,5.3619304805323695,0.23639250643533014,0.5,35538.654287774996,-40.768909520375004
-99.1566535,19.3909404,Colonia Narvarte Poniente,10800.0,26.02409638554217,415.0,1,2.0,5.3721727966914665,0.08413308039861554,0.5,25614.834474498777,137.1743932823961
-99.176429,19.4148639,Condesa,42800.0,103.13253012048193,415.0,3,2.0,5.388809903481901,0.2084469248311921,0.5,16943.799842451564,-60.41168261109448
-99.1332,19.4326,No Identificada,16500.0,52.05047318611987,317.0,2,2.0,5.361723359367404,0.17446979866339588,0.5,28656.1063881968,73.67337204967758
-99.2597597,19.3771699,No Identificada,52000.0,137.93103448275863,377.0,3,2.0,5.376986554228066,0.424128593874009,0.5,18474.83049427619,-64.47147981869963
-99.0935577,19.3577446,Iztapalapa,5000.0,15.97444089456869,313.0,1,2.0,5.393261808652674,0.18951744425836878,1.0,18853.031272963257,277.0606254592651
-99.1456431,19.3844235,Colonia Josefa Ortiz De Domínguez,18000.0,75.0,240.0,2,2.0,5.35027011362623,0.42136220889094655,0.5,29078.166517945967,61.54536954414426
-99.1332,19.4326,No Identificada,12000.0,60.91370558375635,197.0,2,2.0,5.384415880164103,0.2041787768391195,0.5,7092.814695668952,-40.8932108694254
-99.1332,19.4326,No Identificada,16000.0,75.82938388625593,211.0,3,2.0,5.374008877771619,0.25417515979340627,0.5,16650.150148233814,4.063438426461334
-99.1332,19.4326,No Identificada,13000.0,60.18518518518518,216.0,1,2.0,5.393516204083285,0.20173682387538003,0.5,14543.853056860135,11.875792745077957
-99.1413421,19.3597478,No Identificada,14500.0,63.87665198237885,227.0,2,2.0,5.37584710317183,0.368127504521965,0.5,140403.6881212383,868.3012973878502
-99.2235278,19.3177076,Colonia San Jerónimo Aculco,45000.0,279.5031055900621,161.0,3,2.0,5.381039897591866,1.1540148758831976,0.5,38551.66290166654,-14.32963799629658
-99.0824629,19.3887608,Colonia Real Del Moral,40000.0,298.5074626865672,134.0,5,2.0,5.378317443000522,1.5515339986582672,0.5,23328.339891389645,-41.67915027152589
-99.1924473,19.3443673,San Ángel,80000.0,500.0,160.0,4,2.0,5.354189886921046,2.00651477274614,0.5,55571.2606962461,-30.535924129692376
-99.1713899,19.3366039,No Identificada,13000.0,112.06896551724138,116.0,3,2.0,5.38589807456298,0.6780089426203614,0.5,17342.194658967135,33.40149737667027
-99.1494857,19.4710761,Colonia Aldama,13000.0,75.14450867052022,173.0,2,2.0,5.365977237872509,0.32701210413361687,0.5,13509.670083890673,3.9205391068513284
-99.212149,19.3301222,San Jerónimo Aculco-Lídice,40000.0,239.52095808383234,167.0,1,2.0,4.465697503060081,1.164518403656361,0.5,12997.893282110314,-67.50526679472422
-99.2024692,19.4435904,Ampliación Granada,36000.0,75.0,480.0,1,2.0,5.325447190113652,0.1567816665266791,0.5,17860.321466665482,-50.38799592592922
-99.1633935,19.359262,Colonia Xoco,6500.0,16.00985221674877,406.0,1,2.0,3.559294232262339,0.06161140201196186,0.5,15531.255744427257,138.94239606811166
-99.272261,19.3581682,Cuajimalpa de Morelos,50000.0,97.0873786407767,515.0,2,2.0,5.1019021943389795,0.27512679242765065,0.49427437331671703,67629.73086684408,35.25946173368816
-99.176429,19.4148639,Condesa,21000.0,40.0,525.0,1,2.0,5.341933529828494,0.08084623720088291,0.5,83725.80858302415,298.6943265858293
-99.2653191,19.3629245,Cuajimalpa de Morelos,24000.0,45.0281425891182,533.0,1,2.0,4.852068181999176,0.1285581258668136,0.49427437331671703,15332.405447659501,-36.11497730141874
-99.1707619,19.3080267,No Identificada,18000.0,180.0,100.0,3,2.0,5.381497310029666,0.7133010209778832,0.5,10776.293000468157,-40.131705552954685
-99.1723876,19.4258034,Cuauhtémoc,8500.0,18.008474576271187,472.0,1,2.0,5.351585176410243,0.034866625808026,0.830531038273375,40508.637530954526,376.5722062465238
-99.2255628,19.3597064,No Identificada,8000.0,29.9625468164794,267.0,1,2.0,5.371113515930965,0.1302665437244355,0.5,25633.56782776777,220.41959784709712
-99.176429,19.4148639,Condesa,11000.0,24.017467248908297,458.0,1,2.0,2.945445223178002,0.04854304635424192,0.5,11585.613648068822,5.32376043698929
-99.1955821,19.43238,Polanco,130000.0,380.1169590643275,342.0,3,2.0,5.337820402556887,1.0454761687316168,0.5,10640.488622681334,-91.8150087517836
-99.1937777,19.3762208,No Identificada,12000.0,25.0,480.0,1,2.0,5.386156724313194,0.10836911737612948,0.5,14497.877079753096,20.8156423312758
-99.1654305,19.44941,No Identificada,4500.0,7.992895204262878,563.0,1,2.0,2.182599426993697,0.024273338290039675,0.5,26762.93323005132,494.731849556696
-99.1064557,19.4136465,No Identificada,12500.0,77.1604938271605,162.0,2,2.0,5.351099550388251,0.45201088628013314,0.5,20628.67597168815,65.0294077735052
-99.1346276,19.3966883,No Identificada,10500.0,50.0,210.0,2,2.0,2.8927531860897164,0.2993095299211393,0.5,13953.385816796052,32.889388731390966
-99.2031498,19.3580045,Las Águilas,40000.0,300.7518796992481,133.0,3,2.0,5.331499884064372,1.1410700782310117,0.5,153620.73796979367,284.05184492448416
-99.212149,19.3301222,San Jerónimo Aculco-Lídice,14200.0,72.08121827411168,197.0,4,2.0,5.381662471413873,0.3504491043693775,0.5,118166.31423648077,732.1571425104279
-99.1690527,19.4454955,Anahuác 2ª Sección,16000.0,80.0,200.0,2,2.0,5.365635324009579,0.3560332022833035,0.5,9304.15403644473,-41.849037272220436
-99.1800979,19.3829715,Del Valle,39900.0,359.4594594594595,111.0,3,2.0,5.35489381889933,1.727731015603561,0.5,85177.86400737186,113.47835590820014
-99.2136879,19.4156998,Lomas De Chapultepec,33000.0,110.0,300.0,2,2.0,5.488069674880401,0.3764816053262385,0.5,69766.25288280338,111.41288752364662
-99.1972262,19.3369579,Colonia Ermita Tizapán,7800.0,7.8,1000.0,1,2.0,5.367342337955765,0.02770479252974244,0.5,20927.95772500024,168.30715032051592
-99.2651314,19.3865976,Lomas De Chamizal,14500.0,45.03105590062112,322.0,1,2.0,5.36814705992034,0.19742628886250313,0.5,112857.20520976846,678.325553170817
-99.190915,19.43353,Polanco,100000.0,289.01734104046244,346.0,3,2.0,5.378226813089234,0.5746661047903483,0.5,30695.763076127918,-69.30423692387208
-99.1248161,19.3997047,Colonia Viaducto Piedad,15000.0,78.125,192.0,2,2.0,5.349692014156648,0.5186360682897053,0.5,21538.562196322942,43.59041464215295
-99.1161164,19.2478832,Colonia Canal 11,23000.0,147.43589743589743,156.0,3,2.0,5.383195355213696,0.6460196932360436,0.5,14753.91643029302,-35.852537259595564
-99.2031498,19.3580045,Las Águilas,25000.0,85.91065292096219,291.0,2,2.0,5.358489042833249,0.3259500008692538,0.5,33078.18387360657,32.31273549442628
-99.2437213,19.3683696,Jalalpa,25900.0,79.93827160493827,324.0,1,2.0,5.3442271746055825,0.3949102325524415,0.5,19958.02226033382,-22.94199899485012
-99.2621617,19.3753622,Paseo De Las Lomas,35000.0,119.86301369863014,292.0,3,2.0,5.381992872722241,0.4019632842598964,0.5,23491.10033517386,-32.88257047093183
-99.1811445,19.2630303,No Identificada,7500.0,70.09345794392523,107.0,1,2.0,5.3672190636389665,0.49399241474665345,0.5,46642.79516674568,521.9039355566091
-99.1884289,19.4760311,Azcapotzalco,150000.0,600.0,250.0,1,2.0,5.362036945216898,4.229621927120623,0.7799341145447056,183831.07275447628,22.554048502984188
-99.1378983,19.2810876,Colonia San Juan Tepepan,14000.0,60.08583690987125,233.0,2,2.0,5.349693581570096,0.35742458386994097,0.5,39712.55940091768,183.6611385779834
-99.1532138,19.3041152,Ex-Ejido De Santa Úrsula Coapa,25000.0,126.26262626262626,198.0,3,2.0,5.3655918583755415,0.818422050170905,0.5,86831.16295288711,247.32465181154845
-99.1903983,19.4704063,Barrio San Lucas,39500.0,263.3333333333333,150.0,3,2.0,5.3637521924041796,1.9201036219512548,0.5,11749.957576187551,-70.25327195901885
-99.1594428,19.453018,No Identificada,27000.0,84.90566037735849,318.0,1,2.0,4.497646494367598,0.5012798123340424,0.5,109301.24205273887,304.819415010144
-99.175617,19.4776939,No Identificada,11000.0,56.994818652849744,193.0,2,2.0,5.330619238528462,0.3086424954099501,0.5,10571.370242339728,-3.8966341605479267
-99.2391085,19.3335562,No Identificada,25000.0,85.91065292096219,291.0,2,2.0,5.365046278181166,0.4516509727112264,0.5,10297.495729456923,-58.81001708217231
-99.1924473,19.3443673,San Ángel,29000.0,109.84848484848484,264.0,3,2.0,5.363388650910318,0.44082521522453083,0.5,8271.446924176093,-71.47776922697899
-99.2031498,19.3580045,Las Águilas,12500.0,65.10416666666667,192.0,2,2.0,5.38730185519948,0.24700898503373145,0.5,11585.58432258459,-7.315325419323286
-99.1480121,19.2708201,Colonia Valle Tepepan,17000.0,89.94708994708995,189.0,2,2.0,5.379722199152261,0.5050586214046734,0.5,42285.43587059868,148.7378580623452
-99.2025779,19.4448459,Ampliación Granada,30000.0,69.93006993006993,429.0,1,2.0,5.391896647562696,0.1533251025341215,0.5,8506.77759188553,-71.6440746937149
-99.1849631,19.4604837,No Identificada,5000.0,21.008403361344538,238.0,1,2.0,5.363967376004388,0.14861251141174073,0.5,6076.518747727585,21.530374954551696
-99.1533294,19.4369782,Tabacalera,29000.0,64.0176600441501,453.0,1,2.0,5.328680386543286,0.15185195997337186,0.5,9977.517977278709,-65.59476559559066
-99.2699739,19.3605927,Cuajimalpa de Morelos,65000.0,275.4237288135593,236.0,3,2.0,5.383194879200413,0.7388616369534785,0.49427437331671703,10649.996697896984,-83.6153896955431
-99.176429,19.4148639,Condesa,56000.0,110.0196463654224,509.0,2,2.0,5.344762373378258,0.22236686067040487,0.5,81986.22933360255,46.40398095286169
-99.237508,19.2785599,No Identificada,12500.0,100.0,125.0,3,2.0,4.0747078598644935,0.46377790242335326,0.5,10973.911619082477,-12.208707047340184
-99.2118,19.4306822,No Identificada,33000.0,89.9182561307902,367.0,1,2.0,5.410978608153548,0.2941674339816566,0.5,66946.07441034635,102.8668921525647
-99.190915,19.43353,Polanco,5900.0,178.78787878787878,33.0,3,2.0,5.363993562964435,0.35549193524818695,0.5,5837.508677778438,-1.059174952907828
-99.190915,19.43353,Polanco,142000.0,431.6109422492401,329.0,1,2.0,5.3735833482048,0.8581913392267292,0.5,7091.456543785161,-95.00601651846114
-99.1746948,19.3002933,No Identificada,29900.0,290.29126213592235,103.0,5,2.0,5.378395154721614,1.0585286823834017,0.5,49692.55941568785,66.19585088858813
-99.1742295,19.2962937,No Identificada,5700.0,19.0,300.0,1,2.0,5.378280247718974,0.06306586792774087,0.5,70487.29362188661,1136.619186348888
-99.1907382,19.4316987,Polanco,130000.0,370.3703703703704,351.0,3,2.0,5.3689189316388495,0.8073884725378432,0.5,25878.755326542516,-80.09326513342884
-99.2027663,19.4379566,Polanco,5900.0,178.78787878787878,33.0,3,2.0,5.346809413053514,0.35029930682935123,0.5,126764.7912880678,2048.555784543522
-99.176429,19.4148639,Condesa,75000.0,228.65853658536585,328.0,2,2.0,5.326971340807742,0.46215455716968123,0.5,8741.394785978855,-88.3448069520282
-99.2827876,19.3442896,Colonia San Mateo Tlaltenango,24000.0,220.1834862385321,109.0,3,2.0,5.52053197646978,0.69087850425718,0.5,7662.98450471651,-68.07089789701453
-99.212149,19.3301222,San Jerónimo Aculco-Lídice,25000.0,200.0,125.0,2,2.0,5.942625009766679,0.9723728670530615,0.5,20270.177477369776,-18.919290090520896
-99.2827876,19.3442896,Colonia San Mateo Tlaltenango,26000.0,250.0,104.0,3,2.0,5.404097398653257,0.7844349683753399,0.5,6492.241049532596,-75.02984211718233
-99.1706106,19.3596057,Coyoacán,41000.0,242.60355029585799,169.0,3,2.0,5.357812396489868,0.666737609179217,0.750956198657275,28980.77367049833,-29.315186169516274
-99.1135489,19.3664696,No Identificada,4500.0,34.883720930232556,129.0,1,2.0,5.326492567627538,0.3040620161411557,0.5,5891.540928385487,30.923131741899713
-99.2098733,19.4557464,No Identificada,16000.0,57.971014492753625,276.0,2,2.0,4.17238580649091,0.18377155271307716,0.5,3992.19747160412,-75.04876580247425
-99.1579449,19.3305773,Colonia Monserrat Universidad,13000.0,59.90783410138249,217.0,2,2.0,5.344753367954134,0.3965236597949821,0.5,5696.78433743104,-56.17858201976124
-99.2136879,19.4156998,Lomas De Chapultepec,98000.0,420.6008583690987,233.0,3,2.0,5.3647724668980965,1.439531694185383,0.5,10859.312104845605,-88.91906928076979
-99.176429,19.4148639,Condesa,38000.0,190.0,200.0,3,2.0,5.354763229790428,0.3840196267041938,0.5,11412.0691811596,-69.96823899694841
-99.1583808,19.3856058,Colonia Narvarte Poniente,22000.0,90.1639344262295,244.0,2,2.0,5.358135464701789,0.30244261876607925,0.5,96841.76367058218,340.18983486628264
-99.1594428,19.453018,No Identificada,36000.0,82.00455580865604,439.0,1,2.0,4.549728404545317,0.48415180052308426,0.5,10074.83292570019,-72.01435298416614
-99.2194033,19.4512424,Periodista,17400.0,39.01345291479821,446.0,1,2.0,5.362098630821758,0.09594336127355292,0.5,10131.674833693745,-41.77198371440377
-99.2098077,19.4361854,Polanco,48000.0,220.1834862385321,218.0,3,2.0,5.369188852715711,0.7955618588104489,0.5,10686.655059194343,-77.73613529334511
-99.2873532,19.365447,San José De Los Cedros,44000.0,162.96296296296296,270.0,3,2.0,4.989927281832514,0.4663203023127202,0.5,9282.048545613363,-78.90443512360599
-99.1323222,19.400007,No Identificada,14500.0,68.07511737089202,213.0,2,2.0,5.380930412967495,0.3931471897770961,0.5,110014.24950502488,658.7189621036199
-99.2031498,19.3580045,Las Águilas,22000.0,74.07407407407408,297.0,2,2.0,5.383597511058706,0.28104133408282334,0.5,7774.208590582295,-64.66268822462592
-99.1265582,19.3331029,Colonia Ampliación San Francisco Culhuacán,50000.0,247.52475247524754,202.0,4,2.0,5.3835353963156845,2.2904370926025632,0.5,203903.45796618197,307.80691593236395
-99.176429,19.4148639,Condesa,32000.0,89.88764044943821,356.0,2,2.0,5.3747148982308826,0.18167693753007397,0.5,10715.624750260686,-66.51367265543536
-99.2448956,19.3375801,Olivar De Los Padres,37200.0,210.16949152542372,177.0,2,2.0,5.368762662942238,0.992948781665739,0.5,11090.278010915283,-70.18742470184064
-99.3000541,19.3574168,Cuajimalpa de Morelos,27000.0,75.0,360.0,2,2.0,5.39057532958398,0.27752517560322876,0.49427437331671703,10461.727462094224,-61.252861251502864
-99.272261,19.3581682,Cuajimalpa de Morelos,27000.0,111.11111111111111,243.0,2,2.0,5.354289663897088,0.3148673291116446,0.49427437331671703,118003.67420877001,337.0506452176667
-99.2927146,19.3548006,Locaxco,19000.0,53.97727272727273,352.0,2,2.0,5.378582377014871,0.18162522580416665,0.5,6762.714752527667,-64.4067644603807
-99.2873532,19.365447,San José De Los Cedros,37000.0,145.09803921568627,255.0,2,2.0,5.120591284253005,0.41519962746025624,0.5,5100.8782820282695,-86.21384248100468
-99.1924473,19.3443673,San Ángel,10000.0,30.959752321981423,323.0,1,2.0,5.363782873268576,0.1242424007892347,0.5,9393.426000683217,-6.065739993167826
-99.1750493,19.386333,No Identificada,27500.0,96.15384615384616,286.0,2,2.0,5.344902560307421,0.4039148055358955,0.5,9397.452927432492,-65.82744390024548
-99.1553027,19.4537412,No Identificada,17000.0,60.07067137809187,283.0,2,2.0,5.36900576733963,0.31413736361135697,0.5,10944.73634722497,-35.61919795750017
-99.1332,19.4326,No Identificada,36800.0,56.012176560121766,657.0,1,2.0,5.354877548473293,0.18774917054450543,0.5,95685.73801184786,160.01559242349964
-99.2118,19.4306822,No Identificada,70000.0,197.18309859154928,355.0,2,2.0,5.36622515792398,0.6450841979503849,0.5,6899.203660077098,-90.14399477131843
-99.1750493,19.386333,No Identificada,12500.0,33.96739130434783,368.0,1,2.0,5.380519982535298,0.14268729543387612,0.5,6946.579041287913,-44.42736766969669
-99.1973998,19.4319826,Polanco,75000.0,150.0,500.0,2,2.0,5.3553778427240735,0.36545965015246273,0.5,131516.84447586685,75.35579263448912
-99.1332,19.4326,No Identificada,53000.0,180.2721088435374,294.0,3,2.0,5.369753605442949,0.6042603766942309,0.5,102493.58555636626,93.3841236912571
-99.1744287,19.4317039,No Identificada,10000.0,17.985611510791365,556.0,1,2.0,5.369213114175507,0.04425663939317117,0.5,8570.32783685568,-14.296721631443196
-99.176429,19.4148639,Condesa,38000.0,138.1818181818182,275.0,2,2.0,5.327085684391603,0.2792870012394137,0.5,10694.397158264112,-71.8568495835155
-99.190915,19.43353,Polanco,85000.0,277.77777777777777,306.0,3,2.0,5.360003732716995,0.5523179784929458,0.5,13625.942438648834,-83.96947948394255
-99.160824,19.3370172,Coyoacán,18100.0,80.08849557522124,226.0,2,2.0,5.379427586593877,0.7044208565834517,0.750956198657275,10514.317679121794,-41.90984707667517
-99.1898968,19.3540154,No Identificada,18000.0,37.03703703703704,486.0,1,2.0,5.370763214138225,0.10246819376371813,0.5,118545.65206059541,558.5869558921967
-99.1905836,19.4096579,No Identificada,15000.0,37.9746835443038,395.0,1,2.0,5.3562686720452435,0.09579582775858485,0.5,9731.158592633192,-35.12560938244539
-99.2130586,19.2977957,No Identificada,7000.0,26.022304832713754,269.0,1,2.0,5.36066656321749,0.13283671274609685,0.5,6822.795723950767,-2.531489657846188
-99.1404718,19.2883295,No Identificada,5800.0,11.005692599620494,527.0,1,2.0,5.385684834345417,0.0536497999163344,0.5,9466.855523854741,63.22164696301278
-99.1536982,19.5311631,No Identificada,7800.0,20.0,390.0,1,2.0,5.377273562267651,0.11029715072517457,0.5,8138.56237672699,4.340543291371665
-99.1031414,19.3533643,Colonia Santa Isabel Industrial,40000.0,189.5734597156398,211.0,2,2.0,5.395567102857145,2.2147446808572218,0.5,145081.84840721963,262.70462101804907
-99.1291304,19.4561462,Peralvillo,5000.0,14.005602240896359,357.0,1,2.0,5.3484166152735835,0.09306327946064978,0.5,103515.79749708535,1970.3159499417072
-99.1859666,19.4338141,Polanco,135000.0,239.78685612788632,563.0,3,2.0,5.3882021633142845,0.6623489565786541,0.5,13807.43595604884,-89.77226966218605
-99.1183913,19.4565452,No Identificada,12700.0,55.947136563876654,227.0,2,2.0,5.355845831927318,0.2713537046818281,0.5,9627.677403365038,-24.191516508936708
-99.1735605,19.2599747,Colonia Mirador Del Valle,50000.0,400.0,125.0,4,2.0,5.3342078137499,2.8118802253237174,0.5,153319.14401638604,206.6382880327721
-99.1557868,19.4641375,Colonia Del Gas,18000.0,72.0,250.0,2,2.0,5.375282329445666,0.33902255780171164,0.5,14200.763303691458,-21.10687053504746
-99.190915,19.43353,Polanco,16600.0,34.01639344262295,488.0,1,2.0,5.36541056161965,0.06763631638266074,0.5,142939.5942765239,761.0818932320716
-99.1800979,19.3829715,Del Valle,38000.0,119.87381703470031,317.0,3,2.0,5.379709593860095,0.5761698745140311,0.5,8763.352374716838,-76.93854638232412
-99.2136879,19.4156998,Lomas De Chapultepec,20800.0,48.03695150115473,433.0,1,2.0,5.395416270280744,0.16440935105575813,0.5,115580.69591342872,455.67642266071505
-99.2926531,19.3631076,Jesús Del Monte,32000.0,326.53061224489795,98.0,4,2.0,5.377853646987873,1.1876826555961146,0.5,94223.46527531478,194.4483289853587
-99.1800979,19.3829715,Del Valle,26900.0,75.98870056497175,354.0,2,2.0,5.371518696821846,0.3652373900493234,0.5,99016.38220140924,268.0906401539377
-99.2544511,19.3339285,San Bartolo Ameyalco,63000.0,253.0120481927711,249.0,3,2.0,5.357117531891528,1.224406749854453,0.5,30433.688227743376,-51.69255836866131
-99.1903795,19.2827821,Colonia El Capulín,21000.0,179.48717948717947,117.0,3,2.0,5.372369334703518,0.9240354551362595,0.5,6644.823162760803,-68.35798493923426
-99.1707619,19.3080267,Rinconada De Los Continentes 3A Sección,25000.0,179.85611510791367,139.0,3,2.0,5.368300544345684,0.7127308363088362,0.5,8316.20061590058,-66.73519753639768
-99.1898667,19.4807343,Colonia San Francisco,40000.0,275.86206896551727,145.0,3,2.0,5.392207994210882,1.5128873286706972,0.5,62046.26082034002,55.11565205085006
-99.0754457,19.3832692,Colonia Cuchillas Del Moral Ii Y Iii,25000.0,265.9574468085106,94.0,5,2.0,5.381818524089796,1.808555256944211,0.5,8826.068330445807,-64.69572667821677
-99.1973998,19.4319826,Polanco,104000.0,222.22222222222223,468.0,3,2.0,5.3855040904976095,0.5414217039295744,0.5,115054.80715895841,10.629622268229244
-99.1800979,19.3829715,Del Valle,21000.0,75.0,280.0,2,2.0,5.397856432522388,0.3604852306992392,0.5,132455.7743335451,530.7417825406909
-99.2493727,19.3782606,Colonia Vasco De Quiroga,12500.0,50.0,250.0,2,2.0,4.011583467601509,0.1612302042122012,0.5,22508.66672537837,80.06933380302696
-99.2448956,19.3375801,Olivar De Los Padres,17500.0,75.10729613733906,233.0,2,2.0,5.374957237825502,0.35484549947039856,0.5,19551.39964692031,11.722283696687477
-99.1332,19.4326,No Identificada,17000.0,77.98165137614679,218.0,3,2.0,5.354913725276051,0.2613894203494691,0.5,9576.468021956327,-43.66783516496278
-99.0705782,19.4105801,No Identificada,10000.0,72.99270072992701,137.0,2,2.0,5.367725811988441,0.6547587918354696,0.5,8355.746795594905,-16.44253204405095
-99.1274473,19.4517943,No Identificada,6000.0,18.01801801801802,333.0,1,2.0,5.360816895028135,0.12790530086112134,0.5,13533.079199009413,125.55131998349023
-99.2651483,19.3894805,No Identificada,19500.0,79.91803278688525,244.0,2,2.0,5.367206343401016,0.32750817639941565,0.5,9262.122439494015,-52.501936207723
-99.16528,19.3034693,No Identificada,39000.0,109.85915492957747,355.0,3,2.0,5.386730787758945,0.5722919470997835,0.5,17436.61270979691,-55.29073664154638
-99.0613255,19.4252524,No Identificada,10000.0,52.91005291005291,189.0,2,2.0,5.340615635376468,0.4111329843127901,0.5,8302.22848654193,-16.977715134580702
-99.149146,19.4179402,No Identificada,25000.0,100.0,250.0,2,2.0,5.390908686621053,0.41860638338691697,0.5,8902.85032987674,-64.38859868049305
-99.2493727,19.3782606,Colonia Vasco De Quiroga,15800.0,55.05226480836237,287.0,2,2.0,3.9259500596348658,0.17752175794792885,0.5,9842.677957260179,-37.70456989075836
-99.1633935,19.359262,Colonia Xoco,31000.0,66.95464362850971,463.0,2,2.0,5.3615574143885265,0.25766443120868976,0.5,7818.777721933503,-74.77813638085966
-99.1384416,19.3189488,Tlalpan,16500.0,90.1639344262295,183.0,2,2.0,5.3500008920365705,0.7308848498573665,0.3919311241687132,17286.098058675758,4.764230658640956
-99.1197521,19.2824093,Colonia San Lorenzo La Cebada,10000.0,50.0,200.0,2,2.0,5.338116940709351,0.36935828231041445,0.5,12668.559277223405,26.685592772234052
-99.113297,19.3251652,No Identificada,48000.0,120.0,400.0,1,2.0,5.3710519061923785,1.0172208194350119,0.5,8966.921659913907,-81.3189132085127
-99.1826643,19.4884216,Azcapotzalco,12500.0,65.10416666666667,192.0,3,2.0,5.391032936563748,0.36399587782818504,0.7799341145447056,10415.303799004723,-16.677569607962216
-99.1421551,19.3438023,Tlalpan,19000.0,59.006211180124225,322.0,2,2.0,5.368010732949098,0.23876876610283435,0.3919311241687132,9977.807673595442,-47.48522277055031
-99.1629828,19.3488917,Coyoacán,7400.0,18.004866180048662,411.0,1,2.0,5.331910548011213,0.1404857921790148,0.750956198657275,10109.789534600597,36.61877749460266
-99.1550215,19.3760816,Colonia Letrán Valle,50000.0,279.3296089385475,179.0,4,2.0,5.351438575154363,1.0159798539579714,0.5,23966.888081726975,-52.06622383654606
-99.1796118,19.388597,No Identificada,17000.0,60.07067137809187,283.0,1,2.0,5.3742825483651755,0.28653443544578283,0.5,11853.638463209882,-30.272714922294814
-99.1721825,19.4389504,No Identificada,14200.0,71.0,200.0,2,2.0,5.355910502739002,0.2703282175128577,0.5,15704.225973579745,10.59314065901229
-99.2196568,19.3374093,No Identificada,29500.0,149.746192893401,197.0,3,2.0,5.343686217487832,0.7431903190515893,0.5,20414.799425813726,-30.79729008198737
-99.0782435,19.4099167,No Identificada,6500.0,18.005540166204987,361.0,1,2.0,5.382624156561854,0.11781164758166517,0.5,16475.913875121605,153.47559807879392
-99.0705782,19.4105801,No Identificada,9000.0,65.21739130434783,138.0,2,2.0,5.3770012311482205,0.585012746618213,0.5,11922.905094592055,32.476723273245064
-99.3000541,19.3574168,Cuajimalpa de Morelos,16000.0,89.88764044943821,178.0,2,2.0,5.333923577953063,0.33261444267053636,0.49427437331671703,10516.998791164042,-34.26875755522474
-99.1507003,19.3608245,No Identificada,9000.0,27.027027027027028,333.0,1,2.0,5.372962098684202,0.16939625210715425,0.5,211429.012798654,2249.2112533183777
-99.176429,19.4148639,Condesa,33000.0,110.0,300.0,2,2.0,5.370403019835371,0.222327152302428,0.5,8976.835812730971,-72.79746723414858
-99.1870609,19.4402177,Polanco,15000.0,35.97122302158273,417.0,1,2.0,5.359921234243289,0.11886029369081684,0.5,25265.384172678936,68.43589448452624
-99.157701,19.3718796,Benito Juárez,13500.0,102.27272727272727,132.0,2,2.0,5.382170046014742,0.3132748899221896,0.933319961735651,7895.4284640859005,-41.515344710474814
-99.1750493,19.386333,No Identificada,12500.0,39.936102236421725,313.0,1,2.0,5.359400002713241,0.16776014287433355,0.5,13054.516264120793,4.436130112966348
-99.190915,19.43353,Polanco,90000.0,290.3225806451613,310.0,3,2.0,5.3609344715895535,0.5772613710700466,0.5,131036.08040788934,45.59564489765482
-99.1814155,19.306179,Colonia Torres De Maurel,33000.0,170.10309278350516,194.0,4,2.0,5.360552447386103,0.6844654473493486,0.5,12694.707620117028,-61.53118902994839
-99.2136879,19.4156998,Lomas De Chapultepec,100000.0,319.4888178913738,313.0,3,2.0,5.790606113439442,1.0934696640320605,0.5,35534.204810918134,-64.46579518908186
-99.1528743,19.4494596,Santa María La Ribera,11500.0,41.97080291970803,274.0,1,2.0,5.387973871577808,0.2158394435643063,0.5,15445.302977895122,34.30698241647933
-99.1792369,19.4370493,Polanco,40000.0,117.99410029498524,339.0,2,2.0,5.354499143258018,0.3810882211420716,0.5,8011.051111181131,-79.97237222204717
-99.1120396,19.3880913,Iztacalco,16000.0,65.04065040650407,246.0,3,2.0,5.33454442927702,0.5057862421294295,0.7626118203348291,46922.46089371451,193.26538058571566
-99.1800979,19.3829715,Del Valle,33000.0,104.10094637223975,317.0,3,2.0,5.369793496260733,0.5003580489200796,0.5,99292.97522917058,200.88780372475932
-99.2450313,19.3089765,Pueblo Nuevo Bajo,28000.0,241.3793103448276,116.0,3,2.0,5.349252557111128,1.5015163563136278,0.5,18865.84962605232,-32.62196562124171
-99.190915,19.43353,Polanco,38000.0,107.04225352112677,355.0,2,2.0,4.711715460847677,0.21283689988122534,0.5,12366.583986485393,-67.4563579303016
-99.190915,19.43353,Polanco,10500.0,32.01219512195122,328.0,1,2.0,5.356899171712468,0.06365127922876022,0.5,103007.21533868775,881.0210984636929
-99.1847553,19.3901306,Colonia San Pedro De Los Pinos,22000.0,78.01418439716312,282.0,2,2.0,5.378808621516026,0.26741183916772293,0.5,9018.161858558362,-59.008355188371084
-99.2437213,19.3683696,Jalalpa,44000.0,154.92957746478874,284.0,3,2.0,5.3574863523189125,0.7653815154803968,0.5,27995.749084258616,-36.373297535775876
-99.0047499,19.2703914,Tláhuac,9000.0,50.0,180.0,1,2.0,5.372184431415539,0.29793322060184635,0.5773137898079344,13140.138193030014,46.001535478111265
-99.190915,19.43353,Polanco,105000.0,350.0,300.0,3,2.0,5.3307798362807945,0.6959206529011117,0.5,9031.981243298493,-91.39811310162048
-99.1427972,19.3605506,Colonia Ermita,11000.0,33.95061728395062,324.0,1,2.0,5.370322402774389,0.204506822917982,0.5,13015.502050538043,18.322745913982214
-99.2869132,19.3621951,El Yaqui,40000.0,250.0,160.0,3,2.0,5.356061021054654,0.7711936293679441,0.5,4489.704108588972,-88.77573972852757
-99.208852,19.4416334,Irrigación,10500.0,22.0125786163522,477.0,1,2.0,5.366510184672168,0.0606649577874111,0.5,24580.81594476023,134.10300899771647
-99.1636044,19.3468682,Coyoacán,44000.0,126.07449856733524,349.0,3,2.0,5.35651236090534,0.992216989367584,0.750956198657275,20029.159572619843,-54.479182789500356
-99.15109,19.2231338,Colonia El Mirador,45000.0,368.8524590163934,122.0,3,2.0,5.339403595704518,1.1781171894219162,0.5,24410.95895884298,-45.753424535904486
-99.1388636,19.3509584,Colonia San Diego Churubusco,30000.0,240.0,125.0,2,2.0,5.344776283076774,1.3191824675584851,0.5,13768.492751919992,-54.10502416026669
-99.190915,19.43353,Polanco,100000.0,200.0,500.0,3,2.0,5.381852673503925,0.397668944514921,0.5,8434.070251533118,-91.56592974846689
-99.2734667,19.3571105,Cuajimalpa de Morelos,60000.0,185.1851851851852,324.0,1,2.0,5.37528158489413,0.4784305304977108,0.49427437331671703,30667.697915491786,-48.887170140847026
-99.2136879,19.4156998,Lomas De Chapultepec,50000.0,230.4147465437788,217.0,3,2.0,5.372086534797571,0.7886083060876381,0.5,15241.656953013588,-69.51668609397282
-99.2578997,19.3136991,No Identificada,7000.0,67.96116504854369,103.0,3,2.0,5.378549200028692,0.39138359286055424,0.5,117365.16427435301,1576.6452039193289
-99.1644751,19.3632476,No Identificada,30000.0,92.02453987730061,326.0,2,2.0,5.3926506130514795,0.24062319023484724,0.5,18686.96338844447,-37.710122038518435
-99.1202738,19.2992528,No Identificada,16000.0,75.11737089201878,213.0,3,2.0,5.358614152297576,0.5537479624284883,0.5,129758.67943410524,710.9917464631578
-99.1489658,19.4271218,No Identificada,11500.0,85.18518518518519,135.0,3,2.0,5.364962854712672,0.1931372861136694,0.5,86181.87113094192,649.4075750516688
-99.190915,19.43353,Polanco,38000.0,69.9815837937385,543.0,1,2.0,5.362371465442839,0.13914751281369245,0.5,11519.844204926476,-69.68462051335138
-99.1761603,19.3824219,Benito Juárez,11000.0,305.55555555555554,36.0,1,1.0,5.366886663950612,1.5283388121476302,0.933319961735651,14778.999654750925,34.3545423159175
-99.2021996,19.3370667,Álvaro Obregón,12000.0,400.0,30.0,1,1.0,5.351498302916961,1.491776766323405,0.0,6913.638468169334,-42.38634609858888
-99.2199296,19.3596182,Álvaro Obregón,12500.0,138.88888888888889,90.0,2,1.0,5.35271255775426,0.5046721454409885,0.0,227205.77945566262,1717.6462356453007
-99.1907173,19.4553604,Miguel Hidalgo,12700.0,226.78571428571428,56.0,2,1.0,5.383336461860848,1.4366439372883533,0.8585849060226639,15059.866698965976,18.581627550913197
-99.105681,19.3773771,Iztapalapa,13300.0,166.25,80.0,3,1.0,5.380783280425038,1.3827471767092003,1.0,9731.683207491284,-26.82944956773471
-99.1843525,19.40734,Departamento Tipo Loft Con Servicios Incluidos*,14800.0,477.4193548387097,31.0,1,1.0,5.931078433240021,1.111432585348958,0.5,14148.268421368079,-4.403591747512983
-99.1843525,19.40734,Departamento Tipo Loft Con Servicios Incluidos*,14800.0,477.4193548387097,31.0,1,1.0,5.9478127118704425,1.111432585348958,0.5,9707.731216874019,-34.40722150760798
-99.2168195,19.3623961,Álvaro Obregón,15500.0,258.3333333333333,60.0,2,1.0,5.375901592700612,0.9738647296538194,0.0,15449.25862386502,-0.32736371699987016
-99.14322,19.4214424,Cuauhtémoc,16000.0,164.94845360824743,97.0,2,2.0,5.36545538785394,0.9934023088773178,0.830531038273375,15796.631018554905,-1.2710561340318463
-99.1070641,19.4154146,Venustiano Carranza,5700.0,285.0,20.0,1,1.0,5.346799834888163,2.0001781659083098,0.761616411382061,172691.37840028672,2929.673305268188
-99.3301261,19.3132813,Cuajimalpa de Morelos,5800.0,161.11111111111111,36.0,1,1.0,5.3754270127249475,0.5933220306943934,0.49427437331671703,5655.491474496467,-2.491526301785049
-99.1915526,19.4623308,Departamento En Renta - San Diego Ocoyoacac,6000.0,109.0909090909091,55.0,2,1.0,5.362541842323977,0.9247540827709362,0.5,164636.2683285884,2643.9378054764734
-99.1332,19.4326,Edomex,7900.0,105.33333333333333,75.0,3,2.0,5.325904672916996,0.3530704782163574,0.5,53058.49910239301,571.6265709163673
-99.0463496,19.3912758,Iztapalapa,8100.0,168.75,48.0,2,1.0,5.37902064666101,1.286277105454707,1.0,14300.03462842838,76.5436373880047
-99.1332,19.4326,Casa En Renta En Las Américas Ecatepec,8400.0,112.0,75.0,2,2.0,5.370043612139392,0.37541671101486107,0.5,10257.928386108319,22.118195072718077
-99.1619751,19.3498606,Coyoacán,9000.0,173.07692307692307,52.0,2,1.0,5.358442768093484,1.270139904125796,0.750956198657275,12968.996184073101,44.09995760081223
-99.1996337,19.3721242,Álvaro Obregón,9000.0,225.0,40.0,1,1.0,5.36852095120959,0.9062370393730766,0.0,10895.204077847888,21.057823087198752
-99.1181774,19.4073755,Departamento En Renta En Magdalena Mixihuca,9800.0,128.94736842105263,76.0,3,1.0,5.329825237563094,0.9627480685149533,0.5,9676.679459492156,-1.2583728623249417
-99.180117,19.2339875,Tlalpan,12500.0,138.88888888888889,90.0,3,2.0,5.358086057793325,0.5707431940272457,0.3919311241687132,16935.376303645804,35.483010429166434
-99.119401,19.4588314,Venustiano Carranza,12700.0,226.78571428571428,56.0,2,1.0,5.338045048658733,1.1100277275230197,0.761616411382061,11560.619741300477,-8.971498099996241
-99.1894394,19.2843327,Tlalpan,13000.0,216.66666666666666,60.0,2,1.0,5.3825764860507626,1.1184489106838793,0.3919311241687132,19189.7565491332,47.61351191640922
-99.0636789,19.4259676,Anáhuac I Sección,14200.0,200.0,71.0,2,1.0,5.385643907980856,1.9267315797342628,0.5,15979.19060433379,12.529511298125279
-99.2651314,19.3865976,Cuajimalpa de Morelos,14400.0,211.76470588235293,68.0,1,1.0,5.3723232738776225,0.9284241543586759,0.49427437331671703,14251.408942117334,-1.0318823464074032
-99.1816686,19.342269,Departamento En Renta - Integración Latinoamericana,16000.0,266.6666666666667,60.0,2,2.0,5.354185142419422,1.1265481761660188,0.5,7577.333854921575,-52.64166340674016
-99.1882141,19.3969622,110*,16100.0,423.6842105263158,38.0,1,1.0,5.9678710860338,1.4767444368175793,0.5,18384.082969654406,14.186850743195068
-99.2083999,19.4485103,Miguel Hidalgo,16100.0,209.0909090909091,77.0,2,1.0,5.375567848855592,0.5812940093711519,0.8585849060226639,104686.83957508055,550.2288172365252
-99.1331785,19.4326296,Cuauhtémoc,16500.0,550.0,30.0,1,1.0,6.174576349858251,1.3394440579337203,0.830531038273375,154690.10215140393,837.5157706145693
-99.2150977,19.4497398,Miguel Hidalgo,16600.0,518.75,32.0,1,1.0,6.241008351130359,1.2402356895517397,0.8585849060226639,127552.45535809439,668.3882852897252
-99.1843525,19.40734,Loft En Renta De 50 M² Amueblado Y Con Servicios Incluidos,18000.0,360.0,50.0,1,1.0,6.005641433187744,0.8380802467901601,0.5,161468.47431165053,797.0470795091696
-99.2751709,19.3769798,Cuajimalpa de Morelos,18000.0,178.21782178217822,101.0,2,1.0,5.339305665780125,0.6654622777949974,0.49427437331671703,120321.22222636352,568.4512345909084
-99.157701,19.3718796,Benito Juárez,18400.0,317.2413793103448,58.0,1,1.0,5.353664474029013,0.9717523022260717,0.933319961735651,58020.958063922146,215.33129382566383
-99.1036495,19.3228085,Coyoacán,18800.0,156.66666666666666,120.0,2,1.0,5.366563951342503,0.9612531399705707,0.750956198657275,12194.662936080433,-35.13477161659344
-99.1848831,19.4058551,Departamento Equipado De 1 Habitación Cerca De La Col. Condesa,18900.0,370.5882352941176,51.0,1,1.0,5.972298341445824,1.0683401383291322,0.5,13922.975709458693,-26.33346185471591
-99.1848831,19.4058551,Departamento Equipado De 1 Habitación Cerca De La Col. Condesa,18900.0,363.46153846153845,52.0,1,1.0,5.988517548924386,1.0477951356689565,0.5,6859.0516804269755,-63.708721267582135
-99.1668669,19.3601941,Benito Juárez,19200.0,218.1818181818182,88.0,2,2.0,5.374200469872434,0.5723068351768739,0.933319961735651,18712.60464274426,-2.5385174857069805
-99.1332,19.4326,Loft En Vitant Polanco,19200.0,408.51063829787233,47.0,1,1.0,6.093164301226192,1.3693010736104354,0.5,16460.320426865605,-14.269164443408311
-99.1332,19.4326,250 En Polanco Con Alberca Y Gym,19200.0,457.14285714285717,42.0,1,1.0,6.083893891850359,1.5323131061831066,0.5,18291.010854476965,-4.734318466265809
-99.1566716,19.4704542,Azcapotzalco,20400.0,210.30927835051546,97.0,1,1.0,5.354126213105292,0.9917736177682772,0.7799341145447056,21176.017242042868,3.8040060884454316
-99.1332,19.4326,Zona Pet Y Más,20600.0,490.4761904761905,42.0,1,1.0,6.06053146997542,1.6440442701756246,0.5,16359.49053039723,-20.584997425256166
-99.1332,19.4326,Loft Renta En Vitant Polanco,21000.0,411.7647058823529,51.0,1,1.0,6.061976570815603,1.3802084963781656,0.5,15756.74667872566,-24.967872958449238
-99.2150977,19.4497398,Miguel Hidalgo,21100.0,502.3809523809524,42.0,1,1.0,6.233710987787574,1.2011003120845305,0.8585849060226639,156381.30938841205,641.1436463905784
-99.1906167,19.4071156,Miguel Hidalgo,21500.0,467.39130434782606,46.0,1,1.0,6.035878140574143,1.1782673695858026,0.8585849060226639,270300.7765604517,1157.2129142346591
-99.1906167,19.4071156,Miguel Hidalgo,21800.0,463.82978723404256,47.0,1,1.0,6.0509551818195755,1.1692889838898002,0.8585849060226639,8233.538200095063,-62.231476146352925
-99.1588658,19.4260273,Colonia Juárez,21900.0,561.5384615384615,39.0,1,1.0,5.361911526804603,1.0222524243347653,0.5,12598.964382252125,-42.47048227282135
-99.1883226,19.3813136,Benito Juárez,22500.0,351.5625,64.0,2,2.0,5.36993093959087,2.092280577424863,0.933319961735651,13361.722461029702,-40.61456683986799
-99.1566716,19.4704542,Azcapotzalco,23000.0,200.0,115.0,1,2.0,5.325980414978341,0.9431572639561068,0.7799341145447056,17292.90057876815,-24.813475744486308
-99.1926322,19.4402557,Miguel Hidalgo,23500.0,427.27272727272725,55.0,1,1.0,5.333669627258361,0.8855296937788781,0.8585849060226639,44932.80919230035,91.20344337149085
-99.1332,19.4326,Loft En Renta De 1 Recamara En Polanco,23800.0,440.74074074074076,54.0,1,1.0,6.088365991096842,1.4773342794566293,0.5,165917.76539256814,597.1334680360005
-99.1674208,19.4090905,Studio En Renta En Roma Sur,23900.0,663.8888888888889,36.0,1,1.0,6.3497776461442506,1.510268019164792,0.5,13434.461705209413,-43.78886315811961
-99.1331785,19.4326296,Cuauhtémoc,24100.0,482.0,50.0,1,1.0,6.309013219683221,1.1738400653164602,0.830531038273375,13488.492628610062,-44.03115091863045
-99.1848831,19.4058551,Departamento De 2 Habitaciones Con Baño Dentro De Cada Habitación.,24400.0,381.25,64.0,2,2.0,6.038471083600159,1.0990761145310617,0.5,13280.450254162832,-45.571925187857246
-99.1848831,19.4058551,Departamento De 2 Habitaciones Con Baño Dentro De Cada Habitación.,24400.0,375.38461538461536,65.0,2,2.0,5.989530104688212,1.0821672512305835,0.5,19107.76077967245,-21.68950500134241
-99.1843525,19.40734,Con Servicios Incluidos*,24400.0,358.8235294117647,68.0,2,2.0,6.0090423860616555,0.8353414224542446,0.5,9988.683074483066,-59.06277428490547
-99.1814406,19.4484261,Cmdx,24900.0,345.8333333333333,72.0,1,1.0,5.353846768285181,1.2177044818503773,0.5,14654.706205743285,-41.14575820986632
-99.1674208,19.4090905,Studio Plus En Renta En Roma Sur,25700.0,626.829268292683,41.0,1,1.0,6.500265194852379,1.4259618035832895,0.5,13443.137727258629,-47.69207110016097
-99.1732855,19.3910468,Studio Panorámico Con Amenidades En Napoles.,25900.0,719.4444444444445,36.0,1,1.0,6.25242897698285,1.724846627885811,0.5,19315.09246968519,-25.42435339889888
-99.1332,19.4326,Departamento De 2 Recámaras 1 Baño En Vitant Polanco,26000.0,342.10526315789474,76.0,2,1.0,6.07789905715888,1.1467145778179497,0.5,10145.385714637856,-60.97928571293132
-99.1732855,19.3910468,Studio Alcoba Con Amenidades De Lujo En Napoles.,26200.0,436.6666666666667,60.0,1,1.0,6.458035640145106,1.0468953278133186,0.5,21244.791666686742,-18.913008905775794
-99.214739,19.4564793,Naucalpan Estado De México,27500.0,157.14285714285714,175.0,3,4.0,5.36604663687906,0.452627433847356,0.5,10681.292318530155,-61.158937023526704
-99.2854195,19.3528581,Cuajimalpa de Morelos,27500.0,343.75,80.0,2,2.0,5.395890797724669,1.0307370793050021,0.49427437331671703,73449.45050820868,167.08891093894067
-99.1332,19.4326,Departamento Amueblado De 1 Recámara En Vitant Polanco,28600.0,446.875,64.0,1,1.0,6.116780639460266,1.4978959172746968,0.5,9288.034802371005,-67.52435383786363
-99.1736536,19.4237459,Studio Con Balcon En Reforma Con Amenidades.,29700.0,401.35135135135135,74.0,1,1.0,6.631147635753067,0.7798442952686773,0.5,68569.99351399593,130.87539903702333
-99.2025181,19.443214,Departamento De 1 Recamara En Renta - Edificio Ines En Polanco,29900.0,636.1702127659574,47.0,1,1.0,6.538963719188294,1.3748410621769898,0.5,15760.053775794198,-47.290790047511045
-99.1625655,19.4183227,Cuauhtémoc,30000.0,441.1764705882353,68.0,2,2.0,5.357211950228634,0.8810193294080821,0.830531038273375,12742.53128428867,-57.52489571903776
-99.2150977,19.4497398,Miguel Hidalgo,30600.0,518.6440677966102,59.0,2,2.0,6.249416194620551,1.2399824251675144,0.8585849060226639,26277.7282249209,-14.125071160389222
-99.1732855,19.3910468,Departamento De Una Recamara En Renta En Edificio Amalia,31100.0,565.4545454545455,55.0,1,1.0,6.3283557411391085,1.3556604314362612,0.5,61867.47867995236,98.93079961399471
-99.1736536,19.4237459,A Unos Pasos Del Ángel,31200.0,611.7647058823529,51.0,1,1.0,6.621263729076575,1.1886872046717647,0.5,155538.36829928283,398.5204112156501
-99.1720906,19.3952457,Amenidades De Lujo En Insurgentes Sur – Servicios Incluidos,31300.0,579.6296296296297,54.0,1,1.0,6.454292005816155,1.5817281882220937,0.5,161006.483330211,414.3977103201629
-99.1674208,19.4090905,Departamento En Renta One Stunning En Roma Sur,32900.0,514.0625,64.0,1,1.0,6.516286646209733,1.1694308589819427,0.5,15521.04933515247,-52.823558251816195
-99.1588658,19.4260273,Colonia Juárez,35600.0,523.5294117647059,68.0,2,2.0,5.345785545387254,0.9530588678125088,0.5,175165.98369909253,392.03928005363065
-99.1736536,19.4237459,Studio Plus Y Balcón En Reforma Con Amenidades Premium,37400.0,680.0,55.0,1,1.0,6.6261641267364855,1.3212715467313076,0.5,167752.20560173804,348.5353090955563
-99.2025181,19.443214,Departamento De 1 Recamara Y 1 Studio - Edificio Ines En Polanco.,38000.0,703.7037037037037,54.0,2,1.0,6.49421756446542,1.5207891348000147,0.5,11984.577275388427,-68.46163874897783
-99.1712126,19.4093714,Cuauhtémoc,42800.0,142.66666666666666,300.0,3,3.0,5.370788978924268,0.3210142072599248,0.830531038273375,15705.092515786166,-63.30585860797625
-99.1963927,19.4293791,Miguel Hidalgo,45000.0,300.0,150.0,3,2.0,5.35437064741961,0.7871502401832866,0.8585849060226639,192692.61773014307,328.20581717809574
-99.1926322,19.4402557,Polanco.,47400.0,667.6056338028169,71.0,1,1.0,6.511590295417977,1.3836235610917202,0.5,86234.61517294592,81.92956787541334
-99.2577016,19.4047705,Edomex,55000.0,279.18781725888323,197.0,3,4.0,5.335891611863442,1.0701128579640946,0.5,214700.3900079613,290.3643454690206
-99.231665,19.339362,Casa En Renta Tetelpan,55000.0,162.72189349112426,338.0,4,5.0,5.366320052190415,0.8177419380891441,0.5,228649.88263782323,315.7270593414968
-99.1736536,19.4237459,Departamento De 1 Recámara Y Balcón En Renta En Reforma Con Amenidades De Lujo.,55500.0,750.0,74.0,1,1.0,6.319968925374662,1.4572847941889424,0.5,19086.261939813925,-65.61033884718212
