latitud,longitud,alcaldia,price,price_m2_raw,area,rooms,bathrooms,is_luxury,tipologia,cuadrante_soc,gentrification_index,marginalidad_score,seg_transit,accesibilidad_transit
19.4183227,-99.1625655,Cuauhtémoc,47000.0,439.25233644859816,107.0,2,2.0,0,Amplio_Ejecutivo,AltaMarg_AltaGentrif,0.830531038273375,2.0,Alta_Accesibilidad,451.54832230219273
19.4093714,-99.1712126,Cuauhtémoc,59000.0,310.5263157894737,190.0,3,2.0,0,Amplio_Ejecutivo,AltaMarg_AltaGentrif,0.830531038273375,2.0,Alta_Accesibilidad,514.202520508241
19.3964758,-99.1733421,Nápoles,37500.0,300.0,125.0,3,3.0,0,Amplio_Ejecutivo,AltaMarg_AltaGentrif,0.830531038273375,2.0,Media_Accesibilidad,1107.9666342881033
19.43353,-99.190915,Miguel Hidalgo,10000.0,25.0,400.0,3,4.0,0,Amplio_Ejecutivo,BajaMarg_AltaGentrif,0.8585849060226639,1.0,Alta_Accesibilidad,444.2627964713553
19.3465983,-99.2993588,Contadero,36000.0,297.5206611570248,121.0,3,2.0,0,Amplio_Ejecutivo,BajaMarg_AltaGentrif,0.830531038273375,1.0,Baja_Accesibilidad,11587.481502401353
19.43353,-99.190915,Miguel Hidalgo,75000.0,480.7692307692308,156.0,2,2.0,0,Amplio_Ejecutivo,BajaMarg_AltaGentrif,0.8585849060226639,1.0,Alta_Accesibilidad,444.2627964713553
19.3905208,-99.1579016,Narvarte Poniente,19500.0,201.03092783505156,97.0,3,2.0,0,Familiar_Grande,AltaMarg_AltaGentrif,0.830531038273375,3.0,Alta_Accesibilidad,537.3083925162549
19.4335653,-99.1880639,Polanco,45000.0,375.0,120.0,2,2.0,0,Amplio_Ejecutivo,BajaMarg_AltaGentrif,0.830531038273375,1.0,Alta_Accesibilidad,579.0596313858898
19.3906515,-99.1952423,Álvaro Obregón,25000.0,210.08403361344537,119.0,2,2.0,0,Amplio_Ejecutivo,BajaMarg_BajaGentrif,0.0,1.0,Media_Accesibilidad,1310.5121766298066
19.3890898,-99.1743711,Benito Juárez,60000.0,379.746835443038,158.0,3,4.0,0,Amplio_Ejecutivo,BajaMarg_AltaGentrif,0.933319961735651,1.0,Media_Accesibilidad,993.948031878585
19.3907336,-99.1562478,Narvarte Poniente,32000.0,266.6666666666667,120.0,2,2.0,0,Amplio_Ejecutivo,AltaMarg_AltaGentrif,0.830531038273375,2.0,Alta_Accesibilidad,484.9820491735335
19.47925,-99.1962972,Azcapotzalco,17900.0,223.75,80.0,2,2.0,0,Familiar_Chico,AltaMarg_BajaGentrif,0.7799341145447056,2.0,Media_Accesibilidad,1369.6085767056093
19.3043066,-99.1200004,Coyoacán,16000.0,242.42424242424244,66.0,2,1.0,0,Familiar_Chico,BajaMarg_BajaGentrif,0.750956198657275,1.0,Baja_Accesibilidad,2392.0529387139177
19.3915073,-99.1855297,Benito Juárez,20900.0,321.53846153846155,65.0,2,2.0,0,Familiar_Chico,AltaMarg_AltaGentrif,0.933319961735651,2.0,Media_Accesibilidad,690.3628252658054
19.4462672,-99.1526509,Cuauhtémoc,15000.0,294.11764705882354,51.0,2,1.0,0,Familiar_Chico,AltaMarg_AltaGentrif,0.830531038273375,3.0,Alta_Accesibilidad,267.95512539364694
19.43353,-99.190915,Miguel Hidalgo,31000.0,484.375,64.0,1,1.0,0,Familiar_Chico,BajaMarg_AltaGentrif,0.8585849060226639,1.0,Alta_Accesibilidad,444.2627964713553
19.3448515,-99.1323717,Campestre Churubusco,17900.0,238.66666666666666,75.0,1,1.0,0,Familiar_Chico,AltaMarg_AltaGentrif,0.830531038273375,2.0,Media_Accesibilidad,1109.3187816684463
19.3601941,-99.1668669,Benito Juárez,70000.0,368.42105263157896,190.0,3,3.0,0,Amplio_Ejecutivo,BajaMarg_AltaGentrif,0.933319961735651,1.0,Media_Accesibilidad,863.2139207818312
19.442902,-99.2014215,Miguel Hidalgo,16700.0,417.5,40.0,1,1.0,0,Studio/Micro,BajaMarg_AltaGentrif,0.8585849060226639,1.0,Media_Accesibilidad,1432.692904874115
19.3601941,-99.1668669,Benito Juárez,28900.0,425.0,68.0,1,1.0,0,Familiar_Chico,BajaMarg_AltaGentrif,0.933319961735651,1.0,Media_Accesibilidad,863.2139207818312
19.3601941,-99.1668669,Benito Juárez,32000.0,470.5882352941176,68.0,1,1.0,0,Familiar_Chico,BajaMarg_AltaGentrif,0.933319961735651,1.0,Media_Accesibilidad,863.2139207818312
19.3890898,-99.1743711,Benito Juárez,58000.0,402.77777777777777,144.0,3,2.0,0,Amplio_Ejecutivo,BajaMarg_AltaGentrif,0.933319961735651,1.0,Media_Accesibilidad,993.948031878585
19.4497398,-99.2150977,Miguel Hidalgo,20000.0,370.3703703703704,54.0,1,1.0,0,Familiar_Chico,BajaMarg_AltaGentrif,0.8585849060226639,1.0,Baja_Accesibilidad,2135.6203207866383
19.4497398,-99.2150977,Miguel Hidalgo,29900.0,446.2686567164179,67.0,2,2.0,0,Familiar_Chico,BajaMarg_AltaGentrif,0.8585849060226639,1.0,Baja_Accesibilidad,2135.6203207866383
19.442902,-99.2014215,Miguel Hidalgo,30700.0,458.2089552238806,67.0,2,2.0,0,Familiar_Chico,BajaMarg_AltaGentrif,0.8585849060226639,1.0,Media_Accesibilidad,1432.692904874115
19.3249286,-99.0896825,Reforma,55000.0,348.1012658227848,158.0,3,3.0,0,Amplio_Ejecutivo,AltaMarg_AltaGentrif,0.830531038273375,4.0,Media_Accesibilidad,1156.8553858155783
19.4360737,-99.1539172,Cuauhtémoc,37100.0,475.64102564102564,78.0,2,2.0,0,Familiar_Chico,BajaMarg_AltaGentrif,0.830531038273375,1.0,Alta_Accesibilidad,248.2217711481182
19.4183227,-99.1625655,Cuauhtémoc,28500.0,356.25,80.0,1,1.0,0,Familiar_Chico,AltaMarg_AltaGentrif,0.830531038273375,2.0,Alta_Accesibilidad,451.54832230219273
19.4326296,-99.1331785,Cuauhtémoc,26800.0,505.66037735849056,53.0,1,1.0,0,Familiar_Chico,AltaMarg_AltaGentrif,0.830531038273375,3.0,Alta_Accesibilidad,331.00531079168263
19.4497398,-99.2150977,Miguel Hidalgo,16700.0,417.5,40.0,1,1.0,0,Studio/Micro,BajaMarg_AltaGentrif,0.8585849060226639,1.0,Baja_Accesibilidad,2135.6203207866383
19.43353,-99.190915,Miguel Hidalgo,84000.0,323.0769230769231,260.0,3,3.0,0,Amplio_Ejecutivo,BajaMarg_AltaGentrif,0.8585849060226639,1.0,Alta_Accesibilidad,444.2627964713553
19.4326296,-99.1331785,Cuauhtémoc,37100.0,475.64102564102564,78.0,2,2.0,0,Familiar_Chico,AltaMarg_AltaGentrif,0.830531038273375,3.0,Alta_Accesibilidad,331.00531079168263
19.3788814,-99.1587376,Benito Juárez,44000.0,275.0,160.0,3,2.0,0,Amplio_Ejecutivo,BajaMarg_AltaGentrif,0.933319961735651,1.0,Alta_Accesibilidad,275.50314139717716
19.4497398,-99.2150977,Miguel Hidalgo,21500.0,413.46153846153845,52.0,1,1.0,0,Familiar_Chico,BajaMarg_AltaGentrif,0.8585849060226639,1.0,Baja_Accesibilidad,2135.6203207866383
19.3905208,-99.1579016,Benito Juárez,30000.0,352.94117647058823,85.0,2,2.0,0,Familiar_Chico,AltaMarg_AltaGentrif,0.933319961735651,3.0,Alta_Accesibilidad,537.3083925162549
19.4482601,-99.2187752,Miguel Hidalgo,31500.0,379.51807228915663,83.0,2,2.0,0,Familiar_Chico,BajaMarg_AltaGentrif,0.8585849060226639,1.0,Baja_Accesibilidad,2336.9005952615985
19.442902,-99.2014215,Miguel Hidalgo,21500.0,413.46153846153845,52.0,1,1.0,0,Familiar_Chico,BajaMarg_AltaGentrif,0.8585849060226639,1.0,Media_Accesibilidad,1432.692904874115
19.4402557,-99.1926322,Miguel Hidalgo,34500.0,297.41379310344826,116.0,2,2.0,0,Amplio_Ejecutivo,BajaMarg_AltaGentrif,0.8585849060226639,1.0,Media_Accesibilidad,926.8825185861144
19.3370667,-99.2021996,Álvaro Obregón,40000.0,275.86206896551727,145.0,3,3.0,0,Amplio_Ejecutivo,BajaMarg_BajaGentrif,0.0,1.0,Baja_Accesibilidad,1882.7732555829143
19.3601941,-99.1668669,Benito Juárez,32900.0,411.25,80.0,1,2.0,0,Familiar_Chico,BajaMarg_AltaGentrif,0.933319961735651,1.0,Media_Accesibilidad,863.2139207818312
19.3601941,-99.1668669,Benito Juárez,33500.0,408.5365853658537,82.0,1,1.0,0,Familiar_Chico,BajaMarg_AltaGentrif,0.933319961735651,1.0,Media_Accesibilidad,863.2139207818312
19.442902,-99.2014215,Miguel Hidalgo,35900.0,505.63380281690144,71.0,1,1.0,0,Familiar_Chico,BajaMarg_AltaGentrif,0.8585849060226639,1.0,Media_Accesibilidad,1432.692904874115
19.4025902,-99.1559072,Benito Juárez,20000.0,416.6666666666667,48.0,1,1.0,0,Studio/Micro,BajaMarg_AltaGentrif,0.933319961735651,1.0,Alta_Accesibilidad,497.3348020436638
19.3915073,-99.1855297,Benito Juárez,17000.0,425.0,40.0,1,1.0,0,Studio/Micro,AltaMarg_AltaGentrif,0.933319961735651,2.0,Media_Accesibilidad,690.3628252658054
19.3915073,-99.1855297,Benito Juárez,18500.0,370.0,50.0,1,1.0,0,Familiar_Chico,AltaMarg_AltaGentrif,0.933319961735651,2.0,Media_Accesibilidad,690.3628252658054
19.3915073,-99.1855297,Benito Juárez,25100.0,386.15384615384613,65.0,2,2.0,0,Familiar_Chico,AltaMarg_AltaGentrif,0.933319961735651,2.0,Media_Accesibilidad,690.3628252658054
19.3539685,-99.2171906,Las Aguilas,21000.0,198.11320754716982,106.0,3,3.0,0,Amplio_Ejecutivo,AltaMarg_AltaGentrif,0.830531038273375,5.0,Baja_Accesibilidad,3167.521251152914
19.4113686,-99.0647261,Agrícola Pantitlan,3500.0,175.0,20.0,1,1.0,0,Studio/Micro,AltaMarg_AltaGentrif,0.830531038273375,4.0,Media_Accesibilidad,980.6471059992798
19.2778085,-99.2049087,Miguel Hidalgo,14300.0,143.0,100.0,3,2.0,0,Familiar_Grande,AltaMarg_AltaGentrif,0.8585849060226639,5.0,Baja_Accesibilidad,4691.826366846455
19.4497398,-99.2150977,Miguel Hidalgo,17400.0,446.15384615384613,39.0,1,1.0,0,Studio/Micro,BajaMarg_AltaGentrif,0.8585849060226639,1.0,Baja_Accesibilidad,2135.6203207866383
19.3905208,-99.1579016,Narvarte Poniente,15000.0,230.76923076923077,65.0,2,1.0,0,Familiar_Chico,AltaMarg_AltaGentrif,0.830531038273375,3.0,Alta_Accesibilidad,537.3083925162549
19.3581682,-99.272261,Cuajimalpa de Morelos,16700.0,287.9310344827586,58.0,1,1.0,0,Familiar_Chico,BajaMarg_BajaGentrif,0.49427437331671703,1.0,Baja_Accesibilidad,8801.23140399282
19.4326,-99.1332,Sm Alc,19500.0,342.10526315789474,57.0,2,2.0,0,Familiar_Chico,AltaMarg_AltaGentrif,0.830531038273375,3.0,Alta_Accesibilidad,330.46776435848415
19.386924,-99.1636016,Benito Juárez,91000.0,393.93939393939394,231.0,2,2.0,0,Amplio_Ejecutivo,AltaMarg_AltaGentrif,0.933319961735651,3.0,Media_Accesibilidad,884.8120022581899
19.2759456,-99.2185154,Tlalpan,21000.0,210.0,100.0,1,1.0,0,Familiar_Chico,AltaMarg_BajaGentrif,0.3919311241687132,4.0,Baja_Accesibilidad,5788.03439803215
19.3854613,-99.1782191,Nápoles,15500.0,387.5,40.0,1,1.0,0,Studio/Micro,BajaMarg_AltaGentrif,0.830531038273375,1.0,Media_Accesibilidad,799.1945981168719
19.4330498,-99.192582,Polanco,90000.0,450.0,200.0,3,2.0,0,Amplio_Ejecutivo,BajaMarg_AltaGentrif,0.830531038273375,1.0,Alta_Accesibilidad,539.5581565209809
19.4326,-99.1332,Gral Anaya,25000.0,263.1578947368421,95.0,2,2.0,0,Familiar_Chico,AltaMarg_AltaGentrif,0.830531038273375,3.0,Alta_Accesibilidad,330.46776435848415
19.4172708,-99.1094928,500,19500.0,319.672131147541,61.0,2,2.0,0,Familiar_Chico,AltaMarg_AltaGentrif,0.830531038273375,2.0,Media_Accesibilidad,670.2705996240836
19.3862605,-99.0852744,Paseos De Churubusco,19500.0,130.0,150.0,2,2.0,0,Amplio_Ejecutivo,BajaMarg_AltaGentrif,0.830531038273375,1.0,Media_Accesibilidad,1615.3744308938162
19.4326296,-99.1331785,Cuauhtémoc,20300.0,398.03921568627453,51.0,1,1.0,0,Familiar_Chico,AltaMarg_AltaGentrif,0.830531038273375,3.0,Alta_Accesibilidad,331.00531079168263
19.4332704,-99.1476839,Cuauhtémoc,19200.0,505.2631578947368,38.0,1,1.0,0,Studio/Micro,BajaMarg_AltaGentrif,0.830531038273375,1.0,Alta_Accesibilidad,135.35499198714845
19.3820125,-99.1713523,Tlacoquemécatl Del Valle,30000.0,333.3333333333333,90.0,2,1.0,0,Familiar_Chico,BajaMarg_AltaGentrif,0.830531038273375,1.0,Media_Accesibilidad,918.0036087500869
19.4326,-99.1332,Lomas De Chapultepec Ii Sección,60000.0,196.72131147540983,305.0,3,2.0,0,Amplio_Ejecutivo,AltaMarg_AltaGentrif,0.830531038273375,3.0,Alta_Accesibilidad,330.46776435848415
19.3608547,-99.2841662,Ampliación El Yaqui,31500.0,384.1463414634146,82.0,2,2.0,0,Familiar_Chico,BajaMarg_AltaGentrif,0.830531038273375,1.0,Baja_Accesibilidad,9942.39893145179
19.3209587,-99.2203152,San Jerónimo Aculco,3500.0,33.333333333333336,105.0,3,2.0,0,Amplio_Ejecutivo,BajaMarg_AltaGentrif,0.830531038273375,1.0,Baja_Accesibilidad,4138.475307858785
19.4315509,-99.1751022,Anzures,43000.0,438.7755102040816,98.0,3,2.0,0,Familiar_Grande,BajaMarg_AltaGentrif,0.830531038273375,1.0,Media_Accesibilidad,922.6013313469306
19.386924,-99.1636016,Benito Juárez,30000.0,333.3333333333333,90.0,2,2.0,0,Familiar_Chico,AltaMarg_AltaGentrif,0.933319961735651,3.0,Media_Accesibilidad,884.8120022581899
19.3805937,-99.1555027,Vértiz Narvarte,26000.0,273.6842105263158,95.0,2,2.0,0,Familiar_Chico,AltaMarg_AltaGentrif,0.830531038273375,2.0,Alta_Accesibilidad,480.7520570988272
19.4066741,-99.1789079,Hipódromo Condesa,36000.0,200.0,180.0,4,2.0,0,Amplio_Familiar,AltaMarg_AltaGentrif,0.830531038273375,2.0,Alta_Accesibilidad,373.1076069203072
19.4326,-99.1332,Roma Nte.,23000.0,383.3333333333333,60.0,1,1.0,0,Familiar_Chico,AltaMarg_AltaGentrif,0.830531038273375,3.0,Alta_Accesibilidad,330.46776435848415
19.4326296,-99.1331785,Cuauhtémoc,30700.0,458.2089552238806,67.0,2,2.0,0,Familiar_Chico,AltaMarg_AltaGentrif,0.830531038273375,3.0,Alta_Accesibilidad,331.00531079168263
19.3919332,-99.1628933,Narvarte Poniente,28000.0,294.7368421052632,95.0,2,2.0,0,Familiar_Chico,AltaMarg_AltaGentrif,0.830531038273375,2.0,Media_Accesibilidad,929.4096806091984
19.4326296,-99.1331785,Cuauhtémoc,30000.0,333.3333333333333,90.0,2,2.0,0,Familiar_Chico,AltaMarg_AltaGentrif,0.830531038273375,3.0,Alta_Accesibilidad,331.00531079168263
19.4379452,-99.1624218,Cuauhtémoc,19200.0,505.2631578947368,38.0,1,1.0,0,Studio/Micro,AltaMarg_AltaGentrif,0.830531038273375,3.0,Alta_Accesibilidad,574.0132665438462
19.3718796,-99.157701,Benito Juárez,32000.0,237.03703703703704,135.0,3,2.0,0,Amplio_Ejecutivo,BajaMarg_AltaGentrif,0.933319961735651,1.0,Alta_Accesibilidad,222.7089106297116
19.3656187,-99.1899364,Benito Juárez,20000.0,327.8688524590164,61.0,2,1.0,0,Familiar_Chico,BajaMarg_AltaGentrif,0.933319961735651,1.0,Media_Accesibilidad,717.1769585281189
19.4326296,-99.1331785,Cuauhtémoc,35600.0,418.8235294117647,85.0,2,2.0,0,Familiar_Chico,AltaMarg_AltaGentrif,0.830531038273375,3.0,Alta_Accesibilidad,331.00531079168263
19.3907336,-99.1562478,Narvarte Poniente,28000.0,311.1111111111111,90.0,2,2.0,0,Familiar_Chico,AltaMarg_AltaGentrif,0.830531038273375,2.0,Alta_Accesibilidad,484.9820491735335
19.4362674,-99.2004025,Miguel Hidalgo,85000.0,485.7142857142857,175.0,2,2.0,0,Amplio_Ejecutivo,BajaMarg_AltaGentrif,0.8585849060226639,1.0,Media_Accesibilidad,1189.0248519358397
19.3718796,-99.157701,Benito Juárez,27000.0,317.6470588235294,85.0,2,2.0,0,Familiar_Chico,BajaMarg_AltaGentrif,0.933319961735651,1.0,Alta_Accesibilidad,222.7089106297116
19.3865976,-99.2651314,Cuajimalpa de Morelos,28500.0,206.52173913043478,138.0,2,2.0,0,Amplio_Ejecutivo,AltaMarg_BajaGentrif,0.49427437331671703,2.0,Baja_Accesibilidad,7561.408566643877
19.4314177,-99.1589364,Tabacalera,50000.0,500.0,100.0,2,2.0,0,Familiar_Chico,BajaMarg_AltaGentrif,0.830531038273375,1.0,Alta_Accesibilidad,403.55412291234467
19.3771699,-99.2597597,Palo Alto,42200.0,453.76344086021504,93.0,2,2.0,0,Familiar_Chico,AltaMarg_AltaGentrif,0.830531038273375,2.0,Baja_Accesibilidad,7270.714476773741
19.3983786,-99.1583477,Narvarte Poniente,30000.0,333.3333333333333,90.0,2,2.0,0,Familiar_Chico,AltaMarg_AltaGentrif,0.830531038273375,2.0,Alta_Accesibilidad,536.9561289740113
19.324088,-99.2347487,San Jerónimo Lídice,21600.0,360.0,60.0,1,1.0,0,Familiar_Chico,AltaMarg_AltaGentrif,0.830531038273375,2.0,Baja_Accesibilidad,5513.227026007586
19.4330969,-99.1698262,Cuauhtémoc,29000.0,325.8426966292135,89.0,2,2.0,0,Familiar_Chico,AltaMarg_AltaGentrif,0.830531038273375,2.0,Media_Accesibilidad,985.4677342869692
19.3896634,-99.1738081,Benito Juárez,26000.0,361.1111111111111,72.0,1,1.0,0,Familiar_Chico,BajaMarg_AltaGentrif,0.933319961735651,1.0,Media_Accesibilidad,1006.3491602454259
19.3601941,-99.1668669,Benito Juárez,42000.0,466.6666666666667,90.0,2,2.0,0,Familiar_Chico,BajaMarg_AltaGentrif,0.933319961735651,1.0,Media_Accesibilidad,863.2139207818312
19.3987308,-99.144843,Álamos,18000.0,257.14285714285717,70.0,1,1.0,0,Familiar_Chico,AltaMarg_AltaGentrif,0.830531038273375,2.0,Alta_Accesibilidad,568.4513959490007
19.4336459,-99.1872682,Polanco,84000.0,280.0,300.0,3,3.0,0,Amplio_Ejecutivo,BajaMarg_AltaGentrif,0.830531038273375,1.0,Alta_Accesibilidad,600.3864755100269
19.3481526,-99.2018808,Atlamaya,48500.0,323.3333333333333,150.0,3,3.0,0,Amplio_Ejecutivo,BajaMarg_AltaGentrif,0.830531038273375,1.0,Baja_Accesibilidad,1796.6864905087216
19.2906711,-99.169545,Tlalpan,33000.0,161.76470588235293,204.0,3,2.0,0,Amplio_Ejecutivo,AltaMarg_BajaGentrif,0.3919311241687132,2.0,Baja_Accesibilidad,2497.968342109382
19.43353,-99.190915,Miguel Hidalgo,89000.0,268.8821752265861,331.0,3,2.0,0,Amplio_Ejecutivo,BajaMarg_AltaGentrif,0.8585849060226639,1.0,Alta_Accesibilidad,444.2627964713553
19.4005527,-99.2453489,Miguel Hidalgo,36000.0,138.46153846153845,260.0,4,4.0,0,Amplio_Familiar,BajaMarg_AltaGentrif,0.8585849060226639,1.0,Baja_Accesibilidad,5374.835808851259
19.3413313,-99.2555372,Villa Verdún,28000.0,112.0,250.0,3,3.0,0,Amplio_Ejecutivo,BajaMarg_AltaGentrif,0.830531038273375,1.0,Baja_Accesibilidad,7088.735471210689
19.3598623,-99.1934907,Álvaro Obregón,30000.0,384.61538461538464,78.0,2,2.0,0,Familiar_Chico,AltaMarg_BajaGentrif,0.0,2.0,Media_Accesibilidad,917.3332960460828
19.3892129,-99.2227597,Boscoso,24500.0,245.0,100.0,2,2.0,0,Familiar_Chico,BajaMarg_AltaGentrif,0.830531038273375,1.0,Baja_Accesibilidad,3265.250264387453
19.4214424,-99.14322,Cuauhtémoc,25600.0,308.43373493975906,83.0,2,1.0,0,Familiar_Chico,BajaMarg_AltaGentrif,0.830531038273375,1.0,Alta_Accesibilidad,290.36036634838484
19.4237195,-99.1752657,Paseo De La Reforma,45200.0,447.5247524752475,101.0,3,2.0,0,Amplio_Ejecutivo,AltaMarg_AltaGentrif,0.830531038273375,2.0,Alta_Accesibilidad,252.4133593349095
19.4360737,-99.1539172,Cuauhtémoc,35000.0,384.61538461538464,91.0,1,1.0,0,Familiar_Chico,BajaMarg_AltaGentrif,0.830531038273375,1.0,Alta_Accesibilidad,248.2217711481182
19.4093714,-99.1712126,Cuauhtémoc,45000.0,483.8709677419355,93.0,2,2.0,0,Familiar_Chico,AltaMarg_AltaGentrif,0.830531038273375,2.0,Alta_Accesibilidad,514.202520508241
19.3881071,-99.2511696,Cuajimalpa de Morelos,70000.0,234.11371237458195,299.0,3,3.0,0,Amplio_Ejecutivo,BajaMarg_BajaGentrif,0.49427437331671703,1.0,Baja_Accesibilidad,6138.247135334897
19.4486362,-99.2200876,Periodista,32000.0,385.5421686746988,83.0,2,2.0,0,Familiar_Chico,BajaMarg_AltaGentrif,0.830531038273375,1.0,Baja_Accesibilidad,2402.2426571626384
19.3676032,-99.2910617,Monte De Las Cruces,75000.0,333.3333333333333,225.0,3,3.0,0,Amplio_Ejecutivo,AltaMarg_AltaGentrif,0.830531038273375,3.0,Baja_Accesibilidad,10532.145694852254
19.4418608,-99.203542,Ampliación Granada,49500.0,412.5,120.0,2,3.0,0,Amplio_Ejecutivo,BajaMarg_AltaGentrif,0.830531038273375,1.0,Media_Accesibilidad,1574.59649013564
19.4164895,-99.1751325,Cuauhtémoc,56000.0,509.09090909090907,110.0,2,2.0,0,Amplio_Ejecutivo,AltaMarg_AltaGentrif,0.830531038273375,2.0,Alta_Accesibilidad,556.523249668322
19.405709,-99.2350423,Lomas De Reforma,31500.0,315.0,100.0,2,1.0,0,Familiar_Chico,BajaMarg_AltaGentrif,0.830531038273375,1.0,Baja_Accesibilidad,4375.043534908773
19.4332704,-99.1476839,Cuauhtémoc,42000.0,442.10526315789474,95.0,2,2.0,0,Familiar_Chico,BajaMarg_AltaGentrif,0.830531038273375,1.0,Alta_Accesibilidad,135.35499198714845
19.3320531,-99.2082399,La Magdalena Contreras,47000.0,205.24017467248908,229.0,2,2.0,0,Amplio_Ejecutivo,BajaMarg_BajaGentrif,0.3233249370829295,1.0,Baja_Accesibilidad,2666.566278793826
19.3572429,-99.2996246,Cuajimalpa de Morelos,48000.0,494.8453608247423,97.0,2,2.0,0,Familiar_Chico,AltaMarg_BajaGentrif,0.49427437331671703,3.0,Baja_Accesibilidad,11517.47570534808
19.4312045,-99.1515438,Cuauhtémoc,35600.0,508.57142857142856,70.0,2,2.0,0,Familiar_Chico,AltaMarg_AltaGentrif,0.830531038273375,2.0,Alta_Accesibilidad,324.5698413843067
19.3569982,-99.1871169,Álvaro Obregón,40000.0,224.7191011235955,178.0,2,3.0,0,Amplio_Ejecutivo,BajaMarg_BajaGentrif,0.0,1.0,Media_Accesibilidad,641.9973287075397
19.3530225,-99.2767967,Contadero,36000.0,439.0243902439024,82.0,1,1.0,0,Familiar_Chico,BajaMarg_AltaGentrif,0.830531038273375,1.0,Baja_Accesibilidad,9234.28874557487
19.3631581,-99.2779741,El Yaqui,42100.0,400.95238095238096,105.0,2,2.0,0,Amplio_Ejecutivo,BajaMarg_AltaGentrif,0.830531038273375,1.0,Baja_Accesibilidad,9292.950761354577
19.4311522,-99.1999771,Polanco,4500.0,26.470588235294116,170.0,2,2.0,0,Amplio_Ejecutivo,BajaMarg_AltaGentrif,0.830531038273375,1.0,Media_Accesibilidad,1008.4899072789786
19.363799,-99.2802289,Cuajimalpa de Morelos,15000.0,154.63917525773195,97.0,1,1.0,0,Familiar_Chico,BajaMarg_BajaGentrif,0.49427437331671703,1.0,Baja_Accesibilidad,9504.265909048774
19.3618242,-99.2880186,Cuajimalpa de Morelos,17000.0,175.2577319587629,97.0,1,1.0,0,Familiar_Chico,AltaMarg_BajaGentrif,0.49427437331671703,3.0,Baja_Accesibilidad,10312.915849061117
19.4326,-99.1332,Moctezuma 2Da Secc,14000.0,291.6666666666667,48.0,2,1.0,0,Studio/Micro,AltaMarg_AltaGentrif,0.830531038273375,3.0,Alta_Accesibilidad,330.46776435848415
19.3905208,-99.1579016,Benito Juárez,33900.0,505.97014925373134,67.0,2,2.0,0,Familiar_Chico,AltaMarg_AltaGentrif,0.933319961735651,3.0,Alta_Accesibilidad,537.3083925162549
19.4666602,-99.1569296,Azcapotzalco,22500.0,308.2191780821918,73.0,3,2.0,0,Familiar_Grande,AltaMarg_BajaGentrif,0.7799341145447056,2.0,Media_Accesibilidad,1479.941822259632
19.4402557,-99.1926322,Miguel Hidalgo,70000.0,416.6666666666667,168.0,3,3.0,0,Amplio_Ejecutivo,BajaMarg_AltaGentrif,0.8585849060226639,1.0,Media_Accesibilidad,926.8825185861144
19.4326,-99.1332,Polanco Iii Secc,53200.0,506.6666666666667,105.0,2,2.0,0,Amplio_Ejecutivo,AltaMarg_AltaGentrif,0.830531038273375,3.0,Alta_Accesibilidad,330.46776435848415
19.43353,-99.190915,Miguel Hidalgo,99000.0,471.42857142857144,210.0,3,3.0,0,Amplio_Ejecutivo,BajaMarg_AltaGentrif,0.8585849060226639,1.0,Alta_Accesibilidad,444.2627964713553
19.4402557,-99.1926322,Miguel Hidalgo,5900.0,32.77777777777778,180.0,3,3.0,0,Amplio_Ejecutivo,BajaMarg_AltaGentrif,0.8585849060226639,1.0,Media_Accesibilidad,926.8825185861144
19.3560226,-99.1981252,Los Alpes,45500.0,303.3333333333333,150.0,2,2.0,0,Amplio_Ejecutivo,AltaMarg_AltaGentrif,0.830531038273375,2.0,Media_Accesibilidad,1387.6573465456804
19.3610393,-99.2612571,Álvaro Obregón,35000.0,225.80645161290323,155.0,2,2.0,0,Amplio_Ejecutivo,BajaMarg_BajaGentrif,0.0,1.0,Baja_Accesibilidad,7697.6116628461195
19.401204,-99.1752046,Miguel Hidalgo,45000.0,463.91752577319585,97.0,1,1.0,0,Familiar_Chico,AltaMarg_AltaGentrif,0.8585849060226639,3.0,Media_Accesibilidad,797.908445625815
19.44286,-99.1493947,Buenavista,19500.0,390.0,50.0,2,1.0,0,Familiar_Chico,AltaMarg_AltaGentrif,0.830531038273375,2.0,Alta_Accesibilidad,424.7339621936914
19.43353,-99.190915,Miguel Hidalgo,105000.0,300.0,350.0,3,3.0,0,Amplio_Ejecutivo,BajaMarg_AltaGentrif,0.8585849060226639,1.0,Alta_Accesibilidad,444.2627964713553
19.4686716,-99.1562869,Col Del Gas,17000.0,320.75471698113205,53.0,2,1.0,0,Familiar_Chico,AltaMarg_AltaGentrif,0.830531038273375,3.0,Media_Accesibilidad,1352.4313124171085
19.4025902,-99.1559072,Mexico City,30000.0,240.0,125.0,3,2.0,0,Amplio_Ejecutivo,BajaMarg_AltaGentrif,0.830531038273375,1.0,Alta_Accesibilidad,497.3348020436638
19.4326,-99.1332,Polanco I Secc,80000.0,363.6363636363636,220.0,3,3.0,0,Amplio_Ejecutivo,AltaMarg_AltaGentrif,0.830531038273375,3.0,Alta_Accesibilidad,330.46776435848415
19.4183227,-99.1625655,Cuauhtémoc,50000.0,454.54545454545456,110.0,2,2.0,0,Amplio_Ejecutivo,AltaMarg_AltaGentrif,0.830531038273375,2.0,Alta_Accesibilidad,451.54832230219273
19.43353,-99.190915,Miguel Hidalgo,60000.0,240.0,250.0,3,2.0,0,Amplio_Ejecutivo,BajaMarg_AltaGentrif,0.8585849060226639,1.0,Alta_Accesibilidad,444.2627964713553
19.3760816,-99.1550215,Benito Juárez,40000.0,408.16326530612247,98.0,3,2.0,0,Familiar_Grande,BajaMarg_AltaGentrif,0.933319961735651,1.0,Alta_Accesibilidad,590.3482051921285
19.3831073,-99.2541091,Cuajimalpa de Morelos,58200.0,325.13966480446925,179.0,3,3.0,0,Amplio_Ejecutivo,AltaMarg_BajaGentrif,0.49427437331671703,2.0,Baja_Accesibilidad,6543.643729094242
19.3693476,-99.2977738,Manzanastitla,17000.0,293.1034482758621,58.0,2,1.0,0,Familiar_Chico,AltaMarg_AltaGentrif,0.830531038273375,2.0,Baja_Accesibilidad,11192.614070612022
19.3621697,-99.2059775,Pilares Águilas,30000.0,240.0,125.0,3,2.0,0,Amplio_Ejecutivo,AltaMarg_AltaGentrif,0.830531038273375,2.0,Baja_Accesibilidad,2065.003089975309
19.3035748,-99.2267103,Tlalpan,60000.0,300.0,200.0,2,2.0,0,Amplio_Ejecutivo,BajaMarg_BajaGentrif,0.3919311241687132,1.0,Baja_Accesibilidad,5136.880071492868
19.1416217,-99.1684376,500,38500.0,296.15384615384613,130.0,2,2.0,0,Amplio_Ejecutivo,BajaMarg_AltaGentrif,0.830531038273375,0.0,Baja_Accesibilidad,18316.544008353478
19.43353,-99.190915,Miguel Hidalgo,75000.0,441.1764705882353,170.0,3,2.0,0,Amplio_Ejecutivo,BajaMarg_AltaGentrif,0.8585849060226639,1.0,Alta_Accesibilidad,444.2627964713553
19.3718796,-99.157701,Benito Juárez,25000.0,384.61538461538464,65.0,1,1.0,0,Familiar_Chico,BajaMarg_AltaGentrif,0.933319961735651,1.0,Alta_Accesibilidad,222.7089106297116
19.43353,-99.190915,Miguel Hidalgo,5900.0,36.875,160.0,2,3.0,0,Amplio_Ejecutivo,BajaMarg_AltaGentrif,0.8585849060226639,1.0,Alta_Accesibilidad,444.2627964713553
19.3610393,-99.2612571,Cdmx.,29500.0,320.6521739130435,92.0,2,2.0,0,Familiar_Chico,BajaMarg_AltaGentrif,0.830531038273375,1.0,Baja_Accesibilidad,7697.6116628461195
19.4314989,-99.1650916,Cuauhtémoc,40000.0,363.6363636363636,110.0,2,2.0,0,Amplio_Ejecutivo,AltaMarg_AltaGentrif,0.830531038273375,2.0,Alta_Accesibilidad,610.2762143072492
19.2755094,-99.1182511,Puente Grande,24000.0,352.94117647058823,68.0,2,2.0,0,Familiar_Chico,AltaMarg_AltaGentrif,0.830531038273375,3.0,Baja_Accesibilidad,4055.7397959228856
19.4401422,-99.2052335,Ampliación Granada,5900.0,32.77777777777778,180.0,3,3.0,0,Amplio_Ejecutivo,BajaMarg_AltaGentrif,0.830531038273375,1.0,Baja_Accesibilidad,1685.5490097940196
19.4402557,-99.1926322,Miguel Hidalgo,42000.0,494.11764705882354,85.0,2,2.0,0,Familiar_Chico,BajaMarg_AltaGentrif,0.8585849060226639,1.0,Media_Accesibilidad,926.8825185861144
19.4335653,-99.1880639,Polanco,45000.0,375.0,120.0,2,2.0,0,Amplio_Ejecutivo,BajaMarg_AltaGentrif,0.830531038273375,1.0,Alta_Accesibilidad,579.0596313858898
19.3891275,-99.1756829,Del Valle Centro,35000.0,233.33333333333334,150.0,3,3.0,0,Amplio_Ejecutivo,BajaMarg_AltaGentrif,0.830531038273375,1.0,Media_Accesibilidad,956.9439101097151
19.3679593,-99.2805296,El Molino,44000.0,269.93865030674846,163.0,3,3.0,0,Amplio_Ejecutivo,AltaMarg_AltaGentrif,0.830531038273375,2.0,Baja_Accesibilidad,9472.11739571817
19.3687441,-99.250823,Álvaro Obregón,110000.0,349.2063492063492,315.0,3,3.0,0,Amplio_Ejecutivo,BajaMarg_BajaGentrif,0.0,1.0,Baja_Accesibilidad,6556.084866145813
19.4670752,-99.1591816,Col Del Gas,16900.0,244.92753623188406,69.0,2,1.0,0,Familiar_Chico,AltaMarg_AltaGentrif,0.830531038273375,2.0,Baja_Accesibilidad,1635.4888289985665
19.3756516,-99.1684189,Col Del Valle Centro,35000.0,357.14285714285717,98.0,2,2.0,0,Familiar_Chico,BajaMarg_AltaGentrif,0.830531038273375,1.0,Alta_Accesibilidad,592.4571601672959
19.4294085,-99.1853174,Polanco,68000.0,343.4343434343434,198.0,2,2.0,0,Amplio_Ejecutivo,BajaMarg_AltaGentrif,0.830531038273375,1.0,Media_Accesibilidad,628.7549091409691
19.4284074,-99.1937966,Polanco,90000.0,300.0,300.0,3,4.0,0,Amplio_Ejecutivo,BajaMarg_AltaGentrif,0.830531038273375,1.0,Alta_Accesibilidad,521.8065218187614
19.4370188,-99.1597635,Cuauhtémoc,20000.0,285.7142857142857,70.0,2,2.0,0,Familiar_Chico,AltaMarg_AltaGentrif,0.830531038273375,3.0,Alta_Accesibilidad,483.00538013020685
19.4100923,-99.1738087,Hipódromo,42800.0,407.6190476190476,105.0,3,2.0,0,Amplio_Ejecutivo,AltaMarg_AltaGentrif,0.830531038273375,2.0,Media_Accesibilidad,692.0905939811573
19.4314989,-99.1650916,Cuauhtémoc,39900.0,362.72727272727275,110.0,2,2.0,0,Amplio_Ejecutivo,AltaMarg_AltaGentrif,0.830531038273375,2.0,Alta_Accesibilidad,610.2762143072492
19.3988291,-99.1542745,Narvarte Poniente,27000.0,385.7142857142857,70.0,2,2.0,0,Familiar_Chico,AltaMarg_AltaGentrif,0.830531038273375,2.0,Alta_Accesibilidad,444.6914160207658
19.43353,-99.190915,Miguel Hidalgo,65000.0,411.39240506329116,158.0,2,2.0,0,Amplio_Ejecutivo,BajaMarg_AltaGentrif,0.8585849060226639,1.0,Alta_Accesibilidad,444.2627964713553
19.4071138,-99.1261924,Artes Gráficas,9500.0,237.5,40.0,1,1.0,0,Studio/Micro,AltaMarg_AltaGentrif,0.830531038273375,2.0,Alta_Accesibilidad,439.97577694153665
19.2491758,-99.1771152,Tlalpan,10000.0,161.29032258064515,62.0,2,2.0,0,Familiar_Chico,AltaMarg_BajaGentrif,0.3919311241687132,5.0,Baja_Accesibilidad,6441.577655025258
19.4454382,-99.1458553,Guerrero,12000.0,200.0,60.0,3,1.0,0,Familiar_Grande,AltaMarg_AltaGentrif,0.830531038273375,4.0,Alta_Accesibilidad,181.96216994513492
19.3334994,-99.0941085,Fuego Nuevo,9500.0,118.75,80.0,2,1.0,0,Familiar_Chico,AltaMarg_AltaGentrif,0.830531038273375,5.0,Media_Accesibilidad,1425.898699725615
19.4658275,-99.147504,Azcapotzalco,9500.0,475.0,20.0,1,1.0,0,Studio/Micro,AltaMarg_BajaGentrif,0.7799341145447056,2.0,Media_Accesibilidad,749.1738606472534
19.3370667,-99.2021996,Álvaro Obregón,9000.0,360.0,25.0,1,1.0,0,Studio/Micro,BajaMarg_BajaGentrif,0.0,1.0,Baja_Accesibilidad,1882.7732555829143
19.3896634,-99.1738081,Benito Juárez,35000.0,259.25925925925924,135.0,3,2.0,0,Amplio_Ejecutivo,BajaMarg_AltaGentrif,0.933319961735651,1.0,Media_Accesibilidad,1006.3491602454259
19.3718796,-99.157701,Benito Juárez,18000.0,225.0,80.0,2,1.0,0,Familiar_Chico,BajaMarg_AltaGentrif,0.933319961735651,1.0,Alta_Accesibilidad,222.7089106297116
19.313799,-99.2560658,San Bernabé Ocotepec,5000.0,125.0,40.0,1,1.0,0,Studio/Micro,AltaMarg_AltaGentrif,0.830531038273375,5.0,Baja_Accesibilidad,7946.125732215527
19.4326,-99.1332,Atenor Salas,14500.0,322.22222222222223,45.0,2,1.0,0,Studio/Micro,AltaMarg_AltaGentrif,0.830531038273375,3.0,Alta_Accesibilidad,330.46776435848415
19.4894221,-99.1118532,Triunfo De La República,10500.0,111.70212765957447,94.0,2,1.0,0,Familiar_Chico,AltaMarg_AltaGentrif,0.830531038273375,4.0,Alta_Accesibilidad,570.2047933020976
19.3356885,-99.2139354,000,14000.0,212.12121212121212,66.0,3,1.0,0,Familiar_Grande,BajaMarg_AltaGentrif,0.830531038273375,1.0,Baja_Accesibilidad,3100.3302586604987
19.3808563,-99.1785173,Noche Buena,18000.0,225.0,80.0,2,1.0,0,Familiar_Chico,BajaMarg_AltaGentrif,0.830531038273375,1.0,Alta_Accesibilidad,624.2621777700264
19.3012044,-99.1521863,Bosques De Tetlameya,15000.0,75.0,200.0,1,1.0,0,Amplio_Ejecutivo,BajaMarg_AltaGentrif,0.830531038273375,1.0,Baja_Accesibilidad,2982.220395498595
19.3983245,-99.1482072,Narvarte Oriente,20000.0,250.0,80.0,2,1.0,0,Familiar_Chico,AltaMarg_AltaGentrif,0.830531038273375,2.0,Alta_Accesibilidad,595.586187437117
19.3572429,-99.2996246,Cuajimalpa de Morelos,13800.0,145.26315789473685,95.0,3,1.0,0,Familiar_Grande,AltaMarg_BajaGentrif,0.49427437331671703,3.0,Baja_Accesibilidad,11517.47570534808
19.3816335,-99.1623019,Col Del Valle Centro,22000.0,271.60493827160496,81.0,1,2.0,0,Familiar_Chico,BajaMarg_AltaGentrif,0.830531038273375,1.0,Alta_Accesibilidad,559.1893896197024
19.5337832,-99.1536919,Gustavo A. Madero,15000.0,147.05882352941177,102.0,3,2.0,0,Amplio_Ejecutivo,AltaMarg_BajaGentrif,0.829803447501769,2.0,Baja_Accesibilidad,2993.745600980478
19.4344164,-99.1866064,Chapultepec Morales,26500.0,441.6666666666667,60.0,10,1.0,0,Familiar_Grande,BajaMarg_AltaGentrif,0.830531038273375,1.0,Media_Accesibilidad,641.7613690557328
19.5308387,-99.1538618,Solidaridad Nacional,15000.0,147.05882352941177,102.0,3,2.0,0,Amplio_Ejecutivo,AltaMarg_AltaGentrif,0.830531038273375,2.0,Baja_Accesibilidad,2703.964391232305
19.369517,-99.1856393,San José Insurgentes,33500.0,181.0810810810811,185.0,3,4.0,0,Amplio_Ejecutivo,BajaMarg_AltaGentrif,0.830531038273375,1.0,Media_Accesibilidad,632.4433645358638
19.1954733,-99.1666036,500,31500.0,262.5,120.0,3,2.0,0,Amplio_Ejecutivo,AltaMarg_AltaGentrif,0.830531038273375,3.0,Baja_Accesibilidad,12380.377843362015
19.3517477,-99.2975093,Cuajimalpa de Morelos,9200.0,368.0,25.0,1,1.0,0,Studio/Micro,AltaMarg_BajaGentrif,0.49427437331671703,3.0,Baja_Accesibilidad,11389.053973876935
19.4598779,-99.1440685,San Simón Tolnahuac,14500.0,223.07692307692307,65.0,2,1.0,0,Familiar_Chico,AltaMarg_AltaGentrif,0.830531038273375,2.0,Alta_Accesibilidad,407.63585041116505
19.3679593,-99.2805296,El Molino,13000.0,216.66666666666666,60.0,1,1.0,0,Familiar_Chico,AltaMarg_AltaGentrif,0.830531038273375,2.0,Baja_Accesibilidad,9472.11739571817
19.3944144,-99.1885194,San Pedro De Los Pinos,15500.0,469.6969696969697,33.0,1,1.0,0,Studio/Micro,AltaMarg_AltaGentrif,0.830531038273375,3.0,Media_Accesibilidad,869.0580969255222
19.3083921,-99.1224987,Coapa,15000.0,208.33333333333334,72.0,2,2.0,0,Familiar_Chico,BajaMarg_AltaGentrif,0.830531038273375,1.0,Baja_Accesibilidad,2354.110957273985
19.3837691,-99.1669696,Col Del Valle Centro,25300.0,460.0,55.0,2,1.0,0,Familiar_Chico,BajaMarg_AltaGentrif,0.830531038273375,1.0,Media_Accesibilidad,1003.5780750527695
19.4335301,-99.1507827,Juárez,19100.0,502.63157894736844,38.0,1,1.0,0,Studio/Micro,AltaMarg_AltaGentrif,0.830531038273375,2.0,Alta_Accesibilidad,206.46762265690083
19.3465983,-99.2993588,Contadero,40500.0,337.5,120.0,2,2.0,0,Amplio_Ejecutivo,BajaMarg_AltaGentrif,0.830531038273375,1.0,Baja_Accesibilidad,11587.481502401353
19.4326296,-99.1331785,Mexico City,22000.0,343.75,64.0,3,2.0,0,Familiar_Grande,AltaMarg_AltaGentrif,0.830531038273375,3.0,Alta_Accesibilidad,331.00531079168263
19.3921572,-99.1939061,Tolteca,15000.0,250.0,60.0,2,1.0,0,Familiar_Chico,BajaMarg_AltaGentrif,0.830531038273375,1.0,Media_Accesibilidad,1194.9976183846416
19.3588629,-99.0925404,Iztapalapa,17200.0,245.71428571428572,70.0,3,1.0,0,Familiar_Grande,AltaMarg_AltaGentrif,1.0,2.0,Media_Accesibilidad,1156.116595082808
19.4326296,-99.1331785,Cuauhtémoc,39000.0,469.87951807228916,83.0,2,2.0,0,Familiar_Chico,AltaMarg_AltaGentrif,0.830531038273375,3.0,Alta_Accesibilidad,331.00531079168263
19.3610393,-99.2612571,Álvaro Obregón,19000.0,345.45454545454544,55.0,1,1.0,0,Familiar_Chico,BajaMarg_BajaGentrif,0.0,1.0,Baja_Accesibilidad,7697.6116628461195
19.4391379,-99.164374,San Rafael,22000.0,244.44444444444446,90.0,3,1.0,0,Familiar_Grande,AltaMarg_AltaGentrif,0.830531038273375,3.0,Media_Accesibilidad,700.2122137410421
19.4183227,-99.1625655,Cuauhtémoc,38000.0,351.85185185185185,108.0,3,2.0,0,Amplio_Ejecutivo,AltaMarg_AltaGentrif,0.830531038273375,2.0,Alta_Accesibilidad,451.54832230219273
19.3772786,-99.2546859,Zedec Sta Fé,33000.0,392.85714285714283,84.0,2,2.0,0,Familiar_Chico,BajaMarg_AltaGentrif,0.830531038273375,1.0,Baja_Accesibilidad,6762.850336413309
19.43353,-99.190915,Miguel Hidalgo,195000.0,433.3333333333333,450.0,4,4.0,0,Amplio_Familiar,BajaMarg_AltaGentrif,0.8585849060226639,1.0,Alta_Accesibilidad,444.2627964713553
19.3622777,-99.1528997,Portales Sur,19500.0,278.57142857142856,70.0,2,2.0,0,Familiar_Chico,BajaMarg_AltaGentrif,0.830531038273375,1.0,Alta_Accesibilidad,525.9716562755976
19.3640324,-99.2773211,El Yaqui,19000.0,395.8333333333333,48.0,1,1.0,0,Studio/Micro,BajaMarg_AltaGentrif,0.830531038273375,1.0,Baja_Accesibilidad,9212.78111296619
19.4212552,-99.1531395,Doctores,26800.0,382.85714285714283,70.0,2,1.0,0,Familiar_Chico,AltaMarg_AltaGentrif,0.830531038273375,3.0,Alta_Accesibilidad,336.91663682839174
19.4148639,-99.176429,Cuauhtémoc,63000.0,381.8181818181818,165.0,2,2.0,0,Amplio_Ejecutivo,AltaMarg_AltaGentrif,0.830531038273375,2.0,Media_Accesibilidad,725.1757598203221
19.4090905,-99.1674208,Roma Sur,21000.0,500.0,42.0,1,1.0,0,Studio/Micro,AltaMarg_AltaGentrif,0.830531038273375,3.0,Alta_Accesibilidad,349.836433404869
19.4522944,-99.2024708,México Nuevo,24800.0,190.76923076923077,130.0,3,2.0,0,Amplio_Ejecutivo,AltaMarg_AltaGentrif,0.830531038273375,2.0,Media_Accesibilidad,1629.7658646635773
19.3896634,-99.1738081,Benito Juárez,36000.0,266.6666666666667,135.0,3,2.0,0,Amplio_Ejecutivo,BajaMarg_AltaGentrif,0.933319961735651,1.0,Media_Accesibilidad,1006.3491602454259
19.3687441,-99.250823,Álvaro Obregón,120000.0,282.3529411764706,425.0,3,3.0,0,Amplio_Ejecutivo,BajaMarg_BajaGentrif,0.0,1.0,Baja_Accesibilidad,6556.084866145813
19.2181385,-99.0506388,000,17000.0,459.4594594594595,37.0,1,1.0,0,Studio/Micro,AltaMarg_AltaGentrif,0.830531038273375,4.0,Baja_Accesibilidad,9351.195512151504
19.2514512,-99.1705556,San Andrés Totoltepec,5000.0,100.0,50.0,1,1.0,0,Familiar_Chico,AltaMarg_AltaGentrif,0.830531038273375,5.0,Baja_Accesibilidad,6189.510417047157
19.3881071,-99.2511696,Cuajimalpa de Morelos,65000.0,129.4820717131474,502.0,2,2.0,0,Amplio_Ejecutivo,BajaMarg_BajaGentrif,0.49427437331671703,1.0,Baja_Accesibilidad,6138.247135334897
19.37791,-99.1549484,Sta Cruz Atoyac,23500.0,261.1111111111111,90.0,2,2.0,0,Familiar_Chico,BajaMarg_AltaGentrif,0.830531038273375,1.0,Alta_Accesibilidad,530.1023564604386
19.3308418,-99.2482719,Álvaro Obregón,37000.0,176.1904761904762,210.0,2,2.0,0,Amplio_Ejecutivo,AltaMarg_BajaGentrif,0.0,4.0,Baja_Accesibilidad,6614.885793336905
19.3698638,-99.1609858,Benito Juárez,30000.0,428.57142857142856,70.0,2,2.0,0,Familiar_Chico,BajaMarg_AltaGentrif,0.933319961735651,1.0,Alta_Accesibilidad,206.6644260086566
19.4519284,-99.1901766,San Juanico,18000.0,360.0,50.0,2,1.0,0,Familiar_Chico,AltaMarg_AltaGentrif,0.830531038273375,2.0,Media_Accesibilidad,1422.9440373590028
19.3746789,-99.139751,Zacahuitzco,21500.0,268.75,80.0,2,2.0,0,Familiar_Chico,AltaMarg_AltaGentrif,0.830531038273375,2.0,Media_Accesibilidad,1056.7478227149552
19.4514541,-99.2156265,Lomas De Sotelo,21200.0,385.45454545454544,55.0,1,1.0,0,Familiar_Chico,BajaMarg_AltaGentrif,0.830531038273375,1.0,Baja_Accesibilidad,2113.329847896326
19.4553604,-99.1907173,Miguel Hidalgo,13000.0,433.3333333333333,30.0,1,1.0,0,Studio/Micro,AltaMarg_AltaGentrif,0.8585849060226639,3.0,Media_Accesibilidad,1418.3856867996278
19.4891146,-99.0979311,Salvador Díaz Mirón,26000.0,152.94117647058823,170.0,2,1.0,0,Amplio_Ejecutivo,AltaMarg_AltaGentrif,0.830531038273375,3.0,Media_Accesibilidad,735.7503231798282
19.3944144,-99.1885194,San Pedro De Los Pinos,24600.0,390.4761904761905,63.0,2,2.0,0,Familiar_Chico,AltaMarg_AltaGentrif,0.830531038273375,3.0,Media_Accesibilidad,869.0580969255222
19.4193389,-99.0875367,La Rosita,29500.0,307.2916666666667,96.0,2,2.0,0,Familiar_Chico,BajaMarg_AltaGentrif,0.830531038273375,1.0,Media_Accesibilidad,715.6079497027715
19.3769798,-99.2751709,Cuajimalpa de Morelos,65000.0,129.4820717131474,502.0,2,2.0,0,Amplio_Ejecutivo,BajaMarg_BajaGentrif,0.49427437331671703,1.0,Baja_Accesibilidad,8827.08723508779
19.3601941,-99.1668669,Benito Juárez,30500.0,363.0952380952381,84.0,2,2.0,0,Familiar_Chico,BajaMarg_AltaGentrif,0.933319961735651,1.0,Media_Accesibilidad,863.2139207818312
19.3588629,-99.0925404,Iztapalapa,17200.0,132.30769230769232,130.0,3,1.0,0,Amplio_Ejecutivo,AltaMarg_AltaGentrif,1.0,2.0,Media_Accesibilidad,1156.116595082808
19.4201724,-99.09633,Santa Cruz Aviación,14500.0,181.25,80.0,2,1.0,0,Familiar_Chico,BajaMarg_AltaGentrif,0.830531038273375,1.0,Alta_Accesibilidad,530.8992806922396
19.3788814,-99.1587376,Benito Juárez,49000.0,210.30042918454936,233.0,2,3.0,0,Amplio_Ejecutivo,BajaMarg_AltaGentrif,0.933319961735651,1.0,Alta_Accesibilidad,275.50314139717716
19.3760816,-99.1550215,Letran Valle,35000.0,343.1372549019608,102.0,3,2.0,0,Amplio_Ejecutivo,BajaMarg_AltaGentrif,0.830531038273375,1.0,Alta_Accesibilidad,590.3482051921285
19.3449279,-99.310646,Cuajimalpa de Morelos,8500.0,188.88888888888889,45.0,1,1.0,0,Studio/Micro,AltaMarg_BajaGentrif,0.49427437331671703,3.0,Baja_Accesibilidad,12772.985444134567
19.4091058,-99.0767937,Agrícola Oriental,15900.0,256.4516129032258,62.0,2,2.0,0,Familiar_Chico,AltaMarg_AltaGentrif,0.830531038273375,2.0,Alta_Accesibilidad,605.9442562644936
19.4282101,-99.1597167,Juárez,30000.0,491.8032786885246,61.0,1,1.0,0,Familiar_Chico,AltaMarg_AltaGentrif,0.830531038273375,2.0,Alta_Accesibilidad,412.88269404986414
19.3631581,-99.2779741,El Yaqui,50000.0,352.11267605633805,142.0,3,3.0,0,Amplio_Ejecutivo,BajaMarg_AltaGentrif,0.830531038273375,1.0,Baja_Accesibilidad,9292.950761354577
19.3581682,-99.272261,Cuajimalpa de Morelos,39900.0,280.98591549295776,142.0,2,3.0,0,Amplio_Ejecutivo,BajaMarg_BajaGentrif,0.49427437331671703,1.0,Baja_Accesibilidad,8801.23140399282
19.3465983,-99.2993588,Contadero,40500.0,337.5,120.0,2,2.0,0,Amplio_Ejecutivo,BajaMarg_AltaGentrif,0.830531038273375,1.0,Baja_Accesibilidad,11587.481502401353
19.3594583,-99.1679517,Xoco,34500.0,431.25,80.0,1,1.0,0,Familiar_Chico,BajaMarg_AltaGentrif,0.830531038273375,1.0,Media_Accesibilidad,894.2274488221199
19.3610393,-99.2612571,Santa Fe,32500.0,361.1111111111111,90.0,2,2.0,0,Familiar_Chico,BajaMarg_AltaGentrif,0.830531038273375,1.0,Baja_Accesibilidad,7697.6116628461195
19.4514541,-99.2156265,Lomas De Sotelo,31100.0,464.17910447761193,67.0,2,2.0,0,Familiar_Chico,BajaMarg_AltaGentrif,0.830531038273375,1.0,Baja_Accesibilidad,2113.329847896326
19.3060161,-99.1757027,Coyoacán,39000.0,354.54545454545456,110.0,3,3.0,0,Amplio_Ejecutivo,BajaMarg_BajaGentrif,0.750956198657275,1.0,Media_Accesibilidad,1444.6141831975046
19.3610393,-99.2612571,Santa Fe,27000.0,364.86486486486484,74.0,1,1.0,0,Familiar_Chico,BajaMarg_AltaGentrif,0.830531038273375,1.0,Baja_Accesibilidad,7697.6116628461195
19.4326,-99.1332,Lt Condominio Satori,28000.0,368.42105263157896,76.0,1,1.0,0,Familiar_Chico,AltaMarg_AltaGentrif,0.830531038273375,3.0,Alta_Accesibilidad,330.46776435848415
19.3572429,-99.2996246,Cuajimalpa de Morelos,13800.0,162.35294117647058,85.0,3,2.0,0,Familiar_Grande,AltaMarg_BajaGentrif,0.49427437331671703,3.0,Baja_Accesibilidad,11517.47570534808
19.3788814,-99.1587376,Benito Juárez,58000.0,248.92703862660943,233.0,2,3.0,0,Amplio_Ejecutivo,BajaMarg_AltaGentrif,0.933319961735651,1.0,Alta_Accesibilidad,275.50314139717716
19.442902,-99.2014215,Miguel Hidalgo,33000.0,366.6666666666667,90.0,2,2.0,0,Familiar_Chico,BajaMarg_AltaGentrif,0.8585849060226639,1.0,Media_Accesibilidad,1432.692904874115
19.3762376,-99.1876125,Benito Juárez,25500.0,364.2857142857143,70.0,2,2.0,0,Familiar_Chico,BajaMarg_AltaGentrif,0.933319961735651,1.0,Alta_Accesibilidad,295.85198809453675
19.4514541,-99.2156265,Lomas De Sotelo,17200.0,464.86486486486484,37.0,1,1.0,0,Studio/Micro,BajaMarg_AltaGentrif,0.830531038273375,1.0,Baja_Accesibilidad,2113.329847896326
19.4071156,-99.1906167,Miguel Hidalgo,78000.0,273.6842105263158,285.0,3,3.0,0,Amplio_Ejecutivo,BajaMarg_AltaGentrif,0.8585849060226639,1.0,Media_Accesibilidad,749.9737885794543
19.397499,-99.1728842,Nápoles,35000.0,411.7647058823529,85.0,2,1.0,0,Familiar_Chico,AltaMarg_AltaGentrif,0.830531038273375,2.0,Media_Accesibilidad,994.6321959682875
19.3872763,-99.1556475,Narvarte Poniente,30000.0,267.85714285714283,112.0,3,2.0,0,Amplio_Ejecutivo,AltaMarg_AltaGentrif,0.830531038273375,2.0,Alta_Accesibilidad,346.4474597554648
19.4093714,-99.1712126,Cuauhtémoc,110000.0,478.2608695652174,230.0,3,3.0,0,Amplio_Ejecutivo,AltaMarg_AltaGentrif,0.830531038273375,2.0,Alta_Accesibilidad,514.202520508241
19.3465983,-99.2993588,Cuajimalpa de Morelos,20000.0,322.5806451612903,62.0,1,1.0,0,Familiar_Chico,BajaMarg_BajaGentrif,0.49427437331671703,1.0,Baja_Accesibilidad,11587.481502401353
19.43353,-99.190915,Miguel Hidalgo,47000.0,235.0,200.0,3,2.0,0,Amplio_Ejecutivo,BajaMarg_AltaGentrif,0.8585849060226639,1.0,Alta_Accesibilidad,444.2627964713553
19.3601941,-99.1668669,Benito Juárez,40000.0,347.82608695652175,115.0,3,3.0,0,Amplio_Ejecutivo,BajaMarg_AltaGentrif,0.933319961735651,1.0,Media_Accesibilidad,863.2139207818312
19.3102514,-99.0684022,Iztapalapa,13500.0,132.35294117647058,102.0,2,1.0,0,Amplio_Ejecutivo,AltaMarg_AltaGentrif,1.0,5.0,Baja_Accesibilidad,1823.485560426856
19.4332704,-99.1476839,Cuauhtémoc,33500.0,418.75,80.0,1,1.0,0,Familiar_Chico,BajaMarg_AltaGentrif,0.830531038273375,1.0,Alta_Accesibilidad,135.35499198714845
19.3746789,-99.139751,Zacahuitzco,21500.0,268.75,80.0,2,2.0,0,Familiar_Chico,AltaMarg_AltaGentrif,0.830531038273375,2.0,Media_Accesibilidad,1056.7478227149552
19.453167,-99.1989003,Legaria,23000.0,242.10526315789474,95.0,2,3.0,0,Familiar_Chico,AltaMarg_AltaGentrif,0.830531038273375,4.0,Media_Accesibilidad,1600.3506399952412
19.4402557,-99.1926322,Miguel Hidalgo,31000.0,344.44444444444446,90.0,2,2.0,0,Familiar_Chico,BajaMarg_AltaGentrif,0.8585849060226639,1.0,Media_Accesibilidad,926.8825185861144
19.4326296,-99.1331785,Cuauhtémoc,39000.0,325.0,120.0,1,1.0,0,Amplio_Ejecutivo,AltaMarg_AltaGentrif,0.830531038273375,3.0,Alta_Accesibilidad,331.00531079168263
19.3723233,-99.1836682,Benito Juárez,37000.0,250.0,148.0,3,3.0,0,Amplio_Ejecutivo,BajaMarg_AltaGentrif,0.933319961735651,1.0,Alta_Accesibilidad,452.01841518129004
19.4344621,-99.2095072,Miguel Hidalgo,99000.0,471.42857142857144,210.0,3,3.0,0,Amplio_Ejecutivo,BajaMarg_AltaGentrif,0.8585849060226639,1.0,Baja_Accesibilidad,1933.5469339988058
19.4183227,-99.1625655,Cuauhtémoc,33000.0,300.0,110.0,2,1.0,0,Amplio_Ejecutivo,AltaMarg_AltaGentrif,0.830531038273375,2.0,Alta_Accesibilidad,451.54832230219273
19.4413729,-99.2103304,Col. Irrigación,28000.0,175.0,160.0,2,2.0,0,Amplio_Ejecutivo,BajaMarg_AltaGentrif,0.830531038273375,1.0,Baja_Accesibilidad,2146.6220016112075
19.3493334,-99.2036717,Álvaro Obregón,28000.0,280.0,100.0,2,2.0,0,Familiar_Chico,BajaMarg_BajaGentrif,0.0,1.0,Baja_Accesibilidad,1923.6445342326606
19.4356926,-99.191503,Polanco,110000.0,213.59223300970874,515.0,5,4.0,0,Amplio_Familiar,BajaMarg_AltaGentrif,0.830531038273375,1.0,Alta_Accesibilidad,624.2938207132767
19.3894304,-99.1550639,Narvarte Poniente,26000.0,371.42857142857144,70.0,2,2.0,0,Familiar_Chico,AltaMarg_AltaGentrif,0.830531038273375,2.0,Alta_Accesibilidad,467.69199717315405
19.43353,-99.190915,Miguel Hidalgo,180000.0,382.97872340425533,470.0,3,3.0,0,Amplio_Ejecutivo,BajaMarg_AltaGentrif,0.8585849060226639,1.0,Alta_Accesibilidad,444.2627964713553
19.4455451,-99.1838748,Los Manzanos,18500.0,250.0,74.0,2,2.0,0,Familiar_Chico,AltaMarg_AltaGentrif,0.830531038273375,3.0,Media_Accesibilidad,1130.178375017452
19.3955596,-99.0725349,Agricola Oriental,18000.0,321.42857142857144,56.0,2,1.0,0,Familiar_Chico,AltaMarg_AltaGentrif,0.830531038273375,3.0,Media_Accesibilidad,1088.4195906885548
19.4183227,-99.1625655,Cuauhtémoc,30000.0,272.72727272727275,110.0,2,1.0,0,Amplio_Ejecutivo,AltaMarg_AltaGentrif,0.830531038273375,2.0,Alta_Accesibilidad,451.54832230219273
19.43353,-99.190915,Miguel Hidalgo,125000.0,337.8378378378378,370.0,3,3.0,0,Amplio_Ejecutivo,BajaMarg_AltaGentrif,0.8585849060226639,1.0,Alta_Accesibilidad,444.2627964713553
19.43353,-99.190915,Miguel Hidalgo,47000.0,313.3333333333333,150.0,3,2.0,0,Amplio_Ejecutivo,BajaMarg_AltaGentrif,0.8585849060226639,1.0,Alta_Accesibilidad,444.2627964713553
19.43353,-99.190915,Miguel Hidalgo,100000.0,389.10505836575874,257.0,2,3.0,0,Amplio_Ejecutivo,BajaMarg_AltaGentrif,0.8585849060226639,1.0,Alta_Accesibilidad,444.2627964713553
19.3881071,-99.2511696,Cuajimalpa de Morelos,130000.0,500.0,260.0,3,3.0,0,Amplio_Ejecutivo,BajaMarg_BajaGentrif,0.49427437331671703,1.0,Baja_Accesibilidad,6138.247135334897
19.4512364,-99.1969623,Miguel Hidalgo,17000.0,283.3333333333333,60.0,2,1.0,0,Familiar_Chico,AltaMarg_AltaGentrif,0.8585849060226639,5.0,Media_Accesibilidad,1562.1033136032001
19.4183227,-99.1625655,Cuauhtémoc,33000.0,220.0,150.0,3,1.0,0,Amplio_Ejecutivo,AltaMarg_AltaGentrif,0.830531038273375,2.0,Alta_Accesibilidad,451.54832230219273
19.3375522,-99.2026262,Ermita Tizapán,32900.0,222.2972972972973,148.0,2,2.0,0,Amplio_Ejecutivo,BajaMarg_AltaGentrif,0.830531038273375,1.0,Baja_Accesibilidad,1911.0624280690058
19.2841671,-99.2298654,Tlalpan,90000.0,264.70588235294116,340.0,3,2.0,0,Amplio_Ejecutivo,AltaMarg_BajaGentrif,0.3919311241687132,5.0,Baja_Accesibilidad,6197.791095638172
19.397499,-99.1728842,Nápoles,55000.0,366.6666666666667,150.0,3,3.0,0,Amplio_Ejecutivo,AltaMarg_AltaGentrif,0.830531038273375,2.0,Media_Accesibilidad,994.6321959682875
19.4403984,-99.1430574,Guerrero,50000.0,500.0,100.0,2,2.0,0,Familiar_Chico,AltaMarg_AltaGentrif,0.830531038273375,3.0,Alta_Accesibilidad,267.1244447597662
19.4071156,-99.1906167,Miguel Hidalgo,110000.0,220.0,500.0,2,2.0,0,Amplio_Ejecutivo,BajaMarg_AltaGentrif,0.8585849060226639,1.0,Media_Accesibilidad,749.9737885794543
19.41145,-99.1739941,Mexico City,50000.0,357.14285714285717,140.0,3,4.0,0,Amplio_Ejecutivo,BajaMarg_AltaGentrif,0.830531038273375,1.0,Media_Accesibilidad,747.0444780151086
19.43353,-99.190915,Miguel Hidalgo,5500.0,30.89887640449438,178.0,2,2.0,0,Amplio_Ejecutivo,BajaMarg_AltaGentrif,0.8585849060226639,1.0,Alta_Accesibilidad,444.2627964713553
19.4183227,-99.1625655,Cuauhtémoc,30000.0,508.47457627118644,59.0,2,1.0,0,Familiar_Chico,AltaMarg_AltaGentrif,0.830531038273375,2.0,Alta_Accesibilidad,451.54832230219273
19.3906515,-99.1952423,Álvaro Obregón,20000.0,215.05376344086022,93.0,3,2.0,0,Familiar_Grande,BajaMarg_BajaGentrif,0.0,1.0,Media_Accesibilidad,1310.5121766298066
19.43353,-99.190915,Miguel Hidalgo,14000.0,56.45161290322581,248.0,3,2.0,0,Amplio_Ejecutivo,BajaMarg_AltaGentrif,0.8585849060226639,1.0,Alta_Accesibilidad,444.2627964713553
19.4360737,-99.1539172,Cuauhtémoc,11200.0,224.0,50.0,1,1.0,0,Familiar_Chico,BajaMarg_AltaGentrif,0.830531038273375,1.0,Alta_Accesibilidad,248.2217711481182
19.4193389,-99.0875367,La Rosita,20400.0,313.84615384615387,65.0,2,1.0,0,Familiar_Chico,BajaMarg_AltaGentrif,0.830531038273375,1.0,Media_Accesibilidad,715.6079497027715
19.3687441,-99.250823,Álvaro Obregón,120000.0,281.6901408450704,426.0,3,3.0,0,Amplio_Ejecutivo,BajaMarg_BajaGentrif,0.0,1.0,Baja_Accesibilidad,6556.084866145813
19.4284843,-99.1576336,Juárez,45000.0,441.1764705882353,102.0,2,2.0,0,Amplio_Ejecutivo,AltaMarg_AltaGentrif,0.830531038273375,2.0,Alta_Accesibilidad,375.6392494071415
19.3838913,-99.1688607,Mexico City,35000.0,437.5,80.0,3,2.0,0,Familiar_Grande,BajaMarg_AltaGentrif,0.830531038273375,1.0,Media_Accesibilidad,1027.4939761213982
19.395599,-99.2387847,Lomas De Bezares,48000.0,200.0,240.0,3,4.0,0,Amplio_Ejecutivo,BajaMarg_AltaGentrif,0.830531038273375,1.0,Baja_Accesibilidad,4787.086481947817
19.3171134,-99.2211248,San Jerónimo Aculco,24500.0,445.45454545454544,55.0,1,1.0,0,Familiar_Chico,BajaMarg_AltaGentrif,0.830531038273375,1.0,Baja_Accesibilidad,4322.445466053025
19.4291371,-99.1338374,800,20800.0,462.22222222222223,45.0,1,1.0,0,Studio/Micro,AltaMarg_AltaGentrif,0.830531038273375,3.0,Alta_Accesibilidad,361.30565783353313
19.43353,-99.190915,Miguel Hidalgo,12000.0,30.0,400.0,3,3.0,0,Amplio_Ejecutivo,BajaMarg_AltaGentrif,0.8585849060226639,1.0,Alta_Accesibilidad,444.2627964713553
19.4193389,-99.0875367,La Rosita,24000.0,436.3636363636364,55.0,1,1.0,0,Familiar_Chico,BajaMarg_AltaGentrif,0.830531038273375,1.0,Media_Accesibilidad,715.6079497027715
19.3631581,-99.2779741,Cuajimalpa de Morelos,21500.0,358.3333333333333,60.0,1,1.0,0,Familiar_Chico,BajaMarg_BajaGentrif,0.49427437331671703,1.0,Baja_Accesibilidad,9292.950761354577
19.3615374,-99.1528217,Sta Cruz Atoyac,55000.0,206.7669172932331,266.0,3,3.0,0,Amplio_Ejecutivo,BajaMarg_AltaGentrif,0.830531038273375,1.0,Alta_Accesibilidad,528.7658254121368
19.3698638,-99.1609858,Benito Juárez,32000.0,376.47058823529414,85.0,2,2.0,0,Familiar_Chico,BajaMarg_AltaGentrif,0.933319961735651,1.0,Alta_Accesibilidad,206.6644260086566
19.3631581,-99.2779741,El Yaqui,35500.0,500.0,71.0,2,2.0,0,Familiar_Chico,BajaMarg_AltaGentrif,0.830531038273375,1.0,Baja_Accesibilidad,9292.950761354577
19.4047243,-99.1588021,Roma Sur,20900.0,509.7560975609756,41.0,1,1.0,0,Studio/Micro,AltaMarg_AltaGentrif,0.830531038273375,3.0,Alta_Accesibilidad,528.0435235431382
19.4332704,-99.1476839,Cuauhtémoc,19300.0,507.89473684210526,38.0,1,1.0,0,Studio/Micro,BajaMarg_AltaGentrif,0.830531038273375,1.0,Alta_Accesibilidad,135.35499198714845
19.3698638,-99.1609858,Benito Juárez,34000.0,478.8732394366197,71.0,2,2.0,0,Familiar_Chico,BajaMarg_AltaGentrif,0.933319961735651,1.0,Alta_Accesibilidad,206.6644260086566
19.3687441,-99.250823,Álvaro Obregón,73900.0,332.8828828828829,222.0,3,3.0,0,Amplio_Ejecutivo,BajaMarg_BajaGentrif,0.0,1.0,Baja_Accesibilidad,6556.084866145813
19.43353,-99.190915,Miguel Hidalgo,110000.0,434.7826086956522,253.0,2,2.0,0,Amplio_Ejecutivo,BajaMarg_AltaGentrif,0.8585849060226639,1.0,Alta_Accesibilidad,444.2627964713553
19.43353,-99.190915,Miguel Hidalgo,80000.0,418.848167539267,191.0,3,3.0,0,Amplio_Ejecutivo,BajaMarg_AltaGentrif,0.8585849060226639,1.0,Alta_Accesibilidad,444.2627964713553
19.3665269,-99.1854833,Benito Juárez,65000.0,309.5238095238095,210.0,3,3.0,0,Amplio_Ejecutivo,BajaMarg_AltaGentrif,0.933319961735651,1.0,Media_Accesibilidad,654.5763406267581
19.43353,-99.190915,Miguel Hidalgo,142000.0,324.9427917620137,437.0,4,3.0,0,Amplio_Familiar,BajaMarg_AltaGentrif,0.8585849060226639,1.0,Alta_Accesibilidad,444.2627964713553
19.4453949,-99.1816725,Miguel Hidalgo,21000.0,350.0,60.0,2,2.0,0,Familiar_Chico,BajaMarg_AltaGentrif,0.8585849060226639,1.0,Media_Accesibilidad,1242.9489062710707
19.3465983,-99.2993588,Cuajimalpa de Morelos,24000.0,282.3529411764706,85.0,1,1.0,0,Familiar_Chico,BajaMarg_BajaGentrif,0.49427437331671703,1.0,Baja_Accesibilidad,11587.481502401353
19.442902,-99.2014215,Miguel Hidalgo,70000.0,479.45205479452056,146.0,3,3.0,0,Amplio_Ejecutivo,BajaMarg_AltaGentrif,0.8585849060226639,1.0,Media_Accesibilidad,1432.692904874115
19.43353,-99.190915,Miguel Hidalgo,110000.0,360.655737704918,305.0,2,3.0,0,Amplio_Ejecutivo,BajaMarg_AltaGentrif,0.8585849060226639,1.0,Alta_Accesibilidad,444.2627964713553
19.3601685,-99.1930638,Los Alpes,35000.0,448.71794871794873,78.0,2,2.0,0,Familiar_Chico,AltaMarg_AltaGentrif,0.830531038273375,2.0,Media_Accesibilidad,869.6035027667773
19.43353,-99.190915,Miguel Hidalgo,68000.0,485.7142857142857,140.0,2,2.0,0,Amplio_Ejecutivo,BajaMarg_AltaGentrif,0.8585849060226639,1.0,Alta_Accesibilidad,444.2627964713553
19.3913552,-99.2436293,Miguel Hidalgo,38000.0,230.3030303030303,165.0,2,2.0,0,Amplio_Ejecutivo,BajaMarg_AltaGentrif,0.8585849060226639,1.0,Baja_Accesibilidad,5319.46125913
19.43353,-99.190915,Miguel Hidalgo,100000.0,395.25691699604744,253.0,2,2.0,0,Amplio_Ejecutivo,BajaMarg_AltaGentrif,0.8585849060226639,1.0,Alta_Accesibilidad,444.2627964713553
19.4267655,-99.188621,Polanco,70000.0,212.12121212121212,330.0,3,3.0,0,Amplio_Ejecutivo,BajaMarg_AltaGentrif,0.830531038273375,1.0,Alta_Accesibilidad,505.86135808232825
19.43353,-99.190915,Miguel Hidalgo,65000.0,270.8333333333333,240.0,4,3.0,0,Amplio_Familiar,BajaMarg_AltaGentrif,0.8585849060226639,1.0,Alta_Accesibilidad,444.2627964713553
19.43353,-99.190915,Miguel Hidalgo,85000.0,215.73604060913706,394.0,2,2.0,0,Amplio_Ejecutivo,BajaMarg_AltaGentrif,0.8585849060226639,1.0,Alta_Accesibilidad,444.2627964713553
19.4193389,-99.0875367,La Rosita,27000.0,490.90909090909093,55.0,1,1.0,0,Familiar_Chico,BajaMarg_AltaGentrif,0.830531038273375,1.0,Media_Accesibilidad,715.6079497027715
19.43353,-99.190915,Miguel Hidalgo,80000.0,400.0,200.0,3,3.0,0,Amplio_Ejecutivo,BajaMarg_AltaGentrif,0.8585849060226639,1.0,Alta_Accesibilidad,444.2627964713553
19.3599383,-99.1689384,Xoco,34500.0,436.7088607594937,79.0,1,2.0,0,Familiar_Chico,BajaMarg_AltaGentrif,0.830531038273375,1.0,Media_Accesibilidad,815.4043332615479
19.3855195,-99.2503349,Cuajimalpa de Morelos,45000.0,409.09090909090907,110.0,2,2.0,0,Amplio_Ejecutivo,AltaMarg_BajaGentrif,0.49427437331671703,2.0,Baja_Accesibilidad,6105.9838691487275
19.4411863,-99.1979693,Granada,38000.0,380.0,100.0,2,2.0,0,Familiar_Chico,BajaMarg_AltaGentrif,0.830531038273375,1.0,Media_Accesibilidad,1165.3008811561212
19.3419761,-99.2797931,Cuajimalpa de Morelos,110000.0,333.3333333333333,330.0,3,3.0,0,Amplio_Ejecutivo,AltaMarg_BajaGentrif,0.49427437331671703,4.0,Baja_Accesibilidad,9582.832687803086
19.4406152,-99.2029724,Granada,39000.0,487.5,80.0,2,2.0,0,Familiar_Chico,BajaMarg_AltaGentrif,0.830531038273375,1.0,Media_Accesibilidad,1510.6840122880783
19.3063387,-99.2259026,Tlalpan,65000.0,377.90697674418607,172.0,2,2.0,0,Amplio_Ejecutivo,BajaMarg_BajaGentrif,0.3919311241687132,1.0,Baja_Accesibilidad,4990.113253247911
19.43353,-99.190915,Miguel Hidalgo,195000.0,493.67088607594934,395.0,4,3.0,0,Amplio_Familiar,BajaMarg_AltaGentrif,0.8585849060226639,1.0,Alta_Accesibilidad,444.2627964713553
19.43353,-99.190915,Miguel Hidalgo,6000.0,35.294117647058826,170.0,2,2.0,0,Amplio_Ejecutivo,BajaMarg_AltaGentrif,0.8585849060226639,1.0,Alta_Accesibilidad,444.2627964713553
19.4425356,-99.2102915,Miguel Hidalgo,85000.0,275.97402597402595,308.0,2,3.0,0,Amplio_Ejecutivo,BajaMarg_AltaGentrif,0.8585849060226639,1.0,Baja_Accesibilidad,2154.674897231742
19.377855,-99.1663303,Col Del Valle Centro,30000.0,272.72727272727275,110.0,2,2.0,0,Amplio_Ejecutivo,BajaMarg_AltaGentrif,0.830531038273375,1.0,Media_Accesibilidad,732.34623483206
19.3921729,-99.2514501,Bosques De Las Lomas,65000.0,185.71428571428572,350.0,2,2.0,0,Amplio_Ejecutivo,BajaMarg_AltaGentrif,0.830531038273375,1.0,Baja_Accesibilidad,6085.121383212402
19.4355701,-99.1919164,Polanco,60000.0,300.0,200.0,3,3.0,0,Amplio_Ejecutivo,BajaMarg_AltaGentrif,0.830531038273375,1.0,Media_Accesibilidad,627.1996584075118
19.3896634,-99.1738081,Benito Juárez,35000.0,402.2988505747126,87.0,2,2.0,0,Familiar_Chico,BajaMarg_AltaGentrif,0.933319961735651,1.0,Media_Accesibilidad,1006.3491602454259
19.3871293,-99.2432802,Lomas De Santa Fe,44000.0,275.0,160.0,2,2.0,0,Amplio_Ejecutivo,BajaMarg_AltaGentrif,0.830531038273375,1.0,Baja_Accesibilidad,5359.501535609808
19.4183227,-99.1625655,Cuauhtémoc,75000.0,451.8072289156627,166.0,2,2.0,0,Amplio_Ejecutivo,AltaMarg_AltaGentrif,0.830531038273375,2.0,Alta_Accesibilidad,451.54832230219273
19.3517013,-99.1861963,Guadalupe Inn,29500.0,327.77777777777777,90.0,2,2.0,0,Familiar_Chico,BajaMarg_AltaGentrif,0.830531038273375,1.0,Alta_Accesibilidad,610.0874815016944
19.3393634,-99.199956,Progreso Tizapan,32000.0,400.0,80.0,4,3.0,0,Familiar_Grande,BajaMarg_AltaGentrif,0.830531038273375,1.0,Media_Accesibilidad,1603.62783963836
19.4360737,-99.1539172,Cuauhtémoc,48000.0,432.43243243243245,111.0,2,2.0,0,Amplio_Ejecutivo,BajaMarg_AltaGentrif,0.830531038273375,1.0,Alta_Accesibilidad,248.2217711481182
19.43353,-99.190915,Miguel Hidalgo,13000.0,40.0,325.0,2,3.0,0,Amplio_Ejecutivo,BajaMarg_AltaGentrif,0.8585849060226639,1.0,Alta_Accesibilidad,444.2627964713553
19.43353,-99.190915,Miguel Hidalgo,4900.0,19.367588932806324,253.0,2,2.0,0,Amplio_Ejecutivo,BajaMarg_AltaGentrif,0.8585849060226639,1.0,Alta_Accesibilidad,444.2627964713553
19.4360737,-99.1539172,Tabacalera,48000.0,432.43243243243245,111.0,2,2.0,0,Amplio_Ejecutivo,BajaMarg_AltaGentrif,0.830531038273375,1.0,Alta_Accesibilidad,248.2217711481182
19.3631581,-99.2779741,Cuajimalpa de Morelos,21800.0,495.45454545454544,44.0,1,1.0,0,Studio/Micro,BajaMarg_BajaGentrif,0.49427437331671703,1.0,Baja_Accesibilidad,9292.950761354577
19.442902,-99.2014215,Miguel Hidalgo,60000.0,500.0,120.0,2,3.0,0,Amplio_Ejecutivo,BajaMarg_AltaGentrif,0.8585849060226639,1.0,Media_Accesibilidad,1432.692904874115
19.43353,-99.190915,Miguel Hidalgo,90000.0,375.0,240.0,3,4.0,0,Amplio_Ejecutivo,BajaMarg_AltaGentrif,0.8585849060226639,1.0,Alta_Accesibilidad,444.2627964713553
19.4360737,-99.1539172,Cuauhtémoc,24000.0,444.44444444444446,54.0,1,1.0,0,Familiar_Chico,BajaMarg_AltaGentrif,0.830531038273375,1.0,Alta_Accesibilidad,248.2217711481182
19.43353,-99.190915,Miguel Hidalgo,100000.0,327.8688524590164,305.0,3,3.0,0,Amplio_Ejecutivo,BajaMarg_AltaGentrif,0.8585849060226639,1.0,Alta_Accesibilidad,444.2627964713553
19.4326296,-99.1331785,Cuauhtémoc,43000.0,390.90909090909093,110.0,2,2.0,0,Amplio_Ejecutivo,AltaMarg_AltaGentrif,0.830531038273375,3.0,Alta_Accesibilidad,331.00531079168263
19.3576931,-99.3055922,Zentlapatl,14900.0,186.25,80.0,1,1.0,0,Familiar_Chico,AltaMarg_AltaGentrif,0.830531038273375,5.0,Baja_Accesibilidad,12109.527291643288
19.43353,-99.190915,Miguel Hidalgo,100000.0,500.0,200.0,3,3.0,0,Amplio_Ejecutivo,BajaMarg_AltaGentrif,0.8585849060226639,1.0,Alta_Accesibilidad,444.2627964713553
19.4309511,-99.1767461,Anzures,19900.0,361.8181818181818,55.0,1,2.0,0,Familiar_Chico,BajaMarg_AltaGentrif,0.830531038273375,1.0,Media_Accesibilidad,891.2918674353566
19.43353,-99.190915,Miguel Hidalgo,5900.0,32.59668508287293,181.0,3,3.0,0,Amplio_Ejecutivo,BajaMarg_AltaGentrif,0.8585849060226639,1.0,Alta_Accesibilidad,444.2627964713553
19.43353,-99.190915,Miguel Hidalgo,100000.0,450.45045045045043,222.0,2,2.0,0,Amplio_Ejecutivo,BajaMarg_AltaGentrif,0.8585849060226639,1.0,Alta_Accesibilidad,444.2627964713553
19.43353,-99.190915,Miguel Hidalgo,15000.0,25.0,600.0,4,4.0,0,Amplio_Familiar,BajaMarg_AltaGentrif,0.8585849060226639,1.0,Alta_Accesibilidad,444.2627964713553
19.4183227,-99.1625655,Cuauhtémoc,45000.0,368.8524590163934,122.0,2,2.0,0,Amplio_Ejecutivo,AltaMarg_AltaGentrif,0.830531038273375,2.0,Alta_Accesibilidad,451.54832230219273
19.43353,-99.190915,Miguel Hidalgo,10000.0,19.23076923076923,520.0,3,4.0,0,Amplio_Ejecutivo,BajaMarg_AltaGentrif,0.8585849060226639,1.0,Alta_Accesibilidad,444.2627964713553
19.4058335,-99.1633037,Cuauhtémoc,36000.0,360.0,100.0,2,2.0,0,Familiar_Chico,AltaMarg_AltaGentrif,0.830531038273375,3.0,Alta_Accesibilidad,609.7826521894331
19.43353,-99.190915,Miguel Hidalgo,90000.0,300.0,300.0,3,3.0,0,Amplio_Ejecutivo,BajaMarg_AltaGentrif,0.8585849060226639,1.0,Alta_Accesibilidad,444.2627964713553
19.3656985,-99.1635463,Sta Cruz Atoyac,36000.0,400.0,90.0,2,2.0,0,Familiar_Chico,BajaMarg_AltaGentrif,0.830531038273375,1.0,Alta_Accesibilidad,600.9508466127588
19.3372602,-99.239867,Álvaro Obregón,26000.0,305.88235294117646,85.0,2,2.0,0,Familiar_Chico,AltaMarg_BajaGentrif,0.0,2.0,Baja_Accesibilidad,5587.185076907715
19.4326,-99.1332,Roma Nte.,40000.0,363.6363636363636,110.0,2,3.0,0,Amplio_Ejecutivo,AltaMarg_AltaGentrif,0.830531038273375,3.0,Alta_Accesibilidad,330.46776435848415
19.442902,-99.2014215,Miguel Hidalgo,5900.0,32.77777777777778,180.0,3,3.0,0,Amplio_Ejecutivo,BajaMarg_AltaGentrif,0.8585849060226639,1.0,Media_Accesibilidad,1432.692904874115
19.43353,-99.190915,Miguel Hidalgo,15000.0,24.67105263157895,608.0,4,4.0,0,Amplio_Familiar,BajaMarg_AltaGentrif,0.8585849060226639,1.0,Alta_Accesibilidad,444.2627964713553
19.4468578,-99.2167381,Lomas De Sotelo,16500.0,471.42857142857144,35.0,1,1.0,0,Studio/Micro,BajaMarg_AltaGentrif,0.830531038273375,1.0,Baja_Accesibilidad,2273.707129881638
19.3837691,-99.1669696,Col Del Valle Centro,21000.0,300.0,70.0,1,1.0,0,Familiar_Chico,BajaMarg_AltaGentrif,0.830531038273375,1.0,Media_Accesibilidad,1003.5780750527695
19.405709,-99.2350423,Lomas De Reforma,33000.0,300.0,110.0,2,1.0,0,Amplio_Ejecutivo,BajaMarg_AltaGentrif,0.830531038273375,1.0,Baja_Accesibilidad,4375.043534908773
19.43353,-99.190915,Miguel Hidalgo,75000.0,500.0,150.0,2,2.0,0,Amplio_Ejecutivo,BajaMarg_AltaGentrif,0.8585849060226639,1.0,Alta_Accesibilidad,444.2627964713553
19.386451,-99.16732,Col Del Valle Centro,28500.0,303.1914893617021,94.0,2,2.0,0,Familiar_Chico,AltaMarg_AltaGentrif,0.830531038273375,3.0,Media_Accesibilidad,1089.4416013473376
19.3348794,-99.2004274,Tizapán San Ángel,33000.0,227.58620689655172,145.0,4,4.0,0,Amplio_Familiar,BajaMarg_AltaGentrif,0.830531038273375,1.0,Baja_Accesibilidad,1799.0615157412758
19.4326,-99.1332,Colina Del Sur,49500.0,260.5263157894737,190.0,4,4.0,0,Amplio_Familiar,AltaMarg_AltaGentrif,0.830531038273375,3.0,Alta_Accesibilidad,330.46776435848415
19.4005527,-99.2453489,Bosque De Las Lomas,25000.0,277.77777777777777,90.0,2,2.0,0,Familiar_Chico,BajaMarg_AltaGentrif,0.830531038273375,1.0,Baja_Accesibilidad,5374.835808851259
19.4305628,-99.1703723,Cuauhtémoc,28200.0,152.43243243243242,185.0,3,3.0,0,Amplio_Ejecutivo,AltaMarg_AltaGentrif,0.830531038273375,2.0,Media_Accesibilidad,716.4126327427176
19.3915073,-99.1855297,San Pedro De Los Pinos,23500.0,293.75,80.0,2,2.0,0,Familiar_Chico,AltaMarg_AltaGentrif,0.830531038273375,2.0,Media_Accesibilidad,690.3628252658054
19.3348794,-99.2004274,Tizapán San Ángel,32000.0,237.03703703703704,135.0,4,4.0,0,Amplio_Familiar,BajaMarg_AltaGentrif,0.830531038273375,1.0,Baja_Accesibilidad,1799.0615157412758
19.453167,-99.1989003,Legaria,17000.0,309.09090909090907,55.0,2,1.0,0,Familiar_Chico,AltaMarg_AltaGentrif,0.830531038273375,4.0,Media_Accesibilidad,1600.3506399952412
19.3854613,-99.1782191,Nápoles,14000.0,350.0,40.0,1,1.0,0,Studio/Micro,BajaMarg_AltaGentrif,0.830531038273375,1.0,Media_Accesibilidad,799.1945981168719
19.3481526,-99.2018808,Atlamaya,48000.0,315.7894736842105,152.0,3,3.0,0,Amplio_Ejecutivo,BajaMarg_AltaGentrif,0.830531038273375,1.0,Baja_Accesibilidad,1796.6864905087216
19.3890898,-99.1743711,Col Del Valle Sur,60000.0,419.5804195804196,143.0,3,3.0,0,Amplio_Ejecutivo,BajaMarg_AltaGentrif,0.830531038273375,1.0,Media_Accesibilidad,993.948031878585
19.4326,-99.1332,Centro Histórico De La Cdad. De México,15500.0,206.66666666666666,75.0,2,1.0,0,Familiar_Chico,AltaMarg_AltaGentrif,0.830531038273375,3.0,Alta_Accesibilidad,330.46776435848415
19.4326296,-99.1331785,Cuauhtémoc,49000.0,362.962962962963,135.0,1,1.0,0,Amplio_Ejecutivo,AltaMarg_AltaGentrif,0.830531038273375,3.0,Alta_Accesibilidad,331.00531079168263
19.4346159,-99.1534501,Tabacalera,50000.0,384.61538461538464,130.0,2,2.0,0,Amplio_Ejecutivo,BajaMarg_AltaGentrif,0.830531038273375,1.0,Alta_Accesibilidad,285.93676223930737
19.4326,-99.1332,Amp Granada,40000.0,380.95238095238096,105.0,2,2.0,0,Amplio_Ejecutivo,AltaMarg_AltaGentrif,0.830531038273375,3.0,Alta_Accesibilidad,330.46776435848415
19.442902,-99.2014215,Ampliación Granada,5900.0,32.77777777777778,180.0,3,3.0,0,Amplio_Ejecutivo,BajaMarg_AltaGentrif,0.830531038273375,1.0,Media_Accesibilidad,1432.692904874115
19.3591282,-99.1941439,Los Alpes,26000.0,400.0,65.0,2,2.0,0,Familiar_Chico,AltaMarg_AltaGentrif,0.830531038273375,2.0,Media_Accesibilidad,1000.1700424998085
19.4164895,-99.1751325,Colonia Condesa,58000.0,491.52542372881356,118.0,2,2.0,0,Amplio_Ejecutivo,AltaMarg_AltaGentrif,0.830531038273375,2.0,Alta_Accesibilidad,556.523249668322
19.4326,-99.1332,Lago Nte,12000.0,141.1764705882353,85.0,2,1.0,0,Familiar_Chico,AltaMarg_AltaGentrif,0.830531038273375,3.0,Alta_Accesibilidad,330.46776435848415
19.4344164,-99.1866064,Chapultepec Morales,100000.0,389.10505836575874,257.0,2,2.0,0,Amplio_Ejecutivo,BajaMarg_AltaGentrif,0.830531038273375,1.0,Media_Accesibilidad,641.7613690557328
19.4285955,-99.1877553,Polanco,110000.0,428.01556420233464,257.0,2,2.0,0,Amplio_Ejecutivo,BajaMarg_AltaGentrif,0.830531038273375,1.0,Alta_Accesibilidad,582.8671886261191
19.4326,-99.1332,Roma Nte.,30500.0,254.16666666666666,120.0,3,1.0,0,Amplio_Ejecutivo,AltaMarg_AltaGentrif,0.830531038273375,3.0,Alta_Accesibilidad,330.46776435848415
19.4216769,-99.1334967,Tránsito,15000.0,254.23728813559322,59.0,2,1.0,0,Familiar_Chico,AltaMarg_AltaGentrif,0.830531038273375,2.0,Alta_Accesibilidad,475.5307238526882
19.5187538,-99.1537429,000,23000.0,370.96774193548384,62.0,3,2.0,0,Familiar_Grande,AltaMarg_AltaGentrif,0.830531038273375,5.0,Media_Accesibilidad,1614.2253006139915
19.4148639,-99.176429,Cuauhtémoc,45000.0,463.91752577319585,97.0,2,2.0,0,Familiar_Chico,AltaMarg_AltaGentrif,0.830531038273375,2.0,Media_Accesibilidad,725.1757598203221
19.3444911,-99.2023109,Tizapán San Ángel,35400.0,239.1891891891892,148.0,2,2.0,0,Amplio_Ejecutivo,BajaMarg_AltaGentrif,0.830531038273375,1.0,Baja_Accesibilidad,1851.2954327968816
19.4326,-99.1332,Tizampampano Del Pueblo Tetelpan,24000.0,208.69565217391303,115.0,2,2.0,0,Amplio_Ejecutivo,AltaMarg_AltaGentrif,0.830531038273375,3.0,Alta_Accesibilidad,330.46776435848415
19.3698638,-99.1609858,Benito Juárez,26500.0,407.6923076923077,65.0,2,1.0,0,Familiar_Chico,BajaMarg_AltaGentrif,0.933319961735651,1.0,Alta_Accesibilidad,206.6644260086566
19.4071156,-99.1906167,Miguel Hidalgo,26000.0,356.16438356164383,73.0,3,1.0,0,Familiar_Grande,BajaMarg_AltaGentrif,0.8585849060226639,1.0,Media_Accesibilidad,749.9737885794543
19.4856,-99.0797574,Campestre Aragón,15000.0,166.66666666666666,90.0,2,1.0,0,Familiar_Chico,AltaMarg_AltaGentrif,0.830531038273375,5.0,Media_Accesibilidad,1626.2022580623575
19.3905208,-99.1579016,Benito Juárez,15000.0,428.57142857142856,35.0,1,1.0,0,Studio/Micro,AltaMarg_AltaGentrif,0.933319961735651,3.0,Alta_Accesibilidad,537.3083925162549
19.3111897,-99.1328977,Coapa,19700.0,273.6111111111111,72.0,2,2.0,0,Familiar_Chico,BajaMarg_AltaGentrif,0.830531038273375,1.0,Baja_Accesibilidad,3048.0109625842033
19.386924,-99.1636016,Benito Juárez,70500.0,314.73214285714283,224.0,3,3.0,0,Amplio_Ejecutivo,AltaMarg_AltaGentrif,0.933319961735651,3.0,Media_Accesibilidad,884.8120022581899
19.4148639,-99.176429,Cuauhtémoc,40000.0,439.56043956043953,91.0,2,2.0,0,Familiar_Chico,AltaMarg_AltaGentrif,0.830531038273375,2.0,Media_Accesibilidad,725.1757598203221
19.3890898,-99.1743711,Benito Juárez,38000.0,422.22222222222223,90.0,2,2.0,0,Familiar_Chico,BajaMarg_AltaGentrif,0.933319961735651,1.0,Media_Accesibilidad,993.948031878585
19.3890898,-99.1743711,Benito Juárez,45000.0,500.0,90.0,2,2.0,0,Familiar_Chico,BajaMarg_AltaGentrif,0.933319961735651,1.0,Media_Accesibilidad,993.948031878585
19.4325655,-99.196622,Miguel Hidalgo,125000.0,462.962962962963,270.0,3,3.0,0,Amplio_Ejecutivo,BajaMarg_AltaGentrif,0.8585849060226639,1.0,Media_Accesibilidad,806.5094165660194
19.3589134,-99.2897836,Cuajimalpa de Morelos,16000.0,320.0,50.0,1,1.0,0,Familiar_Chico,AltaMarg_BajaGentrif,0.49427437331671703,3.0,Baja_Accesibilidad,10518.639097129935
19.3610393,-99.2612571,Álvaro Obregón,35000.0,253.6231884057971,138.0,2,2.0,0,Amplio_Ejecutivo,BajaMarg_BajaGentrif,0.0,1.0,Baja_Accesibilidad,7697.6116628461195
19.2680349,-99.153133,Fuentes De Tepepan,46000.0,169.11764705882354,272.0,3,3.0,0,Amplio_Ejecutivo,BajaMarg_AltaGentrif,0.830531038273375,1.0,Baja_Accesibilidad,4959.180938975771
19.368667,-99.1790624,Actipan,22000.0,338.46153846153845,65.0,1,1.0,0,Familiar_Chico,BajaMarg_AltaGentrif,0.830531038273375,1.0,Alta_Accesibilidad,429.90146304732315
19.2841671,-99.2298654,Tlalpan,25000.0,312.5,80.0,1,1.0,0,Familiar_Chico,AltaMarg_BajaGentrif,0.3919311241687132,5.0,Baja_Accesibilidad,6197.791095638172
19.3871293,-99.2432802,Lomas De Santa Fe,20500.0,488.0952380952381,42.0,1,1.0,0,Studio/Micro,BajaMarg_AltaGentrif,0.830531038273375,1.0,Baja_Accesibilidad,5359.501535609808
19.3111897,-99.1328977,Coapa,20000.0,277.77777777777777,72.0,2,2.0,0,Familiar_Chico,BajaMarg_AltaGentrif,0.830531038273375,1.0,Baja_Accesibilidad,3048.0109625842033
19.3645142,-99.2767988,El Yaqui,35000.0,304.3478260869565,115.0,3,2.0,0,Amplio_Ejecutivo,BajaMarg_AltaGentrif,0.830531038273375,1.0,Baja_Accesibilidad,9152.885830533447
19.3419761,-99.2797931,San Mateo Tlaltenango,150000.0,337.8378378378378,444.0,3,3.0,0,Amplio_Ejecutivo,AltaMarg_AltaGentrif,0.830531038273375,4.0,Baja_Accesibilidad,9582.832687803086
19.43353,-99.190915,Miguel Hidalgo,5500.0,23.91304347826087,230.0,3,3.0,0,Amplio_Ejecutivo,BajaMarg_AltaGentrif,0.8585849060226639,1.0,Alta_Accesibilidad,444.2627964713553
19.3532835,-99.294171,Cuajimalpa de Morelos,55000.0,392.85714285714283,140.0,3,3.0,0,Amplio_Ejecutivo,AltaMarg_BajaGentrif,0.49427437331671703,2.0,Baja_Accesibilidad,11034.031138379876
19.4092659,-99.1795821,Cuauhtémoc,28000.0,294.7368421052632,95.0,2,1.0,0,Familiar_Chico,BajaMarg_AltaGentrif,0.830531038273375,1.0,Alta_Accesibilidad,549.783015560299
19.4454382,-99.1458553,Guerrero,17800.0,356.0,50.0,2,2.0,0,Familiar_Chico,AltaMarg_AltaGentrif,0.830531038273375,4.0,Alta_Accesibilidad,181.96216994513492
19.3760816,-99.1550215,Benito Juárez,35000.0,368.42105263157896,95.0,3,2.0,0,Familiar_Grande,BajaMarg_AltaGentrif,0.933319961735651,1.0,Alta_Accesibilidad,590.3482051921285
19.3179885,-99.2203142,Álvaro Obregón,40000.0,363.6363636363636,110.0,3,2.0,0,Amplio_Ejecutivo,BajaMarg_BajaGentrif,0.0,1.0,Baja_Accesibilidad,4218.059341189047
19.4326296,-99.1331785,Cuauhtémoc,22500.0,409.09090909090907,55.0,1,1.0,0,Familiar_Chico,AltaMarg_AltaGentrif,0.830531038273375,3.0,Alta_Accesibilidad,331.00531079168263
19.393107,-99.1501539,Benito Juárez,26500.0,368.05555555555554,72.0,2,2.0,0,Familiar_Chico,AltaMarg_AltaGentrif,0.933319961735651,2.0,Alta_Accesibilidad,519.8785234577002
19.4092659,-99.1795821,Cuauhtémoc,60000.0,428.57142857142856,140.0,3,2.0,0,Amplio_Ejecutivo,BajaMarg_AltaGentrif,0.830531038273375,1.0,Alta_Accesibilidad,549.783015560299
19.4402557,-99.1926322,Miguel Hidalgo,32000.0,304.76190476190476,105.0,2,2.0,0,Amplio_Ejecutivo,BajaMarg_AltaGentrif,0.8585849060226639,1.0,Media_Accesibilidad,926.8825185861144
19.4314764,-99.1823676,Polanco,6000.0,21.428571428571427,280.0,3,3.0,0,Amplio_Ejecutivo,BajaMarg_AltaGentrif,0.830531038273375,1.0,Media_Accesibilidad,725.4432788227283
19.442902,-99.2014215,Miguel Hidalgo,32000.0,400.0,80.0,1,1.0,0,Familiar_Chico,BajaMarg_AltaGentrif,0.8585849060226639,1.0,Media_Accesibilidad,1432.692904874115
19.442902,-99.2014215,Miguel Hidalgo,39000.0,475.609756097561,82.0,2,2.0,0,Familiar_Chico,BajaMarg_AltaGentrif,0.8585849060226639,1.0,Media_Accesibilidad,1432.692904874115
19.3788814,-99.1587376,Benito Juárez,26000.0,456.140350877193,57.0,1,1.0,0,Familiar_Chico,BajaMarg_AltaGentrif,0.933319961735651,1.0,Alta_Accesibilidad,275.50314139717716
19.4268132,-99.1918034,Polanco,66000.0,390.5325443786982,169.0,2,4.0,0,Amplio_Ejecutivo,BajaMarg_AltaGentrif,0.830531038273375,1.0,Alta_Accesibilidad,383.95533538253267
19.4675479,-99.1205924,Gustavo A. Madero,14300.0,332.5581395348837,43.0,1,1.0,0,Studio/Micro,AltaMarg_BajaGentrif,0.829803447501769,2.0,Media_Accesibilidad,643.3895868952347
19.3083921,-99.1224987,Coapa,15000.0,214.28571428571428,70.0,2,2.0,0,Familiar_Chico,BajaMarg_AltaGentrif,0.830531038273375,1.0,Baja_Accesibilidad,2354.110957273985
19.387036,-99.1712797,Col Del Valle Centro,29000.0,250.0,116.0,2,3.0,0,Amplio_Ejecutivo,AltaMarg_AltaGentrif,0.830531038273375,3.0,Media_Accesibilidad,1180.992789034684
19.351638,-99.1431157,Country Club Churubusco,22000.0,271.60493827160496,81.0,3,2.0,0,Familiar_Grande,BajaMarg_AltaGentrif,0.830531038273375,1.0,Media_Accesibilidad,1167.7584856801614
19.4506526,-99.1413709,Tlatelolco,12000.0,142.85714285714286,84.0,2,1.0,0,Familiar_Chico,AltaMarg_AltaGentrif,0.830531038273375,4.0,Alta_Accesibilidad,470.1475668549351
19.453167,-99.1989003,Legaria,16500.0,300.0,55.0,2,1.0,0,Familiar_Chico,AltaMarg_AltaGentrif,0.830531038273375,4.0,Media_Accesibilidad,1600.3506399952412
19.4169378,-99.1778694,Colonia Condesa,35000.0,437.5,80.0,2,1.0,0,Familiar_Chico,AltaMarg_AltaGentrif,0.830531038273375,2.0,Alta_Accesibilidad,562.2190754899023
19.3181581,-99.1392557,Coyoacán,27500.0,289.4736842105263,95.0,2,2.0,0,Familiar_Chico,BajaMarg_BajaGentrif,0.750956198657275,1.0,Baja_Accesibilidad,2633.890665345602
19.3581682,-99.272261,Cuajimalpa de Morelos,16500.0,253.84615384615384,65.0,1,1.0,0,Familiar_Chico,BajaMarg_BajaGentrif,0.49427437331671703,1.0,Baja_Accesibilidad,8801.23140399282
19.3698638,-99.1609858,Benito Juárez,34000.0,354.1666666666667,96.0,1,1.0,0,Familiar_Chico,BajaMarg_AltaGentrif,0.933319961735651,1.0,Alta_Accesibilidad,206.6644260086566
19.3465983,-99.2993588,Cuajimalpa de Morelos,23000.0,383.3333333333333,60.0,1,1.0,0,Familiar_Chico,BajaMarg_BajaGentrif,0.49427437331671703,1.0,Baja_Accesibilidad,11587.481502401353
19.3348794,-99.2004274,Tizapán San Ángel,23500.0,361.53846153846155,65.0,2,3.0,0,Familiar_Chico,BajaMarg_AltaGentrif,0.830531038273375,1.0,Baja_Accesibilidad,1799.0615157412758
19.4320065,-99.1678814,Cuauhtémoc,30000.0,375.0,80.0,2,2.0,0,Familiar_Chico,AltaMarg_AltaGentrif,0.830531038273375,2.0,Media_Accesibilidad,773.1263618478051
19.4320972,-99.1771646,Miguel Hidalgo,44000.0,366.6666666666667,120.0,2,2.0,0,Amplio_Ejecutivo,BajaMarg_AltaGentrif,0.8585849060226639,1.0,Media_Accesibilidad,991.7860337690739
19.3857181,-99.1651134,Del Valle Centro,19000.0,243.5897435897436,78.0,2,1.0,0,Familiar_Chico,AltaMarg_AltaGentrif,0.830531038273375,3.0,Media_Accesibilidad,988.7209078871583
19.3906515,-99.1952423,Álvaro Obregón,39900.0,177.33333333333334,225.0,3,2.0,0,Amplio_Ejecutivo,BajaMarg_BajaGentrif,0.0,1.0,Media_Accesibilidad,1310.5121766298066
19.3374093,-99.2196568,Álvaro Obregón,26000.0,337.6623376623377,77.0,2,2.0,0,Familiar_Chico,AltaMarg_BajaGentrif,0.0,2.0,Baja_Accesibilidad,3631.1624220632243
19.3308418,-99.2482719,Álvaro Obregón,39800.0,189.52380952380952,210.0,2,2.0,0,Amplio_Ejecutivo,AltaMarg_BajaGentrif,0.0,4.0,Baja_Accesibilidad,6614.885793336905
19.3442607,-99.2737787,Cruz Manca,36500.0,272.3880597014925,134.0,2,2.0,0,Amplio_Ejecutivo,AltaMarg_AltaGentrif,0.830531038273375,4.0,Baja_Accesibilidad,8938.324189842773
19.4326,-99.1332,Pueblo De Sta Lucía,21000.0,253.0120481927711,83.0,2,2.0,0,Familiar_Chico,AltaMarg_AltaGentrif,0.830531038273375,3.0,Alta_Accesibilidad,330.46776435848415
19.4058335,-99.1633037,Cuauhtémoc,40000.0,363.6363636363636,110.0,2,2.0,0,Amplio_Ejecutivo,AltaMarg_AltaGentrif,0.830531038273375,3.0,Alta_Accesibilidad,609.7826521894331
19.3896634,-99.1738081,Benito Juárez,36000.0,387.0967741935484,93.0,2,2.0,0,Familiar_Chico,BajaMarg_AltaGentrif,0.933319961735651,1.0,Media_Accesibilidad,1006.3491602454259
19.4103765,-99.1802266,Condesa,67000.0,478.57142857142856,140.0,3,2.0,0,Amplio_Ejecutivo,BajaMarg_AltaGentrif,0.830531038273375,1.0,Alta_Accesibilidad,525.9699191331646
19.4058335,-99.1633037,Cuauhtémoc,42000.0,381.8181818181818,110.0,2,2.0,0,Amplio_Ejecutivo,AltaMarg_AltaGentrif,0.830531038273375,3.0,Alta_Accesibilidad,609.7826521894331
19.4071156,-99.1906167,Miguel Hidalgo,26000.0,305.88235294117646,85.0,1,1.0,0,Familiar_Chico,BajaMarg_AltaGentrif,0.8585849060226639,1.0,Media_Accesibilidad,749.9737885794543
19.4379452,-99.1624218,Cuauhtémoc,35600.0,456.4102564102564,78.0,2,2.0,0,Familiar_Chico,AltaMarg_AltaGentrif,0.830531038273375,3.0,Alta_Accesibilidad,574.0132665438462
19.4326296,-99.1331785,Cuauhtémoc,28500.0,356.25,80.0,1,1.0,0,Familiar_Chico,AltaMarg_AltaGentrif,0.830531038273375,3.0,Alta_Accesibilidad,331.00531079168263
19.3601941,-99.1668669,Benito Juárez,37500.0,367.6470588235294,102.0,2,2.0,0,Amplio_Ejecutivo,BajaMarg_AltaGentrif,0.933319961735651,1.0,Media_Accesibilidad,863.2139207818312
19.3581682,-99.272261,Cuajimalpa de Morelos,67000.0,418.75,160.0,3,3.0,0,Amplio_Ejecutivo,BajaMarg_BajaGentrif,0.49427437331671703,1.0,Baja_Accesibilidad,8801.23140399282
19.4071156,-99.1906167,Miguel Hidalgo,110000.0,468.0851063829787,235.0,3,3.0,0,Amplio_Ejecutivo,BajaMarg_AltaGentrif,0.8585849060226639,1.0,Media_Accesibilidad,749.9737885794543
19.4210896,-99.2184637,Miguel Hidalgo,110000.0,310.73446327683615,354.0,2,2.0,0,Amplio_Ejecutivo,BajaMarg_AltaGentrif,0.8585849060226639,1.0,Baja_Accesibilidad,2855.497540188191
19.4358539,-99.1931465,Polanco,90000.0,321.42857142857144,280.0,3,3.0,0,Amplio_Ejecutivo,BajaMarg_AltaGentrif,0.830531038273375,1.0,Media_Accesibilidad,703.9634737764611
19.4276732,-99.1644755,Juárez,27500.0,361.8421052631579,76.0,1,1.0,0,Familiar_Chico,AltaMarg_AltaGentrif,0.830531038273375,2.0,Alta_Accesibilidad,269.39361960805627
19.4169378,-99.1778694,Colonia Condesa,45000.0,409.09090909090907,110.0,3,3.0,0,Amplio_Ejecutivo,AltaMarg_AltaGentrif,0.830531038273375,2.0,Alta_Accesibilidad,562.2190754899023
19.3879778,-99.2513825,Bosques De Las Lomas,65000.0,209.67741935483872,310.0,3,3.0,0,Amplio_Ejecutivo,BajaMarg_AltaGentrif,0.830531038273375,1.0,Baja_Accesibilidad,6162.218500709145
19.3849371,-99.2363943,Sta Fé,100000.0,344.82758620689657,290.0,3,3.0,0,Amplio_Ejecutivo,AltaMarg_AltaGentrif,0.830531038273375,3.0,Baja_Accesibilidad,4719.076035091715
19.4402177,-99.1870609,Granada,55000.0,366.6666666666667,150.0,3,2.0,0,Amplio_Ejecutivo,BajaMarg_AltaGentrif,0.830531038273375,1.0,Media_Accesibilidad,952.6075312884766
19.4365749,-99.1747367,Verónica Anzúres,25000.0,208.33333333333334,120.0,2,1.0,0,Amplio_Ejecutivo,BajaMarg_AltaGentrif,0.830531038273375,1.0,Media_Accesibilidad,1135.2385470560807
19.4384109,-99.1874969,Granada,50000.0,416.6666666666667,120.0,3,2.0,0,Amplio_Ejecutivo,BajaMarg_AltaGentrif,0.830531038273375,1.0,Media_Accesibilidad,871.0501581770211
19.4188634,-99.206134,Lomas De Chapultepec I Sección,22000.0,440.0,50.0,1,1.0,0,Familiar_Chico,BajaMarg_AltaGentrif,0.830531038273375,1.0,Baja_Accesibilidad,1762.2407482501794
19.3999215,-99.0720845,Agrícola Oriental,5500.0,61.111111111111114,90.0,1,1.0,0,Familiar_Chico,AltaMarg_AltaGentrif,0.830531038273375,3.0,Media_Accesibilidad,915.7130329898848
19.4113365,-99.1258365,Venustiano Carranza,10500.0,210.0,50.0,1,1.0,0,Familiar_Chico,AltaMarg_BajaGentrif,0.761616411382061,3.0,Media_Accesibilidad,655.6192903749866
19.3248498,-99.2028514,Jardines Del Pedregal,50000.0,294.11764705882354,170.0,3,3.0,0,Amplio_Ejecutivo,BajaMarg_AltaGentrif,0.830531038273375,1.0,Baja_Accesibilidad,2307.3832947081246
19.3986657,-99.1425579,Álamos,17500.0,224.35897435897436,78.0,2,1.0,0,Familiar_Chico,AltaMarg_AltaGentrif,0.830531038273375,2.0,Alta_Accesibilidad,511.48084549298096
19.4326,-99.1332,Código 2,18800.0,280.5970149253731,67.0,2,2.0,0,Familiar_Chico,AltaMarg_AltaGentrif,0.830531038273375,3.0,Alta_Accesibilidad,330.46776435848415
19.3787903,-99.1481596,Benito Juárez,7000.0,233.33333333333334,30.0,1,1.0,0,Studio/Micro,AltaMarg_AltaGentrif,0.933319961735651,3.0,Media_Accesibilidad,759.5855277505675
19.3197812,-99.2073801,Jardines Del Pedregal,30000.0,272.72727272727275,110.0,3,2.0,0,Amplio_Ejecutivo,BajaMarg_AltaGentrif,0.830531038273375,1.0,Baja_Accesibilidad,2881.0539947377
19.3134482,-99.1518583,Pedregal De Sta Úrsula,12000.0,184.6153846153846,65.0,2,1.0,0,Familiar_Chico,AltaMarg_AltaGentrif,0.830531038273375,4.0,Baja_Accesibilidad,2641.688121128363
19.3060161,-99.1757027,Coyoacán,30000.0,348.83720930232556,86.0,2,2.0,0,Familiar_Chico,BajaMarg_BajaGentrif,0.750956198657275,1.0,Media_Accesibilidad,1444.6141831975046
19.3459153,-99.0637399,Iztapalapa,10000.0,111.11111111111111,90.0,2,1.0,0,Familiar_Chico,AltaMarg_AltaGentrif,1.0,2.0,Media_Accesibilidad,1260.5380166060982
19.2721764,-99.2102487,Miguel Hidalgo,12000.0,134.8314606741573,89.0,2,2.0,0,Familiar_Chico,AltaMarg_AltaGentrif,0.8585849060226639,4.0,Baja_Accesibilidad,5507.362139792071
19.3758524,-99.1444973,San Simón Ticumac,21500.0,294.52054794520546,73.0,2,2.0,0,Familiar_Chico,AltaMarg_AltaGentrif,0.830531038273375,3.0,Media_Accesibilidad,874.6043142843965
19.3769798,-99.2751709,Mexico City,42000.0,251.49700598802394,167.0,2,3.0,0,Amplio_Ejecutivo,BajaMarg_AltaGentrif,0.830531038273375,1.0,Baja_Accesibilidad,8827.08723508779
19.4346159,-99.1534501,Tabacalera,41500.0,402.9126213592233,103.0,2,2.0,0,Amplio_Ejecutivo,BajaMarg_AltaGentrif,0.830531038273375,1.0,Alta_Accesibilidad,285.93676223930737
19.3723233,-99.1836682,Benito Juárez,45000.0,401.7857142857143,112.0,2,2.0,0,Amplio_Ejecutivo,BajaMarg_AltaGentrif,0.933319961735651,1.0,Alta_Accesibilidad,452.01841518129004
19.3427933,-99.2186078,Tetelpan,23900.0,199.16666666666666,120.0,3,3.0,0,Amplio_Ejecutivo,AltaMarg_AltaGentrif,0.830531038273375,4.0,Baja_Accesibilidad,3366.6725179811688
19.3581682,-99.272261,Cuajimalpa de Morelos,95000.0,395.8333333333333,240.0,3,3.0,0,Amplio_Ejecutivo,BajaMarg_BajaGentrif,0.49427437331671703,1.0,Baja_Accesibilidad,8801.23140399282
19.4344164,-99.1866064,Chapultepec Morales,45000.0,375.0,120.0,2,2.0,0,Amplio_Ejecutivo,BajaMarg_AltaGentrif,0.830531038273375,1.0,Media_Accesibilidad,641.7613690557328
19.3581682,-99.272261,Cuajimalpa de Morelos,36000.0,315.7894736842105,114.0,2,2.0,0,Amplio_Ejecutivo,BajaMarg_BajaGentrif,0.49427437331671703,1.0,Baja_Accesibilidad,8801.23140399282
19.4344164,-99.1866064,Chapultepec Morales,45000.0,375.0,120.0,2,2.0,0,Amplio_Ejecutivo,BajaMarg_AltaGentrif,0.830531038273375,1.0,Media_Accesibilidad,641.7613690557328
19.3892129,-99.2227597,Boscoso,22000.0,176.0,125.0,3,3.0,0,Amplio_Ejecutivo,BajaMarg_AltaGentrif,0.830531038273375,1.0,Baja_Accesibilidad,3265.250264387453
19.4657919,-99.1887659,Ángel Zimbrón,18000.0,200.0,90.0,3,2.0,0,Familiar_Grande,AltaMarg_AltaGentrif,0.830531038273375,2.0,Baja_Accesibilidad,1710.70867795886
19.3824219,-99.1761603,Benito Juárez,27000.0,317.6470588235294,85.0,2,2.0,0,Familiar_Chico,BajaMarg_AltaGentrif,0.933319961735651,1.0,Media_Accesibilidad,703.7713307068392
19.2523919,-99.02963,Col Del Carmen,24000.0,252.6315789473684,95.0,2,2.0,0,Familiar_Chico,AltaMarg_AltaGentrif,0.830531038273375,4.0,Baja_Accesibilidad,6666.761257384866
19.3598623,-99.1934907,Álvaro Obregón,35000.0,307.0175438596491,114.0,2,2.0,0,Amplio_Ejecutivo,AltaMarg_BajaGentrif,0.0,2.0,Media_Accesibilidad,917.3332960460828
19.4326,-99.1332,C.T.M. El Risco,10000.0,102.04081632653062,98.0,3,1.0,0,Familiar_Grande,AltaMarg_AltaGentrif,0.830531038273375,3.0,Alta_Accesibilidad,330.46776435848415
19.4268132,-99.1918034,Polanco,35000.0,315.31531531531533,111.0,2,2.0,0,Amplio_Ejecutivo,BajaMarg_AltaGentrif,0.830531038273375,1.0,Alta_Accesibilidad,383.95533538253267
19.4092659,-99.1795821,Mexico City,50000.0,357.14285714285717,140.0,3,3.0,0,Amplio_Ejecutivo,BajaMarg_AltaGentrif,0.830531038273375,1.0,Alta_Accesibilidad,549.783015560299
19.3837691,-99.1669696,Col Del Valle Centro,50000.0,312.5,160.0,2,5.0,0,Amplio_Ejecutivo,BajaMarg_AltaGentrif,0.830531038273375,1.0,Media_Accesibilidad,1003.5780750527695
19.4058335,-99.1633037,Mexico City,50000.0,442.4778761061947,113.0,3,2.0,0,Amplio_Ejecutivo,AltaMarg_AltaGentrif,0.830531038273375,3.0,Alta_Accesibilidad,609.7826521894331
19.4337475,-99.1551083,Tabacalera,38000.0,404.25531914893617,94.0,1,3.0,0,Familiar_Chico,BajaMarg_AltaGentrif,0.830531038273375,1.0,Alta_Accesibilidad,381.39238762612683
19.3328551,-99.2654904,Álvaro Obregón,9000.0,180.0,50.0,1,1.0,0,Familiar_Chico,AltaMarg_BajaGentrif,0.0,4.0,Baja_Accesibilidad,8273.102873045278
19.3942366,-99.1670335,Colonia Del Valle,45000.0,375.0,120.0,2,2.0,0,Amplio_Ejecutivo,AltaMarg_AltaGentrif,0.830531038273375,2.0,Media_Accesibilidad,1152.3388416646626
19.3099886,-99.0786706,El Vergel,16000.0,188.23529411764707,85.0,2,3.0,0,Familiar_Chico,AltaMarg_AltaGentrif,0.830531038273375,5.0,Baja_Accesibilidad,1665.171262579329
19.4326296,-99.1331785,Cuauhtémoc,13000.0,325.0,40.0,1,1.0,0,Studio/Micro,AltaMarg_AltaGentrif,0.830531038273375,3.0,Alta_Accesibilidad,331.00531079168263
19.3678314,-99.1618557,Sta Cruz Atoyac,19700.0,317.741935483871,62.0,2,2.0,0,Familiar_Chico,BajaMarg_AltaGentrif,0.830531038273375,1.0,Alta_Accesibilidad,385.09889871772987
19.4778665,-99.094982,Dm Nacional,9000.0,180.0,50.0,2,1.0,0,Familiar_Chico,AltaMarg_AltaGentrif,0.830531038273375,2.0,Media_Accesibilidad,710.9451776176409
19.4455855,-99.1489572,Buenavista,11500.0,209.0909090909091,55.0,2,1.0,0,Familiar_Chico,AltaMarg_AltaGentrif,0.830531038273375,2.0,Alta_Accesibilidad,371.688312313428
19.2828254,-99.0468784,Los Reyes,8400.0,336.0,25.0,1,1.0,0,Studio/Micro,AltaMarg_AltaGentrif,0.830531038273375,4.0,Baja_Accesibilidad,4088.198250543937
19.5049574,-99.1536746,Gustavo A. Madero,12500.0,277.77777777777777,45.0,2,1.0,0,Studio/Micro,AltaMarg_BajaGentrif,0.829803447501769,2.0,Alta_Accesibilidad,507.73026377722636
19.4326296,-99.1331785,Cuauhtémoc,14600.0,486.6666666666667,30.0,1,1.0,0,Studio/Micro,AltaMarg_AltaGentrif,0.830531038273375,3.0,Alta_Accesibilidad,331.00531079168263
19.3718796,-99.157701,Benito Juárez,15600.0,346.6666666666667,45.0,1,1.0,0,Studio/Micro,BajaMarg_AltaGentrif,0.933319961735651,1.0,Alta_Accesibilidad,222.7089106297116
19.3736178,-99.2846065,Cuajimalpa de Morelos,13000.0,130.0,100.0,2,1.0,0,Familiar_Chico,AltaMarg_BajaGentrif,0.49427437331671703,4.0,Baja_Accesibilidad,9829.993679750854
19.2880603,-99.1669733,Tlalpan,22000.0,217.82178217821783,101.0,3,2.0,0,Amplio_Ejecutivo,AltaMarg_BajaGentrif,0.3919311241687132,2.0,Baja_Accesibilidad,2792.4380030007696
19.4838908,-99.1843937,Azcapotzalco,22000.0,343.75,64.0,3,2.0,0,Familiar_Grande,BajaMarg_BajaGentrif,0.7799341145447056,1.0,Media_Accesibilidad,1051.9265434255203
19.3476864,-99.1826873,Chimalistac,25000.0,312.5,80.0,2,1.0,0,Familiar_Chico,BajaMarg_AltaGentrif,0.830531038273375,1.0,Alta_Accesibilidad,339.26772784955574
19.393107,-99.1501539,Benito Juárez,25000.0,277.77777777777777,90.0,2,2.0,0,Familiar_Chico,AltaMarg_AltaGentrif,0.933319961735651,2.0,Alta_Accesibilidad,519.8785234577002
19.3404689,-99.2224622,Tizampampano,8500.0,60.714285714285715,140.0,2,1.0,0,Amplio_Ejecutivo,AltaMarg_AltaGentrif,0.830531038273375,3.0,Baja_Accesibilidad,3794.899917549957
19.4344164,-99.1866064,Chapultepec Morales,35500.0,142.0,250.0,3,4.0,0,Amplio_Ejecutivo,BajaMarg_AltaGentrif,0.830531038273375,1.0,Media_Accesibilidad,641.7613690557328
19.3374093,-99.2196568,Olivar De Los Padres,24500.0,318.1818181818182,77.0,2,2.0,0,Familiar_Chico,AltaMarg_AltaGentrif,0.830531038273375,2.0,Baja_Accesibilidad,3631.1624220632243
19.2905833,-99.1227158,Torreón,9800.0,153.125,64.0,2,1.0,0,Familiar_Chico,AltaMarg_AltaGentrif,0.830531038273375,2.0,Baja_Accesibilidad,3418.420695221642
19.3656187,-99.1899364,Benito Juárez,17500.0,250.0,70.0,2,2.0,0,Familiar_Chico,BajaMarg_AltaGentrif,0.933319961735651,1.0,Media_Accesibilidad,717.1769585281189
19.3064516,-99.1648548,El Caracol,16500.0,253.84615384615384,65.0,2,2.0,0,Familiar_Chico,AltaMarg_AltaGentrif,0.830531038273375,2.0,Baja_Accesibilidad,1882.8683425246663
19.5657502,-99.2226344,Cd. De Los Deportes,18000.0,450.0,40.0,1,1.0,0,Studio/Micro,AltaMarg_AltaGentrif,0.830531038273375,3.0,Baja_Accesibilidad,6835.976542587941
19.4326,-99.1332,Portales Nte,22000.0,183.33333333333334,120.0,2,1.0,0,Amplio_Ejecutivo,AltaMarg_AltaGentrif,0.830531038273375,3.0,Alta_Accesibilidad,330.46776435848415
19.3373022,-99.224854,Olivar De Los Padres,35500.0,221.875,160.0,3,4.0,0,Amplio_Ejecutivo,AltaMarg_AltaGentrif,0.830531038273375,2.0,Baja_Accesibilidad,4122.936304582996
19.4326,-99.1332,2Da Amp El Pirú,4200.0,84.0,50.0,3,1.0,0,Familiar_Grande,AltaMarg_AltaGentrif,0.830531038273375,3.0,Alta_Accesibilidad,330.46776435848415
19.3769065,-99.1173931,Iztapalapa,20000.0,178.57142857142858,112.0,3,2.0,0,Amplio_Ejecutivo,AltaMarg_AltaGentrif,1.0,4.0,Media_Accesibilidad,812.3200664139526
19.4326,-99.1332,Centro Urbano Pdte. Juárez,18000.0,360.0,50.0,1,1.0,0,Familiar_Chico,AltaMarg_AltaGentrif,0.830531038273375,3.0,Alta_Accesibilidad,330.46776435848415
19.3063387,-99.2259026,Mexico City,48000.0,150.0,320.0,3,4.0,0,Amplio_Ejecutivo,BajaMarg_AltaGentrif,0.830531038273375,1.0,Baja_Accesibilidad,4990.113253247911
19.3099886,-99.0786706,El Vergel,16000.0,200.0,80.0,2,3.0,0,Familiar_Chico,AltaMarg_AltaGentrif,0.830531038273375,5.0,Baja_Accesibilidad,1665.171262579329
19.3601941,-99.1668669,Benito Juárez,62000.0,329.78723404255317,188.0,3,3.0,0,Amplio_Ejecutivo,BajaMarg_AltaGentrif,0.933319961735651,1.0,Media_Accesibilidad,863.2139207818312
19.3958075,-99.1545017,Narvarte Poniente,28000.0,231.40495867768595,121.0,2,2.0,0,Amplio_Ejecutivo,AltaMarg_AltaGentrif,0.830531038273375,2.0,Alta_Accesibilidad,272.66749664530687
19.4053637,-99.1498637,Buenos Aires,17000.0,209.87654320987653,81.0,2,1.0,0,Familiar_Chico,AltaMarg_AltaGentrif,0.830531038273375,4.0,Alta_Accesibilidad,582.5694558095527
19.3663242,-99.1675977,Sta Cruz Atoyac,23000.0,255.55555555555554,90.0,2,2.0,0,Familiar_Chico,BajaMarg_AltaGentrif,0.830531038273375,1.0,Media_Accesibilidad,647.0921610739808
19.3865976,-99.2651314,Cuajimalpa de Morelos,21000.0,175.0,120.0,3,1.0,0,Amplio_Ejecutivo,AltaMarg_BajaGentrif,0.49427437331671703,2.0,Baja_Accesibilidad,7561.408566643877
19.3032296,-99.1061547,Coapa,15000.0,300.0,50.0,1,1.0,0,Familiar_Chico,BajaMarg_AltaGentrif,0.830531038273375,1.0,Baja_Accesibilidad,1857.215417852841
19.362883,-99.1891255,Guadalupe Inn,23000.0,157.53424657534248,146.0,3,2.0,0,Amplio_Ejecutivo,AltaMarg_AltaGentrif,0.830531038273375,2.0,Alta_Accesibilidad,562.6102807505088
19.4326296,-99.1331785,Cuauhtémoc,25000.0,500.0,50.0,1,1.0,0,Familiar_Chico,AltaMarg_AltaGentrif,0.830531038273375,3.0,Alta_Accesibilidad,331.00531079168263
19.3308418,-99.2482719,Álvaro Obregón,37200.0,177.14285714285714,210.0,2,2.0,0,Amplio_Ejecutivo,AltaMarg_BajaGentrif,0.0,4.0,Baja_Accesibilidad,6614.885793336905
19.4326,-99.1332,Amp Granada,70000.0,486.1111111111111,144.0,3,3.0,0,Amplio_Ejecutivo,AltaMarg_AltaGentrif,0.830531038273375,3.0,Alta_Accesibilidad,330.46776435848415
19.3572269,-99.1807513,Álvaro Obregón,49000.0,204.16666666666666,240.0,3,3.0,0,Amplio_Ejecutivo,BajaMarg_BajaGentrif,0.0,1.0,Media_Accesibilidad,661.4151868159229
19.3640788,-99.173833,Benito Juárez,49000.0,204.16666666666666,240.0,3,3.0,0,Amplio_Ejecutivo,BajaMarg_AltaGentrif,0.933319961735651,1.0,Media_Accesibilidad,653.5835845667102
19.4326296,-99.1331785,Mexico City,5800.0,34.523809523809526,168.0,2,2.0,0,Amplio_Ejecutivo,AltaMarg_AltaGentrif,0.830531038273375,3.0,Alta_Accesibilidad,331.00531079168263
19.4148639,-99.176429,Cuauhtémoc,56000.0,509.09090909090907,110.0,2,2.0,0,Amplio_Ejecutivo,AltaMarg_AltaGentrif,0.830531038273375,2.0,Media_Accesibilidad,725.1757598203221
19.4414507,-99.1958834,Granada,52000.0,509.80392156862746,102.0,2,2.0,0,Amplio_Ejecutivo,BajaMarg_AltaGentrif,0.830531038273375,1.0,Media_Accesibilidad,1045.4071993103012
19.3073616,-99.1809064,Insurgentes Cuicuilco,27000.0,355.2631578947368,76.0,2,2.0,0,Familiar_Chico,BajaMarg_AltaGentrif,0.830531038273375,1.0,Media_Accesibilidad,1206.5883712436453
19.3581682,-99.272261,Cuajimalpa de Morelos,36500.0,94.55958549222798,386.0,2,2.0,0,Amplio_Ejecutivo,BajaMarg_BajaGentrif,0.49427437331671703,1.0,Baja_Accesibilidad,8801.23140399282
19.3694718,-99.1771253,Benito Juárez,49000.0,204.16666666666666,240.0,3,3.0,0,Amplio_Ejecutivo,BajaMarg_AltaGentrif,0.933319961735651,1.0,Alta_Accesibilidad,426.5027477946791
19.4326296,-99.1331785,Cuauhtémoc,15000.0,214.28571428571428,70.0,1,1.0,0,Familiar_Chico,AltaMarg_AltaGentrif,0.830531038273375,3.0,Alta_Accesibilidad,331.00531079168263
19.4018347,-99.2076827,700,16700.0,491.1764705882353,34.0,1,1.0,0,Studio/Micro,AltaMarg_AltaGentrif,0.830531038273375,2.0,Baja_Accesibilidad,1750.6663128656946
19.3799106,-99.1520686,Independencia,21700.0,333.84615384615387,65.0,2,2.0,0,Familiar_Chico,AltaMarg_AltaGentrif,0.830531038273375,3.0,Media_Accesibilidad,685.406201309134
19.357184,-99.2892544,Lomas De Memetla,18000.0,257.14285714285717,70.0,2,1.0,0,Familiar_Chico,AltaMarg_AltaGentrif,0.830531038273375,3.0,Baja_Accesibilidad,10488.410789142752
19.4332704,-99.1476839,Cuauhtémoc,18900.0,460.9756097560976,41.0,1,1.0,0,Studio/Micro,BajaMarg_AltaGentrif,0.830531038273375,1.0,Alta_Accesibilidad,135.35499198714845
19.3865976,-99.2651314,Cuajimalpa de Morelos,135000.0,507.5187969924812,266.0,3,3.0,0,Amplio_Ejecutivo,AltaMarg_BajaGentrif,0.49427437331671703,2.0,Baja_Accesibilidad,7561.408566643877
19.4093031,-99.1747574,Hipódromo,39300.0,413.6842105263158,95.0,2,2.0,0,Familiar_Chico,AltaMarg_AltaGentrif,0.830531038273375,2.0,Alta_Accesibilidad,612.7906910221533
19.2929705,-99.1059985,Olímpica,20500.0,269.7368421052632,76.0,2,2.0,0,Familiar_Chico,AltaMarg_AltaGentrif,0.830531038273375,3.0,Baja_Accesibilidad,2657.852601287295
19.3894304,-99.1550639,Narvarte Poniente,30000.0,247.93388429752065,121.0,2,2.0,0,Amplio_Ejecutivo,AltaMarg_AltaGentrif,0.830531038273375,2.0,Alta_Accesibilidad,467.69199717315405
19.3601941,-99.1668669,Benito Juárez,39000.0,390.0,100.0,3,2.0,0,Familiar_Grande,BajaMarg_AltaGentrif,0.933319961735651,1.0,Media_Accesibilidad,863.2139207818312
19.3060161,-99.1757027,Pedregal De Carrasco,39000.0,354.54545454545456,110.0,3,3.0,0,Amplio_Ejecutivo,BajaMarg_AltaGentrif,0.830531038273375,1.0,Media_Accesibilidad,1444.6141831975046
19.3670809,-99.2676836,Cuajimalpa de Morelos,29900.0,264.60176991150445,113.0,1,2.0,0,Amplio_Ejecutivo,BajaMarg_BajaGentrif,0.49427437331671703,1.0,Baja_Accesibilidad,8215.479766090382
19.4063899,-99.1755731,Hipódromo,42800.0,407.6190476190476,105.0,3,2.0,0,Amplio_Ejecutivo,AltaMarg_AltaGentrif,0.830531038273375,2.0,Alta_Accesibilidad,486.0652277645514
19.3937429,-99.178023,Nápoles,34000.0,453.3333333333333,75.0,2,3.0,0,Familiar_Chico,AltaMarg_AltaGentrif,0.830531038273375,2.0,Media_Accesibilidad,1031.3938998284486
19.4425356,-99.2102915,Miguel Hidalgo,31000.0,276.7857142857143,112.0,2,2.0,0,Amplio_Ejecutivo,BajaMarg_AltaGentrif,0.8585849060226639,1.0,Baja_Accesibilidad,2154.674897231742
19.4075756,-99.175416,Hipódromo,42800.0,407.6190476190476,105.0,3,2.0,0,Amplio_Ejecutivo,AltaMarg_AltaGentrif,0.830531038273375,2.0,Alta_Accesibilidad,514.3159629002716
19.41007,-99.1740634,Hipódromo,42800.0,407.6190476190476,105.0,3,2.0,0,Amplio_Ejecutivo,AltaMarg_AltaGentrif,0.830531038273375,2.0,Media_Accesibilidad,679.0740415164198
19.4787952,-99.1460154,Magdalena De Las Salinas,35000.0,350.0,100.0,3,2.0,0,Familiar_Grande,AltaMarg_AltaGentrif,0.830531038273375,4.0,Alta_Accesibilidad,461.67567924870326
19.4326814,-99.1599891,Cuauhtémoc,24000.0,400.0,60.0,1,1.0,0,Familiar_Chico,AltaMarg_AltaGentrif,0.830531038273375,2.0,Alta_Accesibilidad,550.9606987208829
19.3601941,-99.1668669,Benito Juárez,29000.0,362.5,80.0,1,2.0,0,Familiar_Chico,BajaMarg_AltaGentrif,0.933319961735651,1.0,Media_Accesibilidad,863.2139207818312
19.3986917,-99.1434503,Alamos,22800.0,350.7692307692308,65.0,2,2.0,0,Familiar_Chico,AltaMarg_AltaGentrif,0.830531038273375,2.0,Alta_Accesibilidad,533.6007892023703
19.4326,-99.1332,Escandón I Secc,32000.0,320.0,100.0,2,2.0,0,Familiar_Chico,AltaMarg_AltaGentrif,0.830531038273375,3.0,Alta_Accesibilidad,330.46776435848415
19.3055911,-99.1752831,836,25800.0,505.88235294117646,51.0,1,1.0,0,Familiar_Chico,BajaMarg_AltaGentrif,0.830531038273375,1.0,Media_Accesibilidad,1484.6551950054193
19.3663242,-99.1675977,Xoco,40500.0,337.5,120.0,3,2.0,0,Amplio_Ejecutivo,BajaMarg_AltaGentrif,0.830531038273375,1.0,Media_Accesibilidad,647.0921610739808
19.3465983,-99.2993588,Cuajimalpa de Morelos,27000.0,272.72727272727275,99.0,2,2.0,0,Familiar_Chico,BajaMarg_BajaGentrif,0.49427437331671703,1.0,Baja_Accesibilidad,11587.481502401353
19.3267187,-99.22256,La Magdalena Contreras,22000.0,261.9047619047619,84.0,3,1.0,0,Familiar_Grande,AltaMarg_BajaGentrif,0.3233249370829295,2.0,Baja_Accesibilidad,4231.333855803611
19.3706022,-99.1449399,Benito Juárez,16000.0,266.6666666666667,60.0,2,1.0,0,Familiar_Chico,AltaMarg_AltaGentrif,0.933319961735651,2.0,Media_Accesibilidad,728.4414685180413
19.4402177,-99.1870609,Granada,40000.0,333.3333333333333,120.0,3,2.0,0,Amplio_Ejecutivo,BajaMarg_AltaGentrif,0.830531038273375,1.0,Media_Accesibilidad,952.6075312884766
19.3775893,-99.1287791,Iztacalco,17500.0,291.6666666666667,60.0,2,1.0,0,Familiar_Chico,BajaMarg_BajaGentrif,0.7626118203348291,1.0,Media_Accesibilidad,1295.5007324209987
19.3581682,-99.272261,Cuajimalpa de Morelos,180000.0,371.1340206185567,485.0,4,5.0,0,Amplio_Familiar,BajaMarg_BajaGentrif,0.49427437331671703,1.0,Baja_Accesibilidad,8801.23140399282
19.3881071,-99.2511696,Cuajimalpa de Morelos,53000.0,384.05797101449275,138.0,3,3.0,0,Amplio_Ejecutivo,BajaMarg_BajaGentrif,0.49427437331671703,1.0,Baja_Accesibilidad,6138.247135334897
19.4497398,-99.2150977,Miguel Hidalgo,17500.0,437.5,40.0,1,1.0,0,Studio/Micro,BajaMarg_AltaGentrif,0.8585849060226639,1.0,Baja_Accesibilidad,2135.6203207866383
19.4326296,-99.1331785,Mexico City,25000.0,156.25,160.0,2,1.0,0,Amplio_Ejecutivo,AltaMarg_AltaGentrif,0.830531038273375,3.0,Alta_Accesibilidad,331.00531079168263
19.3374093,-99.2196568,Álvaro Obregón,63000.0,250.0,252.0,3,3.0,0,Amplio_Ejecutivo,AltaMarg_BajaGentrif,0.0,2.0,Baja_Accesibilidad,3631.1624220632243
19.3498606,-99.1619751,Coyoacán,18000.0,360.0,50.0,1,1.0,0,Familiar_Chico,BajaMarg_BajaGentrif,0.750956198657275,1.0,Media_Accesibilidad,1603.229439145255
19.3619356,-99.1629995,General Pedro Maria Anaya,38500.0,370.1923076923077,104.0,3,2.0,0,Amplio_Ejecutivo,BajaMarg_AltaGentrif,0.830531038273375,1.0,Media_Accesibilidad,883.0284751438222
19.4000326,-99.2380831,Miguel Hidalgo,46000.0,248.64864864864865,185.0,3,2.0,0,Amplio_Ejecutivo,BajaMarg_AltaGentrif,0.8585849060226639,1.0,Baja_Accesibilidad,4668.513651627672
19.4005527,-99.2453489,Miguel Hidalgo,12000.0,28.571428571428573,420.0,3,3.0,0,Amplio_Ejecutivo,BajaMarg_AltaGentrif,0.8585849060226639,1.0,Baja_Accesibilidad,5374.835808851259
19.382527,-99.2480389,Santa Fe,24500.0,306.25,80.0,1,1.0,0,Familiar_Chico,BajaMarg_AltaGentrif,0.830531038273375,1.0,Baja_Accesibilidad,5945.518918205572
19.393107,-99.1501539,Benito Juárez,26000.0,371.42857142857144,70.0,2,2.0,0,Familiar_Chico,AltaMarg_AltaGentrif,0.933319961735651,2.0,Alta_Accesibilidad,519.8785234577002
19.3599383,-99.1689384,Xoco,35000.0,437.5,80.0,1,1.0,0,Familiar_Chico,BajaMarg_AltaGentrif,0.830531038273375,1.0,Media_Accesibilidad,815.4043332615479
19.4036382,-99.1664946,Roma Sur,25000.0,312.5,80.0,2,2.0,0,Familiar_Chico,AltaMarg_AltaGentrif,0.830531038273375,3.0,Alta_Accesibilidad,501.09563730204934
19.3787909,-99.253229,Santa Fe,20000.0,317.46031746031747,63.0,1,1.0,0,Familiar_Chico,AltaMarg_AltaGentrif,0.830531038273375,2.0,Baja_Accesibilidad,6570.583549982898
19.3983786,-99.1583477,Narvarte Poniente,30000.0,333.3333333333333,90.0,2,2.0,0,Familiar_Chico,AltaMarg_AltaGentrif,0.830531038273375,2.0,Alta_Accesibilidad,536.9561289740113
19.3601941,-99.1668669,Benito Juárez,30000.0,319.1489361702128,94.0,2,2.0,0,Familiar_Chico,BajaMarg_AltaGentrif,0.933319961735651,1.0,Media_Accesibilidad,863.2139207818312
19.3913552,-99.2436293,Miguel Hidalgo,150000.0,362.3188405797101,414.0,3,3.0,0,Amplio_Ejecutivo,BajaMarg_AltaGentrif,0.8585849060226639,1.0,Baja_Accesibilidad,5319.46125913
19.4360737,-99.1539172,Cuauhtémoc,35000.0,257.3529411764706,136.0,2,2.0,0,Amplio_Ejecutivo,BajaMarg_AltaGentrif,0.830531038273375,1.0,Alta_Accesibilidad,248.2217711481182
19.2776447,-99.1424798,Tlalpan,25000.0,138.88888888888889,180.0,3,2.0,0,Amplio_Ejecutivo,BajaMarg_BajaGentrif,0.3919311241687132,1.0,Baja_Accesibilidad,4729.598817651246
19.4242059,-99.2244154,Lomas De Chapultepec,110000.0,305.55555555555554,360.0,3,3.0,0,Amplio_Ejecutivo,BajaMarg_AltaGentrif,0.830531038273375,1.0,Baja_Accesibilidad,3403.385182900777
19.4378458,-99.1896438,Polanco,90000.0,300.0,300.0,3,2.0,0,Amplio_Ejecutivo,BajaMarg_AltaGentrif,0.830531038273375,1.0,Media_Accesibilidad,792.8027809571427
19.4344426,-99.1539544,Tabacalera,41900.0,406.79611650485435,103.0,2,2.0,0,Amplio_Ejecutivo,BajaMarg_AltaGentrif,0.830531038273375,1.0,Alta_Accesibilidad,300.00983154783586
19.3890898,-99.1743711,Del Valle Sur,38000.0,422.22222222222223,90.0,2,2.0,0,Familiar_Chico,BajaMarg_AltaGentrif,0.830531038273375,1.0,Media_Accesibilidad,993.948031878585
19.3865976,-99.2651314,Cuajimalpa de Morelos,90000.0,370.3703703703704,243.0,3,3.0,0,Amplio_Ejecutivo,AltaMarg_BajaGentrif,0.49427437331671703,2.0,Baja_Accesibilidad,7561.408566643877
19.3444911,-99.2023109,Altavista,40000.0,200.0,200.0,3,4.0,0,Amplio_Ejecutivo,BajaMarg_AltaGentrif,0.830531038273375,1.0,Baja_Accesibilidad,1851.2954327968816
19.43353,-99.190915,Miguel Hidalgo,85000.0,429.2929292929293,198.0,2,2.0,0,Amplio_Ejecutivo,BajaMarg_AltaGentrif,0.8585849060226639,1.0,Alta_Accesibilidad,444.2627964713553
19.3610393,-99.2612571,Mexico City,26000.0,305.88235294117646,85.0,2,2.0,0,Familiar_Chico,BajaMarg_AltaGentrif,0.830531038273375,1.0,Baja_Accesibilidad,7697.6116628461195
19.3370667,-99.2021996,Álvaro Obregón,50000.0,270.27027027027026,185.0,3,3.0,0,Amplio_Ejecutivo,BajaMarg_BajaGentrif,0.0,1.0,Baja_Accesibilidad,1882.7732555829143
19.3928553,-99.1751451,Nápoles,35000.0,212.12121212121212,165.0,3,3.0,0,Amplio_Ejecutivo,AltaMarg_AltaGentrif,0.830531038273375,2.0,Media_Accesibilidad,1075.9891928897275
19.3636966,-99.2905851,Jesús Del Monte,11500.0,169.11764705882354,68.0,2,2.0,0,Familiar_Chico,AltaMarg_AltaGentrif,0.830531038273375,3.0,Baja_Accesibilidad,10537.569685757928
19.4385126,-99.1637043,San Rafael,25000.0,308.641975308642,81.0,2,2.0,0,Familiar_Chico,AltaMarg_AltaGentrif,0.830531038273375,3.0,Media_Accesibilidad,651.8700136134872
19.4378458,-99.1896438,Miguel Hidalgo,75000.0,187.5,400.0,3,2.0,0,Amplio_Ejecutivo,BajaMarg_AltaGentrif,0.8585849060226639,1.0,Media_Accesibilidad,792.8027809571427
19.3881071,-99.2511696,Cuajimalpa de Morelos,65000.0,185.71428571428572,350.0,2,2.0,0,Amplio_Ejecutivo,BajaMarg_BajaGentrif,0.49427437331671703,1.0,Baja_Accesibilidad,6138.247135334897
19.4278877,-99.1329862,Cuauhtémoc,15500.0,310.0,50.0,1,1.0,0,Familiar_Chico,AltaMarg_AltaGentrif,0.830531038273375,3.0,Alta_Accesibilidad,330.3833073852485
19.3723233,-99.1836682,Benito Juárez,45000.0,215.311004784689,209.0,3,2.0,0,Amplio_Ejecutivo,BajaMarg_AltaGentrif,0.933319961735651,1.0,Alta_Accesibilidad,452.01841518129004
19.3822554,-99.2551064,Granjas Palo Alto,17800.0,240.54054054054055,74.0,2,1.0,0,Familiar_Chico,AltaMarg_AltaGentrif,0.830531038273375,2.0,Baja_Accesibilidad,6664.566768380073
19.429232,-99.1810604,Rincón Del Bosque,150000.0,414.3646408839779,362.0,3,3.0,0,Amplio_Ejecutivo,BajaMarg_AltaGentrif,0.830531038273375,1.0,Media_Accesibilidad,725.5296040503538
19.3530225,-99.2767967,Contadero,30000.0,375.0,80.0,2,1.0,0,Familiar_Chico,BajaMarg_AltaGentrif,0.830531038273375,1.0,Baja_Accesibilidad,9234.28874557487
19.3983786,-99.1583477,Narvarte Poniente,30000.0,333.3333333333333,90.0,2,2.0,0,Familiar_Chico,AltaMarg_AltaGentrif,0.830531038273375,2.0,Alta_Accesibilidad,536.9561289740113
19.3581682,-99.272261,Cuajimalpa de Morelos,58000.0,483.3333333333333,120.0,2,2.0,0,Amplio_Ejecutivo,BajaMarg_BajaGentrif,0.49427437331671703,1.0,Baja_Accesibilidad,8801.23140399282
19.3881071,-99.2511696,Cuajimalpa de Morelos,59000.0,297.979797979798,198.0,3,3.0,0,Amplio_Ejecutivo,BajaMarg_BajaGentrif,0.49427437331671703,1.0,Baja_Accesibilidad,6138.247135334897
19.3610393,-99.2612571,Cuajimalpa de Morelos,70000.0,285.7142857142857,245.0,3,2.0,0,Amplio_Ejecutivo,BajaMarg_BajaGentrif,0.49427437331671703,1.0,Baja_Accesibilidad,7697.6116628461195
19.3614286,-99.1945291,Los Alpes,24000.0,369.2307692307692,65.0,1,1.0,0,Familiar_Chico,AltaMarg_AltaGentrif,0.830531038273375,2.0,Media_Accesibilidad,972.6488753351032
19.4093714,-99.1712126,Cuauhtémoc,62000.0,476.9230769230769,130.0,2,2.0,0,Amplio_Ejecutivo,AltaMarg_AltaGentrif,0.830531038273375,2.0,Alta_Accesibilidad,514.202520508241
19.43353,-99.190915,Miguel Hidalgo,70000.0,321.10091743119267,218.0,2,2.0,0,Amplio_Ejecutivo,BajaMarg_AltaGentrif,0.8585849060226639,1.0,Alta_Accesibilidad,444.2627964713553
19.4183227,-99.1625655,Cuauhtémoc,38000.0,333.3333333333333,114.0,1,1.0,0,Amplio_Ejecutivo,AltaMarg_AltaGentrif,0.830531038273375,2.0,Alta_Accesibilidad,451.54832230219273
19.43353,-99.190915,Miguel Hidalgo,75000.0,309.91735537190084,242.0,3,2.0,0,Amplio_Ejecutivo,BajaMarg_AltaGentrif,0.8585849060226639,1.0,Alta_Accesibilidad,444.2627964713553
19.3831073,-99.2541091,Cuajimalpa de Morelos,53000.0,384.05797101449275,138.0,3,3.0,0,Amplio_Ejecutivo,AltaMarg_BajaGentrif,0.49427437331671703,2.0,Baja_Accesibilidad,6543.643729094242
19.4326296,-99.1331785,Cuauhtémoc,36000.0,467.53246753246754,77.0,2,2.0,0,Familiar_Chico,AltaMarg_AltaGentrif,0.830531038273375,3.0,Alta_Accesibilidad,331.00531079168263
19.4402557,-99.1926322,Miguel Hidalgo,43000.0,307.14285714285717,140.0,3,2.0,0,Amplio_Ejecutivo,BajaMarg_AltaGentrif,0.8585849060226639,1.0,Media_Accesibilidad,926.8825185861144
19.3698638,-99.1609858,Benito Juárez,35900.0,478.6666666666667,75.0,2,2.0,0,Familiar_Chico,BajaMarg_AltaGentrif,0.933319961735651,1.0,Alta_Accesibilidad,206.6644260086566
19.2008222,-99.163652,700,30700.0,438.57142857142856,70.0,2,2.0,0,Familiar_Chico,AltaMarg_AltaGentrif,0.830531038273375,3.0,Baja_Accesibilidad,11817.262790108678
19.154436,-99.1628046,160,36200.0,509.85915492957747,71.0,2,2.0,0,Familiar_Chico,BajaMarg_AltaGentrif,0.830531038273375,0.0,Baja_Accesibilidad,16934.0262818865
19.4402557,-99.1926322,Miguel Hidalgo,46700.0,491.57894736842104,95.0,2,2.0,0,Familiar_Chico,BajaMarg_AltaGentrif,0.8585849060226639,1.0,Media_Accesibilidad,926.8825185861144
19.3687441,-99.250823,Álvaro Obregón,140000.0,312.5,448.0,4,4.0,0,Amplio_Familiar,BajaMarg_BajaGentrif,0.0,1.0,Baja_Accesibilidad,6556.084866145813
19.4403884,-99.185332,Granada,38000.0,387.7551020408163,98.0,2,2.0,0,Familiar_Chico,BajaMarg_AltaGentrif,0.830531038273375,1.0,Media_Accesibilidad,979.7265268519332
19.3863725,-99.2521032,Bosques De Las Lomas,90000.0,272.72727272727275,330.0,3,3.0,0,Amplio_Ejecutivo,BajaMarg_AltaGentrif,0.830531038273375,1.0,Baja_Accesibilidad,6266.289453499079
19.4332704,-99.1476839,Cuauhtémoc,37000.0,480.5194805194805,77.0,2,2.0,0,Familiar_Chico,BajaMarg_AltaGentrif,0.830531038273375,1.0,Alta_Accesibilidad,135.35499198714845
19.3855195,-99.2503349,Cuajimalpa de Morelos,37000.0,352.3809523809524,105.0,2,2.0,0,Amplio_Ejecutivo,AltaMarg_BajaGentrif,0.49427437331671703,2.0,Baja_Accesibilidad,6105.9838691487275
19.3572429,-99.2996246,Cuajimalpa de Morelos,16500.0,330.0,50.0,1,1.0,0,Familiar_Chico,AltaMarg_BajaGentrif,0.49427437331671703,3.0,Baja_Accesibilidad,11517.47570534808
19.3913552,-99.2436293,Miguel Hidalgo,27500.0,392.85714285714283,70.0,1,1.0,0,Familiar_Chico,BajaMarg_AltaGentrif,0.8585849060226639,1.0,Baja_Accesibilidad,5319.46125913
19.4132121,-99.1674652,Hipódromo,98000.0,356.3636363636364,275.0,2,4.0,0,Amplio_Ejecutivo,AltaMarg_AltaGentrif,0.830531038273375,2.0,Alta_Accesibilidad,514.5074550957461
19.3914555,-99.1563683,Narvarte Poniente,27000.0,337.5,80.0,2,2.0,0,Familiar_Chico,AltaMarg_AltaGentrif,0.830531038273375,2.0,Alta_Accesibilidad,455.3348959342418
19.43353,-99.190915,Miguel Hidalgo,72000.0,480.0,150.0,2,2.0,0,Amplio_Ejecutivo,BajaMarg_AltaGentrif,0.8585849060226639,1.0,Alta_Accesibilidad,444.2627964713553
19.3871293,-99.2432802,Lomas De Santa Fe,40000.0,434.7826086956522,92.0,2,2.0,0,Familiar_Chico,BajaMarg_AltaGentrif,0.830531038273375,1.0,Baja_Accesibilidad,5359.501535609808
19.4387425,-99.155891,Tabacalera,18500.0,462.5,40.0,1,1.0,0,Studio/Micro,BajaMarg_AltaGentrif,0.830531038273375,1.0,Alta_Accesibilidad,265.6496356927578
19.3308418,-99.2482719,Álvaro Obregón,24600.0,307.5,80.0,2,2.0,0,Familiar_Chico,AltaMarg_BajaGentrif,0.0,4.0,Baja_Accesibilidad,6614.885793336905
19.4129253,-99.1053163,Jardín Balbuena,12000.0,196.72131147540983,61.0,2,1.0,0,Familiar_Chico,AltaMarg_AltaGentrif,0.830531038273375,2.0,Alta_Accesibilidad,521.4667085825466
19.4905228,-99.1807524,Parque San Andrés,19800.0,247.5,80.0,2,1.0,0,Familiar_Chico,AltaMarg_AltaGentrif,0.830531038273375,5.0,Media_Accesibilidad,844.2611478311718
19.4326,-99.1332,Centro Histórico De La Cdad. De México,18000.0,214.28571428571428,84.0,3,2.0,0,Familiar_Grande,AltaMarg_AltaGentrif,0.830531038273375,3.0,Alta_Accesibilidad,330.46776435848415
19.4326,-99.1332,Escandón I Secc,21000.0,269.2307692307692,78.0,3,2.0,0,Familiar_Grande,AltaMarg_AltaGentrif,0.830531038273375,3.0,Alta_Accesibilidad,330.46776435848415
19.3034693,-99.16528,El Caracol,30000.0,348.83720930232556,86.0,2,2.0,0,Familiar_Chico,AltaMarg_AltaGentrif,0.830531038273375,2.0,Baja_Accesibilidad,1990.3708377422724
19.4005527,-99.2453489,Bosque De Las Lomas,90000.0,329.6703296703297,273.0,3,4.0,0,Amplio_Ejecutivo,BajaMarg_AltaGentrif,0.830531038273375,1.0,Baja_Accesibilidad,5374.835808851259
19.409296,-99.1733036,Hipódromo,60000.0,352.94117647058823,170.0,3,2.0,0,Amplio_Ejecutivo,AltaMarg_AltaGentrif,0.830531038273375,2.0,Media_Accesibilidad,643.2762807094898
19.4097806,-99.167268,Hipódromo,45000.0,333.3333333333333,135.0,3,2.0,0,Amplio_Ejecutivo,AltaMarg_AltaGentrif,0.830531038273375,2.0,Alta_Accesibilidad,351.6383053606496
19.3348794,-99.2004274,Tizapán San Ángel,35000.0,350.0,100.0,3,3.0,0,Familiar_Grande,BajaMarg_AltaGentrif,0.830531038273375,1.0,Baja_Accesibilidad,1799.0615157412758
19.3890898,-99.1743711,Col Del Valle Sur,35000.0,388.8888888888889,90.0,2,2.0,0,Familiar_Chico,BajaMarg_AltaGentrif,0.830531038273375,1.0,Media_Accesibilidad,993.948031878585
19.3610393,-99.2612571,Mexico City,90000.0,375.0,240.0,3,3.0,0,Amplio_Ejecutivo,BajaMarg_AltaGentrif,0.830531038273375,1.0,Baja_Accesibilidad,7697.6116628461195
19.3529532,-99.2746838,Santa Fe,25000.0,250.0,100.0,2,2.0,0,Familiar_Chico,BajaMarg_AltaGentrif,0.830531038273375,1.0,Baja_Accesibilidad,9014.388828843508
19.3865976,-99.2651314,Mexico City,28000.0,277.2277227722772,101.0,2,2.0,0,Amplio_Ejecutivo,AltaMarg_AltaGentrif,0.830531038273375,2.0,Baja_Accesibilidad,7561.408566643877
19.3641175,-99.188418,San José Insurgentes,25500.0,212.5,120.0,1,2.0,0,Amplio_Ejecutivo,BajaMarg_AltaGentrif,0.830531038273375,1.0,Alta_Accesibilidad,597.9564884323902
19.3688648,-99.2585255,Santa Fe,60000.0,352.94117647058823,170.0,3,4.0,0,Amplio_Ejecutivo,BajaMarg_AltaGentrif,0.830531038273375,1.0,Baja_Accesibilidad,7296.016020853473
19.4344164,-99.1866064,Chapultepec Morales,45000.0,375.0,120.0,2,2.0,0,Amplio_Ejecutivo,BajaMarg_AltaGentrif,0.830531038273375,1.0,Media_Accesibilidad,641.7613690557328
19.4326,-99.1332,Amp Granada,27000.0,337.5,80.0,2,2.0,0,Familiar_Chico,AltaMarg_AltaGentrif,0.830531038273375,3.0,Alta_Accesibilidad,330.46776435848415
19.4670752,-99.1591816,Col Del Gas,16900.0,241.42857142857142,70.0,2,2.0,0,Familiar_Chico,AltaMarg_AltaGentrif,0.830531038273375,2.0,Baja_Accesibilidad,1635.4888289985665
19.3465983,-99.2993588,Contadero,30000.0,300.0,100.0,2,2.0,0,Familiar_Chico,BajaMarg_AltaGentrif,0.830531038273375,1.0,Baja_Accesibilidad,11587.481502401353
19.3267187,-99.22256,Mexico City,53000.0,231.4410480349345,229.0,2,2.0,0,Amplio_Ejecutivo,AltaMarg_AltaGentrif,0.830531038273375,2.0,Baja_Accesibilidad,4231.333855803611
19.3348794,-99.2004274,Tizapán San Ángel,9000.0,375.0,24.0,1,1.0,0,Studio/Micro,BajaMarg_AltaGentrif,0.830531038273375,1.0,Baja_Accesibilidad,1799.0615157412758
19.3905208,-99.1579016,Narvarte Poniente,22000.0,275.0,80.0,2,2.0,0,Familiar_Chico,AltaMarg_AltaGentrif,0.830531038273375,3.0,Alta_Accesibilidad,537.3083925162549
19.4326296,-99.1331785,Cuauhtémoc,13000.0,216.66666666666666,60.0,1,1.0,0,Familiar_Chico,AltaMarg_AltaGentrif,0.830531038273375,3.0,Alta_Accesibilidad,331.00531079168263
19.3837691,-99.1669696,Col Del Valle Centro,37500.0,334.82142857142856,112.0,2,2.0,0,Amplio_Ejecutivo,BajaMarg_AltaGentrif,0.830531038273375,1.0,Media_Accesibilidad,1003.5780750527695
19.432691,-99.1462578,Colonia Centro,28700.0,350.0,82.0,2,2.0,0,Familiar_Chico,BajaMarg_AltaGentrif,0.830531038273375,1.0,Alta_Accesibilidad,237.38001939968632
19.3849371,-99.2363943,Sta Fé,20000.0,333.3333333333333,60.0,1,1.0,0,Familiar_Chico,AltaMarg_AltaGentrif,0.830531038273375,3.0,Baja_Accesibilidad,4719.076035091715
19.4288319,-99.1586417,Juárez,39500.0,438.8888888888889,90.0,2,2.0,0,Familiar_Chico,AltaMarg_AltaGentrif,0.830531038273375,2.0,Alta_Accesibilidad,401.1756266984646
19.3958889,-99.1564824,Narvarte Poniente,22000.0,293.3333333333333,75.0,2,2.0,0,Familiar_Chico,AltaMarg_AltaGentrif,0.830531038273375,3.0,Alta_Accesibilidad,282.7726723018749
19.4380667,-99.1918511,Granada,60000.0,500.0,120.0,3,3.0,0,Amplio_Ejecutivo,BajaMarg_AltaGentrif,0.830531038273375,1.0,Media_Accesibilidad,835.1911600313631
19.4326,-99.1332,Honorable Congreso De La Unión 66,9000.0,200.0,45.0,1,1.0,0,Studio/Micro,AltaMarg_AltaGentrif,0.830531038273375,3.0,Alta_Accesibilidad,330.46776435848415
19.3248437,-99.1498496,Huayamilpas,13500.0,228.8135593220339,59.0,2,1.0,0,Familiar_Chico,AltaMarg_AltaGentrif,0.830531038273375,4.0,Baja_Accesibilidad,2449.0349452805976
19.343578,-99.1345676,Campestre Churubusco,9300.0,186.0,50.0,1,1.0,0,Familiar_Chico,AltaMarg_AltaGentrif,0.830531038273375,2.0,Media_Accesibilidad,1017.1469771757847
19.4976072,-99.1751954,Granjas México,13500.0,146.7391304347826,92.0,2,1.0,0,Familiar_Chico,AltaMarg_AltaGentrif,0.830531038273375,3.0,Media_Accesibilidad,933.0224169268329
19.407831,-99.1641813,Roma Sur,38000.0,361.9047619047619,105.0,3,2.0,0,Amplio_Ejecutivo,AltaMarg_AltaGentrif,0.830531038273375,3.0,Alta_Accesibilidad,506.4538017611199
19.3718796,-99.157701,Benito Juárez,28000.0,233.33333333333334,120.0,3,3.0,0,Amplio_Ejecutivo,BajaMarg_AltaGentrif,0.933319961735651,1.0,Alta_Accesibilidad,222.7089106297116
19.3610393,-99.2612571,Santa Fe,37000.0,370.0,100.0,1,1.0,0,Familiar_Chico,BajaMarg_AltaGentrif,0.830531038273375,1.0,Baja_Accesibilidad,7697.6116628461195
19.4084834,-99.1737383,Hipódromo,43100.0,266.04938271604937,162.0,3,3.0,0,Amplio_Ejecutivo,AltaMarg_AltaGentrif,0.830531038273375,2.0,Alta_Accesibilidad,625.1856448634237
19.306818,-99.0712268,Ignacio Zaragoza,13600.0,170.0,80.0,2,1.0,0,Familiar_Chico,AltaMarg_AltaGentrif,0.830531038273375,5.0,Baja_Accesibilidad,1822.6402129988767
19.4005527,-99.2453489,Bosque De Las Lomas,45700.0,304.6666666666667,150.0,2,1.0,0,Amplio_Ejecutivo,BajaMarg_AltaGentrif,0.830531038273375,1.0,Baja_Accesibilidad,5374.835808851259
19.3718796,-99.157701,Benito Juárez,38000.0,316.6666666666667,120.0,3,2.0,0,Amplio_Ejecutivo,BajaMarg_AltaGentrif,0.933319961735651,1.0,Alta_Accesibilidad,222.7089106297116
19.377855,-99.1663303,Del Valle Centro,30000.0,300.0,100.0,2,1.0,0,Familiar_Chico,BajaMarg_AltaGentrif,0.830531038273375,1.0,Media_Accesibilidad,732.34623483206
19.4326,-99.1332,Roma Nte.,32000.0,177.77777777777777,180.0,3,2.0,0,Amplio_Ejecutivo,AltaMarg_AltaGentrif,0.830531038273375,3.0,Alta_Accesibilidad,330.46776435848415
19.43353,-99.190915,Miguel Hidalgo,6000.0,28.571428571428573,210.0,3,3.0,0,Amplio_Ejecutivo,BajaMarg_AltaGentrif,0.8585849060226639,1.0,Alta_Accesibilidad,444.2627964713553
19.3905208,-99.1579016,Narvarte Poniente,42000.0,350.0,120.0,3,1.0,0,Amplio_Ejecutivo,AltaMarg_AltaGentrif,0.830531038273375,3.0,Alta_Accesibilidad,537.3083925162549
19.4045642,-99.0695045,Iztacalco,10500.0,164.0625,64.0,2,2.0,0,Familiar_Chico,AltaMarg_BajaGentrif,0.7626118203348291,4.0,Alta_Accesibilidad,615.6066113398099
19.4277745,-99.1869775,Miguel Hidalgo,75000.0,326.0869565217391,230.0,3,2.0,0,Amplio_Ejecutivo,BajaMarg_AltaGentrif,0.8585849060226639,1.0,Alta_Accesibilidad,553.7045417529963
19.3581682,-99.272261,Cuajimalpa de Morelos,37000.0,370.0,100.0,2,2.0,0,Familiar_Chico,BajaMarg_BajaGentrif,0.49427437331671703,1.0,Baja_Accesibilidad,8801.23140399282
19.3769798,-99.2751709,Cuajimalpa de Morelos,43400.0,289.3333333333333,150.0,2,2.0,0,Amplio_Ejecutivo,BajaMarg_BajaGentrif,0.49427437331671703,1.0,Baja_Accesibilidad,8827.08723508779
19.2997079,-99.1481247,Sta. Úrsula Coapa,8000.0,106.66666666666667,75.0,2,2.0,0,Familiar_Chico,AltaMarg_AltaGentrif,0.830531038273375,3.0,Baja_Accesibilidad,3365.3499825776075
19.3905208,-99.1579016,Narvarte Poniente,17000.0,212.5,80.0,2,1.0,0,Familiar_Chico,AltaMarg_AltaGentrif,0.830531038273375,3.0,Alta_Accesibilidad,537.3083925162549
19.3682616,-99.1492813,Benito Juárez,19000.0,250.0,76.0,2,2.0,0,Familiar_Chico,AltaMarg_AltaGentrif,0.933319961735651,2.0,Media_Accesibilidad,804.676358203388
19.3610393,-99.2612571,Álvaro Obregón,48000.0,292.6829268292683,164.0,3,2.0,0,Amplio_Ejecutivo,BajaMarg_BajaGentrif,0.0,1.0,Baja_Accesibilidad,7697.6116628461195
19.4231099,-99.2033351,Miguel Hidalgo,15500.0,442.85714285714283,35.0,1,1.0,0,Studio/Micro,BajaMarg_AltaGentrif,0.8585849060226639,1.0,Media_Accesibilidad,1288.5213892476736
19.3446449,-99.1924105,Álvaro Obregón,32000.0,426.6666666666667,75.0,2,2.0,0,Familiar_Chico,BajaMarg_BajaGentrif,0.0,1.0,Media_Accesibilidad,961.4359200922412
19.4045642,-99.0695045,Iztacalco,10300.0,137.33333333333334,75.0,2,1.0,0,Familiar_Chico,AltaMarg_BajaGentrif,0.7626118203348291,4.0,Alta_Accesibilidad,615.6066113398099
19.3179885,-99.2203142,Álvaro Obregón,35000.0,380.4347826086956,92.0,3,2.0,0,Familiar_Grande,BajaMarg_BajaGentrif,0.0,1.0,Baja_Accesibilidad,4218.059341189047
19.3571338,-99.273907,Cuajimalpa de Morelos,60000.0,348.83720930232556,172.0,3,4.0,0,Amplio_Ejecutivo,BajaMarg_BajaGentrif,0.49427437331671703,1.0,Baja_Accesibilidad,8961.119731694424
19.3881071,-99.2511696,Cuajimalpa de Morelos,70000.0,222.9299363057325,314.0,3,3.0,0,Amplio_Ejecutivo,BajaMarg_BajaGentrif,0.49427437331671703,1.0,Baja_Accesibilidad,6138.247135334897
19.4183227,-99.1625655,Cuauhtémoc,45000.0,409.09090909090907,110.0,2,2.0,0,Amplio_Ejecutivo,AltaMarg_AltaGentrif,0.830531038273375,2.0,Alta_Accesibilidad,451.54832230219273
19.43353,-99.190915,Miguel Hidalgo,70000.0,437.5,160.0,3,2.0,0,Amplio_Ejecutivo,BajaMarg_AltaGentrif,0.8585849060226639,1.0,Alta_Accesibilidad,444.2627964713553
19.4093714,-99.1712126,Cuauhtémoc,25000.0,500.0,50.0,1,1.0,0,Familiar_Chico,AltaMarg_AltaGentrif,0.830531038273375,2.0,Alta_Accesibilidad,514.202520508241
19.3571338,-99.273907,Cuajimalpa de Morelos,58000.0,371.79487179487177,156.0,3,3.0,0,Amplio_Ejecutivo,BajaMarg_BajaGentrif,0.49427437331671703,1.0,Baja_Accesibilidad,8961.119731694424
19.3571105,-99.2734667,Cuajimalpa de Morelos,60000.0,348.83720930232556,172.0,3,3.0,0,Amplio_Ejecutivo,BajaMarg_BajaGentrif,0.49427437331671703,1.0,Baja_Accesibilidad,8915.29096984029
19.4449101,-99.1451728,Cuauhtémoc,17800.0,356.0,50.0,2,2.0,0,Familiar_Chico,AltaMarg_AltaGentrif,0.830531038273375,4.0,Alta_Accesibilidad,179.18467851541396
19.3100686,-99.2290272,La Magdalena Contreras,22500.0,150.0,150.0,3,2.0,0,Amplio_Ejecutivo,BajaMarg_BajaGentrif,0.3233249370829295,1.0,Baja_Accesibilidad,5230.54629241303
19.4326296,-99.1331785,Cuauhtémoc,52000.0,433.3333333333333,120.0,2,2.0,0,Amplio_Ejecutivo,AltaMarg_AltaGentrif,0.830531038273375,3.0,Alta_Accesibilidad,331.00531079168263
19.3682616,-99.1492813,Benito Juárez,23200.0,236.73469387755102,98.0,2,2.0,0,Familiar_Chico,AltaMarg_AltaGentrif,0.933319961735651,2.0,Media_Accesibilidad,804.676358203388
19.3631581,-99.2779741,Cuajimalpa de Morelos,23000.0,460.0,50.0,1,1.0,0,Familiar_Chico,BajaMarg_BajaGentrif,0.49427437331671703,1.0,Baja_Accesibilidad,9292.950761354577
19.3414132,-99.2290294,Tetelpan,73000.0,157.6673866090713,463.0,4,4.0,0,Amplio_Familiar,AltaMarg_AltaGentrif,0.830531038273375,3.0,Baja_Accesibilidad,4411.07633971392
19.4827949,-99.1133606,Mexico City,30000.0,200.0,150.0,3,3.0,0,Amplio_Ejecutivo,BajaMarg_AltaGentrif,0.830531038273375,1.0,Alta_Accesibilidad,325.0647666836822
19.4194786,-99.1600985,Roma Norte,50000.0,406.5040650406504,123.0,2,2.0,0,Amplio_Ejecutivo,AltaMarg_AltaGentrif,0.830531038273375,2.0,Alta_Accesibilidad,510.1320014274145
19.4112541,-99.1242572,Lorenzo Boturini,8000.0,126.98412698412699,63.0,1,1.0,0,Familiar_Chico,BajaMarg_AltaGentrif,0.830531038273375,1.0,Alta_Accesibilidad,546.4432200627921
19.4135386,-99.1277437,Artes Gráficas,13500.0,254.71698113207546,53.0,2,1.0,0,Familiar_Chico,BajaMarg_AltaGentrif,0.830531038273375,1.0,Media_Accesibilidad,669.1415168990925
19.3678753,-99.2976727,Mexico City,29500.0,197.98657718120805,149.0,3,2.0,0,Amplio_Ejecutivo,AltaMarg_AltaGentrif,0.830531038273375,2.0,Baja_Accesibilidad,11196.804616101124
19.3937697,-99.1766017,Mexico City,25000.0,500.0,50.0,1,1.0,0,Familiar_Chico,AltaMarg_AltaGentrif,0.830531038273375,2.0,Media_Accesibilidad,1067.206073103423
19.3445233,-99.1754469,Romero De Terreros,17500.0,250.0,70.0,3,1.0,0,Familiar_Grande,BajaMarg_AltaGentrif,0.830531038273375,1.0,Media_Accesibilidad,728.7029604238402
19.3267187,-99.22256,San Jerónimo Lídice,13000.0,260.0,50.0,1,1.0,0,Familiar_Chico,AltaMarg_AltaGentrif,0.830531038273375,2.0,Baja_Accesibilidad,4231.333855803611
19.4329927,-99.2041423,Polanco,98000.0,408.3333333333333,240.0,3,3.0,0,Amplio_Ejecutivo,BajaMarg_AltaGentrif,0.830531038273375,1.0,Media_Accesibilidad,1391.3015060480338
19.2631898,-99.1341468,Xochimilco,10000.0,333.3333333333333,30.0,1,1.0,0,Studio/Micro,AltaMarg_BajaGentrif,0.5681953697835378,3.0,Baja_Accesibilidad,5700.232467006437
19.4214424,-99.14322,Doctores,20000.0,400.0,50.0,2,1.0,0,Familiar_Chico,BajaMarg_AltaGentrif,0.830531038273375,1.0,Alta_Accesibilidad,290.36036634838484
19.3906515,-99.1952423,Álvaro Obregón,24500.0,245.0,100.0,2,2.0,0,Familiar_Chico,BajaMarg_BajaGentrif,0.0,1.0,Media_Accesibilidad,1310.5121766298066
19.3438879,-99.2625714,Álvaro Obregón,38000.0,245.16129032258064,155.0,3,2.0,0,Amplio_Ejecutivo,BajaMarg_BajaGentrif,0.0,1.0,Baja_Accesibilidad,7781.579048427279
19.3581682,-99.272261,Cuajimalpa de Morelos,49000.0,429.82456140350877,114.0,2,2.0,0,Amplio_Ejecutivo,BajaMarg_BajaGentrif,0.49427437331671703,1.0,Baja_Accesibilidad,8801.23140399282
19.3975105,-99.2506571,Bosques De Las Lomas,90000.0,234.98694516971278,383.0,3,3.0,0,Amplio_Ejecutivo,BajaMarg_AltaGentrif,0.830531038273375,1.0,Baja_Accesibilidad,5924.118912996454
19.3631581,-99.2779741,Cuajimalpa de Morelos,35000.0,411.7647058823529,85.0,2,2.0,0,Familiar_Chico,BajaMarg_BajaGentrif,0.49427437331671703,1.0,Baja_Accesibilidad,9292.950761354577
19.376663,-99.17658,Benito Juárez,45000.0,225.0,200.0,3,3.0,0,Amplio_Ejecutivo,BajaMarg_AltaGentrif,0.933319961735651,1.0,Alta_Accesibilidad,365.53791440750985
19.43353,-99.190915,Polanco,75000.0,326.0869565217391,230.0,3,2.0,0,Amplio_Ejecutivo,BajaMarg_AltaGentrif,0.830531038273375,1.0,Alta_Accesibilidad,444.2627964713553
19.3581682,-99.272261,Cuajimalpa de Morelos,55000.0,392.85714285714283,140.0,3,2.0,0,Amplio_Ejecutivo,BajaMarg_BajaGentrif,0.49427437331671703,1.0,Baja_Accesibilidad,8801.23140399282
19.4106655,-99.2431411,Bosques De Las Lomas,28000.0,383.56164383561645,73.0,2,1.0,0,Familiar_Chico,BajaMarg_AltaGentrif,0.830531038273375,1.0,Baja_Accesibilidad,5204.597023628339
19.3867834,-99.2407804,Lomas De Santa Fe,29800.0,202.72108843537416,147.0,2,2.0,0,Amplio_Ejecutivo,BajaMarg_AltaGentrif,0.830531038273375,1.0,Baja_Accesibilidad,5113.972982935484
19.4005527,-99.2453489,Bosque De Las Lomas,27000.0,385.7142857142857,70.0,1,1.0,0,Familiar_Chico,BajaMarg_AltaGentrif,0.830531038273375,1.0,Baja_Accesibilidad,5374.835808851259
19.4183227,-99.1625655,Roma Norte,31900.0,398.75,80.0,2,1.0,0,Familiar_Chico,AltaMarg_AltaGentrif,0.830531038273375,2.0,Alta_Accesibilidad,451.54832230219273
19.43353,-99.190915,Polanco,120000.0,474.30830039525694,253.0,3,2.0,0,Amplio_Ejecutivo,BajaMarg_AltaGentrif,0.830531038273375,1.0,Alta_Accesibilidad,444.2627964713553
19.4343524,-99.164216,San Rafael,37200.0,476.9230769230769,78.0,2,2.0,0,Familiar_Chico,AltaMarg_AltaGentrif,0.830531038273375,2.0,Media_Accesibilidad,733.8088026752155
19.4402177,-99.1870609,Granada,22500.0,330.88235294117646,68.0,1,1.0,0,Familiar_Chico,BajaMarg_AltaGentrif,0.830531038273375,1.0,Media_Accesibilidad,952.6075312884766
19.4326296,-99.1331785,Cuauhtémoc,31000.0,430.55555555555554,72.0,2,2.0,0,Familiar_Chico,AltaMarg_AltaGentrif,0.830531038273375,3.0,Alta_Accesibilidad,331.00531079168263
19.4377311,-99.1637305,San Rafael,32000.0,304.76190476190476,105.0,1,2.0,0,Amplio_Ejecutivo,AltaMarg_AltaGentrif,0.830531038273375,3.0,Media_Accesibilidad,665.6127736492067
19.4442963,-99.202542,Miguel Hidalgo,33000.0,336.734693877551,98.0,2,2.0,0,Familiar_Chico,BajaMarg_AltaGentrif,0.8585849060226639,1.0,Media_Accesibilidad,1558.2228235079954
19.3043066,-99.1200004,Coyoacán,15500.0,193.75,80.0,2,1.0,0,Familiar_Chico,BajaMarg_BajaGentrif,0.750956198657275,1.0,Baja_Accesibilidad,2392.0529387139177
19.3419761,-99.2797931,Cuajimalpa de Morelos,145000.0,381.57894736842104,380.0,4,4.0,0,Amplio_Familiar,AltaMarg_BajaGentrif,0.49427437331671703,4.0,Baja_Accesibilidad,9582.832687803086
19.4437265,-99.2060843,Miguel Hidalgo,19800.0,495.0,40.0,1,1.0,0,Studio/Micro,BajaMarg_AltaGentrif,0.8585849060226639,1.0,Baja_Accesibilidad,1829.2845695263106
19.3720111,-99.1811443,Insurgentes Mixcoac,32000.0,273.5042735042735,117.0,1,2.0,0,Amplio_Ejecutivo,BajaMarg_AltaGentrif,0.830531038273375,1.0,Alta_Accesibilidad,332.77646392659756
19.2688805,-99.1659885,Colonia San Pedro Martir,7500.0,107.14285714285714,70.0,1,1.0,0,Familiar_Chico,AltaMarg_AltaGentrif,0.830531038273375,5.0,Baja_Accesibilidad,4357.779117491186
19.4326296,-99.1331785,Cuauhtémoc,38000.0,292.3076923076923,130.0,3,2.0,0,Amplio_Ejecutivo,AltaMarg_AltaGentrif,0.830531038273375,3.0,Alta_Accesibilidad,331.00531079168263
19.3921085,-99.1990176,Bosques De Santa Fe,37000.0,352.3809523809524,105.0,2,2.0,0,Amplio_Ejecutivo,BajaMarg_AltaGentrif,0.830531038273375,1.0,Media_Accesibilidad,1272.783059373658
19.3559895,-99.0856882,Iztapalapa,7000.0,250.0,28.0,1,1.0,0,Studio/Micro,BajaMarg_AltaGentrif,1.0,1.0,Media_Accesibilidad,1306.0503895370607
19.3698638,-99.1609858,Benito Juárez,15000.0,319.1489361702128,47.0,2,1.0,0,Studio/Micro,BajaMarg_AltaGentrif,0.933319961735651,1.0,Alta_Accesibilidad,206.6644260086566
19.4852314,-99.2087011,San Juan Tlihuaca,12500.0,186.56716417910448,67.0,3,2.0,0,Familiar_Grande,AltaMarg_AltaGentrif,0.830531038273375,3.0,Baja_Accesibilidad,1839.9685112600578
19.3038442,-99.2079494,Tlalpan,15500.0,250.0,62.0,2,1.0,0,Familiar_Chico,BajaMarg_BajaGentrif,0.3919311241687132,1.0,Baja_Accesibilidad,3266.9380873183227
19.3905208,-99.1579016,Benito Juárez,24500.0,263.44086021505376,93.0,3,2.0,0,Familiar_Grande,AltaMarg_AltaGentrif,0.933319961735651,3.0,Alta_Accesibilidad,537.3083925162549
19.3039254,-99.1628908,Coyoacán,18000.0,264.70588235294116,68.0,2,2.0,0,Familiar_Chico,AltaMarg_BajaGentrif,0.750956198657275,2.0,Baja_Accesibilidad,2108.775905492777
19.4581694,-99.2073057,Miguel Hidalgo,16000.0,275.86206896551727,58.0,2,2.0,0,Familiar_Chico,AltaMarg_AltaGentrif,0.8585849060226639,3.0,Baja_Accesibilidad,1847.762849693068
19.4332704,-99.1476839,Cuauhtémoc,105000.0,369.71830985915494,284.0,3,3.0,0,Amplio_Ejecutivo,BajaMarg_AltaGentrif,0.830531038273375,1.0,Alta_Accesibilidad,135.35499198714845
19.2061078,-99.1564811,000,29000.0,325.8426966292135,89.0,2,2.0,0,Familiar_Chico,AltaMarg_AltaGentrif,0.830531038273375,3.0,Baja_Accesibilidad,11340.538526532493
19.3005962,-99.1062178,Coyoacán,16500.0,253.84615384615384,65.0,2,2.0,0,Familiar_Chico,BajaMarg_BajaGentrif,0.750956198657275,1.0,Baja_Accesibilidad,2057.7472559845846
19.2670201,-99.1514186,Fuentes De Tepepan,23000.0,255.55555555555554,90.0,2,2.0,0,Familiar_Chico,BajaMarg_AltaGentrif,0.830531038273375,1.0,Baja_Accesibilidad,5142.011672956052
19.3419761,-99.2797931,Cuajimalpa de Morelos,125000.0,394.3217665615142,317.0,3,3.0,0,Amplio_Ejecutivo,AltaMarg_BajaGentrif,0.49427437331671703,4.0,Baja_Accesibilidad,9582.832687803086
19.4332704,-99.1476839,Cuauhtémoc,80000.0,316.20553359683794,253.0,2,2.0,0,Amplio_Ejecutivo,BajaMarg_AltaGentrif,0.830531038273375,1.0,Alta_Accesibilidad,135.35499198714845
19.3631581,-99.2779741,Cuajimalpa de Morelos,36000.0,250.0,144.0,3,2.0,0,Amplio_Ejecutivo,BajaMarg_BajaGentrif,0.49427437331671703,1.0,Baja_Accesibilidad,9292.950761354577
19.3877583,-99.2522292,Bosques De Las Lomas,65000.0,196.96969696969697,330.0,3,3.0,0,Amplio_Ejecutivo,BajaMarg_AltaGentrif,0.830531038273375,1.0,Baja_Accesibilidad,6252.366309199216
19.475076,-99.088808,San Miguel Chapultepec I Sección,38000.0,271.42857142857144,140.0,3,3.0,0,Amplio_Ejecutivo,AltaMarg_AltaGentrif,0.830531038273375,4.0,Media_Accesibilidad,1020.3311579624544
19.43353,-99.190915,Miguel Hidalgo,12500.0,27.77777777777778,450.0,3,3.0,0,Amplio_Ejecutivo,BajaMarg_AltaGentrif,0.8585849060226639,1.0,Alta_Accesibilidad,444.2627964713553
19.3601941,-99.1668669,Benito Juárez,68000.0,357.89473684210526,190.0,3,3.0,0,Amplio_Ejecutivo,BajaMarg_AltaGentrif,0.933319961735651,1.0,Media_Accesibilidad,863.2139207818312
19.3592638,-99.1684571,Benito Juárez,30000.0,441.1764705882353,68.0,1,1.0,0,Familiar_Chico,BajaMarg_AltaGentrif,0.933319961735651,1.0,Media_Accesibilidad,892.865136607398
19.4315904,-99.2027752,Polanco,59000.0,268.1818181818182,220.0,3,2.0,0,Amplio_Ejecutivo,BajaMarg_AltaGentrif,0.830531038273375,1.0,Media_Accesibilidad,1245.4956484663667
19.3419761,-99.2797931,Cuajimalpa de Morelos,55000.0,275.0,200.0,3,3.0,0,Amplio_Ejecutivo,AltaMarg_BajaGentrif,0.49427437331671703,4.0,Baja_Accesibilidad,9582.832687803086
19.3539685,-99.2171906,Álvaro Obregón,32000.0,400.0,80.0,2,2.0,0,Familiar_Chico,AltaMarg_BajaGentrif,0.0,5.0,Baja_Accesibilidad,3167.521251152914
19.3827017,-99.208678,000,35000.0,388.8888888888889,90.0,2,2.0,0,Familiar_Chico,AltaMarg_AltaGentrif,0.830531038273375,4.0,Baja_Accesibilidad,2359.334119987793
19.3667625,-99.267075,Cuajimalpa de Morelos,32000.0,426.6666666666667,75.0,1,1.0,0,Familiar_Chico,BajaMarg_BajaGentrif,0.49427437331671703,1.0,Baja_Accesibilidad,8161.147776796086
19.4220798,-99.2245002,Lomas De Chapultepec,120000.0,375.0,320.0,3,3.0,0,Amplio_Ejecutivo,BajaMarg_AltaGentrif,0.830531038273375,1.0,Baja_Accesibilidad,3448.2853299954354
19.3601941,-99.1668669,Benito Juárez,30000.0,361.4457831325301,83.0,2,2.0,0,Familiar_Chico,BajaMarg_AltaGentrif,0.933319961735651,1.0,Media_Accesibilidad,863.2139207818312
19.3539685,-99.2171906,Álvaro Obregón,30000.0,375.0,80.0,2,2.0,0,Familiar_Chico,AltaMarg_BajaGentrif,0.0,5.0,Baja_Accesibilidad,3167.521251152914
19.3631581,-99.2779741,Cuajimalpa de Morelos,34000.0,395.3488372093023,86.0,2,2.0,0,Familiar_Chico,BajaMarg_BajaGentrif,0.49427437331671703,1.0,Baja_Accesibilidad,9292.950761354577
19.4135118,-99.0889691,000,43000.0,277.4193548387097,155.0,3,2.0,0,Amplio_Ejecutivo,AltaMarg_AltaGentrif,0.830531038273375,3.0,Media_Accesibilidad,746.7962446231504
19.4372468,-99.2117364,Polanco,64000.0,266.6666666666667,240.0,3,2.0,0,Amplio_Ejecutivo,BajaMarg_AltaGentrif,0.830531038273375,1.0,Baja_Accesibilidad,2222.787312136923
19.3988079,-99.2298103,Lomas Altas,65000.0,292.7927927927928,222.0,3,2.0,0,Amplio_Ejecutivo,BajaMarg_AltaGentrif,0.830531038273375,1.0,Baja_Accesibilidad,3871.8716263199144
19.386924,-99.1636016,Benito Juárez,35000.0,368.42105263157896,95.0,2,2.0,0,Familiar_Chico,AltaMarg_AltaGentrif,0.933319961735651,3.0,Media_Accesibilidad,884.8120022581899
19.3581682,-99.272261,Cuajimalpa de Morelos,125000.0,394.3217665615142,317.0,3,3.0,0,Amplio_Ejecutivo,BajaMarg_BajaGentrif,0.49427437331671703,1.0,Baja_Accesibilidad,8801.23140399282
19.43353,-99.190915,Polanco,120000.0,240.0,500.0,5,4.0,0,Amplio_Familiar,BajaMarg_AltaGentrif,0.830531038273375,1.0,Alta_Accesibilidad,444.2627964713553
19.3419761,-99.2797931,Cuajimalpa de Morelos,40000.0,275.86206896551727,145.0,2,2.0,0,Amplio_Ejecutivo,AltaMarg_BajaGentrif,0.49427437331671703,4.0,Baja_Accesibilidad,9582.832687803086
19.3498606,-99.1619751,Coyoacán,20000.0,235.2941176470588,85.0,2,2.0,0,Familiar_Chico,BajaMarg_BajaGentrif,0.750956198657275,1.0,Media_Accesibilidad,1603.229439145255
19.3905208,-99.1579016,Benito Juárez,25000.0,277.77777777777777,90.0,2,2.0,0,Familiar_Chico,AltaMarg_AltaGentrif,0.933319961735651,3.0,Alta_Accesibilidad,537.3083925162549
19.3060161,-99.1757027,Pedregal De Carrasco,32000.0,355.55555555555554,90.0,2,2.0,0,Familiar_Chico,BajaMarg_AltaGentrif,0.830531038273375,1.0,Media_Accesibilidad,1444.6141831975046
19.389181,-99.2507567,Bosques De Las Lomas,56000.0,294.7368421052632,190.0,2,2.0,0,Amplio_Ejecutivo,BajaMarg_AltaGentrif,0.830531038273375,1.0,Baja_Accesibilidad,6078.240846573618
19.43353,-99.190915,Polanco,85000.0,459.4594594594595,185.0,2,2.0,0,Amplio_Ejecutivo,BajaMarg_AltaGentrif,0.830531038273375,1.0,Alta_Accesibilidad,444.2627964713553
19.4284817,-99.2011758,Polanco,75000.0,284.09090909090907,264.0,3,2.0,0,Amplio_Ejecutivo,BajaMarg_AltaGentrif,0.830531038273375,1.0,Media_Accesibilidad,996.5206237540639
19.4332704,-99.1476839,Cuauhtémoc,70000.0,500.0,140.0,3,3.0,0,Amplio_Ejecutivo,BajaMarg_AltaGentrif,0.830531038273375,1.0,Alta_Accesibilidad,135.35499198714845
19.4071965,-99.2309733,Lomas De Chapultepec,200000.0,255.4278416347382,783.0,3,3.0,0,Amplio_Ejecutivo,BajaMarg_AltaGentrif,0.830531038273375,1.0,Baja_Accesibilidad,4004.511093123121
19.3947535,-99.1429502,Benito Juárez,21000.0,300.0,70.0,2,2.0,0,Familiar_Chico,AltaMarg_AltaGentrif,0.933319961735651,2.0,Alta_Accesibilidad,337.8551485126342
19.3649514,-99.259834,Santa Fe,45000.0,272.72727272727275,165.0,2,2.0,0,Amplio_Ejecutivo,BajaMarg_AltaGentrif,0.830531038273375,1.0,Baja_Accesibilidad,7494.782488978552
19.3621864,-99.2659861,Cuajimalpa de Morelos,55000.0,314.2857142857143,175.0,3,2.0,0,Amplio_Ejecutivo,BajaMarg_BajaGentrif,0.49427437331671703,1.0,Baja_Accesibilidad,8143.786475796129
19.4267785,-99.2208072,Lomas De Chapultepec,75000.0,398.93617021276594,188.0,2,2.0,0,Amplio_Ejecutivo,BajaMarg_AltaGentrif,0.830531038273375,1.0,Baja_Accesibilidad,3004.7828503683418
19.4305785,-99.1951637,Polanco,195000.0,493.67088607594934,395.0,4,3.0,0,Amplio_Familiar,BajaMarg_AltaGentrif,0.830531038273375,1.0,Media_Accesibilidad,709.736005168958
19.3610393,-99.2612571,Cuajimalpa de Morelos,28000.0,383.56164383561645,73.0,2,1.0,0,Familiar_Chico,BajaMarg_BajaGentrif,0.49427437331671703,1.0,Baja_Accesibilidad,7697.6116628461195
19.350357,-99.3006724,Cuajimalpa de Morelos,20000.0,327.8688524590164,61.0,1,1.0,0,Familiar_Chico,AltaMarg_BajaGentrif,0.49427437331671703,3.0,Baja_Accesibilidad,11717.97424848255
19.4024446,-99.1051396,Iztacalco,15500.0,246.03174603174602,63.0,2,2.0,0,Familiar_Chico,AltaMarg_BajaGentrif,0.7626118203348291,3.0,Alta_Accesibilidad,618.209313847306
19.4284817,-99.2011758,Polanco,70000.0,264.1509433962264,265.0,3,3.0,0,Amplio_Ejecutivo,BajaMarg_AltaGentrif,0.830531038273375,1.0,Media_Accesibilidad,996.5206237540639
19.3915073,-99.1855297,Benito Juárez,23800.0,326.027397260274,73.0,2,2.0,0,Familiar_Chico,AltaMarg_AltaGentrif,0.933319961735651,2.0,Media_Accesibilidad,690.3628252658054
19.3311474,-99.272414,San Álvaro,16000.0,333.3333333333333,48.0,2,1.0,0,Studio/Micro,AltaMarg_AltaGentrif,0.830531038273375,4.0,Baja_Accesibilidad,9016.78204947843
19.3906515,-99.1952423,Álvaro Obregón,55000.0,239.1304347826087,230.0,3,3.0,0,Amplio_Ejecutivo,BajaMarg_BajaGentrif,0.0,1.0,Media_Accesibilidad,1310.5121766298066
19.3572429,-99.2996246,Cuajimalpa de Morelos,80000.0,222.22222222222223,360.0,2,3.0,0,Amplio_Ejecutivo,AltaMarg_BajaGentrif,0.49427437331671703,3.0,Baja_Accesibilidad,11517.47570534808
19.442902,-99.2014215,Miguel Hidalgo,45000.0,500.0,90.0,2,2.0,0,Familiar_Chico,BajaMarg_AltaGentrif,0.8585849060226639,1.0,Media_Accesibilidad,1432.692904874115
19.4372468,-99.2117364,Polanco,95000.0,475.0,200.0,3,3.0,0,Amplio_Ejecutivo,BajaMarg_AltaGentrif,0.830531038273375,1.0,Baja_Accesibilidad,2222.787312136923
19.3687441,-99.250823,Álvaro Obregón,140000.0,297.8723404255319,470.0,4,4.0,0,Amplio_Familiar,BajaMarg_BajaGentrif,0.0,1.0,Baja_Accesibilidad,6556.084866145813
19.43353,-99.190915,Polanco,105000.0,500.0,210.0,2,2.0,0,Amplio_Ejecutivo,BajaMarg_AltaGentrif,0.830531038273375,1.0,Alta_Accesibilidad,444.2627964713553
19.4712284,-99.1239455,Industrial,11500.0,164.28571428571428,70.0,2,1.0,0,Familiar_Chico,AltaMarg_AltaGentrif,0.830531038273375,2.0,Alta_Accesibilidad,553.0348933183697
19.4499662,-99.2005581,Miguel Hidalgo,28000.0,215.3846153846154,130.0,4,3.0,0,Amplio_Familiar,AltaMarg_AltaGentrif,0.8585849060226639,3.0,Baja_Accesibilidad,1645.816061408133
19.4282341,-99.190643,Polanco,65000.0,411.39240506329116,158.0,2,2.0,0,Amplio_Ejecutivo,BajaMarg_AltaGentrif,0.830531038273375,1.0,Alta_Accesibilidad,497.88587099475666
19.4342353,-99.1964105,Polanco,110000.0,312.5,352.0,3,3.0,0,Amplio_Ejecutivo,BajaMarg_AltaGentrif,0.830531038273375,1.0,Media_Accesibilidad,831.3932168439487
19.3376661,-99.2539602,Villa Verdún,17500.0,318.1818181818182,55.0,1,1.0,0,Familiar_Chico,BajaMarg_AltaGentrif,0.830531038273375,1.0,Baja_Accesibilidad,6993.608169540083
19.3374093,-99.2196568,Álvaro Obregón,36000.0,295.08196721311475,122.0,3,2.0,0,Amplio_Ejecutivo,AltaMarg_BajaGentrif,0.0,2.0,Baja_Accesibilidad,3631.1624220632243
19.3905208,-99.1579016,Benito Juárez,30000.0,333.3333333333333,90.0,2,2.0,0,Familiar_Chico,AltaMarg_AltaGentrif,0.933319961735651,3.0,Alta_Accesibilidad,537.3083925162549
19.4093714,-99.1712126,Cuauhtémoc,49500.0,260.5263157894737,190.0,4,4.0,0,Amplio_Familiar,AltaMarg_AltaGentrif,0.830531038273375,2.0,Alta_Accesibilidad,514.202520508241
19.3899314,-99.1800698,Nápoles,35000.0,318.1818181818182,110.0,3,2.0,0,Amplio_Ejecutivo,AltaMarg_AltaGentrif,0.830531038273375,2.0,Media_Accesibilidad,852.0973957771741
19.3827017,-99.208678,000,35000.0,437.5,80.0,2,2.0,0,Familiar_Chico,AltaMarg_AltaGentrif,0.830531038273375,4.0,Baja_Accesibilidad,2359.334119987793
19.4454382,-99.1458553,Guerrero,17800.0,356.0,50.0,2,2.0,0,Familiar_Chico,AltaMarg_AltaGentrif,0.830531038273375,4.0,Alta_Accesibilidad,181.96216994513492
19.4285955,-99.1877553,Polanco,45000.0,375.0,120.0,2,2.0,0,Amplio_Ejecutivo,BajaMarg_AltaGentrif,0.830531038273375,1.0,Alta_Accesibilidad,582.8671886261191
19.3631581,-99.2779741,El Yaqui,33000.0,383.72093023255815,86.0,2,2.0,0,Familiar_Chico,BajaMarg_AltaGentrif,0.830531038273375,1.0,Baja_Accesibilidad,9292.950761354577
19.4005527,-99.2453489,Bosque De Las Lomas,130000.0,191.1764705882353,680.0,4,4.0,0,Amplio_Familiar,BajaMarg_AltaGentrif,0.830531038273375,1.0,Baja_Accesibilidad,5374.835808851259
19.3610393,-99.2612571,Santa Fe,35000.0,205.88235294117646,170.0,3,3.0,0,Amplio_Ejecutivo,BajaMarg_AltaGentrif,0.830531038273375,1.0,Baja_Accesibilidad,7697.6116628461195
19.442902,-99.2014215,Miguel Hidalgo,60000.0,428.57142857142856,140.0,3,3.0,0,Amplio_Ejecutivo,BajaMarg_AltaGentrif,0.8585849060226639,1.0,Media_Accesibilidad,1432.692904874115
19.442902,-99.2014215,Miguel Hidalgo,29900.0,383.3333333333333,78.0,1,1.0,0,Familiar_Chico,BajaMarg_AltaGentrif,0.8585849060226639,1.0,Media_Accesibilidad,1432.692904874115
19.3200217,-99.242796,San Jerónimo Lídice,25000.0,166.66666666666666,150.0,3,2.0,0,Amplio_Ejecutivo,AltaMarg_AltaGentrif,0.830531038273375,4.0,Baja_Accesibilidad,6434.342935514655
19.4285955,-99.1877553,Colonia Polanco,45000.0,375.0,120.0,2,2.0,0,Amplio_Ejecutivo,BajaMarg_AltaGentrif,0.830531038273375,1.0,Alta_Accesibilidad,582.8671886261191
19.3905208,-99.1579016,Benito Juárez,24000.0,266.6666666666667,90.0,2,2.0,0,Familiar_Chico,AltaMarg_AltaGentrif,0.933319961735651,3.0,Alta_Accesibilidad,537.3083925162549
19.3905208,-99.1579016,Benito Juárez,30000.0,214.28571428571428,140.0,2,2.0,0,Amplio_Ejecutivo,AltaMarg_AltaGentrif,0.933319961735651,3.0,Alta_Accesibilidad,537.3083925162549
19.437388,-99.145975,Cuauhtémoc,8900.0,47.08994708994709,189.0,2,2.0,0,Amplio_Ejecutivo,AltaMarg_AltaGentrif,0.830531038273375,3.0,Alta_Accesibilidad,57.4362089336416
19.4462672,-99.1526509,Cuauhtémoc,19500.0,390.0,50.0,2,1.0,0,Familiar_Chico,AltaMarg_AltaGentrif,0.830531038273375,3.0,Alta_Accesibilidad,267.95512539364694
19.43353,-99.190915,Miguel Hidalgo,80000.0,320.0,250.0,3,3.0,0,Amplio_Ejecutivo,BajaMarg_AltaGentrif,0.8585849060226639,1.0,Alta_Accesibilidad,444.2627964713553
19.3947535,-99.1429502,Benito Juárez,17000.0,265.625,64.0,2,2.0,0,Familiar_Chico,AltaMarg_AltaGentrif,0.933319961735651,2.0,Alta_Accesibilidad,337.8551485126342
19.3916594,-99.1772574,Nápoles,17000.0,261.53846153846155,65.0,2,1.0,0,Familiar_Chico,AltaMarg_AltaGentrif,0.830531038273375,2.0,Media_Accesibilidad,968.9944044546576
19.4326,-99.1332,Granjas Coapa,22000.0,200.0,110.0,3,2.0,0,Amplio_Ejecutivo,AltaMarg_AltaGentrif,0.830531038273375,3.0,Alta_Accesibilidad,330.46776435848415
19.435502,-99.1779004,Verónica Anzures,33500.0,322.11538461538464,104.0,2,1.0,0,Amplio_Ejecutivo,BajaMarg_AltaGentrif,0.830531038273375,1.0,Media_Accesibilidad,1177.0138821367489
19.3409646,-99.2086816,Olivar De Los Padres,25000.0,290.69767441860466,86.0,2,2.0,0,Familiar_Chico,AltaMarg_AltaGentrif,0.830531038273375,2.0,Baja_Accesibilidad,2478.446517865456
19.393107,-99.1501539,Narvarte Oriente,22500.0,346.15384615384613,65.0,2,2.0,0,Familiar_Chico,AltaMarg_AltaGentrif,0.830531038273375,2.0,Alta_Accesibilidad,519.8785234577002
19.43353,-99.190915,Miguel Hidalgo,6000.0,30.0,200.0,3,3.0,0,Amplio_Ejecutivo,BajaMarg_AltaGentrif,0.8585849060226639,1.0,Alta_Accesibilidad,444.2627964713553
19.4191936,-99.2243551,Lomas De Chapultepec,150000.0,468.75,320.0,3,3.0,0,Amplio_Ejecutivo,BajaMarg_AltaGentrif,0.830531038273375,1.0,Baja_Accesibilidad,3479.1432846271346
19.4514658,-99.2154879,Lomas De Sotelo,31600.0,471.64179104477614,67.0,2,2.0,0,Familiar_Chico,BajaMarg_AltaGentrif,0.830531038273375,1.0,Baja_Accesibilidad,2108.126617654958
19.4291735,-99.1704164,Cuauhtémoc,45000.0,381.35593220338984,118.0,2,2.0,0,Amplio_Ejecutivo,AltaMarg_AltaGentrif,0.830531038273375,2.0,Alta_Accesibilidad,572.5692919695771
19.3631581,-99.2779741,El Yaqui,33000.0,392.85714285714283,84.0,2,2.0,0,Familiar_Chico,BajaMarg_AltaGentrif,0.830531038273375,1.0,Baja_Accesibilidad,9292.950761354577
19.3501655,-99.3010764,Contadero,27000.0,300.0,90.0,2,2.0,0,Familiar_Chico,BajaMarg_AltaGentrif,0.830531038273375,1.0,Baja_Accesibilidad,11760.142143990128
19.393107,-99.1501539,Benito Juárez,28000.0,350.0,80.0,2,2.0,0,Familiar_Chico,AltaMarg_AltaGentrif,0.933319961735651,2.0,Alta_Accesibilidad,519.8785234577002
19.4343524,-99.164216,San Rafael,26000.0,490.5660377358491,53.0,1,1.0,0,Familiar_Chico,AltaMarg_AltaGentrif,0.830531038273375,2.0,Media_Accesibilidad,733.8088026752155
19.4327308,-99.1516294,Juárez,23900.0,508.51063829787233,47.0,1,1.0,0,Studio/Micro,AltaMarg_AltaGentrif,0.830531038273375,2.0,Alta_Accesibilidad,281.2331368362139
19.4360737,-99.1539172,Cuauhtémoc,47000.0,484.5360824742268,97.0,2,2.0,0,Familiar_Chico,BajaMarg_AltaGentrif,0.830531038273375,1.0,Alta_Accesibilidad,248.2217711481182
19.4268288,-99.1918853,Polanco,89500.0,463.73056994818654,193.0,2,2.0,0,Amplio_Ejecutivo,BajaMarg_AltaGentrif,0.830531038273375,1.0,Alta_Accesibilidad,383.1986337299902
19.4343524,-99.164216,San Rafael,37000.0,474.35897435897436,78.0,2,2.0,0,Familiar_Chico,AltaMarg_AltaGentrif,0.830531038273375,2.0,Media_Accesibilidad,733.8088026752155
19.43353,-99.190915,Miguel Hidalgo,80000.0,414.5077720207254,193.0,2,2.0,0,Amplio_Ejecutivo,BajaMarg_AltaGentrif,0.8585849060226639,1.0,Alta_Accesibilidad,444.2627964713553
19.3610393,-99.2612571,Álvaro Obregón,44000.0,283.8709677419355,155.0,3,2.0,0,Amplio_Ejecutivo,BajaMarg_BajaGentrif,0.0,1.0,Baja_Accesibilidad,7697.6116628461195
19.4633372,-99.1130228,000,60000.0,476.1904761904762,126.0,2,2.0,0,Amplio_Ejecutivo,AltaMarg_AltaGentrif,0.830531038273375,3.0,Alta_Accesibilidad,354.6586986543475
19.4384738,-99.1787063,Anahuac,19000.0,452.3809523809524,42.0,1,1.0,0,Studio/Micro,AltaMarg_AltaGentrif,0.830531038273375,2.0,Media_Accesibilidad,1271.4860317643368
19.4554373,-99.2040547,Argentina Antigua,28000.0,254.54545454545453,110.0,3,2.0,0,Amplio_Ejecutivo,AltaMarg_AltaGentrif,0.830531038273375,3.0,Media_Accesibilidad,1618.1638517695856
19.4259676,-99.0636789,Anahuac I Sección,32500.0,373.5632183908046,87.0,2,2.0,0,Familiar_Chico,AltaMarg_AltaGentrif,0.830531038273375,4.0,Media_Accesibilidad,1261.3520687414139
19.3867834,-99.2407804,Lomas De Santa Fe,60000.0,400.0,150.0,3,2.0,0,Amplio_Ejecutivo,BajaMarg_AltaGentrif,0.830531038273375,1.0,Baja_Accesibilidad,5113.972982935484
19.43353,-99.190915,Polanco,6000.0,28.571428571428573,210.0,3,3.0,0,Amplio_Ejecutivo,BajaMarg_AltaGentrif,0.830531038273375,1.0,Alta_Accesibilidad,444.2627964713553
19.3427716,-99.2518981,Álvaro Obregón,45000.0,321.42857142857144,140.0,3,3.0,0,Amplio_Ejecutivo,BajaMarg_BajaGentrif,0.0,1.0,Baja_Accesibilidad,6695.937737908609
19.3865976,-99.2651314,Cuajimalpa de Morelos,90000.0,262.3906705539359,343.0,3,3.0,0,Amplio_Ejecutivo,AltaMarg_BajaGentrif,0.49427437331671703,2.0,Baja_Accesibilidad,7561.408566643877
19.4359998,-99.1848108,Polanco,45000.0,375.0,120.0,2,2.0,0,Amplio_Ejecutivo,BajaMarg_AltaGentrif,0.830531038273375,1.0,Media_Accesibilidad,763.7772503558679
19.4271205,-99.1909857,Polanco,110000.0,366.6666666666667,300.0,2,2.0,0,Amplio_Ejecutivo,BajaMarg_AltaGentrif,0.830531038273375,1.0,Alta_Accesibilidad,426.8675244840849
19.4343524,-99.164216,San Rafael,44900.0,449.0,100.0,3,2.0,0,Familiar_Grande,AltaMarg_AltaGentrif,0.830531038273375,2.0,Media_Accesibilidad,733.8088026752155
19.3610393,-99.2612571,Álvaro Obregón,30000.0,468.75,64.0,1,1.0,0,Familiar_Chico,BajaMarg_BajaGentrif,0.0,1.0,Baja_Accesibilidad,7697.6116628461195
19.3988079,-99.2298103,Miguel Hidalgo,45000.0,250.0,180.0,3,3.0,0,Amplio_Ejecutivo,BajaMarg_AltaGentrif,0.8585849060226639,1.0,Baja_Accesibilidad,3871.8716263199144
19.4210896,-99.2184637,Miguel Hidalgo,100000.0,312.5,320.0,3,3.0,0,Amplio_Ejecutivo,BajaMarg_AltaGentrif,0.8585849060226639,1.0,Baja_Accesibilidad,2855.497540188191
19.4433703,-99.2028324,Ampliación Granada,36000.0,423.52941176470586,85.0,1,1.0,0,Familiar_Chico,BajaMarg_AltaGentrif,0.830531038273375,1.0,Media_Accesibilidad,1553.9315344938075
19.3870673,-99.2432421,Lomas De Bezares,68000.0,278.6885245901639,244.0,3,3.0,0,Amplio_Ejecutivo,BajaMarg_AltaGentrif,0.830531038273375,1.0,Baja_Accesibilidad,5357.074718956094
19.43353,-99.190915,Miguel Hidalgo,7500.0,34.09090909090909,220.0,3,2.0,0,Amplio_Ejecutivo,BajaMarg_AltaGentrif,0.8585849060226639,1.0,Alta_Accesibilidad,444.2627964713553
19.4808304,-99.190949,Azcapotzalco,15000.0,194.80519480519482,77.0,2,2.0,0,Familiar_Chico,AltaMarg_BajaGentrif,0.7799341145447056,3.0,Media_Accesibilidad,956.5944826542598
19.4534081,-99.1568762,Santa María La Ribera,20000.0,400.0,50.0,1,1.0,0,Familiar_Chico,AltaMarg_AltaGentrif,0.830531038273375,4.0,Media_Accesibilidad,1103.2101554971118
19.4378458,-99.1896438,Polanco,92000.0,306.6666666666667,300.0,3,2.0,0,Amplio_Ejecutivo,BajaMarg_AltaGentrif,0.830531038273375,1.0,Media_Accesibilidad,792.8027809571427
19.4514658,-99.2154879,Lomas De Sotelo,21200.0,415.6862745098039,51.0,1,1.0,0,Familiar_Chico,BajaMarg_AltaGentrif,0.830531038273375,1.0,Baja_Accesibilidad,2108.126617654958
19.3921085,-99.1990176,Bosques De Santa Fe,52000.0,376.81159420289856,138.0,3,3.0,0,Amplio_Ejecutivo,BajaMarg_AltaGentrif,0.830531038273375,1.0,Media_Accesibilidad,1272.783059373658
19.43353,-99.190915,Miguel Hidalgo,80000.0,203.0456852791878,394.0,3,2.0,0,Amplio_Ejecutivo,BajaMarg_AltaGentrif,0.8585849060226639,1.0,Alta_Accesibilidad,444.2627964713553
19.4433703,-99.2028324,Ampliación Granada,60000.0,500.0,120.0,2,3.0,0,Amplio_Ejecutivo,BajaMarg_AltaGentrif,0.830531038273375,1.0,Media_Accesibilidad,1553.9315344938075
19.43353,-99.190915,Miguel Hidalgo,6500.0,32.5,200.0,3,2.0,0,Amplio_Ejecutivo,BajaMarg_AltaGentrif,0.8585849060226639,1.0,Alta_Accesibilidad,444.2627964713553
19.3913552,-99.2436293,Lomas De Bezares,29000.0,221.3740458015267,131.0,3,2.0,0,Amplio_Ejecutivo,BajaMarg_AltaGentrif,0.830531038273375,1.0,Baja_Accesibilidad,5319.46125913
19.43353,-99.190915,Miguel Hidalgo,60000.0,400.0,150.0,2,2.0,0,Amplio_Ejecutivo,BajaMarg_AltaGentrif,0.8585849060226639,1.0,Alta_Accesibilidad,444.2627964713553
19.4214424,-99.14322,Cuauhtémoc,30800.0,342.22222222222223,90.0,2,2.0,0,Familiar_Chico,BajaMarg_AltaGentrif,0.830531038273375,1.0,Alta_Accesibilidad,290.36036634838484
19.3608929,-99.2684877,Cuajimalpa de Morelos,32500.0,246.21212121212122,132.0,2,2.0,0,Amplio_Ejecutivo,BajaMarg_BajaGentrif,0.49427437331671703,1.0,Baja_Accesibilidad,8414.3742206818
19.3539685,-99.2171906,Álvaro Obregón,21000.0,198.11320754716982,106.0,3,3.0,0,Amplio_Ejecutivo,AltaMarg_BajaGentrif,0.0,5.0,Baja_Accesibilidad,3167.521251152914
19.4326296,-99.1331785,Cuauhtémoc,30000.0,333.3333333333333,90.0,2,2.0,0,Familiar_Chico,AltaMarg_AltaGentrif,0.830531038273375,3.0,Alta_Accesibilidad,331.00531079168263
19.4269602,-99.209404,Lomas De Chapultepec,27500.0,343.75,80.0,1,1.0,0,Familiar_Chico,BajaMarg_AltaGentrif,0.830531038273375,1.0,Baja_Accesibilidad,1819.9025939021267
19.4433703,-99.2028324,Ampliación Granada,33000.0,347.36842105263156,95.0,2,2.0,0,Familiar_Chico,BajaMarg_AltaGentrif,0.830531038273375,1.0,Media_Accesibilidad,1553.9315344938075
19.4514658,-99.2154879,Lomas De Sotelo,16000.0,421.05263157894734,38.0,1,1.0,0,Studio/Micro,BajaMarg_AltaGentrif,0.830531038273375,1.0,Baja_Accesibilidad,2108.126617654958
19.43353,-99.190915,Miguel Hidalgo,78000.0,390.0,200.0,3,3.0,0,Amplio_Ejecutivo,BajaMarg_AltaGentrif,0.8585849060226639,1.0,Alta_Accesibilidad,444.2627964713553
19.4199035,-99.1640652,Roma Norte,30000.0,300.0,100.0,2,2.0,0,Familiar_Chico,AltaMarg_AltaGentrif,0.830531038273375,2.0,Alta_Accesibilidad,308.43610083995725
19.4360737,-99.1539172,Cuauhtémoc,37000.0,462.5,80.0,2,2.0,0,Familiar_Chico,BajaMarg_AltaGentrif,0.830531038273375,1.0,Alta_Accesibilidad,248.2217711481182
19.43353,-99.190915,Miguel Hidalgo,48200.0,373.6434108527132,129.0,3,3.0,0,Amplio_Ejecutivo,BajaMarg_AltaGentrif,0.8585849060226639,1.0,Alta_Accesibilidad,444.2627964713553
19.4468471,-99.12984,Cuauhtémoc,17500.0,312.5,56.0,1,1.0,0,Familiar_Chico,AltaMarg_AltaGentrif,0.830531038273375,4.0,Alta_Accesibilidad,461.2309669384392
19.4326,-99.1332,Escandón I Sección,25000.0,277.77777777777777,90.0,3,2.0,0,Familiar_Grande,AltaMarg_AltaGentrif,0.830531038273375,3.0,Alta_Accesibilidad,330.46776435848415
19.4244137,-99.2223928,Lomas De Chapultepec,45000.0,375.0,120.0,2,2.0,0,Amplio_Ejecutivo,BajaMarg_AltaGentrif,0.830531038273375,1.0,Baja_Accesibilidad,3191.0449495441208
19.4005527,-99.2453489,Bosque De Las Lomas,68000.0,234.48275862068965,290.0,3,3.0,0,Amplio_Ejecutivo,BajaMarg_AltaGentrif,0.830531038273375,1.0,Baja_Accesibilidad,5374.835808851259
19.4378458,-99.1896438,Polanco,80000.0,200.0,400.0,3,3.0,0,Amplio_Ejecutivo,BajaMarg_AltaGentrif,0.830531038273375,1.0,Media_Accesibilidad,792.8027809571427
19.4378458,-99.1896438,Polanco,110000.0,275.0,400.0,3,3.0,0,Amplio_Ejecutivo,BajaMarg_AltaGentrif,0.830531038273375,1.0,Media_Accesibilidad,792.8027809571427
19.4285955,-99.1877553,Miguel Hidalgo,45000.0,375.0,120.0,2,2.0,0,Amplio_Ejecutivo,BajaMarg_AltaGentrif,0.8585849060226639,1.0,Alta_Accesibilidad,582.8671886261191
19.4330498,-99.192582,Polanco,70000.0,211.48036253776436,331.0,3,3.0,0,Amplio_Ejecutivo,BajaMarg_AltaGentrif,0.830531038273375,1.0,Alta_Accesibilidad,539.5581565209809
19.442902,-99.2014215,Miguel Hidalgo,39700.0,467.05882352941177,85.0,2,2.0,0,Familiar_Chico,BajaMarg_AltaGentrif,0.8585849060226639,1.0,Media_Accesibilidad,1432.692904874115
19.4320972,-99.1771646,Miguel Hidalgo,34400.0,435.44303797468353,79.0,2,2.0,0,Familiar_Chico,BajaMarg_AltaGentrif,0.8585849060226639,1.0,Media_Accesibilidad,991.7860337690739
19.442902,-99.2014215,Miguel Hidalgo,29800.0,425.7142857142857,70.0,1,1.0,0,Familiar_Chico,BajaMarg_AltaGentrif,0.8585849060226639,1.0,Media_Accesibilidad,1432.692904874115
19.4058335,-99.1633037,Cuauhtémoc,22000.0,440.0,50.0,1,1.0,0,Familiar_Chico,AltaMarg_AltaGentrif,0.830531038273375,3.0,Alta_Accesibilidad,609.7826521894331
19.4342878,-99.1713976,Miguel Hidalgo,30000.0,441.1764705882353,68.0,1,1.0,0,Familiar_Chico,BajaMarg_AltaGentrif,0.8585849060226639,1.0,Media_Accesibilidad,1052.730418856998
19.4406152,-99.2029724,Granada,39000.0,487.5,80.0,2,2.0,0,Familiar_Chico,BajaMarg_AltaGentrif,0.830531038273375,1.0,Media_Accesibilidad,1510.6840122880783
19.4402557,-99.1926322,Miguel Hidalgo,38000.0,447.05882352941177,85.0,2,1.0,0,Familiar_Chico,BajaMarg_AltaGentrif,0.8585849060226639,1.0,Media_Accesibilidad,926.8825185861144
19.4338311,-99.1573063,Colonia Tabacalera,14000.0,233.33333333333334,60.0,1,1.0,0,Familiar_Chico,BajaMarg_AltaGentrif,0.830531038273375,1.0,Alta_Accesibilidad,431.81944024116
19.3906515,-99.1952423,Álvaro Obregón,23500.0,189.51612903225808,124.0,2,2.0,0,Amplio_Ejecutivo,BajaMarg_BajaGentrif,0.0,1.0,Media_Accesibilidad,1310.5121766298066
19.3581682,-99.272261,Cuajimalpa de Morelos,32900.0,387.05882352941177,85.0,1,1.0,0,Familiar_Chico,BajaMarg_BajaGentrif,0.49427437331671703,1.0,Baja_Accesibilidad,8801.23140399282
19.3865976,-99.2651314,Cuajimalpa de Morelos,50000.0,208.33333333333334,240.0,3,3.0,0,Amplio_Ejecutivo,AltaMarg_BajaGentrif,0.49427437331671703,2.0,Baja_Accesibilidad,7561.408566643877
19.4183227,-99.1625655,Cuauhtémoc,55000.0,500.0,110.0,2,2.0,0,Amplio_Ejecutivo,AltaMarg_AltaGentrif,0.830531038273375,2.0,Alta_Accesibilidad,451.54832230219273
19.4183227,-99.1625655,Cuauhtémoc,60000.0,400.0,150.0,2,2.0,0,Amplio_Ejecutivo,AltaMarg_AltaGentrif,0.830531038273375,2.0,Alta_Accesibilidad,451.54832230219273
19.3530225,-99.2767967,Contadero,34500.0,420.7317073170732,82.0,1,1.0,0,Familiar_Chico,BajaMarg_AltaGentrif,0.830531038273375,1.0,Baja_Accesibilidad,9234.28874557487
19.4987951,-99.1118805,Santa Isabel Tola,16500.0,235.71428571428572,70.0,2,1.0,0,Familiar_Chico,AltaMarg_AltaGentrif,0.830531038273375,4.0,Media_Accesibilidad,944.4453908623796
19.3374093,-99.2196568,Álvaro Obregón,30000.0,247.93388429752065,121.0,3,2.0,0,Amplio_Ejecutivo,AltaMarg_BajaGentrif,0.0,2.0,Baja_Accesibilidad,3631.1624220632243
19.4150174,-99.1751804,Cuauhtémoc,36000.0,244.89795918367346,147.0,3,2.0,0,Amplio_Ejecutivo,AltaMarg_AltaGentrif,0.830531038273375,2.0,Media_Accesibilidad,710.535651143314
19.4360737,-99.1539172,Cuauhtémoc,18600.0,248.0,75.0,1,1.0,0,Familiar_Chico,BajaMarg_AltaGentrif,0.830531038273375,1.0,Alta_Accesibilidad,248.2217711481182
19.4437444,-99.2066164,Irrigación,40000.0,205.12820512820514,195.0,3,3.0,0,Amplio_Ejecutivo,BajaMarg_AltaGentrif,0.830531038273375,1.0,Baja_Accesibilidad,1874.770251640264
19.3610393,-99.2612571,Santa Fe,37500.0,390.625,96.0,2,2.0,0,Familiar_Chico,BajaMarg_AltaGentrif,0.830531038273375,1.0,Baja_Accesibilidad,7697.6116628461195
19.4190415,-99.170949,Roma Norte,45000.0,409.09090909090907,110.0,3,2.0,0,Amplio_Ejecutivo,AltaMarg_AltaGentrif,0.830531038273375,2.0,Alta_Accesibilidad,369.30281348467435
19.3750652,-99.252682,Santa Fe,33500.0,310.18518518518516,108.0,2,2.0,0,Amplio_Ejecutivo,BajaMarg_AltaGentrif,0.830531038273375,1.0,Baja_Accesibilidad,6622.088632611303
19.442902,-99.2014215,Ampliación Granada,49000.0,441.44144144144144,111.0,2,2.0,0,Amplio_Ejecutivo,BajaMarg_AltaGentrif,0.830531038273375,1.0,Media_Accesibilidad,1432.692904874115
19.3624038,-99.2866403,Cuajimalpa de Morelos,33000.0,397.5903614457831,83.0,2,2.0,0,Familiar_Chico,BajaMarg_BajaGentrif,0.49427437331671703,1.0,Baja_Accesibilidad,10165.289843424114
19.4183227,-99.1625655,Roma Norte,28500.0,276.6990291262136,103.0,2,2.0,0,Amplio_Ejecutivo,AltaMarg_AltaGentrif,0.830531038273375,2.0,Alta_Accesibilidad,451.54832230219273
19.4065186,-99.1696893,Colonia Condesa,37500.0,340.90909090909093,110.0,1,1.0,0,Amplio_Ejecutivo,AltaMarg_AltaGentrif,0.830531038273375,2.0,Alta_Accesibilidad,325.5830455741757
19.4425356,-99.2102915,Miguel Hidalgo,21000.0,338.7096774193548,62.0,2,1.0,0,Familiar_Chico,BajaMarg_AltaGentrif,0.8585849060226639,1.0,Baja_Accesibilidad,2154.674897231742
19.3532835,-99.294171,Cuajimalpa de Morelos,40000.0,285.7142857142857,140.0,2,2.0,0,Amplio_Ejecutivo,AltaMarg_BajaGentrif,0.49427437331671703,2.0,Baja_Accesibilidad,11034.031138379876
19.4190415,-99.170949,Roma Norte,39000.0,433.3333333333333,90.0,2,2.0,0,Familiar_Chico,AltaMarg_AltaGentrif,0.830531038273375,2.0,Alta_Accesibilidad,369.30281348467435
19.3572429,-99.2996246,Cuajimalpa de Morelos,97000.0,334.48275862068965,290.0,3,3.0,0,Amplio_Ejecutivo,AltaMarg_BajaGentrif,0.49427437331671703,3.0,Baja_Accesibilidad,11517.47570534808
19.43353,-99.190915,Polanco,63000.0,393.75,160.0,2,2.0,0,Amplio_Ejecutivo,BajaMarg_AltaGentrif,0.830531038273375,1.0,Alta_Accesibilidad,444.2627964713553
19.3865976,-99.2651314,Cuajimalpa de Morelos,39800.0,503.7974683544304,79.0,2,2.0,0,Familiar_Chico,AltaMarg_BajaGentrif,0.49427437331671703,2.0,Baja_Accesibilidad,7561.408566643877
19.4071156,-99.1906167,Miguel Hidalgo,33000.0,336.734693877551,98.0,2,2.0,0,Familiar_Chico,BajaMarg_AltaGentrif,0.8585849060226639,1.0,Media_Accesibilidad,749.9737885794543
19.3530225,-99.2767967,Contadero,57000.0,365.38461538461536,156.0,2,2.0,0,Amplio_Ejecutivo,BajaMarg_AltaGentrif,0.830531038273375,1.0,Baja_Accesibilidad,9234.28874557487
19.286387,-99.1323271,Tlalpan,14500.0,263.6363636363636,55.0,1,1.0,0,Familiar_Chico,AltaMarg_BajaGentrif,0.3919311241687132,4.0,Baja_Accesibilidad,4220.015390826293
19.388236,-99.1559525,Benito Juárez,12500.0,208.33333333333334,60.0,1,1.0,0,Familiar_Chico,AltaMarg_AltaGentrif,0.933319961735651,2.0,Alta_Accesibilidad,403.35093720311
19.3601941,-99.1668669,Benito Juárez,27800.0,370.6666666666667,75.0,2,2.0,0,Familiar_Chico,BajaMarg_AltaGentrif,0.933319961735651,1.0,Media_Accesibilidad,863.2139207818312
19.43353,-99.190915,Miguel Hidalgo,46000.0,442.3076923076923,104.0,2,2.0,0,Amplio_Ejecutivo,BajaMarg_AltaGentrif,0.8585849060226639,1.0,Alta_Accesibilidad,444.2627964713553
19.431628,-99.2135214,Cumbres Reforma,120000.0,378.5488958990536,317.0,3,3.0,0,Amplio_Ejecutivo,BajaMarg_AltaGentrif,0.830531038273375,1.0,Baja_Accesibilidad,2290.0890949737204
19.4065186,-99.1696893,Colonia Hipodromo De La Condesa,37500.0,340.90909090909093,110.0,1,1.0,0,Amplio_Ejecutivo,AltaMarg_AltaGentrif,0.830531038273375,2.0,Alta_Accesibilidad,325.5830455741757
19.3419761,-99.2797931,Cuajimalpa de Morelos,40000.0,285.7142857142857,140.0,2,3.0,0,Amplio_Ejecutivo,AltaMarg_BajaGentrif,0.49427437331671703,4.0,Baja_Accesibilidad,9582.832687803086
19.3915073,-99.1855297,Benito Juárez,14500.0,467.741935483871,31.0,1,1.0,0,Studio/Micro,AltaMarg_AltaGentrif,0.933319961735651,2.0,Media_Accesibilidad,690.3628252658054
19.3063584,-99.1556563,Pedregal De Sta Úrsula,16500.0,266.1290322580645,62.0,2,2.0,0,Familiar_Chico,AltaMarg_AltaGentrif,0.830531038273375,3.0,Baja_Accesibilidad,2519.246257742569
19.2041997,-99.1625592,000,30000.0,400.0,75.0,2,2.0,0,Familiar_Chico,AltaMarg_AltaGentrif,0.830531038273375,3.0,Baja_Accesibilidad,11458.269564247757
19.4343213,-99.2003741,Polanco,80000.0,363.6363636363636,220.0,3,3.0,0,Amplio_Ejecutivo,BajaMarg_AltaGentrif,0.830531038273375,1.0,Media_Accesibilidad,1107.5956525670745
19.4326,-99.1332,Col. Las Aguilas. Loft Remodelado,9400.0,235.0,40.0,1,1.0,0,Studio/Micro,AltaMarg_AltaGentrif,0.830531038273375,3.0,Alta_Accesibilidad,330.46776435848415
19.4326,-99.1332,Col. Las Aguilas. Loft Remodelado,9400.0,235.0,40.0,1,1.0,0,Studio/Micro,AltaMarg_AltaGentrif,0.830531038273375,3.0,Alta_Accesibilidad,330.46776435848415
19.3687247,-99.2791739,Lomas De Vista Hermosa,85000.0,374.44933920704847,227.0,3,3.0,0,Amplio_Ejecutivo,AltaMarg_AltaGentrif,0.830531038273375,2.0,Baja_Accesibilidad,9327.64970729142
19.3581682,-99.272261,Cuajimalpa de Morelos,22000.0,220.0,100.0,2,1.0,0,Familiar_Chico,BajaMarg_BajaGentrif,0.49427437331671703,1.0,Baja_Accesibilidad,8801.23140399282
19.3631581,-99.2779741,El Yaqui,32000.0,220.68965517241378,145.0,3,2.0,0,Amplio_Ejecutivo,BajaMarg_AltaGentrif,0.830531038273375,1.0,Baja_Accesibilidad,9292.950761354577
19.2932567,-99.1799969,Barrio De Caramagüey,16500.0,253.84615384615384,65.0,2,2.0,0,Familiar_Chico,AltaMarg_AltaGentrif,0.830531038273375,4.0,Baja_Accesibilidad,2078.293195909894
19.3960589,-99.1418768,Alamos,20000.0,294.11764705882354,68.0,2,1.0,0,Familiar_Chico,AltaMarg_AltaGentrif,0.830531038273375,2.0,Alta_Accesibilidad,362.5598013628872
19.3572429,-99.2996246,Cuajimalpa de Morelos,70000.0,254.54545454545453,275.0,4,3.0,0,Amplio_Familiar,AltaMarg_BajaGentrif,0.49427437331671703,3.0,Baja_Accesibilidad,11517.47570534808
19.286387,-99.1323271,Tlalpan,13500.0,300.0,45.0,1,1.0,0,Studio/Micro,AltaMarg_BajaGentrif,0.3919311241687132,4.0,Baja_Accesibilidad,4220.015390826293
19.4286104,-99.1731664,Cuauhtémoc,30000.0,405.4054054054054,74.0,1,1.0,0,Familiar_Chico,AltaMarg_AltaGentrif,0.830531038273375,2.0,Alta_Accesibilidad,591.4274328985039
19.286387,-99.1323271,Tlalpan,8500.0,425.0,20.0,1,1.0,0,Studio/Micro,AltaMarg_BajaGentrif,0.3919311241687132,4.0,Baja_Accesibilidad,4220.015390826293
19.3905208,-99.1579016,Benito Juárez,25000.0,290.69767441860466,86.0,2,2.0,0,Familiar_Chico,AltaMarg_AltaGentrif,0.933319961735651,3.0,Alta_Accesibilidad,537.3083925162549
19.2514512,-99.1705556,Tlalpan,8000.0,114.28571428571429,70.0,1,1.0,0,Familiar_Chico,AltaMarg_BajaGentrif,0.3919311241687132,5.0,Baja_Accesibilidad,6189.510417047157
19.4586286,-99.125247,Cuauhtémoc,12000.0,300.0,40.0,1,1.0,0,Studio/Micro,AltaMarg_AltaGentrif,0.830531038273375,3.0,Alta_Accesibilidad,466.86728364847824
19.3422419,-99.225708,Álvaro Obregón,8500.0,177.08333333333334,48.0,1,1.0,0,Studio/Micro,AltaMarg_BajaGentrif,0.0,3.0,Baja_Accesibilidad,4066.3194482076105
19.4590353,-99.1200967,Venustiano Carranza,12000.0,171.42857142857142,70.0,2,1.0,0,Familiar_Chico,AltaMarg_BajaGentrif,0.761616411382061,3.0,Alta_Accesibilidad,419.2248024350094
19.346188,-99.1356291,Coyoacán,10700.0,254.76190476190476,42.0,1,1.0,0,Studio/Micro,AltaMarg_BajaGentrif,0.750956198657275,2.0,Media_Accesibilidad,1094.3934758715914
19.2730157,-99.2000489,Tlalpan,12000.0,150.0,80.0,2,1.0,0,Familiar_Chico,BajaMarg_BajaGentrif,0.3919311241687132,0.0,Baja_Accesibilidad,4770.280964158686
19.3452007,-99.1247366,Coyoacán,12500.0,192.30769230769232,65.0,2,1.0,0,Familiar_Chico,BajaMarg_BajaGentrif,0.750956198657275,1.0,Media_Accesibilidad,1244.2886418006017
19.3919332,-99.1628933,Narvarte Poniente,26000.0,282.60869565217394,92.0,2,2.0,0,Familiar_Chico,AltaMarg_AltaGentrif,0.830531038273375,2.0,Media_Accesibilidad,929.4096806091984
19.4676129,-99.1580758,Azcapotzalco,13000.0,295.45454545454544,44.0,2,1.0,0,Studio/Micro,AltaMarg_BajaGentrif,0.7799341145447056,2.0,Media_Accesibilidad,1535.1057280487673
19.481292,-99.142124,Gustavo A. Madero,19500.0,121.875,160.0,2,2.0,0,Amplio_Ejecutivo,AltaMarg_BajaGentrif,0.829803447501769,4.0,Alta_Accesibilidad,365.86500634279207
19.2906563,-99.1168792,Tlalpan,12000.0,206.89655172413794,58.0,3,1.0,0,Familiar_Grande,BajaMarg_BajaGentrif,0.3919311241687132,1.0,Baja_Accesibilidad,3056.141713406076
19.3221728,-99.0956838,Iztapalapa,9000.0,180.0,50.0,2,1.0,0,Familiar_Chico,AltaMarg_AltaGentrif,1.0,3.0,Alta_Accesibilidad,545.8798958398085
19.409865,-99.0666396,Iztacalco,10000.0,129.87012987012986,77.0,2,1.0,0,Familiar_Chico,AltaMarg_BajaGentrif,0.7626118203348291,4.0,Media_Accesibilidad,848.758515258019
19.355595,-99.084529,San Miguel,10000.0,158.73015873015873,63.0,2,1.0,0,Familiar_Chico,AltaMarg_AltaGentrif,0.830531038273375,3.0,Media_Accesibilidad,1376.2829193260013
19.4646793,-99.1195328,Gustavo A. Madero,15900.0,227.14285714285714,70.0,2,1.0,0,Familiar_Chico,AltaMarg_BajaGentrif,0.829803447501769,2.0,Alta_Accesibilidad,559.9972096990733
19.4094101,-99.1219076,Venustiano Carranza,10000.0,200.0,50.0,2,1.0,0,Familiar_Chico,BajaMarg_BajaGentrif,0.761616411382061,1.0,Alta_Accesibilidad,316.46226623456124
19.3041152,-99.1532138,Coyoacán,15500.0,310.0,50.0,2,1.0,0,Familiar_Chico,BajaMarg_BajaGentrif,0.750956198657275,1.0,Baja_Accesibilidad,2797.645308106081
19.3360233,-99.1446028,Coyoacán,10500.0,350.0,30.0,1,1.0,0,Studio/Micro,BajaMarg_BajaGentrif,0.750956198657275,1.0,Media_Accesibilidad,1565.0304975415859
19.4681477,-99.2023722,San Lorenzo Tlaltenango,15500.0,262.7118644067797,59.0,2,1.0,0,Familiar_Chico,AltaMarg_AltaGentrif,0.830531038273375,2.0,Baja_Accesibilidad,2199.938288773827
19.4024446,-99.1051396,Iztacalco,11500.0,171.6417910447761,67.0,2,1.0,0,Familiar_Chico,AltaMarg_BajaGentrif,0.7626118203348291,3.0,Alta_Accesibilidad,618.209313847306
19.4045642,-99.0695045,Iztacalco,10000.0,222.22222222222223,45.0,2,1.0,0,Studio/Micro,AltaMarg_BajaGentrif,0.7626118203348291,4.0,Alta_Accesibilidad,615.6066113398099
19.2906711,-99.169545,Tlalpan,16000.0,228.57142857142858,70.0,1,1.0,0,Familiar_Chico,AltaMarg_BajaGentrif,0.3919311241687132,2.0,Baja_Accesibilidad,2497.968342109382
19.5084773,-99.1579443,Gustavo A. Madero,13500.0,337.5,40.0,1,1.0,0,Studio/Micro,BajaMarg_BajaGentrif,0.829803447501769,1.0,Media_Accesibilidad,837.6232326392529
19.3613228,-99.1892165,Guadalupe Inn,18000.0,439.0243902439024,41.0,1,1.0,0,Studio/Micro,BajaMarg_AltaGentrif,0.830531038273375,1.0,Alta_Accesibilidad,520.7159897844208
19.4806399,-99.1915215,Azcapotzalco,13000.0,216.66666666666666,60.0,2,1.0,0,Familiar_Chico,AltaMarg_BajaGentrif,0.7799341145447056,3.0,Media_Accesibilidad,986.4698400321603
19.4326296,-99.1331785,Int. 5,15500.0,182.35294117647058,85.0,2,1.0,0,Familiar_Chico,AltaMarg_AltaGentrif,0.830531038273375,3.0,Alta_Accesibilidad,331.00531079168263
19.4441525,-99.1730359,Miguel Hidalgo,23000.0,338.2352941176471,68.0,2,1.0,0,Familiar_Chico,AltaMarg_AltaGentrif,0.8585849060226639,2.0,Media_Accesibilidad,1058.0007145568732
19.350132,-99.1746519,Coyoacán,24000.0,266.6666666666667,90.0,3,2.0,0,Familiar_Grande,BajaMarg_BajaGentrif,0.750956198657275,1.0,Media_Accesibilidad,654.5536246978704
19.3363252,-99.1468479,Coyoacán,23000.0,165.46762589928056,139.0,2,3.0,0,Amplio_Ejecutivo,BajaMarg_BajaGentrif,0.750956198657275,1.0,Baja_Accesibilidad,1659.9040074464042
19.5057393,-99.1480141,Gustavo A. Madero,20000.0,181.8181818181818,110.0,2,2.0,0,Amplio_Ejecutivo,AltaMarg_BajaGentrif,0.829803447501769,2.0,Alta_Accesibilidad,593.9726275496897
19.3360233,-99.1446028,Coyoacán,8500.0,425.0,20.0,1,1.0,0,Studio/Micro,BajaMarg_BajaGentrif,0.750956198657275,1.0,Media_Accesibilidad,1565.0304975415859
19.4658275,-99.147504,Azcapotzalco,9000.0,450.0,20.0,1,1.0,0,Studio/Micro,AltaMarg_BajaGentrif,0.7799341145447056,2.0,Media_Accesibilidad,749.1738606472534
19.4402557,-99.1926322,Miguel Hidalgo,40000.0,500.0,80.0,2,2.0,0,Familiar_Chico,BajaMarg_AltaGentrif,0.8585849060226639,1.0,Media_Accesibilidad,926.8825185861144
19.4600188,-99.1435613,Cuauhtémoc,13000.0,288.8888888888889,45.0,2,1.0,0,Studio/Micro,AltaMarg_AltaGentrif,0.830531038273375,2.0,Alta_Accesibilidad,416.7997788313306
19.3646826,-99.1985536,Álvaro Obregón,19000.0,441.86046511627904,43.0,1,1.0,0,Studio/Micro,AltaMarg_BajaGentrif,0.0,2.0,Media_Accesibilidad,1355.1265885850162
19.346188,-99.1356291,Coyoacán,19000.0,296.875,64.0,2,1.0,0,Familiar_Chico,AltaMarg_BajaGentrif,0.750956198657275,2.0,Media_Accesibilidad,1094.3934758715914
19.3881873,-99.191898,Álvaro Obregón,18000.0,281.25,64.0,3,2.0,0,Familiar_Grande,AltaMarg_BajaGentrif,0.0,2.0,Media_Accesibilidad,1108.9761432334253
19.4326296,-99.1331785,Cuauhtémoc,20000.0,196.07843137254903,102.0,3,1.0,0,Amplio_Ejecutivo,AltaMarg_AltaGentrif,0.830531038273375,3.0,Alta_Accesibilidad,331.00531079168263
19.43353,-99.190915,Miguel Hidalgo,130000.0,342.10526315789474,380.0,3,4.0,0,Amplio_Ejecutivo,BajaMarg_AltaGentrif,0.8585849060226639,1.0,Alta_Accesibilidad,444.2627964713553
19.2880603,-99.1669733,Tlalpan,140000.0,215.3846153846154,650.0,5,5.0,0,Amplio_Familiar,AltaMarg_BajaGentrif,0.3919311241687132,2.0,Baja_Accesibilidad,2792.4380030007696
19.4058335,-99.1633037,Cuauhtémoc,45000.0,450.0,100.0,2,2.0,0,Familiar_Chico,AltaMarg_AltaGentrif,0.830531038273375,3.0,Alta_Accesibilidad,609.7826521894331
19.3837691,-99.1669696,Col Del Valle Centro,29500.0,421.42857142857144,70.0,2,2.0,0,Familiar_Chico,BajaMarg_AltaGentrif,0.830531038273375,1.0,Media_Accesibilidad,1003.5780750527695
19.3598623,-99.1934907,Álvaro Obregón,19500.0,260.0,75.0,2,1.0,0,Familiar_Chico,AltaMarg_BajaGentrif,0.0,2.0,Media_Accesibilidad,917.3332960460828
19.3913552,-99.2436293,Miguel Hidalgo,8000.0,133.33333333333334,60.0,1,1.0,0,Familiar_Chico,BajaMarg_AltaGentrif,0.8585849060226639,1.0,Baja_Accesibilidad,5319.46125913
19.3998086,-99.1040583,Granjas México,12000.0,226.41509433962264,53.0,2,1.0,0,Familiar_Chico,AltaMarg_AltaGentrif,0.830531038273375,3.0,Media_Accesibilidad,673.6982286248684
19.3905208,-99.1579016,Benito Juárez,30000.0,428.57142857142856,70.0,2,2.0,0,Familiar_Chico,AltaMarg_AltaGentrif,0.933319961735651,3.0,Alta_Accesibilidad,537.3083925162549
19.4320972,-99.1771646,Anzures,65000.0,433.3333333333333,150.0,2,2.0,0,Amplio_Ejecutivo,BajaMarg_AltaGentrif,0.830531038273375,1.0,Media_Accesibilidad,991.7860337690739
19.3899608,-99.1213551,Iztacalco,25000.0,500.0,50.0,2,1.0,0,Familiar_Chico,AltaMarg_BajaGentrif,0.7626118203348291,2.0,Media_Accesibilidad,867.9458036953029
19.3928229,-99.1789281,Nápoles,44000.0,314.2857142857143,140.0,3,3.0,0,Amplio_Ejecutivo,AltaMarg_AltaGentrif,0.830531038273375,2.0,Media_Accesibilidad,970.081024965346
19.4267655,-99.188621,Polanco,85000.0,425.0,200.0,2,2.0,0,Amplio_Ejecutivo,BajaMarg_AltaGentrif,0.830531038273375,1.0,Alta_Accesibilidad,505.86135808232825
19.4846368,-99.1080907,000,15000.0,153.0612244897959,98.0,3,1.0,0,Familiar_Grande,AltaMarg_AltaGentrif,0.830531038273375,3.0,Alta_Accesibilidad,262.5100836386481
19.4326296,-99.1331785,Cuauhtémoc,133000.0,303.65296803652967,438.0,3,3.0,0,Amplio_Ejecutivo,AltaMarg_AltaGentrif,0.830531038273375,3.0,Alta_Accesibilidad,331.00531079168263
19.3456134,-99.1906884,Del Carmen,12700.0,508.0,25.0,1,1.0,0,Studio/Micro,BajaMarg_AltaGentrif,0.830531038273375,1.0,Media_Accesibilidad,823.4290398047854
19.3896634,-99.1738081,Benito Juárez,42500.0,340.0,125.0,2,2.0,0,Amplio_Ejecutivo,BajaMarg_AltaGentrif,0.933319961735651,1.0,Media_Accesibilidad,1006.3491602454259
19.4210896,-99.2184637,Miguel Hidalgo,80000.0,254.77707006369425,314.0,3,3.0,0,Amplio_Ejecutivo,BajaMarg_AltaGentrif,0.8585849060226639,1.0,Baja_Accesibilidad,2855.497540188191
19.3069365,-99.1613872,Coyoacán,25000.0,198.4126984126984,126.0,3,2.0,0,Amplio_Ejecutivo,AltaMarg_BajaGentrif,0.750956198657275,3.0,Baja_Accesibilidad,2074.210197494246
19.4039202,-99.1624567,Roma Sur,39000.0,243.75,160.0,3,2.0,0,Amplio_Ejecutivo,AltaMarg_AltaGentrif,0.830531038273375,3.0,Media_Accesibilidad,750.8152895777646
19.2850106,-99.2180671,Tlalpan,22000.0,169.23076923076923,130.0,3,3.0,0,Amplio_Ejecutivo,AltaMarg_BajaGentrif,0.3919311241687132,2.0,Baja_Accesibilidad,5112.857037886187
19.4402557,-99.1926322,Miguel Hidalgo,36000.0,360.0,100.0,2,2.0,0,Familiar_Chico,BajaMarg_AltaGentrif,0.8585849060226639,1.0,Media_Accesibilidad,926.8825185861144
19.3598623,-99.1934907,Álvaro Obregón,20000.0,465.1162790697674,43.0,1,1.0,0,Studio/Micro,AltaMarg_BajaGentrif,0.0,2.0,Media_Accesibilidad,917.3332960460828
19.3903778,-99.2494623,Bosques De Las Lomas,85000.0,243.55300859598853,349.0,3,3.0,0,Amplio_Ejecutivo,BajaMarg_AltaGentrif,0.830531038273375,1.0,Baja_Accesibilidad,5928.359652056606
19.2730954,-99.1877551,3 Cumbres,50000.0,248.75621890547265,201.0,3,3.0,0,Amplio_Ejecutivo,AltaMarg_AltaGentrif,0.830531038273375,4.0,Baja_Accesibilidad,4149.710741492903
19.3881071,-99.2511696,Cuajimalpa de Morelos,42000.0,210.0,200.0,2,2.0,0,Amplio_Ejecutivo,BajaMarg_BajaGentrif,0.49427437331671703,1.0,Baja_Accesibilidad,6138.247135334897
19.2986877,-99.1408879,Tlalpan,35000.0,291.6666666666667,120.0,2,2.0,0,Amplio_Ejecutivo,AltaMarg_BajaGentrif,0.3919311241687132,2.0,Baja_Accesibilidad,3736.401099611988
19.4497398,-99.2150977,Miguel Hidalgo,19400.0,380.3921568627451,51.0,1,1.0,0,Familiar_Chico,BajaMarg_AltaGentrif,0.8585849060226639,1.0,Baja_Accesibilidad,2135.6203207866383
19.3539685,-99.2171906,Álvaro Obregón,43000.0,307.14285714285717,140.0,2,2.0,0,Amplio_Ejecutivo,AltaMarg_BajaGentrif,0.0,5.0,Baja_Accesibilidad,3167.521251152914
19.3572429,-99.2996246,Cuajimalpa de Morelos,75000.0,205.4794520547945,365.0,3,3.0,0,Amplio_Ejecutivo,AltaMarg_BajaGentrif,0.49427437331671703,3.0,Baja_Accesibilidad,11517.47570534808
19.4391972,-99.0959786,"""Galaxia Oceanía""",11000.0,239.1304347826087,46.0,2,1.0,0,Studio/Micro,AltaMarg_AltaGentrif,0.830531038273375,3.0,Media_Accesibilidad,645.2720476507816
19.3820125,-99.1713523,Tlacoquemécatl Del Valle,40000.0,380.95238095238096,105.0,3,1.0,0,Amplio_Ejecutivo,BajaMarg_AltaGentrif,0.830531038273375,1.0,Media_Accesibilidad,918.0036087500869
19.3671023,-99.1840567,Benito Juárez,45000.0,260.11560693641616,173.0,2,2.0,0,Amplio_Ejecutivo,BajaMarg_AltaGentrif,0.933319961735651,1.0,Media_Accesibilidad,682.5435170157318
19.382527,-99.2480389,Santa Fe,30000.0,333.3333333333333,90.0,2,2.0,0,Familiar_Chico,BajaMarg_AltaGentrif,0.830531038273375,1.0,Baja_Accesibilidad,5945.518918205572
19.3581682,-99.272261,Cuajimalpa de Morelos,145000.0,381.57894736842104,380.0,4,4.0,0,Amplio_Familiar,BajaMarg_BajaGentrif,0.49427437331671703,1.0,Baja_Accesibilidad,8801.23140399282
19.337382,-99.1547199,Coyoacán,22000.0,343.75,64.0,2,1.0,0,Familiar_Chico,AltaMarg_BajaGentrif,0.750956198657275,3.0,Baja_Accesibilidad,2055.2395349272633
19.3704931,-99.2191991,Álvaro Obregón,42000.0,247.05882352941177,170.0,3,3.0,0,Amplio_Ejecutivo,AltaMarg_BajaGentrif,0.0,4.0,Baja_Accesibilidad,3496.3855839305206
19.4343524,-99.164216,San Rafael,44900.0,444.55445544554453,101.0,3,2.0,0,Amplio_Ejecutivo,AltaMarg_AltaGentrif,0.830531038273375,2.0,Media_Accesibilidad,733.8088026752155
19.4185314,-99.1766441,Condesa,95000.0,380.0,250.0,3,4.0,0,Amplio_Ejecutivo,AltaMarg_AltaGentrif,0.830531038273375,2.0,Alta_Accesibilidad,354.03416311385
19.3419761,-99.2797931,Cuajimalpa de Morelos,50000.0,357.14285714285717,140.0,2,2.0,0,Amplio_Ejecutivo,AltaMarg_BajaGentrif,0.49427437331671703,4.0,Baja_Accesibilidad,9582.832687803086
19.4260273,-99.1588658,Juárez,18300.0,425.5813953488372,43.0,2,2.0,0,Compacto+,AltaMarg_AltaGentrif,0.830531038273375,2.0,Alta_Accesibilidad,420.57609979004206
19.4326,-99.1332,Lomas De Chapultepec Ii Sección,64000.0,263.3744855967078,243.0,2,2.0,0,Amplio_Ejecutivo,AltaMarg_AltaGentrif,0.830531038273375,3.0,Alta_Accesibilidad,330.46776435848415
19.3599533,-99.1591998,General Pedro Maria Anaya,32500.0,233.81294964028777,139.0,3,2.0,0,Amplio_Ejecutivo,BajaMarg_AltaGentrif,0.830531038273375,1.0,Media_Accesibilidad,950.0368132280187
19.3761247,-99.256888,Santa Fe Peña Blanca,43000.0,277.4193548387097,155.0,3,2.0,0,Amplio_Ejecutivo,BajaMarg_AltaGentrif,0.830531038273375,1.0,Baja_Accesibilidad,7018.610337786529
19.3360233,-99.1446028,Coyoacán,26000.0,325.0,80.0,2,2.0,0,Familiar_Chico,BajaMarg_BajaGentrif,0.750956198657275,1.0,Media_Accesibilidad,1565.0304975415859
19.4183227,-99.1625655,Cuauhtémoc,28000.0,491.2280701754386,57.0,1,1.0,0,Familiar_Chico,AltaMarg_AltaGentrif,0.830531038273375,2.0,Alta_Accesibilidad,451.54832230219273
19.4330498,-99.192582,Miguel Hidalgo,90000.0,391.30434782608694,230.0,3,2.0,0,Amplio_Ejecutivo,BajaMarg_AltaGentrif,0.8585849060226639,1.0,Alta_Accesibilidad,539.5581565209809
19.4333142,-99.1512838,Cuauhtémoc,35800.0,464.93506493506493,77.0,2,2.0,0,Familiar_Chico,AltaMarg_AltaGentrif,0.830531038273375,2.0,Alta_Accesibilidad,240.18196839985643
19.3955399,-99.1575693,Narvarte Poniente,31000.0,295.23809523809524,105.0,2,2.0,0,Amplio_Ejecutivo,AltaMarg_AltaGentrif,0.830531038273375,3.0,Alta_Accesibilidad,395.38633452800906
19.4279483,-99.1588279,Cuauhtémoc,23300.0,485.4166666666667,48.0,1,1.0,0,Studio/Micro,AltaMarg_AltaGentrif,0.830531038273375,2.0,Alta_Accesibilidad,402.6917014396656
19.43353,-99.190915,Miguel Hidalgo,79000.0,429.3478260869565,184.0,2,2.0,0,Amplio_Ejecutivo,BajaMarg_AltaGentrif,0.8585849060226639,1.0,Alta_Accesibilidad,444.2627964713553
19.43353,-99.190915,Miguel Hidalgo,65000.0,260.0,250.0,3,3.0,0,Amplio_Ejecutivo,BajaMarg_AltaGentrif,0.8585849060226639,1.0,Alta_Accesibilidad,444.2627964713553
19.4071156,-99.1906167,Miguel Hidalgo,31000.0,373.49397590361446,83.0,2,2.0,0,Familiar_Chico,BajaMarg_AltaGentrif,0.8585849060226639,1.0,Media_Accesibilidad,749.9737885794543
19.4183227,-99.1625655,Cuauhtémoc,30000.0,200.0,150.0,3,1.0,0,Amplio_Ejecutivo,AltaMarg_AltaGentrif,0.830531038273375,2.0,Alta_Accesibilidad,451.54832230219273
19.4326,-99.1332,Santa Fé Amp,36000.0,375.0,96.0,2,2.0,0,Familiar_Chico,AltaMarg_AltaGentrif,0.830531038273375,3.0,Alta_Accesibilidad,330.46776435848415
19.4319605,-99.1592306,Cuauhtémoc,38000.0,506.6666666666667,75.0,3,2.0,0,Familiar_Grande,BajaMarg_AltaGentrif,0.830531038273375,1.0,Alta_Accesibilidad,464.87936691702384
19.3736662,-99.2459512,Álvaro Obregón,120000.0,281.6901408450704,426.0,3,10.0,0,Amplio_Ejecutivo,BajaMarg_BajaGentrif,0.0,1.0,Baja_Accesibilidad,5987.257662351098
19.4330498,-99.192582,Miguel Hidalgo,75000.0,416.6666666666667,180.0,2,2.0,0,Amplio_Ejecutivo,BajaMarg_AltaGentrif,0.8585849060226639,1.0,Alta_Accesibilidad,539.5581565209809
19.4328346,-99.1508082,Juárez,39000.0,458.8235294117647,85.0,2,2.0,0,Familiar_Chico,BajaMarg_AltaGentrif,0.830531038273375,1.0,Alta_Accesibilidad,225.31131346117144
19.4062353,-99.1722136,Cuauhtémoc,48000.0,403.3613445378151,119.0,3,2.0,0,Amplio_Ejecutivo,AltaMarg_AltaGentrif,0.830531038273375,2.0,Alta_Accesibilidad,498.0761498391033
19.3610393,-99.2612571,Álvaro Obregón,40000.0,275.86206896551727,145.0,2,3.0,0,Amplio_Ejecutivo,BajaMarg_BajaGentrif,0.0,1.0,Baja_Accesibilidad,7697.6116628461195
19.3610393,-99.2612571,Álvaro Obregón,26400.0,342.85714285714283,77.0,2,2.0,0,Familiar_Chico,BajaMarg_BajaGentrif,0.0,1.0,Baja_Accesibilidad,7697.6116628461195
19.3465983,-99.2993588,Cuajimalpa de Morelos,19300.0,344.64285714285717,56.0,2,1.0,0,Familiar_Chico,BajaMarg_BajaGentrif,0.49427437331671703,1.0,Baja_Accesibilidad,11587.481502401353
19.4312045,-99.1515438,Cuauhtémoc,23100.0,330.0,70.0,1,1.0,0,Familiar_Chico,AltaMarg_AltaGentrif,0.830531038273375,2.0,Alta_Accesibilidad,324.5698413843067
19.3572429,-99.2996246,Cuajimalpa de Morelos,18500.0,324.56140350877195,57.0,1,1.0,0,Familiar_Chico,AltaMarg_BajaGentrif,0.49427437331671703,3.0,Baja_Accesibilidad,11517.47570534808
19.386924,-99.1636016,Benito Juárez,34000.0,309.09090909090907,110.0,2,2.0,0,Amplio_Ejecutivo,AltaMarg_AltaGentrif,0.933319961735651,3.0,Media_Accesibilidad,884.8120022581899
19.5084773,-99.1579443,Gustavo A. Madero,13500.0,450.0,30.0,1,1.0,0,Studio/Micro,BajaMarg_BajaGentrif,0.829803447501769,1.0,Media_Accesibilidad,837.6232326392529
19.4312045,-99.1515438,Cuauhtémoc,23800.0,476.0,50.0,1,1.0,0,Familiar_Chico,AltaMarg_AltaGentrif,0.830531038273375,2.0,Alta_Accesibilidad,324.5698413843067
19.4590353,-99.1200967,Venustiano Carranza,13000.0,185.71428571428572,70.0,2,1.0,0,Familiar_Chico,AltaMarg_BajaGentrif,0.761616411382061,3.0,Alta_Accesibilidad,419.2248024350094
19.3446449,-99.1924105,Álvaro Obregón,35000.0,291.6666666666667,120.0,2,2.0,0,Amplio_Ejecutivo,BajaMarg_BajaGentrif,0.0,1.0,Media_Accesibilidad,961.4359200922412
19.4372468,-99.2117364,Miguel Hidalgo,48000.0,205.12820512820514,234.0,2,2.0,0,Amplio_Ejecutivo,BajaMarg_AltaGentrif,0.8585849060226639,1.0,Baja_Accesibilidad,2222.787312136923
19.4025902,-99.1559072,Benito Juárez,26500.0,278.94736842105266,95.0,2,2.0,0,Familiar_Chico,BajaMarg_AltaGentrif,0.933319961735651,1.0,Alta_Accesibilidad,497.3348020436638
19.3465983,-99.2993588,Cuajimalpa de Morelos,28000.0,474.5762711864407,59.0,1,1.0,0,Familiar_Chico,BajaMarg_BajaGentrif,0.49427437331671703,1.0,Baja_Accesibilidad,11587.481502401353
19.4326296,-99.1331785,Cuauhtémoc,20000.0,322.5806451612903,62.0,2,1.0,0,Familiar_Chico,AltaMarg_AltaGentrif,0.830531038273375,3.0,Alta_Accesibilidad,331.00531079168263
19.4183227,-99.1625655,Cuauhtémoc,28000.0,400.0,70.0,1,1.0,0,Familiar_Chico,AltaMarg_AltaGentrif,0.830531038273375,2.0,Alta_Accesibilidad,451.54832230219273
19.303295,-99.185039,Coyoacán,37500.0,220.58823529411765,170.0,3,2.0,0,Amplio_Ejecutivo,BajaMarg_BajaGentrif,0.750956198657275,1.0,Media_Accesibilidad,1386.7319956282822
19.3665269,-99.1854833,Benito Juárez,23000.0,348.4848484848485,66.0,1,2.0,0,Familiar_Chico,BajaMarg_AltaGentrif,0.933319961735651,1.0,Media_Accesibilidad,654.5763406267581
19.3569982,-99.1871169,Álvaro Obregón,29000.0,263.6363636363636,110.0,3,2.0,0,Amplio_Ejecutivo,BajaMarg_BajaGentrif,0.0,1.0,Media_Accesibilidad,641.9973287075397
19.3459507,-99.1452942,Coyoacán,22000.0,343.75,64.0,2,2.0,0,Familiar_Chico,BajaMarg_BajaGentrif,0.750956198657275,1.0,Media_Accesibilidad,1399.0024668079325
19.386924,-99.1636016,Benito Juárez,27800.0,226.01626016260164,123.0,2,2.0,0,Amplio_Ejecutivo,AltaMarg_AltaGentrif,0.933319961735651,3.0,Media_Accesibilidad,884.8120022581899
19.4362644,-99.1744021,Miguel Hidalgo,32000.0,390.2439024390244,82.0,2,2.0,0,Familiar_Chico,BajaMarg_AltaGentrif,0.8585849060226639,1.0,Media_Accesibilidad,1127.3604543646725
19.3610393,-99.2612571,Álvaro Obregón,30000.0,333.3333333333333,90.0,2,2.0,0,Familiar_Chico,BajaMarg_BajaGentrif,0.0,1.0,Baja_Accesibilidad,7697.6116628461195
19.386924,-99.1636016,Benito Juárez,34000.0,330.09708737864077,103.0,2,2.0,0,Amplio_Ejecutivo,AltaMarg_AltaGentrif,0.933319961735651,3.0,Media_Accesibilidad,884.8120022581899
19.3723233,-99.1836682,Benito Juárez,24500.0,490.0,50.0,1,1.0,0,Familiar_Chico,BajaMarg_AltaGentrif,0.933319961735651,1.0,Alta_Accesibilidad,452.01841518129004
19.2841671,-99.2298654,Tlalpan,80000.0,222.22222222222223,360.0,2,2.0,0,Amplio_Ejecutivo,AltaMarg_BajaGentrif,0.3919311241687132,5.0,Baja_Accesibilidad,6197.791095638172
19.3896634,-99.1738081,Benito Juárez,30000.0,333.3333333333333,90.0,2,2.0,0,Familiar_Chico,BajaMarg_AltaGentrif,0.933319961735651,1.0,Media_Accesibilidad,1006.3491602454259
19.2041997,-99.1625592,000,30000.0,300.0,100.0,3,2.0,0,Familiar_Grande,AltaMarg_AltaGentrif,0.830531038273375,3.0,Baja_Accesibilidad,11458.269564247757
19.3905208,-99.1579016,Narvarte Poniente,28000.0,350.0,80.0,2,2.0,0,Familiar_Chico,AltaMarg_AltaGentrif,0.830531038273375,3.0,Alta_Accesibilidad,537.3083925162549
19.3896634,-99.1738081,Benito Juárez,33500.0,429.4871794871795,78.0,2,2.0,0,Familiar_Chico,BajaMarg_AltaGentrif,0.933319961735651,1.0,Media_Accesibilidad,1006.3491602454259
19.4567754,-99.1350096,Cuauhtémoc,11000.0,183.33333333333334,60.0,2,1.0,0,Familiar_Chico,AltaMarg_AltaGentrif,0.830531038273375,4.0,Media_Accesibilidad,667.5939127671312
19.3905208,-99.1579016,Benito Juárez,30000.0,375.0,80.0,1,1.0,0,Familiar_Chico,AltaMarg_AltaGentrif,0.933319961735651,3.0,Alta_Accesibilidad,537.3083925162549
19.3459507,-99.1452942,Coyoacán,27000.0,300.0,90.0,2,1.0,0,Familiar_Chico,BajaMarg_BajaGentrif,0.750956198657275,1.0,Media_Accesibilidad,1399.0024668079325
19.3665269,-99.1854833,Benito Juárez,32000.0,266.6666666666667,120.0,2,2.0,0,Amplio_Ejecutivo,BajaMarg_AltaGentrif,0.933319961735651,1.0,Media_Accesibilidad,654.5763406267581
19.3706218,-99.267724,Álvaro Obregón,26000.0,192.59259259259258,135.0,2,2.0,0,Amplio_Ejecutivo,BajaMarg_BajaGentrif,0.0,1.0,Baja_Accesibilidad,8171.857676964739
19.3610393,-99.2612571,Álvaro Obregón,33000.0,330.0,100.0,2,2.0,0,Familiar_Chico,BajaMarg_BajaGentrif,0.0,1.0,Baja_Accesibilidad,7697.6116628461195
19.4326296,-99.1331785,Cuauhtémoc,20000.0,333.3333333333333,60.0,1,1.0,0,Familiar_Chico,AltaMarg_AltaGentrif,0.830531038273375,3.0,Alta_Accesibilidad,331.00531079168263
19.3626752,-99.190115,Los Alpes,22500.0,187.5,120.0,3,2.0,0,Amplio_Ejecutivo,AltaMarg_AltaGentrif,0.830531038273375,2.0,Alta_Accesibilidad,604.6978455973765
19.442902,-99.2014215,Miguel Hidalgo,5900.0,32.59668508287293,181.0,3,3.0,0,Amplio_Ejecutivo,BajaMarg_AltaGentrif,0.8585849060226639,1.0,Media_Accesibilidad,1432.692904874115
19.3044491,-99.1701792,Coyoacán,39000.0,233.53293413173654,167.0,3,2.0,0,Amplio_Ejecutivo,BajaMarg_BajaGentrif,0.750956198657275,1.0,Baja_Accesibilidad,1725.4646051304776
19.3221728,-99.0956838,Iztapalapa,12000.0,171.42857142857142,70.0,2,1.0,0,Familiar_Chico,AltaMarg_AltaGentrif,1.0,3.0,Alta_Accesibilidad,545.8798958398085
19.43353,-99.190915,Miguel Hidalgo,65000.0,309.5238095238095,210.0,3,2.0,0,Amplio_Ejecutivo,BajaMarg_AltaGentrif,0.8585849060226639,1.0,Alta_Accesibilidad,444.2627964713553
19.3928229,-99.1789281,Nápoles,26000.0,419.35483870967744,62.0,2,2.0,0,Familiar_Chico,AltaMarg_AltaGentrif,0.830531038273375,2.0,Media_Accesibilidad,970.081024965346
19.3634921,-99.2127676,Álvaro Obregón,21000.0,272.72727272727275,77.0,2,2.0,0,Familiar_Chico,BajaMarg_BajaGentrif,0.0,1.0,Baja_Accesibilidad,2745.6861504777216
19.3896634,-99.1738081,Benito Juárez,27500.0,250.0,110.0,3,2.0,0,Amplio_Ejecutivo,BajaMarg_AltaGentrif,0.933319961735651,1.0,Media_Accesibilidad,1006.3491602454259
19.506314,-99.1445042,Gustavo A. Madero,40500.0,225.0,180.0,3,3.0,0,Amplio_Ejecutivo,AltaMarg_BajaGentrif,0.829803447501769,2.0,Media_Accesibilidad,830.1612541455139
19.4423703,-99.2002349,Ampliación Granada,49500.0,291.1764705882353,170.0,3,2.0,0,Amplio_Ejecutivo,BajaMarg_AltaGentrif,0.830531038273375,1.0,Media_Accesibilidad,1333.226315871455
19.3616941,-99.1489143,Benito Juárez,20000.0,294.11764705882354,68.0,2,1.0,0,Familiar_Chico,BajaMarg_AltaGentrif,0.933319961735651,1.0,Media_Accesibilidad,685.1941436133152
19.4210896,-99.2184637,Miguel Hidalgo,70000.0,318.1818181818182,220.0,2,2.0,0,Amplio_Ejecutivo,BajaMarg_AltaGentrif,0.8585849060226639,1.0,Baja_Accesibilidad,2855.497540188191
19.3197812,-99.2073801,Álvaro Obregón,55000.0,120.08733624454149,458.0,4,4.0,0,Amplio_Familiar,BajaMarg_BajaGentrif,0.0,1.0,Baja_Accesibilidad,2881.0539947377
19.3881071,-99.2511696,Cuajimalpa de Morelos,50000.0,209.20502092050208,239.0,3,3.0,0,Amplio_Ejecutivo,BajaMarg_BajaGentrif,0.49427437331671703,1.0,Baja_Accesibilidad,6138.247135334897
19.43353,-99.190915,Miguel Hidalgo,34000.0,453.3333333333333,75.0,1,1.0,0,Familiar_Chico,BajaMarg_AltaGentrif,0.8585849060226639,1.0,Alta_Accesibilidad,444.2627964713553
19.3890932,-99.1866168,San Pedro De Los Pinos,26000.0,313.2530120481928,83.0,3,2.0,0,Familiar_Grande,AltaMarg_AltaGentrif,0.830531038273375,2.0,Media_Accesibilidad,808.1100569885273
19.3539685,-99.2171906,Álvaro Obregón,25000.0,373.13432835820896,67.0,2,2.0,0,Familiar_Chico,AltaMarg_BajaGentrif,0.0,5.0,Baja_Accesibilidad,3167.521251152914
19.3905208,-99.1579016,Benito Juárez,26000.0,325.0,80.0,2,2.0,0,Familiar_Chico,AltaMarg_AltaGentrif,0.933319961735651,3.0,Alta_Accesibilidad,537.3083925162549
19.460046,-99.2157979,Toreo,18500.0,362.7450980392157,51.0,1,1.0,0,Familiar_Chico,AltaMarg_AltaGentrif,0.830531038273375,3.0,Baja_Accesibilidad,1952.3716381835416
19.3610272,-99.1639988,Xoco,39000.0,278.57142857142856,140.0,3,2.0,0,Amplio_Ejecutivo,BajaMarg_AltaGentrif,0.830531038273375,1.0,Media_Accesibilidad,894.509507527038
19.4528837,-99.1754969,Miguel Hidalgo,20000.0,294.11764705882354,68.0,2,2.0,0,Familiar_Chico,AltaMarg_AltaGentrif,0.8585849060226639,2.0,Media_Accesibilidad,859.1273876443787
19.3902721,-99.1771925,Nápoles,25000.0,384.61538461538464,65.0,2,1.0,0,Familiar_Chico,AltaMarg_AltaGentrif,0.830531038273375,2.0,Media_Accesibilidad,929.5628445428052
19.442902,-99.2014215,Ampliación Granada,37000.0,289.0625,128.0,3,2.0,0,Amplio_Ejecutivo,BajaMarg_AltaGentrif,0.830531038273375,1.0,Media_Accesibilidad,1432.692904874115
19.3479943,-99.253998,Álvaro Obregón,19000.0,351.85185185185185,54.0,1,1.0,0,Familiar_Chico,BajaMarg_BajaGentrif,0.0,1.0,Baja_Accesibilidad,6868.704425426121
19.4497398,-99.2150977,Miguel Hidalgo,16400.0,410.0,40.0,1,1.0,0,Studio/Micro,BajaMarg_AltaGentrif,0.8585849060226639,1.0,Baja_Accesibilidad,2135.6203207866383
19.4326,-99.1332,Santa Fe C/Balcon $31,31000.0,258.3333333333333,120.0,2,2.0,0,Amplio_Ejecutivo,AltaMarg_AltaGentrif,0.830531038273375,3.0,Alta_Accesibilidad,330.46776435848415
19.382527,-99.2480389,Santa Fe,25000.0,384.61538461538464,65.0,2,2.0,0,Familiar_Chico,BajaMarg_AltaGentrif,0.830531038273375,1.0,Baja_Accesibilidad,5945.518918205572
19.4439152,-99.1730611,Miguel Hidalgo,17000.0,242.85714285714286,70.0,2,1.0,0,Familiar_Chico,AltaMarg_AltaGentrif,0.8585849060226639,2.0,Media_Accesibilidad,1068.295221446608
19.2841671,-99.2298654,Tlalpan,70000.0,206.4896755162242,339.0,2,2.0,0,Amplio_Ejecutivo,AltaMarg_BajaGentrif,0.3919311241687132,5.0,Baja_Accesibilidad,6197.791095638172
19.4379452,-99.1624218,Cuauhtémoc,21000.0,420.0,50.0,1,1.0,0,Familiar_Chico,AltaMarg_AltaGentrif,0.830531038273375,3.0,Alta_Accesibilidad,574.0132665438462
19.3677266,-99.2605042,Santa Fe,45000.0,326.0869565217391,138.0,3,2.0,0,Amplio_Ejecutivo,BajaMarg_AltaGentrif,0.830531038273375,1.0,Baja_Accesibilidad,7508.35295302594
19.3610393,-99.2612571,Álvaro Obregón,40000.0,270.27027027027026,148.0,3,2.0,0,Amplio_Ejecutivo,BajaMarg_BajaGentrif,0.0,1.0,Baja_Accesibilidad,7697.6116628461195
19.4183227,-99.1625655,Cuauhtémoc,40000.0,370.3703703703704,108.0,3,2.0,0,Amplio_Ejecutivo,AltaMarg_AltaGentrif,0.830531038273375,2.0,Alta_Accesibilidad,451.54832230219273
19.4325052,-99.0967315,Venustiano Carranza,18600.0,286.15384615384613,65.0,2,2.0,0,Familiar_Chico,AltaMarg_BajaGentrif,0.761616411382061,3.0,Media_Accesibilidad,902.6669782477074
19.2886951,-99.1770851,Tlalpan,28000.0,180.6451612903226,155.0,2,3.0,0,Amplio_Ejecutivo,BajaMarg_BajaGentrif,0.3919311241687132,1.0,Baja_Accesibilidad,2464.5691231171995
19.442902,-99.2014215,Miguel Hidalgo,34000.0,485.7142857142857,70.0,1,1.0,0,Familiar_Chico,BajaMarg_AltaGentrif,0.8585849060226639,1.0,Media_Accesibilidad,1432.692904874115
19.3820125,-99.1713523,Del Valle Centro,22000.0,338.46153846153845,65.0,2,1.0,0,Familiar_Chico,BajaMarg_AltaGentrif,0.830531038273375,1.0,Media_Accesibilidad,918.0036087500869
19.4210896,-99.2184637,Miguel Hidalgo,95000.0,358.49056603773585,265.0,2,2.0,0,Amplio_Ejecutivo,BajaMarg_AltaGentrif,0.8585849060226639,1.0,Baja_Accesibilidad,2855.497540188191
19.3571063,-99.2882542,Cuajimalpa de Morelos,19000.0,292.3076923076923,65.0,2,2.0,0,Familiar_Chico,AltaMarg_BajaGentrif,0.49427437331671703,3.0,Baja_Accesibilidad,10390.79846162548
19.3601941,-99.1668669,Xoco,70000.0,190.7356948228883,367.0,3,4.0,0,Amplio_Ejecutivo,BajaMarg_AltaGentrif,0.830531038273375,1.0,Media_Accesibilidad,863.2139207818312
19.3862605,-99.0852744,Iztapalapa,19500.0,130.0,150.0,2,3.0,0,Amplio_Ejecutivo,BajaMarg_AltaGentrif,1.0,1.0,Media_Accesibilidad,1615.3744308938162
19.3787909,-99.253229,Santa Fe,33000.0,300.0,110.0,2,2.0,0,Amplio_Ejecutivo,AltaMarg_AltaGentrif,0.830531038273375,2.0,Baja_Accesibilidad,6570.583549982898
19.3601941,-99.1668669,Benito Juárez,68000.0,331.7073170731707,205.0,3,4.0,0,Amplio_Ejecutivo,BajaMarg_AltaGentrif,0.933319961735651,1.0,Media_Accesibilidad,863.2139207818312
19.3932666,-99.1502584,Benito Juárez,27000.0,270.0,100.0,2,2.0,0,Familiar_Chico,AltaMarg_AltaGentrif,0.933319961735651,2.0,Alta_Accesibilidad,507.4035973121025
19.4379452,-99.1624218,Cuauhtémoc,43900.0,434.65346534653463,101.0,3,2.0,0,Amplio_Ejecutivo,AltaMarg_AltaGentrif,0.830531038273375,3.0,Alta_Accesibilidad,574.0132665438462
19.5187538,-99.1537429,500,23500.0,361.53846153846155,65.0,1,1.0,0,Familiar_Chico,AltaMarg_AltaGentrif,0.830531038273375,5.0,Media_Accesibilidad,1614.2253006139915
19.3865976,-99.2651314,Cuajimalpa de Morelos,14500.0,322.22222222222223,45.0,1,1.0,0,Studio/Micro,AltaMarg_BajaGentrif,0.49427437331671703,2.0,Baja_Accesibilidad,7561.408566643877
19.3890898,-99.1743711,Benito Juárez,35000.0,388.8888888888889,90.0,2,2.0,0,Familiar_Chico,BajaMarg_AltaGentrif,0.933319961735651,1.0,Media_Accesibilidad,993.948031878585
19.3824219,-99.1761603,Ciudad De Los Deportes,47500.0,211.11111111111111,225.0,2,3.0,0,Amplio_Ejecutivo,BajaMarg_AltaGentrif,0.830531038273375,1.0,Media_Accesibilidad,703.7713307068392
19.3087653,-99.268697,La Magdalena Contreras,16000.0,168.42105263157896,95.0,2,1.0,0,Familiar_Chico,AltaMarg_BajaGentrif,0.3233249370829295,4.0,Baja_Accesibilidad,9356.972338908443
19.4174872,-99.1596698,Cuauhtémoc,62000.0,476.9230769230769,130.0,2,2.0,0,Amplio_Ejecutivo,AltaMarg_AltaGentrif,0.830531038273375,3.0,Alta_Accesibilidad,605.2675613563349
19.3665269,-99.1854833,Benito Juárez,60000.0,368.09815950920245,163.0,3,3.0,0,Amplio_Ejecutivo,BajaMarg_AltaGentrif,0.933319961735651,1.0,Media_Accesibilidad,654.5763406267581
19.3198805,-99.2628049,Álvaro Obregón,70000.0,272.3735408560311,257.0,3,3.0,0,Amplio_Ejecutivo,AltaMarg_BajaGentrif,0.0,5.0,Baja_Accesibilidad,8400.596391743416
19.4332913,-99.1628377,Cuauhtémoc,18000.0,450.0,40.0,1,1.0,0,Studio/Micro,AltaMarg_AltaGentrif,0.830531038273375,2.0,Media_Accesibilidad,681.4293135082052
19.4210896,-99.2184637,Miguel Hidalgo,120000.0,266.6666666666667,450.0,3,3.0,0,Amplio_Ejecutivo,BajaMarg_AltaGentrif,0.8585849060226639,1.0,Baja_Accesibilidad,2855.497540188191
19.2061078,-99.1564811,000,29000.0,281.5533980582524,103.0,2,2.0,0,Amplio_Ejecutivo,AltaMarg_AltaGentrif,0.830531038273375,3.0,Baja_Accesibilidad,11340.538526532493
19.3501655,-99.3010764,Contadero,26500.0,311.7647058823529,85.0,2,2.0,0,Familiar_Chico,BajaMarg_AltaGentrif,0.830531038273375,1.0,Baja_Accesibilidad,11760.142143990128
19.4343524,-99.164216,San Rafael,24800.0,467.92452830188677,53.0,1,1.0,0,Familiar_Chico,AltaMarg_AltaGentrif,0.830531038273375,2.0,Media_Accesibilidad,733.8088026752155
19.4326296,-99.1331785,Cuauhtémoc,42000.0,300.0,140.0,2,2.0,0,Amplio_Ejecutivo,AltaMarg_AltaGentrif,0.830531038273375,3.0,Alta_Accesibilidad,331.00531079168263
19.3610393,-99.2612571,Álvaro Obregón,40000.0,333.3333333333333,120.0,2,2.0,0,Amplio_Ejecutivo,BajaMarg_BajaGentrif,0.0,1.0,Baja_Accesibilidad,7697.6116628461195
19.3653514,-99.2737186,Lomas De Vista Hermosa,38000.0,422.22222222222223,90.0,2,2.0,0,Familiar_Chico,BajaMarg_AltaGentrif,0.830531038273375,1.0,Baja_Accesibilidad,8835.234871218134
19.2041997,-99.1625592,000,30000.0,291.2621359223301,103.0,2,2.0,0,Amplio_Ejecutivo,AltaMarg_AltaGentrif,0.830531038273375,3.0,Baja_Accesibilidad,11458.269564247757
19.3598623,-99.1934907,Álvaro Obregón,60000.0,370.3703703703704,162.0,4,4.0,0,Amplio_Familiar,AltaMarg_BajaGentrif,0.0,2.0,Media_Accesibilidad,917.3332960460828
19.3890898,-99.1743711,Benito Juárez,28000.0,266.6666666666667,105.0,3,2.0,0,Amplio_Ejecutivo,BajaMarg_AltaGentrif,0.933319961735651,1.0,Media_Accesibilidad,993.948031878585
19.386924,-99.1636016,Benito Juárez,60000.0,337.07865168539325,178.0,3,2.0,0,Amplio_Ejecutivo,AltaMarg_AltaGentrif,0.933319961735651,3.0,Media_Accesibilidad,884.8120022581899
19.43353,-99.190915,Miguel Hidalgo,13000.0,25.49019607843137,510.0,3,3.0,0,Amplio_Ejecutivo,BajaMarg_AltaGentrif,0.8585849060226639,1.0,Alta_Accesibilidad,444.2627964713553
19.3896634,-99.1738081,Benito Juárez,30000.0,309.2783505154639,97.0,3,2.0,0,Familiar_Grande,BajaMarg_AltaGentrif,0.933319961735651,1.0,Media_Accesibilidad,1006.3491602454259
19.3896634,-99.1738081,Benito Juárez,34500.0,485.9154929577465,71.0,2,2.0,0,Familiar_Chico,BajaMarg_AltaGentrif,0.933319961735651,1.0,Media_Accesibilidad,1006.3491602454259
19.4326,-99.1332,Portales Nte,23000.0,255.55555555555554,90.0,2,2.0,0,Familiar_Chico,AltaMarg_AltaGentrif,0.830531038273375,3.0,Alta_Accesibilidad,330.46776435848415
19.4346268,-99.151606,Tabacalera,35000.0,357.14285714285717,98.0,2,2.0,0,Familiar_Chico,BajaMarg_AltaGentrif,0.830531038273375,1.0,Alta_Accesibilidad,293.4352888140304
19.4326296,-99.1331785,Cuauhtémoc,26000.0,433.3333333333333,60.0,1,1.0,0,Familiar_Chico,AltaMarg_AltaGentrif,0.830531038273375,3.0,Alta_Accesibilidad,331.00531079168263
19.4320065,-99.1678814,Cuauhtémoc,67000.0,279.1666666666667,240.0,6,4.0,0,Amplio_Familiar,AltaMarg_AltaGentrif,0.830531038273375,2.0,Media_Accesibilidad,773.1263618478051
19.3581682,-99.272261,Cuajimalpa de Morelos,170000.0,441.5584415584416,385.0,4,4.0,0,Amplio_Familiar,BajaMarg_BajaGentrif,0.49427437331671703,1.0,Baja_Accesibilidad,8801.23140399282
19.3197812,-99.2073801,Álvaro Obregón,36500.0,260.7142857142857,140.0,2,2.0,0,Amplio_Ejecutivo,BajaMarg_BajaGentrif,0.0,1.0,Baja_Accesibilidad,2881.0539947377
19.4360737,-99.1539172,Cuauhtémoc,25500.0,411.2903225806452,62.0,1,1.0,0,Familiar_Chico,BajaMarg_AltaGentrif,0.830531038273375,1.0,Alta_Accesibilidad,248.2217711481182
19.3419761,-99.2797931,Cuajimalpa de Morelos,105000.0,403.84615384615387,260.0,3,3.0,0,Amplio_Ejecutivo,AltaMarg_BajaGentrif,0.49427437331671703,4.0,Baja_Accesibilidad,9582.832687803086
19.442902,-99.2014215,Ampliación Granada,48000.0,406.77966101694915,118.0,3,2.0,0,Amplio_Ejecutivo,BajaMarg_AltaGentrif,0.830531038273375,1.0,Media_Accesibilidad,1432.692904874115
19.3581682,-99.272261,Cuajimalpa de Morelos,55000.0,462.1848739495798,119.0,3,2.0,0,Amplio_Ejecutivo,BajaMarg_BajaGentrif,0.49427437331671703,1.0,Baja_Accesibilidad,8801.23140399282
19.3698638,-99.1609858,Santa Cruz Atoyac,39000.0,410.5263157894737,95.0,3,2.0,0,Familiar_Grande,BajaMarg_AltaGentrif,0.830531038273375,1.0,Alta_Accesibilidad,206.6644260086566
19.3581682,-99.272261,Cuajimalpa de Morelos,40000.0,312.5,128.0,2,2.0,0,Amplio_Ejecutivo,BajaMarg_BajaGentrif,0.49427437331671703,1.0,Baja_Accesibilidad,8801.23140399282
19.3493334,-99.2036717,Álvaro Obregón,48500.0,323.3333333333333,150.0,3,3.0,0,Amplio_Ejecutivo,BajaMarg_BajaGentrif,0.0,1.0,Baja_Accesibilidad,1923.6445342326606
19.3370667,-99.2021996,Álvaro Obregón,26900.0,448.3333333333333,60.0,1,1.0,0,Familiar_Chico,BajaMarg_BajaGentrif,0.0,1.0,Baja_Accesibilidad,1882.7732555829143
19.4865713,-99.1938312,Azcapotzalco,21500.0,298.6111111111111,72.0,2,2.0,0,Familiar_Chico,AltaMarg_BajaGentrif,0.7799341145447056,4.0,Media_Accesibilidad,911.8067108718271
19.3786479,-99.1712542,Benito Juárez,50000.0,169.4915254237288,295.0,5,3.0,0,Amplio_Familiar,BajaMarg_AltaGentrif,0.933319961735651,1.0,Media_Accesibilidad,694.6894677987541
19.4148639,-99.176429,Cuauhtémoc,34000.0,226.66666666666666,150.0,2,2.0,0,Amplio_Ejecutivo,AltaMarg_AltaGentrif,0.830531038273375,2.0,Media_Accesibilidad,725.1757598203221
19.3881071,-99.2511696,Cuajimalpa de Morelos,90000.0,367.3469387755102,245.0,3,3.0,0,Amplio_Ejecutivo,BajaMarg_BajaGentrif,0.49427437331671703,1.0,Baja_Accesibilidad,6138.247135334897
19.386924,-99.1636016,Benito Juárez,52000.0,448.2758620689655,116.0,3,2.0,0,Amplio_Ejecutivo,AltaMarg_AltaGentrif,0.933319961735651,3.0,Media_Accesibilidad,884.8120022581899
19.2841671,-99.2298654,Tlalpan,70000.0,194.44444444444446,360.0,2,2.0,0,Amplio_Ejecutivo,AltaMarg_BajaGentrif,0.3919311241687132,5.0,Baja_Accesibilidad,6197.791095638172
19.3988079,-99.2298103,Miguel Hidalgo,27000.0,225.0,120.0,1,1.0,0,Amplio_Ejecutivo,BajaMarg_AltaGentrif,0.8585849060226639,1.0,Baja_Accesibilidad,3871.8716263199144
19.43353,-99.190915,Miguel Hidalgo,13000.0,44.827586206896555,290.0,3,3.0,0,Amplio_Ejecutivo,BajaMarg_AltaGentrif,0.8585849060226639,1.0,Alta_Accesibilidad,444.2627964713553
19.3682616,-99.1492813,Benito Juárez,25500.0,344.5945945945946,74.0,2,2.0,0,Familiar_Chico,AltaMarg_AltaGentrif,0.933319961735651,2.0,Media_Accesibilidad,804.676358203388
19.4148639,-99.176429,Cuauhtémoc,35000.0,500.0,70.0,2,1.0,0,Familiar_Chico,AltaMarg_AltaGentrif,0.830531038273375,2.0,Media_Accesibilidad,725.1757598203221
19.4325524,-99.1772075,Miguel Hidalgo,62000.0,364.70588235294116,170.0,3,3.0,0,Amplio_Ejecutivo,BajaMarg_AltaGentrif,0.8585849060226639,1.0,Media_Accesibilidad,1034.9206951351741
19.3631581,-99.2779741,Cuajimalpa de Morelos,40000.0,243.90243902439025,164.0,3,3.0,0,Amplio_Ejecutivo,BajaMarg_BajaGentrif,0.49427437331671703,1.0,Baja_Accesibilidad,9292.950761354577
19.4631145,-99.1928752,000,80000.0,490.79754601226995,163.0,2,2.0,0,Amplio_Ejecutivo,AltaMarg_AltaGentrif,0.830531038273375,2.0,Baja_Accesibilidad,1837.6678848843615
19.460046,-99.2157979,Toreo,30600.0,450.0,68.0,2,2.0,0,Familiar_Chico,AltaMarg_AltaGentrif,0.830531038273375,3.0,Baja_Accesibilidad,1952.3716381835416
19.43353,-99.190915,Miguel Hidalgo,65000.0,255.90551181102362,254.0,3,2.0,0,Amplio_Ejecutivo,BajaMarg_AltaGentrif,0.8585849060226639,1.0,Alta_Accesibilidad,444.2627964713553
19.3465983,-99.2993588,Cuajimalpa de Morelos,20000.0,277.77777777777777,72.0,1,1.0,0,Familiar_Chico,BajaMarg_BajaGentrif,0.49427437331671703,1.0,Baja_Accesibilidad,11587.481502401353
19.3913039,-99.1813909,Benito Juárez,27000.0,415.38461538461536,65.0,1,1.0,0,Familiar_Chico,AltaMarg_AltaGentrif,0.933319961735651,2.0,Media_Accesibilidad,839.0613802221771
19.3706218,-99.267724,Álvaro Obregón,100000.0,217.3913043478261,460.0,4,4.0,0,Amplio_Familiar,BajaMarg_BajaGentrif,0.0,1.0,Baja_Accesibilidad,8171.857676964739
19.4489743,-99.1571438,Cuauhtémoc,30000.0,200.0,150.0,3,2.0,0,Amplio_Ejecutivo,AltaMarg_AltaGentrif,0.830531038273375,4.0,Media_Accesibilidad,772.6324236085375
19.442902,-99.2014215,Miguel Hidalgo,55000.0,478.2608695652174,115.0,2,2.0,0,Amplio_Ejecutivo,BajaMarg_AltaGentrif,0.8585849060226639,1.0,Media_Accesibilidad,1432.692904874115
19.3419761,-99.2797931,Cuajimalpa de Morelos,49000.0,251.28205128205127,195.0,3,3.0,0,Amplio_Ejecutivo,AltaMarg_BajaGentrif,0.49427437331671703,4.0,Baja_Accesibilidad,9582.832687803086
19.3501655,-99.3010764,Contadero,21000.0,291.6666666666667,72.0,1,1.0,0,Familiar_Chico,BajaMarg_AltaGentrif,0.830531038273375,1.0,Baja_Accesibilidad,11760.142143990128
19.3881071,-99.2511696,Cuajimalpa de Morelos,90000.0,204.54545454545453,440.0,3,3.0,0,Amplio_Ejecutivo,BajaMarg_BajaGentrif,0.49427437331671703,1.0,Baja_Accesibilidad,6138.247135334897
19.4210896,-99.2184637,Miguel Hidalgo,120000.0,342.85714285714283,350.0,2,4.0,0,Amplio_Ejecutivo,BajaMarg_AltaGentrif,0.8585849060226639,1.0,Baja_Accesibilidad,2855.497540188191
19.4361436,-99.1981383,Miguel Hidalgo,123000.0,416.9491525423729,295.0,2,2.0,0,Amplio_Ejecutivo,BajaMarg_AltaGentrif,0.8585849060226639,1.0,Media_Accesibilidad,1023.5740923436169
19.3581682,-99.272261,Cuajimalpa de Morelos,47000.0,271.67630057803467,173.0,3,2.0,0,Amplio_Ejecutivo,BajaMarg_BajaGentrif,0.49427437331671703,1.0,Baja_Accesibilidad,8801.23140399282
19.4402557,-99.1926322,Miguel Hidalgo,80000.0,337.55274261603375,237.0,3,3.0,0,Amplio_Ejecutivo,BajaMarg_AltaGentrif,0.8585849060226639,1.0,Media_Accesibilidad,926.8825185861144
19.303295,-99.185039,Coyoacán,30000.0,194.80519480519482,154.0,3,3.0,0,Amplio_Ejecutivo,BajaMarg_BajaGentrif,0.750956198657275,1.0,Media_Accesibilidad,1386.7319956282822
19.3868693,-99.2435649,Lomas De Santa Fe,33000.0,300.0,110.0,2,2.0,0,Amplio_Ejecutivo,BajaMarg_AltaGentrif,0.830531038273375,1.0,Baja_Accesibilidad,5393.980392722432
19.3572429,-99.2996246,Cuajimalpa de Morelos,35000.0,380.4347826086956,92.0,2,2.0,0,Familiar_Chico,AltaMarg_BajaGentrif,0.49427437331671703,3.0,Baja_Accesibilidad,11517.47570534808
19.3890898,-99.1743711,Benito Juárez,64000.0,407.64331210191085,157.0,3,4.0,0,Amplio_Ejecutivo,BajaMarg_AltaGentrif,0.933319961735651,1.0,Media_Accesibilidad,993.948031878585
19.4449636,-99.2024608,Miguel Hidalgo,48000.0,436.3636363636364,110.0,3,2.0,0,Amplio_Ejecutivo,BajaMarg_AltaGentrif,0.8585849060226639,1.0,Media_Accesibilidad,1574.5125091848124
19.43353,-99.190915,Miguel Hidalgo,90000.0,447.76119402985074,201.0,2,2.0,0,Amplio_Ejecutivo,BajaMarg_AltaGentrif,0.8585849060226639,1.0,Alta_Accesibilidad,444.2627964713553
19.4093714,-99.1712126,Cuauhtémoc,28000.0,491.2280701754386,57.0,1,1.0,0,Familiar_Chico,AltaMarg_AltaGentrif,0.830531038273375,2.0,Alta_Accesibilidad,514.202520508241
19.4430584,-99.1990015,Miguel Hidalgo,35900.0,466.23376623376623,77.0,2,2.0,0,Familiar_Chico,BajaMarg_AltaGentrif,0.8585849060226639,1.0,Media_Accesibilidad,1259.5415839562029
19.3618242,-99.2880186,Cuajimalpa de Morelos,26000.0,361.1111111111111,72.0,2,2.0,0,Familiar_Chico,AltaMarg_BajaGentrif,0.49427437331671703,3.0,Baja_Accesibilidad,10312.915849061117
19.386924,-99.1636016,Benito Juárez,60000.0,419.5804195804196,143.0,3,2.0,0,Amplio_Ejecutivo,AltaMarg_AltaGentrif,0.933319961735651,3.0,Media_Accesibilidad,884.8120022581899
19.3661536,-99.2637015,Álvaro Obregón,30000.0,333.3333333333333,90.0,2,2.0,0,Familiar_Chico,BajaMarg_BajaGentrif,0.0,1.0,Baja_Accesibilidad,7843.798372669942
19.4343524,-99.164216,San Rafael,45200.0,447.5247524752475,101.0,3,2.0,0,Amplio_Ejecutivo,AltaMarg_AltaGentrif,0.830531038273375,2.0,Media_Accesibilidad,733.8088026752155
19.4343524,-99.164216,San Rafael,43900.0,434.65346534653463,101.0,3,2.0,0,Amplio_Ejecutivo,AltaMarg_AltaGentrif,0.830531038273375,2.0,Media_Accesibilidad,733.8088026752155
19.3631581,-99.2779741,Cuajimalpa de Morelos,43000.0,262.1951219512195,164.0,3,3.0,0,Amplio_Ejecutivo,BajaMarg_BajaGentrif,0.49427437331671703,1.0,Baja_Accesibilidad,9292.950761354577
19.2841671,-99.2298654,Jardines En La Montaña,70000.0,194.44444444444446,360.0,2,2.0,0,Amplio_Ejecutivo,AltaMarg_AltaGentrif,0.830531038273375,5.0,Baja_Accesibilidad,6197.791095638172
19.3601941,-99.1668669,Benito Juárez,32000.0,457.14285714285717,70.0,1,2.0,0,Familiar_Chico,BajaMarg_AltaGentrif,0.933319961735651,1.0,Media_Accesibilidad,863.2139207818312
19.4402557,-99.1926322,Granada,38000.0,475.0,80.0,1,1.0,0,Familiar_Chico,BajaMarg_AltaGentrif,0.830531038273375,1.0,Media_Accesibilidad,926.8825185861144
19.3723233,-99.1836682,Benito Juárez,35000.0,318.1818181818182,110.0,2,2.0,0,Amplio_Ejecutivo,BajaMarg_AltaGentrif,0.933319961735651,1.0,Alta_Accesibilidad,452.01841518129004
19.4343524,-99.164216,San Rafael,33500.0,471.83098591549293,71.0,2,2.0,0,Familiar_Chico,AltaMarg_AltaGentrif,0.830531038273375,2.0,Media_Accesibilidad,733.8088026752155
19.3581682,-99.272261,Cuajimalpa de Morelos,120000.0,375.0,320.0,3,3.0,0,Amplio_Ejecutivo,BajaMarg_BajaGentrif,0.49427437331671703,1.0,Baja_Accesibilidad,8801.23140399282
19.4188634,-99.206134,Lomas De Chapultepec I Sección,112000.0,280.0,400.0,3,3.0,0,Amplio_Ejecutivo,BajaMarg_AltaGentrif,0.830531038273375,1.0,Baja_Accesibilidad,1762.2407482501794
19.3601941,-99.1668669,Benito Juárez,50000.0,480.7692307692308,104.0,2,2.0,0,Amplio_Ejecutivo,BajaMarg_AltaGentrif,0.933319961735651,1.0,Media_Accesibilidad,863.2139207818312
19.4326296,-99.1331785,Cuauhtémoc,42000.0,428.57142857142856,98.0,2,2.0,0,Familiar_Chico,AltaMarg_AltaGentrif,0.830531038273375,3.0,Alta_Accesibilidad,331.00531079168263
19.4071156,-99.1906167,Miguel Hidalgo,65000.0,232.14285714285714,280.0,3,3.0,0,Amplio_Ejecutivo,BajaMarg_AltaGentrif,0.8585849060226639,1.0,Media_Accesibilidad,749.9737885794543
19.3769798,-99.2751709,Cuajimalpa de Morelos,60000.0,272.72727272727275,220.0,3,3.0,0,Amplio_Ejecutivo,BajaMarg_BajaGentrif,0.49427437331671703,1.0,Baja_Accesibilidad,8827.08723508779
19.4210896,-99.2184637,Miguel Hidalgo,110000.0,312.5,352.0,2,4.0,0,Amplio_Ejecutivo,BajaMarg_AltaGentrif,0.8585849060226639,1.0,Baja_Accesibilidad,2855.497540188191
19.3675002,-99.2629301,Santa Fe,40000.0,320.0,125.0,2,2.0,0,Amplio_Ejecutivo,BajaMarg_AltaGentrif,0.830531038273375,1.0,Baja_Accesibilidad,7746.3706986136585
19.4332704,-99.1476839,Cuauhtémoc,35000.0,388.8888888888889,90.0,2,2.0,0,Familiar_Chico,BajaMarg_AltaGentrif,0.830531038273375,1.0,Alta_Accesibilidad,135.35499198714845
19.3631581,-99.2779741,Cuajimalpa de Morelos,32500.0,361.1111111111111,90.0,2,2.0,0,Familiar_Chico,BajaMarg_BajaGentrif,0.49427437331671703,1.0,Baja_Accesibilidad,9292.950761354577
19.3448189,-99.2515999,Álvaro Obregón,43000.0,131.90184049079755,326.0,3,2.0,0,Amplio_Ejecutivo,BajaMarg_BajaGentrif,0.0,1.0,Baja_Accesibilidad,6642.407563342538
19.4193436,-99.1744455,Cuauhtémoc,38800.0,366.0377358490566,106.0,2,2.0,0,Amplio_Ejecutivo,AltaMarg_AltaGentrif,0.830531038273375,2.0,Alta_Accesibilidad,294.26354729023126
19.3060161,-99.1757027,Coyoacán,50000.0,476.1904761904762,105.0,2,2.0,0,Amplio_Ejecutivo,BajaMarg_BajaGentrif,0.750956198657275,1.0,Media_Accesibilidad,1444.6141831975046
19.3419761,-99.2797931,Cuajimalpa de Morelos,39500.0,278.16901408450707,142.0,2,2.0,0,Amplio_Ejecutivo,AltaMarg_BajaGentrif,0.49427437331671703,4.0,Baja_Accesibilidad,9582.832687803086
19.355186,-99.2156107,Álvaro Obregón,27000.0,293.4782608695652,92.0,2,2.0,0,Familiar_Chico,AltaMarg_BajaGentrif,0.0,4.0,Baja_Accesibilidad,3022.810428191733
19.3618242,-99.2880186,Cuajimalpa de Morelos,23000.0,469.38775510204084,49.0,1,1.0,0,Studio/Micro,AltaMarg_BajaGentrif,0.49427437331671703,3.0,Baja_Accesibilidad,10312.915849061117
19.3667625,-99.267075,Cuajimalpa de Morelos,55000.0,314.2857142857143,175.0,3,2.0,0,Amplio_Ejecutivo,BajaMarg_BajaGentrif,0.49427437331671703,1.0,Baja_Accesibilidad,8161.147776796086
19.43353,-99.190915,Miguel Hidalgo,48000.0,218.1818181818182,220.0,3,2.0,0,Amplio_Ejecutivo,BajaMarg_AltaGentrif,0.8585849060226639,1.0,Alta_Accesibilidad,444.2627964713553
19.3915073,-99.1855297,Benito Juárez,19500.0,390.0,50.0,1,1.0,0,Familiar_Chico,AltaMarg_AltaGentrif,0.933319961735651,2.0,Media_Accesibilidad,690.3628252658054
19.4652539,-99.1074701,000,70000.0,486.1111111111111,144.0,3,3.0,0,Amplio_Ejecutivo,AltaMarg_AltaGentrif,0.830531038273375,3.0,Alta_Accesibilidad,456.37933194905463
19.3465983,-99.2993588,Cuajimalpa de Morelos,43000.0,311.59420289855075,138.0,3,3.0,0,Amplio_Ejecutivo,BajaMarg_BajaGentrif,0.49427437331671703,1.0,Baja_Accesibilidad,11587.481502401353
19.4071156,-99.1906167,Miguel Hidalgo,80000.0,500.0,160.0,2,3.0,0,Amplio_Ejecutivo,BajaMarg_AltaGentrif,0.8585849060226639,1.0,Media_Accesibilidad,749.9737885794543
19.4339657,-99.196568,Miguel Hidalgo,160000.0,355.55555555555554,450.0,4,4.0,0,Amplio_Familiar,BajaMarg_AltaGentrif,0.8585849060226639,1.0,Media_Accesibilidad,832.6394583340718
19.3506852,-99.1231155,Paseos De Taxqueña,15000.0,214.28571428571428,70.0,2,1.0,0,Familiar_Chico,AltaMarg_AltaGentrif,0.830531038273375,2.0,Media_Accesibilidad,1049.9631656732258
19.4374587,-99.1272248,Cuauhtémoc,35000.0,437.5,80.0,2,2.0,0,Familiar_Chico,AltaMarg_AltaGentrif,0.830531038273375,3.0,Media_Accesibilidad,630.802371816942
19.4068193,-99.1638921,Roma Sur,35000.0,388.8888888888889,90.0,2,2.0,0,Familiar_Chico,AltaMarg_AltaGentrif,0.830531038273375,3.0,Alta_Accesibilidad,545.2938847808786
19.4497398,-99.2150977,Miguel Hidalgo,16700.0,506.06060606060606,33.0,1,1.0,0,Studio/Micro,BajaMarg_AltaGentrif,0.8585849060226639,1.0,Baja_Accesibilidad,2135.6203207866383
19.4293791,-99.1963927,Miguel Hidalgo,10800.0,27.341772151898734,395.0,4,3.0,0,Amplio_Familiar,BajaMarg_AltaGentrif,0.8585849060226639,1.0,Media_Accesibilidad,743.7359582745225
19.442902,-99.2014215,Miguel Hidalgo,38000.0,457.8313253012048,83.0,2,2.0,0,Familiar_Chico,BajaMarg_AltaGentrif,0.8585849060226639,1.0,Media_Accesibilidad,1432.692904874115
19.4425356,-99.2102915,Polanco,75000.0,220.58823529411765,340.0,3,3.0,0,Amplio_Ejecutivo,BajaMarg_AltaGentrif,0.830531038273375,1.0,Baja_Accesibilidad,2154.674897231742
19.3913552,-99.2436293,Miguel Hidalgo,40000.0,156.25,256.0,2,2.0,0,Amplio_Ejecutivo,BajaMarg_AltaGentrif,0.8585849060226639,1.0,Baja_Accesibilidad,5319.46125913
19.4362644,-99.1744021,Miguel Hidalgo,66000.0,235.71428571428572,280.0,3,3.0,0,Amplio_Ejecutivo,BajaMarg_AltaGentrif,0.8585849060226639,1.0,Media_Accesibilidad,1127.3604543646725
19.4441525,-99.1730359,Miguel Hidalgo,42000.0,365.2173913043478,115.0,3,2.0,0,Amplio_Ejecutivo,AltaMarg_AltaGentrif,0.8585849060226639,2.0,Media_Accesibilidad,1058.0007145568732
19.3457833,-99.1470602,Parque San Andrés,20500.0,320.3125,64.0,2,2.0,0,Familiar_Chico,BajaMarg_AltaGentrif,0.830531038273375,1.0,Media_Accesibilidad,1424.985596258244
19.3867834,-99.2407804,Lomas De Santa Fe,30000.0,333.3333333333333,90.0,2,2.0,0,Familiar_Chico,BajaMarg_AltaGentrif,0.830531038273375,1.0,Baja_Accesibilidad,5113.972982935484
19.442902,-99.2014215,Miguel Hidalgo,48500.0,440.90909090909093,110.0,1,1.0,0,Amplio_Ejecutivo,BajaMarg_AltaGentrif,0.8585849060226639,1.0,Media_Accesibilidad,1432.692904874115
19.3621864,-99.2659861,Cuajimalpa de Morelos,50000.0,370.3703703703704,135.0,3,2.0,0,Amplio_Ejecutivo,BajaMarg_BajaGentrif,0.49427437331671703,1.0,Baja_Accesibilidad,8143.786475796129
19.3586346,-99.1660079,Colonia Xoco,75000.0,326.0869565217391,230.0,3,3.0,0,Amplio_Ejecutivo,BajaMarg_AltaGentrif,0.830531038273375,1.0,Media_Accesibilidad,992.240177830812
19.4402557,-99.1926322,Miguel Hidalgo,91000.0,455.0,200.0,3,3.0,0,Amplio_Ejecutivo,BajaMarg_AltaGentrif,0.8585849060226639,1.0,Media_Accesibilidad,926.8825185861144
19.2041997,-99.1625592,000,30000.0,410.958904109589,73.0,2,1.0,0,Familiar_Chico,AltaMarg_AltaGentrif,0.830531038273375,3.0,Baja_Accesibilidad,11458.269564247757
19.4126273,-99.0929778,Venustiano Carranza,15000.0,187.5,80.0,2,1.0,0,Familiar_Chico,AltaMarg_BajaGentrif,0.761616411382061,3.0,Media_Accesibilidad,888.2810785274683
19.3653514,-99.2737186,Lomas De Vista Hermosa,35000.0,411.7647058823529,85.0,2,2.0,0,Familiar_Chico,BajaMarg_AltaGentrif,0.830531038273375,1.0,Baja_Accesibilidad,8835.234871218134
19.4614893,-99.1093105,000,95000.0,494.7916666666667,192.0,3,2.0,0,Amplio_Ejecutivo,AltaMarg_AltaGentrif,0.830531038273375,3.0,Alta_Accesibilidad,374.4093865612225
19.4183227,-99.1625655,Cuauhtémoc,42500.0,369.5652173913044,115.0,1,1.0,0,Amplio_Ejecutivo,AltaMarg_AltaGentrif,0.830531038273375,2.0,Alta_Accesibilidad,451.54832230219273
19.4335015,-99.1914848,Miguel Hidalgo,79000.0,438.8888888888889,180.0,3,3.0,0,Amplio_Ejecutivo,BajaMarg_AltaGentrif,0.8585849060226639,1.0,Alta_Accesibilidad,476.8274795648142
19.3890898,-99.1743711,Benito Juárez,30000.0,333.3333333333333,90.0,2,2.0,0,Familiar_Chico,BajaMarg_AltaGentrif,0.933319961735651,1.0,Media_Accesibilidad,993.948031878585
19.4417323,-99.2039742,Miguel Hidalgo,36000.0,433.73493975903614,83.0,1,1.0,0,Familiar_Chico,BajaMarg_AltaGentrif,0.8585849060226639,1.0,Media_Accesibilidad,1606.695877720283
19.3890898,-99.1743711,Benito Juárez,35000.0,364.5833333333333,96.0,2,2.0,0,Familiar_Chico,BajaMarg_AltaGentrif,0.933319961735651,1.0,Media_Accesibilidad,993.948031878585
19.3536918,-99.2922119,Cuajimalpa de Morelos,19000.0,351.85185185185185,54.0,2,1.0,0,Familiar_Chico,AltaMarg_BajaGentrif,0.49427437331671703,2.0,Baja_Accesibilidad,10833.706432419827
19.4453949,-99.1816725,Miguel Hidalgo,58600.0,454.26356589147287,129.0,3,3.0,0,Amplio_Ejecutivo,BajaMarg_AltaGentrif,0.8585849060226639,1.0,Media_Accesibilidad,1242.9489062710707
19.3890898,-99.1743711,Benito Juárez,27000.0,421.875,64.0,1,1.0,0,Familiar_Chico,BajaMarg_AltaGentrif,0.933319961735651,1.0,Media_Accesibilidad,993.948031878585
19.3915073,-99.1855297,Benito Juárez,19000.0,211.11111111111111,90.0,2,1.0,0,Familiar_Chico,AltaMarg_AltaGentrif,0.933319961735651,2.0,Media_Accesibilidad,690.3628252658054
19.4148639,-99.176429,Cuauhtémoc,60000.0,348.83720930232556,172.0,3,2.0,0,Amplio_Ejecutivo,AltaMarg_AltaGentrif,0.830531038273375,2.0,Media_Accesibilidad,725.1757598203221
19.4158419,-99.1233303,000,81000.0,368.1818181818182,220.0,3,3.0,0,Amplio_Ejecutivo,BajaMarg_AltaGentrif,0.830531038273375,1.0,Alta_Accesibilidad,583.0432845801292
19.43353,-99.190915,Miguel Hidalgo,77000.0,450.2923976608187,171.0,2,2.0,0,Amplio_Ejecutivo,BajaMarg_AltaGentrif,0.8585849060226639,1.0,Alta_Accesibilidad,444.2627964713553
19.3831073,-99.2541091,Granjas Palo Alto,22000.0,338.46153846153845,65.0,1,1.0,0,Familiar_Chico,AltaMarg_AltaGentrif,0.830531038273375,2.0,Baja_Accesibilidad,6543.643729094242
19.4183227,-99.1625655,Cuauhtémoc,35000.0,318.1818181818182,110.0,2,1.0,0,Amplio_Ejecutivo,AltaMarg_AltaGentrif,0.830531038273375,2.0,Alta_Accesibilidad,451.54832230219273
19.4031893,-99.2341742,Miguel Hidalgo,35000.0,318.1818181818182,110.0,2,1.0,0,Amplio_Ejecutivo,BajaMarg_AltaGentrif,0.8585849060226639,1.0,Baja_Accesibilidad,4282.782530413187
19.43353,-99.190915,Miguel Hidalgo,95000.0,431.8181818181818,220.0,3,2.0,0,Amplio_Ejecutivo,BajaMarg_AltaGentrif,0.8585849060226639,1.0,Alta_Accesibilidad,444.2627964713553
19.4057441,-99.1276718,000,75000.0,416.6666666666667,180.0,1,1.0,0,Amplio_Ejecutivo,AltaMarg_AltaGentrif,0.830531038273375,3.0,Alta_Accesibilidad,518.1601387960463
19.4360737,-99.1539172,Cuauhtémoc,43000.0,190.26548672566372,226.0,1,1.0,0,Amplio_Ejecutivo,BajaMarg_AltaGentrif,0.830531038273375,1.0,Alta_Accesibilidad,248.2217711481182
19.4360737,-99.1539172,Cuauhtémoc,37000.0,229.8136645962733,161.0,3,3.0,0,Amplio_Ejecutivo,BajaMarg_AltaGentrif,0.830531038273375,1.0,Alta_Accesibilidad,248.2217711481182
19.3572429,-99.2996246,Cuajimalpa de Morelos,50300.0,335.3333333333333,150.0,3,3.0,0,Amplio_Ejecutivo,AltaMarg_BajaGentrif,0.49427437331671703,3.0,Baja_Accesibilidad,11517.47570534808
19.3865976,-99.2651314,Cuajimalpa de Morelos,56000.0,264.1509433962264,212.0,2,2.0,0,Amplio_Ejecutivo,AltaMarg_BajaGentrif,0.49427437331671703,2.0,Baja_Accesibilidad,7561.408566643877
19.442902,-99.2014215,Miguel Hidalgo,36000.0,480.0,75.0,1,1.0,0,Familiar_Chico,BajaMarg_AltaGentrif,0.8585849060226639,1.0,Media_Accesibilidad,1432.692904874115
19.4482601,-99.2187752,Miguel Hidalgo,31000.0,373.49397590361446,83.0,2,2.0,0,Familiar_Chico,BajaMarg_AltaGentrif,0.8585849060226639,1.0,Baja_Accesibilidad,2336.9005952615985
19.3915073,-99.1855297,Benito Juárez,30000.0,348.83720930232556,86.0,2,2.0,0,Familiar_Chico,AltaMarg_AltaGentrif,0.933319961735651,2.0,Media_Accesibilidad,690.3628252658054
19.4293791,-99.1963927,Polanco I Sección,85000.0,215.73604060913706,394.0,3,3.0,0,Amplio_Ejecutivo,BajaMarg_AltaGentrif,0.830531038273375,1.0,Media_Accesibilidad,743.7359582745225
19.4057668,-99.163524,Cuauhtémoc,28000.0,311.1111111111111,90.0,1,1.0,0,Familiar_Chico,AltaMarg_AltaGentrif,0.830531038273375,3.0,Alta_Accesibilidad,594.2203046812887
19.442902,-99.2014215,Miguel Hidalgo,38000.0,74.07407407407408,513.0,1,1.0,0,Amplio_Ejecutivo,BajaMarg_AltaGentrif,0.8585849060226639,1.0,Media_Accesibilidad,1432.692904874115
19.4214118,-99.1669366,Roma Norte,30000.0,333.3333333333333,90.0,2,2.0,0,Familiar_Chico,AltaMarg_AltaGentrif,0.830531038273375,2.0,Alta_Accesibilidad,431.1935922697096
19.3698638,-99.1609858,Benito Juárez,27500.0,366.6666666666667,75.0,2,2.0,0,Familiar_Chico,BajaMarg_AltaGentrif,0.933319961735651,1.0,Alta_Accesibilidad,206.6644260086566
19.3581682,-99.272261,Cuajimalpa de Morelos,95000.0,354.4776119402985,268.0,3,3.0,0,Amplio_Ejecutivo,BajaMarg_BajaGentrif,0.49427437331671703,1.0,Baja_Accesibilidad,8801.23140399282
19.386924,-99.1636016,Benito Juárez,47500.0,200.42194092827003,237.0,3,3.0,0,Amplio_Ejecutivo,AltaMarg_AltaGentrif,0.933319961735651,3.0,Media_Accesibilidad,884.8120022581899
19.4402557,-99.1926322,Granada,42000.0,446.8085106382979,94.0,1,1.0,0,Familiar_Chico,BajaMarg_AltaGentrif,0.830531038273375,1.0,Media_Accesibilidad,926.8825185861144
19.3718796,-99.157701,Benito Juárez,27000.0,245.45454545454547,110.0,3,2.0,0,Amplio_Ejecutivo,BajaMarg_AltaGentrif,0.933319961735651,1.0,Alta_Accesibilidad,222.7089106297116
19.393107,-99.1501539,Benito Juárez,29000.0,386.6666666666667,75.0,2,2.0,0,Familiar_Chico,AltaMarg_AltaGentrif,0.933319961735651,2.0,Alta_Accesibilidad,519.8785234577002
19.3572429,-99.2996246,Cuajimalpa de Morelos,68000.0,234.48275862068965,290.0,3,3.0,0,Amplio_Ejecutivo,AltaMarg_BajaGentrif,0.49427437331671703,3.0,Baja_Accesibilidad,11517.47570534808
19.442337,-99.2013952,Miguel Hidalgo,44000.0,494.3820224719101,89.0,2,2.0,0,Familiar_Chico,BajaMarg_AltaGentrif,0.8585849060226639,1.0,Media_Accesibilidad,1418.1042446845936
19.4279498,-99.1922341,Miguel Hidalgo,7000.0,33.333333333333336,210.0,3,3.0,0,Amplio_Ejecutivo,BajaMarg_AltaGentrif,0.8585849060226639,1.0,Alta_Accesibilidad,452.6093885819581
19.4379452,-99.1624218,Cuauhtémoc,46000.0,455.44554455445547,101.0,3,2.0,0,Amplio_Ejecutivo,AltaMarg_AltaGentrif,0.830531038273375,3.0,Alta_Accesibilidad,574.0132665438462
19.3674955,-99.271203,Paseo De Las Lomas,35000.0,291.6666666666667,120.0,3,2.0,0,Amplio_Ejecutivo,BajaMarg_AltaGentrif,0.830531038273375,1.0,Baja_Accesibilidad,8554.294486434224
19.4514541,-99.2156265,Lomas De Sotelo,20000.0,416.6666666666667,48.0,1,1.0,0,Studio/Micro,BajaMarg_AltaGentrif,0.830531038273375,1.0,Baja_Accesibilidad,2113.329847896326
19.43353,-99.190915,Miguel Hidalgo,150000.0,441.1764705882353,340.0,4,3.0,0,Amplio_Familiar,BajaMarg_AltaGentrif,0.8585849060226639,1.0,Alta_Accesibilidad,444.2627964713553
19.1923262,-99.1672369,000,31000.0,373.49397590361446,83.0,2,2.0,0,Familiar_Chico,AltaMarg_AltaGentrif,0.830531038273375,3.0,Baja_Accesibilidad,12723.125588435658
19.4148639,-99.176429,Cuauhtémoc,55000.0,500.0,110.0,2,2.0,0,Amplio_Ejecutivo,AltaMarg_AltaGentrif,0.830531038273375,2.0,Media_Accesibilidad,725.1757598203221
19.3640324,-99.2773211,El Yaqui,24000.0,500.0,48.0,1,1.0,0,Studio/Micro,BajaMarg_AltaGentrif,0.830531038273375,1.0,Baja_Accesibilidad,9212.78111296619
19.43353,-99.190915,Miguel Hidalgo,100000.0,476.1904761904762,210.0,3,2.0,0,Amplio_Ejecutivo,BajaMarg_AltaGentrif,0.8585849060226639,1.0,Alta_Accesibilidad,444.2627964713553
19.4468471,-99.12984,Cuauhtémoc,16000.0,275.86206896551727,58.0,1,1.0,0,Familiar_Chico,AltaMarg_AltaGentrif,0.830531038273375,4.0,Alta_Accesibilidad,461.2309669384392
19.4058335,-99.1633037,Cuauhtémoc,36000.0,295.08196721311475,122.0,2,2.0,0,Amplio_Ejecutivo,AltaMarg_AltaGentrif,0.830531038273375,3.0,Alta_Accesibilidad,609.7826521894331
19.4132002,-99.1440487,Obrera,17500.0,296.6101694915254,59.0,2,1.0,0,Familiar_Chico,AltaMarg_AltaGentrif,0.830531038273375,5.0,Alta_Accesibilidad,341.41434707221714
19.3581682,-99.272261,Cuajimalpa de Morelos,65000.0,295.45454545454544,220.0,2,2.0,0,Amplio_Ejecutivo,BajaMarg_BajaGentrif,0.49427437331671703,1.0,Baja_Accesibilidad,8801.23140399282
19.3890898,-99.1743711,Del Valle Sur,36000.0,400.0,90.0,2,2.0,0,Familiar_Chico,BajaMarg_AltaGentrif,0.830531038273375,1.0,Media_Accesibilidad,993.948031878585
19.4332704,-99.1476839,Cuauhtémoc,48000.0,240.0,200.0,4,3.0,0,Amplio_Familiar,BajaMarg_AltaGentrif,0.830531038273375,1.0,Alta_Accesibilidad,135.35499198714845
19.4326296,-99.1331785,Cuauhtémoc,19000.0,292.3076923076923,65.0,2,2.0,0,Familiar_Chico,AltaMarg_AltaGentrif,0.830531038273375,3.0,Alta_Accesibilidad,331.00531079168263
19.4113254,-99.1626098,Cuauhtémoc,35000.0,411.7647058823529,85.0,2,2.0,0,Familiar_Chico,AltaMarg_AltaGentrif,0.830531038273375,3.0,Alta_Accesibilidad,613.7592362579674
19.442902,-99.2014215,Miguel Hidalgo,38000.0,506.6666666666667,75.0,1,1.0,0,Familiar_Chico,BajaMarg_AltaGentrif,0.8585849060226639,1.0,Media_Accesibilidad,1432.692904874115
19.3610393,-99.2612571,Álvaro Obregón,36000.0,428.57142857142856,84.0,2,2.0,0,Familiar_Chico,BajaMarg_BajaGentrif,0.0,1.0,Baja_Accesibilidad,7697.6116628461195
19.4259131,-99.1654306,Juárez,30000.0,461.53846153846155,65.0,1,1.0,0,Familiar_Chico,AltaMarg_AltaGentrif,0.830531038273375,2.0,Alta_Accesibilidad,288.1965901664896
19.4093714,-99.1712126,Cuauhtémoc,50000.0,357.14285714285717,140.0,3,3.0,0,Amplio_Ejecutivo,AltaMarg_AltaGentrif,0.830531038273375,2.0,Alta_Accesibilidad,514.202520508241
19.1923262,-99.1672369,000,31000.0,455.88235294117646,68.0,2,2.0,0,Familiar_Chico,AltaMarg_AltaGentrif,0.830531038273375,3.0,Baja_Accesibilidad,12723.125588435658
19.3304263,-99.0996642,000,12000.0,240.0,50.0,1,1.0,0,Familiar_Chico,AltaMarg_AltaGentrif,0.830531038273375,5.0,Media_Accesibilidad,814.136712228076
19.4306295,-99.1959132,Miguel Hidalgo,34000.0,357.89473684210526,95.0,2,1.0,0,Familiar_Chico,BajaMarg_AltaGentrif,0.8585849060226639,1.0,Media_Accesibilidad,762.8821877149859
19.3610393,-99.2612571,Álvaro Obregón,70000.0,224.35897435897436,312.0,2,2.0,0,Amplio_Ejecutivo,BajaMarg_BajaGentrif,0.0,1.0,Baja_Accesibilidad,7697.6116628461195
19.2841671,-99.2298654,Jardines En La Montaña,95000.0,250.0,380.0,3,3.0,0,Amplio_Ejecutivo,AltaMarg_AltaGentrif,0.830531038273375,5.0,Baja_Accesibilidad,6197.791095638172
19.442902,-99.2014215,Ampliación Granada,60000.0,500.0,120.0,2,3.0,0,Amplio_Ejecutivo,BajaMarg_AltaGentrif,0.830531038273375,1.0,Media_Accesibilidad,1432.692904874115
19.4633372,-99.1130228,000,60000.0,500.0,120.0,2,3.0,0,Amplio_Ejecutivo,AltaMarg_AltaGentrif,0.830531038273375,3.0,Alta_Accesibilidad,354.6586986543475
19.4058335,-99.1633037,Cuauhtémoc,70000.0,357.14285714285717,196.0,3,3.0,0,Amplio_Ejecutivo,AltaMarg_AltaGentrif,0.830531038273375,3.0,Alta_Accesibilidad,609.7826521894331
19.4426101,-99.1614649,San Rafael,36300.0,465.38461538461536,78.0,2,2.0,0,Familiar_Chico,AltaMarg_AltaGentrif,0.830531038273375,3.0,Alta_Accesibilidad,510.8811821150578
19.3682616,-99.1492813,Benito Juárez,42000.0,432.9896907216495,97.0,2,2.0,0,Familiar_Chico,AltaMarg_AltaGentrif,0.933319961735651,2.0,Media_Accesibilidad,804.676358203388
19.3044491,-99.1701792,Coyoacán,25000.0,301.2048192771084,83.0,2,2.0,0,Familiar_Chico,BajaMarg_BajaGentrif,0.750956198657275,1.0,Baja_Accesibilidad,1725.4646051304776
19.43353,-99.190915,Miguel Hidalgo,95000.0,271.42857142857144,350.0,2,2.0,0,Amplio_Ejecutivo,BajaMarg_AltaGentrif,0.8585849060226639,1.0,Alta_Accesibilidad,444.2627964713553
19.4437538,-99.2068504,Miguel Hidalgo,50000.0,490.19607843137254,102.0,2,2.0,0,Amplio_Ejecutivo,BajaMarg_AltaGentrif,0.8585849060226639,1.0,Baja_Accesibilidad,1894.9479619650779
19.3060161,-99.1757027,Coyoacán,41000.0,372.72727272727275,110.0,3,3.0,0,Amplio_Ejecutivo,BajaMarg_BajaGentrif,0.750956198657275,1.0,Media_Accesibilidad,1444.6141831975046
19.4426101,-99.1614649,San Rafael,34400.0,484.50704225352115,71.0,2,2.0,0,Familiar_Chico,AltaMarg_AltaGentrif,0.830531038273375,3.0,Alta_Accesibilidad,510.8811821150578
19.3572429,-99.2996246,Cuajimalpa de Morelos,78000.0,493.67088607594934,158.0,2,2.0,0,Amplio_Ejecutivo,AltaMarg_BajaGentrif,0.49427437331671703,3.0,Baja_Accesibilidad,11517.47570534808
19.4326296,-99.1331785,Cuauhtémoc,31000.0,258.3333333333333,120.0,4,2.0,0,Amplio_Familiar,AltaMarg_AltaGentrif,0.830531038273375,3.0,Alta_Accesibilidad,331.00531079168263
19.3788814,-99.1587376,Benito Juárez,50000.0,211.864406779661,236.0,2,2.0,0,Amplio_Ejecutivo,BajaMarg_AltaGentrif,0.933319961735651,1.0,Alta_Accesibilidad,275.50314139717716
19.43353,-99.190915,Miguel Hidalgo,80000.0,490.79754601226995,163.0,2,2.0,0,Amplio_Ejecutivo,BajaMarg_AltaGentrif,0.8585849060226639,1.0,Alta_Accesibilidad,444.2627964713553
19.4031893,-99.2341742,Miguel Hidalgo,20000.0,200.0,100.0,1,1.0,0,Familiar_Chico,BajaMarg_AltaGentrif,0.8585849060226639,1.0,Baja_Accesibilidad,4282.782530413187
19.4380035,-99.1934933,Granada,86000.0,485.8757062146893,177.0,3,3.0,0,Amplio_Ejecutivo,BajaMarg_AltaGentrif,0.830531038273375,1.0,Media_Accesibilidad,887.0526489964735
19.4071156,-99.1906167,Miguel Hidalgo,30000.0,428.57142857142856,70.0,1,1.0,0,Familiar_Chico,BajaMarg_AltaGentrif,0.8585849060226639,1.0,Media_Accesibilidad,749.9737885794543
19.4093714,-99.1712126,Cuauhtémoc,35000.0,437.5,80.0,2,2.0,0,Familiar_Chico,AltaMarg_AltaGentrif,0.830531038273375,2.0,Alta_Accesibilidad,514.202520508241
19.3610393,-99.2612571,Álvaro Obregón,23500.0,286.5853658536585,82.0,1,1.0,0,Familiar_Chico,BajaMarg_BajaGentrif,0.0,1.0,Baja_Accesibilidad,7697.6116628461195
19.3585922,-99.1634845,Xoco,30000.0,405.4054054054054,74.0,2,2.0,0,Familiar_Chico,BajaMarg_AltaGentrif,0.830531038273375,1.0,Media_Accesibilidad,1067.1738609715171
19.3667625,-99.267075,Cuajimalpa de Morelos,67000.0,387.28323699421964,173.0,3,2.0,0,Amplio_Ejecutivo,BajaMarg_BajaGentrif,0.49427437331671703,1.0,Baja_Accesibilidad,8161.147776796086
19.4066683,-99.1700168,Cuauhtémoc,35000.0,437.5,80.0,2,2.0,0,Familiar_Chico,AltaMarg_AltaGentrif,0.830531038273375,2.0,Alta_Accesibilidad,351.70565514000305
19.3665078,-99.1400119,Benito Juárez,26000.0,371.42857142857144,70.0,2,2.0,0,Familiar_Chico,AltaMarg_AltaGentrif,0.933319961735651,2.0,Media_Accesibilidad,917.9596945805525
19.4005527,-99.2453489,Bosque De Las Lomas,56000.0,294.7368421052632,190.0,2,2.0,0,Amplio_Ejecutivo,BajaMarg_AltaGentrif,0.830531038273375,1.0,Baja_Accesibilidad,5374.835808851259
19.4332704,-99.1476839,Cuauhtémoc,40000.0,314.96062992125985,127.0,2,2.0,0,Amplio_Ejecutivo,BajaMarg_AltaGentrif,0.830531038273375,1.0,Alta_Accesibilidad,135.35499198714845
19.291901,-99.2118288,Tlalpan,25500.0,231.8181818181818,110.0,2,2.0,0,Amplio_Ejecutivo,AltaMarg_BajaGentrif,0.3919311241687132,2.0,Baja_Accesibilidad,4158.553682199994
19.4402557,-99.1926322,Miguel Hidalgo,45000.0,323.7410071942446,139.0,3,2.0,0,Amplio_Ejecutivo,BajaMarg_AltaGentrif,0.8585849060226639,1.0,Media_Accesibilidad,926.8825185861144
19.372696,-99.0226059,Del Valle Norte,47000.0,199.15254237288136,236.0,2,2.0,0,Amplio_Ejecutivo,AltaMarg_AltaGentrif,0.830531038273375,3.0,Baja_Accesibilidad,1762.9210049929532
19.3465983,-99.2993588,Cuajimalpa de Morelos,30000.0,375.0,80.0,2,2.0,0,Familiar_Chico,BajaMarg_BajaGentrif,0.49427437331671703,1.0,Baja_Accesibilidad,11587.481502401353
19.4379452,-99.1624218,Cuauhtémoc,32000.0,304.76190476190476,105.0,1,1.0,0,Amplio_Ejecutivo,AltaMarg_AltaGentrif,0.830531038273375,3.0,Alta_Accesibilidad,574.0132665438462
19.4093714,-99.1712126,Cuauhtémoc,37500.0,340.90909090909093,110.0,1,1.0,0,Amplio_Ejecutivo,AltaMarg_AltaGentrif,0.830531038273375,2.0,Alta_Accesibilidad,514.202520508241
19.3687441,-99.250823,Álvaro Obregón,85000.0,278.6885245901639,305.0,3,3.0,0,Amplio_Ejecutivo,BajaMarg_BajaGentrif,0.0,1.0,Baja_Accesibilidad,6556.084866145813
19.4183227,-99.1625655,Cuauhtémoc,29000.0,322.22222222222223,90.0,2,1.0,0,Familiar_Chico,AltaMarg_AltaGentrif,0.830531038273375,2.0,Alta_Accesibilidad,451.54832230219273
19.4326296,-99.1331785,Cuauhtémoc,40000.0,347.82608695652175,115.0,1,2.0,0,Amplio_Ejecutivo,AltaMarg_AltaGentrif,0.830531038273375,3.0,Alta_Accesibilidad,331.00531079168263
19.3571063,-99.2882542,Cuajimalpa de Morelos,18000.0,360.0,50.0,1,1.0,0,Familiar_Chico,AltaMarg_BajaGentrif,0.49427437331671703,3.0,Baja_Accesibilidad,10390.79846162548
19.4093714,-99.1712126,Cuauhtémoc,39500.0,359.09090909090907,110.0,2,2.0,0,Amplio_Ejecutivo,AltaMarg_AltaGentrif,0.830531038273375,2.0,Alta_Accesibilidad,514.202520508241
19.393107,-99.1501539,Benito Juárez,46800.0,368.503937007874,127.0,2,2.0,0,Amplio_Ejecutivo,AltaMarg_AltaGentrif,0.933319961735651,2.0,Alta_Accesibilidad,519.8785234577002
19.4344258,-99.1875804,Miguel Hidalgo,32000.0,266.6666666666667,120.0,2,1.0,0,Amplio_Ejecutivo,BajaMarg_AltaGentrif,0.8585849060226639,1.0,Alta_Accesibilidad,618.437463090585
19.4326,-99.1332,Conecta Al Abc ($38,38000.0,299.21259842519686,127.0,3,3.0,0,Amplio_Ejecutivo,AltaMarg_AltaGentrif,0.830531038273375,3.0,Alta_Accesibilidad,330.46776435848415
19.4071156,-99.1906167,Miguel Hidalgo,26000.0,371.42857142857144,70.0,1,1.0,0,Familiar_Chico,BajaMarg_AltaGentrif,0.8585849060226639,1.0,Media_Accesibilidad,749.9737885794543
19.4320972,-99.1771646,Miguel Hidalgo,46200.0,481.25,96.0,2,2.0,0,Familiar_Chico,BajaMarg_AltaGentrif,0.8585849060226639,1.0,Media_Accesibilidad,991.7860337690739
19.43353,-99.190915,Miguel Hidalgo,90000.0,321.42857142857144,280.0,3,3.0,0,Amplio_Ejecutivo,BajaMarg_AltaGentrif,0.8585849060226639,1.0,Alta_Accesibilidad,444.2627964713553
19.4071156,-99.1906167,Miguel Hidalgo,30000.0,361.4457831325301,83.0,2,2.0,0,Familiar_Chico,BajaMarg_AltaGentrif,0.8585849060226639,1.0,Media_Accesibilidad,749.9737885794543
19.4379452,-99.1624218,Cuauhtémoc,38400.0,498.7012987012987,77.0,2,2.0,0,Familiar_Chico,AltaMarg_AltaGentrif,0.830531038273375,3.0,Alta_Accesibilidad,574.0132665438462
19.442902,-99.2014215,Miguel Hidalgo,90000.0,375.0,240.0,3,3.0,0,Amplio_Ejecutivo,BajaMarg_AltaGentrif,0.8585849060226639,1.0,Media_Accesibilidad,1432.692904874115
19.3634921,-99.2127676,Lomas De Tarango,22000.0,297.2972972972973,74.0,2,2.0,0,Familiar_Chico,BajaMarg_AltaGentrif,0.830531038273375,1.0,Baja_Accesibilidad,2745.6861504777216
19.3465983,-99.2993588,Cuajimalpa de Morelos,40000.0,285.7142857142857,140.0,2,2.0,0,Amplio_Ejecutivo,BajaMarg_BajaGentrif,0.49427437331671703,1.0,Baja_Accesibilidad,11587.481502401353
19.4497398,-99.2150977,Miguel Hidalgo,20800.0,433.3333333333333,48.0,1,1.0,0,Studio/Micro,BajaMarg_AltaGentrif,0.8585849060226639,1.0,Baja_Accesibilidad,2135.6203207866383
19.4071156,-99.1906167,Miguel Hidalgo,50000.0,333.3333333333333,150.0,2,2.0,0,Amplio_Ejecutivo,BajaMarg_AltaGentrif,0.8585849060226639,1.0,Media_Accesibilidad,749.9737885794543
19.3616941,-99.1489143,Benito Juárez,23000.0,302.63157894736844,76.0,2,2.0,0,Familiar_Chico,BajaMarg_AltaGentrif,0.933319961735651,1.0,Media_Accesibilidad,685.1941436133152
19.4357865,-99.2062755,Polanco,50000.0,238.0952380952381,210.0,2,2.0,0,Amplio_Ejecutivo,BajaMarg_AltaGentrif,0.830531038273375,1.0,Baja_Accesibilidad,1662.1785841474398
19.382527,-99.2480389,Santa Fe,25000.0,500.0,50.0,1,1.0,0,Familiar_Chico,BajaMarg_AltaGentrif,0.830531038273375,1.0,Baja_Accesibilidad,5945.518918205572
19.3608929,-99.2684877,Cuajimalpa de Morelos,58000.0,495.7264957264957,117.0,3,2.0,0,Amplio_Ejecutivo,BajaMarg_BajaGentrif,0.49427437331671703,1.0,Baja_Accesibilidad,8414.3742206818
19.3930643,-99.1883397,San Pedro De Los Pinos,21500.0,438.7755102040816,49.0,1,1.0,0,Studio/Micro,AltaMarg_AltaGentrif,0.830531038273375,3.0,Media_Accesibilidad,823.6944459930794
19.3610393,-99.2612571,Álvaro Obregón,36000.0,360.0,100.0,1,1.0,0,Familiar_Chico,BajaMarg_BajaGentrif,0.0,1.0,Baja_Accesibilidad,7697.6116628461195
19.3769798,-99.2751709,Cuajimalpa de Morelos,60000.0,288.46153846153845,208.0,3,3.0,0,Amplio_Ejecutivo,BajaMarg_BajaGentrif,0.49427437331671703,1.0,Baja_Accesibilidad,8827.08723508779
19.3661536,-99.2637015,Álvaro Obregón,39000.0,390.0,100.0,1,1.0,0,Familiar_Chico,BajaMarg_BajaGentrif,0.0,1.0,Baja_Accesibilidad,7843.798372669942
19.4332704,-99.1476839,Cuauhtémoc,35600.0,508.57142857142856,70.0,2,2.0,0,Familiar_Chico,BajaMarg_AltaGentrif,0.830531038273375,1.0,Alta_Accesibilidad,135.35499198714845
19.4320972,-99.1771646,Miguel Hidalgo,38000.0,253.33333333333334,150.0,2,2.0,0,Amplio_Ejecutivo,BajaMarg_AltaGentrif,0.8585849060226639,1.0,Media_Accesibilidad,991.7860337690739
19.3905208,-99.1579016,Benito Juárez,33000.0,358.69565217391306,92.0,2,2.0,0,Familiar_Chico,AltaMarg_AltaGentrif,0.933319961735651,3.0,Alta_Accesibilidad,537.3083925162549
19.3865976,-99.2651314,Cuajimalpa de Morelos,90000.0,329.6703296703297,273.0,3,4.0,0,Amplio_Ejecutivo,AltaMarg_BajaGentrif,0.49427437331671703,2.0,Baja_Accesibilidad,7561.408566643877
19.4024446,-99.1051396,Iztacalco,12900.0,226.31578947368422,57.0,2,1.0,0,Familiar_Chico,AltaMarg_BajaGentrif,0.7626118203348291,3.0,Alta_Accesibilidad,618.209313847306
19.4172708,-99.1094928,000,19000.0,475.0,40.0,1,1.0,0,Studio/Micro,AltaMarg_AltaGentrif,0.830531038273375,2.0,Media_Accesibilidad,670.2705996240836
19.4683522,-99.1602096,Del Gas,24000.0,300.0,80.0,2,2.0,0,Familiar_Chico,AltaMarg_AltaGentrif,0.830531038273375,2.0,Baja_Accesibilidad,1672.2173873210886
19.3634921,-99.2127676,Lomas De Tarango,22000.0,349.2063492063492,63.0,2,2.0,0,Familiar_Chico,BajaMarg_AltaGentrif,0.830531038273375,1.0,Baja_Accesibilidad,2745.6861504777216
19.4005527,-99.2453489,Miguel Hidalgo,90000.0,329.6703296703297,273.0,3,4.0,0,Amplio_Ejecutivo,BajaMarg_AltaGentrif,0.8585849060226639,1.0,Baja_Accesibilidad,5374.835808851259
19.322674,-98.9705168,500,5500.0,23.91304347826087,230.0,3,1.0,0,Amplio_Ejecutivo,AltaMarg_AltaGentrif,0.830531038273375,2.0,Baja_Accesibilidad,5903.102592367168
19.3829999,-99.1670105,Del Valle Centro,27500.0,398.5507246376812,69.0,2,2.0,0,Familiar_Chico,BajaMarg_AltaGentrif,0.830531038273375,1.0,Media_Accesibilidad,973.4018800819285
19.2862342,-99.0705206,000,24000.0,500.0,48.0,1,1.0,0,Studio/Micro,AltaMarg_AltaGentrif,0.830531038273375,3.0,Baja_Accesibilidad,3266.1429158496417
19.2512963,-99.1160525,000,21000.0,437.5,48.0,1,1.0,0,Studio/Micro,BajaMarg_AltaGentrif,0.830531038273375,1.0,Baja_Accesibilidad,6416.516730249679
19.3865976,-99.2651314,Cuajimalpa de Morelos,70000.0,254.54545454545453,275.0,3,3.0,0,Amplio_Ejecutivo,AltaMarg_BajaGentrif,0.49427437331671703,2.0,Baja_Accesibilidad,7561.408566643877
19.3863183,-99.1736673,Insurgentes San Borja,42500.0,198.5981308411215,214.0,3,2.0,0,Amplio_Ejecutivo,BajaMarg_AltaGentrif,0.830531038273375,1.0,Media_Accesibilidad,1034.0403850997045
19.4326296,-99.1331785,Cuauhtémoc,30000.0,250.0,120.0,2,2.0,0,Amplio_Ejecutivo,AltaMarg_AltaGentrif,0.830531038273375,3.0,Alta_Accesibilidad,331.00531079168263
19.3914555,-99.1563683,Narvarte Poniente,26000.0,305.88235294117646,85.0,2,2.0,0,Familiar_Chico,AltaMarg_AltaGentrif,0.830531038273375,2.0,Alta_Accesibilidad,455.3348959342418
19.3896634,-99.1738081,Benito Juárez,25000.0,396.8253968253968,63.0,1,1.0,0,Familiar_Chico,BajaMarg_AltaGentrif,0.933319961735651,1.0,Media_Accesibilidad,1006.3491602454259
19.3661404,-99.2642857,Santa Fe,30000.0,468.75,64.0,1,1.0,0,Familiar_Chico,BajaMarg_AltaGentrif,0.830531038273375,1.0,Baja_Accesibilidad,7900.571017806561
19.4010801,-99.2327418,Lomas De Chapultepec,87000.0,148.97260273972603,584.0,3,3.0,0,Amplio_Ejecutivo,BajaMarg_AltaGentrif,0.830531038273375,1.0,Baja_Accesibilidad,4150.830853092264
19.3611655,-99.1700123,Xoco,43000.0,413.46153846153845,104.0,2,2.0,0,Amplio_Ejecutivo,BajaMarg_AltaGentrif,0.830531038273375,1.0,Media_Accesibilidad,666.2805547673167
19.3831073,-99.2541091,Granjas Palo Alto,52000.0,376.81159420289856,138.0,3,3.0,0,Amplio_Ejecutivo,AltaMarg_AltaGentrif,0.830531038273375,2.0,Baja_Accesibilidad,6543.643729094242
19.3667625,-99.267075,Cuajimalpa de Morelos,45000.0,326.0869565217391,138.0,3,2.0,0,Amplio_Ejecutivo,BajaMarg_BajaGentrif,0.49427437331671703,1.0,Baja_Accesibilidad,8161.147776796086
19.3589134,-99.2897836,Cuajimalpa de Morelos,25000.0,390.625,64.0,1,2.0,0,Familiar_Chico,AltaMarg_BajaGentrif,0.49427437331671703,3.0,Baja_Accesibilidad,10518.639097129935
19.3356766,-99.2512281,Olivar De Los Padres,70000.0,269.2307692307692,260.0,3,4.0,0,Amplio_Ejecutivo,AltaMarg_AltaGentrif,0.830531038273375,2.0,Baja_Accesibilidad,6763.894032232404
19.4305785,-99.1951637,Polanco,195000.0,493.67088607594934,395.0,4,3.0,0,Amplio_Familiar,BajaMarg_AltaGentrif,0.830531038273375,1.0,Media_Accesibilidad,709.736005168958
19.3676459,-99.1824511,Mixcoac,73000.0,293.17269076305223,249.0,3,3.0,0,Amplio_Ejecutivo,BajaMarg_AltaGentrif,0.830531038273375,1.0,Alta_Accesibilidad,614.228576788863
19.382527,-99.2480389,Santa Fe,33000.0,392.85714285714283,84.0,2,2.0,0,Familiar_Chico,BajaMarg_AltaGentrif,0.830531038273375,1.0,Baja_Accesibilidad,5945.518918205572
19.4058335,-99.1633037,Cuauhtémoc,65000.0,201.23839009287926,323.0,3,2.0,0,Amplio_Ejecutivo,AltaMarg_AltaGentrif,0.830531038273375,3.0,Alta_Accesibilidad,609.7826521894331
19.3634921,-99.2127676,Lomas De Tarango,25000.0,357.14285714285717,70.0,2,2.0,0,Familiar_Chico,BajaMarg_AltaGentrif,0.830531038273375,1.0,Baja_Accesibilidad,2745.6861504777216
19.3624038,-99.2866403,Cuajimalpa de Morelos,36500.0,439.7590361445783,83.0,2,2.0,0,Familiar_Chico,BajaMarg_BajaGentrif,0.49427437331671703,1.0,Baja_Accesibilidad,10165.289843424114
19.386435,-99.2403509,Lomas De Santa Fe,70000.0,259.25925925925924,270.0,3,2.0,0,Amplio_Ejecutivo,BajaMarg_AltaGentrif,0.830531038273375,1.0,Baja_Accesibilidad,5078.05222180511
19.429232,-99.1810604,Rincón Del Bosque,110000.0,458.3333333333333,240.0,3,2.0,0,Amplio_Ejecutivo,BajaMarg_AltaGentrif,0.830531038273375,1.0,Media_Accesibilidad,725.5296040503538
19.3634921,-99.2127676,Lomas De Tarango,17500.0,406.9767441860465,43.0,1,1.0,0,Studio/Micro,BajaMarg_AltaGentrif,0.830531038273375,1.0,Baja_Accesibilidad,2745.6861504777216
19.4284817,-99.2011758,Polanco,80000.0,301.8867924528302,265.0,3,2.0,0,Amplio_Ejecutivo,BajaMarg_AltaGentrif,0.830531038273375,1.0,Media_Accesibilidad,996.5206237540639
19.4236722,-99.1707383,Juárez,35000.0,406.9767441860465,86.0,2,2.0,0,Familiar_Chico,AltaMarg_AltaGentrif,0.830531038273375,2.0,Alta_Accesibilidad,193.64897839564668
19.3634921,-99.2127676,Lomas De Tarango,30000.0,329.6703296703297,91.0,3,2.0,0,Familiar_Grande,BajaMarg_AltaGentrif,0.830531038273375,1.0,Baja_Accesibilidad,2745.6861504777216
19.2989654,-99.1539411,Coyoacán,31500.0,140.0,225.0,3,2.0,0,Amplio_Ejecutivo,BajaMarg_BajaGentrif,0.750956198657275,1.0,Baja_Accesibilidad,2943.6683882333236
19.3583747,-99.2518942,Álvaro Obregón,18000.0,300.0,60.0,1,1.0,0,Familiar_Chico,AltaMarg_BajaGentrif,0.0,3.0,Baja_Accesibilidad,6707.995891261642
19.4058335,-99.1633037,Cuauhtémoc,37200.0,489.4736842105263,76.0,2,2.0,0,Familiar_Chico,AltaMarg_AltaGentrif,0.830531038273375,3.0,Alta_Accesibilidad,609.7826521894331
19.43353,-99.190915,Polanco,60000.0,300.0,200.0,2,2.0,0,Amplio_Ejecutivo,BajaMarg_AltaGentrif,0.830531038273375,1.0,Alta_Accesibilidad,444.2627964713553
19.3896634,-99.1738081,Benito Juárez,37000.0,373.73737373737373,99.0,2,2.0,0,Familiar_Chico,BajaMarg_AltaGentrif,0.933319961735651,1.0,Media_Accesibilidad,1006.3491602454259
19.3631581,-99.2779741,Cuajimalpa de Morelos,30000.0,375.0,80.0,2,2.0,0,Familiar_Chico,BajaMarg_BajaGentrif,0.49427437331671703,1.0,Baja_Accesibilidad,9292.950761354577
19.4071156,-99.1906167,Miguel Hidalgo,93000.0,324.0418118466899,287.0,2,2.0,0,Amplio_Ejecutivo,BajaMarg_AltaGentrif,0.8585849060226639,1.0,Media_Accesibilidad,749.9737885794543
19.4148639,-99.176429,Condesa,55000.0,500.0,110.0,2,2.0,0,Amplio_Ejecutivo,AltaMarg_AltaGentrif,0.830531038273375,2.0,Media_Accesibilidad,725.1757598203221
19.43353,-99.190915,Miguel Hidalgo,5000.0,20.0,250.0,2,2.0,0,Amplio_Ejecutivo,BajaMarg_AltaGentrif,0.8585849060226639,1.0,Alta_Accesibilidad,444.2627964713553
19.43353,-99.190915,Miguel Hidalgo,75000.0,250.0,300.0,3,2.0,0,Amplio_Ejecutivo,BajaMarg_AltaGentrif,0.8585849060226639,1.0,Alta_Accesibilidad,444.2627964713553
19.442902,-99.2014215,Miguel Hidalgo,60000.0,508.47457627118644,118.0,2,3.0,0,Amplio_Ejecutivo,BajaMarg_AltaGentrif,0.8585849060226639,1.0,Media_Accesibilidad,1432.692904874115
19.43353,-99.190915,Miguel Hidalgo,76000.0,400.0,190.0,3,2.0,0,Amplio_Ejecutivo,BajaMarg_AltaGentrif,0.8585849060226639,1.0,Alta_Accesibilidad,444.2627964713553
19.4079309,-99.1411061,Obrera,8000.0,160.0,50.0,2,1.0,0,Familiar_Chico,AltaMarg_AltaGentrif,0.830531038273375,4.0,Media_Accesibilidad,705.776662925311
19.4326,-99.1332,El Jaguey,13200.0,227.58620689655172,58.0,2,2.0,0,Familiar_Chico,AltaMarg_AltaGentrif,0.830531038273375,3.0,Alta_Accesibilidad,330.46776435848415
19.4098964,-99.1816196,Hipódromo Condesa,19900.0,382.6923076923077,52.0,2,1.0,0,Familiar_Chico,BajaMarg_AltaGentrif,0.830531038273375,1.0,Alta_Accesibilidad,504.89062810477645
19.3109654,-99.0690446,San Lorenzo Tezonco,9500.0,237.5,40.0,2,1.0,0,Studio/Micro,AltaMarg_AltaGentrif,0.830531038273375,5.0,Baja_Accesibilidad,1833.6067647156358
19.5049574,-99.1536746,Gustavo A. Madero,14000.0,274.5098039215686,51.0,2,1.0,0,Familiar_Chico,AltaMarg_BajaGentrif,0.829803447501769,2.0,Alta_Accesibilidad,507.73026377722636
19.3805692,-99.1646131,Del Valle Centro,32500.0,225.69444444444446,144.0,3,2.0,0,Amplio_Ejecutivo,BajaMarg_AltaGentrif,0.830531038273375,1.0,Media_Accesibilidad,678.7626119240108
19.3763271,-99.2031179,Álvaro Obregón,12000.0,266.6666666666667,45.0,1,1.0,0,Studio/Micro,AltaMarg_BajaGentrif,0.0,4.0,Baja_Accesibilidad,1886.5077236769966
19.4326,-99.1332,Colina Del Sur,19000.0,215.9090909090909,88.0,3,2.0,0,Familiar_Grande,AltaMarg_AltaGentrif,0.830531038273375,3.0,Alta_Accesibilidad,330.46776435848415
19.3348794,-99.2004274,Álvaro Obregón,31500.0,221.83098591549296,142.0,3,3.0,0,Amplio_Ejecutivo,BajaMarg_BajaGentrif,0.0,1.0,Baja_Accesibilidad,1799.0615157412758
19.3865622,-99.2251761,Cuevitas,24500.0,242.5742574257426,101.0,2,2.0,0,Amplio_Ejecutivo,AltaMarg_AltaGentrif,0.830531038273375,3.0,Baja_Accesibilidad,3574.327969451811
19.3919278,-99.1742466,Nápoles,40000.0,294.11764705882354,136.0,3,2.0,0,Amplio_Ejecutivo,AltaMarg_AltaGentrif,0.830531038273375,2.0,Media_Accesibilidad,1089.625284520157
19.4527054,-99.213047,Lomas De Sotelo,16700.0,451.35135135135135,37.0,1,1.0,0,Studio/Micro,BajaMarg_AltaGentrif,0.830531038273375,1.0,Baja_Accesibilidad,2017.3725335158076
19.4527054,-99.213047,Lomas De Sotelo,20800.0,433.3333333333333,48.0,1,1.0,0,Studio/Micro,BajaMarg_AltaGentrif,0.830531038273375,1.0,Baja_Accesibilidad,2017.3725335158076
19.3894638,-99.1963218,San Pedro De Los Pinos,19400.0,366.0377358490566,53.0,1,1.0,0,Familiar_Chico,BajaMarg_AltaGentrif,0.830531038273375,1.0,Media_Accesibilidad,1385.0265051955648
19.3763271,-99.2031179,Álvaro Obregón,9200.0,230.0,40.0,1,1.0,0,Studio/Micro,AltaMarg_BajaGentrif,0.0,4.0,Baja_Accesibilidad,1886.5077236769966
19.407504,-99.0630645,Agrícola Pantitlan,10000.0,175.43859649122808,57.0,2,1.0,0,Familiar_Chico,AltaMarg_AltaGentrif,0.830531038273375,4.0,Media_Accesibilidad,1079.445365724677
19.4071156,-99.1906167,Miguel Hidalgo,120000.0,222.22222222222223,540.0,4,5.0,0,Amplio_Familiar,BajaMarg_AltaGentrif,0.8585849060226639,1.0,Media_Accesibilidad,749.9737885794543
19.3881071,-99.2511696,Cuajimalpa de Morelos,130000.0,291.47982062780267,446.0,3,3.0,0,Amplio_Ejecutivo,BajaMarg_BajaGentrif,0.49427437331671703,1.0,Baja_Accesibilidad,6138.247135334897
19.3524354,-99.288271,Las Tinajas,120000.0,400.0,300.0,3,3.0,0,Amplio_Ejecutivo,AltaMarg_AltaGentrif,0.830531038273375,2.0,Baja_Accesibilidad,10426.989868293025
19.4427035,-99.1545607,Santa María La Ribera,23000.0,219.04761904761904,105.0,3,2.0,0,Amplio_Ejecutivo,AltaMarg_AltaGentrif,0.830531038273375,3.0,Alta_Accesibilidad,402.2905233663479
19.425671,-99.1545829,Juarez,39200.0,461.1764705882353,85.0,2,2.0,0,Familiar_Chico,AltaMarg_AltaGentrif,0.830531038273375,2.0,Alta_Accesibilidad,183.3634329679846
19.4404871,-99.2018771,Granada,37500.0,394.7368421052632,95.0,2,2.0,0,Familiar_Chico,BajaMarg_AltaGentrif,0.830531038273375,1.0,Media_Accesibilidad,1426.5579717123903
19.43353,-99.190915,Miguel Hidalgo,45000.0,375.0,120.0,2,2.0,0,Amplio_Ejecutivo,BajaMarg_AltaGentrif,0.8585849060226639,1.0,Alta_Accesibilidad,444.2627964713553
19.3679153,-99.1634908,Santa Cruz Atoyac,23000.0,258.4269662921348,89.0,2,2.0,0,Familiar_Chico,BajaMarg_AltaGentrif,0.830531038273375,1.0,Alta_Accesibilidad,378.2894369217306
19.43353,-99.190915,Miguel Hidalgo,55000.0,458.3333333333333,120.0,2,2.0,0,Amplio_Ejecutivo,BajaMarg_AltaGentrif,0.8585849060226639,1.0,Alta_Accesibilidad,444.2627964713553
19.425671,-99.1545829,Juarez,24300.0,506.25,48.0,1,1.0,0,Studio/Micro,AltaMarg_AltaGentrif,0.830531038273375,2.0,Alta_Accesibilidad,183.3634329679846
19.4071156,-99.1906167,Miguel Hidalgo,26000.0,346.6666666666667,75.0,2,1.0,0,Familiar_Chico,BajaMarg_AltaGentrif,0.8585849060226639,1.0,Media_Accesibilidad,749.9737885794543
19.3651901,-99.1879687,San Jose Insurgentes,28900.0,344.04761904761904,84.0,2,2.0,0,Familiar_Chico,BajaMarg_AltaGentrif,0.830531038273375,1.0,Media_Accesibilidad,638.0480035487283
19.3816165,-99.2540447,Granjas Palo Alto,27000.0,457.6271186440678,59.0,1,1.0,0,Familiar_Chico,AltaMarg_AltaGentrif,0.830531038273375,2.0,Baja_Accesibilidad,6573.087694522125
19.4096901,-99.1400781,Obrera,22000.0,176.0,125.0,3,2.0,0,Amplio_Ejecutivo,AltaMarg_AltaGentrif,0.830531038273375,4.0,Media_Accesibilidad,792.6070169476004
19.3837754,-99.1975367,Álvaro Obregón,20900.0,278.6666666666667,75.0,3,2.0,0,Familiar_Grande,BajaMarg_BajaGentrif,0.0,1.0,Media_Accesibilidad,1496.250311591246
19.3581682,-99.272261,Cuajimalpa de Morelos,33500.0,301.8018018018018,111.0,2,2.0,0,Amplio_Ejecutivo,BajaMarg_BajaGentrif,0.49427437331671703,1.0,Baja_Accesibilidad,8801.23140399282
19.3414588,-99.2039739,Progreso,20000.0,256.4102564102564,78.0,2,2.0,0,Familiar_Chico,BajaMarg_AltaGentrif,0.830531038273375,1.0,Baja_Accesibilidad,1993.1644582730423
19.4018347,-99.2076827,000,16000.0,296.2962962962963,54.0,2,2.0,0,Familiar_Chico,AltaMarg_AltaGentrif,0.830531038273375,2.0,Baja_Accesibilidad,1750.6663128656946
19.2496596,-99.004892,Los Olivos,7000.0,100.0,70.0,2,1.0,0,Familiar_Chico,AltaMarg_AltaGentrif,0.830531038273375,3.0,Baja_Accesibilidad,7857.524541352963
19.4666602,-99.1569296,Azcapotzalco,18500.0,276.1194029850746,67.0,2,2.0,0,Familiar_Chico,AltaMarg_BajaGentrif,0.7799341145447056,2.0,Media_Accesibilidad,1479.941822259632
19.4366728,-99.1896133,Miguel Hidalgo,50000.0,416.6666666666667,120.0,4,2.0,0,Amplio_Familiar,BajaMarg_AltaGentrif,0.8585849060226639,1.0,Media_Accesibilidad,695.299106912289
19.4836891,-99.1282015,Edif. B,11000.0,196.42857142857142,56.0,2,2.0,0,Familiar_Chico,AltaMarg_AltaGentrif,0.830531038273375,2.0,Alta_Accesibilidad,372.63703455198925
19.3002332,-99.1428857,Viejo Ejido De Santa Ursula Coapa,8500.0,188.88888888888889,45.0,1,1.0,0,Studio/Micro,AltaMarg_AltaGentrif,0.830531038273375,4.0,Baja_Accesibilidad,3616.7609955680045
19.4022891,-99.128291,Viaducto Piedad,10000.0,181.8181818181818,55.0,2,1.0,0,Familiar_Chico,AltaMarg_AltaGentrif,0.830531038273375,3.0,Media_Accesibilidad,638.332817073785
19.3881299,-99.1832216,San Pedro De Los Pinos,16000.0,246.15384615384616,65.0,2,1.0,0,Familiar_Chico,AltaMarg_AltaGentrif,0.830531038273375,2.0,Media_Accesibilidad,782.5552616071584
19.49498,-99.1908886,Azcapotzalco,15000.0,250.0,60.0,2,2.0,0,Familiar_Chico,AltaMarg_BajaGentrif,0.7799341145447056,4.0,Media_Accesibilidad,734.6546074363591
19.4148639,-99.176429,Cuauhtémoc,38000.0,200.0,190.0,3,2.0,0,Amplio_Ejecutivo,AltaMarg_AltaGentrif,0.830531038273375,2.0,Media_Accesibilidad,725.1757598203221
19.4326,-99.1332,Villas Del Pedregal,13000.0,200.0,65.0,2,1.0,0,Familiar_Chico,AltaMarg_AltaGentrif,0.830531038273375,3.0,Alta_Accesibilidad,330.46776435848415
19.3861406,-99.0818976,Real Del Moral,12000.0,141.1764705882353,85.0,3,1.0,0,Familiar_Grande,BajaMarg_AltaGentrif,0.830531038273375,1.0,Baja_Accesibilidad,1633.8451126513692
19.4632577,-99.167546,Nueva Santa María,13000.0,216.66666666666666,60.0,1,1.0,0,Familiar_Chico,AltaMarg_AltaGentrif,0.830531038273375,2.0,Media_Accesibilidad,1480.7727449661875
19.4385126,-99.1637043,San Rafael,16000.0,296.2962962962963,54.0,2,1.0,0,Familiar_Chico,AltaMarg_AltaGentrif,0.830531038273375,3.0,Media_Accesibilidad,651.8700136134872
19.4144718,-99.0717501,Agrícola Pantitlan,10000.0,136.986301369863,73.0,2,1.0,0,Familiar_Chico,AltaMarg_AltaGentrif,0.830531038273375,2.0,Alta_Accesibilidad,199.16583376080405
19.4519284,-99.1901766,San Juanico,15000.0,326.0869565217391,46.0,2,1.0,0,Studio/Micro,AltaMarg_AltaGentrif,0.830531038273375,2.0,Media_Accesibilidad,1422.9440373590028
19.4838908,-99.1843937,Azcapotzalco,17000.0,283.3333333333333,60.0,2,1.0,0,Familiar_Chico,BajaMarg_BajaGentrif,0.7799341145447056,1.0,Media_Accesibilidad,1051.9265434255203
19.4541371,-99.1254576,Cuauhtémoc,13000.0,185.71428571428572,70.0,2,1.0,0,Familiar_Chico,AltaMarg_AltaGentrif,0.830531038273375,2.0,Media_Accesibilidad,643.4542463852332
19.4894221,-99.1118532,Triunfo De La República,12900.0,113.15789473684211,114.0,3,1.0,0,Amplio_Ejecutivo,AltaMarg_AltaGentrif,0.830531038273375,4.0,Alta_Accesibilidad,570.2047933020976
19.4837742,-99.2101951,San Pedro Xalpa,22000.0,241.75824175824175,91.0,3,2.0,0,Familiar_Grande,AltaMarg_AltaGentrif,0.830531038273375,3.0,Baja_Accesibilidad,2050.924544063514
19.3610393,-99.2612571,Álvaro Obregón,25500.0,277.17391304347825,92.0,2,2.0,0,Familiar_Chico,BajaMarg_BajaGentrif,0.0,1.0,Baja_Accesibilidad,7697.6116628461195
19.3063387,-99.2259026,Tlalpan,30000.0,300.0,100.0,2,2.0,0,Familiar_Chico,BajaMarg_BajaGentrif,0.3919311241687132,1.0,Baja_Accesibilidad,4990.113253247911
19.3615374,-99.1528217,Portales,25000.0,320.5128205128205,78.0,2,2.0,0,Familiar_Chico,BajaMarg_AltaGentrif,0.830531038273375,1.0,Alta_Accesibilidad,528.7658254121368
19.4564547,-99.1804554,Popotla,18500.0,280.3030303030303,66.0,2,2.0,0,Familiar_Chico,AltaMarg_AltaGentrif,0.830531038273375,2.0,Media_Accesibilidad,998.379647487757
19.454476,-99.1389907,165-A,11000.0,244.44444444444446,45.0,2,1.0,0,Studio/Micro,AltaMarg_AltaGentrif,0.830531038273375,2.0,Alta_Accesibilidad,431.78607914836306
19.3275547,-99.2324626,San Jerónimo,25000.0,176.05633802816902,142.0,3,2.0,0,Amplio_Ejecutivo,AltaMarg_AltaGentrif,0.830531038273375,2.0,Baja_Accesibilidad,5200.759404610068
19.3837754,-99.1975367,Carola,21900.0,336.9230769230769,65.0,2,2.0,0,Familiar_Chico,BajaMarg_AltaGentrif,0.830531038273375,1.0,Media_Accesibilidad,1496.250311591246
19.3465983,-99.2993588,Cuajimalpa de Morelos,17000.0,303.57142857142856,56.0,2,1.0,0,Familiar_Chico,BajaMarg_BajaGentrif,0.49427437331671703,1.0,Baja_Accesibilidad,11587.481502401353
19.4214424,-99.14322,Cuauhtémoc,16000.0,228.57142857142858,70.0,2,1.0,0,Familiar_Chico,BajaMarg_AltaGentrif,0.830531038273375,1.0,Alta_Accesibilidad,290.36036634838484
19.4291371,-99.1338374,579,20600.0,307.46268656716416,67.0,1,1.0,0,Familiar_Chico,AltaMarg_AltaGentrif,0.830531038273375,3.0,Alta_Accesibilidad,361.30565783353313
19.4326296,-99.1331785,Cuauhtémoc,52800.0,356.7567567567568,148.0,2,2.0,0,Amplio_Ejecutivo,AltaMarg_AltaGentrif,0.830531038273375,3.0,Alta_Accesibilidad,331.00531079168263
19.4326296,-99.1331785,5922,28500.0,351.85185185185185,81.0,2,2.0,0,Familiar_Chico,AltaMarg_AltaGentrif,0.830531038273375,3.0,Alta_Accesibilidad,331.00531079168263
19.3968313,-99.148853,Narvarte Oriente,17000.0,212.5,80.0,2,1.0,0,Familiar_Chico,AltaMarg_AltaGentrif,0.830531038273375,2.0,Alta_Accesibilidad,530.0267582460741
19.3465983,-99.2993588,Cuajimalpa de Morelos,25000.0,347.22222222222223,72.0,1,1.0,0,Familiar_Chico,BajaMarg_BajaGentrif,0.49427437331671703,1.0,Baja_Accesibilidad,11587.481502401353
19.3465983,-99.2993588,Cuajimalpa de Morelos,20000.0,317.46031746031747,63.0,2,1.0,0,Familiar_Chico,BajaMarg_BajaGentrif,0.49427437331671703,1.0,Baja_Accesibilidad,11587.481502401353
19.409,-99.0670722,Agrícola Pantitlan,10500.0,198.11320754716982,53.0,2,1.0,0,Familiar_Chico,AltaMarg_AltaGentrif,0.830531038273375,4.0,Media_Accesibilidad,817.2265833684153
19.3881071,-99.2511696,Cuajimalpa de Morelos,130000.0,309.5238095238095,420.0,3,3.0,0,Amplio_Ejecutivo,BajaMarg_BajaGentrif,0.49427437331671703,1.0,Baja_Accesibilidad,6138.247135334897
19.3782606,-99.2493727,000,115000.0,331.4121037463977,347.0,3,3.0,0,Amplio_Ejecutivo,BajaMarg_AltaGentrif,0.830531038273375,1.0,Baja_Accesibilidad,6205.895569293951
19.343659,-99.2214798,Col. Tetelpan,38800.0,198.97435897435898,195.0,2,2.0,0,Amplio_Ejecutivo,AltaMarg_AltaGentrif,0.830531038273375,3.0,Baja_Accesibilidad,3624.9369095806587
19.3631581,-99.2779741,Cuajimalpa de Morelos,60000.0,359.2814371257485,167.0,3,3.0,0,Amplio_Ejecutivo,BajaMarg_BajaGentrif,0.49427437331671703,1.0,Baja_Accesibilidad,9292.950761354577
19.3711133,-99.2535222,321,45000.0,300.0,150.0,2,2.0,0,Amplio_Ejecutivo,BajaMarg_AltaGentrif,0.830531038273375,1.0,Baja_Accesibilidad,6768.702362499348
19.4212647,-99.1405798,Obrera,20500.0,160.15625,128.0,2,2.0,0,Amplio_Ejecutivo,AltaMarg_AltaGentrif,0.830531038273375,2.0,Alta_Accesibilidad,459.12609637330667
19.3465983,-99.2993588,Cuajimalpa de Morelos,32000.0,432.43243243243245,74.0,2,1.0,0,Familiar_Chico,BajaMarg_BajaGentrif,0.49427437331671703,1.0,Baja_Accesibilidad,11587.481502401353
19.3431039,-99.0687056,Los Ángeles,7500.0,170.45454545454547,44.0,2,1.0,0,Studio/Micro,AltaMarg_AltaGentrif,0.830531038273375,3.0,Baja_Accesibilidad,1756.158151373875
19.3997502,-99.158611,S/N,55000.0,381.94444444444446,144.0,3,3.0,0,Amplio_Ejecutivo,AltaMarg_AltaGentrif,0.830531038273375,2.0,Media_Accesibilidad,627.9141615815411
19.4622225,-99.1777699,Obrero Popular,19500.0,367.92452830188677,53.0,2,2.0,0,Familiar_Chico,AltaMarg_AltaGentrif,0.830531038273375,3.0,Media_Accesibilidad,1259.4667890572605
19.3293063,-99.0629317,000,65000.0,411.39240506329116,158.0,2,2.0,0,Amplio_Ejecutivo,AltaMarg_AltaGentrif,0.830531038273375,4.0,Baja_Accesibilidad,2802.220207010569
19.4527054,-99.213047,Lomas De Sotelo,30700.0,451.47058823529414,68.0,2,1.0,0,Familiar_Chico,BajaMarg_AltaGentrif,0.830531038273375,1.0,Baja_Accesibilidad,2017.3725335158076
19.4407616,-99.090658,Pensador Mexicano,8000.0,200.0,40.0,2,1.0,0,Studio/Micro,AltaMarg_AltaGentrif,0.830531038273375,4.0,Alta_Accesibilidad,497.5881836715883
19.3918534,-99.0856835,El Rodeo,9000.0,200.0,45.0,1,1.0,0,Studio/Micro,AltaMarg_AltaGentrif,0.830531038273375,3.0,Media_Accesibilidad,1252.1133819655706
19.2181385,-99.0506388,800,17800.0,356.0,50.0,2,2.0,0,Familiar_Chico,AltaMarg_AltaGentrif,0.830531038273375,4.0,Baja_Accesibilidad,9351.195512151504
19.3532702,-99.1731614,Coyoacán,28000.0,400.0,70.0,2,1.0,0,Familiar_Chico,BajaMarg_BajaGentrif,0.750956198657275,1.0,Media_Accesibilidad,692.8013147040513
19.4402557,-99.1926322,Miguel Hidalgo,36000.0,450.0,80.0,2,1.0,0,Familiar_Chico,BajaMarg_AltaGentrif,0.8585849060226639,1.0,Media_Accesibilidad,926.8825185861144
19.4353483,-99.184077,Polanco,78000.0,278.57142857142856,280.0,3,2.0,0,Amplio_Ejecutivo,BajaMarg_AltaGentrif,0.830531038273375,1.0,Media_Accesibilidad,754.0081797494148
19.3827017,-99.208678,000,35000.0,318.1818181818182,110.0,2,2.0,0,Amplio_Ejecutivo,AltaMarg_AltaGentrif,0.830531038273375,4.0,Baja_Accesibilidad,2359.334119987793
19.4172708,-99.1094928,000,19000.0,215.9090909090909,88.0,3,2.0,0,Familiar_Grande,AltaMarg_AltaGentrif,0.830531038273375,2.0,Media_Accesibilidad,670.2705996240836
19.3465983,-99.2993588,Cuajimalpa de Morelos,55000.0,314.2857142857143,175.0,3,2.0,0,Amplio_Ejecutivo,BajaMarg_BajaGentrif,0.49427437331671703,1.0,Baja_Accesibilidad,11587.481502401353
19.4455746,-99.1634079,Santa María La Ribera,18500.0,293.6507936507937,63.0,2,2.0,0,Familiar_Chico,AltaMarg_AltaGentrif,0.830531038273375,3.0,Media_Accesibilidad,829.0540665537069
19.4183227,-99.1625655,Cuauhtémoc,47000.0,408.69565217391306,115.0,2,2.0,0,Amplio_Ejecutivo,AltaMarg_AltaGentrif,0.830531038273375,2.0,Alta_Accesibilidad,451.54832230219273
19.4567645,-99.184387,Popotla,15500.0,310.0,50.0,2,1.0,0,Familiar_Chico,AltaMarg_AltaGentrif,0.830531038273375,3.0,Media_Accesibilidad,1272.188049374488
19.3628735,-99.1920515,Los Alpes,26000.0,270.8333333333333,96.0,2,2.0,0,Familiar_Chico,AltaMarg_AltaGentrif,0.830531038273375,2.0,Media_Accesibilidad,756.7872312232867
19.4519284,-99.1901766,Miguel Hidalgo,15000.0,197.3684210526316,76.0,2,1.0,0,Familiar_Chico,AltaMarg_AltaGentrif,0.8585849060226639,2.0,Media_Accesibilidad,1422.9440373590028
19.4562386,-99.2079204,Argentina Poniente,16000.0,253.96825396825398,63.0,2,1.0,0,Familiar_Chico,AltaMarg_AltaGentrif,0.830531038273375,3.0,Baja_Accesibilidad,1859.3103915423076
19.3479943,-99.253998,Álvaro Obregón,50000.0,232.5581395348837,215.0,2,2.0,0,Amplio_Ejecutivo,BajaMarg_BajaGentrif,0.0,1.0,Baja_Accesibilidad,6868.704425426121
19.3197812,-99.2073801,Álvaro Obregón,25000.0,500.0,50.0,0,1.0,0,Familiar_Chico,BajaMarg_BajaGentrif,0.0,1.0,Baja_Accesibilidad,2881.0539947377
19.4332704,-99.1476839,Cuauhtémoc,24300.0,506.25,48.0,1,1.0,0,Studio/Micro,BajaMarg_AltaGentrif,0.830531038273375,1.0,Alta_Accesibilidad,135.35499198714845
19.43353,-99.190915,Miguel Hidalgo,98000.0,490.0,200.0,2,2.0,0,Amplio_Ejecutivo,BajaMarg_AltaGentrif,0.8585849060226639,1.0,Alta_Accesibilidad,444.2627964713553
19.4402557,-99.1926322,Miguel Hidalgo,85000.0,429.2929292929293,198.0,2,2.0,0,Amplio_Ejecutivo,BajaMarg_AltaGentrif,0.8585849060226639,1.0,Media_Accesibilidad,926.8825185861144
19.4360737,-99.1539172,Cuauhtémoc,37300.0,466.25,80.0,1,1.0,0,Familiar_Chico,BajaMarg_AltaGentrif,0.830531038273375,1.0,Alta_Accesibilidad,248.2217711481182
19.4058335,-99.1633037,Cuauhtémoc,42000.0,381.8181818181818,110.0,2,2.0,0,Amplio_Ejecutivo,AltaMarg_AltaGentrif,0.830531038273375,3.0,Alta_Accesibilidad,609.7826521894331
19.4058335,-99.1633037,Cuauhtémoc,40000.0,363.6363636363636,110.0,2,2.0,0,Amplio_Ejecutivo,AltaMarg_AltaGentrif,0.830531038273375,3.0,Alta_Accesibilidad,609.7826521894331
19.3581682,-99.272261,Cuajimalpa de Morelos,16000.0,160.0,100.0,1,1.0,0,Familiar_Chico,BajaMarg_BajaGentrif,0.49427437331671703,1.0,Baja_Accesibilidad,8801.23140399282
19.43353,-99.190915,Miguel Hidalgo,58500.0,387.4172185430464,151.0,2,2.0,0,Amplio_Ejecutivo,BajaMarg_AltaGentrif,0.8585849060226639,1.0,Alta_Accesibilidad,444.2627964713553
19.43353,-99.190915,Miguel Hidalgo,59800.0,385.80645161290323,155.0,2,2.0,0,Amplio_Ejecutivo,BajaMarg_AltaGentrif,0.8585849060226639,1.0,Alta_Accesibilidad,444.2627964713553
19.4402557,-99.1926322,Miguel Hidalgo,43000.0,307.14285714285717,140.0,3,2.0,0,Amplio_Ejecutivo,BajaMarg_AltaGentrif,0.8585849060226639,1.0,Media_Accesibilidad,926.8825185861144
19.4210896,-99.2184637,Miguel Hidalgo,10500.0,20.192307692307693,520.0,3,4.0,0,Amplio_Ejecutivo,BajaMarg_AltaGentrif,0.8585849060226639,1.0,Baja_Accesibilidad,2855.497540188191
19.4324484,-99.1360896,Cuauhtémoc,22900.0,432.07547169811323,53.0,1,1.0,0,Familiar_Chico,AltaMarg_AltaGentrif,0.830531038273375,3.0,Alta_Accesibilidad,375.1134994415067
19.4031893,-99.2341742,Miguel Hidalgo,33000.0,300.0,110.0,2,1.0,0,Amplio_Ejecutivo,BajaMarg_AltaGentrif,0.8585849060226639,1.0,Baja_Accesibilidad,4282.782530413187
19.3267187,-99.22256,La Magdalena Contreras,27000.0,509.4339622641509,53.0,1,1.0,0,Familiar_Chico,AltaMarg_BajaGentrif,0.3233249370829295,2.0,Baja_Accesibilidad,4231.333855803611
19.4093714,-99.1712126,Cuauhtémoc,32000.0,355.55555555555554,90.0,2,2.0,0,Familiar_Chico,AltaMarg_AltaGentrif,0.830531038273375,2.0,Alta_Accesibilidad,514.202520508241
19.43353,-99.190915,Miguel Hidalgo,100000.0,333.3333333333333,300.0,3,3.0,0,Amplio_Ejecutivo,BajaMarg_AltaGentrif,0.8585849060226639,1.0,Alta_Accesibilidad,444.2627964713553
19.3694718,-99.1771253,Benito Juárez,26000.0,262.62626262626264,99.0,2,3.0,0,Familiar_Chico,BajaMarg_AltaGentrif,0.933319961735651,1.0,Alta_Accesibilidad,426.5027477946791
19.3631581,-99.2779741,Cuajimalpa de Morelos,35000.0,411.7647058823529,85.0,2,2.0,0,Familiar_Chico,BajaMarg_BajaGentrif,0.49427437331671703,1.0,Baja_Accesibilidad,9292.950761354577
19.4482601,-99.2187752,Miguel Hidalgo,31000.0,382.71604938271605,81.0,2,2.0,0,Familiar_Chico,BajaMarg_AltaGentrif,0.8585849060226639,1.0,Baja_Accesibilidad,2336.9005952615985
19.4482601,-99.2187752,Miguel Hidalgo,31000.0,378.0487804878049,82.0,2,2.0,0,Familiar_Chico,BajaMarg_AltaGentrif,0.8585849060226639,1.0,Baja_Accesibilidad,2336.9005952615985
19.4497398,-99.2150977,Miguel Hidalgo,20600.0,361.4035087719298,57.0,1,1.0,0,Familiar_Chico,BajaMarg_AltaGentrif,0.8585849060226639,1.0,Baja_Accesibilidad,2135.6203207866383
19.43353,-99.190915,Miguel Hidalgo,50000.0,500.0,100.0,2,2.0,0,Familiar_Chico,BajaMarg_AltaGentrif,0.8585849060226639,1.0,Alta_Accesibilidad,444.2627964713553
19.43353,-99.190915,Miguel Hidalgo,78000.0,315.7894736842105,247.0,3,2.0,0,Amplio_Ejecutivo,BajaMarg_AltaGentrif,0.8585849060226639,1.0,Alta_Accesibilidad,444.2627964713553
19.3241639,-98.9630799,Tláhuac,7000.0,132.0754716981132,53.0,2,1.0,0,Familiar_Chico,AltaMarg_BajaGentrif,0.5773137898079344,2.0,Baja_Accesibilidad,5966.075725370721
19.4402557,-99.1926322,Miguel Hidalgo,46200.0,481.25,96.0,2,2.0,0,Familiar_Chico,BajaMarg_AltaGentrif,0.8585849060226639,1.0,Media_Accesibilidad,926.8825185861144
19.303295,-99.185039,Coyoacán,20000.0,168.0672268907563,119.0,2,3.0,0,Amplio_Ejecutivo,BajaMarg_BajaGentrif,0.750956198657275,1.0,Media_Accesibilidad,1386.7319956282822
19.43353,-99.190915,Miguel Hidalgo,11300.0,32.7536231884058,345.0,4,4.0,0,Amplio_Familiar,BajaMarg_AltaGentrif,0.8585849060226639,1.0,Alta_Accesibilidad,444.2627964713553
19.3005962,-99.1062178,Coyoacán,16000.0,200.0,80.0,2,1.0,0,Familiar_Chico,BajaMarg_BajaGentrif,0.750956198657275,1.0,Baja_Accesibilidad,2057.7472559845846
19.3913552,-99.2436293,Miguel Hidalgo,130000.0,191.1764705882353,680.0,4,4.0,0,Amplio_Familiar,BajaMarg_AltaGentrif,0.8585849060226639,1.0,Baja_Accesibilidad,5319.46125913
19.4402557,-99.1926322,Miguel Hidalgo,5900.0,32.77777777777778,180.0,3,3.0,0,Amplio_Ejecutivo,BajaMarg_AltaGentrif,0.8585849060226639,1.0,Media_Accesibilidad,926.8825185861144
19.4402557,-99.1926322,Miguel Hidalgo,35000.0,315.31531531531533,111.0,3,2.0,0,Amplio_Ejecutivo,BajaMarg_AltaGentrif,0.8585849060226639,1.0,Media_Accesibilidad,926.8825185861144
19.442902,-99.2014215,Miguel Hidalgo,39000.0,464.2857142857143,84.0,2,2.0,0,Familiar_Chico,BajaMarg_AltaGentrif,0.8585849060226639,1.0,Media_Accesibilidad,1432.692904874115
19.43353,-99.190915,Miguel Hidalgo,99000.0,471.42857142857144,210.0,3,3.0,0,Amplio_Ejecutivo,BajaMarg_AltaGentrif,0.8585849060226639,1.0,Alta_Accesibilidad,444.2627964713553
19.4326296,-99.1331785,Cuauhtémoc,36000.0,467.53246753246754,77.0,2,2.0,0,Familiar_Chico,AltaMarg_AltaGentrif,0.830531038273375,3.0,Alta_Accesibilidad,331.00531079168263
19.3572269,-99.1807513,Álvaro Obregón,38500.0,296.15384615384613,130.0,2,2.0,0,Amplio_Ejecutivo,BajaMarg_BajaGentrif,0.0,1.0,Media_Accesibilidad,661.4151868159229
19.3610393,-99.2612571,Álvaro Obregón,21500.0,358.3333333333333,60.0,1,1.0,0,Familiar_Chico,BajaMarg_BajaGentrif,0.0,1.0,Baja_Accesibilidad,7697.6116628461195
19.3610393,-99.2612571,Álvaro Obregón,37000.0,370.0,100.0,2,2.0,0,Familiar_Chico,BajaMarg_BajaGentrif,0.0,1.0,Baja_Accesibilidad,7697.6116628461195
19.3465983,-99.2993588,Cuajimalpa de Morelos,46000.0,373.9837398373984,123.0,2,2.0,0,Amplio_Ejecutivo,BajaMarg_BajaGentrif,0.49427437331671703,1.0,Baja_Accesibilidad,11587.481502401353
19.3581682,-99.272261,Cuajimalpa de Morelos,55000.0,416.6666666666667,132.0,2,2.0,0,Amplio_Ejecutivo,BajaMarg_BajaGentrif,0.49427437331671703,1.0,Baja_Accesibilidad,8801.23140399282
19.4210896,-99.2184637,Miguel Hidalgo,125000.0,328.94736842105266,380.0,3,3.0,0,Amplio_Ejecutivo,BajaMarg_AltaGentrif,0.8585849060226639,1.0,Baja_Accesibilidad,2855.497540188191
19.3694718,-99.1771253,Benito Juárez,35000.0,205.88235294117646,170.0,3,2.0,0,Amplio_Ejecutivo,BajaMarg_AltaGentrif,0.933319961735651,1.0,Alta_Accesibilidad,426.5027477946791
19.3610393,-99.2612571,Álvaro Obregón,74000.0,296.0,250.0,3,3.0,0,Amplio_Ejecutivo,BajaMarg_BajaGentrif,0.0,1.0,Baja_Accesibilidad,7697.6116628461195
19.4210896,-99.2184637,Miguel Hidalgo,100000.0,312.5,320.0,3,3.0,0,Amplio_Ejecutivo,BajaMarg_AltaGentrif,0.8585849060226639,1.0,Baja_Accesibilidad,2855.497540188191
19.43353,-99.190915,Miguel Hidalgo,6000.0,32.967032967032964,182.0,3,4.0,0,Amplio_Ejecutivo,BajaMarg_AltaGentrif,0.8585849060226639,1.0,Alta_Accesibilidad,444.2627964713553
19.3568172,-99.2097114,Álvaro Obregón,32000.0,400.0,80.0,2,2.0,0,Familiar_Chico,BajaMarg_BajaGentrif,0.0,1.0,Baja_Accesibilidad,2475.652672108455
19.442902,-99.2014215,Miguel Hidalgo,36000.0,450.0,80.0,2,1.0,0,Familiar_Chico,BajaMarg_AltaGentrif,0.8585849060226639,1.0,Media_Accesibilidad,1432.692904874115
19.3698638,-99.1609858,Benito Juárez,38000.0,333.3333333333333,114.0,3,2.0,0,Amplio_Ejecutivo,BajaMarg_AltaGentrif,0.933319961735651,1.0,Alta_Accesibilidad,206.6644260086566
19.4449101,-99.1451728,Cuauhtémoc,15500.0,206.66666666666666,75.0,2,2.0,0,Familiar_Chico,AltaMarg_AltaGentrif,0.830531038273375,4.0,Alta_Accesibilidad,179.18467851541396
19.3360233,-99.1446028,Coyoacán,25000.0,352.11267605633805,71.0,2,2.0,0,Familiar_Chico,BajaMarg_BajaGentrif,0.750956198657275,1.0,Media_Accesibilidad,1565.0304975415859
19.3569982,-99.1871169,Álvaro Obregón,40000.0,373.8317757009346,107.0,2,2.0,0,Amplio_Ejecutivo,BajaMarg_BajaGentrif,0.0,1.0,Media_Accesibilidad,641.9973287075397
19.3906515,-99.1952423,Álvaro Obregón,52000.0,173.33333333333334,300.0,3,4.0,0,Amplio_Ejecutivo,BajaMarg_BajaGentrif,0.0,1.0,Media_Accesibilidad,1310.5121766298066
19.4183227,-99.1625655,Cuauhtémoc,30000.0,300.0,100.0,2,2.0,0,Familiar_Chico,AltaMarg_AltaGentrif,0.830531038273375,2.0,Alta_Accesibilidad,451.54832230219273
19.4210896,-99.2184637,Miguel Hidalgo,95000.0,327.58620689655174,290.0,3,3.0,0,Amplio_Ejecutivo,BajaMarg_AltaGentrif,0.8585849060226639,1.0,Baja_Accesibilidad,2855.497540188191
19.3881071,-99.2511696,Cuajimalpa de Morelos,120000.0,328.7671232876712,365.0,3,3.0,0,Amplio_Ejecutivo,BajaMarg_BajaGentrif,0.49427437331671703,1.0,Baja_Accesibilidad,6138.247135334897
19.4005527,-99.2453489,Miguel Hidalgo,85000.0,223.68421052631578,380.0,3,3.0,0,Amplio_Ejecutivo,BajaMarg_AltaGentrif,0.8585849060226639,1.0,Baja_Accesibilidad,5374.835808851259
19.442902,-99.2014215,Miguel Hidalgo,62000.0,387.5,160.0,3,3.0,0,Amplio_Ejecutivo,BajaMarg_AltaGentrif,0.8585849060226639,1.0,Media_Accesibilidad,1432.692904874115
19.3881071,-99.2511696,Cuajimalpa de Morelos,130000.0,500.0,260.0,3,3.0,0,Amplio_Ejecutivo,BajaMarg_BajaGentrif,0.49427437331671703,1.0,Baja_Accesibilidad,6138.247135334897
19.43353,-99.190915,Miguel Hidalgo,65000.0,270.8333333333333,240.0,3,2.0,0,Amplio_Ejecutivo,BajaMarg_AltaGentrif,0.8585849060226639,1.0,Alta_Accesibilidad,444.2627964713553
19.4326296,-99.1331785,Cuauhtémoc,45000.0,346.15384615384613,130.0,2,2.0,0,Amplio_Ejecutivo,AltaMarg_AltaGentrif,0.830531038273375,3.0,Alta_Accesibilidad,331.00531079168263
19.4326296,-99.1331785,Cuauhtémoc,49000.0,362.962962962963,135.0,1,1.0,0,Amplio_Ejecutivo,AltaMarg_AltaGentrif,0.830531038273375,3.0,Alta_Accesibilidad,331.00531079168263
19.442902,-99.2014215,Miguel Hidalgo,80000.0,285.7142857142857,280.0,2,2.0,0,Amplio_Ejecutivo,BajaMarg_AltaGentrif,0.8585849060226639,1.0,Media_Accesibilidad,1432.692904874115
19.3525567,-99.2202709,Álvaro Obregón,34600.0,326.41509433962267,106.0,3,2.0,0,Amplio_Ejecutivo,AltaMarg_BajaGentrif,0.0,5.0,Baja_Accesibilidad,3454.773141745093
19.3838913,-99.1688607,Benito Juárez,29500.0,483.60655737704917,61.0,1,1.0,0,Familiar_Chico,BajaMarg_AltaGentrif,0.933319961735651,1.0,Media_Accesibilidad,1027.4939761213982
19.4058335,-99.1633037,Cuauhtémoc,70000.0,357.14285714285717,196.0,3,3.0,0,Amplio_Ejecutivo,AltaMarg_AltaGentrif,0.830531038273375,3.0,Alta_Accesibilidad,609.7826521894331
19.43353,-99.190915,Miguel Hidalgo,100000.0,389.10505836575874,257.0,2,2.0,0,Amplio_Ejecutivo,BajaMarg_AltaGentrif,0.8585849060226639,1.0,Alta_Accesibilidad,444.2627964713553
19.3197812,-99.2073801,Álvaro Obregón,58000.0,379.08496732026146,153.0,2,2.0,0,Amplio_Ejecutivo,BajaMarg_BajaGentrif,0.0,1.0,Baja_Accesibilidad,2881.0539947377
19.4093714,-99.1712126,Cuauhtémoc,45000.0,264.70588235294116,170.0,2,3.0,0,Amplio_Ejecutivo,AltaMarg_AltaGentrif,0.830531038273375,2.0,Alta_Accesibilidad,514.202520508241
19.43353,-99.190915,Miguel Hidalgo,45000.0,300.0,150.0,2,2.0,0,Amplio_Ejecutivo,BajaMarg_AltaGentrif,0.8585849060226639,1.0,Alta_Accesibilidad,444.2627964713553
19.43353,-99.190915,Miguel Hidalgo,80000.0,400.0,200.0,2,2.0,0,Amplio_Ejecutivo,BajaMarg_AltaGentrif,0.8585849060226639,1.0,Alta_Accesibilidad,444.2627964713553
19.43353,-99.190915,Miguel Hidalgo,45000.0,450.0,100.0,2,2.0,0,Familiar_Chico,BajaMarg_AltaGentrif,0.8585849060226639,1.0,Alta_Accesibilidad,444.2627964713553
19.4324484,-99.1360896,Cuauhtémoc,17500.0,350.0,50.0,1,1.0,0,Familiar_Chico,AltaMarg_AltaGentrif,0.830531038273375,3.0,Alta_Accesibilidad,375.1134994415067
19.3631581,-99.2779741,Cuajimalpa de Morelos,19900.0,361.8181818181818,55.0,1,1.0,0,Familiar_Chico,BajaMarg_BajaGentrif,0.49427437331671703,1.0,Baja_Accesibilidad,9292.950761354577
19.4071156,-99.1906167,Miguel Hidalgo,37000.0,381.44329896907215,97.0,2,2.0,0,Familiar_Chico,BajaMarg_AltaGentrif,0.8585849060226639,1.0,Media_Accesibilidad,749.9737885794543
19.3581682,-99.272261,Cuajimalpa de Morelos,24500.0,272.22222222222223,90.0,2,2.0,0,Familiar_Chico,BajaMarg_BajaGentrif,0.49427437331671703,1.0,Baja_Accesibilidad,8801.23140399282
19.3631581,-99.2779741,Cuajimalpa de Morelos,24000.0,500.0,48.0,1,1.0,0,Studio/Micro,BajaMarg_BajaGentrif,0.49427437331671703,1.0,Baja_Accesibilidad,9292.950761354577
19.3610393,-99.2612571,Álvaro Obregón,33000.0,294.64285714285717,112.0,2,2.0,0,Amplio_Ejecutivo,BajaMarg_BajaGentrif,0.0,1.0,Baja_Accesibilidad,7697.6116628461195
19.4210896,-99.2184637,Miguel Hidalgo,87000.0,148.97260273972603,584.0,3,3.0,0,Amplio_Ejecutivo,BajaMarg_AltaGentrif,0.8585849060226639,1.0,Baja_Accesibilidad,2855.497540188191
19.3608547,-99.2841662,Cuajimalpa de Morelos,45500.0,369.9186991869919,123.0,3,3.0,0,Amplio_Ejecutivo,BajaMarg_BajaGentrif,0.49427437331671703,1.0,Baja_Accesibilidad,9942.39893145179
19.4324484,-99.1360896,Cuauhtémoc,21000.0,300.0,70.0,2,2.0,0,Familiar_Chico,AltaMarg_AltaGentrif,0.830531038273375,3.0,Alta_Accesibilidad,375.1134994415067
19.3581682,-99.272261,Cuajimalpa de Morelos,45000.0,290.3225806451613,155.0,2,2.0,0,Amplio_Ejecutivo,BajaMarg_BajaGentrif,0.49427437331671703,1.0,Baja_Accesibilidad,8801.23140399282
19.3581682,-99.272261,Cuajimalpa de Morelos,26500.0,473.2142857142857,56.0,1,1.0,0,Familiar_Chico,BajaMarg_BajaGentrif,0.49427437331671703,1.0,Baja_Accesibilidad,8801.23140399282
19.442902,-99.2014215,Miguel Hidalgo,49500.0,412.5,120.0,2,3.0,0,Amplio_Ejecutivo,BajaMarg_AltaGentrif,0.8585849060226639,1.0,Media_Accesibilidad,1432.692904874115
19.3881071,-99.2511696,Cuajimalpa de Morelos,29000.0,508.7719298245614,57.0,1,1.0,0,Familiar_Chico,BajaMarg_BajaGentrif,0.49427437331671703,1.0,Baja_Accesibilidad,6138.247135334897
19.3581682,-99.272261,Cuajimalpa de Morelos,58000.0,483.3333333333333,120.0,2,2.0,0,Amplio_Ejecutivo,BajaMarg_BajaGentrif,0.49427437331671703,1.0,Baja_Accesibilidad,8801.23140399282
19.3913552,-99.2436293,Miguel Hidalgo,73000.0,192.10526315789474,380.0,3,3.0,0,Amplio_Ejecutivo,BajaMarg_AltaGentrif,0.8585849060226639,1.0,Baja_Accesibilidad,5319.46125913
19.3913552,-99.2436293,Miguel Hidalgo,90000.0,304.05405405405406,296.0,2,2.0,0,Amplio_Ejecutivo,BajaMarg_AltaGentrif,0.8585849060226639,1.0,Baja_Accesibilidad,5319.46125913
19.4326296,-99.1331785,Cuauhtémoc,30000.0,352.94117647058823,85.0,2,2.0,0,Familiar_Chico,AltaMarg_AltaGentrif,0.830531038273375,3.0,Alta_Accesibilidad,331.00531079168263
19.3815398,-99.2520238,Álvaro Obregón,48500.0,346.42857142857144,140.0,3,3.0,0,Amplio_Ejecutivo,BajaMarg_BajaGentrif,0.0,1.0,Baja_Accesibilidad,6371.650658525945
19.4497398,-99.2150977,Miguel Hidalgo,30700.0,451.47058823529414,68.0,2,2.0,0,Familiar_Chico,BajaMarg_AltaGentrif,0.8585849060226639,1.0,Baja_Accesibilidad,2135.6203207866383
19.3610393,-99.2612571,Álvaro Obregón,16000.0,320.0,50.0,1,1.0,0,Familiar_Chico,BajaMarg_BajaGentrif,0.0,1.0,Baja_Accesibilidad,7697.6116628461195
19.3581682,-99.272261,Cuajimalpa de Morelos,58000.0,371.79487179487177,156.0,3,3.0,0,Amplio_Ejecutivo,BajaMarg_BajaGentrif,0.49427437331671703,1.0,Baja_Accesibilidad,8801.23140399282
19.43353,-99.190915,Miguel Hidalgo,115000.0,331.4121037463977,347.0,3,3.0,0,Amplio_Ejecutivo,BajaMarg_AltaGentrif,0.8585849060226639,1.0,Alta_Accesibilidad,444.2627964713553
19.43353,-99.190915,Miguel Hidalgo,75000.0,500.0,150.0,2,3.0,0,Amplio_Ejecutivo,BajaMarg_AltaGentrif,0.8585849060226639,1.0,Alta_Accesibilidad,444.2627964713553
19.3423868,-99.2436148,Álvaro Obregón,55000.0,392.85714285714283,140.0,3,3.0,0,Amplio_Ejecutivo,BajaMarg_BajaGentrif,0.0,1.0,Baja_Accesibilidad,5856.118419201183
19.4497398,-99.2150977,Miguel Hidalgo,20600.0,307.46268656716416,67.0,1,1.0,0,Familiar_Chico,BajaMarg_AltaGentrif,0.8585849060226639,1.0,Baja_Accesibilidad,2135.6203207866383
19.3915073,-99.1855297,Benito Juárez,23500.0,293.75,80.0,2,2.0,0,Familiar_Chico,AltaMarg_AltaGentrif,0.933319961735651,2.0,Media_Accesibilidad,690.3628252658054
19.4482601,-99.2187752,Miguel Hidalgo,20800.0,433.3333333333333,48.0,1,1.0,0,Studio/Micro,BajaMarg_AltaGentrif,0.8585849060226639,1.0,Baja_Accesibilidad,2336.9005952615985
19.4071156,-99.1906167,Miguel Hidalgo,35000.0,388.8888888888889,90.0,2,2.0,0,Familiar_Chico,BajaMarg_AltaGentrif,0.8585849060226639,1.0,Media_Accesibilidad,749.9737885794543
19.3375522,-99.2026262,Álvaro Obregón,23500.0,313.3333333333333,75.0,2,3.0,0,Familiar_Chico,BajaMarg_BajaGentrif,0.0,1.0,Baja_Accesibilidad,1911.0624280690058
19.391616,-99.1513127,Benito Juárez,27000.0,385.7142857142857,70.0,2,2.0,0,Familiar_Chico,AltaMarg_AltaGentrif,0.933319961735651,2.0,Alta_Accesibilidad,577.1936021293986
19.442902,-99.2014215,Miguel Hidalgo,38000.0,475.0,80.0,1,1.0,0,Familiar_Chico,BajaMarg_AltaGentrif,0.8585849060226639,1.0,Media_Accesibilidad,1432.692904874115
19.4489743,-99.1571438,Cuauhtémoc,18000.0,310.3448275862069,58.0,2,1.0,0,Familiar_Chico,AltaMarg_AltaGentrif,0.830531038273375,4.0,Media_Accesibilidad,772.6324236085375
19.43353,-99.190915,Miguel Hidalgo,34000.0,425.0,80.0,1,1.0,0,Familiar_Chico,BajaMarg_AltaGentrif,0.8585849060226639,1.0,Alta_Accesibilidad,444.2627964713553
19.3608547,-99.2841662,Cuajimalpa de Morelos,27000.0,375.0,72.0,1,1.0,0,Familiar_Chico,BajaMarg_BajaGentrif,0.49427437331671703,1.0,Baja_Accesibilidad,9942.39893145179
19.4489743,-99.1571438,Cuauhtémoc,20000.0,273.972602739726,73.0,2,2.0,0,Familiar_Chico,AltaMarg_AltaGentrif,0.830531038273375,4.0,Media_Accesibilidad,772.6324236085375
19.3896634,-99.1738081,Benito Juárez,32800.0,252.30769230769232,130.0,3,2.0,0,Amplio_Ejecutivo,BajaMarg_AltaGentrif,0.933319961735651,1.0,Media_Accesibilidad,1006.3491602454259
19.43353,-99.190915,Miguel Hidalgo,64000.0,266.6666666666667,240.0,3,2.0,0,Amplio_Ejecutivo,BajaMarg_AltaGentrif,0.8585849060226639,1.0,Alta_Accesibilidad,444.2627964713553
19.4210896,-99.2184637,Miguel Hidalgo,50000.0,217.3913043478261,230.0,3,3.0,0,Amplio_Ejecutivo,BajaMarg_AltaGentrif,0.8585849060226639,1.0,Baja_Accesibilidad,2855.497540188191
19.4379452,-99.1624218,Cuauhtémoc,19500.0,319.672131147541,61.0,2,2.0,0,Familiar_Chico,AltaMarg_AltaGentrif,0.830531038273375,3.0,Alta_Accesibilidad,574.0132665438462
19.43353,-99.190915,Miguel Hidalgo,85000.0,459.4594594594595,185.0,2,2.0,0,Amplio_Ejecutivo,BajaMarg_AltaGentrif,0.8585849060226639,1.0,Alta_Accesibilidad,444.2627964713553
19.4005527,-99.2453489,Miguel Hidalgo,6000.0,28.571428571428573,210.0,3,2.0,0,Amplio_Ejecutivo,BajaMarg_AltaGentrif,0.8585849060226639,1.0,Baja_Accesibilidad,5374.835808851259
19.3610393,-99.2612571,Álvaro Obregón,85000.0,259.1463414634146,328.0,4,4.0,0,Amplio_Familiar,BajaMarg_BajaGentrif,0.0,1.0,Baja_Accesibilidad,7697.6116628461195
19.4484106,-99.1656522,Miguel Hidalgo,23000.0,191.66666666666666,120.0,3,2.0,0,Amplio_Ejecutivo,AltaMarg_AltaGentrif,0.8585849060226639,2.0,Media_Accesibilidad,965.1920580558105
19.4666602,-99.1569296,Azcapotzalco,17000.0,229.72972972972974,74.0,2,2.0,0,Familiar_Chico,AltaMarg_BajaGentrif,0.7799341145447056,2.0,Media_Accesibilidad,1479.941822259632
19.3896634,-99.1738081,Benito Juárez,30000.0,240.0,125.0,2,2.0,0,Amplio_Ejecutivo,BajaMarg_AltaGentrif,0.933319961735651,1.0,Media_Accesibilidad,1006.3491602454259
19.3881873,-99.191898,Álvaro Obregón,20500.0,445.6521739130435,46.0,1,1.0,0,Studio/Micro,AltaMarg_BajaGentrif,0.0,2.0,Media_Accesibilidad,1108.9761432334253
19.3896634,-99.1738081,Benito Juárez,9000.0,37.5,240.0,3,2.0,0,Amplio_Ejecutivo,BajaMarg_AltaGentrif,0.933319961735651,1.0,Media_Accesibilidad,1006.3491602454259
19.4379452,-99.1624218,Cuauhtémoc,25400.0,479.24528301886795,53.0,1,1.0,0,Familiar_Chico,AltaMarg_AltaGentrif,0.830531038273375,3.0,Alta_Accesibilidad,574.0132665438462
19.3906515,-99.1952423,Álvaro Obregón,12000.0,100.0,120.0,1,1.0,0,Amplio_Ejecutivo,BajaMarg_BajaGentrif,0.0,1.0,Media_Accesibilidad,1310.5121766298066
19.43353,-99.190915,Miguel Hidalgo,60000.0,240.0,250.0,3,2.0,0,Amplio_Ejecutivo,BajaMarg_AltaGentrif,0.8585849060226639,1.0,Alta_Accesibilidad,444.2627964713553
19.3906515,-99.1952423,Álvaro Obregón,9500.0,475.0,20.0,1,1.0,0,Studio/Micro,BajaMarg_BajaGentrif,0.0,1.0,Media_Accesibilidad,1310.5121766298066
19.4210896,-99.2184637,Miguel Hidalgo,100000.0,429.18454935622316,233.0,2,2.0,0,Amplio_Ejecutivo,BajaMarg_AltaGentrif,0.8585849060226639,1.0,Baja_Accesibilidad,2855.497540188191
19.369771,-99.1415858,Benito Juárez,20900.0,282.43243243243245,74.0,2,2.0,0,Familiar_Chico,AltaMarg_AltaGentrif,0.933319961735651,3.0,Media_Accesibilidad,690.7079449581304
19.4210896,-99.2184637,Miguel Hidalgo,80000.0,258.06451612903226,310.0,3,3.0,0,Amplio_Ejecutivo,BajaMarg_AltaGentrif,0.8585849060226639,1.0,Baja_Accesibilidad,2855.497540188191
19.4005527,-99.2453489,Miguel Hidalgo,36000.0,138.46153846153845,260.0,4,4.0,0,Amplio_Familiar,BajaMarg_AltaGentrif,0.8585849060226639,1.0,Baja_Accesibilidad,5374.835808851259
19.4360737,-99.1539172,Cuauhtémoc,36000.0,342.85714285714283,105.0,3,3.0,0,Amplio_Ejecutivo,BajaMarg_AltaGentrif,0.830531038273375,1.0,Alta_Accesibilidad,248.2217711481182
19.3581682,-99.272261,Cuajimalpa de Morelos,21000.0,446.8085106382979,47.0,1,1.0,0,Studio/Micro,BajaMarg_BajaGentrif,0.49427437331671703,1.0,Baja_Accesibilidad,8801.23140399282
19.391616,-99.1513127,Benito Juárez,30000.0,240.0,125.0,3,2.0,0,Amplio_Ejecutivo,AltaMarg_AltaGentrif,0.933319961735651,2.0,Alta_Accesibilidad,577.1936021293986
19.43353,-99.190915,Miguel Hidalgo,110000.0,366.6666666666667,300.0,3,3.0,0,Amplio_Ejecutivo,BajaMarg_AltaGentrif,0.8585849060226639,1.0,Alta_Accesibilidad,444.2627964713553
19.3881071,-99.2511696,Cuajimalpa de Morelos,45000.0,409.09090909090907,110.0,2,2.0,0,Amplio_Ejecutivo,BajaMarg_BajaGentrif,0.49427437331671703,1.0,Baja_Accesibilidad,6138.247135334897
19.3601941,-99.1668669,Benito Juárez,98000.0,426.0869565217391,230.0,3,4.0,0,Amplio_Ejecutivo,BajaMarg_AltaGentrif,0.933319961735651,1.0,Media_Accesibilidad,863.2139207818312
19.43353,-99.190915,Miguel Hidalgo,72000.0,480.0,150.0,2,2.0,0,Amplio_Ejecutivo,BajaMarg_AltaGentrif,0.8585849060226639,1.0,Alta_Accesibilidad,444.2627964713553
19.4402557,-99.1926322,Miguel Hidalgo,68000.0,478.8732394366197,142.0,2,2.0,0,Amplio_Ejecutivo,BajaMarg_AltaGentrif,0.8585849060226639,1.0,Media_Accesibilidad,926.8825185861144
19.3581682,-99.272261,Cuajimalpa de Morelos,49000.0,429.82456140350877,114.0,2,2.0,0,Amplio_Ejecutivo,BajaMarg_BajaGentrif,0.49427437331671703,1.0,Baja_Accesibilidad,8801.23140399282
19.3601941,-99.1668669,Benito Juárez,29000.0,483.3333333333333,60.0,1,1.0,0,Familiar_Chico,BajaMarg_AltaGentrif,0.933319961735651,1.0,Media_Accesibilidad,863.2139207818312
19.3601941,-99.1668669,Benito Juárez,36500.0,486.6666666666667,75.0,2,2.0,0,Familiar_Chico,BajaMarg_AltaGentrif,0.933319961735651,1.0,Media_Accesibilidad,863.2139207818312
19.4005527,-99.2453489,Miguel Hidalgo,55000.0,426.3565891472868,129.0,1,1.0,0,Amplio_Ejecutivo,BajaMarg_AltaGentrif,0.8585849060226639,1.0,Baja_Accesibilidad,5374.835808851259
19.3913552,-99.2436293,Miguel Hidalgo,80000.0,270.27027027027026,296.0,2,2.0,0,Amplio_Ejecutivo,BajaMarg_AltaGentrif,0.8585849060226639,1.0,Baja_Accesibilidad,5319.46125913
19.3838913,-99.1688607,Benito Juárez,28000.0,215.3846153846154,130.0,3,2.0,0,Amplio_Ejecutivo,BajaMarg_AltaGentrif,0.933319961735651,1.0,Media_Accesibilidad,1027.4939761213982
19.4071156,-99.1906167,Miguel Hidalgo,31000.0,310.0,100.0,3,2.0,0,Familiar_Grande,BajaMarg_AltaGentrif,0.8585849060226639,1.0,Media_Accesibilidad,749.9737885794543
19.3568172,-99.2097114,Álvaro Obregón,26000.0,270.8333333333333,96.0,2,2.0,0,Familiar_Chico,BajaMarg_BajaGentrif,0.0,1.0,Baja_Accesibilidad,2475.652672108455
19.4210896,-99.2184637,Miguel Hidalgo,110000.0,305.55555555555554,360.0,3,3.0,0,Amplio_Ejecutivo,BajaMarg_AltaGentrif,0.8585849060226639,1.0,Baja_Accesibilidad,2855.497540188191
19.3528581,-99.2854195,Cuajimalpa de Morelos,35000.0,304.3478260869565,115.0,2,2.0,0,Amplio_Ejecutivo,AltaMarg_BajaGentrif,0.49427437331671703,2.0,Baja_Accesibilidad,10131.119677570134
19.3731993,-99.138781,Benito Juárez,21500.0,268.75,80.0,2,2.0,0,Familiar_Chico,BajaMarg_AltaGentrif,0.933319961735651,1.0,Media_Accesibilidad,1032.4687885588655
19.3656187,-99.1899364,Benito Juárez,26000.0,282.60869565217394,92.0,2,2.0,0,Familiar_Chico,BajaMarg_AltaGentrif,0.933319961735651,1.0,Media_Accesibilidad,717.1769585281189
19.3838913,-99.1688607,Benito Juárez,35000.0,145.83333333333334,240.0,4,3.0,0,Amplio_Familiar,BajaMarg_AltaGentrif,0.933319961735651,1.0,Media_Accesibilidad,1027.4939761213982
19.3601941,-99.1668669,Benito Juárez,83500.0,421.7171717171717,198.0,3,4.0,0,Amplio_Ejecutivo,BajaMarg_AltaGentrif,0.933319961735651,1.0,Media_Accesibilidad,863.2139207818312
19.3601941,-99.1668669,Benito Juárez,68000.0,333.3333333333333,204.0,3,3.0,0,Amplio_Ejecutivo,BajaMarg_AltaGentrif,0.933319961735651,1.0,Media_Accesibilidad,863.2139207818312
19.3881071,-99.2511696,Cuajimalpa de Morelos,85000.0,202.38095238095238,420.0,3,4.0,0,Amplio_Ejecutivo,BajaMarg_BajaGentrif,0.49427437331671703,1.0,Baja_Accesibilidad,6138.247135334897
19.4402557,-99.1926322,Miguel Hidalgo,70000.0,492.9577464788732,142.0,3,2.0,0,Amplio_Ejecutivo,BajaMarg_AltaGentrif,0.8585849060226639,1.0,Media_Accesibilidad,926.8825185861144
19.4071156,-99.1906167,Miguel Hidalgo,19000.0,316.6666666666667,60.0,1,2.0,0,Familiar_Chico,BajaMarg_AltaGentrif,0.8585849060226639,1.0,Media_Accesibilidad,749.9737885794543
19.2944916,-99.1628698,Tlalpan,18000.0,200.0,90.0,2,2.0,0,Familiar_Chico,AltaMarg_BajaGentrif,0.3919311241687132,2.0,Baja_Accesibilidad,2596.06317576355
19.4324484,-99.1360896,Cuauhtémoc,21900.0,277.2151898734177,79.0,1,2.0,0,Familiar_Chico,AltaMarg_AltaGentrif,0.830531038273375,3.0,Alta_Accesibilidad,375.1134994415067
19.4324484,-99.1360896,Cuauhtémoc,36000.0,473.6842105263158,76.0,1,1.0,0,Familiar_Chico,AltaMarg_AltaGentrif,0.830531038273375,3.0,Alta_Accesibilidad,375.1134994415067
19.4071156,-99.1906167,Miguel Hidalgo,35000.0,411.7647058823529,85.0,2,2.0,0,Familiar_Chico,BajaMarg_AltaGentrif,0.8585849060226639,1.0,Media_Accesibilidad,749.9737885794543
19.4638348,-99.1682205,Azcapotzalco,17900.0,267.1641791044776,67.0,2,2.0,0,Familiar_Chico,AltaMarg_BajaGentrif,0.7799341145447056,2.0,Media_Accesibilidad,1497.6548588952328
19.4324484,-99.1360896,Cuauhtémoc,13000.0,175.67567567567568,74.0,1,1.0,0,Familiar_Chico,AltaMarg_AltaGentrif,0.830531038273375,3.0,Alta_Accesibilidad,375.1134994415067
19.4324484,-99.1360896,Cuauhtémoc,18500.0,264.2857142857143,70.0,1,1.0,0,Familiar_Chico,AltaMarg_AltaGentrif,0.830531038273375,3.0,Alta_Accesibilidad,375.1134994415067
19.4425356,-99.2102915,Miguel Hidalgo,31000.0,276.7857142857143,112.0,2,2.0,0,Amplio_Ejecutivo,BajaMarg_AltaGentrif,0.8585849060226639,1.0,Baja_Accesibilidad,2154.674897231742
19.3581682,-99.272261,Cuajimalpa de Morelos,15500.0,193.75,80.0,3,2.0,0,Familiar_Grande,BajaMarg_BajaGentrif,0.49427437331671703,1.0,Baja_Accesibilidad,8801.23140399282
19.4442934,-99.1091012,Venustiano Carranza,11000.0,169.23076923076923,65.0,2,1.0,0,Familiar_Chico,AltaMarg_BajaGentrif,0.761616411382061,4.0,Media_Accesibilidad,886.5440655499249
19.391616,-99.1513127,Benito Juárez,19500.0,314.51612903225805,62.0,2,1.0,0,Familiar_Chico,AltaMarg_AltaGentrif,0.933319961735651,2.0,Alta_Accesibilidad,577.1936021293986
19.4071156,-99.1906167,Miguel Hidalgo,23000.0,338.2352941176471,68.0,2,2.0,0,Familiar_Chico,BajaMarg_AltaGentrif,0.8585849060226639,1.0,Media_Accesibilidad,749.9737885794543
19.442902,-99.2014215,Miguel Hidalgo,39000.0,458.8235294117647,85.0,2,2.0,0,Familiar_Chico,BajaMarg_AltaGentrif,0.8585849060226639,1.0,Media_Accesibilidad,1432.692904874115
19.4425356,-99.2102915,Miguel Hidalgo,85000.0,278.6885245901639,305.0,2,2.0,0,Amplio_Ejecutivo,BajaMarg_AltaGentrif,0.8585849060226639,1.0,Baja_Accesibilidad,2154.674897231742
19.4005527,-99.2453489,Miguel Hidalgo,99000.0,471.42857142857144,210.0,3,3.0,0,Amplio_Ejecutivo,BajaMarg_AltaGentrif,0.8585849060226639,1.0,Baja_Accesibilidad,5374.835808851259
19.3665269,-99.1854833,Benito Juárez,45000.0,441.1764705882353,102.0,1,2.0,0,Amplio_Ejecutivo,BajaMarg_AltaGentrif,0.933319961735651,1.0,Media_Accesibilidad,654.5763406267581
19.3906515,-99.1952423,Álvaro Obregón,19800.0,165.0,120.0,3,2.0,0,Amplio_Ejecutivo,BajaMarg_BajaGentrif,0.0,1.0,Media_Accesibilidad,1310.5121766298066
19.4210896,-99.2184637,Miguel Hidalgo,88000.0,333.3333333333333,264.0,3,3.0,0,Amplio_Ejecutivo,BajaMarg_AltaGentrif,0.8585849060226639,1.0,Baja_Accesibilidad,2855.497540188191
19.4071156,-99.1906167,Miguel Hidalgo,27000.0,346.15384615384613,78.0,2,2.0,0,Familiar_Chico,BajaMarg_AltaGentrif,0.8585849060226639,1.0,Media_Accesibilidad,749.9737885794543
19.3601941,-99.1668669,Benito Juárez,29000.0,362.5,80.0,1,2.0,0,Familiar_Chico,BajaMarg_AltaGentrif,0.933319961735651,1.0,Media_Accesibilidad,863.2139207818312
19.3601941,-99.1668669,Benito Juárez,39000.0,390.0,100.0,3,2.0,0,Familiar_Grande,BajaMarg_AltaGentrif,0.933319961735651,1.0,Media_Accesibilidad,863.2139207818312
19.4071156,-99.1906167,Miguel Hidalgo,30000.0,375.0,80.0,2,1.0,0,Familiar_Chico,BajaMarg_AltaGentrif,0.8585849060226639,1.0,Media_Accesibilidad,749.9737885794543
19.3601941,-99.1668669,Benito Juárez,62000.0,329.78723404255317,188.0,3,3.0,0,Amplio_Ejecutivo,BajaMarg_AltaGentrif,0.933319961735651,1.0,Media_Accesibilidad,863.2139207818312
19.3610393,-99.2612571,Álvaro Obregón,25900.0,308.3333333333333,84.0,1,1.0,0,Familiar_Chico,BajaMarg_BajaGentrif,0.0,1.0,Baja_Accesibilidad,7697.6116628461195
19.3581682,-99.272261,Cuajimalpa de Morelos,28000.0,509.09090909090907,55.0,0,1.0,0,Familiar_Chico,BajaMarg_BajaGentrif,0.49427437331671703,1.0,Baja_Accesibilidad,8801.23140399282
19.3610393,-99.2612571,Álvaro Obregón,25900.0,323.75,80.0,1,1.0,0,Familiar_Chico,BajaMarg_BajaGentrif,0.0,1.0,Baja_Accesibilidad,7697.6116628461195
19.3581682,-99.272261,Cuajimalpa de Morelos,29900.0,427.14285714285717,70.0,1,1.0,0,Familiar_Chico,BajaMarg_BajaGentrif,0.49427437331671703,1.0,Baja_Accesibilidad,8801.23140399282
19.3581682,-99.272261,Cuajimalpa de Morelos,28900.0,431.34328358208955,67.0,1,1.0,0,Familiar_Chico,BajaMarg_BajaGentrif,0.49427437331671703,1.0,Baja_Accesibilidad,8801.23140399282
19.3631581,-99.2779741,Cuajimalpa de Morelos,29500.0,339.08045977011494,87.0,2,2.0,0,Familiar_Chico,BajaMarg_BajaGentrif,0.49427437331671703,1.0,Baja_Accesibilidad,9292.950761354577
19.3189488,-99.1384416,Tlalpan,17000.0,188.88888888888889,90.0,3,2.0,0,Familiar_Grande,AltaMarg_BajaGentrif,0.3919311241687132,2.0,Baja_Accesibilidad,2566.455195579043
19.391616,-99.1513127,Benito Juárez,24500.0,281.60919540229884,87.0,2,2.0,0,Familiar_Chico,AltaMarg_AltaGentrif,0.933319961735651,2.0,Alta_Accesibilidad,577.1936021293986
19.3678753,-99.2976727,Cuajimalpa de Morelos,25000.0,215.51724137931035,116.0,3,2.0,0,Amplio_Ejecutivo,AltaMarg_BajaGentrif,0.49427437331671703,2.0,Baja_Accesibilidad,11196.804616101124
19.4332704,-99.1476839,Cuauhtémoc,14500.0,439.3939393939394,33.0,1,1.0,0,Studio/Micro,BajaMarg_AltaGentrif,0.830531038273375,1.0,Alta_Accesibilidad,135.35499198714845
19.3698638,-99.1609858,Benito Juárez,30000.0,428.57142857142856,70.0,2,2.0,0,Familiar_Chico,BajaMarg_AltaGentrif,0.933319961735651,1.0,Alta_Accesibilidad,206.6644260086566
19.419664,-99.1160417,Venustiano Carranza,12000.0,196.72131147540983,61.0,2,1.0,0,Familiar_Chico,BajaMarg_BajaGentrif,0.761616411382061,1.0,Alta_Accesibilidad,512.5115928819486
19.419664,-99.1160417,Venustiano Carranza,10000.0,138.88888888888889,72.0,2,1.0,0,Familiar_Chico,BajaMarg_BajaGentrif,0.761616411382061,1.0,Alta_Accesibilidad,512.5115928819486
19.4183227,-99.1625655,Cuauhtémoc,13000.0,270.8333333333333,48.0,1,1.0,0,Studio/Micro,AltaMarg_AltaGentrif,0.830531038273375,2.0,Alta_Accesibilidad,451.54832230219273
19.3446449,-99.1924105,Álvaro Obregón,29000.0,190.78947368421052,152.0,3,2.0,0,Amplio_Ejecutivo,BajaMarg_BajaGentrif,0.0,1.0,Media_Accesibilidad,961.4359200922412
19.43353,-99.190915,Miguel Hidalgo,100000.0,322.5806451612903,310.0,2,2.0,0,Amplio_Ejecutivo,BajaMarg_AltaGentrif,0.8585849060226639,1.0,Alta_Accesibilidad,444.2627964713553
19.4071156,-99.1906167,Miguel Hidalgo,19000.0,413.04347826086956,46.0,1,1.0,0,Studio/Micro,BajaMarg_AltaGentrif,0.8585849060226639,1.0,Media_Accesibilidad,749.9737885794543
19.3881071,-99.2511696,Cuajimalpa de Morelos,65000.0,325.0,200.0,2,2.0,0,Amplio_Ejecutivo,BajaMarg_BajaGentrif,0.49427437331671703,1.0,Baja_Accesibilidad,6138.247135334897
19.4183227,-99.1625655,Cuauhtémoc,45000.0,316.90140845070425,142.0,2,2.0,0,Amplio_Ejecutivo,AltaMarg_AltaGentrif,0.830531038273375,2.0,Alta_Accesibilidad,451.54832230219273
19.4402557,-99.1926322,Miguel Hidalgo,58000.0,500.0,116.0,2,2.0,0,Amplio_Ejecutivo,BajaMarg_AltaGentrif,0.8585849060226639,1.0,Media_Accesibilidad,926.8825185861144
19.4183227,-99.1625655,Cuauhtémoc,30000.0,400.0,75.0,2,2.0,0,Familiar_Chico,AltaMarg_AltaGentrif,0.830531038273375,2.0,Alta_Accesibilidad,451.54832230219273
19.4681477,-99.2023722,Miguel Hidalgo,15500.0,303.921568627451,51.0,2,1.0,0,Familiar_Chico,AltaMarg_AltaGentrif,0.8585849060226639,2.0,Baja_Accesibilidad,2199.938288773827
19.3197812,-99.2073801,Álvaro Obregón,24500.0,445.45454545454544,55.0,1,1.0,0,Familiar_Chico,BajaMarg_BajaGentrif,0.0,1.0,Baja_Accesibilidad,2881.0539947377
19.3374093,-99.2196568,Álvaro Obregón,37200.0,177.14285714285714,210.0,2,2.0,0,Amplio_Ejecutivo,AltaMarg_BajaGentrif,0.0,2.0,Baja_Accesibilidad,3631.1624220632243
19.3374093,-99.2196568,Álvaro Obregón,17500.0,250.0,70.0,2,2.0,0,Familiar_Chico,AltaMarg_BajaGentrif,0.0,2.0,Baja_Accesibilidad,3631.1624220632243
19.3896634,-99.1738081,Benito Juárez,36000.0,266.6666666666667,135.0,3,2.0,0,Amplio_Ejecutivo,BajaMarg_AltaGentrif,0.933319961735651,1.0,Media_Accesibilidad,1006.3491602454259
19.3374093,-99.2196568,Álvaro Obregón,37000.0,176.1904761904762,210.0,2,2.0,0,Amplio_Ejecutivo,AltaMarg_BajaGentrif,0.0,2.0,Baja_Accesibilidad,3631.1624220632243
19.3881071,-99.2511696,Cuajimalpa de Morelos,53000.0,384.05797101449275,138.0,3,3.0,0,Amplio_Ejecutivo,BajaMarg_BajaGentrif,0.49427437331671703,1.0,Baja_Accesibilidad,6138.247135334897
19.3881071,-99.2511696,Cuajimalpa de Morelos,58200.0,325.13966480446925,179.0,3,3.0,0,Amplio_Ejecutivo,BajaMarg_BajaGentrif,0.49427437331671703,1.0,Baja_Accesibilidad,6138.247135334897
19.43353,-99.190915,Miguel Hidalgo,85000.0,505.95238095238096,168.0,2,2.0,0,Amplio_Ejecutivo,BajaMarg_AltaGentrif,0.8585849060226639,1.0,Alta_Accesibilidad,444.2627964713553
19.3881071,-99.2511696,Cuajimalpa de Morelos,59000.0,287.8048780487805,205.0,3,4.0,0,Amplio_Ejecutivo,BajaMarg_BajaGentrif,0.49427437331671703,1.0,Baja_Accesibilidad,6138.247135334897
19.3881071,-99.2511696,Cuajimalpa de Morelos,43800.0,317.39130434782606,138.0,3,3.0,0,Amplio_Ejecutivo,BajaMarg_BajaGentrif,0.49427437331671703,1.0,Baja_Accesibilidad,6138.247135334897
19.4183227,-99.1625655,Cuauhtémoc,23000.0,383.3333333333333,60.0,2,2.0,0,Familiar_Chico,AltaMarg_AltaGentrif,0.830531038273375,2.0,Alta_Accesibilidad,451.54832230219273
19.43353,-99.190915,Miguel Hidalgo,5500.0,34.375,160.0,2,3.0,0,Amplio_Ejecutivo,BajaMarg_AltaGentrif,0.8585849060226639,1.0,Alta_Accesibilidad,444.2627964713553
19.4326296,-99.1331785,Cuauhtémoc,39000.0,288.8888888888889,135.0,2,2.0,0,Amplio_Ejecutivo,AltaMarg_AltaGentrif,0.830531038273375,3.0,Alta_Accesibilidad,331.00531079168263
19.3631581,-99.2779741,Cuajimalpa de Morelos,29000.0,318.68131868131866,91.0,2,2.0,0,Familiar_Chico,BajaMarg_BajaGentrif,0.49427437331671703,1.0,Baja_Accesibilidad,9292.950761354577
19.3360233,-99.1446028,Coyoacán,22000.0,314.2857142857143,70.0,2,1.0,0,Familiar_Chico,BajaMarg_BajaGentrif,0.750956198657275,1.0,Media_Accesibilidad,1565.0304975415859
19.3112959,-99.1374712,Coyoacán,25000.0,198.4126984126984,126.0,3,2.0,0,Amplio_Ejecutivo,BajaMarg_BajaGentrif,0.750956198657275,1.0,Baja_Accesibilidad,3144.8251158634243
19.4332704,-99.1476839,Cuauhtémoc,70000.0,489.5104895104895,143.0,2,2.0,0,Amplio_Ejecutivo,BajaMarg_AltaGentrif,0.830531038273375,1.0,Alta_Accesibilidad,135.35499198714845
19.3896634,-99.1738081,Benito Juárez,45000.0,264.70588235294116,170.0,2,2.0,0,Amplio_Ejecutivo,BajaMarg_AltaGentrif,0.933319961735651,1.0,Media_Accesibilidad,1006.3491602454259
19.350132,-99.1746519,Coyoacán,14800.0,370.0,40.0,1,1.0,0,Studio/Micro,BajaMarg_BajaGentrif,0.750956198657275,1.0,Media_Accesibilidad,654.5536246978704
19.3896634,-99.1738081,Benito Juárez,55000.0,343.75,160.0,3,3.0,0,Amplio_Ejecutivo,BajaMarg_AltaGentrif,0.933319961735651,1.0,Media_Accesibilidad,1006.3491602454259
19.3881071,-99.2511696,Cuajimalpa de Morelos,32500.0,203.125,160.0,2,2.0,0,Amplio_Ejecutivo,BajaMarg_BajaGentrif,0.49427437331671703,1.0,Baja_Accesibilidad,6138.247135334897
19.4148639,-99.176429,Cuauhtémoc,6000.0,20.0,300.0,3,2.0,0,Amplio_Ejecutivo,AltaMarg_AltaGentrif,0.830531038273375,2.0,Media_Accesibilidad,725.1757598203221
19.3581682,-99.272261,Cuajimalpa de Morelos,65000.0,235.5072463768116,276.0,3,3.0,0,Amplio_Ejecutivo,BajaMarg_BajaGentrif,0.49427437331671703,1.0,Baja_Accesibilidad,8801.23140399282
19.4148639,-99.176429,Cuauhtémoc,56000.0,509.09090909090907,110.0,2,2.0,0,Amplio_Ejecutivo,AltaMarg_AltaGentrif,0.830531038273375,2.0,Media_Accesibilidad,725.1757598203221
19.3465983,-99.2993588,Cuajimalpa de Morelos,14000.0,280.0,50.0,1,1.0,0,Familiar_Chico,BajaMarg_BajaGentrif,0.49427437331671703,1.0,Baja_Accesibilidad,11587.481502401353
19.333359,-99.2115168,La Magdalena Contreras,7500.0,187.5,40.0,1,1.0,0,Studio/Micro,BajaMarg_BajaGentrif,0.3233249370829295,1.0,Baja_Accesibilidad,2929.946576766263
19.4324484,-99.1360896,Cuauhtémoc,19600.0,426.0869565217391,46.0,1,1.0,0,Studio/Micro,AltaMarg_AltaGentrif,0.830531038273375,3.0,Alta_Accesibilidad,375.1134994415067
19.3896634,-99.1738081,Benito Juárez,35000.0,259.25925925925924,135.0,3,2.0,0,Amplio_Ejecutivo,BajaMarg_AltaGentrif,0.933319961735651,1.0,Media_Accesibilidad,1006.3491602454259
19.4497398,-99.2150977,Miguel Hidalgo,30600.0,456.7164179104478,67.0,1,2.0,0,Familiar_Chico,BajaMarg_AltaGentrif,0.8585849060226639,1.0,Baja_Accesibilidad,2135.6203207866383
19.3815398,-99.2520238,Álvaro Obregón,37000.0,352.3809523809524,105.0,2,2.0,0,Amplio_Ejecutivo,BajaMarg_BajaGentrif,0.0,1.0,Baja_Accesibilidad,6371.650658525945
19.3694718,-99.1771253,Benito Juárez,45000.0,401.7857142857143,112.0,2,2.0,0,Amplio_Ejecutivo,BajaMarg_AltaGentrif,0.933319961735651,1.0,Alta_Accesibilidad,426.5027477946791
19.4183227,-99.1625655,Cuauhtémoc,38000.0,351.85185185185185,108.0,3,2.0,0,Amplio_Ejecutivo,AltaMarg_AltaGentrif,0.830531038273375,2.0,Alta_Accesibilidad,451.54832230219273
19.3528581,-99.2854195,Cuajimalpa de Morelos,24000.0,428.57142857142856,56.0,1,1.0,0,Familiar_Chico,AltaMarg_BajaGentrif,0.49427437331671703,2.0,Baja_Accesibilidad,10131.119677570134
19.4379452,-99.1624218,Cuauhtémoc,25000.0,471.6981132075472,53.0,1,1.0,0,Familiar_Chico,AltaMarg_AltaGentrif,0.830531038273375,3.0,Alta_Accesibilidad,574.0132665438462
19.3881071,-99.2511696,Cuajimalpa de Morelos,18500.0,237.17948717948718,78.0,2,2.0,0,Familiar_Chico,BajaMarg_BajaGentrif,0.49427437331671703,1.0,Baja_Accesibilidad,6138.247135334897
19.391616,-99.1513127,Benito Juárez,40000.0,233.91812865497076,171.0,4,2.0,0,Amplio_Familiar,AltaMarg_AltaGentrif,0.933319961735651,2.0,Alta_Accesibilidad,577.1936021293986
19.3881071,-99.2511696,Cuajimalpa de Morelos,21000.0,175.0,120.0,3,1.0,0,Amplio_Ejecutivo,BajaMarg_BajaGentrif,0.49427437331671703,1.0,Baja_Accesibilidad,6138.247135334897
19.3665269,-99.1854833,Benito Juárez,29000.0,345.23809523809524,84.0,2,2.0,0,Familiar_Chico,BajaMarg_AltaGentrif,0.933319961735651,1.0,Media_Accesibilidad,654.5763406267581
19.4788586,-99.2170818,Azcapotzalco,16000.0,160.0,100.0,3,1.0,0,Familiar_Grande,AltaMarg_BajaGentrif,0.7799341145447056,5.0,Baja_Accesibilidad,2676.7675315485913
19.4402557,-99.1926322,Miguel Hidalgo,42000.0,494.11764705882354,85.0,2,2.0,0,Familiar_Chico,BajaMarg_AltaGentrif,0.8585849060226639,1.0,Media_Accesibilidad,926.8825185861144
19.369771,-99.1415858,Benito Juárez,24000.0,285.7142857142857,84.0,2,2.0,0,Familiar_Chico,AltaMarg_AltaGentrif,0.933319961735651,3.0,Media_Accesibilidad,690.7079449581304
19.4482601,-99.2187752,Miguel Hidalgo,25000.0,423.728813559322,59.0,1,1.0,0,Familiar_Chico,BajaMarg_AltaGentrif,0.8585849060226639,1.0,Baja_Accesibilidad,2336.9005952615985
19.3665269,-99.1854833,Benito Juárez,38000.0,404.25531914893617,94.0,2,2.0,0,Familiar_Chico,BajaMarg_AltaGentrif,0.933319961735651,1.0,Media_Accesibilidad,654.5763406267581
19.4482601,-99.2187752,Miguel Hidalgo,26000.0,481.48148148148147,54.0,1,1.0,0,Familiar_Chico,BajaMarg_AltaGentrif,0.8585849060226639,1.0,Baja_Accesibilidad,2336.9005952615985
19.3348794,-99.2004274,Álvaro Obregón,63000.0,393.75,160.0,3,3.0,0,Amplio_Ejecutivo,BajaMarg_BajaGentrif,0.0,1.0,Baja_Accesibilidad,1799.0615157412758
19.4482601,-99.2187752,Miguel Hidalgo,26000.0,433.3333333333333,60.0,1,1.0,0,Familiar_Chico,BajaMarg_AltaGentrif,0.8585849060226639,1.0,Baja_Accesibilidad,2336.9005952615985
19.442902,-99.2014215,Miguel Hidalgo,55000.0,308.9887640449438,178.0,3,3.0,0,Amplio_Ejecutivo,BajaMarg_AltaGentrif,0.8585849060226639,1.0,Media_Accesibilidad,1432.692904874115
19.442902,-99.2014215,Miguel Hidalgo,42000.0,368.42105263157896,114.0,2,2.0,0,Amplio_Ejecutivo,BajaMarg_AltaGentrif,0.8585849060226639,1.0,Media_Accesibilidad,1432.692904874115
19.3581682,-99.272261,Cuajimalpa de Morelos,60000.0,298.5074626865672,201.0,2,2.0,0,Amplio_Ejecutivo,BajaMarg_BajaGentrif,0.49427437331671703,1.0,Baja_Accesibilidad,8801.23140399282
19.4482601,-99.2187752,Miguel Hidalgo,31000.0,373.49397590361446,83.0,2,2.0,0,Familiar_Chico,BajaMarg_AltaGentrif,0.8585849060226639,1.0,Baja_Accesibilidad,2336.9005952615985
19.4324484,-99.1360896,Cuauhtémoc,20000.0,454.54545454545456,44.0,1,1.0,0,Studio/Micro,AltaMarg_AltaGentrif,0.830531038273375,3.0,Alta_Accesibilidad,375.1134994415067
19.4148639,-99.176429,Cuauhtémoc,52000.0,433.3333333333333,120.0,2,2.0,0,Amplio_Ejecutivo,AltaMarg_AltaGentrif,0.830531038273375,2.0,Media_Accesibilidad,725.1757598203221
19.3419761,-99.2797931,Cuajimalpa de Morelos,55000.0,275.0,200.0,3,3.0,0,Amplio_Ejecutivo,AltaMarg_BajaGentrif,0.49427437331671703,4.0,Baja_Accesibilidad,9582.832687803086
19.3490912,-99.2200317,Álvaro Obregón,120000.0,287.08133971291863,418.0,3,4.0,0,Amplio_Ejecutivo,AltaMarg_BajaGentrif,0.0,4.0,Baja_Accesibilidad,3423.161470068263
19.4482601,-99.2187752,Miguel Hidalgo,17400.0,446.15384615384613,39.0,1,1.0,0,Studio/Micro,BajaMarg_AltaGentrif,0.8585849060226639,1.0,Baja_Accesibilidad,2336.9005952615985
19.2919275,-99.2016172,Tlalpan,20500.0,288.7323943661972,71.0,2,2.0,0,Familiar_Chico,BajaMarg_BajaGentrif,0.3919311241687132,1.0,Baja_Accesibilidad,3306.275081326359
19.4326296,-99.1331785,Cuauhtémoc,19200.0,505.2631578947368,38.0,1,1.0,0,Studio/Micro,AltaMarg_AltaGentrif,0.830531038273375,3.0,Alta_Accesibilidad,331.00531079168263
19.4332704,-99.1476839,Cuauhtémoc,19200.0,505.2631578947368,38.0,1,1.0,0,Studio/Micro,BajaMarg_AltaGentrif,0.830531038273375,1.0,Alta_Accesibilidad,135.35499198714845
19.43353,-99.190915,Miguel Hidalgo,55000.0,239.1304347826087,230.0,3,2.0,0,Amplio_Ejecutivo,BajaMarg_AltaGentrif,0.8585849060226639,1.0,Alta_Accesibilidad,444.2627964713553
19.3865622,-99.2251761,Álvaro Obregón,95000.0,271.42857142857144,350.0,3,3.0,0,Amplio_Ejecutivo,AltaMarg_BajaGentrif,0.0,3.0,Baja_Accesibilidad,3574.327969451811
19.43353,-99.190915,Miguel Hidalgo,85000.0,369.5652173913044,230.0,3,3.0,0,Amplio_Ejecutivo,BajaMarg_AltaGentrif,0.8585849060226639,1.0,Alta_Accesibilidad,444.2627964713553
19.43353,-99.190915,Miguel Hidalgo,95000.0,431.8181818181818,220.0,3,3.0,0,Amplio_Ejecutivo,BajaMarg_AltaGentrif,0.8585849060226639,1.0,Alta_Accesibilidad,444.2627964713553
19.43353,-99.190915,Miguel Hidalgo,45000.0,202.7027027027027,222.0,3,2.0,0,Amplio_Ejecutivo,BajaMarg_AltaGentrif,0.8585849060226639,1.0,Alta_Accesibilidad,444.2627964713553
19.3865622,-99.2251761,Álvaro Obregón,60000.0,220.58823529411765,272.0,3,3.0,0,Amplio_Ejecutivo,AltaMarg_BajaGentrif,0.0,3.0,Baja_Accesibilidad,3574.327969451811
19.3581682,-99.272261,Cuajimalpa de Morelos,24000.0,171.42857142857142,140.0,3,2.0,0,Amplio_Ejecutivo,BajaMarg_BajaGentrif,0.49427437331671703,1.0,Baja_Accesibilidad,8801.23140399282
19.2880603,-99.1669733,Tlalpan,40000.0,444.44444444444446,90.0,1,1.0,0,Familiar_Chico,AltaMarg_BajaGentrif,0.3919311241687132,2.0,Baja_Accesibilidad,2792.4380030007696
19.43353,-99.190915,Miguel Hidalgo,75000.0,375.0,200.0,2,2.0,0,Amplio_Ejecutivo,BajaMarg_AltaGentrif,0.8585849060226639,1.0,Alta_Accesibilidad,444.2627964713553
19.3610393,-99.2612571,Álvaro Obregón,44000.0,283.8709677419355,155.0,3,2.0,0,Amplio_Ejecutivo,BajaMarg_BajaGentrif,0.0,1.0,Baja_Accesibilidad,7697.6116628461195
19.43353,-99.190915,Miguel Hidalgo,10000.0,25.0,400.0,3,3.0,0,Amplio_Ejecutivo,BajaMarg_AltaGentrif,0.8585849060226639,1.0,Alta_Accesibilidad,444.2627964713553
19.43353,-99.190915,Miguel Hidalgo,75000.0,326.0869565217391,230.0,3,2.0,0,Amplio_Ejecutivo,BajaMarg_AltaGentrif,0.8585849060226639,1.0,Alta_Accesibilidad,444.2627964713553
19.3060161,-99.1757027,Coyoacán,15000.0,189.873417721519,79.0,2,1.0,0,Familiar_Chico,BajaMarg_BajaGentrif,0.750956198657275,1.0,Media_Accesibilidad,1444.6141831975046
19.3446449,-99.1924105,Álvaro Obregón,70000.0,280.0,250.0,3,3.0,0,Amplio_Ejecutivo,BajaMarg_BajaGentrif,0.0,1.0,Media_Accesibilidad,961.4359200922412
19.442902,-99.2014215,Miguel Hidalgo,60000.0,461.53846153846155,130.0,2,2.0,0,Amplio_Ejecutivo,BajaMarg_AltaGentrif,0.8585849060226639,1.0,Media_Accesibilidad,1432.692904874115
19.43353,-99.190915,Miguel Hidalgo,80000.0,449.438202247191,178.0,3,3.0,0,Amplio_Ejecutivo,BajaMarg_AltaGentrif,0.8585849060226639,1.0,Alta_Accesibilidad,444.2627964713553
19.4615193,-99.1646123,Azcapotzalco,15000.0,241.93548387096774,62.0,2,2.0,0,Familiar_Chico,AltaMarg_BajaGentrif,0.7799341145447056,2.0,Media_Accesibilidad,1467.5179934333091
19.43353,-99.190915,Miguel Hidalgo,88000.0,293.3333333333333,300.0,3,3.0,0,Amplio_Ejecutivo,BajaMarg_AltaGentrif,0.8585849060226639,1.0,Alta_Accesibilidad,444.2627964713553
19.43353,-99.190915,Miguel Hidalgo,45000.0,321.42857142857144,140.0,2,2.0,0,Amplio_Ejecutivo,BajaMarg_AltaGentrif,0.8585849060226639,1.0,Alta_Accesibilidad,444.2627964713553
19.3881071,-99.2511696,Cuajimalpa de Morelos,41000.0,301.47058823529414,136.0,3,2.0,0,Amplio_Ejecutivo,BajaMarg_BajaGentrif,0.49427437331671703,1.0,Baja_Accesibilidad,6138.247135334897
19.43353,-99.190915,Miguel Hidalgo,80000.0,380.95238095238096,210.0,3,2.0,0,Amplio_Ejecutivo,BajaMarg_AltaGentrif,0.8585849060226639,1.0,Alta_Accesibilidad,444.2627964713553
19.3762376,-99.1876125,Benito Juárez,21500.0,241.57303370786516,89.0,2,1.0,0,Familiar_Chico,BajaMarg_AltaGentrif,0.933319961735651,1.0,Alta_Accesibilidad,295.85198809453675
19.3568172,-99.2097114,Álvaro Obregón,67000.0,418.75,160.0,3,3.0,0,Amplio_Ejecutivo,BajaMarg_BajaGentrif,0.0,1.0,Baja_Accesibilidad,2475.652672108455
19.3375522,-99.2026262,Álvaro Obregón,27000.0,168.75,160.0,3,2.0,0,Amplio_Ejecutivo,BajaMarg_BajaGentrif,0.0,1.0,Baja_Accesibilidad,1911.0624280690058
19.3490912,-99.2200317,Álvaro Obregón,25000.0,168.9189189189189,148.0,2,2.0,0,Amplio_Ejecutivo,AltaMarg_BajaGentrif,0.0,4.0,Baja_Accesibilidad,3423.161470068263
19.43353,-99.190915,Miguel Hidalgo,9000.0,24.456521739130434,368.0,3,3.0,0,Amplio_Ejecutivo,BajaMarg_AltaGentrif,0.8585849060226639,1.0,Alta_Accesibilidad,444.2627964713553
19.3815398,-99.2520238,Álvaro Obregón,38000.0,294.5736434108527,129.0,3,2.0,0,Amplio_Ejecutivo,BajaMarg_BajaGentrif,0.0,1.0,Baja_Accesibilidad,6371.650658525945
19.3762376,-99.1876125,Benito Juárez,28000.0,341.4634146341463,82.0,2,2.0,0,Familiar_Chico,BajaMarg_AltaGentrif,0.933319961735651,1.0,Alta_Accesibilidad,295.85198809453675
19.409865,-99.0666396,Iztacalco,16000.0,179.77528089887642,89.0,3,2.0,0,Familiar_Grande,AltaMarg_BajaGentrif,0.7626118203348291,4.0,Media_Accesibilidad,848.758515258019
19.3881071,-99.2511696,Cuajimalpa de Morelos,29000.0,281.5533980582524,103.0,2,2.0,0,Amplio_Ejecutivo,BajaMarg_BajaGentrif,0.49427437331671703,1.0,Baja_Accesibilidad,6138.247135334897
19.3581682,-99.272261,Cuajimalpa de Morelos,37000.0,296.0,125.0,2,2.0,0,Amplio_Ejecutivo,BajaMarg_BajaGentrif,0.49427437331671703,1.0,Baja_Accesibilidad,8801.23140399282
19.4528837,-99.1754969,Miguel Hidalgo,17900.0,263.2352941176471,68.0,2,2.0,0,Familiar_Chico,AltaMarg_AltaGentrif,0.8585849060226639,2.0,Media_Accesibilidad,859.1273876443787
19.2850106,-99.2180671,Tlalpan,5500.0,100.0,55.0,1,1.0,0,Familiar_Chico,AltaMarg_BajaGentrif,0.3919311241687132,2.0,Baja_Accesibilidad,5112.857037886187
19.3610393,-99.2612571,Álvaro Obregón,34000.0,317.7570093457944,107.0,1,2.0,0,Amplio_Ejecutivo,BajaMarg_BajaGentrif,0.0,1.0,Baja_Accesibilidad,7697.6116628461195
19.3837754,-99.1975367,Álvaro Obregón,18000.0,300.0,60.0,2,2.0,0,Familiar_Chico,BajaMarg_BajaGentrif,0.0,1.0,Media_Accesibilidad,1496.250311591246
19.3837754,-99.1975367,Álvaro Obregón,22000.0,285.7142857142857,77.0,3,2.0,0,Familiar_Grande,BajaMarg_BajaGentrif,0.0,1.0,Media_Accesibilidad,1496.250311591246
19.3446449,-99.1924105,Álvaro Obregón,15000.0,500.0,30.0,1,1.0,0,Studio/Micro,BajaMarg_BajaGentrif,0.0,1.0,Media_Accesibilidad,961.4359200922412
19.2850106,-99.2180671,Tlalpan,12700.0,195.3846153846154,65.0,2,1.0,0,Familiar_Chico,AltaMarg_BajaGentrif,0.3919311241687132,2.0,Baja_Accesibilidad,5112.857037886187
19.3610393,-99.2612571,Álvaro Obregón,32000.0,355.55555555555554,90.0,1,1.0,0,Familiar_Chico,BajaMarg_BajaGentrif,0.0,1.0,Baja_Accesibilidad,7697.6116628461195
19.3019879,-99.1302215,Tlalpan,12000.0,150.0,80.0,3,1.0,0,Familiar_Grande,AltaMarg_BajaGentrif,0.3919311241687132,2.0,Baja_Accesibilidad,3290.4515601815688
19.2841671,-99.2298654,Tlalpan,120000.0,380.95238095238096,315.0,3,3.0,0,Amplio_Ejecutivo,AltaMarg_BajaGentrif,0.3919311241687132,5.0,Baja_Accesibilidad,6197.791095638172
19.43353,-99.190915,Miguel Hidalgo,95000.0,240.50632911392404,395.0,4,3.0,0,Amplio_Familiar,BajaMarg_AltaGentrif,0.8585849060226639,1.0,Alta_Accesibilidad,444.2627964713553
19.4071156,-99.1906167,Miguel Hidalgo,52000.0,400.0,130.0,2,2.0,0,Amplio_Ejecutivo,BajaMarg_AltaGentrif,0.8585849060226639,1.0,Media_Accesibilidad,749.9737885794543
19.3610393,-99.2612571,Álvaro Obregón,65000.0,203.125,320.0,2,4.0,0,Amplio_Ejecutivo,BajaMarg_BajaGentrif,0.0,1.0,Baja_Accesibilidad,7697.6116628461195
19.4183227,-99.1625655,Cuauhtémoc,32000.0,326.53061224489795,98.0,2,1.0,0,Familiar_Chico,AltaMarg_AltaGentrif,0.830531038273375,2.0,Alta_Accesibilidad,451.54832230219273
19.3610393,-99.2612571,Álvaro Obregón,32000.0,307.6923076923077,104.0,2,2.0,0,Amplio_Ejecutivo,BajaMarg_BajaGentrif,0.0,1.0,Baja_Accesibilidad,7697.6116628461195
19.4183227,-99.1625655,Cuauhtémoc,28000.0,491.2280701754386,57.0,1,1.0,0,Familiar_Chico,AltaMarg_AltaGentrif,0.830531038273375,2.0,Alta_Accesibilidad,451.54832230219273
19.4148639,-99.176429,Cuauhtémoc,63000.0,381.8181818181818,165.0,2,2.0,0,Amplio_Ejecutivo,AltaMarg_AltaGentrif,0.830531038273375,2.0,Media_Accesibilidad,725.1757598203221
19.4071156,-99.1906167,Miguel Hidalgo,45000.0,463.91752577319585,97.0,1,1.0,0,Familiar_Chico,BajaMarg_AltaGentrif,0.8585849060226639,1.0,Media_Accesibilidad,749.9737885794543
19.3582419,-99.2299319,Álvaro Obregón,16000.0,228.57142857142858,70.0,3,2.0,0,Familiar_Grande,AltaMarg_BajaGentrif,0.0,2.0,Baja_Accesibilidad,4486.978189573065
19.3881071,-99.2511696,Cuajimalpa de Morelos,56000.0,264.1509433962264,212.0,2,2.0,0,Amplio_Ejecutivo,BajaMarg_BajaGentrif,0.49427437331671703,1.0,Baja_Accesibilidad,6138.247135334897
19.3581682,-99.272261,Cuajimalpa de Morelos,20000.0,322.5806451612903,62.0,1,1.0,0,Familiar_Chico,BajaMarg_BajaGentrif,0.49427437331671703,1.0,Baja_Accesibilidad,8801.23140399282
19.43353,-99.190915,Miguel Hidalgo,15000.0,25.0,600.0,4,4.0,0,Amplio_Familiar,BajaMarg_AltaGentrif,0.8585849060226639,1.0,Alta_Accesibilidad,444.2627964713553
19.4332704,-99.1476839,Cuauhtémoc,33500.0,418.75,80.0,1,1.0,0,Familiar_Chico,BajaMarg_AltaGentrif,0.830531038273375,1.0,Alta_Accesibilidad,135.35499198714845
19.481292,-99.142124,Gustavo A. Madero,19500.0,121.875,160.0,2,2.0,0,Amplio_Ejecutivo,AltaMarg_BajaGentrif,0.829803447501769,4.0,Alta_Accesibilidad,365.86500634279207
19.3582419,-99.2299319,Álvaro Obregón,16000.0,177.77777777777777,90.0,3,2.0,0,Familiar_Grande,AltaMarg_BajaGentrif,0.0,2.0,Baja_Accesibilidad,4486.978189573065
19.4666602,-99.1569296,Azcapotzalco,16000.0,213.33333333333334,75.0,2,2.0,0,Familiar_Chico,AltaMarg_BajaGentrif,0.7799341145447056,2.0,Media_Accesibilidad,1479.941822259632
19.4320972,-99.1771646,Miguel Hidalgo,38000.0,253.33333333333334,150.0,2,2.0,0,Amplio_Ejecutivo,BajaMarg_AltaGentrif,0.8585849060226639,1.0,Media_Accesibilidad,991.7860337690739
19.4071156,-99.1906167,Miguel Hidalgo,26000.0,356.16438356164383,73.0,1,1.0,0,Familiar_Chico,BajaMarg_AltaGentrif,0.8585849060226639,1.0,Media_Accesibilidad,749.9737885794543
19.3572429,-99.2996246,Cuajimalpa de Morelos,44000.0,269.93865030674846,163.0,3,3.0,0,Amplio_Ejecutivo,AltaMarg_BajaGentrif,0.49427437331671703,3.0,Baja_Accesibilidad,11517.47570534808
19.391616,-99.1513127,Benito Juárez,36500.0,309.3220338983051,118.0,2,2.0,0,Amplio_Ejecutivo,AltaMarg_AltaGentrif,0.933319961735651,2.0,Alta_Accesibilidad,577.1936021293986
19.3465983,-99.2993588,Cuajimalpa de Morelos,70000.0,224.35897435897436,312.0,2,2.0,0,Amplio_Ejecutivo,BajaMarg_BajaGentrif,0.49427437331671703,1.0,Baja_Accesibilidad,11587.481502401353
19.3665269,-99.1854833,Benito Juárez,49000.0,245.0,200.0,1,2.0,0,Amplio_Ejecutivo,BajaMarg_AltaGentrif,0.933319961735651,1.0,Media_Accesibilidad,654.5763406267581
19.43353,-99.190915,Miguel Hidalgo,79000.0,451.42857142857144,175.0,2,2.0,0,Amplio_Ejecutivo,BajaMarg_AltaGentrif,0.8585849060226639,1.0,Alta_Accesibilidad,444.2627964713553
19.4320972,-99.1771646,Miguel Hidalgo,19900.0,361.8181818181818,55.0,1,2.0,0,Familiar_Chico,BajaMarg_AltaGentrif,0.8585849060226639,1.0,Media_Accesibilidad,991.7860337690739
19.3838913,-99.1688607,Benito Juárez,45000.0,351.5625,128.0,2,2.0,0,Amplio_Ejecutivo,BajaMarg_AltaGentrif,0.933319961735651,1.0,Media_Accesibilidad,1027.4939761213982
19.4675479,-99.1205924,Gustavo A. Madero,14300.0,332.5581395348837,43.0,1,1.0,0,Studio/Micro,AltaMarg_BajaGentrif,0.829803447501769,2.0,Media_Accesibilidad,643.3895868952347
19.4326296,-99.1331785,Cuauhtémoc,43900.0,434.65346534653463,101.0,3,2.0,0,Amplio_Ejecutivo,AltaMarg_AltaGentrif,0.830531038273375,3.0,Alta_Accesibilidad,331.00531079168263
19.4093714,-99.1712126,Cuauhtémoc,20000.0,307.6923076923077,65.0,1,1.0,0,Familiar_Chico,AltaMarg_AltaGentrif,0.830531038273375,2.0,Alta_Accesibilidad,514.202520508241
19.4326296,-99.1331785,Cuauhtémoc,35600.0,456.4102564102564,78.0,2,2.0,0,Familiar_Chico,AltaMarg_AltaGentrif,0.830531038273375,3.0,Alta_Accesibilidad,331.00531079168263
19.43353,-99.190915,Miguel Hidalgo,110000.0,359.47712418300654,306.0,3,3.0,0,Amplio_Ejecutivo,BajaMarg_AltaGentrif,0.8585849060226639,1.0,Alta_Accesibilidad,444.2627964713553
19.3581682,-99.272261,Cuajimalpa de Morelos,67000.0,354.4973544973545,189.0,3,3.0,0,Amplio_Ejecutivo,BajaMarg_BajaGentrif,0.49427437331671703,1.0,Baja_Accesibilidad,8801.23140399282
19.442902,-99.2014215,Miguel Hidalgo,32000.0,400.0,80.0,2,2.0,0,Familiar_Chico,BajaMarg_AltaGentrif,0.8585849060226639,1.0,Media_Accesibilidad,1432.692904874115
19.4497398,-99.2150977,Miguel Hidalgo,19400.0,380.3921568627451,51.0,0,1.0,0,Familiar_Chico,BajaMarg_AltaGentrif,0.8585849060226639,1.0,Baja_Accesibilidad,2135.6203207866383
19.3498606,-99.1619751,Coyoacán,27500.0,289.4736842105263,95.0,2,2.0,0,Familiar_Chico,BajaMarg_BajaGentrif,0.750956198657275,1.0,Media_Accesibilidad,1603.229439145255
19.442902,-99.2014215,Miguel Hidalgo,50000.0,416.6666666666667,120.0,2,2.0,0,Amplio_Ejecutivo,BajaMarg_AltaGentrif,0.8585849060226639,1.0,Media_Accesibilidad,1432.692904874115
19.442902,-99.2014215,Miguel Hidalgo,60000.0,500.0,120.0,2,3.0,0,Amplio_Ejecutivo,BajaMarg_AltaGentrif,0.8585849060226639,1.0,Media_Accesibilidad,1432.692904874115
19.442902,-99.2014215,Miguel Hidalgo,70000.0,416.6666666666667,168.0,3,3.0,0,Amplio_Ejecutivo,BajaMarg_AltaGentrif,0.8585849060226639,1.0,Media_Accesibilidad,1432.692904874115
19.442902,-99.2014215,Miguel Hidalgo,60000.0,508.47457627118644,118.0,2,3.0,0,Amplio_Ejecutivo,BajaMarg_AltaGentrif,0.8585849060226639,1.0,Media_Accesibilidad,1432.692904874115
19.4324484,-99.1360896,Cuauhtémoc,20000.0,307.6923076923077,65.0,2,2.0,0,Familiar_Chico,AltaMarg_AltaGentrif,0.830531038273375,3.0,Alta_Accesibilidad,375.1134994415067
19.442902,-99.2014215,Miguel Hidalgo,35000.0,411.7647058823529,85.0,2,2.0,0,Familiar_Chico,BajaMarg_AltaGentrif,0.8585849060226639,1.0,Media_Accesibilidad,1432.692904874115
19.43353,-99.190915,Miguel Hidalgo,70000.0,355.3299492385787,197.0,2,2.0,0,Amplio_Ejecutivo,BajaMarg_AltaGentrif,0.8585849060226639,1.0,Alta_Accesibilidad,444.2627964713553
19.3863757,-99.1441313,Benito Juárez,18000.0,240.0,75.0,2,1.0,0,Familiar_Chico,AltaMarg_AltaGentrif,0.933319961735651,3.0,Alta_Accesibilidad,623.9535774434206
19.3610393,-99.2612571,Álvaro Obregón,28000.0,388.8888888888889,72.0,1,1.0,0,Familiar_Chico,BajaMarg_BajaGentrif,0.0,1.0,Baja_Accesibilidad,7697.6116628461195
19.4326296,-99.1331785,Cuauhtémoc,29000.0,362.5,80.0,2,2.0,0,Familiar_Chico,AltaMarg_AltaGentrif,0.830531038273375,3.0,Alta_Accesibilidad,331.00531079168263
19.4045642,-99.0695045,Iztacalco,19000.0,158.33333333333334,120.0,2,1.0,0,Amplio_Ejecutivo,AltaMarg_BajaGentrif,0.7626118203348291,4.0,Alta_Accesibilidad,615.6066113398099
19.3601941,-99.1668669,Benito Juárez,42000.0,466.6666666666667,90.0,2,2.0,0,Familiar_Chico,BajaMarg_AltaGentrif,0.933319961735651,1.0,Media_Accesibilidad,863.2139207818312
19.3838913,-99.1688607,Benito Juárez,30000.0,333.3333333333333,90.0,2,2.0,0,Familiar_Chico,BajaMarg_AltaGentrif,0.933319961735651,1.0,Media_Accesibilidad,1027.4939761213982
19.3601941,-99.1668669,Benito Juárez,36000.0,360.0,100.0,2,2.0,0,Familiar_Chico,BajaMarg_AltaGentrif,0.933319961735651,1.0,Media_Accesibilidad,863.2139207818312
19.3896634,-99.1738081,Benito Juárez,25000.0,396.8253968253968,63.0,1,1.0,0,Familiar_Chico,BajaMarg_AltaGentrif,0.933319961735651,1.0,Media_Accesibilidad,1006.3491602454259
19.3374093,-99.2196568,Álvaro Obregón,25000.0,290.69767441860466,86.0,2,2.0,0,Familiar_Chico,AltaMarg_BajaGentrif,0.0,2.0,Baja_Accesibilidad,3631.1624220632243
19.3718796,-99.157701,Benito Juárez,27000.0,317.6470588235294,85.0,2,2.0,0,Familiar_Chico,BajaMarg_AltaGentrif,0.933319961735651,1.0,Alta_Accesibilidad,222.7089106297116
19.4320972,-99.1771646,Miguel Hidalgo,29000.0,353.6585365853659,82.0,2,2.0,0,Familiar_Chico,BajaMarg_AltaGentrif,0.8585849060226639,1.0,Media_Accesibilidad,991.7860337690739
19.43353,-99.190915,Miguel Hidalgo,100000.0,500.0,200.0,3,3.0,0,Amplio_Ejecutivo,BajaMarg_AltaGentrif,0.8585849060226639,1.0,Alta_Accesibilidad,444.2627964713553
19.2514512,-99.1705556,Tlalpan,33000.0,161.76470588235293,204.0,3,2.0,0,Amplio_Ejecutivo,AltaMarg_BajaGentrif,0.3919311241687132,5.0,Baja_Accesibilidad,6189.510417047157
19.4058335,-99.1633037,Cuauhtémoc,19800.0,482.9268292682927,41.0,1,1.0,0,Studio/Micro,AltaMarg_AltaGentrif,0.830531038273375,3.0,Alta_Accesibilidad,609.7826521894331
19.4344621,-99.2095072,Miguel Hidalgo,70000.0,388.8888888888889,180.0,3,2.0,0,Amplio_Ejecutivo,BajaMarg_AltaGentrif,0.8585849060226639,1.0,Baja_Accesibilidad,1933.5469339988058
19.3581682,-99.272261,Cuajimalpa de Morelos,44000.0,244.44444444444446,180.0,2,2.0,0,Amplio_Ejecutivo,BajaMarg_BajaGentrif,0.49427437331671703,1.0,Baja_Accesibilidad,8801.23140399282
19.4449101,-99.1451728,Cuauhtémoc,17800.0,356.0,50.0,2,2.0,0,Familiar_Chico,AltaMarg_AltaGentrif,0.830531038273375,4.0,Alta_Accesibilidad,179.18467851541396
19.43353,-99.190915,Miguel Hidalgo,100000.0,186.56716417910448,536.0,4,3.0,0,Amplio_Familiar,BajaMarg_AltaGentrif,0.8585849060226639,1.0,Alta_Accesibilidad,444.2627964713553
19.43353,-99.190915,Miguel Hidalgo,45000.0,375.0,120.0,2,2.0,0,Amplio_Ejecutivo,BajaMarg_AltaGentrif,0.8585849060226639,1.0,Alta_Accesibilidad,444.2627964713553
19.43353,-99.190915,Miguel Hidalgo,75000.0,300.0,250.0,3,2.0,0,Amplio_Ejecutivo,BajaMarg_AltaGentrif,0.8585849060226639,1.0,Alta_Accesibilidad,444.2627964713553
19.3883825,-99.2196839,Álvaro Obregón,17600.0,237.83783783783784,74.0,2,1.0,0,Familiar_Chico,BajaMarg_BajaGentrif,0.0,1.0,Baja_Accesibilidad,2993.5700823610805
19.3883825,-99.2196839,Álvaro Obregón,19000.0,256.7567567567568,74.0,1,1.0,0,Familiar_Chico,BajaMarg_BajaGentrif,0.0,1.0,Baja_Accesibilidad,2993.5700823610805
19.43353,-99.190915,Miguel Hidalgo,33000.0,434.2105263157895,76.0,2,1.0,0,Familiar_Chico,BajaMarg_AltaGentrif,0.8585849060226639,1.0,Alta_Accesibilidad,444.2627964713553
19.3865622,-99.2251761,Álvaro Obregón,30000.0,333.3333333333333,90.0,2,2.0,0,Familiar_Chico,AltaMarg_BajaGentrif,0.0,3.0,Baja_Accesibilidad,3574.327969451811
19.3883825,-99.2196839,Álvaro Obregón,19500.0,201.03092783505156,97.0,2,2.0,0,Familiar_Chico,BajaMarg_BajaGentrif,0.0,1.0,Baja_Accesibilidad,2993.5700823610805
19.2944436,-99.1625603,Tlalpan,14700.0,128.94736842105263,114.0,3,2.0,0,Amplio_Ejecutivo,AltaMarg_BajaGentrif,0.3919311241687132,2.0,Baja_Accesibilidad,2616.2813827333684
19.3824219,-99.1761603,Benito Juárez,18000.0,360.0,50.0,1,1.0,0,Familiar_Chico,BajaMarg_AltaGentrif,0.933319961735651,1.0,Media_Accesibilidad,703.7713307068392
19.4402557,-99.1926322,Miguel Hidalgo,45000.0,375.0,120.0,3,2.0,0,Amplio_Ejecutivo,BajaMarg_AltaGentrif,0.8585849060226639,1.0,Media_Accesibilidad,926.8825185861144
19.4425356,-99.2102915,Miguel Hidalgo,53000.0,389.70588235294116,136.0,2,2.0,0,Amplio_Ejecutivo,BajaMarg_AltaGentrif,0.8585849060226639,1.0,Baja_Accesibilidad,2154.674897231742
19.4360737,-99.1539172,Cuauhtémoc,65000.0,353.2608695652174,184.0,2,3.0,0,Amplio_Ejecutivo,BajaMarg_AltaGentrif,0.830531038273375,1.0,Alta_Accesibilidad,248.2217711481182
19.43353,-99.190915,Miguel Hidalgo,110000.0,428.01556420233464,257.0,2,2.0,0,Amplio_Ejecutivo,BajaMarg_AltaGentrif,0.8585849060226639,1.0,Alta_Accesibilidad,444.2627964713553
19.3678753,-99.2976727,Cuajimalpa de Morelos,29500.0,197.98657718120805,149.0,3,2.0,0,Amplio_Ejecutivo,AltaMarg_BajaGentrif,0.49427437331671703,2.0,Baja_Accesibilidad,11196.804616101124
19.3596182,-99.2199296,Álvaro Obregón,16000.0,246.15384615384616,65.0,1,1.0,0,Familiar_Chico,AltaMarg_BajaGentrif,0.0,4.0,Baja_Accesibilidad,3471.604694848925
19.3631581,-99.2779741,Cuajimalpa de Morelos,27500.0,229.16666666666666,120.0,2,2.0,0,Amplio_Ejecutivo,BajaMarg_BajaGentrif,0.49427437331671703,1.0,Baja_Accesibilidad,9292.950761354577
19.3377839,-99.2500639,Álvaro Obregón,26000.0,325.0,80.0,2,2.0,0,Familiar_Chico,AltaMarg_BajaGentrif,0.0,2.0,Baja_Accesibilidad,6596.604225047912
19.4360737,-99.1539172,Cuauhtémoc,32000.0,390.2439024390244,82.0,1,1.0,0,Familiar_Chico,BajaMarg_AltaGentrif,0.830531038273375,1.0,Alta_Accesibilidad,248.2217711481182
19.3698638,-99.1609858,Benito Juárez,16500.0,257.8125,64.0,2,2.0,0,Familiar_Chico,BajaMarg_AltaGentrif,0.933319961735651,1.0,Alta_Accesibilidad,206.6644260086566
19.3881071,-99.2511696,Cuajimalpa de Morelos,19500.0,243.75,80.0,2,2.0,0,Familiar_Chico,BajaMarg_BajaGentrif,0.49427437331671703,1.0,Baja_Accesibilidad,6138.247135334897
19.43353,-99.190915,Miguel Hidalgo,20000.0,500.0,40.0,1,1.0,0,Studio/Micro,BajaMarg_AltaGentrif,0.8585849060226639,1.0,Alta_Accesibilidad,444.2627964713553
19.3349129,-99.2043226,Álvaro Obregón,23500.0,213.63636363636363,110.0,3,2.0,0,Amplio_Ejecutivo,BajaMarg_BajaGentrif,0.0,1.0,Baja_Accesibilidad,2167.487490510402
19.369771,-99.1415858,Benito Juárez,29000.0,241.66666666666666,120.0,3,2.0,0,Amplio_Ejecutivo,AltaMarg_AltaGentrif,0.933319961735651,3.0,Media_Accesibilidad,690.7079449581304
19.3755626,-99.1456676,Benito Juárez,21000.0,323.0769230769231,65.0,2,2.0,0,Familiar_Chico,AltaMarg_AltaGentrif,0.933319961735651,3.0,Media_Accesibilidad,883.9276319190134
19.3005329,-99.1165989,Tlalpan,17000.0,242.85714285714286,70.0,3,1.0,0,Familiar_Grande,BajaMarg_BajaGentrif,0.3919311241687132,1.0,Baja_Accesibilidad,2355.2769465501874
19.4005527,-99.2453489,Miguel Hidalgo,11000.0,366.6666666666667,30.0,1,1.0,0,Studio/Micro,BajaMarg_AltaGentrif,0.8585849060226639,1.0,Baja_Accesibilidad,5374.835808851259
19.3581682,-99.272261,Cuajimalpa de Morelos,8000.0,170.2127659574468,47.0,1,1.0,0,Studio/Micro,BajaMarg_BajaGentrif,0.49427437331671703,1.0,Baja_Accesibilidad,8801.23140399282
19.3572429,-99.2996246,Cuajimalpa de Morelos,55000.0,337.4233128834356,163.0,3,3.0,0,Amplio_Ejecutivo,AltaMarg_BajaGentrif,0.49427437331671703,3.0,Baja_Accesibilidad,11517.47570534808
19.3060161,-99.1757027,Coyoacán,21000.0,283.7837837837838,74.0,2,2.0,0,Familiar_Chico,BajaMarg_BajaGentrif,0.750956198657275,1.0,Media_Accesibilidad,1444.6141831975046
19.4312023,-99.2178522,Miguel Hidalgo,26000.0,260.0,100.0,2,1.0,0,Familiar_Chico,AltaMarg_AltaGentrif,0.8585849060226639,2.0,Baja_Accesibilidad,2722.5447605254158
19.4425356,-99.2102915,Miguel Hidalgo,15000.0,300.0,50.0,1,1.0,0,Familiar_Chico,BajaMarg_AltaGentrif,0.8585849060226639,1.0,Baja_Accesibilidad,2154.674897231742
19.391616,-99.1513127,Benito Juárez,40000.0,180.18018018018017,222.0,4,3.0,0,Amplio_Familiar,AltaMarg_AltaGentrif,0.933319961735651,2.0,Alta_Accesibilidad,577.1936021293986
19.3838913,-99.1688607,Benito Juárez,36000.0,330.27522935779814,109.0,3,3.0,0,Amplio_Ejecutivo,BajaMarg_AltaGentrif,0.933319961735651,1.0,Media_Accesibilidad,1027.4939761213982
19.4344621,-99.2095072,Miguel Hidalgo,60000.0,437.95620437956205,137.0,1,2.0,0,Amplio_Ejecutivo,BajaMarg_AltaGentrif,0.8585849060226639,1.0,Baja_Accesibilidad,1933.5469339988058
19.3881071,-99.2511696,Cuajimalpa de Morelos,120000.0,393.44262295081967,305.0,3,3.0,0,Amplio_Ejecutivo,BajaMarg_BajaGentrif,0.49427437331671703,1.0,Baja_Accesibilidad,6138.247135334897
19.43353,-99.190915,Miguel Hidalgo,80000.0,490.79754601226995,163.0,2,2.0,0,Amplio_Ejecutivo,BajaMarg_AltaGentrif,0.8585849060226639,1.0,Alta_Accesibilidad,444.2627964713553
19.4332704,-99.1476839,Cuauhtémoc,45000.0,362.9032258064516,124.0,3,3.0,0,Amplio_Ejecutivo,BajaMarg_AltaGentrif,0.830531038273375,1.0,Alta_Accesibilidad,135.35499198714845
19.3631581,-99.2779741,Cuajimalpa de Morelos,24900.0,292.94117647058823,85.0,2,2.0,0,Familiar_Chico,BajaMarg_BajaGentrif,0.49427437331671703,1.0,Baja_Accesibilidad,9292.950761354577
19.2794154,-99.17153,Tlalpan,16000.0,210.52631578947367,76.0,3,1.0,0,Familiar_Grande,AltaMarg_BajaGentrif,0.3919311241687132,2.0,Baja_Accesibilidad,3186.6189059552826
19.3906515,-99.1952423,Álvaro Obregón,88000.0,227.97927461139898,386.0,3,3.0,0,Amplio_Ejecutivo,BajaMarg_BajaGentrif,0.0,1.0,Media_Accesibilidad,1310.5121766298066
19.3581682,-99.272261,Cuajimalpa de Morelos,65000.0,464.2857142857143,140.0,3,2.0,0,Amplio_Ejecutivo,BajaMarg_BajaGentrif,0.49427437331671703,1.0,Baja_Accesibilidad,8801.23140399282
19.4214424,-99.14322,Cuauhtémoc,24000.0,480.0,50.0,1,1.0,0,Familiar_Chico,BajaMarg_AltaGentrif,0.830531038273375,1.0,Alta_Accesibilidad,290.36036634838484
19.3581682,-99.272261,Cuajimalpa de Morelos,48500.0,359.25925925925924,135.0,3,2.0,0,Amplio_Ejecutivo,BajaMarg_BajaGentrif,0.49427437331671703,1.0,Baja_Accesibilidad,8801.23140399282
19.3906515,-99.1952423,Álvaro Obregón,23000.0,230.0,100.0,2,2.0,0,Familiar_Chico,BajaMarg_BajaGentrif,0.0,1.0,Media_Accesibilidad,1310.5121766298066
19.3465983,-99.2993588,Cuajimalpa de Morelos,22500.0,401.7857142857143,56.0,2,1.0,0,Familiar_Chico,BajaMarg_BajaGentrif,0.49427437331671703,1.0,Baja_Accesibilidad,11587.481502401353
19.43353,-99.190915,Miguel Hidalgo,6000.0,27.027027027027028,222.0,3,3.0,0,Amplio_Ejecutivo,BajaMarg_AltaGentrif,0.8585849060226639,1.0,Alta_Accesibilidad,444.2627964713553
19.3760816,-99.1550215,Benito Juárez,11500.0,287.5,40.0,1,1.0,0,Studio/Micro,BajaMarg_AltaGentrif,0.933319961735651,1.0,Alta_Accesibilidad,590.3482051921285
19.4326296,-99.1331785,Cuauhtémoc,52000.0,433.3333333333333,120.0,2,2.0,0,Amplio_Ejecutivo,AltaMarg_AltaGentrif,0.830531038273375,3.0,Alta_Accesibilidad,331.00531079168263
19.3005329,-99.1165989,Tlalpan,16000.0,213.33333333333334,75.0,3,1.0,0,Familiar_Grande,BajaMarg_BajaGentrif,0.3919311241687132,1.0,Baja_Accesibilidad,2355.2769465501874
19.4468471,-99.12984,Cuauhtémoc,15000.0,306.1224489795918,49.0,2,1.0,0,Studio/Micro,AltaMarg_AltaGentrif,0.830531038273375,4.0,Alta_Accesibilidad,461.2309669384392
19.4210896,-99.2184637,Miguel Hidalgo,31000.0,300.97087378640776,103.0,2,1.0,0,Amplio_Ejecutivo,BajaMarg_AltaGentrif,0.8585849060226639,1.0,Baja_Accesibilidad,2855.497540188191
19.3043066,-99.1200004,Coyoacán,16000.0,213.33333333333334,75.0,2,1.0,0,Familiar_Chico,BajaMarg_BajaGentrif,0.750956198657275,1.0,Baja_Accesibilidad,2392.0529387139177
19.4179354,-99.1744155,Condesa,4200.0,84.0,50.0,2,2.0,0,Familiar_Chico,AltaMarg_AltaGentrif,0.830531038273375,2.0,Alta_Accesibilidad,415.8694890463677
19.2863585,-99.1850116,44300 Guadalajara,11000.0,150.68493150684932,73.0,4,2.0,0,Familiar_Grande,AltaMarg_AltaGentrif,0.830531038273375,4.0,Baja_Accesibilidad,2876.803259790423
19.4083054,-99.1090475,No Identificada,7200.0,64.28571428571429,112.0,3,2.0,0,Amplio_Ejecutivo,AltaMarg_AltaGentrif,0.830531038273375,2.0,Alta_Accesibilidad,343.7749733514971
19.2863585,-99.1850116,Guadalajara,5100.0,51.0,100.0,1,2.0,0,Familiar_Chico,AltaMarg_AltaGentrif,0.830531038273375,4.0,Baja_Accesibilidad,2876.803259790423
19.2863585,-99.1850116,44648 Guadalajara,8000.0,112.67605633802818,71.0,1,2.0,0,Familiar_Chico,AltaMarg_AltaGentrif,0.830531038273375,4.0,Baja_Accesibilidad,2876.803259790423
19.2863585,-99.1850116,44600 Guadalajara,10300.0,149.2753623188406,69.0,3,2.0,0,Familiar_Grande,AltaMarg_AltaGentrif,0.830531038273375,4.0,Baja_Accesibilidad,2876.803259790423
19.4315938,-99.1935327,Polanco,3300.0,150.0,22.0,2,2.0,0,Compacto+,BajaMarg_AltaGentrif,0.830531038273375,1.0,Alta_Accesibilidad,599.2519086112245
19.4123557,-99.1692213,Tlalnepantla,8000.0,119.40298507462687,67.0,3,2.0,0,Familiar_Grande,AltaMarg_AltaGentrif,0.830531038273375,2.0,Alta_Accesibilidad,543.8081271659162
19.3049052,-99.1808391,No Identificada,8500.0,90.42553191489361,94.0,2,2.0,0,Familiar_Chico,BajaMarg_AltaGentrif,0.830531038273375,1.0,Media_Accesibilidad,1358.994911038096
19.321597,-99.1849259,Coyoacán,8000.0,80.0,100.0,2,2.0,0,Familiar_Chico,BajaMarg_BajaGentrif,0.750956198657275,1.0,Media_Accesibilidad,1036.8410823597383
19.5321239,-99.1783746,54110 Tlalnepantla,7500.0,50.0,150.0,4,2.0,0,Amplio_Familiar,AltaMarg_AltaGentrif,0.830531038273375,3.0,Baja_Accesibilidad,2784.8854427499464
19.40301,-99.1603471,64630 Monterrey,6500.0,28.017241379310345,232.0,1,2.0,0,Amplio_Ejecutivo,AltaMarg_AltaGentrif,0.830531038273375,3.0,Media_Accesibilidad,700.4031303291712
19.3428708,-99.1367744,45210 Zapopan,7900.0,75.96153846153847,104.0,2,2.0,0,Amplio_Ejecutivo,AltaMarg_AltaGentrif,0.830531038273375,2.0,Media_Accesibilidad,951.7639192785304
19.3014378,-99.1168782,No Identificada,22500.0,150.0,150.0,3,2.0,0,Amplio_Ejecutivo,BajaMarg_AltaGentrif,0.830531038273375,1.0,Baja_Accesibilidad,2320.310766280884
19.4411193,-99.2003373,No Identificada,5900.0,178.78787878787878,33.0,3,2.0,0,Compacto+,BajaMarg_AltaGentrif,0.830531038273375,1.0,Media_Accesibilidad,1321.9765166424359
19.4132002,-99.1440487,No Identificada,5000.0,22.026431718061673,227.0,1,2.0,0,Amplio_Ejecutivo,AltaMarg_AltaGentrif,0.830531038273375,5.0,Alta_Accesibilidad,341.41434707221714
19.3463172,-99.1808828,Coyoacán,12000.0,444.44444444444446,27.0,4,2.0,0,Compacto+,BajaMarg_BajaGentrif,0.750956198657275,1.0,Alta_Accesibilidad,229.46814711569473
19.2986877,-99.1408879,Colonia Potrero Acoxpa,22000.0,258.8235294117647,85.0,3,2.0,0,Familiar_Grande,AltaMarg_AltaGentrif,0.830531038273375,2.0,Baja_Accesibilidad,3736.401099611988
19.4653314,-99.1806334,Colonia Clavería,12000.0,64.86486486486487,185.0,2,2.0,0,Amplio_Ejecutivo,AltaMarg_AltaGentrif,0.830531038273375,3.0,Media_Accesibilidad,1538.4544405003637
19.4537412,-99.1553027,No Identificada,5500.0,19.031141868512112,289.0,1,2.0,0,Amplio_Ejecutivo,AltaMarg_AltaGentrif,0.830531038273375,4.0,Media_Accesibilidad,1014.1087630247234
19.3829715,-99.1800979,Benito Juárez,13000.0,40.0,325.0,3,2.0,0,Amplio_Ejecutivo,BajaMarg_AltaGentrif,0.933319961735651,1.0,Media_Accesibilidad,668.2604411364171
19.4148639,-99.176429,Condesa,54000.0,166.15384615384616,325.0,2,2.0,0,Amplio_Ejecutivo,AltaMarg_AltaGentrif,0.830531038273375,2.0,Media_Accesibilidad,725.1757598203221
19.43353,-99.190915,Polanco,9500.0,42.0353982300885,226.0,1,2.0,0,Amplio_Ejecutivo,BajaMarg_AltaGentrif,0.830531038273375,1.0,Alta_Accesibilidad,444.2627964713553
19.3620504,-99.2675488,Santa Fe,6800.0,22.149837133550488,307.0,1,2.0,0,Amplio_Ejecutivo,BajaMarg_AltaGentrif,0.830531038273375,1.0,Baja_Accesibilidad,8297.47952323647
19.3708083,-99.198337,Colonia La Cascada,10000.0,62.893081761006286,159.0,2,2.0,0,Amplio_Ejecutivo,AltaMarg_AltaGentrif,0.830531038273375,2.0,Media_Accesibilidad,1440.3644651115771
19.4875162,-99.1330838,Colonia Churubusco Tepeyac,17000.0,125.92592592592592,135.0,4,2.0,0,Amplio_Familiar,AltaMarg_AltaGentrif,0.830531038273375,3.0,Alta_Accesibilidad,376.45425822148763
19.4186475,-99.1751724,Condesa,4200.0,84.0,50.0,1,2.0,0,Familiar_Chico,AltaMarg_AltaGentrif,0.830531038273375,2.0,Alta_Accesibilidad,340.0872530470945
19.4585639,-99.1120889,No Identificada,5600.0,35.0,160.0,1,2.0,0,Amplio_Ejecutivo,AltaMarg_AltaGentrif,0.830531038273375,4.0,Alta_Accesibilidad,373.520029888628
19.4469331,-99.2023706,Miguel Hidalgo,3500.0,60.3448275862069,58.0,1,2.0,0,Familiar_Chico,AltaMarg_AltaGentrif,0.8585849060226639,2.0,Baja_Accesibilidad,1648.441157164622
19.4179402,-99.149146,No Identificada,7000.0,30.97345132743363,226.0,1,2.0,0,Amplio_Ejecutivo,AltaMarg_AltaGentrif,0.830531038273375,3.0,Alta_Accesibilidad,339.92929530427494
19.3886249,-99.0780276,No Identificada,7000.0,79.54545454545455,88.0,3,2.0,0,Familiar_Grande,AltaMarg_AltaGentrif,0.830531038273375,2.0,Media_Accesibilidad,1492.7142763816742
19.3038442,-99.2079494,Tlalpan,8500.0,197.67441860465115,43.0,2,2.0,0,Compacto+,BajaMarg_BajaGentrif,0.3919311241687132,1.0,Baja_Accesibilidad,3266.9380873183227
19.4325446,-99.1871337,Polanco,4500.0,180.0,25.0,2,2.0,0,Compacto+,BajaMarg_AltaGentrif,0.830531038273375,1.0,Alta_Accesibilidad,586.0729394760307
19.3488917,-99.1629828,Coyoacán,6000.0,20.97902097902098,286.0,1,2.0,0,Amplio_Ejecutivo,BajaMarg_BajaGentrif,0.750956198657275,1.0,Media_Accesibilidad,1546.8290173660196
19.43353,-99.190915,Polanco,8000.0,186.04651162790697,43.0,3,2.0,0,Compacto+,BajaMarg_AltaGentrif,0.830531038273375,1.0,Alta_Accesibilidad,444.2627964713553
19.3653514,-99.2737186,Colonia Lomas De Vista Hermosa,10000.0,434.7826086956522,23.0,4,2.0,0,Compacto+,BajaMarg_AltaGentrif,0.830531038273375,1.0,Baja_Accesibilidad,8835.234871218134
19.3829715,-99.1800979,Benito Juárez,10000.0,102.04081632653062,98.0,2,2.0,0,Familiar_Chico,BajaMarg_AltaGentrif,0.933319961735651,1.0,Media_Accesibilidad,668.2604411364171
19.4326,-99.1332,No Identificada,6200.0,29.95169082125604,207.0,1,2.0,0,Amplio_Ejecutivo,AltaMarg_AltaGentrif,0.830531038273375,3.0,Alta_Accesibilidad,330.46776435848415
19.4148639,-99.176429,Condesa,6000.0,100.0,60.0,1,2.0,0,Familiar_Chico,AltaMarg_AltaGentrif,0.830531038273375,2.0,Media_Accesibilidad,725.1757598203221
19.4264684,-99.1098256,No Identificada,7000.0,97.22222222222223,72.0,2,2.0,0,Familiar_Chico,AltaMarg_AltaGentrif,0.830531038273375,2.0,Alta_Accesibilidad,355.2786194176506
19.4326,-99.1332,No Identificada,6000.0,45.11278195488722,133.0,1,2.0,0,Amplio_Ejecutivo,AltaMarg_AltaGentrif,0.830531038273375,3.0,Alta_Accesibilidad,330.46776435848415
19.311445,-99.102144,Unidad Habitacional Obrero Ctm Culhuacán 9,9000.0,52.02312138728324,173.0,2,2.0,0,Amplio_Ejecutivo,AltaMarg_AltaGentrif,0.830531038273375,2.0,Media_Accesibilidad,1212.695119424041
19.3379672,-99.1289166,No Identificada,5000.0,20.0,250.0,1,2.0,0,Amplio_Ejecutivo,BajaMarg_AltaGentrif,0.830531038273375,1.0,Media_Accesibilidad,1178.3004324474257
19.4156998,-99.2136879,Lomas De Chapultepec,65000.0,295.45454545454544,220.0,3,3.0,0,Amplio_Ejecutivo,BajaMarg_AltaGentrif,0.830531038273375,1.0,Baja_Accesibilidad,2535.156919896198
19.4057974,-99.0663725,Colonia Agrícola Pantitlán,3500.0,20.0,175.0,1,2.0,0,Amplio_Ejecutivo,AltaMarg_AltaGentrif,0.830531038273375,4.0,Media_Accesibilidad,843.026110784292
19.4350386,-99.1403951,Centro,8000.0,76.92307692307692,104.0,2,2.0,0,Amplio_Ejecutivo,AltaMarg_AltaGentrif,0.830531038273375,3.0,Alta_Accesibilidad,185.28998818631177
19.4326296,-99.1331785,Cuauhtémoc,9500.0,120.25316455696202,79.0,3,1.0,0,Familiar_Grande,AltaMarg_AltaGentrif,0.830531038273375,3.0,Alta_Accesibilidad,331.00531079168263
19.4326,-99.1332,No Identificada,5500.0,50.0,110.0,1,2.0,0,Amplio_Ejecutivo,AltaMarg_AltaGentrif,0.830531038273375,3.0,Alta_Accesibilidad,330.46776435848415
19.3488917,-99.1629828,Coyoacán,32000.0,213.33333333333334,150.0,3,2.0,0,Amplio_Ejecutivo,BajaMarg_BajaGentrif,0.750956198657275,1.0,Media_Accesibilidad,1546.8290173660196
19.3142126,-99.1539359,No Identificada,5000.0,20.0,250.0,1,2.0,0,Amplio_Ejecutivo,AltaMarg_AltaGentrif,0.830531038273375,4.0,Baja_Accesibilidad,2448.8533391469437
19.5036005,-99.1144386,Colonia Zacatenco,13000.0,84.9673202614379,153.0,4,2.0,0,Amplio_Familiar,AltaMarg_AltaGentrif,0.830531038273375,2.0,Media_Accesibilidad,1155.291107701296
19.4326,-99.1332,No Identificada,12500.0,66.84491978609626,187.0,2,2.0,0,Amplio_Ejecutivo,AltaMarg_AltaGentrif,0.830531038273375,3.0,Alta_Accesibilidad,330.46776435848415
19.2976305,-99.0386994,Tláhuac,6800.0,60.176991150442475,113.0,2,1.0,0,Amplio_Ejecutivo,AltaMarg_BajaGentrif,0.5773137898079344,4.0,Baja_Accesibilidad,3438.8331613547707
19.467811,-99.1890762,No Identificada,6000.0,31.914893617021278,188.0,1,2.0,0,Amplio_Ejecutivo,AltaMarg_AltaGentrif,0.830531038273375,2.0,Media_Accesibilidad,1520.564528810559
19.3439702,-99.109797,Colonia Minerva,4500.0,20.0,225.0,1,2.0,0,Amplio_Ejecutivo,AltaMarg_AltaGentrif,0.830531038273375,5.0,Alta_Accesibilidad,617.7848133964579
19.3089908,-99.1719619,Unidad Habitacional Villa Panamericana,10000.0,52.91005291005291,189.0,2,2.0,0,Amplio_Ejecutivo,BajaMarg_AltaGentrif,0.830531038273375,1.0,Media_Accesibilidad,1381.3817622623724
19.4709744,-99.1300613,No Identificada,6000.0,37.9746835443038,158.0,1,2.0,0,Amplio_Ejecutivo,AltaMarg_AltaGentrif,0.830531038273375,2.0,Alta_Accesibilidad,573.4278771676582
19.3018519,-99.1599116,Colonia Media Luna,14000.0,89.74358974358974,156.0,3,2.0,0,Amplio_Ejecutivo,BajaMarg_AltaGentrif,0.830531038273375,1.0,Baja_Accesibilidad,2400.9077584781453
19.4191658,-99.1135482,Venustiano Carranza,12900.0,50.0,258.0,2,1.0,0,Amplio_Ejecutivo,BajaMarg_BajaGentrif,0.761616411382061,1.0,Alta_Accesibilidad,565.6855776091555
19.5628107,-99.134564,Colonia Juventino Rosas,5500.0,25.0,220.0,1,2.0,0,Amplio_Ejecutivo,AltaMarg_AltaGentrif,0.830531038273375,3.0,Baja_Accesibilidad,6388.122438649577
19.4532676,-99.1387668,Nonoalco Tlatelolco,15000.0,140.18691588785046,107.0,3,2.0,0,Amplio_Ejecutivo,AltaMarg_AltaGentrif,0.830531038273375,2.0,Alta_Accesibilidad,475.81502437608515
19.398169,-99.2169479,Miguel Hidalgo,17000.0,106.25,160.0,3,2.0,0,Amplio_Ejecutivo,BajaMarg_AltaGentrif,0.8585849060226639,1.0,Baja_Accesibilidad,2581.417982658
19.4246141,-99.1520014,Roma,4000.0,57.971014492753625,69.0,1,2.0,0,Familiar_Chico,BajaMarg_AltaGentrif,0.830531038273375,1.0,Alta_Accesibilidad,392.81920157183043
19.4148639,-99.176429,Condesa,7300.0,37.055837563451774,197.0,1,2.0,0,Amplio_Ejecutivo,AltaMarg_AltaGentrif,0.830531038273375,2.0,Media_Accesibilidad,725.1757598203221
19.3488917,-99.1629828,Coyoacán,25000.0,500.0,50.0,3,2.0,0,Familiar_Grande,BajaMarg_BajaGentrif,0.750956198657275,1.0,Media_Accesibilidad,1546.8290173660196
19.3038442,-99.2079494,Tlalpan,8000.0,55.172413793103445,145.0,2,2.0,0,Amplio_Ejecutivo,BajaMarg_BajaGentrif,0.3919311241687132,1.0,Baja_Accesibilidad,3266.9380873183227
19.3784776,-99.2211716,Presidentes,7000.0,40.0,175.0,2,2.0,0,Amplio_Ejecutivo,AltaMarg_AltaGentrif,0.830531038273375,3.0,Baja_Accesibilidad,3563.071941136185
19.4415499,-99.2038871,No Identificada,3600.0,120.0,30.0,2,2.0,0,Compacto+,BajaMarg_AltaGentrif,0.830531038273375,1.0,Media_Accesibilidad,1596.396876723659
19.2742848,-99.1222462,Colonia Paseos Del Sur,13500.0,103.84615384615384,130.0,3,2.0,0,Amplio_Ejecutivo,BajaMarg_AltaGentrif,0.830531038273375,1.0,Baja_Accesibilidad,4231.60854715244
19.3784776,-99.2211716,Presidentes,5000.0,22.026431718061673,227.0,1,2.0,0,Amplio_Ejecutivo,AltaMarg_AltaGentrif,0.830531038273375,3.0,Baja_Accesibilidad,3563.071941136185
19.3038941,-99.0431341,Colonia Gutiérrez Nájera,6500.0,48.148148148148145,135.0,2,2.0,0,Amplio_Ejecutivo,AltaMarg_AltaGentrif,0.830531038273375,4.0,Baja_Accesibilidad,3147.866368217159
19.2945768,-99.1200358,Colonia Residencial Villa Coapa Supermanzana 8,12000.0,57.971014492753625,207.0,3,2.0,0,Amplio_Ejecutivo,AltaMarg_AltaGentrif,0.830531038273375,2.0,Baja_Accesibilidad,2940.907409502288
19.4326,-99.1332,No Identificada,6500.0,20.0,325.0,1,2.0,0,Amplio_Ejecutivo,AltaMarg_AltaGentrif,0.830531038273375,3.0,Alta_Accesibilidad,330.46776435848415
19.3760526,-99.1055949,No Identificada,13300.0,80.12048192771084,166.0,3,2.0,0,Amplio_Ejecutivo,AltaMarg_AltaGentrif,0.830531038273375,3.0,Alta_Accesibilidad,381.99792573248396
19.4262844,-99.2056708,No Identificada,60000.0,198.01980198019803,303.0,3,2.0,0,Amplio_Ejecutivo,BajaMarg_AltaGentrif,0.830531038273375,1.0,Media_Accesibilidad,1437.5213311987638
19.2979195,-99.1154766,Colonia Rinconada Coapa 2A. Sección,25000.0,120.77294685990339,207.0,3,2.0,0,Amplio_Ejecutivo,BajaMarg_AltaGentrif,0.830531038273375,1.0,Baja_Accesibilidad,2437.691868631755
19.4557464,-99.2098733,No Identificada,14000.0,60.08583690987125,233.0,3,2.0,0,Amplio_Ejecutivo,AltaMarg_AltaGentrif,0.830531038273375,3.0,Baja_Accesibilidad,1986.3660721977835
19.5574204,-99.1336114,Barrio Cuautepec El Alto,9000.0,28.037383177570092,321.0,3,2.0,0,Amplio_Ejecutivo,AltaMarg_AltaGentrif,0.830531038273375,4.0,Baja_Accesibilidad,5898.590649419978
19.2667081,-99.1270048,Colonia Tepepan,24900.0,220.35398230088495,113.0,3,2.0,0,Amplio_Ejecutivo,AltaMarg_AltaGentrif,0.830531038273375,3.0,Baja_Accesibilidad,5130.749002775763
19.3770513,-99.1073053,No Identificada,4100.0,20.0,205.0,1,2.0,0,Amplio_Ejecutivo,AltaMarg_AltaGentrif,0.830531038273375,4.0,Alta_Accesibilidad,316.90610398437536
19.4681069,-99.1904939,Ángel Zimbrón,6100.0,31.93717277486911,191.0,1,2.0,0,Amplio_Ejecutivo,AltaMarg_AltaGentrif,0.830531038273375,2.0,Media_Accesibilidad,1498.7593274806466
19.293775,-99.1269976,Unidad Habitacional Narciso Mendoza 5 Villa Coapa,12000.0,64.86486486486487,185.0,3,2.0,0,Amplio_Ejecutivo,AltaMarg_AltaGentrif,0.830531038273375,2.0,Baja_Accesibilidad,3519.4580370606395
19.43353,-99.190915,Polanco,5000.0,200.0,25.0,3,2.0,0,Compacto+,BajaMarg_AltaGentrif,0.830531038273375,1.0,Alta_Accesibilidad,444.2627964713553
19.3139382,-99.1317305,Fraccionamiento Los Olivos,4500.0,20.0,225.0,1,2.0,0,Amplio_Ejecutivo,BajaMarg_AltaGentrif,0.830531038273375,1.0,Baja_Accesibilidad,2797.4797919857137
19.4620958,-99.1906884,No Identificada,6000.0,55.04587155963303,109.0,2,2.0,0,Amplio_Ejecutivo,AltaMarg_AltaGentrif,0.830531038273375,2.0,Baja_Accesibilidad,1645.433330541272
19.3535523,-99.1169501,Colonia Granjas Esmeralda,5000.0,34.96503496503497,143.0,1,2.0,0,Amplio_Ejecutivo,BajaMarg_AltaGentrif,0.830531038273375,1.0,Media_Accesibilidad,915.7669994120106
19.3488917,-99.1629828,Coyoacán,7500.0,50.0,150.0,1,2.0,0,Amplio_Ejecutivo,BajaMarg_BajaGentrif,0.750956198657275,1.0,Media_Accesibilidad,1546.8290173660196
19.3488917,-99.1629828,Coyoacán,4500.0,25.0,180.0,1,2.0,0,Amplio_Ejecutivo,BajaMarg_BajaGentrif,0.750956198657275,1.0,Media_Accesibilidad,1546.8290173660196
19.3026705,-99.1028875,Xochimilco,14000.0,40.0,350.0,3,1.0,0,Amplio_Ejecutivo,BajaMarg_BajaGentrif,0.5681953697835378,1.0,Baja_Accesibilidad,1904.8268068052198
19.4326,-99.1332,No Identificada,30000.0,179.64071856287424,167.0,3,2.0,0,Amplio_Ejecutivo,AltaMarg_AltaGentrif,0.830531038273375,3.0,Alta_Accesibilidad,330.46776435848415
19.43353,-99.190915,Polanco,8000.0,25.0,320.0,1,2.0,0,Amplio_Ejecutivo,BajaMarg_AltaGentrif,0.830531038273375,1.0,Alta_Accesibilidad,444.2627964713553
19.4177417,-99.1798611,No Identificada,6500.0,28.017241379310345,232.0,1,2.0,0,Amplio_Ejecutivo,BajaMarg_AltaGentrif,0.830531038273375,1.0,Alta_Accesibilidad,567.0535325510479
19.4413067,-99.2028246,No Identificada,3500.0,60.3448275862069,58.0,1,2.0,0,Familiar_Chico,BajaMarg_AltaGentrif,0.830531038273375,1.0,Media_Accesibilidad,1508.6645817854915
19.328714,-99.165883,No Identificada,10500.0,58.011049723756905,181.0,1,2.0,0,Amplio_Ejecutivo,AltaMarg_AltaGentrif,0.830531038273375,5.0,Media_Accesibilidad,1396.0470191823279
19.2893416,-99.1273676,Colonia Narciso Mendoza Súper Manzana 2 Villa Coapa,13500.0,75.0,180.0,2,2.0,0,Amplio_Ejecutivo,AltaMarg_AltaGentrif,0.830531038273375,3.0,Baja_Accesibilidad,3819.0591467800377
19.2410078,-99.0181515,Colonia 2A. Sección Los Cerrillos,9500.0,197.91666666666666,48.0,3,2.0,0,Compacto+,AltaMarg_AltaGentrif,0.830531038273375,4.0,Baja_Accesibilidad,7947.3346252393
19.4752563,-99.1787251,Colonia Sindicato Mexicano De Electricistas,18500.0,105.11363636363636,176.0,3,2.0,0,Amplio_Ejecutivo,AltaMarg_AltaGentrif,0.830531038273375,2.0,Media_Accesibilidad,1542.279080286267
19.373681,-99.1517991,No Identificada,6000.0,20.0,300.0,1,2.0,0,Amplio_Ejecutivo,BajaMarg_AltaGentrif,0.830531038273375,1.0,Media_Accesibilidad,719.0675947540504
19.3470336,-99.1200994,No Identificada,7000.0,30.042918454935624,233.0,1,2.0,0,Amplio_Ejecutivo,AltaMarg_AltaGentrif,0.830531038273375,5.0,Media_Accesibilidad,1079.6381857088872
19.43353,-99.190915,Polanco,75000.0,230.06134969325154,326.0,3,2.0,0,Amplio_Ejecutivo,BajaMarg_AltaGentrif,0.830531038273375,1.0,Alta_Accesibilidad,444.2627964713553
19.4105801,-99.0705782,No Identificada,10000.0,76.92307692307692,130.0,2,2.0,0,Amplio_Ejecutivo,AltaMarg_AltaGentrif,0.830531038273375,2.0,Media_Accesibilidad,640.8059254188053
19.3509584,-99.1388636,Tlalpan,14600.0,109.77443609022556,133.0,3,2.0,0,Amplio_Ejecutivo,BajaMarg_BajaGentrif,0.3919311241687132,1.0,Media_Accesibilidad,1398.8401815991865
19.312209,-99.1812285,Colonia Panamericana,5000.0,50.0,100.0,1,2.0,0,Familiar_Chico,BajaMarg_AltaGentrif,0.830531038273375,1.0,Media_Accesibilidad,1092.4509536278158
19.3688258,-99.1789972,No Identificada,6300.0,27.03862660944206,233.0,1,2.0,0,Amplio_Ejecutivo,BajaMarg_AltaGentrif,0.830531038273375,1.0,Alta_Accesibilidad,419.01009040991096
19.3281355,-99.1343458,Colonia Avante,12500.0,69.83240223463687,179.0,2,2.0,0,Amplio_Ejecutivo,BajaMarg_AltaGentrif,0.830531038273375,1.0,Baja_Accesibilidad,1826.9508395236132
19.4293653,-99.1484027,Centro,6000.0,38.96103896103896,154.0,1,2.0,0,Amplio_Ejecutivo,BajaMarg_AltaGentrif,0.830531038273375,1.0,Alta_Accesibilidad,318.3613941806717
19.4258034,-99.1723876,Condesa,8900.0,189.36170212765958,47.0,2,2.0,0,Compacto+,AltaMarg_AltaGentrif,0.830531038273375,2.0,Alta_Accesibilidad,288.48556208250716
19.2785599,-99.237508,No Identificada,10000.0,64.93506493506493,154.0,2,2.0,0,Amplio_Ejecutivo,AltaMarg_AltaGentrif,0.830531038273375,4.0,Baja_Accesibilidad,7196.664178560232
19.3829715,-99.1800979,Del Valle,9000.0,236.8421052631579,38.0,3,2.0,0,Compacto+,BajaMarg_AltaGentrif,0.830531038273375,1.0,Media_Accesibilidad,668.2604411364171
19.3439702,-99.109797,Colonia Minerva,13000.0,138.29787234042553,94.0,3,2.0,0,Familiar_Grande,AltaMarg_AltaGentrif,0.830531038273375,5.0,Alta_Accesibilidad,617.7848133964579
19.4148639,-99.176429,Condesa,5500.0,77.46478873239437,71.0,1,2.0,0,Familiar_Chico,AltaMarg_AltaGentrif,0.830531038273375,2.0,Media_Accesibilidad,725.1757598203221
19.3040433,-99.1900307,No Identificada,14000.0,42.94478527607362,326.0,3,2.0,0,Amplio_Ejecutivo,BajaMarg_AltaGentrif,0.830531038273375,1.0,Media_Accesibilidad,1616.8560337129202
19.3580045,-99.2031498,Las Águilas,23000.0,219.04761904761904,105.0,3,2.0,0,Amplio_Ejecutivo,AltaMarg_AltaGentrif,0.830531038273375,2.0,Baja_Accesibilidad,1839.8081992683453
19.3621951,-99.2869132,El Yaqui,28500.0,150.0,190.0,2,2.0,0,Amplio_Ejecutivo,BajaMarg_AltaGentrif,0.830531038273375,1.0,Baja_Accesibilidad,10196.174842386896
19.4148639,-99.176429,Condesa,11000.0,60.10928961748634,183.0,1,2.0,0,Amplio_Ejecutivo,AltaMarg_AltaGentrif,0.830531038273375,2.0,Media_Accesibilidad,725.1757598203221
19.391616,-99.1513127,Narvarte,39500.0,126.19808306709265,313.0,4,2.0,0,Amplio_Familiar,AltaMarg_AltaGentrif,0.830531038273375,2.0,Alta_Accesibilidad,577.1936021293986
19.3189488,-99.1384416,Unidad Habitacional Del Pacífico,15000.0,70.09345794392523,214.0,3,2.0,0,Amplio_Ejecutivo,AltaMarg_AltaGentrif,0.830531038273375,2.0,Baja_Accesibilidad,2566.455195579043
19.4292581,-99.1927058,Polanco,36000.0,100.0,360.0,2,2.0,0,Amplio_Ejecutivo,BajaMarg_AltaGentrif,0.830531038273375,1.0,Alta_Accesibilidad,554.0297644831048
19.2703914,-99.0047499,Tláhuac,5500.0,20.99236641221374,262.0,1,1.0,0,Amplio_Ejecutivo,BajaMarg_BajaGentrif,0.5773137898079344,1.0,Baja_Accesibilidad,6215.058316462161
19.4866073,-99.1940677,Colonia La Preciosa,12000.0,55.04587155963303,218.0,2,2.0,0,Amplio_Ejecutivo,AltaMarg_AltaGentrif,0.830531038273375,4.0,Media_Accesibilidad,907.6236460161654
19.2905429,-99.1349646,Conjunto Residencial Villa Prado Coapa,22500.0,190.67796610169492,118.0,4,2.0,0,Amplio_Familiar,BajaMarg_AltaGentrif,0.830531038273375,1.0,Baja_Accesibilidad,4129.099453676774
19.43353,-99.190915,Polanco,14000.0,54.054054054054056,259.0,2,2.0,0,Amplio_Ejecutivo,BajaMarg_AltaGentrif,0.830531038273375,1.0,Alta_Accesibilidad,444.2627964713553
19.514275,-99.1350733,No Identificada,10500.0,72.91666666666667,144.0,3,2.0,0,Amplio_Ejecutivo,AltaMarg_AltaGentrif,0.830531038273375,3.0,Baja_Accesibilidad,2037.453893284449
19.4326,-99.1332,No Identificada,10000.0,59.880239520958085,167.0,2,2.0,0,Amplio_Ejecutivo,AltaMarg_AltaGentrif,0.830531038273375,3.0,Alta_Accesibilidad,330.46776435848415
19.2965377,-99.0549682,Colonia La Nopalera,7000.0,70.0,100.0,2,2.0,0,Familiar_Chico,AltaMarg_AltaGentrif,0.830531038273375,3.0,Baja_Accesibilidad,2946.979694055581
19.4205129,-99.1888685,No Identificada,99000.0,210.19108280254778,471.0,3,2.0,0,Amplio_Ejecutivo,BajaMarg_AltaGentrif,0.830531038273375,1.0,Media_Accesibilidad,757.8212796253017
19.4388295,-99.1193006,Morelos,7200.0,50.0,144.0,2,2.0,0,Amplio_Ejecutivo,AltaMarg_AltaGentrif,0.830531038273375,5.0,Alta_Accesibilidad,507.73788717710715
19.2821316,-99.1778614,Colonia Santa Úrsula Xitla,24000.0,158.94039735099338,151.0,3,2.0,0,Amplio_Ejecutivo,AltaMarg_AltaGentrif,0.830531038273375,3.0,Baja_Accesibilidad,2965.676388918887
19.3608852,-99.2693307,No Identificada,9000.0,30.0,300.0,1,2.0,0,Amplio_Ejecutivo,BajaMarg_AltaGentrif,0.830531038273375,1.0,Baja_Accesibilidad,8495.945921280623
19.3443673,-99.1924473,San Ángel,7000.0,25.0,280.0,1,2.0,0,Amplio_Ejecutivo,BajaMarg_AltaGentrif,0.830531038273375,1.0,Media_Accesibilidad,952.5726887474532
19.4386574,-99.1807856,Polanco,20600.0,42.04081632653061,490.0,1,2.0,0,Amplio_Ejecutivo,AltaMarg_AltaGentrif,0.830531038273375,2.0,Media_Accesibilidad,1147.0035345165322
19.317015,-99.1120701,Coapa,15000.0,47.92332268370607,313.0,3,2.0,0,Amplio_Ejecutivo,BajaMarg_AltaGentrif,0.830531038273375,1.0,Media_Accesibilidad,1050.129381651143
19.3681266,-99.162822,Santa Cruz Atoyac,15500.0,74.8792270531401,207.0,1,2.0,0,Amplio_Ejecutivo,BajaMarg_AltaGentrif,0.830531038273375,1.0,Alta_Accesibilidad,350.83688160563224
19.4367038,-99.1961632,Polanco,6800.0,323.8095238095238,21.0,3,2.0,0,Compacto+,BajaMarg_AltaGentrif,0.830531038273375,1.0,Media_Accesibilidad,933.4959458511854
19.3001509,-99.1785591,Colonia Equipamiento Fábrica Fisisa,8000.0,100.0,80.0,1,2.0,0,Familiar_Chico,BajaMarg_AltaGentrif,0.830531038273375,1.0,Baja_Accesibilidad,1744.477803036586
19.4326,-99.1332,No Identificada,11000.0,44.0,250.0,2,2.0,0,Amplio_Ejecutivo,AltaMarg_AltaGentrif,0.830531038273375,3.0,Alta_Accesibilidad,330.46776435848415
19.3117877,-99.2264166,Colonia Héroes De Padierna,7200.0,30.0,240.0,1,2.0,0,Amplio_Ejecutivo,BajaMarg_AltaGentrif,0.830531038273375,1.0,Baja_Accesibilidad,4937.192721367956
19.3829715,-99.1800979,Del Valle,15000.0,46.012269938650306,326.0,2,2.0,0,Amplio_Ejecutivo,BajaMarg_AltaGentrif,0.830531038273375,1.0,Media_Accesibilidad,668.2604411364171
19.3350742,-99.1553871,Unidad Habitacional Uscovi Las Torres,25000.0,250.0,100.0,3,2.0,0,Familiar_Grande,AltaMarg_AltaGentrif,0.830531038273375,3.0,Baja_Accesibilidad,2140.9183193934796
19.2901877,-99.1283934,No Identificada,14000.0,80.0,175.0,3,2.0,0,Amplio_Ejecutivo,AltaMarg_AltaGentrif,0.830531038273375,3.0,Baja_Accesibilidad,3845.7861990091947
19.3379672,-99.1289166,No Identificada,5000.0,20.0,250.0,1,2.0,0,Amplio_Ejecutivo,BajaMarg_AltaGentrif,0.830531038273375,1.0,Media_Accesibilidad,1178.3004324474257
19.3090559,-99.2578633,Colonia San Bernabé,7500.0,44.91017964071856,167.0,2,2.0,0,Amplio_Ejecutivo,AltaMarg_AltaGentrif,0.830531038273375,5.0,Baja_Accesibilidad,8228.327754602185
19.3684879,-99.2180775,No Identificada,10100.0,74.81481481481481,135.0,3,2.0,0,Amplio_Ejecutivo,AltaMarg_AltaGentrif,0.830531038273375,2.0,Baja_Accesibilidad,3341.1269878066405
19.4148639,-99.176429,Condesa,75000.0,230.06134969325154,326.0,2,2.0,0,Amplio_Ejecutivo,AltaMarg_AltaGentrif,0.830531038273375,2.0,Media_Accesibilidad,725.1757598203221
19.2909402,-99.1342539,No Identificada,20000.0,150.37593984962405,133.0,3,2.0,0,Amplio_Ejecutivo,BajaMarg_AltaGentrif,0.830531038273375,1.0,Baja_Accesibilidad,4077.134816901131
19.3279714,-99.0688778,Colonia El Rodeo,8500.0,44.973544973544975,189.0,1,2.0,0,Amplio_Ejecutivo,AltaMarg_AltaGentrif,0.830531038273375,2.0,Baja_Accesibilidad,2309.1431620832686
19.4435904,-99.2024692,Ampliación Granada,35000.0,84.95145631067962,412.0,2,2.0,0,Amplio_Ejecutivo,BajaMarg_AltaGentrif,0.830531038273375,1.0,Media_Accesibilidad,1531.7588280651214
19.2839421,-99.1351784,Colonia Bosques Residencial Sur,19000.0,139.7058823529412,136.0,2,2.0,0,Amplio_Ejecutivo,AltaMarg_AltaGentrif,0.830531038273375,3.0,Baja_Accesibilidad,4459.8778453715
19.4035657,-99.1158749,No Identificada,7000.0,35.0,200.0,1,2.0,0,Amplio_Ejecutivo,AltaMarg_AltaGentrif,0.830531038273375,2.0,Alta_Accesibilidad,462.977108021327
19.4179402,-99.149146,No Identificada,9000.0,27.027027027027028,333.0,1,2.0,0,Amplio_Ejecutivo,AltaMarg_AltaGentrif,0.830531038273375,3.0,Alta_Accesibilidad,339.92929530427494
19.3346449,-99.147213,No Identificada,8500.0,20.0,425.0,1,2.0,0,Amplio_Ejecutivo,AltaMarg_AltaGentrif,0.830531038273375,3.0,Baja_Accesibilidad,1745.0338257155163
19.4148639,-99.176429,Condesa,63000.0,123.046875,512.0,2,2.0,0,Amplio_Ejecutivo,AltaMarg_AltaGentrif,0.830531038273375,2.0,Media_Accesibilidad,725.1757598203221
19.2624808,-99.2031542,No Identificada,11000.0,79.71014492753623,138.0,2,2.0,0,Amplio_Ejecutivo,BajaMarg_AltaGentrif,0.830531038273375,0.0,Baja_Accesibilidad,5873.86235022201
19.4200736,-99.0971415,General Ignacio Zaragoza,11000.0,62.14689265536723,177.0,2,2.0,0,Amplio_Ejecutivo,AltaMarg_AltaGentrif,0.830531038273375,3.0,Alta_Accesibilidad,551.7607704573855
19.4408653,-99.1657191,San Rafael,8000.0,62.99212598425197,127.0,2,1.5,0,Amplio_Ejecutivo,AltaMarg_AltaGentrif,0.830531038273375,3.0,Media_Accesibilidad,783.2016956797056
19.4519994,-99.2038879,Polanco,13000.0,44.982698961937714,289.0,2,2.0,0,Amplio_Ejecutivo,AltaMarg_AltaGentrif,0.830531038273375,2.0,Baja_Accesibilidad,1673.4361303571
19.4148639,-99.176429,Condesa,65000.0,239.85239852398524,271.0,3,2.0,0,Amplio_Ejecutivo,AltaMarg_AltaGentrif,0.830531038273375,2.0,Media_Accesibilidad,725.1757598203221
19.4060216,-99.1765337,Condesa,6500.0,20.0,325.0,1,2.0,0,Amplio_Ejecutivo,AltaMarg_AltaGentrif,0.830531038273375,2.0,Alta_Accesibilidad,419.8718462352292
19.3425061,-99.1771368,No Identificada,19000.0,75.09881422924902,253.0,2,2.0,0,Amplio_Ejecutivo,BajaMarg_AltaGentrif,0.830531038273375,1.0,Media_Accesibilidad,724.4672095656867
19.317015,-99.1120701,Coapa,16000.0,80.0,200.0,2,2.0,0,Amplio_Ejecutivo,BajaMarg_AltaGentrif,0.830531038273375,1.0,Media_Accesibilidad,1050.129381651143
19.3117877,-99.2264166,Colonia Héroes De Padierna,5500.0,55.0,100.0,1,2.0,0,Familiar_Chico,BajaMarg_AltaGentrif,0.830531038273375,1.0,Baja_Accesibilidad,4937.192721367956
19.2875771,-99.1253757,No Identificada,17000.0,129.7709923664122,131.0,4,2.0,0,Amplio_Familiar,AltaMarg_AltaGentrif,0.830531038273375,2.0,Baja_Accesibilidad,3752.2303265231403
19.5084773,-99.1579443,Colonia Vallejo La Patera,7000.0,50.0,140.0,1,2.0,0,Amplio_Ejecutivo,BajaMarg_AltaGentrif,0.830531038273375,1.0,Media_Accesibilidad,837.6232326392529
19.3532584,-99.1120361,Colonia Progreso Del Sur,5900.0,23.983739837398375,246.0,1,2.0,0,Amplio_Ejecutivo,AltaMarg_AltaGentrif,0.830531038273375,2.0,Media_Accesibilidad,689.7592413847026
19.3861563,-99.1747078,No Identificada,20000.0,129.87012987012986,154.0,3,2.0,0,Amplio_Ejecutivo,AltaMarg_AltaGentrif,0.830531038273375,3.0,Media_Accesibilidad,940.4243968466144
19.3488917,-99.1629828,Coyoacán,14000.0,54.90196078431372,255.0,2,2.0,0,Amplio_Ejecutivo,BajaMarg_BajaGentrif,0.750956198657275,1.0,Media_Accesibilidad,1546.8290173660196
19.4148639,-99.176429,Condesa,6000.0,200.0,30.0,2,2.0,0,Compacto+,AltaMarg_AltaGentrif,0.830531038273375,2.0,Media_Accesibilidad,725.1757598203221
19.387844,-99.2149757,El Cuernito,17600.0,73.94957983193277,238.0,2,2.0,0,Amplio_Ejecutivo,AltaMarg_AltaGentrif,0.830531038273375,4.0,Baja_Accesibilidad,2579.9921255477134
19.4626642,-99.191724,San Diego Ocoyac,12700.0,46.01449275362319,276.0,2,2.0,0,Amplio_Ejecutivo,AltaMarg_AltaGentrif,0.830531038273375,2.0,Baja_Accesibilidad,1742.170434854158
19.4350386,-99.1403951,Centro,6500.0,20.967741935483872,310.0,1,2.0,0,Amplio_Ejecutivo,AltaMarg_AltaGentrif,0.830531038273375,3.0,Alta_Accesibilidad,185.28998818631177
19.3698997,-99.0053242,Unidad Habitacional La Colmena,8000.0,60.150375939849624,133.0,2,2.0,0,Amplio_Ejecutivo,AltaMarg_AltaGentrif,0.830531038273375,3.0,Baja_Accesibilidad,2072.0537529992466
19.4326,-99.1332,No Identificada,20000.0,200.0,100.0,3,2.0,0,Familiar_Grande,AltaMarg_AltaGentrif,0.830531038273375,3.0,Alta_Accesibilidad,330.46776435848415
19.4326,-99.1332,No Identificada,7900.0,50.0,158.0,2,2.0,0,Amplio_Ejecutivo,AltaMarg_AltaGentrif,0.830531038273375,3.0,Alta_Accesibilidad,330.46776435848415
19.3443673,-99.1924473,San Ángel,40000.0,144.92753623188406,276.0,3,2.0,0,Amplio_Ejecutivo,BajaMarg_AltaGentrif,0.830531038273375,1.0,Media_Accesibilidad,952.5726887474532
19.3058524,-99.1481486,Conjunto Buenavista,22400.0,119.78609625668449,187.0,2,2.0,0,Amplio_Ejecutivo,AltaMarg_AltaGentrif,0.830531038273375,4.0,Baja_Accesibilidad,3155.847028060261
19.436183,-99.1789021,No Identificada,15000.0,29.013539651837526,517.0,1,2.0,0,Amplio_Ejecutivo,BajaMarg_AltaGentrif,0.830531038273375,1.0,Media_Accesibilidad,1133.4985626472867
19.5108795,-99.1958236,Colonia Hipódromo Textil,9800.0,61.63522012578616,159.0,2,2.0,0,Amplio_Ejecutivo,BajaMarg_AltaGentrif,0.830531038273375,1.0,Alta_Accesibilidad,494.8666526575123
19.5236938,-99.1564138,Colonia Los Remedios,16500.0,158.65384615384616,104.0,3,2.0,0,Amplio_Ejecutivo,AltaMarg_AltaGentrif,0.830531038273375,5.0,Baja_Accesibilidad,2024.6327251889002
19.3092038,-98.9717552,Guadalupe Yecahuizotl,7000.0,53.03030303030303,132.0,2,2.0,0,Amplio_Ejecutivo,BajaMarg_AltaGentrif,0.830531038273375,1.0,Baja_Accesibilidad,7148.868586650302
19.3318758,-99.1177781,No Identificada,13500.0,109.7560975609756,123.0,4,2.0,0,Amplio_Familiar,AltaMarg_AltaGentrif,0.830531038273375,2.0,Media_Accesibilidad,826.0648121586298
19.4148639,-99.176429,Condesa,41000.0,69.02356902356902,594.0,2,2.0,0,Amplio_Ejecutivo,AltaMarg_AltaGentrif,0.830531038273375,2.0,Media_Accesibilidad,725.1757598203221
19.2785599,-99.237508,No Identificada,8000.0,50.0,160.0,1,2.0,0,Amplio_Ejecutivo,AltaMarg_AltaGentrif,0.830531038273375,4.0,Baja_Accesibilidad,7196.664178560232
19.3616941,-99.1489143,Colonia Portales Sur,20500.0,100.98522167487685,203.0,3,2.0,0,Amplio_Ejecutivo,BajaMarg_AltaGentrif,0.830531038273375,1.0,Media_Accesibilidad,685.1941436133152
19.3829715,-99.1800979,Del Valle,17000.0,64.8854961832061,262.0,2,2.0,0,Amplio_Ejecutivo,BajaMarg_AltaGentrif,0.830531038273375,1.0,Media_Accesibilidad,668.2604411364171
19.43353,-99.190915,Polanco,5500.0,148.64864864864865,37.0,2,2.0,0,Compacto+,BajaMarg_AltaGentrif,0.830531038273375,1.0,Alta_Accesibilidad,444.2627964713553
19.4148639,-99.176429,Condesa,50000.0,159.7444089456869,313.0,2,2.0,0,Amplio_Ejecutivo,AltaMarg_AltaGentrif,0.830531038273375,2.0,Media_Accesibilidad,725.1757598203221
19.3090559,-99.2578633,Colonia San Bernabé,6500.0,26.970954356846473,241.0,1,2.0,0,Amplio_Ejecutivo,AltaMarg_AltaGentrif,0.830531038273375,5.0,Baja_Accesibilidad,8228.327754602185
19.5084773,-99.1579443,Colonia Vallejo La Patera,10000.0,52.083333333333336,192.0,2,2.0,0,Amplio_Ejecutivo,BajaMarg_AltaGentrif,0.830531038273375,1.0,Media_Accesibilidad,837.6232326392529
19.4326,-99.1332,No Identificada,15000.0,81.9672131147541,183.0,3,2.0,0,Amplio_Ejecutivo,AltaMarg_AltaGentrif,0.830531038273375,3.0,Alta_Accesibilidad,330.46776435848415
19.4281658,-99.1995371,Polanco,10000.0,400.0,25.0,3,2.0,0,Compacto+,BajaMarg_AltaGentrif,0.830531038273375,1.0,Media_Accesibilidad,844.5146928761426
19.3675941,-99.2341251,Colonia Ampliación Piloto Adolfo López Mateos,4800.0,177.77777777777777,27.0,1,2.0,0,Compacto+,AltaMarg_AltaGentrif,0.830531038273375,4.0,Baja_Accesibilidad,4967.833033744788
19.259634,-99.1086062,Colonia Belén,25000.0,255.10204081632654,98.0,3,2.0,0,Familiar_Grande,AltaMarg_AltaGentrif,0.830531038273375,2.0,Baja_Accesibilidad,5446.61703749968
19.3374898,-99.1214969,Colonia San Francisco Culhuacán,6000.0,60.0,100.0,1,2.0,0,Familiar_Chico,AltaMarg_AltaGentrif,0.830531038273375,5.0,Media_Accesibilidad,951.9148205810437
19.4449101,-99.1451728,San Simón Tolnáhuac,11000.0,33.95061728395062,324.0,2,2.0,0,Amplio_Ejecutivo,AltaMarg_AltaGentrif,0.830531038273375,4.0,Alta_Accesibilidad,179.18467851541396
19.3164162,-99.0914102,Colonia Lomas Estrella,12500.0,100.0,125.0,3,2.0,0,Amplio_Ejecutivo,AltaMarg_AltaGentrif,0.830531038273375,3.0,Media_Accesibilidad,1105.0610896233986
19.359262,-99.1633935,Colonia Xoco,34000.0,82.92682926829268,410.0,3,3.0,0,Amplio_Ejecutivo,BajaMarg_AltaGentrif,0.830531038273375,1.0,Media_Accesibilidad,1023.7957179823272
19.3752379,-99.1257252,Colonia Chilero Ii,13900.0,84.7560975609756,164.0,2,2.0,0,Amplio_Ejecutivo,AltaMarg_AltaGentrif,0.830531038273375,4.0,Media_Accesibilidad,1498.4391885359125
19.4326,-99.1332,No Identificada,15000.0,64.93506493506493,231.0,2,2.0,0,Amplio_Ejecutivo,AltaMarg_AltaGentrif,0.830531038273375,3.0,Alta_Accesibilidad,330.46776435848415
19.4326,-99.1332,No Identificada,6800.0,20.987654320987655,324.0,1,2.0,0,Amplio_Ejecutivo,AltaMarg_AltaGentrif,0.830531038273375,3.0,Alta_Accesibilidad,330.46776435848415
19.3721312,-99.1365071,No Identificada,10500.0,43.032786885245905,244.0,2,2.0,0,Amplio_Ejecutivo,AltaMarg_AltaGentrif,0.830531038273375,3.0,Media_Accesibilidad,1114.2356862548884
19.2935296,-99.2271517,Colonia Torres De Padierna,12500.0,120.1923076923077,104.0,2,2.0,0,Amplio_Ejecutivo,AltaMarg_AltaGentrif,0.830531038273375,4.0,Baja_Accesibilidad,5501.021669225714
19.4148639,-99.176429,Condesa,37000.0,69.94328922495274,529.0,2,2.0,0,Amplio_Ejecutivo,AltaMarg_AltaGentrif,0.830531038273375,2.0,Media_Accesibilidad,725.1757598203221
19.436183,-99.1789021,No Identificada,9900.0,31.03448275862069,319.0,1,2.0,0,Amplio_Ejecutivo,BajaMarg_AltaGentrif,0.830531038273375,1.0,Media_Accesibilidad,1133.4985626472867
19.388923,-99.12368,Iztacalco,7500.0,44.91017964071856,167.0,1,1.0,0,Amplio_Ejecutivo,AltaMarg_BajaGentrif,0.7626118203348291,2.0,Media_Accesibilidad,1047.2635136003473
19.3580045,-99.2031498,Las Águilas,12000.0,37.03703703703704,324.0,4,2.0,0,Amplio_Familiar,AltaMarg_AltaGentrif,0.830531038273375,2.0,Baja_Accesibilidad,1839.8081992683453
19.3424017,-99.189798,San Ángel,29000.0,151.8324607329843,191.0,3,2.0,0,Amplio_Ejecutivo,BajaMarg_AltaGentrif,0.830531038273375,1.0,Media_Accesibilidad,707.4957762469141
19.4148639,-99.176429,Condesa,23000.0,40.0,575.0,1,2.0,0,Amplio_Ejecutivo,AltaMarg_AltaGentrif,0.830531038273375,2.0,Media_Accesibilidad,725.1757598203221
19.3443673,-99.1924473,San Ángel,21000.0,70.94594594594595,296.0,2,2.0,0,Amplio_Ejecutivo,BajaMarg_AltaGentrif,0.830531038273375,1.0,Media_Accesibilidad,952.5726887474532
19.4326296,-99.1331785,Cuauhtémoc,5500.0,77.46478873239437,71.0,1,1.0,0,Familiar_Chico,AltaMarg_AltaGentrif,0.830531038273375,3.0,Alta_Accesibilidad,331.00531079168263
19.4449101,-99.1451728,Guerrero,5300.0,39.849624060150376,133.0,1,2.0,0,Amplio_Ejecutivo,AltaMarg_AltaGentrif,0.830531038273375,4.0,Alta_Accesibilidad,179.18467851541396
19.3438023,-99.1421551,Colonia Campestre Churubusco,10700.0,41.96078431372549,255.0,1,2.0,0,Amplio_Ejecutivo,AltaMarg_AltaGentrif,0.830531038273375,2.0,Media_Accesibilidad,1123.1713246677484
19.3418563,-99.1541876,Colonia Copilco Iii,16600.0,94.85714285714286,175.0,2,2.0,0,Amplio_Ejecutivo,AltaMarg_AltaGentrif,0.830531038273375,2.0,Baja_Accesibilidad,1817.9447126767425
19.4127475,-99.1700182,Condesa,47500.0,159.93265993265993,297.0,2,2.0,0,Amplio_Ejecutivo,AltaMarg_AltaGentrif,0.830531038273375,2.0,Alta_Accesibilidad,583.8277597674727
19.4315917,-99.135338,Colonia La Palma,5000.0,50.0,100.0,1,2.0,0,Familiar_Chico,AltaMarg_AltaGentrif,0.830531038273375,3.0,Alta_Accesibilidad,369.74837210391587
19.2656408,-99.2104835,Colonia Paraje 38,15000.0,76.92307692307692,195.0,2,2.0,0,Amplio_Ejecutivo,BajaMarg_AltaGentrif,0.830531038273375,0.0,Baja_Accesibilidad,6037.166228829679
19.4326296,-99.1331785,Cuauhtémoc,15500.0,139.63963963963963,111.0,2,1.0,0,Amplio_Ejecutivo,AltaMarg_AltaGentrif,0.830531038273375,3.0,Alta_Accesibilidad,331.00531079168263
19.2703914,-99.0047499,Tláhuac,11000.0,34.161490683229815,322.0,2,1.0,0,Amplio_Ejecutivo,BajaMarg_BajaGentrif,0.5773137898079344,1.0,Baja_Accesibilidad,6215.058316462161
19.4967777,-99.2055678,Azcapotzalco,12500.0,66.84491978609626,187.0,3,2.0,0,Amplio_Ejecutivo,AltaMarg_BajaGentrif,0.7799341145447056,2.0,Media_Accesibilidad,989.4066322964118
19.3173272,-99.3253508,Xalapa,5800.0,36.024844720496894,161.0,1,2.0,0,Amplio_Ejecutivo,AltaMarg_AltaGentrif,0.830531038273375,3.0,Baja_Accesibilidad,14733.233035950356
19.3079445,-99.1267548,No Identificada,16000.0,100.0,160.0,3,2.0,0,Amplio_Ejecutivo,BajaMarg_AltaGentrif,0.830531038273375,1.0,Baja_Accesibilidad,2720.3127740799328
19.3453476,-99.1682695,Coyoacán,14800.0,40.0,370.0,1,2.0,0,Amplio_Ejecutivo,BajaMarg_BajaGentrif,0.750956198657275,1.0,Media_Accesibilidad,1213.4936680005299
19.3791463,-99.1393221,Colonia San Simón Ticumac,22500.0,158.45070422535213,142.0,3,2.0,0,Amplio_Ejecutivo,AltaMarg_AltaGentrif,0.830531038273375,3.0,Media_Accesibilidad,687.1292255952026
19.1915128,-99.0073711,Colonia San Agustín,45000.0,348.83720930232556,129.0,3,2.0,0,Amplio_Ejecutivo,AltaMarg_AltaGentrif,0.830531038273375,2.0,Baja_Accesibilidad,12867.322502050889
19.3829715,-99.1800979,Del Valle,31500.0,92.10526315789474,342.0,2,2.0,0,Amplio_Ejecutivo,BajaMarg_AltaGentrif,0.830531038273375,1.0,Media_Accesibilidad,668.2604411364171
19.4988067,-99.1921922,No Identificada,9500.0,57.926829268292686,164.0,2,2.0,0,Amplio_Ejecutivo,AltaMarg_AltaGentrif,0.830531038273375,2.0,Media_Accesibilidad,662.6973670125662
19.4122496,-99.1361221,No Identificada,9500.0,29.968454258675077,317.0,1,2.0,0,Amplio_Ejecutivo,AltaMarg_AltaGentrif,0.830531038273375,4.0,Media_Accesibilidad,671.5150746656121
19.4326,-99.1332,No Identificada,11000.0,70.06369426751593,157.0,2,2.0,0,Amplio_Ejecutivo,AltaMarg_AltaGentrif,0.830531038273375,3.0,Alta_Accesibilidad,330.46776435848415
19.391616,-99.1513127,Narvarte,11000.0,40.0,275.0,1,2.0,0,Amplio_Ejecutivo,AltaMarg_AltaGentrif,0.830531038273375,2.0,Alta_Accesibilidad,577.1936021293986
19.317015,-99.1120701,Coapa,13500.0,50.0,270.0,2,2.0,0,Amplio_Ejecutivo,BajaMarg_AltaGentrif,0.830531038273375,1.0,Media_Accesibilidad,1050.129381651143
19.4210896,-99.2184637,No Identificada,31700.0,111.2280701754386,285.0,3,2.0,0,Amplio_Ejecutivo,BajaMarg_AltaGentrif,0.830531038273375,1.0,Baja_Accesibilidad,2855.497540188191
19.4476276,-99.2186143,No Identificada,7500.0,35.046728971962615,214.0,1,2.0,0,Amplio_Ejecutivo,BajaMarg_AltaGentrif,0.830531038273375,1.0,Baja_Accesibilidad,2344.751046134525
19.3616941,-99.1489143,Colonia Portales Sur,9100.0,28.980891719745223,314.0,1,2.0,0,Amplio_Ejecutivo,BajaMarg_AltaGentrif,0.830531038273375,1.0,Media_Accesibilidad,685.1941436133152
19.43353,-99.190915,Polanco,37000.0,97.11286089238845,381.0,2,2.0,0,Amplio_Ejecutivo,BajaMarg_AltaGentrif,0.830531038273375,1.0,Alta_Accesibilidad,444.2627964713553
19.4326,-99.1332,No Identificada,14200.0,44.936708860759495,316.0,1,2.0,0,Amplio_Ejecutivo,AltaMarg_AltaGentrif,0.830531038273375,3.0,Alta_Accesibilidad,330.46776435848415
19.4173402,-99.1267799,Lorenzo Boturini,12500.0,73.09941520467837,171.0,2,1.0,0,Amplio_Ejecutivo,BajaMarg_AltaGentrif,0.830531038273375,1.0,Media_Accesibilidad,680.9135056514704
19.2935296,-99.2271517,Colonia Lomas De Belvedere,12000.0,80.0,150.0,3,2.0,0,Amplio_Ejecutivo,AltaMarg_AltaGentrif,0.830531038273375,4.0,Baja_Accesibilidad,5501.021669225714
19.4148639,-99.176429,Condesa,13800.0,33.99014778325123,406.0,1,2.0,0,Amplio_Ejecutivo,AltaMarg_AltaGentrif,0.830531038273375,2.0,Media_Accesibilidad,725.1757598203221
19.391616,-99.1513127,Narvarte,17000.0,79.81220657276995,213.0,2,2.0,0,Amplio_Ejecutivo,AltaMarg_AltaGentrif,0.830531038273375,2.0,Alta_Accesibilidad,577.1936021293986
19.2916656,-99.1210992,No Identificada,25500.0,130.10204081632654,196.0,3,2.0,0,Amplio_Ejecutivo,AltaMarg_AltaGentrif,0.830531038273375,3.0,Baja_Accesibilidad,3233.5877792266533
19.3571555,-99.1690216,Coyoacán,12700.0,25.0,508.0,1,2.0,0,Amplio_Ejecutivo,BajaMarg_BajaGentrif,0.750956198657275,1.0,Media_Accesibilidad,972.889729082853
19.2655438,-99.1227205,Colonia La Enramada,13500.0,100.0,135.0,2,2.0,0,Amplio_Ejecutivo,AltaMarg_AltaGentrif,0.830531038273375,2.0,Baja_Accesibilidad,5070.491994126795
19.4484703,-99.1583506,Santa María La Ribera,21600.0,69.90291262135922,309.0,2,1.5,0,Amplio_Ejecutivo,AltaMarg_AltaGentrif,0.830531038273375,4.0,Media_Accesibilidad,849.5595448657857
19.2652606,-99.1308549,No Identificada,8000.0,60.150375939849624,133.0,1,2.0,0,Amplio_Ejecutivo,AltaMarg_AltaGentrif,0.830531038273375,3.0,Baja_Accesibilidad,5394.6443897697845
19.3651901,-99.1879687,Colonia San José Insurgentes,30000.0,81.9672131147541,366.0,2,2.0,0,Amplio_Ejecutivo,BajaMarg_AltaGentrif,0.830531038273375,1.0,Media_Accesibilidad,638.0480035487283
19.3092595,-99.1678332,No Identificada,12500.0,52.96610169491525,236.0,2,2.0,0,Amplio_Ejecutivo,AltaMarg_AltaGentrif,0.830531038273375,2.0,Media_Accesibilidad,1581.8788906415639
19.379995,-99.2464933,Santa Fe,8800.0,37.28813559322034,236.0,1,2.0,0,Amplio_Ejecutivo,BajaMarg_AltaGentrif,0.830531038273375,1.0,Baja_Accesibilidad,5865.336133598445
19.386333,-99.1750493,No Identificada,11500.0,39.93055555555556,288.0,1,2.0,0,Amplio_Ejecutivo,BajaMarg_AltaGentrif,0.830531038273375,1.0,Media_Accesibilidad,928.0805155841986
19.2810876,-99.1378983,Colonia San Juan Tepepan,40000.0,320.0,125.0,3,2.0,0,Amplio_Ejecutivo,AltaMarg_AltaGentrif,0.830531038273375,4.0,Baja_Accesibilidad,4613.970731723006
19.3432881,-99.1180564,Colonia Magdalena Culhuacán,12500.0,65.10416666666667,192.0,2,2.0,0,Amplio_Ejecutivo,AltaMarg_AltaGentrif,0.830531038273375,5.0,Media_Accesibilidad,870.7313260403829
19.3630898,-99.1527744,Benito Juárez,12000.0,110.09174311926606,109.0,2,2.0,0,Amplio_Ejecutivo,BajaMarg_AltaGentrif,0.933319961735651,1.0,Alta_Accesibilidad,538.8581943411118
19.3375801,-99.2448956,Olivar De Los Padres,23500.0,85.14492753623189,276.0,2,3.0,0,Amplio_Ejecutivo,AltaMarg_AltaGentrif,0.830531038273375,2.0,Baja_Accesibilidad,6080.981710136541
19.2901877,-99.1283934,No Identificada,15000.0,110.29411764705883,136.0,4,2.0,0,Amplio_Familiar,AltaMarg_AltaGentrif,0.830531038273375,3.0,Baja_Accesibilidad,3845.7861990091947
19.3880913,-99.1120396,Iztacalco,6200.0,54.86725663716814,113.0,1,1.0,0,Amplio_Ejecutivo,BajaMarg_BajaGentrif,0.7626118203348291,1.0,Alta_Accesibilidad,76.73271416635775
19.3408056,-99.1482306,Coyoacán,31000.0,300.97087378640776,103.0,3,2.0,0,Amplio_Ejecutivo,BajaMarg_BajaGentrif,0.750956198657275,1.0,Media_Accesibilidad,1599.3832056309295
19.3581682,-99.272261,Cuajimalpa de Morelos,60000.0,172.9106628242075,347.0,3,2.0,0,Amplio_Ejecutivo,BajaMarg_BajaGentrif,0.49427437331671703,1.0,Baja_Accesibilidad,8801.23140399282
19.3488917,-99.1629828,Coyoacán,8500.0,20.0,425.0,1,2.0,0,Amplio_Ejecutivo,BajaMarg_BajaGentrif,0.750956198657275,1.0,Media_Accesibilidad,1546.8290173660196
19.3675941,-99.2341251,Colonia Ampliación Piloto Adolfo López Mateos,4800.0,20.0,240.0,1,2.0,0,Amplio_Ejecutivo,AltaMarg_AltaGentrif,0.830531038273375,4.0,Baja_Accesibilidad,4967.833033744788
19.2986877,-99.1408879,Colonia Potrero Acoxpa,43000.0,209.7560975609756,205.0,4,2.0,0,Amplio_Familiar,AltaMarg_AltaGentrif,0.830531038273375,2.0,Baja_Accesibilidad,3736.401099611988
19.4246141,-99.1520014,Roma,13700.0,48.07017543859649,285.0,2,2.0,0,Amplio_Ejecutivo,BajaMarg_AltaGentrif,0.830531038273375,1.0,Alta_Accesibilidad,392.81920157183043
19.4317492,-99.1993933,Polanco,6000.0,300.0,20.0,3,2.0,0,Compacto+,BajaMarg_AltaGentrif,0.830531038273375,1.0,Media_Accesibilidad,973.0450985116079
19.3003065,-99.1679105,No Identificada,5000.0,20.0,250.0,1,2.0,0,Amplio_Ejecutivo,AltaMarg_AltaGentrif,0.830531038273375,4.0,Baja_Accesibilidad,2017.58001642758
19.330595,-99.1271729,Ejido Culhuacán,16000.0,301.8867924528302,53.0,4,2.0,0,Familiar_Grande,BajaMarg_AltaGentrif,0.830531038273375,1.0,Media_Accesibilidad,1584.1336262864238
19.43353,-99.190915,Polanco,60000.0,120.0,500.0,2,2.0,0,Amplio_Ejecutivo,BajaMarg_AltaGentrif,0.830531038273375,1.0,Alta_Accesibilidad,444.2627964713553
19.4148639,-99.176429,Condesa,23000.0,50.0,460.0,1,2.0,0,Amplio_Ejecutivo,AltaMarg_AltaGentrif,0.830531038273375,2.0,Media_Accesibilidad,725.1757598203221
19.4567353,-99.1345162,No Identificada,10000.0,48.07692307692308,208.0,2,2.0,0,Amplio_Ejecutivo,AltaMarg_AltaGentrif,0.830531038273375,4.0,Media_Accesibilidad,653.3277610946852
19.4306822,-99.2118,No Identificada,6000.0,214.28571428571428,28.0,2,2.0,0,Compacto+,BajaMarg_AltaGentrif,0.830531038273375,1.0,Baja_Accesibilidad,2096.924884719511
19.3316473,-99.12479,No Identificada,18800.0,119.7452229299363,157.0,2,2.0,0,Amplio_Ejecutivo,BajaMarg_AltaGentrif,0.830531038273375,1.0,Media_Accesibilidad,1379.0065504587787
19.4306822,-99.2118,No Identificada,16000.0,48.92966360856269,327.0,3,2.0,0,Amplio_Ejecutivo,BajaMarg_AltaGentrif,0.830531038273375,1.0,Baja_Accesibilidad,2096.924884719511
19.43353,-99.190915,Polanco,6700.0,335.0,20.0,3,2.0,0,Compacto+,BajaMarg_AltaGentrif,0.830531038273375,1.0,Alta_Accesibilidad,444.2627964713553
19.3127717,-99.142198,Conjunto Magdalena,14500.0,70.04830917874396,207.0,2,2.0,0,Amplio_Ejecutivo,AltaMarg_AltaGentrif,0.830531038273375,4.0,Baja_Accesibilidad,3091.3632754965856
19.43353,-99.190915,Polanco,26000.0,110.16949152542372,236.0,2,2.0,0,Amplio_Ejecutivo,BajaMarg_AltaGentrif,0.830531038273375,1.0,Alta_Accesibilidad,444.2627964713553
19.3336248,-99.1421901,No Identificada,5000.0,21.008403361344538,238.0,1,2.0,0,Amplio_Ejecutivo,BajaMarg_AltaGentrif,0.830531038273375,1.0,Media_Accesibilidad,1624.3605039323409
19.3301222,-99.212149,San Jerónimo Aculco-Lídice,14500.0,119.83471074380165,121.0,3,2.0,0,Amplio_Ejecutivo,AltaMarg_AltaGentrif,0.830531038273375,2.0,Baja_Accesibilidad,3126.868991301818
19.43353,-99.190915,Polanco,4500.0,173.07692307692307,26.0,2,2.0,0,Compacto+,BajaMarg_AltaGentrif,0.830531038273375,1.0,Alta_Accesibilidad,444.2627964713553
19.43353,-99.190915,Polanco,75000.0,230.06134969325154,326.0,3,2.0,0,Amplio_Ejecutivo,BajaMarg_AltaGentrif,0.830531038273375,1.0,Alta_Accesibilidad,444.2627964713553
19.386333,-99.1750493,No Identificada,17000.0,51.98776758409786,327.0,3,2.0,0,Amplio_Ejecutivo,BajaMarg_AltaGentrif,0.830531038273375,1.0,Media_Accesibilidad,928.0805155841986
19.3079445,-99.1267548,No Identificada,16500.0,64.96062992125984,254.0,2,2.0,0,Amplio_Ejecutivo,BajaMarg_AltaGentrif,0.830531038273375,1.0,Baja_Accesibilidad,2720.3127740799328
19.3415919,-99.1571795,Colonia Real De Los Reyes,36500.0,199.45355191256832,183.0,3,2.0,0,Amplio_Ejecutivo,AltaMarg_AltaGentrif,0.830531038273375,3.0,Baja_Accesibilidad,1924.8518581070828
19.4269136,-99.1091217,Moctezuma 1ª. Sección,8000.0,47.90419161676647,167.0,1,2.0,0,Amplio_Ejecutivo,AltaMarg_AltaGentrif,0.830531038273375,3.0,Alta_Accesibilidad,380.8030607120388
19.3156584,-99.1431167,Colonia Los Fresnos,27500.0,95.15570934256056,289.0,2,2.0,0,Amplio_Ejecutivo,AltaMarg_AltaGentrif,0.830531038273375,4.0,Baja_Accesibilidad,2889.8278274442705
19.3443673,-99.1924473,San Ángel,40000.0,338.9830508474576,118.0,4,2.0,0,Amplio_Familiar,BajaMarg_AltaGentrif,0.830531038273375,1.0,Media_Accesibilidad,952.5726887474532
19.3580045,-99.2031498,Las Águilas,28000.0,200.0,140.0,3,2.0,0,Amplio_Ejecutivo,AltaMarg_AltaGentrif,0.830531038273375,2.0,Baja_Accesibilidad,1839.8081992683453
19.4148639,-99.176429,Condesa,35000.0,111.82108626198082,313.0,2,2.0,0,Amplio_Ejecutivo,AltaMarg_AltaGentrif,0.830531038273375,2.0,Media_Accesibilidad,725.1757598203221
19.387844,-99.2149757,El Cuernito,19500.0,97.01492537313433,201.0,2,2.0,0,Amplio_Ejecutivo,AltaMarg_AltaGentrif,0.830531038273375,4.0,Baja_Accesibilidad,2579.9921255477134
19.2679984,-99.2099411,No Identificada,5000.0,25.0,200.0,1,2.0,0,Amplio_Ejecutivo,AltaMarg_AltaGentrif,0.830531038273375,3.0,Baja_Accesibilidad,5809.987781023492
19.3349948,-99.1129497,Unidad Habitacional Obrero Ctm Culhuacán 5,20000.0,94.7867298578199,211.0,5,2.0,0,Amplio_Familiar,AltaMarg_AltaGentrif,0.830531038273375,2.0,Alta_Accesibilidad,363.3311417655248
19.3597064,-99.2255628,No Identificada,12500.0,89.92805755395683,139.0,2,2.0,0,Amplio_Ejecutivo,AltaMarg_AltaGentrif,0.830531038273375,2.0,Baja_Accesibilidad,4041.8843899067997
19.3784776,-99.2211716,Presidentes,17600.0,98.87640449438203,178.0,3,2.0,0,Amplio_Ejecutivo,AltaMarg_AltaGentrif,0.830531038273375,3.0,Baja_Accesibilidad,3563.071941136185
19.391616,-99.1513127,Narvarte,5000.0,25.0,200.0,1,2.0,0,Amplio_Ejecutivo,AltaMarg_AltaGentrif,0.830531038273375,2.0,Alta_Accesibilidad,577.1936021293986
19.4156998,-99.2136879,Lomas De Chapultepec,100000.0,233.1002331002331,429.0,2,3.0,0,Amplio_Ejecutivo,BajaMarg_AltaGentrif,0.830531038273375,1.0,Baja_Accesibilidad,2535.156919896198
19.3645813,-99.131684,Colonia Maestro Justo Sierra,17500.0,100.0,175.0,2,2.0,0,Amplio_Ejecutivo,BajaMarg_AltaGentrif,0.830531038273375,1.0,Media_Accesibilidad,1309.9997507448775
19.4958756,-99.2018448,Colonia Presidente Madero,11600.0,44.96124031007752,258.0,2,2.0,0,Amplio_Ejecutivo,AltaMarg_AltaGentrif,0.830531038273375,2.0,Media_Accesibilidad,738.7564719231345
19.3117877,-99.2264166,Colonia Héroes De Padierna,12700.0,65.12820512820512,195.0,2,2.0,0,Amplio_Ejecutivo,BajaMarg_AltaGentrif,0.830531038273375,1.0,Baja_Accesibilidad,4937.192721367956
19.4156998,-99.2136879,Lomas De Chapultepec,100000.0,398.40637450199205,251.0,4,3.0,0,Amplio_Familiar,BajaMarg_AltaGentrif,0.830531038273375,1.0,Baja_Accesibilidad,2535.156919896198
19.386333,-99.1750493,No Identificada,29000.0,130.04484304932734,223.0,3,2.0,0,Amplio_Ejecutivo,BajaMarg_AltaGentrif,0.830531038273375,1.0,Media_Accesibilidad,928.0805155841986
19.4758646,-99.0821363,No Identificada,8500.0,69.10569105691057,123.0,1,2.0,0,Amplio_Ejecutivo,AltaMarg_AltaGentrif,0.830531038273375,5.0,Media_Accesibilidad,1376.423722786142
19.5135044,-99.136519,Colonia Ticomán Ii,20000.0,163.9344262295082,122.0,3,2.0,0,Amplio_Ejecutivo,AltaMarg_AltaGentrif,0.830531038273375,3.0,Baja_Accesibilidad,1900.4336478395699
19.2998707,-99.1403202,Fraccionamiento Belisario Domínguez,8500.0,75.22123893805309,113.0,1,2.0,0,Amplio_Ejecutivo,BajaMarg_AltaGentrif,0.830531038273375,1.0,Baja_Accesibilidad,3700.7615755584275
19.43353,-99.190915,Polanco,33000.0,76.036866359447,434.0,2,2.0,0,Amplio_Ejecutivo,BajaMarg_AltaGentrif,0.830531038273375,1.0,Alta_Accesibilidad,444.2627964713553
19.4113216,-99.0989326,Colonia Pino,15000.0,50.0,300.0,2,2.0,0,Amplio_Ejecutivo,AltaMarg_AltaGentrif,0.830531038273375,2.0,Media_Accesibilidad,759.1756304439837
19.4761748,-99.1525651,No Identificada,5300.0,23.043478260869566,230.0,1,2.0,0,Amplio_Ejecutivo,AltaMarg_AltaGentrif,0.830531038273375,3.0,Media_Accesibilidad,895.860020121803
19.4179402,-99.149146,No Identificada,8000.0,50.0,160.0,2,2.0,0,Amplio_Ejecutivo,AltaMarg_AltaGentrif,0.830531038273375,3.0,Alta_Accesibilidad,339.92929530427494
19.4156998,-99.2136879,Miguel Hidalgo,22500.0,180.0,125.0,3,2.0,0,Amplio_Ejecutivo,BajaMarg_AltaGentrif,0.8585849060226639,1.0,Baja_Accesibilidad,2535.156919896198
19.4737564,-99.1296267,No Identificada,11500.0,59.895833333333336,192.0,1,2.0,0,Amplio_Ejecutivo,AltaMarg_AltaGentrif,0.830531038273375,2.0,Alta_Accesibilidad,451.94702505038117
19.4512592,-99.0962392,Aragón,12000.0,60.0,200.0,2,2.0,0,Amplio_Ejecutivo,AltaMarg_AltaGentrif,0.830531038273375,3.0,Alta_Accesibilidad,454.26942562241686
19.317015,-99.1120701,Coapa,7000.0,22.0125786163522,318.0,1,2.0,0,Amplio_Ejecutivo,BajaMarg_AltaGentrif,0.830531038273375,1.0,Media_Accesibilidad,1050.129381651143
19.453018,-99.1594428,No Identificada,31000.0,98.10126582278481,316.0,2,2.0,0,Amplio_Ejecutivo,AltaMarg_AltaGentrif,0.830531038273375,4.0,Media_Accesibilidad,1235.147875679961
19.4148639,-99.176429,Condesa,32000.0,100.0,320.0,2,2.0,0,Amplio_Ejecutivo,AltaMarg_AltaGentrif,0.830531038273375,2.0,Media_Accesibilidad,725.1757598203221
19.3540154,-99.1898968,San Ángel,18000.0,35.01945525291829,514.0,1,2.0,0,Amplio_Ejecutivo,BajaMarg_AltaGentrif,0.830531038273375,1.0,Media_Accesibilidad,825.5844655209623
19.3349466,-99.1519808,No Identificada,7200.0,20.0,360.0,1,2.0,0,Amplio_Ejecutivo,AltaMarg_AltaGentrif,0.830531038273375,3.0,Baja_Accesibilidad,2031.6600101795923
19.4136465,-99.1064557,No Identificada,5700.0,20.0,285.0,1,2.0,0,Amplio_Ejecutivo,AltaMarg_AltaGentrif,0.830531038273375,2.0,Alta_Accesibilidad,547.8847433250673
19.3861406,-99.0818976,No Identificada,12000.0,85.1063829787234,141.0,3,2.0,0,Amplio_Ejecutivo,BajaMarg_AltaGentrif,0.830531038273375,1.0,Baja_Accesibilidad,1633.8451126513692
19.4787952,-99.1460154,No Identificada,18000.0,130.43478260869566,138.0,3,2.0,0,Amplio_Ejecutivo,AltaMarg_AltaGentrif,0.830531038273375,4.0,Alta_Accesibilidad,461.67567924870326
19.4554336,-99.1580283,No Identificada,12000.0,54.054054054054056,222.0,2,2.0,0,Amplio_Ejecutivo,AltaMarg_AltaGentrif,0.830531038273375,5.0,Media_Accesibilidad,1256.0077685246179
19.2693489,-99.1574109,Ejidos De San Pedro Mártir,24000.0,100.0,240.0,3,2.0,0,Amplio_Ejecutivo,AltaMarg_AltaGentrif,0.830531038273375,4.0,Baja_Accesibilidad,4627.575129329314
19.2876235,-99.1242334,No Identificada,14500.0,63.87665198237885,227.0,3,2.0,0,Amplio_Ejecutivo,AltaMarg_AltaGentrif,0.830531038273375,2.0,Baja_Accesibilidad,3663.744639076385
19.4177785,-99.1314778,Tránsito,7000.0,21.02102102102102,333.0,1,1.0,0,Amplio_Ejecutivo,AltaMarg_AltaGentrif,0.830531038273375,2.0,Alta_Accesibilidad,518.0643770297465
19.43353,-99.190915,Polanco,26900.0,45.98290598290598,585.0,1,2.0,0,Amplio_Ejecutivo,BajaMarg_AltaGentrif,0.830531038273375,1.0,Alta_Accesibilidad,444.2627964713553
19.3364062,-99.1107006,Unidad Habitacional San Antonio Culhuacán,8000.0,25.0,320.0,1,2.0,0,Amplio_Ejecutivo,AltaMarg_AltaGentrif,0.830531038273375,4.0,Alta_Accesibilidad,237.23648668769638
19.2481039,-99.1045497,No Identificada,11500.0,59.895833333333336,192.0,2,2.0,0,Amplio_Ejecutivo,AltaMarg_AltaGentrif,0.830531038273375,5.0,Baja_Accesibilidad,6450.8862476486765
19.3594082,-99.2548839,Colonia Santa Lucía,16700.0,37.028824833702885,451.0,1,2.0,0,Amplio_Ejecutivo,BajaMarg_AltaGentrif,0.830531038273375,1.0,Baja_Accesibilidad,7029.295623918735
19.4326,-99.1332,No Identificada,29000.0,119.83471074380165,242.0,3,2.0,0,Amplio_Ejecutivo,AltaMarg_AltaGentrif,0.830531038273375,3.0,Alta_Accesibilidad,330.46776435848415
19.3581682,-99.272261,Cuajimalpa de Morelos,100000.0,204.08163265306123,490.0,1,2.0,0,Amplio_Ejecutivo,BajaMarg_BajaGentrif,0.49427437331671703,1.0,Baja_Accesibilidad,8801.23140399282
19.43353,-99.190915,Polanco,65000.0,250.0,260.0,3,2.0,0,Amplio_Ejecutivo,BajaMarg_AltaGentrif,0.830531038273375,1.0,Alta_Accesibilidad,444.2627964713553
19.4976072,-99.1751954,Azcapotzalco,30000.0,102.04081632653062,294.0,3,2.0,0,Amplio_Ejecutivo,AltaMarg_BajaGentrif,0.7799341145447056,3.0,Media_Accesibilidad,933.0224169268329
19.3443673,-99.1924473,San Ángel,20000.0,42.016806722689076,476.0,1,2.0,0,Amplio_Ejecutivo,BajaMarg_AltaGentrif,0.830531038273375,1.0,Media_Accesibilidad,952.5726887474532
19.3235003,-99.2579577,Lomas De La Era,11000.0,119.56521739130434,92.0,3,2.0,0,Familiar_Grande,AltaMarg_AltaGentrif,0.830531038273375,4.0,Baja_Accesibilidad,7808.38090837337
19.5036005,-99.1144386,San Pedro Zacatenco,15000.0,83.79888268156425,179.0,3,2.0,0,Amplio_Ejecutivo,AltaMarg_AltaGentrif,0.830531038273375,2.0,Media_Accesibilidad,1155.291107701296
19.3038442,-99.2079494,Tlalpan,9000.0,54.8780487804878,164.0,2,2.0,0,Amplio_Ejecutivo,BajaMarg_BajaGentrif,0.3919311241687132,1.0,Baja_Accesibilidad,3266.9380873183227
19.2839421,-99.1351784,Colonia Adolfo Ruíz Cortines,7000.0,35.0,200.0,1,2.0,0,Amplio_Ejecutivo,AltaMarg_AltaGentrif,0.830531038273375,3.0,Baja_Accesibilidad,4459.8778453715
19.4675479,-99.1205924,Colonia Guadalupe Tepeyac,6500.0,42.20779220779221,154.0,1,2.0,0,Amplio_Ejecutivo,AltaMarg_AltaGentrif,0.830531038273375,2.0,Media_Accesibilidad,643.3895868952347
19.2876235,-99.1242334,No Identificada,14300.0,84.11764705882354,170.0,2,2.0,0,Amplio_Ejecutivo,AltaMarg_AltaGentrif,0.830531038273375,2.0,Baja_Accesibilidad,3663.744639076385
19.4386574,-99.1807856,Polanco,19200.0,41.92139737991266,458.0,1,2.0,0,Amplio_Ejecutivo,AltaMarg_AltaGentrif,0.830531038273375,2.0,Media_Accesibilidad,1147.0035345165322
19.3679153,-99.1634908,Colonia Santa Cruz Atoyac,7000.0,22.0125786163522,318.0,1,2.0,0,Amplio_Ejecutivo,BajaMarg_AltaGentrif,0.830531038273375,1.0,Alta_Accesibilidad,378.2894369217306
19.3653514,-99.2737186,Lomas De Vista Hermosa,11500.0,130.6818181818182,88.0,4,2.0,0,Familiar_Grande,BajaMarg_AltaGentrif,0.830531038273375,1.0,Baja_Accesibilidad,8835.234871218134
19.4659567,-99.1821386,Colonia Clavería,9000.0,65.21739130434783,138.0,1,2.0,0,Amplio_Ejecutivo,AltaMarg_AltaGentrif,0.830531038273375,3.0,Baja_Accesibilidad,1654.14063705485
19.4763149,-99.095242,No Identificada,12500.0,60.09615384615385,208.0,2,2.0,0,Amplio_Ejecutivo,AltaMarg_AltaGentrif,0.830531038273375,2.0,Media_Accesibilidad,783.5800933103865
19.270715,-99.1635227,Unidad Habitacional Issfam,15000.0,110.29411764705883,136.0,3,2.0,0,Amplio_Ejecutivo,AltaMarg_AltaGentrif,0.830531038273375,3.0,Baja_Accesibilidad,4242.064090347487
19.3439933,-99.2315128,Colonia La Joyita,9500.0,20.0,475.0,1,2.0,0,Amplio_Ejecutivo,AltaMarg_AltaGentrif,0.830531038273375,2.0,Baja_Accesibilidad,4610.106457366136
19.4326,-99.1332,No Identificada,12000.0,80.0,150.0,3,2.0,0,Amplio_Ejecutivo,AltaMarg_AltaGentrif,0.830531038273375,3.0,Alta_Accesibilidad,330.46776435848415
19.4347018,-99.2052137,Polanco,9000.0,25.0,360.0,1,2.0,0,Amplio_Ejecutivo,BajaMarg_AltaGentrif,0.830531038273375,1.0,Media_Accesibilidad,1531.0606784901115
19.4148639,-99.176429,Condesa,36700.0,48.03664921465968,764.0,1,2.0,0,Amplio_Ejecutivo,AltaMarg_AltaGentrif,0.830531038273375,2.0,Media_Accesibilidad,725.1757598203221
19.4470702,-99.1592793,No Identificada,10600.0,39.849624060150376,266.0,1,2.0,0,Amplio_Ejecutivo,AltaMarg_AltaGentrif,0.830531038273375,3.0,Media_Accesibilidad,804.3436934086205
19.2704871,-99.170138,Barrio El Truenito,14700.0,113.95348837209302,129.0,3,2.0,0,Amplio_Ejecutivo,AltaMarg_AltaGentrif,0.830531038273375,5.0,Baja_Accesibilidad,4112.560026752275
19.4148639,-99.176429,Condesa,40000.0,126.98412698412699,315.0,3,2.0,0,Amplio_Ejecutivo,AltaMarg_AltaGentrif,0.830531038273375,2.0,Media_Accesibilidad,725.1757598203221
19.338392,-99.2403477,Colonia Tetelpan,29700.0,291.1764705882353,102.0,3,2.0,0,Amplio_Ejecutivo,AltaMarg_AltaGentrif,0.830531038273375,2.0,Baja_Accesibilidad,5606.0902750240975
19.4533255,-99.1361374,Colonia Nonoalco,22500.0,63.92045454545455,352.0,2,2.0,0,Amplio_Ejecutivo,AltaMarg_AltaGentrif,0.830531038273375,2.0,Alta_Accesibilidad,565.044365512745
19.3488917,-99.1629828,Coyoacán,12500.0,50.0,250.0,1,2.0,0,Amplio_Ejecutivo,BajaMarg_BajaGentrif,0.750956198657275,1.0,Media_Accesibilidad,1546.8290173660196
19.4492088,-99.1945293,Pensil Norte,11000.0,39.00709219858156,282.0,1,2.0,0,Amplio_Ejecutivo,AltaMarg_AltaGentrif,0.830531038273375,2.0,Media_Accesibilidad,1286.0180899714298
19.3488849,-99.1637312,Coyoacán,49000.0,210.30042918454936,233.0,3,2.0,0,Amplio_Ejecutivo,BajaMarg_BajaGentrif,0.750956198657275,1.0,Media_Accesibilidad,1486.0138178300858
19.3389648,-99.2030398,Colonia Progreso,15200.0,60.07905138339921,253.0,2,2.0,0,Amplio_Ejecutivo,BajaMarg_AltaGentrif,0.830531038273375,1.0,Baja_Accesibilidad,1921.143418479246
19.4187166,-99.1155218,Aeronáutica Militar,12000.0,60.91370558375635,197.0,2,2.0,0,Amplio_Ejecutivo,BajaMarg_AltaGentrif,0.830531038273375,1.0,Alta_Accesibilidad,517.4830665072998
19.4386574,-99.1807856,Polanco,26000.0,76.0233918128655,342.0,2,2.0,0,Amplio_Ejecutivo,AltaMarg_AltaGentrif,0.830531038273375,2.0,Media_Accesibilidad,1147.0035345165322
19.2703914,-99.0047499,Tláhuac,7000.0,22.0125786163522,318.0,1,1.0,0,Amplio_Ejecutivo,BajaMarg_BajaGentrif,0.5773137898079344,1.0,Baja_Accesibilidad,6215.058316462161
19.3301222,-99.212149,San Jerónimo Aculco-Lídice,7000.0,22.0125786163522,318.0,1,2.0,0,Amplio_Ejecutivo,AltaMarg_AltaGentrif,0.830531038273375,2.0,Baja_Accesibilidad,3126.868991301818
19.3608418,-99.1321123,Colonia Sinatel,11000.0,56.12244897959184,196.0,2,2.0,0,Amplio_Ejecutivo,BajaMarg_AltaGentrif,0.830531038273375,1.0,Media_Accesibilidad,1236.7246957280718
19.4148639,-99.176429,Condesa,63000.0,164.92146596858638,382.0,2,2.0,0,Amplio_Ejecutivo,AltaMarg_AltaGentrif,0.830531038273375,2.0,Media_Accesibilidad,725.1757598203221
19.3452007,-99.1247366,Colonia Paseos De Taxqueña,14500.0,60.924369747899156,238.0,2,2.0,0,Amplio_Ejecutivo,BajaMarg_AltaGentrif,0.830531038273375,1.0,Media_Accesibilidad,1244.2886418006017
19.4073088,-99.173201,Condesa,40000.0,90.9090909090909,440.0,2,2.0,0,Amplio_Ejecutivo,AltaMarg_AltaGentrif,0.830531038273375,2.0,Alta_Accesibilidad,562.8921874151563
19.3650011,-99.1563332,No Identificada,7000.0,25.0,280.0,1,2.0,0,Amplio_Ejecutivo,BajaMarg_AltaGentrif,0.830531038273375,1.0,Alta_Accesibilidad,622.1144924924627
19.3653514,-99.2737186,Lomas De Vista Hermosa,30000.0,167.5977653631285,179.0,2,2.0,0,Amplio_Ejecutivo,BajaMarg_AltaGentrif,0.830531038273375,1.0,Baja_Accesibilidad,8835.234871218134
19.3488917,-99.1629828,Coyoacán,14200.0,80.68181818181819,176.0,2,2.0,0,Amplio_Ejecutivo,BajaMarg_BajaGentrif,0.750956198657275,1.0,Media_Accesibilidad,1546.8290173660196
19.3585922,-99.1634845,Coyoacán,19200.0,88.07339449541284,218.0,2,2.0,0,Amplio_Ejecutivo,BajaMarg_BajaGentrif,0.750956198657275,1.0,Media_Accesibilidad,1067.1738609715171
19.4057974,-99.0663725,Colonia Agua Caliente,10000.0,25.974025974025974,385.0,1,2.0,0,Amplio_Ejecutivo,AltaMarg_AltaGentrif,0.830531038273375,4.0,Media_Accesibilidad,843.026110784292
19.3608245,-99.1507003,No Identificada,16000.0,59.9250936329588,267.0,2,2.0,0,Amplio_Ejecutivo,BajaMarg_AltaGentrif,0.830531038273375,1.0,Alta_Accesibilidad,557.3481729620847
19.43353,-99.190915,Polanco,27000.0,78.03468208092485,346.0,2,2.0,0,Amplio_Ejecutivo,BajaMarg_AltaGentrif,0.830531038273375,1.0,Alta_Accesibilidad,444.2627964713553
19.38438,-99.1963085,Colonia Santa María Nonoalco,15500.0,65.12605042016807,238.0,2,2.0,0,Amplio_Ejecutivo,BajaMarg_AltaGentrif,0.830531038273375,1.0,Media_Accesibilidad,1388.3241405516294
19.321597,-99.1849259,Coyoacán,38500.0,250.0,154.0,3,2.0,0,Amplio_Ejecutivo,BajaMarg_BajaGentrif,0.750956198657275,1.0,Media_Accesibilidad,1036.8410823597383
19.4326,-99.1332,Colonia Bosques De Chapultepec,6000.0,157.89473684210526,38.0,2,2.0,0,Compacto+,AltaMarg_AltaGentrif,0.830531038273375,3.0,Alta_Accesibilidad,330.46776435848415
19.2940636,-99.0638122,No Identificada,9000.0,79.64601769911505,113.0,3,2.0,0,Amplio_Ejecutivo,AltaMarg_AltaGentrif,0.830531038273375,5.0,Baja_Accesibilidad,2755.6569349022207
19.3630898,-99.1527744,Benito Juárez,7000.0,41.91616766467066,167.0,1,2.0,0,Amplio_Ejecutivo,BajaMarg_AltaGentrif,0.933319961735651,1.0,Alta_Accesibilidad,538.8581943411118
19.4148639,-99.176429,Condesa,22000.0,34.97615262321145,629.0,1,2.0,0,Amplio_Ejecutivo,AltaMarg_AltaGentrif,0.830531038273375,2.0,Media_Accesibilidad,725.1757598203221
19.3339285,-99.2544511,Colonia San Bartolo,13500.0,42.05607476635514,321.0,2,2.0,0,Amplio_Ejecutivo,BajaMarg_AltaGentrif,0.830531038273375,1.0,Baja_Accesibilidad,7133.171503690515
19.3443673,-99.1924473,San Ángel,63000.0,159.89847715736042,394.0,3,2.0,0,Amplio_Ejecutivo,BajaMarg_AltaGentrif,0.830531038273375,1.0,Media_Accesibilidad,952.5726887474532
19.3071968,-99.2335239,Colonia Guadalupe,20000.0,350.87719298245617,57.0,4,2.0,0,Familiar_Grande,BajaMarg_AltaGentrif,0.830531038273375,1.0,Baja_Accesibilidad,5744.877234731457
19.4384393,-99.1821131,Polanco,27000.0,84.11214953271028,321.0,1,2.0,0,Amplio_Ejecutivo,AltaMarg_AltaGentrif,0.830531038273375,2.0,Media_Accesibilidad,1038.996927699575
19.3301222,-99.212149,San Jerónimo Aculco-Lídice,7500.0,39.8936170212766,188.0,1,2.0,0,Amplio_Ejecutivo,AltaMarg_AltaGentrif,0.830531038273375,2.0,Baja_Accesibilidad,3126.868991301818
19.4326,-99.1332,No Identificada,9500.0,32.986111111111114,288.0,1,2.0,0,Amplio_Ejecutivo,AltaMarg_AltaGentrif,0.830531038273375,3.0,Alta_Accesibilidad,330.46776435848415
19.4681069,-99.1904939,Ángel Zimbrón,14000.0,56.91056910569106,246.0,2,2.0,0,Amplio_Ejecutivo,AltaMarg_AltaGentrif,0.830531038273375,2.0,Media_Accesibilidad,1498.7593274806466
19.4148639,-99.176429,Condesa,8000.0,24.024024024024023,333.0,1,2.0,0,Amplio_Ejecutivo,AltaMarg_AltaGentrif,0.830531038273375,2.0,Media_Accesibilidad,725.1757598203221
19.4226245,-99.0951919,No Identificada,17000.0,100.0,170.0,4,2.0,0,Amplio_Familiar,AltaMarg_AltaGentrif,0.830531038273375,2.0,Media_Accesibilidad,689.9261549913284
19.43353,-99.190915,Polanco,15500.0,34.988713318284425,443.0,1,2.0,0,Amplio_Ejecutivo,BajaMarg_AltaGentrif,0.830531038273375,1.0,Alta_Accesibilidad,444.2627964713553
19.4796293,-99.1059147,No Identificada,12900.0,53.08641975308642,243.0,2,2.0,0,Amplio_Ejecutivo,BajaMarg_AltaGentrif,0.830531038273375,1.0,Alta_Accesibilidad,341.7433619872579
19.43353,-99.190915,Polanco,14500.0,45.03105590062112,322.0,2,2.0,0,Amplio_Ejecutivo,BajaMarg_AltaGentrif,0.830531038273375,1.0,Alta_Accesibilidad,444.2627964713553
19.4156998,-99.2136879,Lomas De Chapultepec,27500.0,87.0253164556962,316.0,1,3.0,0,Amplio_Ejecutivo,BajaMarg_AltaGentrif,0.830531038273375,1.0,Baja_Accesibilidad,2535.156919896198
19.4561462,-99.1291304,Peralvillo,14000.0,29.978586723768736,467.0,1,2.0,0,Amplio_Ejecutivo,AltaMarg_AltaGentrif,0.830531038273375,4.0,Alta_Accesibilidad,450.75251591562585
19.339787,-98.9764252,Colonia Ampliación Emiliano Zapata,13500.0,198.52941176470588,68.0,3,2.0,0,Familiar_Grande,AltaMarg_AltaGentrif,0.830531038273375,4.0,Baja_Accesibilidad,4420.096239294951
19.3495517,-99.3048926,Contadero,27000.0,90.0,300.0,2,2.0,0,Amplio_Ejecutivo,BajaMarg_AltaGentrif,0.830531038273375,1.0,Baja_Accesibilidad,12158.903747766357
19.3585922,-99.1634845,Coyoacán,42000.0,106.06060606060606,396.0,3,2.0,0,Amplio_Ejecutivo,BajaMarg_BajaGentrif,0.750956198657275,1.0,Media_Accesibilidad,1067.1738609715171
19.4529545,-99.1577081,No Identificada,30000.0,104.16666666666667,288.0,2,2.0,0,Amplio_Ejecutivo,AltaMarg_AltaGentrif,0.830531038273375,4.0,Media_Accesibilidad,1125.6170557899763
19.3190342,-99.3294245,Las Maromas,12000.0,120.0,100.0,2,2.0,0,Familiar_Chico,AltaMarg_AltaGentrif,0.830531038273375,3.0,Baja_Accesibilidad,15112.513072602791
19.4413002,-99.0787075,Colonia Peñón De Los Baños,10500.0,45.06437768240343,233.0,2,2.0,0,Amplio_Ejecutivo,AltaMarg_AltaGentrif,0.830531038273375,2.0,Media_Accesibilidad,874.1472748463179
19.3177076,-99.2235278,Colonia San Jerónimo Aculco,29000.0,166.66666666666666,174.0,2,2.0,0,Amplio_Ejecutivo,AltaMarg_AltaGentrif,0.830531038273375,2.0,Baja_Accesibilidad,4549.863004364015
19.3901306,-99.1847553,Colonia San Pedro De Los Pinos,16000.0,65.04065040650407,246.0,2,2.0,0,Amplio_Ejecutivo,AltaMarg_AltaGentrif,0.830531038273375,2.0,Media_Accesibilidad,749.0061014189063
19.43353,-99.190915,Polanco,16500.0,31.976744186046513,516.0,1,2.0,0,Amplio_Ejecutivo,BajaMarg_AltaGentrif,0.830531038273375,1.0,Alta_Accesibilidad,444.2627964713553
19.3117877,-99.2264166,Colonia Héroes De Padierna,12700.0,65.12820512820512,195.0,1,2.0,0,Amplio_Ejecutivo,BajaMarg_AltaGentrif,0.830531038273375,1.0,Baja_Accesibilidad,4937.192721367956
19.2876235,-99.1242334,Colonia Narciso Mendoza Súper Manzana 3 Villa Coapa,12000.0,64.86486486486487,185.0,3,2.0,0,Amplio_Ejecutivo,AltaMarg_AltaGentrif,0.830531038273375,2.0,Baja_Accesibilidad,3663.744639076385
19.3865976,-99.2651314,Lomas De Chamizal,14500.0,50.0,290.0,1,2.0,0,Amplio_Ejecutivo,AltaMarg_AltaGentrif,0.830531038273375,2.0,Baja_Accesibilidad,7561.408566643877
19.3079445,-99.1267548,No Identificada,7300.0,24.013157894736842,304.0,1,2.0,0,Amplio_Ejecutivo,BajaMarg_AltaGentrif,0.830531038273375,1.0,Baja_Accesibilidad,2720.3127740799328
19.3443673,-99.1924473,San Ángel,71000.0,310.04366812227073,229.0,3,2.0,0,Amplio_Ejecutivo,BajaMarg_AltaGentrif,0.830531038273375,1.0,Media_Accesibilidad,952.5726887474532
19.3366906,-99.1491402,Unidad Habitacional Rosedal,16000.0,66.94560669456067,239.0,2,2.0,0,Amplio_Ejecutivo,AltaMarg_AltaGentrif,0.830531038273375,2.0,Baja_Accesibilidad,1805.9790888038333
19.4410704,-99.0930336,Moctezuma 2ª. Sección,11000.0,47.00854700854701,234.0,2,2.0,0,Amplio_Ejecutivo,AltaMarg_AltaGentrif,0.830531038273375,4.0,Alta_Accesibilidad,485.20563401428217
19.3431039,-99.0687056,No Identificada,7500.0,44.11764705882353,170.0,2,2.0,0,Amplio_Ejecutivo,AltaMarg_AltaGentrif,0.830531038273375,3.0,Baja_Accesibilidad,1756.158151373875
19.3581682,-99.272261,Cuajimalpa de Morelos,65000.0,171.95767195767195,378.0,3,2.0,0,Amplio_Ejecutivo,BajaMarg_BajaGentrif,0.49427437331671703,1.0,Baja_Accesibilidad,8801.23140399282
19.4386574,-99.1807856,Polanco,24500.0,76.08695652173913,322.0,1,2.0,0,Amplio_Ejecutivo,AltaMarg_AltaGentrif,0.830531038273375,2.0,Media_Accesibilidad,1147.0035345165322
19.43353,-99.190915,Polanco,25000.0,59.95203836930455,417.0,1,2.0,0,Amplio_Ejecutivo,BajaMarg_AltaGentrif,0.830531038273375,1.0,Alta_Accesibilidad,444.2627964713553
19.4224981,-99.172284,Condesa,35000.0,89.97429305912597,389.0,2,2.0,0,Amplio_Ejecutivo,AltaMarg_AltaGentrif,0.830531038273375,2.0,Alta_Accesibilidad,202.8777488002515
19.3999163,-99.1725533,Escandón 2ª Sección,6500.0,20.967741935483872,310.0,1,2.0,0,Amplio_Ejecutivo,AltaMarg_AltaGentrif,0.830531038273375,3.0,Media_Accesibilidad,836.3712817469607
19.294963,-99.039115,Tláhuac,9800.0,69.50354609929079,141.0,1,1.0,0,Amplio_Ejecutivo,AltaMarg_BajaGentrif,0.5773137898079344,5.0,Baja_Accesibilidad,3501.939121136826
19.3224823,-99.1333434,Colonia El Centinela,25000.0,149.7005988023952,167.0,3,2.0,0,Amplio_Ejecutivo,BajaMarg_AltaGentrif,0.830531038273375,1.0,Baja_Accesibilidad,2213.46734526059
19.43353,-99.190915,Polanco,75000.0,323.2758620689655,232.0,3,2.0,0,Amplio_Ejecutivo,BajaMarg_AltaGentrif,0.830531038273375,1.0,Alta_Accesibilidad,444.2627964713553
19.5496171,-99.1463736,Colonia Chalma De Guadalupe,5800.0,40.0,145.0,1,2.0,0,Amplio_Ejecutivo,AltaMarg_AltaGentrif,0.830531038273375,4.0,Baja_Accesibilidad,4688.70691012124
19.3488917,-99.1629828,Coyoacán,20000.0,63.89776357827476,313.0,2,2.0,0,Amplio_Ejecutivo,BajaMarg_BajaGentrif,0.750956198657275,1.0,Media_Accesibilidad,1546.8290173660196
19.3682616,-99.1492813,Colonia Portales Norte,15000.0,85.22727272727273,176.0,2,2.0,0,Amplio_Ejecutivo,AltaMarg_AltaGentrif,0.830531038273375,2.0,Media_Accesibilidad,804.676358203388
19.391616,-99.1513127,Narvarte,12000.0,44.943820224719104,267.0,1,2.0,0,Amplio_Ejecutivo,AltaMarg_AltaGentrif,0.830531038273375,2.0,Alta_Accesibilidad,577.1936021293986
19.5217368,-99.1537704,Colonia Guadalupe Proletaria,25000.0,260.4166666666667,96.0,4,2.0,0,Familiar_Grande,AltaMarg_AltaGentrif,0.830531038273375,5.0,Baja_Accesibilidad,1880.676207925358
19.43353,-99.190915,Polanco,41500.0,130.09404388714734,319.0,2,2.0,0,Amplio_Ejecutivo,BajaMarg_AltaGentrif,0.830531038273375,1.0,Alta_Accesibilidad,444.2627964713553
19.4156998,-99.2136879,Lomas De Chapultepec,26000.0,100.0,260.0,2,3.0,0,Amplio_Ejecutivo,BajaMarg_AltaGentrif,0.830531038273375,1.0,Baja_Accesibilidad,2535.156919896198
19.3892973,-99.1612198,Colonia Narvarte Poniente,40000.0,170.94017094017093,234.0,4,2.0,0,Amplio_Familiar,AltaMarg_AltaGentrif,0.830531038273375,3.0,Media_Accesibilidad,739.0047020318914
19.4156998,-99.2136879,Lomas De Chapultepec,65000.0,200.0,325.0,2,3.0,0,Amplio_Ejecutivo,BajaMarg_AltaGentrif,0.830531038273375,1.0,Baja_Accesibilidad,2535.156919896198
19.4033433,-99.0740251,No Identificada,15000.0,64.93506493506493,231.0,3,2.0,0,Amplio_Ejecutivo,AltaMarg_AltaGentrif,0.830531038273375,4.0,Media_Accesibilidad,824.6403914710615
19.3220293,-99.2411247,No Identificada,9000.0,28.037383177570092,321.0,2,2.0,0,Amplio_Ejecutivo,AltaMarg_AltaGentrif,0.830531038273375,4.0,Baja_Accesibilidad,6207.954252538317
19.4925463,-99.1093669,No Identificada,12900.0,114.15929203539822,113.0,3,2.0,0,Amplio_Ejecutivo,AltaMarg_AltaGentrif,0.830531038273375,3.0,Media_Accesibilidad,851.383870406813
19.2667081,-99.1270048,Colonia Santa María Tepepan,13500.0,55.10204081632653,245.0,1,2.0,0,Amplio_Ejecutivo,AltaMarg_AltaGentrif,0.830531038273375,3.0,Baja_Accesibilidad,5130.749002775763
19.3829715,-99.1800979,Del Valle,26000.0,83.06709265175719,313.0,1,2.0,0,Amplio_Ejecutivo,BajaMarg_AltaGentrif,0.830531038273375,1.0,Media_Accesibilidad,668.2604411364171
19.43353,-99.190915,Polanco,14500.0,36.98979591836735,392.0,1,2.0,0,Amplio_Ejecutivo,BajaMarg_AltaGentrif,0.830531038273375,1.0,Alta_Accesibilidad,444.2627964713553
19.3040433,-99.1900307,No Identificada,14800.0,45.962732919254655,322.0,3,2.0,0,Amplio_Ejecutivo,BajaMarg_AltaGentrif,0.830531038273375,1.0,Media_Accesibilidad,1616.8560337129202
19.4148639,-99.176429,Condesa,60000.0,139.86013986013987,429.0,3,2.0,0,Amplio_Ejecutivo,AltaMarg_AltaGentrif,0.830531038273375,2.0,Media_Accesibilidad,725.1757598203221
19.3570077,-99.2908388,Lomas De Memetla,35000.0,350.0,100.0,3,1.0,0,Familiar_Grande,AltaMarg_AltaGentrif,0.830531038273375,3.0,Baja_Accesibilidad,10647.387019825057
19.5084773,-99.1579443,Colonia Industrial,13500.0,39.94082840236686,338.0,2,2.0,0,Amplio_Ejecutivo,BajaMarg_AltaGentrif,0.830531038273375,1.0,Media_Accesibilidad,837.6232326392529
19.4057974,-99.0663725,Colonia Agua Caliente,10000.0,45.04504504504504,222.0,2,2.0,0,Amplio_Ejecutivo,AltaMarg_AltaGentrif,0.830531038273375,4.0,Media_Accesibilidad,843.026110784292
19.2759456,-99.2185154,Colonia Cuchilla De Padierna,23000.0,205.35714285714286,112.0,3,2.0,0,Amplio_Ejecutivo,AltaMarg_AltaGentrif,0.830531038273375,4.0,Baja_Accesibilidad,5788.03439803215
19.4037015,-99.1647831,Roma Sur,36000.0,137.93103448275863,261.0,3,1.5,0,Amplio_Ejecutivo,AltaMarg_AltaGentrif,0.830531038273375,3.0,Alta_Accesibilidad,592.3253871712279
19.3495517,-99.3048926,Contadero,14000.0,50.0,280.0,1,2.0,0,Amplio_Ejecutivo,BajaMarg_AltaGentrif,0.830531038273375,1.0,Baja_Accesibilidad,12158.903747766357
19.4079014,-99.0744066,Colonia Agrícola Oriental,19000.0,120.25316455696202,158.0,2,2.0,0,Amplio_Ejecutivo,AltaMarg_AltaGentrif,0.830531038273375,2.0,Media_Accesibilidad,674.5953303770672
19.3532835,-99.294171,Cuajimalpa de Morelos,37000.0,241.83006535947712,153.0,3,2.0,0,Amplio_Ejecutivo,AltaMarg_BajaGentrif,0.49427437331671703,2.0,Baja_Accesibilidad,11034.031138379876
19.3581682,-99.272261,Cuajimalpa de Morelos,58000.0,155.91397849462365,372.0,3,2.0,0,Amplio_Ejecutivo,BajaMarg_BajaGentrif,0.49427437331671703,1.0,Baja_Accesibilidad,8801.23140399282
19.386333,-99.1750493,No Identificada,12800.0,29.97658079625293,427.0,1,2.0,0,Amplio_Ejecutivo,BajaMarg_AltaGentrif,0.830531038273375,1.0,Media_Accesibilidad,928.0805155841986
19.4071156,-99.1906167,Miguel Hidalgo,22000.0,130.17751479289942,169.0,3,2.0,0,Amplio_Ejecutivo,BajaMarg_AltaGentrif,0.8585849060226639,1.0,Media_Accesibilidad,749.9737885794543
19.3579551,-99.0219567,Colonia Paraje Zacatepec,18000.0,169.81132075471697,106.0,4,2.0,0,Amplio_Familiar,AltaMarg_AltaGentrif,0.830531038273375,3.0,Baja_Accesibilidad,2378.509033284974
19.43353,-99.190915,Polanco,48000.0,189.72332015810278,253.0,3,2.0,0,Amplio_Ejecutivo,BajaMarg_AltaGentrif,0.830531038273375,1.0,Alta_Accesibilidad,444.2627964713553
19.3301222,-99.212149,San Jerónimo Aculco-Lídice,45000.0,381.35593220338984,118.0,4,2.0,0,Amplio_Familiar,AltaMarg_AltaGentrif,0.830531038273375,2.0,Baja_Accesibilidad,3126.868991301818
19.3418563,-99.1541876,Colonia Copilco Iii,16600.0,47.02549575070822,353.0,1,2.0,0,Amplio_Ejecutivo,AltaMarg_AltaGentrif,0.830531038273375,2.0,Baja_Accesibilidad,1817.9447126767425
19.43353,-99.190915,Polanco,23000.0,68.04733727810651,338.0,2,2.0,0,Amplio_Ejecutivo,BajaMarg_AltaGentrif,0.830531038273375,1.0,Alta_Accesibilidad,444.2627964713553
19.269702,-99.2199399,Colonia Chimilli,16000.0,177.77777777777777,90.0,2,2.0,0,Familiar_Chico,AltaMarg_AltaGentrif,0.830531038273375,3.0,Baja_Accesibilidad,6386.516497412724
19.3379672,-99.1289166,No Identificada,26000.0,130.0,200.0,2,2.0,0,Amplio_Ejecutivo,BajaMarg_AltaGentrif,0.830531038273375,1.0,Media_Accesibilidad,1178.3004324474257
19.4057974,-99.0663725,Colonia Agua Caliente,12500.0,56.053811659192824,223.0,2,2.0,0,Amplio_Ejecutivo,AltaMarg_AltaGentrif,0.830531038273375,4.0,Media_Accesibilidad,843.026110784292
19.4831755,-99.1898823,Colonia San Francisco Tetecala,13000.0,41.00946372239748,317.0,2,2.0,0,Amplio_Ejecutivo,AltaMarg_AltaGentrif,0.830531038273375,3.0,Media_Accesibilidad,986.8513802722654
19.3375801,-99.2448956,Olivar De Los Padres,24600.0,79.87012987012987,308.0,2,3.0,0,Amplio_Ejecutivo,AltaMarg_AltaGentrif,0.830531038273375,2.0,Baja_Accesibilidad,6080.981710136541
19.3301222,-99.212149,San Jerónimo Aculco-Lídice,28000.0,85.88957055214723,326.0,1,2.0,0,Amplio_Ejecutivo,AltaMarg_AltaGentrif,0.830531038273375,2.0,Baja_Accesibilidad,3126.868991301818
19.3581682,-99.272261,Cuajimalpa de Morelos,115000.0,254.9889135254989,451.0,3,2.0,0,Amplio_Ejecutivo,BajaMarg_BajaGentrif,0.49427437331671703,1.0,Baja_Accesibilidad,8801.23140399282
19.4020076,-99.1473744,No Identificada,19000.0,78.83817427385893,241.0,3,2.0,0,Amplio_Ejecutivo,AltaMarg_AltaGentrif,0.830531038273375,2.0,Alta_Accesibilidad,598.9903802891691
19.4368989,-99.2113769,Polanco,6000.0,181.8181818181818,33.0,3,2.0,0,Compacto+,BajaMarg_AltaGentrif,0.830531038273375,1.0,Baja_Accesibilidad,2178.04702017224
19.4361854,-99.2098077,Polanco,11500.0,24.008350730688935,479.0,1,2.0,0,Amplio_Ejecutivo,BajaMarg_AltaGentrif,0.830531038273375,1.0,Baja_Accesibilidad,2006.4652549623893
19.4376429,-99.1724983,Verónica Anzures,10000.0,30.959752321981423,323.0,1,1.0,0,Amplio_Ejecutivo,BajaMarg_AltaGentrif,0.830531038273375,1.0,Media_Accesibilidad,1070.3694282481783
19.4037015,-99.1647831,Roma Sur,8500.0,20.987654320987655,405.0,1,1.5,0,Amplio_Ejecutivo,AltaMarg_AltaGentrif,0.830531038273375,3.0,Alta_Accesibilidad,592.3253871712279
19.4497398,-99.2150977,Colonia Lomas De Sotelo,20800.0,66.03174603174604,315.0,1,2.0,0,Amplio_Ejecutivo,BajaMarg_AltaGentrif,0.830531038273375,1.0,Baja_Accesibilidad,2135.6203207866383
19.4326296,-99.1331785,Cuauhtémoc,35000.0,95.1086956521739,368.0,3,1.0,0,Amplio_Ejecutivo,AltaMarg_AltaGentrif,0.830531038273375,3.0,Alta_Accesibilidad,331.00531079168263
19.4486614,-99.1714612,Miguel Hidalgo,10000.0,69.93006993006993,143.0,1,2.0,0,Amplio_Ejecutivo,AltaMarg_AltaGentrif,0.8585849060226639,2.0,Media_Accesibilidad,825.931902216011
19.3829715,-99.1800979,Del Valle,16000.0,59.9250936329588,267.0,1,2.0,0,Amplio_Ejecutivo,BajaMarg_AltaGentrif,0.830531038273375,1.0,Media_Accesibilidad,668.2604411364171
19.4177785,-99.1314778,Tránsito,14000.0,50.0,280.0,2,1.0,0,Amplio_Ejecutivo,AltaMarg_AltaGentrif,0.830531038273375,2.0,Alta_Accesibilidad,518.0643770297465
19.2670201,-99.1514186,Colonia Fuentes De Tepepan,38500.0,458.3333333333333,84.0,4,2.0,0,Familiar_Grande,BajaMarg_AltaGentrif,0.830531038273375,1.0,Baja_Accesibilidad,5142.011672956052
19.3747038,-99.2607972,Santa Fe Peña Blanca,37000.0,100.0,370.0,2,2.0,0,Amplio_Ejecutivo,BajaMarg_AltaGentrif,0.830531038273375,1.0,Baja_Accesibilidad,7432.432382444291
19.3581682,-99.272261,Cuajimalpa de Morelos,45000.0,155.17241379310346,290.0,2,2.0,0,Amplio_Ejecutivo,BajaMarg_BajaGentrif,0.49427437331671703,1.0,Baja_Accesibilidad,8801.23140399282
19.4402177,-99.1870609,Polanco,32000.0,104.91803278688525,305.0,2,2.0,0,Amplio_Ejecutivo,BajaMarg_AltaGentrif,0.830531038273375,1.0,Media_Accesibilidad,952.6075312884766
19.4326,-99.1332,No Identificada,13500.0,45.0,300.0,1,2.0,0,Amplio_Ejecutivo,AltaMarg_AltaGentrif,0.830531038273375,3.0,Alta_Accesibilidad,330.46776435848415
19.4148639,-99.176429,Condesa,65000.0,97.01492537313433,670.0,2,2.0,0,Amplio_Ejecutivo,AltaMarg_AltaGentrif,0.830531038273375,2.0,Media_Accesibilidad,725.1757598203221
19.4156998,-99.2136879,Lomas De Chapultepec,115000.0,206.83453237410072,556.0,3,3.0,0,Amplio_Ejecutivo,BajaMarg_AltaGentrif,0.830531038273375,1.0,Baja_Accesibilidad,2535.156919896198
19.3434043,-99.1359574,No Identificada,8500.0,30.035335689045937,283.0,1,2.0,0,Amplio_Ejecutivo,AltaMarg_AltaGentrif,0.830531038273375,2.0,Media_Accesibilidad,982.7015426090612
19.4416362,-99.1103021,No Identificada,8000.0,50.0,160.0,1,2.0,0,Amplio_Ejecutivo,AltaMarg_AltaGentrif,0.830531038273375,4.0,Media_Accesibilidad,923.4309030867048
19.4416362,-99.1103021,No Identificada,10000.0,59.880239520958085,167.0,2,2.0,0,Amplio_Ejecutivo,AltaMarg_AltaGentrif,0.830531038273375,4.0,Media_Accesibilidad,923.4309030867048
19.3548006,-99.2927146,Cuajimalpa de Morelos,13000.0,160.49382716049382,81.0,1,2.0,0,Familiar_Chico,AltaMarg_BajaGentrif,0.49427437331671703,3.0,Baja_Accesibilidad,10865.2931523771
19.3488917,-99.1629828,Coyoacán,5000.0,21.008403361344538,238.0,1,2.0,0,Amplio_Ejecutivo,BajaMarg_BajaGentrif,0.750956198657275,1.0,Media_Accesibilidad,1546.8290173660196
19.4306822,-99.2118,No Identificada,23000.0,72.10031347962382,319.0,1,2.0,0,Amplio_Ejecutivo,BajaMarg_AltaGentrif,0.830531038273375,1.0,Baja_Accesibilidad,2096.924884719511
19.4473094,-99.1744059,No Identificada,8500.0,26.984126984126984,315.0,1,2.0,0,Amplio_Ejecutivo,AltaMarg_AltaGentrif,0.830531038273375,2.0,Media_Accesibilidad,983.1152077055649
19.3675834,-99.263975,No Identificada,29500.0,179.8780487804878,164.0,2,2.0,0,Amplio_Ejecutivo,BajaMarg_AltaGentrif,0.830531038273375,1.0,Baja_Accesibilidad,7846.365993247114
19.317015,-99.1120701,Coapa,35000.0,312.5,112.0,3,2.0,0,Amplio_Ejecutivo,BajaMarg_AltaGentrif,0.830531038273375,1.0,Media_Accesibilidad,1050.129381651143
19.4156998,-99.2136879,Miguel Hidalgo,37000.0,286.8217054263566,129.0,3,2.0,0,Amplio_Ejecutivo,BajaMarg_AltaGentrif,0.8585849060226639,1.0,Baja_Accesibilidad,2535.156919896198
19.43353,-99.190915,Polanco,65000.0,205.69620253164558,316.0,3,2.0,0,Amplio_Ejecutivo,BajaMarg_AltaGentrif,0.830531038273375,1.0,Alta_Accesibilidad,444.2627964713553
19.3924894,-99.1910885,Colonia 8 De Agosto,12000.0,68.18181818181819,176.0,2,2.0,0,Amplio_Ejecutivo,AltaMarg_AltaGentrif,0.830531038273375,3.0,Media_Accesibilidad,990.8876776619286
19.3443673,-99.1924473,San Ángel,35000.0,119.86301369863014,292.0,2,2.0,0,Amplio_Ejecutivo,BajaMarg_AltaGentrif,0.830531038273375,1.0,Media_Accesibilidad,952.5726887474532
19.4626231,-99.1108783,Colonia Belisario Domínguez Sección Xvi,5600.0,35.0,160.0,1,2.0,0,Amplio_Ejecutivo,BajaMarg_AltaGentrif,0.830531038273375,1.0,Alta_Accesibilidad,324.8718911144149
19.43353,-99.190915,Polanco,32000.0,119.8501872659176,267.0,2,2.0,0,Amplio_Ejecutivo,BajaMarg_AltaGentrif,0.830531038273375,1.0,Alta_Accesibilidad,444.2627964713553
19.4384393,-99.1821131,Polanco,35000.0,84.95145631067962,412.0,2,2.0,0,Amplio_Ejecutivo,AltaMarg_AltaGentrif,0.830531038273375,2.0,Media_Accesibilidad,1038.996927699575
19.3747038,-99.2607972,Santa Fe Peña Blanca,24500.0,64.9867374005305,377.0,1,2.0,0,Amplio_Ejecutivo,BajaMarg_AltaGentrif,0.830531038273375,1.0,Baja_Accesibilidad,7432.432382444291
19.4492088,-99.1945293,Pensil Norte,17500.0,59.93150684931507,292.0,2,2.0,0,Amplio_Ejecutivo,AltaMarg_AltaGentrif,0.830531038273375,2.0,Media_Accesibilidad,1286.0180899714298
19.4326,-99.1332,No Identificada,35000.0,180.41237113402062,194.0,2,2.0,0,Amplio_Ejecutivo,AltaMarg_AltaGentrif,0.830531038273375,3.0,Alta_Accesibilidad,330.46776435848415
19.3683696,-99.2437213,Jalalpa,45000.0,150.0,300.0,2,2.0,0,Amplio_Ejecutivo,AltaMarg_AltaGentrif,0.830531038273375,5.0,Baja_Accesibilidad,5893.359974495528
19.4148639,-99.176429,Condesa,52000.0,164.0378548895899,317.0,2,2.0,0,Amplio_Ejecutivo,AltaMarg_AltaGentrif,0.830531038273375,2.0,Media_Accesibilidad,725.1757598203221
19.4454159,-99.2173815,No Identificada,16100.0,77.03349282296651,209.0,2,2.0,0,Amplio_Ejecutivo,BajaMarg_AltaGentrif,0.830531038273375,1.0,Baja_Accesibilidad,2342.2784462105215
19.43353,-99.190915,Polanco,35000.0,115.13157894736842,304.0,2,2.0,0,Amplio_Ejecutivo,BajaMarg_AltaGentrif,0.830531038273375,1.0,Alta_Accesibilidad,444.2627964713553
19.43353,-99.190915,Polanco,5000.0,151.5151515151515,33.0,2,2.0,0,Compacto+,BajaMarg_AltaGentrif,0.830531038273375,1.0,Alta_Accesibilidad,444.2627964713553
19.5311631,-99.1536982,No Identificada,15000.0,102.04081632653062,147.0,3,2.0,0,Amplio_Ejecutivo,AltaMarg_AltaGentrif,0.830531038273375,2.0,Baja_Accesibilidad,2737.0479211343786
19.3273743,-99.1465217,Colonia Díaz Ordaz,14200.0,53.99239543726236,263.0,2,2.0,0,Amplio_Ejecutivo,AltaMarg_AltaGentrif,0.830531038273375,2.0,Baja_Accesibilidad,2177.6427925697853
19.3156584,-99.1431167,Colonia Los Fresnos,11000.0,33.95061728395062,324.0,1,2.0,0,Amplio_Ejecutivo,AltaMarg_AltaGentrif,0.830531038273375,4.0,Baja_Accesibilidad,2889.8278274442705
19.514275,-99.1350733,No Identificada,15000.0,46.012269938650306,326.0,3,2.0,0,Amplio_Ejecutivo,AltaMarg_AltaGentrif,0.830531038273375,3.0,Baja_Accesibilidad,2037.453893284449
19.5002144,-99.0892469,No Identificada,7800.0,59.09090909090909,132.0,2,2.0,0,Amplio_Ejecutivo,AltaMarg_AltaGentrif,0.830531038273375,5.0,Baja_Accesibilidad,1649.5058778007044
19.3259062,-99.0789991,No Identificada,5000.0,20.0,250.0,1,2.0,0,Amplio_Ejecutivo,AltaMarg_AltaGentrif,0.830531038273375,4.0,Baja_Accesibilidad,1687.85191455404
19.3629245,-99.2653191,Cuajimalpa de Morelos,47000.0,129.8342541436464,362.0,2,2.0,0,Amplio_Ejecutivo,BajaMarg_BajaGentrif,0.49427437331671703,1.0,Baja_Accesibilidad,8063.374569163014
19.4187166,-99.1155218,Aeronáutica Militar,12000.0,60.91370558375635,197.0,2,2.0,0,Amplio_Ejecutivo,BajaMarg_AltaGentrif,0.830531038273375,1.0,Alta_Accesibilidad,517.4830665072998
19.298041,-99.1517788,Tlalpan,9100.0,50.0,182.0,1,2.0,0,Amplio_Ejecutivo,BajaMarg_BajaGentrif,0.3919311241687132,1.0,Baja_Accesibilidad,3146.312537012748
19.3657572,-99.2668386,Cuajimalpa de Morelos,31000.0,90.11627906976744,344.0,1,2.0,0,Amplio_Ejecutivo,BajaMarg_BajaGentrif,0.49427437331671703,1.0,Baja_Accesibilidad,8155.094394311321
19.3574168,-99.3000541,Cuajimalpa de Morelos,12000.0,120.0,100.0,3,2.0,0,Familiar_Grande,AltaMarg_BajaGentrif,0.49427437331671703,3.0,Baja_Accesibilidad,11558.21036530336
19.2965377,-99.0549682,Colonia La Nopalera,32000.0,146.78899082568807,218.0,3,2.0,0,Amplio_Ejecutivo,AltaMarg_AltaGentrif,0.830531038273375,3.0,Baja_Accesibilidad,2946.979694055581
19.3898354,-99.1444529,Colonia Miguel Alemán,16000.0,59.9250936329588,267.0,2,2.0,0,Amplio_Ejecutivo,BajaMarg_AltaGentrif,0.830531038273375,1.0,Alta_Accesibilidad,534.022744888731
19.3526182,-99.0801411,Iztapalapa,10000.0,62.893081761006286,159.0,2,1.0,0,Amplio_Ejecutivo,BajaMarg_AltaGentrif,1.0,1.0,Media_Accesibilidad,1632.2117204708393
19.3488917,-99.1629828,Coyoacán,22000.0,115.18324607329843,191.0,1,2.0,0,Amplio_Ejecutivo,BajaMarg_BajaGentrif,0.750956198657275,1.0,Media_Accesibilidad,1546.8290173660196
19.3829715,-99.1800979,Del Valle,16000.0,50.955414012738856,314.0,2,2.0,0,Amplio_Ejecutivo,BajaMarg_AltaGentrif,0.830531038273375,1.0,Media_Accesibilidad,668.2604411364171
19.3880913,-99.1120396,Iztacalco,10300.0,75.18248175182482,137.0,2,1.0,0,Amplio_Ejecutivo,BajaMarg_BajaGentrif,0.7626118203348291,1.0,Alta_Accesibilidad,76.73271416635775
19.387844,-99.2149757,El Cuernito,19000.0,73.92996108949416,257.0,1,2.0,0,Amplio_Ejecutivo,AltaMarg_AltaGentrif,0.830531038273375,4.0,Baja_Accesibilidad,2579.9921255477134
19.2913392,-99.1718938,Centro,48000.0,432.43243243243245,111.0,4,2.0,0,Amplio_Familiar,AltaMarg_AltaGentrif,0.830531038273375,2.0,Baja_Accesibilidad,2368.8351245544004
19.3116129,-99.1388039,Colonia Los Robles,30500.0,95.9119496855346,318.0,1,2.0,0,Amplio_Ejecutivo,BajaMarg_AltaGentrif,0.830531038273375,1.0,Baja_Accesibilidad,3132.8396726161664
19.3439933,-99.2315128,Colonia La Joyita,24000.0,186.04651162790697,129.0,2,2.0,0,Amplio_Ejecutivo,AltaMarg_AltaGentrif,0.830531038273375,2.0,Baja_Accesibilidad,4610.106457366136
19.4557464,-99.2098733,No Identificada,16000.0,62.99212598425197,254.0,2,2.0,0,Amplio_Ejecutivo,AltaMarg_AltaGentrif,0.830531038273375,3.0,Baja_Accesibilidad,1986.3660721977835
19.4326,-99.1332,No Identificada,19800.0,120.0,165.0,3,2.0,0,Amplio_Ejecutivo,AltaMarg_AltaGentrif,0.830531038273375,3.0,Alta_Accesibilidad,330.46776435848415
19.4148639,-99.176429,Condesa,40000.0,56.022408963585434,714.0,1,2.0,0,Amplio_Ejecutivo,AltaMarg_AltaGentrif,0.830531038273375,2.0,Media_Accesibilidad,725.1757598203221
19.3548006,-99.2927146,Locaxco,27000.0,169.81132075471697,159.0,3,2.0,0,Amplio_Ejecutivo,AltaMarg_AltaGentrif,0.830531038273375,3.0,Baja_Accesibilidad,10865.2931523771
19.3581682,-99.272261,Cuajimalpa de Morelos,67000.0,159.90453460620526,419.0,3,2.0,0,Amplio_Ejecutivo,BajaMarg_BajaGentrif,0.49427437331671703,1.0,Baja_Accesibilidad,8801.23140399282
19.3058524,-99.1481486,Conjunto Buenavista,18000.0,50.0,360.0,1,2.0,0,Amplio_Ejecutivo,AltaMarg_AltaGentrif,0.830531038273375,4.0,Baja_Accesibilidad,3155.847028060261
19.3735392,-99.1675384,Del Valle,35000.0,257.3529411764706,136.0,3,2.0,0,Amplio_Ejecutivo,BajaMarg_AltaGentrif,0.830531038273375,1.0,Alta_Accesibilidad,449.25032772387
19.4148639,-99.176429,Condesa,24300.0,43.008849557522126,565.0,1,2.0,0,Amplio_Ejecutivo,AltaMarg_AltaGentrif,0.830531038273375,2.0,Media_Accesibilidad,725.1757598203221
19.43353,-99.190915,Polanco,17500.0,90.20618556701031,194.0,1,2.0,0,Amplio_Ejecutivo,BajaMarg_AltaGentrif,0.830531038273375,1.0,Alta_Accesibilidad,444.2627964713553
19.38438,-99.1963085,Colonia Carola,17500.0,59.93150684931507,292.0,3,2.0,0,Amplio_Ejecutivo,BajaMarg_AltaGentrif,0.830531038273375,1.0,Media_Accesibilidad,1388.3241405516294
19.4301176,-99.2024403,Polanco,5900.0,178.78787878787878,33.0,3,2.0,0,Compacto+,BajaMarg_AltaGentrif,0.830531038273375,1.0,Media_Accesibilidad,1170.468921320088
19.3056739,-99.2345159,San Nicolás Totolapan,20000.0,200.0,100.0,3,2.0,0,Familiar_Grande,AltaMarg_AltaGentrif,0.830531038273375,2.0,Baja_Accesibilidad,5880.020529959257
19.4156998,-99.2136879,Lomas De Chapultepec,120000.0,320.0,375.0,3,3.0,0,Amplio_Ejecutivo,BajaMarg_AltaGentrif,0.830531038273375,1.0,Baja_Accesibilidad,2535.156919896198
19.5496171,-99.1463736,Colonia Chalma De Guadalupe,6900.0,60.0,115.0,2,2.0,0,Amplio_Ejecutivo,AltaMarg_AltaGentrif,0.830531038273375,4.0,Baja_Accesibilidad,4688.70691012124
19.2989654,-99.1539411,Bosques De Tetlameya,15000.0,78.94736842105263,190.0,2,1.0,0,Amplio_Ejecutivo,BajaMarg_AltaGentrif,0.830531038273375,1.0,Baja_Accesibilidad,2943.6683882333236
19.4928133,-99.1892558,Colonia Santa Inés,15000.0,46.012269938650306,326.0,2,2.0,0,Amplio_Ejecutivo,AltaMarg_AltaGentrif,0.830531038273375,5.0,Media_Accesibilidad,715.3420712333709
19.306179,-99.1814155,Colonia Torres De Maurel,25000.0,139.66480446927375,179.0,3,2.0,0,Amplio_Ejecutivo,BajaMarg_AltaGentrif,0.830531038273375,1.0,Media_Accesibilidad,1272.1601217639134
19.3596057,-99.1706106,Coyoacán,7500.0,23.961661341853034,313.0,1,2.0,0,Amplio_Ejecutivo,BajaMarg_BajaGentrif,0.750956198657275,1.0,Media_Accesibilidad,754.6355924189098
19.4327987,-99.1875474,Polanco,10000.0,19.011406844106464,526.0,1,2.0,0,Amplio_Ejecutivo,BajaMarg_AltaGentrif,0.830531038273375,1.0,Alta_Accesibilidad,579.785659081492
19.3488917,-99.1629828,Coyoacán,22500.0,159.5744680851064,141.0,3,2.0,0,Amplio_Ejecutivo,BajaMarg_BajaGentrif,0.750956198657275,1.0,Media_Accesibilidad,1546.8290173660196
19.4148639,-99.176429,Condesa,70000.0,233.33333333333334,300.0,2,2.0,0,Amplio_Ejecutivo,AltaMarg_AltaGentrif,0.830531038273375,2.0,Media_Accesibilidad,725.1757598203221
19.3389648,-99.2030398,Colonia Ermita Tizapán,23500.0,75.07987220447285,313.0,2,2.0,0,Amplio_Ejecutivo,BajaMarg_AltaGentrif,0.830531038273375,1.0,Baja_Accesibilidad,1921.143418479246
19.4326,-99.1332,No Identificada,21000.0,85.02024291497976,247.0,2,2.0,0,Amplio_Ejecutivo,AltaMarg_AltaGentrif,0.830531038273375,3.0,Alta_Accesibilidad,330.46776435848415
19.2680472,-99.1576306,No Identificada,7000.0,50.0,140.0,1,2.0,0,Amplio_Ejecutivo,AltaMarg_AltaGentrif,0.830531038273375,4.0,Baja_Accesibilidad,4744.1828831193825
19.4306822,-99.2118,No Identificada,90000.0,430.622009569378,209.0,3,2.0,0,Amplio_Ejecutivo,BajaMarg_AltaGentrif,0.830531038273375,1.0,Baja_Accesibilidad,2096.924884719511
19.4148639,-99.176429,Condesa,30000.0,90.09009009009009,333.0,2,2.0,0,Amplio_Ejecutivo,AltaMarg_AltaGentrif,0.830531038273375,2.0,Media_Accesibilidad,725.1757598203221
19.372535,-99.202481,No Identificada,9000.0,40.0,225.0,1,2.0,0,Amplio_Ejecutivo,AltaMarg_AltaGentrif,0.830531038273375,2.0,Baja_Accesibilidad,1820.419755826405
19.4326,-99.1332,No Identificada,6000.0,214.28571428571428,28.0,2,2.0,0,Compacto+,AltaMarg_AltaGentrif,0.830531038273375,3.0,Alta_Accesibilidad,330.46776435848415
19.4148639,-99.176429,Condesa,63000.0,164.0625,384.0,2,2.0,0,Amplio_Ejecutivo,AltaMarg_AltaGentrif,0.830531038273375,2.0,Media_Accesibilidad,725.1757598203221
19.3728323,-99.1241703,No Identificada,15000.0,70.09345794392523,214.0,3,2.0,0,Amplio_Ejecutivo,AltaMarg_AltaGentrif,0.830531038273375,4.0,Media_Accesibilidad,1558.2846487307904
19.3668482,-99.2665457,Centro,30000.0,63.96588486140725,469.0,1,2.0,0,Amplio_Ejecutivo,BajaMarg_AltaGentrif,0.830531038273375,1.0,Baja_Accesibilidad,8108.1602250285505
19.3433669,-99.2488199,Tarango,48000.0,163.82252559726962,293.0,3,2.0,0,Amplio_Ejecutivo,BajaMarg_AltaGentrif,0.830531038273375,1.0,Baja_Accesibilidad,6373.21589729045
19.4156998,-99.2136879,Lomas De Chapultepec,20000.0,90.09009009009009,222.0,1,3.0,0,Amplio_Ejecutivo,BajaMarg_AltaGentrif,0.830531038273375,1.0,Baja_Accesibilidad,2535.156919896198
19.3581682,-99.272261,Cuajimalpa de Morelos,60000.0,189.2744479495268,317.0,1,2.0,0,Amplio_Ejecutivo,BajaMarg_BajaGentrif,0.49427437331671703,1.0,Baja_Accesibilidad,8801.23140399282
19.2683552,-99.164209,Colonia San Pedro Mártir,15000.0,120.0,125.0,1,2.0,0,Amplio_Ejecutivo,AltaMarg_AltaGentrif,0.830531038273375,5.0,Baja_Accesibilidad,4463.610188995892
19.4336714,-99.2125541,Reforma Social,23500.0,57.03883495145631,412.0,1,2.0,0,Amplio_Ejecutivo,AltaMarg_AltaGentrif,0.830531038273375,2.0,Baja_Accesibilidad,2223.8118105071117
19.3007237,-99.1729889,Colonia Isidro Fabela,29000.0,250.0,116.0,4,2.0,0,Amplio_Familiar,AltaMarg_AltaGentrif,0.830531038273375,4.0,Baja_Accesibilidad,1822.674424285917
19.4071156,-99.1906167,Miguel Hidalgo,30000.0,312.5,96.0,4,2.0,0,Familiar_Grande,BajaMarg_AltaGentrif,0.8585849060226639,1.0,Media_Accesibilidad,749.9737885794543
19.4156998,-99.2136879,Lomas De Chapultepec,54000.0,245.45454545454547,220.0,3,3.0,0,Amplio_Ejecutivo,BajaMarg_AltaGentrif,0.830531038273375,1.0,Baja_Accesibilidad,2535.156919896198
19.379995,-99.2464933,Santa Fe,16000.0,50.0,320.0,1,2.0,0,Amplio_Ejecutivo,BajaMarg_AltaGentrif,0.830531038273375,1.0,Baja_Accesibilidad,5865.336133598445
19.3789676,-99.1767299,Colonia Tlacoquemecatl,29500.0,60.950413223140494,484.0,1,2.0,0,Amplio_Ejecutivo,BajaMarg_AltaGentrif,0.830531038273375,1.0,Alta_Accesibilidad,456.0785147528058
19.3621951,-99.2869132,El Yaqui,54000.0,400.0,135.0,3,2.0,0,Amplio_Ejecutivo,BajaMarg_AltaGentrif,0.830531038273375,1.0,Baja_Accesibilidad,10196.174842386896
19.4879827,-99.1520198,San Andrés De Las Salinas,12500.0,38.940809968847354,321.0,1,2.0,0,Amplio_Ejecutivo,AltaMarg_AltaGentrif,0.830531038273375,2.0,Alta_Accesibilidad,436.2019946512838
19.4148639,-99.176429,Condesa,45200.0,67.96992481203007,665.0,2,2.0,0,Amplio_Ejecutivo,AltaMarg_AltaGentrif,0.830531038273375,2.0,Media_Accesibilidad,725.1757598203221
19.4037015,-99.1647831,Roma Sur,68000.0,350.5154639175258,194.0,4,1.5,0,Amplio_Familiar,AltaMarg_AltaGentrif,0.830531038273375,3.0,Alta_Accesibilidad,592.3253871712279
19.4268364,-99.1525797,Cuauhtémoc,23500.0,145.06172839506172,162.0,2,1.0,0,Amplio_Ejecutivo,BajaMarg_AltaGentrif,0.830531038273375,1.0,Alta_Accesibilidad,336.6926930089991
19.3915189,-99.1605769,No Identificada,24000.0,89.88764044943821,267.0,2,2.0,0,Amplio_Ejecutivo,AltaMarg_AltaGentrif,0.830531038273375,3.0,Media_Accesibilidad,765.1516391009131
19.3634367,-99.2977984,No Identificada,25000.0,115.74074074074075,216.0,3,2.0,0,Amplio_Ejecutivo,AltaMarg_AltaGentrif,0.830531038273375,2.0,Baja_Accesibilidad,11266.189719877782
19.2967111,-99.1034013,Unidad Habitacional Hueso Periférico,13000.0,40.0,325.0,1,2.0,0,Amplio_Ejecutivo,BajaMarg_AltaGentrif,0.830531038273375,1.0,Baja_Accesibilidad,2396.348304517174
19.3480666,-99.1922949,San Ángel,58000.0,200.0,290.0,3,2.0,0,Amplio_Ejecutivo,BajaMarg_AltaGentrif,0.830531038273375,1.0,Media_Accesibilidad,1007.4534018145848
19.3647512,-99.1780197,Álvaro Obregón,35000.0,162.03703703703704,216.0,3,2.0,0,Amplio_Ejecutivo,BajaMarg_BajaGentrif,0.0,1.0,Media_Accesibilidad,727.7621418506607
19.3788245,-99.160153,No Identificada,14000.0,45.01607717041801,311.0,1,2.0,0,Amplio_Ejecutivo,AltaMarg_AltaGentrif,0.830531038273375,2.0,Alta_Accesibilidad,286.5709831270787
19.2680472,-99.1576306,No Identificada,6000.0,40.0,150.0,1,2.0,0,Amplio_Ejecutivo,AltaMarg_AltaGentrif,0.830531038273375,4.0,Baja_Accesibilidad,4744.1828831193825
19.4389504,-99.1721825,No Identificada,19500.0,60.0,325.0,3,2.0,0,Amplio_Ejecutivo,AltaMarg_AltaGentrif,0.830531038273375,3.0,Media_Accesibilidad,1052.6903985303934
19.3901306,-99.1847553,Colonia San Pedro De Los Pinos,23500.0,79.93197278911565,294.0,2,2.0,0,Amplio_Ejecutivo,AltaMarg_AltaGentrif,0.830531038273375,2.0,Media_Accesibilidad,749.0061014189063
19.3581682,-99.272261,Cuajimalpa de Morelos,105000.0,259.9009900990099,404.0,3,2.0,0,Amplio_Ejecutivo,BajaMarg_BajaGentrif,0.49427437331671703,1.0,Baja_Accesibilidad,8801.23140399282
19.43353,-99.190915,Polanco,26000.0,60.046189376443415,433.0,1,2.0,0,Amplio_Ejecutivo,BajaMarg_AltaGentrif,0.830531038273375,1.0,Alta_Accesibilidad,444.2627964713553
19.3597064,-99.2255628,No Identificada,50000.0,320.5128205128205,156.0,4,2.0,0,Amplio_Familiar,AltaMarg_AltaGentrif,0.830531038273375,2.0,Baja_Accesibilidad,4041.8843899067997
19.31147,-99.1533161,Colonia Pedregal Santa Úrsula,39000.0,397.9591836734694,98.0,3,2.0,0,Familiar_Grande,AltaMarg_AltaGentrif,0.830531038273375,3.0,Baja_Accesibilidad,2559.017673661086
19.2916656,-99.1210992,No Identificada,13000.0,65.98984771573605,197.0,2,2.0,0,Amplio_Ejecutivo,AltaMarg_AltaGentrif,0.830531038273375,3.0,Baja_Accesibilidad,3233.5877792266533
19.4105801,-99.0705782,No Identificada,10000.0,28.011204481792717,357.0,1,2.0,0,Amplio_Ejecutivo,AltaMarg_AltaGentrif,0.830531038273375,2.0,Media_Accesibilidad,640.8059254188053
19.3999163,-99.1725533,Colonia San Miguel Chapultepec,6000.0,25.210084033613445,238.0,1,2.0,0,Amplio_Ejecutivo,AltaMarg_AltaGentrif,0.830531038273375,3.0,Media_Accesibilidad,836.3712817469607
19.3488917,-99.1629828,Coyoacán,55000.0,310.73446327683615,177.0,4,2.0,0,Amplio_Familiar,BajaMarg_BajaGentrif,0.750956198657275,1.0,Media_Accesibilidad,1546.8290173660196
19.4188498,-99.168697,Condesa,38000.0,107.95454545454545,352.0,3,2.0,0,Amplio_Ejecutivo,AltaMarg_AltaGentrif,0.830531038273375,2.0,Alta_Accesibilidad,401.2818678025633
19.43353,-99.190915,Polanco,27000.0,150.0,180.0,3,2.0,0,Amplio_Ejecutivo,BajaMarg_AltaGentrif,0.830531038273375,1.0,Alta_Accesibilidad,444.2627964713553
19.43353,-99.190915,Polanco,63000.0,220.27972027972027,286.0,2,2.0,0,Amplio_Ejecutivo,BajaMarg_AltaGentrif,0.830531038273375,1.0,Alta_Accesibilidad,444.2627964713553
19.43353,-99.190915,Polanco,85000.0,244.95677233429396,347.0,3,2.0,0,Amplio_Ejecutivo,BajaMarg_AltaGentrif,0.830531038273375,1.0,Alta_Accesibilidad,444.2627964713553
19.4148639,-99.176429,Condesa,39000.0,109.85915492957747,355.0,2,2.0,0,Amplio_Ejecutivo,AltaMarg_AltaGentrif,0.830531038273375,2.0,Media_Accesibilidad,725.1757598203221
19.4525317,-99.1886312,No Identificada,15000.0,46.012269938650306,326.0,2,2.0,0,Amplio_Ejecutivo,AltaMarg_AltaGentrif,0.830531038273375,2.0,Media_Accesibilidad,1362.1687975867524
19.4384393,-99.1821131,Polanco,26000.0,73.03370786516854,356.0,1,2.0,0,Amplio_Ejecutivo,AltaMarg_AltaGentrif,0.830531038273375,2.0,Media_Accesibilidad,1038.996927699575
19.3419228,-99.1838662,Colonia Fortín Chimalistac,70000.0,222.22222222222223,315.0,3,2.0,0,Amplio_Ejecutivo,BajaMarg_AltaGentrif,0.830531038273375,1.0,Alta_Accesibilidad,533.8789518255013
19.4148639,-99.176429,Condesa,40000.0,117.99410029498524,339.0,2,2.0,0,Amplio_Ejecutivo,AltaMarg_AltaGentrif,0.830531038273375,2.0,Media_Accesibilidad,725.1757598203221
19.3865976,-99.2651314,Lomas De Chamizal,16600.0,20.02412545235223,829.0,1,2.0,0,Amplio_Ejecutivo,AltaMarg_AltaGentrif,0.830531038273375,2.0,Baja_Accesibilidad,7561.408566643877
19.3662091,-99.2377905,Jalalpa,16500.0,64.96062992125984,254.0,2,2.0,0,Amplio_Ejecutivo,AltaMarg_AltaGentrif,0.830531038273375,4.0,Baja_Accesibilidad,5327.608557890513
19.4676806,-99.150083,Colonia Patrimonio Familiar,9000.0,20.0,450.0,1,2.0,0,Amplio_Ejecutivo,AltaMarg_AltaGentrif,0.830531038273375,3.0,Media_Accesibilidad,877.633824585515
19.4561462,-99.1291304,Ex Hipódromo De Peralvillo,11000.0,60.10928961748634,183.0,2,2.0,0,Amplio_Ejecutivo,AltaMarg_AltaGentrif,0.830531038273375,4.0,Alta_Accesibilidad,450.75251591562585
19.4148639,-99.176429,Condesa,55000.0,102.99625468164794,534.0,2,2.0,0,Amplio_Ejecutivo,AltaMarg_AltaGentrif,0.830531038273375,2.0,Media_Accesibilidad,725.1757598203221
19.3736353,-99.157408,Fraccionamiento Residencial Emperadores,7000.0,22.0125786163522,318.0,1,2.0,0,Amplio_Ejecutivo,AltaMarg_AltaGentrif,0.830531038273375,2.0,Alta_Accesibilidad,345.7646607948729
19.359262,-99.1633935,Colonia Xoco,30000.0,72.99270072992701,411.0,2,3.0,0,Amplio_Ejecutivo,BajaMarg_AltaGentrif,0.830531038273375,1.0,Media_Accesibilidad,1023.7957179823272
19.3050134,-99.2359523,Barranca Seca,35000.0,336.53846153846155,104.0,3,2.0,0,Amplio_Ejecutivo,AltaMarg_AltaGentrif,0.830531038273375,2.0,Baja_Accesibilidad,6042.021661960633
19.4367038,-99.1961632,Polanco,125000.0,269.97840172786175,463.0,3,2.0,0,Amplio_Ejecutivo,BajaMarg_AltaGentrif,0.830531038273375,1.0,Media_Accesibilidad,933.4959458511854
19.3846991,-99.2490513,No Identificada,30000.0,71.94244604316546,417.0,2,2.0,0,Amplio_Ejecutivo,BajaMarg_AltaGentrif,0.830531038273375,1.0,Baja_Accesibilidad,5995.4032157889305
19.3488917,-99.1629828,Coyoacán,52000.0,239.63133640552996,217.0,3,2.0,0,Amplio_Ejecutivo,BajaMarg_BajaGentrif,0.750956198657275,1.0,Media_Accesibilidad,1546.8290173660196
19.3127666,-99.2190603,Pedregal De San Ángel,50000.0,349.65034965034965,143.0,3,2.0,0,Amplio_Ejecutivo,BajaMarg_AltaGentrif,0.830531038273375,1.0,Baja_Accesibilidad,4169.218176318919
19.3535523,-99.1169501,Iztapalapa,14000.0,60.08583690987125,233.0,2,1.0,0,Amplio_Ejecutivo,BajaMarg_AltaGentrif,1.0,1.0,Media_Accesibilidad,915.7669994120106
19.4318907,-99.1949507,Polanco,150000.0,259.96533795493934,577.0,3,2.0,0,Amplio_Ejecutivo,BajaMarg_AltaGentrif,0.830531038273375,1.0,Media_Accesibilidad,691.0669490710093
19.4156998,-99.2136879,Lomas De Chapultepec,27000.0,120.0,225.0,1,3.0,0,Amplio_Ejecutivo,BajaMarg_AltaGentrif,0.830531038273375,1.0,Baja_Accesibilidad,2535.156919896198
19.4423948,-99.0921201,No Identificada,7400.0,22.981366459627328,322.0,2,2.0,0,Amplio_Ejecutivo,AltaMarg_AltaGentrif,0.830531038273375,4.0,Alta_Accesibilidad,563.4249630228795
19.4731913,-99.0976897,No Identificada,19000.0,179.24528301886792,106.0,3,2.0,0,Amplio_Ejecutivo,BajaMarg_AltaGentrif,0.830531038273375,1.0,Media_Accesibilidad,762.5497735763028
19.4600188,-99.1435613,No Identificada,11000.0,45.08196721311475,244.0,2,2.0,0,Amplio_Ejecutivo,AltaMarg_AltaGentrif,0.830531038273375,2.0,Alta_Accesibilidad,416.7997788313306
19.4073755,-99.1181774,No Identificada,9800.0,75.96899224806202,129.0,3,2.0,0,Amplio_Ejecutivo,AltaMarg_AltaGentrif,0.830531038273375,2.0,Alta_Accesibilidad,435.88317124362857
19.3014378,-99.1168782,No Identificada,13000.0,40.0,325.0,2,2.0,0,Amplio_Ejecutivo,BajaMarg_AltaGentrif,0.830531038273375,1.0,Baja_Accesibilidad,2320.310766280884
19.2343739,-99.1730815,Magdalena Petlacalco,10000.0,80.0,125.0,1,2.0,0,Amplio_Ejecutivo,AltaMarg_AltaGentrif,0.830531038273375,4.0,Baja_Accesibilidad,8059.385297628147
19.43353,-99.190915,Polanco,68000.0,340.0,200.0,3,2.0,0,Amplio_Ejecutivo,BajaMarg_AltaGentrif,0.830531038273375,1.0,Alta_Accesibilidad,444.2627964713553
19.4092659,-99.1795821,Condesa,37000.0,106.9364161849711,346.0,2,2.0,0,Amplio_Ejecutivo,BajaMarg_AltaGentrif,0.830531038273375,1.0,Alta_Accesibilidad,549.783015560299
19.3405695,-99.2266279,Colonia Segunda Del Moral,22000.0,100.0,220.0,2,2.0,0,Amplio_Ejecutivo,AltaMarg_AltaGentrif,0.830531038273375,3.0,Baja_Accesibilidad,4195.499995700084
19.3281355,-99.1343458,Colonia Avante,31000.0,206.66666666666666,150.0,3,2.0,0,Amplio_Ejecutivo,BajaMarg_AltaGentrif,0.830531038273375,1.0,Baja_Accesibilidad,1826.9508395236132
19.3142231,-99.1445514,Colonia Textitlán 222,7500.0,30.0,250.0,1,2.0,0,Amplio_Ejecutivo,AltaMarg_AltaGentrif,0.830531038273375,4.0,Baja_Accesibilidad,3014.954184124761
19.3570924,-99.283572,No Identificada,35000.0,115.13157894736842,304.0,2,2.0,0,Amplio_Ejecutivo,BajaMarg_AltaGentrif,0.830531038273375,1.0,Baja_Accesibilidad,9930.773622081151
19.4148639,-99.176429,Condesa,12500.0,36.023054755043226,347.0,1,2.0,0,Amplio_Ejecutivo,AltaMarg_AltaGentrif,0.830531038273375,2.0,Media_Accesibilidad,725.1757598203221
19.389455,-99.1894913,No Identificada,18000.0,64.05693950177935,281.0,3,2.0,0,Amplio_Ejecutivo,BajaMarg_AltaGentrif,0.830531038273375,1.0,Media_Accesibilidad,935.5207497801175
19.3919332,-99.1628933,No Identificada,36000.0,150.0,240.0,2,2.0,0,Amplio_Ejecutivo,AltaMarg_AltaGentrif,0.830531038273375,2.0,Media_Accesibilidad,929.4096806091984
19.3760816,-99.1550215,Colonia Letrán Valle,10000.0,23.980815347721823,417.0,1,2.0,0,Amplio_Ejecutivo,BajaMarg_AltaGentrif,0.830531038273375,1.0,Alta_Accesibilidad,590.3482051921285
19.3997047,-99.1248161,Colonia Nueva Santa Anita,15000.0,60.0,250.0,2,2.0,0,Amplio_Ejecutivo,AltaMarg_AltaGentrif,0.830531038273375,2.0,Alta_Accesibilidad,519.2512306978924
19.4148639,-99.176429,Condesa,10000.0,30.959752321981423,323.0,1,2.0,0,Amplio_Ejecutivo,AltaMarg_AltaGentrif,0.830531038273375,2.0,Media_Accesibilidad,725.1757598203221
19.3585922,-99.1634845,Coyoacán,29000.0,90.06211180124224,322.0,2,2.0,0,Amplio_Ejecutivo,BajaMarg_BajaGentrif,0.750956198657275,1.0,Media_Accesibilidad,1067.1738609715171
19.3915426,-99.1746948,No Identificada,8000.0,27.027027027027028,296.0,1,2.0,0,Amplio_Ejecutivo,AltaMarg_AltaGentrif,0.830531038273375,2.0,Media_Accesibilidad,1054.6370183301128
19.391616,-99.1513127,Narvarte,35000.0,259.25925925925924,135.0,3,2.0,0,Amplio_Ejecutivo,AltaMarg_AltaGentrif,0.830531038273375,2.0,Alta_Accesibilidad,577.1936021293986
19.4148639,-99.176429,Condesa,60000.0,116.95906432748538,513.0,3,2.0,0,Amplio_Ejecutivo,AltaMarg_AltaGentrif,0.830531038273375,2.0,Media_Accesibilidad,725.1757598203221
19.3909404,-99.1566535,Colonia Narvarte Poniente,10800.0,26.02409638554217,415.0,1,2.0,0,Amplio_Ejecutivo,AltaMarg_AltaGentrif,0.830531038273375,3.0,Alta_Accesibilidad,496.9548588571497
19.4148639,-99.176429,Condesa,42800.0,103.13253012048193,415.0,3,2.0,0,Amplio_Ejecutivo,AltaMarg_AltaGentrif,0.830531038273375,2.0,Media_Accesibilidad,725.1757598203221
19.4326,-99.1332,No Identificada,16500.0,52.05047318611987,317.0,2,2.0,0,Amplio_Ejecutivo,AltaMarg_AltaGentrif,0.830531038273375,3.0,Alta_Accesibilidad,330.46776435848415
19.3771699,-99.2597597,No Identificada,52000.0,137.93103448275863,377.0,3,2.0,0,Amplio_Ejecutivo,AltaMarg_AltaGentrif,0.830531038273375,2.0,Baja_Accesibilidad,7270.714476773741
19.3844235,-99.1456431,Colonia Josefa Ortiz De Domínguez,18000.0,75.0,240.0,2,2.0,0,Amplio_Ejecutivo,AltaMarg_AltaGentrif,0.830531038273375,3.0,Media_Accesibilidad,781.5917331107174
19.4326,-99.1332,No Identificada,12000.0,60.91370558375635,197.0,2,2.0,0,Amplio_Ejecutivo,AltaMarg_AltaGentrif,0.830531038273375,3.0,Alta_Accesibilidad,330.46776435848415
19.4326,-99.1332,No Identificada,16000.0,75.82938388625593,211.0,3,2.0,0,Amplio_Ejecutivo,AltaMarg_AltaGentrif,0.830531038273375,3.0,Alta_Accesibilidad,330.46776435848415
19.4326,-99.1332,No Identificada,13000.0,60.18518518518518,216.0,1,2.0,0,Amplio_Ejecutivo,AltaMarg_AltaGentrif,0.830531038273375,3.0,Alta_Accesibilidad,330.46776435848415
19.3597478,-99.1413421,No Identificada,14500.0,63.87665198237885,227.0,2,2.0,0,Amplio_Ejecutivo,BajaMarg_AltaGentrif,0.830531038273375,1.0,Media_Accesibilidad,849.642464445585
19.3177076,-99.2235278,Colonia San Jerónimo Aculco,45000.0,279.5031055900621,161.0,3,2.0,0,Amplio_Ejecutivo,AltaMarg_AltaGentrif,0.830531038273375,2.0,Baja_Accesibilidad,4549.863004364015
19.3887608,-99.0824629,Colonia Real Del Moral,40000.0,298.5074626865672,134.0,5,2.0,0,Amplio_Familiar,BajaMarg_AltaGentrif,0.830531038273375,1.0,Media_Accesibilidad,1440.7216862868966
19.3443673,-99.1924473,San Ángel,80000.0,500.0,160.0,4,2.0,0,Amplio_Familiar,BajaMarg_AltaGentrif,0.830531038273375,1.0,Media_Accesibilidad,952.5726887474532
19.3366039,-99.1713899,No Identificada,13000.0,112.06896551724138,116.0,3,2.0,0,Amplio_Ejecutivo,AltaMarg_AltaGentrif,0.830531038273375,4.0,Media_Accesibilidad,1093.8926213503412
19.4710761,-99.1494857,Colonia Aldama,13000.0,75.14450867052022,173.0,2,2.0,0,Amplio_Ejecutivo,AltaMarg_AltaGentrif,0.830531038273375,5.0,Media_Accesibilidad,731.7613812727884
19.3301222,-99.212149,San Jerónimo Aculco-Lídice,40000.0,239.52095808383234,167.0,1,2.0,0,Amplio_Ejecutivo,AltaMarg_AltaGentrif,0.830531038273375,2.0,Baja_Accesibilidad,3126.868991301818
19.4435904,-99.2024692,Ampliación Granada,36000.0,75.0,480.0,1,2.0,0,Amplio_Ejecutivo,BajaMarg_AltaGentrif,0.830531038273375,1.0,Media_Accesibilidad,1531.7588280651214
19.3581682,-99.272261,Cuajimalpa de Morelos,50000.0,97.0873786407767,515.0,2,2.0,0,Amplio_Ejecutivo,BajaMarg_BajaGentrif,0.49427437331671703,1.0,Baja_Accesibilidad,8801.23140399282
19.4148639,-99.176429,Condesa,21000.0,40.0,525.0,1,2.0,0,Amplio_Ejecutivo,AltaMarg_AltaGentrif,0.830531038273375,2.0,Media_Accesibilidad,725.1757598203221
19.3629245,-99.2653191,Cuajimalpa de Morelos,24000.0,45.0281425891182,533.0,1,2.0,0,Amplio_Ejecutivo,BajaMarg_BajaGentrif,0.49427437331671703,1.0,Baja_Accesibilidad,8063.374569163014
19.3080267,-99.1707619,No Identificada,18000.0,180.0,100.0,3,2.0,0,Familiar_Grande,BajaMarg_AltaGentrif,0.830531038273375,1.0,Media_Accesibilidad,1502.952832185399
19.3597064,-99.2255628,No Identificada,8000.0,29.9625468164794,267.0,1,2.0,0,Amplio_Ejecutivo,AltaMarg_AltaGentrif,0.830531038273375,2.0,Baja_Accesibilidad,4041.8843899067997
19.4148639,-99.176429,Condesa,11000.0,24.017467248908297,458.0,1,2.0,0,Amplio_Ejecutivo,AltaMarg_AltaGentrif,0.830531038273375,2.0,Media_Accesibilidad,725.1757598203221
19.43238,-99.1955821,Polanco,130000.0,380.1169590643275,342.0,3,2.0,0,Amplio_Ejecutivo,BajaMarg_AltaGentrif,0.830531038273375,1.0,Media_Accesibilidad,742.5186734427964
19.3762208,-99.1937777,No Identificada,12000.0,25.0,480.0,1,2.0,0,Amplio_Ejecutivo,AltaMarg_AltaGentrif,0.830531038273375,3.0,Media_Accesibilidad,923.1234286087074
19.4136465,-99.1064557,No Identificada,12500.0,77.1604938271605,162.0,2,2.0,0,Amplio_Ejecutivo,AltaMarg_AltaGentrif,0.830531038273375,2.0,Alta_Accesibilidad,547.8847433250673
19.3966883,-99.1346276,No Identificada,10500.0,50.0,210.0,2,2.0,0,Amplio_Ejecutivo,AltaMarg_AltaGentrif,0.830531038273375,3.0,Alta_Accesibilidad,499.85802985303815
19.3580045,-99.2031498,Las Águilas,40000.0,300.7518796992481,133.0,3,2.0,0,Amplio_Ejecutivo,AltaMarg_AltaGentrif,0.830531038273375,2.0,Baja_Accesibilidad,1839.8081992683453
19.3301222,-99.212149,San Jerónimo Aculco-Lídice,14200.0,72.08121827411168,197.0,4,2.0,0,Amplio_Familiar,AltaMarg_AltaGentrif,0.830531038273375,2.0,Baja_Accesibilidad,3126.868991301818
19.4454955,-99.1690527,Anahuác 2ª Sección,16000.0,80.0,200.0,2,2.0,0,Amplio_Ejecutivo,BajaMarg_AltaGentrif,0.830531038273375,1.0,Media_Accesibilidad,851.6548445785547
19.3829715,-99.1800979,Del Valle,39900.0,359.4594594594595,111.0,3,2.0,0,Amplio_Ejecutivo,BajaMarg_AltaGentrif,0.830531038273375,1.0,Media_Accesibilidad,668.2604411364171
19.4156998,-99.2136879,Lomas De Chapultepec,33000.0,110.0,300.0,2,3.0,0,Amplio_Ejecutivo,BajaMarg_AltaGentrif,0.830531038273375,1.0,Baja_Accesibilidad,2535.156919896198
19.3865976,-99.2651314,Lomas De Chamizal,14500.0,45.03105590062112,322.0,1,2.0,0,Amplio_Ejecutivo,AltaMarg_AltaGentrif,0.830531038273375,2.0,Baja_Accesibilidad,7561.408566643877
19.43353,-99.190915,Polanco,100000.0,289.01734104046244,346.0,3,2.0,0,Amplio_Ejecutivo,BajaMarg_AltaGentrif,0.830531038273375,1.0,Alta_Accesibilidad,444.2627964713553
19.3997047,-99.1248161,Colonia Viaducto Piedad,15000.0,78.125,192.0,2,2.0,0,Amplio_Ejecutivo,AltaMarg_AltaGentrif,0.830531038273375,2.0,Alta_Accesibilidad,519.2512306978924
19.2478832,-99.1161164,Colonia Canal 11,23000.0,147.43589743589743,156.0,3,2.0,0,Amplio_Ejecutivo,AltaMarg_AltaGentrif,0.830531038273375,2.0,Baja_Accesibilidad,6747.082739606018
19.3580045,-99.2031498,Las Águilas,25000.0,85.91065292096219,291.0,2,2.0,0,Amplio_Ejecutivo,AltaMarg_AltaGentrif,0.830531038273375,2.0,Baja_Accesibilidad,1839.8081992683453
19.3683696,-99.2437213,Jalalpa,25900.0,79.93827160493827,324.0,1,2.0,0,Amplio_Ejecutivo,AltaMarg_AltaGentrif,0.830531038273375,5.0,Baja_Accesibilidad,5893.359974495528
19.3753622,-99.2621617,Paseo De Las Lomas,35000.0,119.86301369863014,292.0,3,2.0,0,Amplio_Ejecutivo,BajaMarg_AltaGentrif,0.830531038273375,1.0,Baja_Accesibilidad,7561.075884512395
19.2630303,-99.1811445,No Identificada,7500.0,70.09345794392523,107.0,1,2.0,0,Amplio_Ejecutivo,AltaMarg_AltaGentrif,0.830531038273375,2.0,Baja_Accesibilidad,5006.690927534724
19.2810876,-99.1378983,Colonia San Juan Tepepan,14000.0,60.08583690987125,233.0,2,2.0,0,Amplio_Ejecutivo,AltaMarg_AltaGentrif,0.830531038273375,4.0,Baja_Accesibilidad,4613.970731723006
19.3041152,-99.1532138,Ex-Ejido De Santa Úrsula Coapa,25000.0,126.26262626262626,198.0,3,2.0,0,Amplio_Ejecutivo,BajaMarg_AltaGentrif,0.830531038273375,1.0,Baja_Accesibilidad,2797.645308106081
19.4704063,-99.1903983,Barrio San Lucas,39500.0,263.3333333333333,150.0,3,2.0,0,Amplio_Ejecutivo,AltaMarg_AltaGentrif,0.830531038273375,2.0,Media_Accesibilidad,1366.7464008354689
19.453018,-99.1594428,No Identificada,27000.0,84.90566037735849,318.0,1,2.0,0,Amplio_Ejecutivo,AltaMarg_AltaGentrif,0.830531038273375,4.0,Media_Accesibilidad,1235.147875679961
19.4776939,-99.175617,No Identificada,11000.0,56.994818652849744,193.0,2,2.0,0,Amplio_Ejecutivo,AltaMarg_AltaGentrif,0.830531038273375,2.0,Media_Accesibilidad,1600.7924632882266
19.3335562,-99.2391085,No Identificada,25000.0,85.91065292096219,291.0,2,2.0,0,Amplio_Ejecutivo,BajaMarg_AltaGentrif,0.830531038273375,1.0,Baja_Accesibilidad,5626.062805786854
19.3443673,-99.1924473,San Ángel,29000.0,109.84848484848484,264.0,3,2.0,0,Amplio_Ejecutivo,BajaMarg_AltaGentrif,0.830531038273375,1.0,Media_Accesibilidad,952.5726887474532
19.3580045,-99.2031498,Las Águilas,12500.0,65.10416666666667,192.0,2,2.0,0,Amplio_Ejecutivo,AltaMarg_AltaGentrif,0.830531038273375,2.0,Baja_Accesibilidad,1839.8081992683453
19.2708201,-99.1480121,Colonia Valle Tepepan,17000.0,89.94708994708995,189.0,2,2.0,0,Amplio_Ejecutivo,AltaMarg_AltaGentrif,0.830531038273375,3.0,Baja_Accesibilidad,5009.022087259927
19.4448459,-99.2025779,Ampliación Granada,30000.0,69.93006993006993,429.0,1,2.0,0,Amplio_Ejecutivo,BajaMarg_AltaGentrif,0.830531038273375,1.0,Media_Accesibilidad,1579.478520699363
19.4604837,-99.1849631,No Identificada,5000.0,21.008403361344538,238.0,1,2.0,0,Amplio_Ejecutivo,AltaMarg_AltaGentrif,0.830531038273375,2.0,Media_Accesibilidad,1396.2254441171783
19.4369782,-99.1533294,Tabacalera,29000.0,64.0176600441501,453.0,1,2.0,0,Amplio_Ejecutivo,BajaMarg_AltaGentrif,0.830531038273375,1.0,Alta_Accesibilidad,219.50231098563827
19.3605927,-99.2699739,Cuajimalpa de Morelos,65000.0,275.4237288135593,236.0,3,2.0,0,Amplio_Ejecutivo,BajaMarg_BajaGentrif,0.49427437331671703,1.0,Baja_Accesibilidad,8563.639322434428
19.4148639,-99.176429,Condesa,56000.0,110.0196463654224,509.0,2,2.0,0,Amplio_Ejecutivo,AltaMarg_AltaGentrif,0.830531038273375,2.0,Media_Accesibilidad,725.1757598203221
19.2785599,-99.237508,No Identificada,12500.0,100.0,125.0,3,2.0,0,Amplio_Ejecutivo,AltaMarg_AltaGentrif,0.830531038273375,4.0,Baja_Accesibilidad,7196.664178560232
19.4306822,-99.2118,No Identificada,33000.0,89.9182561307902,367.0,1,2.0,0,Amplio_Ejecutivo,BajaMarg_AltaGentrif,0.830531038273375,1.0,Baja_Accesibilidad,2096.924884719511
19.43353,-99.190915,Polanco,5900.0,178.78787878787878,33.0,3,2.0,0,Compacto+,BajaMarg_AltaGentrif,0.830531038273375,1.0,Alta_Accesibilidad,444.2627964713553
19.43353,-99.190915,Polanco,142000.0,431.6109422492401,329.0,1,2.0,0,Amplio_Ejecutivo,BajaMarg_AltaGentrif,0.830531038273375,1.0,Alta_Accesibilidad,444.2627964713553
19.3002933,-99.1746948,No Identificada,29900.0,290.29126213592235,103.0,5,2.0,0,Amplio_Familiar,AltaMarg_AltaGentrif,0.830531038273375,3.0,Baja_Accesibilidad,1803.601767741341
19.2962937,-99.1742295,No Identificada,5700.0,19.0,300.0,1,2.0,0,Amplio_Ejecutivo,AltaMarg_AltaGentrif,0.830531038273375,2.0,Baja_Accesibilidad,1995.8408814514542
19.4316987,-99.1907382,Polanco,130000.0,370.3703703703704,351.0,3,2.0,0,Amplio_Ejecutivo,BajaMarg_AltaGentrif,0.830531038273375,1.0,Alta_Accesibilidad,505.1038791275371
19.4379566,-99.2027663,Polanco,5900.0,178.78787878787878,33.0,3,2.0,0,Compacto+,BajaMarg_AltaGentrif,0.830531038273375,1.0,Media_Accesibilidad,1453.1647541399145
19.4148639,-99.176429,Condesa,75000.0,228.65853658536585,328.0,2,2.0,0,Amplio_Ejecutivo,AltaMarg_AltaGentrif,0.830531038273375,2.0,Media_Accesibilidad,725.1757598203221
19.3442896,-99.2827876,Colonia San Mateo Tlaltenango,24000.0,220.1834862385321,109.0,3,2.0,0,Amplio_Ejecutivo,AltaMarg_AltaGentrif,0.830531038273375,4.0,Baja_Accesibilidad,9873.600428893182
19.3301222,-99.212149,San Jerónimo Aculco-Lídice,25000.0,200.0,125.0,2,2.0,0,Amplio_Ejecutivo,AltaMarg_AltaGentrif,0.830531038273375,2.0,Baja_Accesibilidad,3126.868991301818
19.3442896,-99.2827876,Colonia San Mateo Tlaltenango,26000.0,250.0,104.0,3,2.0,0,Amplio_Ejecutivo,AltaMarg_AltaGentrif,0.830531038273375,4.0,Baja_Accesibilidad,9873.600428893182
19.3596057,-99.1706106,Coyoacán,41000.0,242.60355029585799,169.0,3,2.0,0,Amplio_Ejecutivo,BajaMarg_BajaGentrif,0.750956198657275,1.0,Media_Accesibilidad,754.6355924189098
19.3664696,-99.1135489,No Identificada,4500.0,34.883720930232556,129.0,1,2.0,0,Amplio_Ejecutivo,AltaMarg_AltaGentrif,0.830531038273375,3.0,Media_Accesibilidad,708.7508860291446
19.4557464,-99.2098733,No Identificada,16000.0,57.971014492753625,276.0,2,2.0,0,Amplio_Ejecutivo,AltaMarg_AltaGentrif,0.830531038273375,3.0,Baja_Accesibilidad,1986.3660721977835
19.3305773,-99.1579449,Colonia Monserrat Universidad,13000.0,59.90783410138249,217.0,2,2.0,0,Amplio_Ejecutivo,AltaMarg_AltaGentrif,0.830531038273375,3.0,Baja_Accesibilidad,1973.509823767095
19.4156998,-99.2136879,Lomas De Chapultepec,98000.0,420.6008583690987,233.0,3,3.0,0,Amplio_Ejecutivo,BajaMarg_AltaGentrif,0.830531038273375,1.0,Baja_Accesibilidad,2535.156919896198
19.4148639,-99.176429,Condesa,38000.0,190.0,200.0,3,2.0,0,Amplio_Ejecutivo,AltaMarg_AltaGentrif,0.830531038273375,2.0,Media_Accesibilidad,725.1757598203221
19.3856058,-99.1583808,Colonia Narvarte Poniente,22000.0,90.1639344262295,244.0,2,2.0,0,Amplio_Ejecutivo,AltaMarg_AltaGentrif,0.830531038273375,2.0,Alta_Accesibilidad,337.4588180223882
19.453018,-99.1594428,No Identificada,36000.0,82.00455580865604,439.0,1,2.0,0,Amplio_Ejecutivo,AltaMarg_AltaGentrif,0.830531038273375,4.0,Media_Accesibilidad,1235.147875679961
19.4512424,-99.2194033,Periodista,17400.0,39.01345291479821,446.0,1,2.0,0,Amplio_Ejecutivo,BajaMarg_AltaGentrif,0.830531038273375,1.0,Baja_Accesibilidad,2301.245763297775
19.4361854,-99.2098077,Polanco,48000.0,220.1834862385321,218.0,3,2.0,0,Amplio_Ejecutivo,BajaMarg_AltaGentrif,0.830531038273375,1.0,Baja_Accesibilidad,2006.4652549623893
19.365447,-99.2873532,San José De Los Cedros,44000.0,162.96296296296296,270.0,3,2.0,0,Amplio_Ejecutivo,AltaMarg_AltaGentrif,0.830531038273375,3.0,Baja_Accesibilidad,10187.661251927699
19.400007,-99.1323222,No Identificada,14500.0,68.07511737089202,213.0,2,2.0,0,Amplio_Ejecutivo,AltaMarg_AltaGentrif,0.830531038273375,3.0,Alta_Accesibilidad,624.3047372680369
19.3580045,-99.2031498,Las Águilas,22000.0,74.07407407407408,297.0,2,2.0,0,Amplio_Ejecutivo,AltaMarg_AltaGentrif,0.830531038273375,2.0,Baja_Accesibilidad,1839.8081992683453
19.3331029,-99.1265582,Colonia Ampliación San Francisco Culhuacán,50000.0,247.52475247524754,202.0,4,2.0,0,Amplio_Familiar,BajaMarg_AltaGentrif,0.830531038273375,1.0,Media_Accesibilidad,1446.806566928712
19.4148639,-99.176429,Condesa,32000.0,89.88764044943821,356.0,2,2.0,0,Amplio_Ejecutivo,AltaMarg_AltaGentrif,0.830531038273375,2.0,Media_Accesibilidad,725.1757598203221
19.3375801,-99.2448956,Olivar De Los Padres,37200.0,210.16949152542372,177.0,2,3.0,0,Amplio_Ejecutivo,AltaMarg_AltaGentrif,0.830531038273375,2.0,Baja_Accesibilidad,6080.981710136541
19.3574168,-99.3000541,Cuajimalpa de Morelos,27000.0,75.0,360.0,2,2.0,0,Amplio_Ejecutivo,AltaMarg_BajaGentrif,0.49427437331671703,3.0,Baja_Accesibilidad,11558.21036530336
19.3581682,-99.272261,Cuajimalpa de Morelos,27000.0,111.11111111111111,243.0,2,2.0,0,Amplio_Ejecutivo,BajaMarg_BajaGentrif,0.49427437331671703,1.0,Baja_Accesibilidad,8801.23140399282
19.3548006,-99.2927146,Locaxco,19000.0,53.97727272727273,352.0,2,2.0,0,Amplio_Ejecutivo,AltaMarg_AltaGentrif,0.830531038273375,3.0,Baja_Accesibilidad,10865.2931523771
19.365447,-99.2873532,San José De Los Cedros,37000.0,145.09803921568627,255.0,2,2.0,0,Amplio_Ejecutivo,AltaMarg_AltaGentrif,0.830531038273375,3.0,Baja_Accesibilidad,10187.661251927699
19.3443673,-99.1924473,San Ángel,10000.0,30.959752321981423,323.0,1,2.0,0,Amplio_Ejecutivo,BajaMarg_AltaGentrif,0.830531038273375,1.0,Media_Accesibilidad,952.5726887474532
19.386333,-99.1750493,No Identificada,27500.0,96.15384615384616,286.0,2,2.0,0,Amplio_Ejecutivo,BajaMarg_AltaGentrif,0.830531038273375,1.0,Media_Accesibilidad,928.0805155841986
19.4537412,-99.1553027,No Identificada,17000.0,60.07067137809187,283.0,2,2.0,0,Amplio_Ejecutivo,AltaMarg_AltaGentrif,0.830531038273375,4.0,Media_Accesibilidad,1014.1087630247234
19.4326,-99.1332,No Identificada,36800.0,56.012176560121766,657.0,1,2.0,0,Amplio_Ejecutivo,AltaMarg_AltaGentrif,0.830531038273375,3.0,Alta_Accesibilidad,330.46776435848415
19.4306822,-99.2118,No Identificada,70000.0,197.18309859154928,355.0,2,2.0,0,Amplio_Ejecutivo,BajaMarg_AltaGentrif,0.830531038273375,1.0,Baja_Accesibilidad,2096.924884719511
19.386333,-99.1750493,No Identificada,12500.0,33.96739130434783,368.0,1,2.0,0,Amplio_Ejecutivo,BajaMarg_AltaGentrif,0.830531038273375,1.0,Media_Accesibilidad,928.0805155841986
19.4319826,-99.1973998,Polanco,75000.0,150.0,500.0,2,2.0,0,Amplio_Ejecutivo,BajaMarg_AltaGentrif,0.830531038273375,1.0,Media_Accesibilidad,845.9917921219286
19.4326,-99.1332,No Identificada,53000.0,180.2721088435374,294.0,3,2.0,0,Amplio_Ejecutivo,AltaMarg_AltaGentrif,0.830531038273375,3.0,Alta_Accesibilidad,330.46776435848415
19.4148639,-99.176429,Condesa,38000.0,138.1818181818182,275.0,2,2.0,0,Amplio_Ejecutivo,AltaMarg_AltaGentrif,0.830531038273375,2.0,Media_Accesibilidad,725.1757598203221
19.43353,-99.190915,Polanco,85000.0,277.77777777777777,306.0,3,2.0,0,Amplio_Ejecutivo,BajaMarg_AltaGentrif,0.830531038273375,1.0,Alta_Accesibilidad,444.2627964713553
19.3370172,-99.160824,Coyoacán,18100.0,80.08849557522124,226.0,2,2.0,0,Amplio_Ejecutivo,AltaMarg_BajaGentrif,0.750956198657275,3.0,Baja_Accesibilidad,1914.3014623359013
19.3540154,-99.1898968,No Identificada,18000.0,37.03703703703704,486.0,1,2.0,0,Amplio_Ejecutivo,BajaMarg_AltaGentrif,0.830531038273375,1.0,Media_Accesibilidad,825.5844655209623
19.4096579,-99.1905836,No Identificada,15000.0,37.9746835443038,395.0,1,2.0,0,Amplio_Ejecutivo,AltaMarg_AltaGentrif,0.830531038273375,2.0,Alta_Accesibilidad,601.302557108881
19.2977957,-99.2130586,No Identificada,7000.0,26.022304832713754,269.0,1,2.0,0,Amplio_Ejecutivo,AltaMarg_AltaGentrif,0.830531038273375,3.0,Baja_Accesibilidad,3986.1128638094724
19.5311631,-99.1536982,No Identificada,7800.0,20.0,390.0,1,2.0,0,Amplio_Ejecutivo,AltaMarg_AltaGentrif,0.830531038273375,2.0,Baja_Accesibilidad,2737.0479211343786
19.3533643,-99.1031414,Colonia Santa Isabel Industrial,40000.0,189.5734597156398,211.0,2,2.0,0,Amplio_Ejecutivo,AltaMarg_AltaGentrif,0.830531038273375,3.0,Media_Accesibilidad,783.8631348810848
19.4338141,-99.1859666,Polanco,135000.0,239.78685612788632,563.0,3,2.0,0,Amplio_Ejecutivo,BajaMarg_AltaGentrif,0.830531038273375,1.0,Media_Accesibilidad,641.3750887045292
19.4565452,-99.1183913,No Identificada,12700.0,55.947136563876654,227.0,2,2.0,0,Amplio_Ejecutivo,AltaMarg_AltaGentrif,0.830531038273375,3.0,Media_Accesibilidad,658.9235130141226
19.2599747,-99.1735605,Colonia Mirador Del Valle,50000.0,400.0,125.0,4,2.0,0,Amplio_Familiar,AltaMarg_AltaGentrif,0.830531038273375,5.0,Baja_Accesibilidad,5246.794226392306
19.4641375,-99.1557868,Colonia Del Gas,18000.0,72.0,250.0,2,2.0,0,Amplio_Ejecutivo,AltaMarg_AltaGentrif,0.830531038273375,2.0,Media_Accesibilidad,1354.6661609402925
19.43353,-99.190915,Polanco,16600.0,34.01639344262295,488.0,1,2.0,0,Amplio_Ejecutivo,BajaMarg_AltaGentrif,0.830531038273375,1.0,Alta_Accesibilidad,444.2627964713553
19.3829715,-99.1800979,Del Valle,38000.0,119.87381703470031,317.0,3,2.0,0,Amplio_Ejecutivo,BajaMarg_AltaGentrif,0.830531038273375,1.0,Media_Accesibilidad,668.2604411364171
19.4156998,-99.2136879,Lomas De Chapultepec,20800.0,48.03695150115473,433.0,1,3.0,0,Amplio_Ejecutivo,BajaMarg_AltaGentrif,0.830531038273375,1.0,Baja_Accesibilidad,2535.156919896198
19.3631076,-99.2926531,Jesús Del Monte,32000.0,326.53061224489795,98.0,4,2.0,0,Familiar_Grande,AltaMarg_AltaGentrif,0.830531038273375,3.0,Baja_Accesibilidad,10754.150094169858
19.3829715,-99.1800979,Del Valle,26900.0,75.98870056497175,354.0,2,2.0,0,Amplio_Ejecutivo,BajaMarg_AltaGentrif,0.830531038273375,1.0,Media_Accesibilidad,668.2604411364171
19.3339285,-99.2544511,San Bartolo Ameyalco,63000.0,253.0120481927711,249.0,3,2.0,0,Amplio_Ejecutivo,BajaMarg_AltaGentrif,0.830531038273375,1.0,Baja_Accesibilidad,7133.171503690515
19.2827821,-99.1903795,Colonia El Capulín,21000.0,179.48717948717947,117.0,3,2.0,0,Amplio_Ejecutivo,AltaMarg_AltaGentrif,0.830531038273375,4.0,Baja_Accesibilidad,3430.3960263617
19.3080267,-99.1707619,Rinconada De Los Continentes 3A Sección,25000.0,179.85611510791367,139.0,3,2.0,0,Amplio_Ejecutivo,BajaMarg_AltaGentrif,0.830531038273375,1.0,Media_Accesibilidad,1502.952832185399
19.4807343,-99.1898667,Colonia San Francisco,40000.0,275.86206896551727,145.0,3,2.0,0,Amplio_Ejecutivo,AltaMarg_AltaGentrif,0.830531038273375,3.0,Media_Accesibilidad,914.7982967308767
19.3832692,-99.0754457,Colonia Cuchillas Del Moral Ii Y Iii,25000.0,265.9574468085106,94.0,5,2.0,0,Familiar_Grande,AltaMarg_AltaGentrif,0.830531038273375,5.0,Baja_Accesibilidad,1790.5217171270128
19.4319826,-99.1973998,Polanco,104000.0,222.22222222222223,468.0,3,2.0,0,Amplio_Ejecutivo,BajaMarg_AltaGentrif,0.830531038273375,1.0,Media_Accesibilidad,845.9917921219286
19.3829715,-99.1800979,Del Valle,21000.0,75.0,280.0,2,2.0,0,Amplio_Ejecutivo,BajaMarg_AltaGentrif,0.830531038273375,1.0,Media_Accesibilidad,668.2604411364171
19.3782606,-99.2493727,Colonia Vasco De Quiroga,12500.0,50.0,250.0,2,2.0,0,Amplio_Ejecutivo,BajaMarg_AltaGentrif,0.830531038273375,1.0,Baja_Accesibilidad,6205.895569293951
19.3375801,-99.2448956,Olivar De Los Padres,17500.0,75.10729613733906,233.0,2,3.0,0,Amplio_Ejecutivo,AltaMarg_AltaGentrif,0.830531038273375,2.0,Baja_Accesibilidad,6080.981710136541
19.4326,-99.1332,No Identificada,17000.0,77.98165137614679,218.0,3,2.0,0,Amplio_Ejecutivo,AltaMarg_AltaGentrif,0.830531038273375,3.0,Alta_Accesibilidad,330.46776435848415
19.4105801,-99.0705782,No Identificada,10000.0,72.99270072992701,137.0,2,2.0,0,Amplio_Ejecutivo,AltaMarg_AltaGentrif,0.830531038273375,2.0,Media_Accesibilidad,640.8059254188053
19.3894805,-99.2651483,No Identificada,19500.0,79.91803278688525,244.0,2,2.0,0,Amplio_Ejecutivo,AltaMarg_AltaGentrif,0.830531038273375,2.0,Baja_Accesibilidad,7496.483567336979
19.3034693,-99.16528,No Identificada,39000.0,109.85915492957747,355.0,3,2.0,0,Amplio_Ejecutivo,AltaMarg_AltaGentrif,0.830531038273375,2.0,Baja_Accesibilidad,1990.3708377422724
19.4252524,-99.0613255,No Identificada,10000.0,52.91005291005291,189.0,2,2.0,0,Amplio_Ejecutivo,AltaMarg_AltaGentrif,0.830531038273375,4.0,Media_Accesibilidad,1271.6918783668573
19.4179402,-99.149146,No Identificada,25000.0,100.0,250.0,2,2.0,0,Amplio_Ejecutivo,AltaMarg_AltaGentrif,0.830531038273375,3.0,Alta_Accesibilidad,339.92929530427494
19.3782606,-99.2493727,Colonia Vasco De Quiroga,15800.0,55.05226480836237,287.0,2,2.0,0,Amplio_Ejecutivo,BajaMarg_AltaGentrif,0.830531038273375,1.0,Baja_Accesibilidad,6205.895569293951
19.359262,-99.1633935,Colonia Xoco,31000.0,66.95464362850971,463.0,2,3.0,0,Amplio_Ejecutivo,BajaMarg_AltaGentrif,0.830531038273375,1.0,Media_Accesibilidad,1023.7957179823272
19.3189488,-99.1384416,Tlalpan,16500.0,90.1639344262295,183.0,2,2.0,0,Amplio_Ejecutivo,AltaMarg_BajaGentrif,0.3919311241687132,2.0,Baja_Accesibilidad,2566.455195579043
19.2824093,-99.1197521,Colonia San Lorenzo La Cebada,10000.0,50.0,200.0,2,2.0,0,Amplio_Ejecutivo,AltaMarg_AltaGentrif,0.830531038273375,4.0,Baja_Accesibilidad,3637.1619423511693
19.3251652,-99.113297,No Identificada,48000.0,120.0,400.0,1,2.0,0,Amplio_Ejecutivo,BajaMarg_AltaGentrif,0.830531038273375,1.0,Media_Accesibilidad,689.1897042360486
19.4884216,-99.1826643,Azcapotzalco,12500.0,65.10416666666667,192.0,3,2.0,0,Amplio_Ejecutivo,AltaMarg_BajaGentrif,0.7799341145447056,4.0,Media_Accesibilidad,810.6063245818679
19.3438023,-99.1421551,Tlalpan,19000.0,59.006211180124225,322.0,2,2.0,0,Amplio_Ejecutivo,AltaMarg_BajaGentrif,0.3919311241687132,2.0,Media_Accesibilidad,1123.1713246677484
19.3760816,-99.1550215,Colonia Letrán Valle,50000.0,279.3296089385475,179.0,4,2.0,0,Amplio_Familiar,BajaMarg_AltaGentrif,0.830531038273375,1.0,Alta_Accesibilidad,590.3482051921285
19.388597,-99.1796118,No Identificada,17000.0,60.07067137809187,283.0,1,2.0,0,Amplio_Ejecutivo,AltaMarg_AltaGentrif,0.830531038273375,2.0,Media_Accesibilidad,849.6530189196556
19.4389504,-99.1721825,No Identificada,14200.0,71.0,200.0,2,2.0,0,Amplio_Ejecutivo,AltaMarg_AltaGentrif,0.830531038273375,3.0,Media_Accesibilidad,1052.6903985303934
19.3374093,-99.2196568,No Identificada,29500.0,149.746192893401,197.0,3,2.0,0,Amplio_Ejecutivo,AltaMarg_AltaGentrif,0.830531038273375,2.0,Baja_Accesibilidad,3631.1624220632243
19.4105801,-99.0705782,No Identificada,9000.0,65.21739130434783,138.0,2,2.0,0,Amplio_Ejecutivo,AltaMarg_AltaGentrif,0.830531038273375,2.0,Media_Accesibilidad,640.8059254188053
19.3574168,-99.3000541,Cuajimalpa de Morelos,16000.0,89.88764044943821,178.0,2,2.0,0,Amplio_Ejecutivo,AltaMarg_BajaGentrif,0.49427437331671703,3.0,Baja_Accesibilidad,11558.21036530336
19.3608245,-99.1507003,No Identificada,9000.0,27.027027027027028,333.0,1,2.0,0,Amplio_Ejecutivo,BajaMarg_AltaGentrif,0.830531038273375,1.0,Alta_Accesibilidad,557.3481729620847
19.4148639,-99.176429,Condesa,33000.0,110.0,300.0,2,2.0,0,Amplio_Ejecutivo,AltaMarg_AltaGentrif,0.830531038273375,2.0,Media_Accesibilidad,725.1757598203221
19.4402177,-99.1870609,Polanco,15000.0,35.97122302158273,417.0,1,2.0,0,Amplio_Ejecutivo,BajaMarg_AltaGentrif,0.830531038273375,1.0,Media_Accesibilidad,952.6075312884766
19.3718796,-99.157701,Benito Juárez,13500.0,102.27272727272727,132.0,2,2.0,0,Amplio_Ejecutivo,BajaMarg_AltaGentrif,0.933319961735651,1.0,Alta_Accesibilidad,222.7089106297116
19.386333,-99.1750493,No Identificada,12500.0,39.936102236421725,313.0,1,2.0,0,Amplio_Ejecutivo,BajaMarg_AltaGentrif,0.830531038273375,1.0,Media_Accesibilidad,928.0805155841986
19.43353,-99.190915,Polanco,90000.0,290.3225806451613,310.0,3,2.0,0,Amplio_Ejecutivo,BajaMarg_AltaGentrif,0.830531038273375,1.0,Alta_Accesibilidad,444.2627964713553
19.306179,-99.1814155,Colonia Torres De Maurel,33000.0,170.10309278350516,194.0,4,2.0,0,Amplio_Familiar,BajaMarg_AltaGentrif,0.830531038273375,1.0,Media_Accesibilidad,1272.1601217639134
19.4156998,-99.2136879,Lomas De Chapultepec,100000.0,319.4888178913738,313.0,3,3.0,0,Amplio_Ejecutivo,BajaMarg_AltaGentrif,0.830531038273375,1.0,Baja_Accesibilidad,2535.156919896198
19.4494596,-99.1528743,Santa María La Ribera,11500.0,41.97080291970803,274.0,1,1.5,0,Amplio_Ejecutivo,AltaMarg_AltaGentrif,0.830531038273375,4.0,Alta_Accesibilidad,552.3093407449719
19.4370493,-99.1792369,Polanco,40000.0,117.99410029498524,339.0,2,2.0,0,Amplio_Ejecutivo,AltaMarg_AltaGentrif,0.830531038273375,2.0,Media_Accesibilidad,1160.0628644517399
19.3880913,-99.1120396,Iztacalco,16000.0,65.04065040650407,246.0,3,1.0,0,Amplio_Ejecutivo,BajaMarg_BajaGentrif,0.7626118203348291,1.0,Alta_Accesibilidad,76.73271416635775
19.3829715,-99.1800979,Del Valle,33000.0,104.10094637223975,317.0,3,2.0,0,Amplio_Ejecutivo,BajaMarg_AltaGentrif,0.830531038273375,1.0,Media_Accesibilidad,668.2604411364171
19.3089765,-99.2450313,Pueblo Nuevo Bajo,28000.0,241.3793103448276,116.0,3,2.0,0,Amplio_Ejecutivo,AltaMarg_AltaGentrif,0.830531038273375,2.0,Baja_Accesibilidad,6898.298733204741
19.43353,-99.190915,Polanco,38000.0,107.04225352112677,355.0,2,2.0,0,Amplio_Ejecutivo,BajaMarg_AltaGentrif,0.830531038273375,1.0,Alta_Accesibilidad,444.2627964713553
19.43353,-99.190915,Polanco,10500.0,32.01219512195122,328.0,1,2.0,0,Amplio_Ejecutivo,BajaMarg_AltaGentrif,0.830531038273375,1.0,Alta_Accesibilidad,444.2627964713553
19.3901306,-99.1847553,Colonia San Pedro De Los Pinos,22000.0,78.01418439716312,282.0,2,2.0,0,Amplio_Ejecutivo,AltaMarg_AltaGentrif,0.830531038273375,2.0,Media_Accesibilidad,749.0061014189063
19.3683696,-99.2437213,Jalalpa,44000.0,154.92957746478874,284.0,3,2.0,0,Amplio_Ejecutivo,AltaMarg_AltaGentrif,0.830531038273375,5.0,Baja_Accesibilidad,5893.359974495528
19.2703914,-99.0047499,Tláhuac,9000.0,50.0,180.0,1,1.0,0,Amplio_Ejecutivo,BajaMarg_BajaGentrif,0.5773137898079344,1.0,Baja_Accesibilidad,6215.058316462161
19.43353,-99.190915,Polanco,105000.0,350.0,300.0,3,2.0,0,Amplio_Ejecutivo,BajaMarg_AltaGentrif,0.830531038273375,1.0,Alta_Accesibilidad,444.2627964713553
19.3605506,-99.1427972,Colonia Ermita,11000.0,33.95061728395062,324.0,1,2.0,0,Amplio_Ejecutivo,BajaMarg_AltaGentrif,0.830531038273375,1.0,Media_Accesibilidad,858.7967421420389
19.3621951,-99.2869132,El Yaqui,40000.0,250.0,160.0,3,2.0,0,Amplio_Ejecutivo,BajaMarg_AltaGentrif,0.830531038273375,1.0,Baja_Accesibilidad,10196.174842386896
19.4416334,-99.208852,Irrigación,10500.0,22.0125786163522,477.0,1,3.0,0,Amplio_Ejecutivo,BajaMarg_AltaGentrif,0.830531038273375,1.0,Baja_Accesibilidad,2018.534452186981
19.3468682,-99.1636044,Coyoacán,44000.0,126.07449856733524,349.0,3,2.0,0,Amplio_Ejecutivo,BajaMarg_BajaGentrif,0.750956198657275,1.0,Media_Accesibilidad,1520.20930938689
19.2231338,-99.15109,Colonia El Mirador,45000.0,368.8524590163934,122.0,3,2.0,0,Amplio_Ejecutivo,AltaMarg_AltaGentrif,0.830531038273375,2.0,Baja_Accesibilidad,9601.208087080491
19.3509584,-99.1388636,Colonia San Diego Churubusco,30000.0,240.0,125.0,2,2.0,0,Amplio_Ejecutivo,BajaMarg_AltaGentrif,0.830531038273375,1.0,Media_Accesibilidad,1398.8401815991865
19.43353,-99.190915,Polanco,100000.0,200.0,500.0,3,2.0,0,Amplio_Ejecutivo,BajaMarg_AltaGentrif,0.830531038273375,1.0,Alta_Accesibilidad,444.2627964713553
19.3571105,-99.2734667,Cuajimalpa de Morelos,60000.0,185.1851851851852,324.0,1,2.0,0,Amplio_Ejecutivo,BajaMarg_BajaGentrif,0.49427437331671703,1.0,Baja_Accesibilidad,8915.29096984029
19.4156998,-99.2136879,Lomas De Chapultepec,50000.0,230.4147465437788,217.0,3,3.0,0,Amplio_Ejecutivo,BajaMarg_AltaGentrif,0.830531038273375,1.0,Baja_Accesibilidad,2535.156919896198
19.3136991,-99.2578997,No Identificada,7000.0,67.96116504854369,103.0,3,2.0,0,Amplio_Ejecutivo,AltaMarg_AltaGentrif,0.830531038273375,5.0,Baja_Accesibilidad,8134.88211376256
19.3632476,-99.1644751,No Identificada,30000.0,92.02453987730061,326.0,2,2.0,0,Amplio_Ejecutivo,BajaMarg_AltaGentrif,0.830531038273375,1.0,Media_Accesibilidad,788.6178285977878
19.2992528,-99.1202738,No Identificada,16000.0,75.11737089201878,213.0,3,2.0,0,Amplio_Ejecutivo,BajaMarg_AltaGentrif,0.830531038273375,1.0,Baja_Accesibilidad,2717.5032346911266
19.4271218,-99.1489658,No Identificada,11500.0,85.18518518518519,135.0,3,2.0,0,Amplio_Ejecutivo,BajaMarg_AltaGentrif,0.830531038273375,1.0,Alta_Accesibilidad,202.65242501247303
19.43353,-99.190915,Polanco,38000.0,69.9815837937385,543.0,1,2.0,0,Amplio_Ejecutivo,BajaMarg_AltaGentrif,0.830531038273375,1.0,Alta_Accesibilidad,444.2627964713553
19.3824219,-99.1761603,Benito Juárez,11000.0,305.55555555555554,36.0,1,1.0,0,Studio/Micro,BajaMarg_AltaGentrif,0.933319961735651,1.0,Media_Accesibilidad,703.7713307068392
19.3370667,-99.2021996,Álvaro Obregón,12000.0,400.0,30.0,1,1.0,0,Studio/Micro,BajaMarg_BajaGentrif,0.0,1.0,Baja_Accesibilidad,1882.7732555829143
19.3596182,-99.2199296,Álvaro Obregón,12500.0,138.88888888888889,90.0,2,1.0,0,Familiar_Chico,AltaMarg_BajaGentrif,0.0,4.0,Baja_Accesibilidad,3471.604694848925
19.4553604,-99.1907173,Miguel Hidalgo,12700.0,226.78571428571428,56.0,2,1.0,0,Familiar_Chico,AltaMarg_AltaGentrif,0.8585849060226639,3.0,Media_Accesibilidad,1418.3856867996278
19.3773771,-99.105681,Iztapalapa,13300.0,166.25,80.0,3,1.0,0,Familiar_Grande,AltaMarg_AltaGentrif,1.0,4.0,Alta_Accesibilidad,406.657369461383
19.40734,-99.1843525,Departamento Tipo Loft Con Servicios Incluidos*,14800.0,477.4193548387097,31.0,1,1.0,0,Studio/Micro,AltaMarg_AltaGentrif,0.830531038273375,3.0,Media_Accesibilidad,668.7247923613211
19.40734,-99.1843525,Departamento Tipo Loft Con Servicios Incluidos*,14800.0,477.4193548387097,31.0,1,1.0,0,Studio/Micro,AltaMarg_AltaGentrif,0.830531038273375,3.0,Media_Accesibilidad,668.7247923613211
19.3623961,-99.2168195,Álvaro Obregón,15500.0,258.3333333333333,60.0,2,1.0,0,Familiar_Chico,BajaMarg_BajaGentrif,0.0,1.0,Baja_Accesibilidad,3153.3040913817013
19.4214424,-99.14322,Cuauhtémoc,16000.0,164.94845360824743,97.0,2,2.0,0,Familiar_Chico,BajaMarg_AltaGentrif,0.830531038273375,1.0,Alta_Accesibilidad,290.36036634838484
19.4154146,-99.1070641,Venustiano Carranza,5700.0,285.0,20.0,1,1.0,0,Studio/Micro,AltaMarg_BajaGentrif,0.761616411382061,2.0,Media_Accesibilidad,678.8954972506551
19.3132813,-99.3301261,Cuajimalpa de Morelos,5800.0,161.11111111111111,36.0,1,1.0,0,Studio/Micro,AltaMarg_BajaGentrif,0.49427437331671703,3.0,Baja_Accesibilidad,15315.324814916014
19.4623308,-99.1915526,Departamento En Renta - San Diego Ocoyoacac,6000.0,109.0909090909091,55.0,2,1.0,0,Familiar_Chico,AltaMarg_AltaGentrif,0.830531038273375,2.0,Baja_Accesibilidad,1706.5533561609502
19.4326,-99.1332,Edomex,7900.0,105.33333333333333,75.0,3,2.0,0,Familiar_Grande,AltaMarg_AltaGentrif,0.830531038273375,3.0,Alta_Accesibilidad,330.46776435848415
19.3912758,-99.0463496,Iztapalapa,8100.0,168.75,48.0,2,1.0,0,Studio/Micro,AltaMarg_AltaGentrif,1.0,3.0,Alta_Accesibilidad,83.80418266681184
19.4326,-99.1332,Casa En Renta En Las Américas Ecatepec,8400.0,112.0,75.0,2,2.0,0,Familiar_Chico,AltaMarg_AltaGentrif,0.830531038273375,3.0,Alta_Accesibilidad,330.46776435848415
19.3498606,-99.1619751,Coyoacán,9000.0,173.07692307692307,52.0,2,1.0,0,Familiar_Chico,BajaMarg_BajaGentrif,0.750956198657275,1.0,Media_Accesibilidad,1603.229439145255
19.3721242,-99.1996337,Álvaro Obregón,9000.0,225.0,40.0,1,1.0,0,Studio/Micro,AltaMarg_BajaGentrif,0.0,2.0,Media_Accesibilidad,1541.0644820797802
19.4073755,-99.1181774,Departamento En Renta En Magdalena Mixihuca,9800.0,128.94736842105263,76.0,3,1.0,0,Familiar_Grande,AltaMarg_AltaGentrif,0.830531038273375,2.0,Alta_Accesibilidad,435.88317124362857
19.2339875,-99.180117,Tlalpan,12500.0,138.88888888888889,90.0,3,2.0,0,Familiar_Grande,AltaMarg_BajaGentrif,0.3919311241687132,5.0,Baja_Accesibilidad,8128.374158553353
19.4588314,-99.119401,Venustiano Carranza,12700.0,226.78571428571428,56.0,2,1.0,0,Familiar_Chico,AltaMarg_BajaGentrif,0.761616411382061,3.0,Alta_Accesibilidad,429.56643287182555
19.2843327,-99.1894394,Tlalpan,13000.0,216.66666666666666,60.0,2,1.0,0,Familiar_Chico,AltaMarg_BajaGentrif,0.3919311241687132,4.0,Baja_Accesibilidad,3237.987570637745
19.4259676,-99.0636789,Anáhuac I Sección,14200.0,200.0,71.0,2,1.0,0,Familiar_Chico,AltaMarg_AltaGentrif,0.830531038273375,4.0,Media_Accesibilidad,1261.3520687414139
19.3865976,-99.2651314,Cuajimalpa de Morelos,14400.0,211.76470588235293,68.0,1,1.0,0,Familiar_Chico,AltaMarg_BajaGentrif,0.49427437331671703,2.0,Baja_Accesibilidad,7561.408566643877
19.342269,-99.1816686,Departamento En Renta - Integración Latinoamericana,16000.0,266.6666666666667,60.0,2,2.0,0,Familiar_Chico,BajaMarg_AltaGentrif,0.830531038273375,1.0,Alta_Accesibilidad,472.5467327414592
19.3969622,-99.1882141,110*,16100.0,423.6842105263158,38.0,1,1.0,0,Studio/Micro,AltaMarg_AltaGentrif,0.830531038273375,3.0,Media_Accesibilidad,877.8741910243259
19.4485103,-99.2083999,Miguel Hidalgo,16100.0,209.0909090909091,77.0,2,1.0,0,Familiar_Chico,BajaMarg_AltaGentrif,0.8585849060226639,1.0,Baja_Accesibilidad,1941.3630421083076
19.40734,-99.1843525,Loft En Renta De 50 M² Amueblado Y Con Servicios Incluidos,18000.0,360.0,50.0,1,1.0,0,Familiar_Chico,AltaMarg_AltaGentrif,0.830531038273375,3.0,Media_Accesibilidad,668.7247923613211
19.3769798,-99.2751709,Cuajimalpa de Morelos,18000.0,178.21782178217822,101.0,2,1.0,0,Amplio_Ejecutivo,BajaMarg_BajaGentrif,0.49427437331671703,1.0,Baja_Accesibilidad,8827.08723508779
19.3718796,-99.157701,Benito Juárez,18400.0,317.2413793103448,58.0,1,1.0,0,Familiar_Chico,BajaMarg_AltaGentrif,0.933319961735651,1.0,Alta_Accesibilidad,222.7089106297116
19.3228085,-99.1036495,Coyoacán,18800.0,156.66666666666666,120.0,2,1.0,0,Amplio_Ejecutivo,BajaMarg_BajaGentrif,0.750956198657275,1.0,Media_Accesibilidad,722.4836385986083
19.4058551,-99.1848831,Departamento Equipado De 1 Habitación Cerca De La Col. Condesa,18900.0,370.5882352941176,51.0,1,1.0,0,Familiar_Chico,AltaMarg_AltaGentrif,0.830531038273375,3.0,Media_Accesibilidad,652.5578670829677
19.4058551,-99.1848831,Departamento Equipado De 1 Habitación Cerca De La Col. Condesa,18900.0,363.46153846153845,52.0,1,1.0,0,Familiar_Chico,AltaMarg_AltaGentrif,0.830531038273375,3.0,Media_Accesibilidad,652.5578670829677
19.3601941,-99.1668669,Benito Juárez,19200.0,218.1818181818182,88.0,2,2.0,0,Familiar_Chico,BajaMarg_AltaGentrif,0.933319961735651,1.0,Media_Accesibilidad,863.2139207818312
19.4326,-99.1332,Loft En Vitant Polanco,19200.0,408.51063829787233,47.0,1,1.0,0,Studio/Micro,AltaMarg_AltaGentrif,0.830531038273375,3.0,Alta_Accesibilidad,330.46776435848415
19.4326,-99.1332,250 En Polanco Con Alberca Y Gym,19200.0,457.14285714285717,42.0,1,1.0,0,Studio/Micro,AltaMarg_AltaGentrif,0.830531038273375,3.0,Alta_Accesibilidad,330.46776435848415
19.4704542,-99.1566716,Azcapotzalco,20400.0,210.30927835051546,97.0,1,1.0,0,Familiar_Chico,AltaMarg_BajaGentrif,0.7799341145447056,3.0,Media_Accesibilidad,1332.8541969626597
19.4326,-99.1332,Zona Pet Y Más,20600.0,490.4761904761905,42.0,1,1.0,0,Studio/Micro,AltaMarg_AltaGentrif,0.830531038273375,3.0,Alta_Accesibilidad,330.46776435848415
19.4326,-99.1332,Loft Renta En Vitant Polanco,21000.0,411.7647058823529,51.0,1,1.0,0,Familiar_Chico,AltaMarg_AltaGentrif,0.830531038273375,3.0,Alta_Accesibilidad,330.46776435848415
19.4497398,-99.2150977,Miguel Hidalgo,21100.0,502.3809523809524,42.0,1,1.0,0,Studio/Micro,BajaMarg_AltaGentrif,0.8585849060226639,1.0,Baja_Accesibilidad,2135.6203207866383
19.4071156,-99.1906167,Miguel Hidalgo,21500.0,467.39130434782606,46.0,1,1.0,0,Studio/Micro,BajaMarg_AltaGentrif,0.8585849060226639,1.0,Media_Accesibilidad,749.9737885794543
19.4071156,-99.1906167,Miguel Hidalgo,21800.0,463.82978723404256,47.0,1,1.0,0,Studio/Micro,BajaMarg_AltaGentrif,0.8585849060226639,1.0,Media_Accesibilidad,749.9737885794543
19.3813136,-99.1883226,Benito Juárez,22500.0,351.5625,64.0,2,2.0,0,Familiar_Chico,BajaMarg_AltaGentrif,0.933319961735651,1.0,Media_Accesibilidad,664.0529150921614
19.4704542,-99.1566716,Azcapotzalco,23000.0,200.0,115.0,1,2.0,0,Amplio_Ejecutivo,AltaMarg_BajaGentrif,0.7799341145447056,3.0,Media_Accesibilidad,1332.8541969626597
19.4402557,-99.1926322,Miguel Hidalgo,23500.0,427.27272727272725,55.0,1,1.0,0,Familiar_Chico,BajaMarg_AltaGentrif,0.8585849060226639,1.0,Media_Accesibilidad,926.8825185861144
19.4326,-99.1332,Loft En Renta De 1 Recamara En Polanco,23800.0,440.74074074074076,54.0,1,1.0,0,Familiar_Chico,AltaMarg_AltaGentrif,0.830531038273375,3.0,Alta_Accesibilidad,330.46776435848415
19.4326296,-99.1331785,Cuauhtémoc,24100.0,482.0,50.0,1,1.0,0,Familiar_Chico,AltaMarg_AltaGentrif,0.830531038273375,3.0,Alta_Accesibilidad,331.00531079168263
19.4058551,-99.1848831,Departamento De 2 Habitaciones Con Baño Dentro De Cada Habitación.,24400.0,381.25,64.0,2,2.0,0,Familiar_Chico,AltaMarg_AltaGentrif,0.830531038273375,3.0,Media_Accesibilidad,652.5578670829677
19.4058551,-99.1848831,Departamento De 2 Habitaciones Con Baño Dentro De Cada Habitación.,24400.0,375.38461538461536,65.0,2,2.0,0,Familiar_Chico,AltaMarg_AltaGentrif,0.830531038273375,3.0,Media_Accesibilidad,652.5578670829677
19.40734,-99.1843525,Con Servicios Incluidos*,24400.0,358.8235294117647,68.0,2,2.0,0,Familiar_Chico,AltaMarg_AltaGentrif,0.830531038273375,3.0,Media_Accesibilidad,668.7247923613211
19.4484261,-99.1814406,Cmdx,24900.0,345.8333333333333,72.0,1,1.0,0,Familiar_Chico,AltaMarg_AltaGentrif,0.830531038273375,2.0,Media_Accesibilidad,1215.5974254553385
19.4326,-99.1332,Departamento De 2 Recámaras 1 Baño En Vitant Polanco,26000.0,342.10526315789474,76.0,2,1.0,0,Familiar_Chico,AltaMarg_AltaGentrif,0.830531038273375,3.0,Alta_Accesibilidad,330.46776435848415
19.3910468,-99.1732855,Studio Alcoba Con Amenidades De Lujo En Napoles.,26200.0,436.6666666666667,60.0,1,1.0,0,Familiar_Chico,AltaMarg_AltaGentrif,0.830531038273375,2.0,Media_Accesibilidad,1105.3960344720717
19.4564793,-99.214739,Naucalpan Estado De México,27500.0,157.14285714285714,175.0,3,4.0,0,Amplio_Ejecutivo,AltaMarg_AltaGentrif,0.830531038273375,3.0,Baja_Accesibilidad,1974.4495259769421
19.3528581,-99.2854195,Cuajimalpa de Morelos,27500.0,343.75,80.0,2,2.0,0,Familiar_Chico,AltaMarg_BajaGentrif,0.49427437331671703,2.0,Baja_Accesibilidad,10131.119677570134
19.4326,-99.1332,Departamento Amueblado De 1 Recámara En Vitant Polanco,28600.0,446.875,64.0,1,1.0,0,Familiar_Chico,AltaMarg_AltaGentrif,0.830531038273375,3.0,Alta_Accesibilidad,330.46776435848415
19.4237459,-99.1736536,Studio Con Balcon En Reforma Con Amenidades.,29700.0,401.35135135135135,74.0,1,1.0,0,Familiar_Chico,AltaMarg_AltaGentrif,0.830531038273375,2.0,Alta_Accesibilidad,248.97339959415498
19.4183227,-99.1625655,Cuauhtémoc,30000.0,441.1764705882353,68.0,2,2.0,0,Familiar_Chico,AltaMarg_AltaGentrif,0.830531038273375,2.0,Alta_Accesibilidad,451.54832230219273
19.4093714,-99.1712126,Cuauhtémoc,42800.0,142.66666666666666,300.0,3,3.0,0,Amplio_Ejecutivo,AltaMarg_AltaGentrif,0.830531038273375,2.0,Alta_Accesibilidad,514.202520508241
19.4293791,-99.1963927,Miguel Hidalgo,45000.0,300.0,150.0,3,2.0,0,Amplio_Ejecutivo,BajaMarg_AltaGentrif,0.8585849060226639,1.0,Media_Accesibilidad,743.7359582745225
19.4047705,-99.2577016,Edomex,55000.0,279.18781725888323,197.0,3,4.0,0,Amplio_Ejecutivo,AltaMarg_AltaGentrif,0.830531038273375,3.0,Baja_Accesibilidad,6603.243911473774
19.339362,-99.231665,Casa En Renta Tetelpan,55000.0,162.72189349112426,338.0,4,5.0,0,Amplio_Familiar,AltaMarg_AltaGentrif,0.830531038273375,2.0,Baja_Accesibilidad,4720.338122184769
19.4360737,-99.1539172,Cuauhtémoc,19800.0,638.7096774193549,31.0,1,1.0,1,Studio/Micro,BajaMarg_AltaGentrif,0.830531038273375,1.0,Alta_Accesibilidad,248.2217711481182
19.4326296,-99.1331785,Cuauhtémoc,19800.0,638.7096774193549,31.0,1,1.0,1,Studio/Micro,AltaMarg_AltaGentrif,0.830531038273375,3.0,Alta_Accesibilidad,331.00531079168263
19.4332704,-99.1476839,Cuauhtémoc,31000.0,645.8333333333334,48.0,1,1.0,1,Studio/Micro,BajaMarg_AltaGentrif,0.830531038273375,1.0,Alta_Accesibilidad,135.35499198714845
19.4183227,-99.1625655,Cuauhtémoc,28900.0,688.0952380952381,42.0,1,1.0,1,Studio/Micro,AltaMarg_AltaGentrif,0.830531038273375,2.0,Alta_Accesibilidad,451.54832230219273
19.4326296,-99.1331785,Cuauhtémoc,26200.0,655.0,40.0,1,1.0,1,Studio/Micro,AltaMarg_AltaGentrif,0.830531038273375,3.0,Alta_Accesibilidad,331.00531079168263
19.4402557,-99.1926322,Miguel Hidalgo,36000.0,692.3076923076923,52.0,1,1.0,1,Familiar_Chico,BajaMarg_AltaGentrif,0.8585849060226639,1.0,Media_Accesibilidad,926.8825185861144
19.4183227,-99.1625655,Cuauhtémoc,34500.0,676.4705882352941,51.0,1,1.0,1,Familiar_Chico,AltaMarg_AltaGentrif,0.830531038273375,2.0,Alta_Accesibilidad,451.54832230219273
19.442902,-99.2014215,Miguel Hidalgo,35900.0,641.0714285714286,56.0,1,1.0,1,Familiar_Chico,BajaMarg_AltaGentrif,0.8585849060226639,1.0,Media_Accesibilidad,1432.692904874115
19.4332704,-99.1476839,Cuauhtémoc,26500.0,588.8888888888889,45.0,1,1.0,1,Studio/Micro,BajaMarg_AltaGentrif,0.830531038273375,1.0,Alta_Accesibilidad,135.35499198714845
19.442902,-99.2014215,Miguel Hidalgo,33000.0,702.1276595744681,47.0,1,1.0,1,Studio/Micro,BajaMarg_AltaGentrif,0.8585849060226639,1.0,Media_Accesibilidad,1432.692904874115
19.442902,-99.2014215,Miguel Hidalgo,35000.0,625.0,56.0,1,1.0,1,Familiar_Chico,BajaMarg_AltaGentrif,0.8585849060226639,1.0,Media_Accesibilidad,1432.692904874115
19.442902,-99.2014215,Miguel Hidalgo,28500.0,678.5714285714286,42.0,1,1.0,1,Studio/Micro,BajaMarg_AltaGentrif,0.8585849060226639,1.0,Media_Accesibilidad,1432.692904874115
19.442902,-99.2014215,Miguel Hidalgo,29500.0,702.3809523809524,42.0,1,1.0,1,Studio/Micro,BajaMarg_AltaGentrif,0.8585849060226639,1.0,Media_Accesibilidad,1432.692904874115
19.4183227,-99.1625655,Cuauhtémoc,50000.0,666.6666666666666,75.0,2,2.0,1,Familiar_Chico,AltaMarg_AltaGentrif,0.830531038273375,2.0,Alta_Accesibilidad,451.54832230219273
19.4306856,-99.1582856,Juárez,33900.0,721.2765957446809,47.0,1,1.0,1,Studio/Micro,AltaMarg_AltaGentrif,0.830531038273375,2.0,Alta_Accesibilidad,365.4120683722414
19.4332704,-99.1476839,Cuauhtémoc,34700.0,680.3921568627451,51.0,1,1.0,1,Familiar_Chico,BajaMarg_AltaGentrif,0.830531038273375,1.0,Alta_Accesibilidad,135.35499198714845
19.4343524,-99.164216,San Rafael,19500.0,629.0322580645161,31.0,1,1.0,1,Studio/Micro,AltaMarg_AltaGentrif,0.830531038273375,2.0,Media_Accesibilidad,733.8088026752155
19.4330639,-99.2005443,Miguel Hidalgo,100000.0,606.060606060606,165.0,2,2.0,1,Residencial_Lujo,BajaMarg_AltaGentrif,0.8585849060226639,1.0,Media_Accesibilidad,1084.530079454308
19.4030932,-99.1651365,Roma Sur,17500.0,875.0,20.0,1,1.0,1,Studio/Micro,AltaMarg_AltaGentrif,0.830531038273375,3.0,Alta_Accesibilidad,591.9972962765426
19.3608547,-99.2841662,Ampliación El Yaqui,33000.0,687.5,48.0,1,1.0,1,Studio/Micro,BajaMarg_AltaGentrif,0.830531038273375,1.0,Baja_Accesibilidad,9942.39893145179
19.3896634,-99.1738081,Benito Juárez,22300.0,586.8421052631579,38.0,1,1.0,1,Studio/Micro,BajaMarg_AltaGentrif,0.933319961735651,1.0,Media_Accesibilidad,1006.3491602454259
19.3896634,-99.1738081,Benito Juárez,23700.0,677.1428571428571,35.0,1,1.0,1,Studio/Micro,BajaMarg_AltaGentrif,0.933319961735651,1.0,Media_Accesibilidad,1006.3491602454259
19.442902,-99.2014215,Miguel Hidalgo,25600.0,731.4285714285714,35.0,1,1.0,1,Studio/Micro,BajaMarg_AltaGentrif,0.8585849060226639,1.0,Media_Accesibilidad,1432.692904874115
19.4058335,-99.1633037,Cuauhtémoc,26500.0,588.8888888888889,45.0,1,1.0,1,Studio/Micro,AltaMarg_AltaGentrif,0.830531038273375,3.0,Alta_Accesibilidad,609.7826521894331
19.4237195,-99.1752657,Paseo De La Reforma,20500.0,661.2903225806451,31.0,1,1.0,1,Studio/Micro,AltaMarg_AltaGentrif,0.830531038273375,2.0,Alta_Accesibilidad,252.4133593349095
19.4058335,-99.1633037,Cuauhtémoc,23500.0,618.421052631579,38.0,1,1.0,1,Studio/Micro,AltaMarg_AltaGentrif,0.830531038273375,3.0,Alta_Accesibilidad,609.7826521894331
19.4058335,-99.1633037,Cuauhtémoc,23400.0,570.7317073170732,41.0,1,1.0,1,Studio/Micro,AltaMarg_AltaGentrif,0.830531038273375,3.0,Alta_Accesibilidad,609.7826521894331
19.4332704,-99.1476839,Cuauhtémoc,27200.0,647.6190476190476,42.0,1,1.0,1,Studio/Micro,BajaMarg_AltaGentrif,0.830531038273375,1.0,Alta_Accesibilidad,135.35499198714845
19.4430584,-99.1990015,Ampliación Granada,27900.0,871.875,32.0,1,1.0,1,Studio/Micro,BajaMarg_AltaGentrif,0.830531038273375,1.0,Media_Accesibilidad,1259.5415839562029
19.4331903,-99.1584802,Tabacalera,24000.0,631.578947368421,38.0,1,1.0,1,Studio/Micro,BajaMarg_AltaGentrif,0.830531038273375,1.0,Alta_Accesibilidad,452.89769457264737
19.4058335,-99.1633037,Cuauhtémoc,23600.0,621.0526315789474,38.0,1,1.0,1,Studio/Micro,AltaMarg_AltaGentrif,0.830531038273375,3.0,Alta_Accesibilidad,609.7826521894331
19.4237195,-99.1752657,Paseo De La Reforma,31100.0,586.7924528301887,53.0,1,1.0,1,Familiar_Chico,AltaMarg_AltaGentrif,0.830531038273375,2.0,Alta_Accesibilidad,252.4133593349095
19.4071156,-99.1906167,Miguel Hidalgo,35000.0,648.1481481481482,54.0,1,1.0,1,Familiar_Chico,BajaMarg_AltaGentrif,0.8585849060226639,1.0,Media_Accesibilidad,749.9737885794543
19.4425356,-99.2102915,Miguel Hidalgo,68000.0,576.271186440678,118.0,2,2.0,1,Residencial_Lujo,BajaMarg_AltaGentrif,0.8585849060226639,1.0,Baja_Accesibilidad,2154.674897231742
19.43353,-99.190915,Miguel Hidalgo,58000.0,878.7878787878788,66.0,2,1.0,1,Familiar_Chico,BajaMarg_AltaGentrif,0.8585849060226639,1.0,Alta_Accesibilidad,444.2627964713553
19.43353,-99.190915,Miguel Hidalgo,100000.0,625.0,160.0,3,2.0,1,Residencial_Lujo,BajaMarg_AltaGentrif,0.8585849060226639,1.0,Alta_Accesibilidad,444.2627964713553
19.43353,-99.190915,Miguel Hidalgo,40000.0,909.0909090909091,44.0,1,1.0,1,Studio/Micro,BajaMarg_AltaGentrif,0.8585849060226639,1.0,Alta_Accesibilidad,444.2627964713553
19.43353,-99.190915,Miguel Hidalgo,37500.0,914.6341463414634,41.0,1,1.0,1,Studio/Micro,BajaMarg_AltaGentrif,0.8585849060226639,1.0,Alta_Accesibilidad,444.2627964713553
19.4613244,-99.1233041,500,40500.0,573.6543909348443,70.6,1,1.0,1,Familiar_Chico,AltaMarg_AltaGentrif,0.830531038273375,3.0,Alta_Accesibilidad,439.6467364139977
19.4183227,-99.1625655,Cuauhtémoc,30000.0,750.0,40.0,1,1.0,1,Studio/Micro,AltaMarg_AltaGentrif,0.830531038273375,2.0,Alta_Accesibilidad,451.54832230219273
19.4183227,-99.1625655,Cuauhtémoc,26000.0,742.8571428571429,35.0,1,1.0,1,Studio/Micro,AltaMarg_AltaGentrif,0.830531038273375,2.0,Alta_Accesibilidad,451.54832230219273
19.4093714,-99.1712126,Hipódromo,23500.0,618.421052631579,38.0,1,1.0,1,Studio/Micro,AltaMarg_AltaGentrif,0.830531038273375,2.0,Alta_Accesibilidad,514.202520508241
19.3910468,-99.1732855,Nápoles,23300.0,582.5,40.0,1,1.0,1,Studio/Micro,AltaMarg_AltaGentrif,0.830531038273375,2.0,Media_Accesibilidad,1105.3960344720717
19.4093714,-99.1712126,Hipódromo,23500.0,691.1764705882352,34.0,1,1.0,1,Studio/Micro,AltaMarg_AltaGentrif,0.830531038273375,2.0,Alta_Accesibilidad,514.202520508241
19.3910468,-99.1732855,Nápoles,23300.0,582.5,40.0,1,1.0,1,Studio/Micro,AltaMarg_AltaGentrif,0.830531038273375,2.0,Media_Accesibilidad,1105.3960344720717
19.43353,-99.190915,Miguel Hidalgo,65000.0,596.3302752293578,109.0,1,1.0,1,Residencial_Lujo,BajaMarg_AltaGentrif,0.8585849060226639,1.0,Alta_Accesibilidad,444.2627964713553
19.4183227,-99.1625655,Cuauhtémoc,22000.0,628.5714285714286,35.0,1,1.0,1,Studio/Micro,AltaMarg_AltaGentrif,0.830531038273375,2.0,Alta_Accesibilidad,451.54832230219273
19.4148639,-99.176429,Cuauhtémoc,48000.0,564.7058823529412,85.0,2,2.0,1,Familiar_Chico,AltaMarg_AltaGentrif,0.830531038273375,2.0,Media_Accesibilidad,725.1757598203221
19.4335301,-99.1507827,Juárez,19100.0,636.6666666666666,30.0,1,1.0,1,Studio/Micro,AltaMarg_AltaGentrif,0.830531038273375,2.0,Alta_Accesibilidad,206.46762265690083
19.4430584,-99.1990015,Granada,29000.0,763.1578947368421,38.0,1,1.0,1,Studio/Micro,BajaMarg_AltaGentrif,0.830531038273375,1.0,Media_Accesibilidad,1259.5415839562029
19.4252857,-99.1697608,Juárez,26900.0,597.7777777777778,45.0,1,1.0,1,Studio/Micro,AltaMarg_AltaGentrif,0.830531038273375,2.0,Alta_Accesibilidad,265.61210210083283
19.4252857,-99.1697608,Juárez,25000.0,892.8571428571429,28.0,1,1.0,1,Studio/Micro,AltaMarg_AltaGentrif,0.830531038273375,2.0,Alta_Accesibilidad,265.61210210083283
19.4252857,-99.1697608,Juárez,27200.0,906.6666666666666,30.0,1,1.0,1,Studio/Micro,AltaMarg_AltaGentrif,0.830531038273375,2.0,Alta_Accesibilidad,265.61210210083283
19.4126623,-99.1719352,Colonia Condesa,35000.0,583.3333333333334,60.0,2,1.0,1,Familiar_Chico,AltaMarg_AltaGentrif,0.830531038273375,2.0,Media_Accesibilidad,677.283703917196
19.4148639,-99.176429,Cuauhtémoc,50000.0,568.1818181818181,88.0,1,1.0,1,Familiar_Chico,AltaMarg_AltaGentrif,0.830531038273375,2.0,Media_Accesibilidad,725.1757598203221
19.4282101,-99.1597167,Juárez,28000.0,636.3636363636364,44.0,1,1.0,1,Studio/Micro,AltaMarg_AltaGentrif,0.830531038273375,2.0,Alta_Accesibilidad,412.88269404986414
19.4131586,-99.1747033,Colonia Condesa,34800.0,828.5714285714286,42.0,2,1.0,1,Studio/Micro,AltaMarg_AltaGentrif,0.830531038273375,2.0,Media_Accesibilidad,757.5338473672368
19.43353,-99.190915,Miguel Hidalgo,110000.0,567.0103092783505,194.0,2,2.0,1,Residencial_Lujo,BajaMarg_AltaGentrif,0.8585849060226639,1.0,Alta_Accesibilidad,444.2627964713553
19.43353,-99.190915,Miguel Hidalgo,100000.0,588.2352941176471,170.0,3,2.0,1,Residencial_Lujo,BajaMarg_AltaGentrif,0.8585849060226639,1.0,Alta_Accesibilidad,444.2627964713553
19.43353,-99.190915,Miguel Hidalgo,63000.0,636.3636363636364,99.0,2,2.0,1,Familiar_Chico,BajaMarg_AltaGentrif,0.8585849060226639,1.0,Alta_Accesibilidad,444.2627964713553
19.4306856,-99.1582856,Juárez,33900.0,721.2765957446809,47.0,1,1.0,1,Studio/Micro,AltaMarg_AltaGentrif,0.830531038273375,2.0,Alta_Accesibilidad,365.4120683722414
19.4402557,-99.1926322,Miguel Hidalgo,67000.0,577.5862068965517,116.0,2,2.0,1,Residencial_Lujo,BajaMarg_AltaGentrif,0.8585849060226639,1.0,Media_Accesibilidad,926.8825185861144
19.43353,-99.190915,Miguel Hidalgo,200000.0,666.6666666666666,300.0,2,4.0,1,Residencial_Lujo,BajaMarg_AltaGentrif,0.8585849060226639,1.0,Alta_Accesibilidad,444.2627964713553
19.4402557,-99.1926322,Miguel Hidalgo,67000.0,582.6086956521739,115.0,2,2.0,1,Residencial_Lujo,BajaMarg_AltaGentrif,0.8585849060226639,1.0,Media_Accesibilidad,926.8825185861144
19.43353,-99.190915,Miguel Hidalgo,100000.0,606.060606060606,165.0,2,2.0,1,Residencial_Lujo,BajaMarg_AltaGentrif,0.8585849060226639,1.0,Alta_Accesibilidad,444.2627964713553
19.43353,-99.190915,Miguel Hidalgo,88000.0,586.6666666666666,150.0,2,2.0,1,Residencial_Lujo,BajaMarg_AltaGentrif,0.8585849060226639,1.0,Alta_Accesibilidad,444.2627964713553
19.226599,-99.1296971,500,27500.0,654.7619047619048,42.0,1,1.0,1,Studio/Micro,BajaMarg_AltaGentrif,0.830531038273375,0.0,Baja_Accesibilidad,9207.837072182456
19.43353,-99.190915,Miguel Hidalgo,135000.0,710.5263157894736,190.0,2,2.0,1,Residencial_Lujo,BajaMarg_AltaGentrif,0.8585849060226639,1.0,Alta_Accesibilidad,444.2627964713553
19.1923262,-99.1672369,700,31700.0,621.5686274509804,51.0,1,1.0,1,Familiar_Chico,AltaMarg_AltaGentrif,0.830531038273375,3.0,Baja_Accesibilidad,12723.125588435658
19.4104583,-99.0899665,200,45200.0,664.7058823529412,68.0,2,1.0,1,Familiar_Chico,AltaMarg_AltaGentrif,0.830531038273375,3.0,Media_Accesibilidad,675.6565449702614
19.3249286,-99.0896825,Campestre,25000.0,833.3333333333334,30.0,1,1.0,1,Studio/Micro,AltaMarg_AltaGentrif,0.830531038273375,4.0,Media_Accesibilidad,1156.8553858155783
19.3904695,-99.0862438,000,34000.0,618.1818181818181,55.0,1,1.0,1,Familiar_Chico,AltaMarg_AltaGentrif,0.830531038273375,3.0,Media_Accesibilidad,1323.5330592709668
19.4455587,-99.2034732,Granada,40000.0,571.4285714285714,70.0,1,1.0,1,Familiar_Chico,BajaMarg_AltaGentrif,0.830531038273375,1.0,Baja_Accesibilidad,1676.8958136960036
19.43353,-99.190915,Miguel Hidalgo,170000.0,805.6872037914692,211.0,3,3.0,1,Residencial_Lujo,BajaMarg_AltaGentrif,0.8585849060226639,1.0,Alta_Accesibilidad,444.2627964713553
19.4326039,-99.1801644,Anzures,25000.0,625.0,40.0,1,1.0,1,Studio/Micro,BajaMarg_AltaGentrif,0.830531038273375,1.0,Media_Accesibilidad,881.4901538509755
19.4158121,-99.1674122,Hipódromo,65000.0,585.5855855855856,111.0,2,2.0,1,Residencial_Lujo,AltaMarg_AltaGentrif,0.830531038273375,2.0,Alta_Accesibilidad,482.92979691989734
19.4326039,-99.1801644,Anzures,30000.0,666.6666666666666,45.0,1,1.0,1,Studio/Micro,BajaMarg_AltaGentrif,0.830531038273375,1.0,Media_Accesibilidad,881.4901538509755
19.3896634,-99.1738081,Benito Juárez,25500.0,708.3333333333334,36.0,1,1.0,1,Studio/Micro,BajaMarg_AltaGentrif,0.933319961735651,1.0,Media_Accesibilidad,1006.3491602454259
19.3896634,-99.1738081,Benito Juárez,32000.0,640.0,50.0,1,1.0,1,Familiar_Chico,BajaMarg_AltaGentrif,0.933319961735651,1.0,Media_Accesibilidad,1006.3491602454259
19.4183227,-99.1625655,Cuauhtémoc,41000.0,602.9411764705883,68.0,2,2.0,1,Familiar_Chico,AltaMarg_AltaGentrif,0.830531038273375,2.0,Alta_Accesibilidad,451.54832230219273
19.4183227,-99.1625655,Cuauhtémoc,29500.0,590.0,50.0,1,1.0,1,Familiar_Chico,AltaMarg_AltaGentrif,0.830531038273375,2.0,Alta_Accesibilidad,451.54832230219273
19.4058335,-99.1633037,Cuauhtémoc,25900.0,647.5,40.0,1,1.0,1,Studio/Micro,AltaMarg_AltaGentrif,0.830531038273375,3.0,Alta_Accesibilidad,609.7826521894331
19.2934446,-99.1754131,Tlalpan,12300.0,615.0,20.0,1,1.0,1,Studio/Micro,AltaMarg_BajaGentrif,0.3919311241687132,2.0,Baja_Accesibilidad,2113.5200229334937
19.395599,-99.2387847,Lomas De Bezares,23000.0,766.6666666666666,30.0,1,1.0,1,Studio/Micro,BajaMarg_AltaGentrif,0.830531038273375,1.0,Baja_Accesibilidad,4787.086481947817
19.4311522,-99.1999771,Miguel Hidalgo,145000.0,725.0,200.0,3,3.0,1,Residencial_Lujo,BajaMarg_AltaGentrif,0.8585849060226639,1.0,Media_Accesibilidad,1008.4899072789786
19.4093714,-99.1712126,Cuauhtémoc,30000.0,625.0,48.0,1,1.0,1,Studio/Micro,AltaMarg_AltaGentrif,0.830531038273375,2.0,Alta_Accesibilidad,514.202520508241
19.3835161,-99.1792667,Nápoles,18000.0,900.0,20.0,1,1.0,1,Studio/Micro,BajaMarg_AltaGentrif,0.830531038273375,1.0,Media_Accesibilidad,700.9164845540209
19.3581682,-99.272261,Cuajimalpa de Morelos,21000.0,636.3636363636364,33.0,1,1.0,1,Studio/Micro,BajaMarg_BajaGentrif,0.49427437331671703,1.0,Baja_Accesibilidad,8801.23140399282
19.3896634,-99.1738081,Benito Juárez,21700.0,586.4864864864865,37.0,1,1.0,1,Studio/Micro,BajaMarg_AltaGentrif,0.933319961735651,1.0,Media_Accesibilidad,1006.3491602454259
19.4183227,-99.1625655,Cuauhtémoc,25000.0,657.8947368421053,38.0,1,1.0,1,Studio/Micro,AltaMarg_AltaGentrif,0.830531038273375,2.0,Alta_Accesibilidad,451.54832230219273
19.43353,-99.190915,Polanco,54500.0,825.7575757575758,66.0,2,1.0,1,Familiar_Chico,BajaMarg_AltaGentrif,0.830531038273375,1.0,Alta_Accesibilidad,444.2627964713553
19.4332704,-99.1476839,Cuauhtémoc,40000.0,571.4285714285714,70.0,1,1.0,1,Familiar_Chico,BajaMarg_AltaGentrif,0.830531038273375,1.0,Alta_Accesibilidad,135.35499198714845
19.3698638,-99.1609858,Benito Juárez,34000.0,566.6666666666666,60.0,2,2.0,1,Familiar_Chico,BajaMarg_AltaGentrif,0.933319961735651,1.0,Alta_Accesibilidad,206.6644260086566
19.4402557,-99.1926322,Miguel Hidalgo,70000.0,569.1056910569106,123.0,3,2.0,1,Residencial_Lujo,BajaMarg_AltaGentrif,0.8585849060226639,1.0,Media_Accesibilidad,926.8825185861144
19.4343524,-99.164216,San Rafael,19500.0,629.0322580645161,31.0,1,1.0,1,Studio/Micro,AltaMarg_AltaGentrif,0.830531038273375,2.0,Media_Accesibilidad,733.8088026752155
19.4279483,-99.1588279,Cuauhtémoc,27000.0,627.9069767441861,43.0,1,1.0,1,Studio/Micro,AltaMarg_AltaGentrif,0.830531038273375,2.0,Alta_Accesibilidad,402.6917014396656
19.4143671,-99.1629946,Roma Sur,30000.0,750.0,40.0,1,1.0,1,Studio/Micro,AltaMarg_AltaGentrif,0.830531038273375,3.0,Alta_Accesibilidad,610.8159116494442
19.4326296,-99.1331785,Cuauhtémoc,48000.0,666.6666666666666,72.0,2,2.0,1,Familiar_Chico,AltaMarg_AltaGentrif,0.830531038273375,3.0,Alta_Accesibilidad,331.00531079168263
19.4071156,-99.1906167,Miguel Hidalgo,62000.0,712.6436781609195,87.0,2,1.0,1,Familiar_Chico,BajaMarg_AltaGentrif,0.8585849060226639,1.0,Media_Accesibilidad,749.9737885794543
19.2806569,-99.1458076,Tlalpan,70000.0,777.7777777777778,90.0,1,1.0,1,Familiar_Chico,BajaMarg_BajaGentrif,0.3919311241687132,1.0,Baja_Accesibilidad,4436.866211816262
19.4360737,-99.1539172,Cuauhtémoc,85000.0,772.7272727272727,110.0,1,1.0,1,Residencial_Lujo,BajaMarg_AltaGentrif,0.830531038273375,1.0,Alta_Accesibilidad,248.2217711481182
19.43353,-99.190915,Miguel Hidalgo,90000.0,608.1081081081081,148.0,2,2.0,1,Residencial_Lujo,BajaMarg_AltaGentrif,0.8585849060226639,1.0,Alta_Accesibilidad,444.2627964713553
19.442902,-99.2014215,Miguel Hidalgo,40500.0,578.5714285714286,70.0,1,1.0,1,Familiar_Chico,BajaMarg_AltaGentrif,0.8585849060226639,1.0,Media_Accesibilidad,1432.692904874115
19.4326296,-99.1331785,Cuauhtémoc,55000.0,687.5,80.0,1,1.0,1,Familiar_Chico,AltaMarg_AltaGentrif,0.830531038273375,3.0,Alta_Accesibilidad,331.00531079168263
19.4092659,-99.1795821,Cuauhtémoc,61000.0,762.5,80.0,1,1.0,1,Familiar_Chico,BajaMarg_AltaGentrif,0.830531038273375,1.0,Alta_Accesibilidad,549.783015560299
19.3698638,-99.1609858,Benito Juárez,120000.0,600.0,200.0,5,4.0,1,Residencial_Lujo,BajaMarg_AltaGentrif,0.933319961735651,1.0,Alta_Accesibilidad,206.6644260086566
19.4311522,-99.1999771,Polanco,130000.0,817.6100628930818,159.0,3,3.0,1,Residencial_Lujo,BajaMarg_AltaGentrif,0.830531038273375,1.0,Media_Accesibilidad,1008.4899072789786
19.4291735,-99.1704164,Cuauhtémoc,45000.0,584.4155844155844,77.0,2,2.0,1,Familiar_Chico,AltaMarg_AltaGentrif,0.830531038273375,2.0,Alta_Accesibilidad,572.5692919695771
19.4332913,-99.1628377,San Rafael,25000.0,625.0,40.0,1,1.0,1,Studio/Micro,AltaMarg_AltaGentrif,0.830531038273375,2.0,Media_Accesibilidad,681.4293135082052
19.4250756,-99.1995651,Polanco,110000.0,607.7348066298342,181.0,2,2.0,1,Residencial_Lujo,BajaMarg_AltaGentrif,0.830531038273375,1.0,Media_Accesibilidad,868.1800806428412
19.4250203,-99.1538022,Roma Norte,24000.0,571.4285714285714,42.0,1,1.0,1,Studio/Micro,AltaMarg_AltaGentrif,0.830531038273375,2.0,Alta_Accesibilidad,225.7457181990619
19.417649,-99.1745703,Condesa,50000.0,595.2380952380952,84.0,1,1.0,1,Familiar_Chico,AltaMarg_AltaGentrif,0.830531038273375,2.0,Alta_Accesibilidad,441.4958965500372
19.4343524,-99.164216,San Rafael,20200.0,651.6129032258065,31.0,1,1.0,1,Studio/Micro,AltaMarg_AltaGentrif,0.830531038273375,2.0,Media_Accesibilidad,733.8088026752155
19.4312045,-99.1515438,Cuauhtémoc,32000.0,800.0,40.0,2,1.0,1,Studio/Micro,AltaMarg_AltaGentrif,0.830531038273375,2.0,Alta_Accesibilidad,324.5698413843067
19.43353,-99.190915,Miguel Hidalgo,150000.0,652.1739130434783,230.0,3,3.0,1,Residencial_Lujo,BajaMarg_AltaGentrif,0.8585849060226639,1.0,Alta_Accesibilidad,444.2627964713553
19.433377,-99.1662119,Cuauhtémoc,47000.0,681.1594202898551,69.0,2,2.0,1,Familiar_Chico,AltaMarg_AltaGentrif,0.830531038273375,2.0,Media_Accesibilidad,833.5366652424449
19.3601288,-99.1308601,000,79000.0,632.0,125.0,3,3.0,1,Residencial_Lujo,BajaMarg_AltaGentrif,0.830531038273375,1.0,Media_Accesibilidad,1148.2652308296954
19.4257361,-99.1694323,Cuauhtémoc,62500.0,833.3333333333334,75.0,1,1.0,1,Familiar_Chico,AltaMarg_AltaGentrif,0.830531038273375,2.0,Alta_Accesibilidad,289.79332866908027
19.43353,-99.190915,Miguel Hidalgo,85000.0,680.0,125.0,3,3.0,1,Residencial_Lujo,BajaMarg_AltaGentrif,0.8585849060226639,1.0,Alta_Accesibilidad,444.2627964713553
19.4148639,-99.176429,Cuauhtémoc,45000.0,562.5,80.0,2,2.0,1,Familiar_Chico,AltaMarg_AltaGentrif,0.830531038273375,2.0,Media_Accesibilidad,725.1757598203221
19.4183227,-99.1625655,Cuauhtémoc,34000.0,666.6666666666666,51.0,1,1.0,1,Familiar_Chico,AltaMarg_AltaGentrif,0.830531038273375,2.0,Alta_Accesibilidad,451.54832230219273
19.4343524,-99.164216,San Rafael,21500.0,581.081081081081,37.0,1,1.0,1,Studio/Micro,AltaMarg_AltaGentrif,0.830531038273375,2.0,Media_Accesibilidad,733.8088026752155
19.4058335,-99.1633037,Cuauhtémoc,43500.0,725.0,60.0,1,1.0,1,Familiar_Chico,AltaMarg_AltaGentrif,0.830531038273375,3.0,Alta_Accesibilidad,609.7826521894331
19.442902,-99.2014215,Miguel Hidalgo,88000.0,611.1111111111111,144.0,3,2.0,1,Residencial_Lujo,BajaMarg_AltaGentrif,0.8585849060226639,1.0,Media_Accesibilidad,1432.692904874115
19.4337689,-99.1940737,Miguel Hidalgo,120000.0,628.2722513089005,191.0,3,4.0,1,Residencial_Lujo,BajaMarg_AltaGentrif,0.8585849060226639,1.0,Media_Accesibilidad,656.3477855911955
19.43353,-99.190915,Miguel Hidalgo,26900.0,584.7826086956521,46.0,1,1.0,1,Studio/Micro,BajaMarg_AltaGentrif,0.8585849060226639,1.0,Alta_Accesibilidad,444.2627964713553
19.43353,-99.190915,Miguel Hidalgo,67000.0,670.0,100.0,2,2.0,1,Familiar_Chico,BajaMarg_AltaGentrif,0.8585849060226639,1.0,Alta_Accesibilidad,444.2627964713553
19.4360737,-99.1539172,Cuauhtémoc,30000.0,600.0,50.0,1,1.0,1,Familiar_Chico,BajaMarg_AltaGentrif,0.830531038273375,1.0,Alta_Accesibilidad,248.2217711481182
19.43353,-99.190915,Miguel Hidalgo,75000.0,669.6428571428571,112.0,2,2.0,1,Residencial_Lujo,BajaMarg_AltaGentrif,0.8585849060226639,1.0,Alta_Accesibilidad,444.2627964713553
19.4406152,-99.2029724,Granada,40000.0,571.4285714285714,70.0,2,2.0,1,Familiar_Chico,BajaMarg_AltaGentrif,0.830531038273375,1.0,Media_Accesibilidad,1510.6840122880783
19.4326296,-99.1331785,Cuauhtémoc,26500.0,854.8387096774194,31.0,1,1.0,1,Studio/Micro,AltaMarg_AltaGentrif,0.830531038273375,3.0,Alta_Accesibilidad,331.00531079168263
19.43353,-99.190915,Polanco,135000.0,710.5263157894736,190.0,3,2.0,1,Residencial_Lujo,BajaMarg_AltaGentrif,0.830531038273375,1.0,Alta_Accesibilidad,444.2627964713553
19.4326296,-99.1331785,Cuauhtémoc,36700.0,764.5833333333334,48.0,1,1.0,1,Studio/Micro,AltaMarg_AltaGentrif,0.830531038273375,3.0,Alta_Accesibilidad,331.00531079168263
19.4183227,-99.1625655,Cuauhtémoc,58500.0,835.7142857142857,70.0,1,1.0,1,Familiar_Chico,AltaMarg_AltaGentrif,0.830531038273375,2.0,Alta_Accesibilidad,451.54832230219273
19.442902,-99.2014215,Miguel Hidalgo,36000.0,642.8571428571429,56.0,1,1.0,1,Familiar_Chico,BajaMarg_AltaGentrif,0.8585849060226639,1.0,Media_Accesibilidad,1432.692904874115
19.4442266,-99.1818399,Miguel Hidalgo,39000.0,573.5294117647059,68.0,1,1.0,1,Familiar_Chico,BajaMarg_AltaGentrif,0.8585849060226639,1.0,Media_Accesibilidad,1206.9396346149824
19.442902,-99.2014215,Miguel Hidalgo,33500.0,697.9166666666666,48.0,1,1.0,1,Studio/Micro,BajaMarg_AltaGentrif,0.8585849060226639,1.0,Media_Accesibilidad,1432.692904874115
19.3667625,-99.267075,Cuajimalpa de Morelos,33600.0,685.7142857142857,49.0,1,1.0,1,Studio/Micro,BajaMarg_BajaGentrif,0.49427437331671703,1.0,Baja_Accesibilidad,8161.147776796086
19.442902,-99.2014215,Miguel Hidalgo,27600.0,641.8604651162791,43.0,1,1.0,1,Studio/Micro,BajaMarg_AltaGentrif,0.8585849060226639,1.0,Media_Accesibilidad,1432.692904874115
19.4510167,-99.2013234,Miguel Hidalgo,40500.0,698.2758620689655,58.0,1,1.0,1,Familiar_Chico,BajaMarg_AltaGentrif,0.8585849060226639,1.0,Baja_Accesibilidad,1634.4739878100766
19.4433703,-99.2028324,Ampliación Granada,40500.0,578.5714285714286,70.0,1,1.0,1,Familiar_Chico,BajaMarg_AltaGentrif,0.830531038273375,1.0,Media_Accesibilidad,1553.9315344938075
19.4314989,-99.1650916,Cuauhtémoc,40000.0,571.4285714285714,70.0,2,2.0,1,Familiar_Chico,AltaMarg_AltaGentrif,0.830531038273375,2.0,Alta_Accesibilidad,610.2762143072492
19.3667625,-99.267075,Cuajimalpa de Morelos,30500.0,677.7777777777778,45.0,1,1.0,1,Studio/Micro,BajaMarg_BajaGentrif,0.49427437331671703,1.0,Baja_Accesibilidad,8161.147776796086
19.4332704,-99.1476839,Cuauhtémoc,40400.0,631.25,64.0,1,1.0,1,Familiar_Chico,BajaMarg_AltaGentrif,0.830531038273375,1.0,Alta_Accesibilidad,135.35499198714845
19.3896634,-99.1738081,Benito Juárez,16000.0,571.4285714285714,28.0,1,1.0,1,Studio/Micro,BajaMarg_AltaGentrif,0.933319961735651,1.0,Media_Accesibilidad,1006.3491602454259
19.4332704,-99.1476839,Cuauhtémoc,17100.0,610.7142857142857,28.0,1,1.0,1,Studio/Micro,BajaMarg_AltaGentrif,0.830531038273375,1.0,Alta_Accesibilidad,135.35499198714845
19.4092659,-99.1795821,Cuauhtémoc,26500.0,854.8387096774194,31.0,1,1.0,1,Studio/Micro,BajaMarg_AltaGentrif,0.830531038273375,1.0,Alta_Accesibilidad,549.783015560299
19.4489743,-99.1571438,Cuauhtémoc,20000.0,571.4285714285714,35.0,1,1.0,1,Studio/Micro,AltaMarg_AltaGentrif,0.830531038273375,4.0,Media_Accesibilidad,772.6324236085375
19.4092659,-99.1795821,Cuauhtémoc,31300.0,802.5641025641025,39.0,1,1.0,1,Studio/Micro,BajaMarg_AltaGentrif,0.830531038273375,1.0,Alta_Accesibilidad,549.783015560299
19.4183227,-99.1625655,Roma Norte,30000.0,666.6666666666666,45.0,1,1.0,1,Studio/Micro,AltaMarg_AltaGentrif,0.830531038273375,2.0,Alta_Accesibilidad,451.54832230219273
19.4183227,-99.1625655,Roma Norte,30000.0,666.6666666666666,45.0,1,1.0,1,Studio/Micro,AltaMarg_AltaGentrif,0.830531038273375,2.0,Alta_Accesibilidad,451.54832230219273
19.4402557,-99.1926322,Miguel Hidalgo,35000.0,583.3333333333334,60.0,1,1.0,1,Familiar_Chico,BajaMarg_AltaGentrif,0.8585849060226639,1.0,Media_Accesibilidad,926.8825185861144
19.4343524,-99.164216,San Rafael,23100.0,607.8947368421053,38.0,1,1.0,1,Studio/Micro,AltaMarg_AltaGentrif,0.830531038273375,2.0,Media_Accesibilidad,733.8088026752155
19.4328346,-99.1508082,Juárez,43400.0,611.2676056338029,71.0,2,2.0,1,Familiar_Chico,BajaMarg_AltaGentrif,0.830531038273375,1.0,Alta_Accesibilidad,225.31131346117144
19.4328346,-99.1508082,Juárez,43300.0,636.7647058823529,68.0,2,2.0,1,Familiar_Chico,BajaMarg_AltaGentrif,0.830531038273375,1.0,Alta_Accesibilidad,225.31131346117144
19.4092659,-99.1795821,Hipodromo Condesa,50000.0,574.7126436781609,87.0,2,2.0,1,Familiar_Chico,BajaMarg_AltaGentrif,0.830531038273375,1.0,Alta_Accesibilidad,549.783015560299
19.4343524,-99.164216,San Rafael,43900.0,585.3333333333334,75.0,3,2.0,1,Familiar_Grande,AltaMarg_AltaGentrif,0.830531038273375,2.0,Media_Accesibilidad,733.8088026752155
19.3689202,-99.2841685,Cuajimalpa de Morelos,11500.0,575.0,20.0,1,1.0,1,Studio/Micro,AltaMarg_BajaGentrif,0.49427437331671703,3.0,Baja_Accesibilidad,9824.665862042097
19.4148639,-99.176429,Cuauhtémoc,25300.0,702.7777777777778,36.0,1,1.0,1,Studio/Micro,AltaMarg_AltaGentrif,0.830531038273375,2.0,Media_Accesibilidad,725.1757598203221
19.4362644,-99.1744021,Miguel Hidalgo,16900.0,563.3333333333334,30.0,1,1.0,1,Studio/Micro,BajaMarg_AltaGentrif,0.8585849060226639,1.0,Media_Accesibilidad,1127.3604543646725
19.4093714,-99.1712126,Cuauhtémoc,14500.0,659.0909090909091,22.0,1,1.0,1,Studio/Micro,AltaMarg_AltaGentrif,0.830531038273375,2.0,Alta_Accesibilidad,514.202520508241
19.5084773,-99.1579443,Gustavo A. Madero,18500.0,616.6666666666666,30.0,2,1.0,1,Studio/Micro,BajaMarg_BajaGentrif,0.829803447501769,1.0,Media_Accesibilidad,837.6232326392529
19.4058335,-99.1633037,Cuauhtémoc,25500.0,621.9512195121952,41.0,1,1.0,1,Studio/Micro,AltaMarg_AltaGentrif,0.830531038273375,3.0,Alta_Accesibilidad,609.7826521894331
19.4183227,-99.1625655,Cuauhtémoc,44000.0,611.1111111111111,72.0,2,2.0,1,Familiar_Chico,AltaMarg_AltaGentrif,0.830531038273375,2.0,Alta_Accesibilidad,451.54832230219273
19.4183227,-99.1625655,Cuauhtémoc,85000.0,664.0625,128.0,3,2.0,1,Residencial_Lujo,AltaMarg_AltaGentrif,0.830531038273375,2.0,Alta_Accesibilidad,451.54832230219273
19.4332704,-99.1476839,Cuauhtémoc,105000.0,632.5301204819277,166.0,3,2.0,1,Residencial_Lujo,BajaMarg_AltaGentrif,0.830531038273375,1.0,Alta_Accesibilidad,135.35499198714845
19.442902,-99.2014215,Miguel Hidalgo,143000.0,650.0,220.0,2,2.0,1,Residencial_Lujo,BajaMarg_AltaGentrif,0.8585849060226639,1.0,Media_Accesibilidad,1432.692904874115
19.4402557,-99.1926322,Miguel Hidalgo,45000.0,562.5,80.0,2,2.0,1,Familiar_Chico,BajaMarg_AltaGentrif,0.8585849060226639,1.0,Media_Accesibilidad,926.8825185861144
19.3896634,-99.1738081,Benito Juárez,40500.0,570.4225352112676,71.0,2,2.0,1,Familiar_Chico,BajaMarg_AltaGentrif,0.933319961735651,1.0,Media_Accesibilidad,1006.3491602454259
19.4362644,-99.1744021,Miguel Hidalgo,17000.0,566.6666666666666,30.0,1,1.0,1,Studio/Micro,BajaMarg_AltaGentrif,0.8585849060226639,1.0,Media_Accesibilidad,1127.3604543646725
19.4360737,-99.1539172,Cuauhtémoc,25000.0,625.0,40.0,1,1.0,1,Studio/Micro,BajaMarg_AltaGentrif,0.830531038273375,1.0,Alta_Accesibilidad,248.2217711481182
19.3581682,-99.272261,Cuajimalpa de Morelos,170000.0,602.8368794326241,282.0,3,3.0,1,Residencial_Lujo,BajaMarg_BajaGentrif,0.49427437331671703,1.0,Baja_Accesibilidad,8801.23140399282
19.4205261,-99.1749935,Roma Norte,45200.0,664.7058823529412,68.0,2,2.0,1,Familiar_Chico,AltaMarg_AltaGentrif,0.830531038273375,2.0,Alta_Accesibilidad,185.62495725527012
19.4205261,-99.1749935,Roma Norte,31700.0,737.2093023255813,43.0,1,1.0,1,Studio/Micro,AltaMarg_AltaGentrif,0.830531038273375,2.0,Alta_Accesibilidad,185.62495725527012
19.4332543,-99.189629,Miguel Hidalgo,42000.0,913.0434782608696,46.0,1,1.0,1,Studio/Micro,BajaMarg_AltaGentrif,0.8585849060226639,1.0,Alta_Accesibilidad,499.1359076022252
19.4148639,-99.176429,Cuauhtémoc,34700.0,654.7169811320755,53.0,1,1.0,1,Familiar_Chico,AltaMarg_AltaGentrif,0.830531038273375,2.0,Media_Accesibilidad,725.1757598203221
19.4332543,-99.189629,Miguel Hidalgo,44500.0,706.3492063492064,63.0,1,1.0,1,Familiar_Chico,BajaMarg_AltaGentrif,0.8585849060226639,1.0,Alta_Accesibilidad,499.1359076022252
19.4343524,-99.164216,San Rafael,25000.0,806.4516129032259,31.0,1,1.0,1,Studio/Micro,AltaMarg_AltaGentrif,0.830531038273375,2.0,Media_Accesibilidad,733.8088026752155
19.4373908,-99.2099817,Miguel Hidalgo,71500.0,722.2222222222222,99.0,2,2.0,1,Familiar_Chico,BajaMarg_AltaGentrif,0.8585849060226639,1.0,Baja_Accesibilidad,2060.451067215517
19.4183227,-99.1625655,Cuauhtémoc,47000.0,587.5,80.0,1,1.0,1,Familiar_Chico,AltaMarg_AltaGentrif,0.830531038273375,2.0,Alta_Accesibilidad,451.54832230219273
19.4417323,-99.2039742,Miguel Hidalgo,60000.0,582.5242718446602,103.0,2,2.0,1,Residencial_Lujo,BajaMarg_AltaGentrif,0.8585849060226639,1.0,Media_Accesibilidad,1606.695877720283
19.442902,-99.2014215,Miguel Hidalgo,48800.0,567.4418604651163,86.0,1,1.0,1,Familiar_Chico,BajaMarg_AltaGentrif,0.8585849060226639,1.0,Media_Accesibilidad,1432.692904874115
19.4148639,-99.176429,Cuauhtémoc,55000.0,639.5348837209302,86.0,2,1.0,1,Familiar_Chico,AltaMarg_AltaGentrif,0.830531038273375,2.0,Media_Accesibilidad,725.1757598203221
19.4205261,-99.1749935,Roma Norte,27700.0,659.5238095238095,42.0,1,1.0,1,Studio/Micro,AltaMarg_AltaGentrif,0.830531038273375,2.0,Alta_Accesibilidad,185.62495725527012
19.4402557,-99.1926322,Miguel Hidalgo,120000.0,800.0,150.0,2,2.0,1,Residencial_Lujo,BajaMarg_AltaGentrif,0.8585849060226639,1.0,Media_Accesibilidad,926.8825185861144
19.4259402,-99.1617062,Cuauhtémoc,26000.0,666.6666666666666,39.0,1,1.0,1,Studio/Micro,AltaMarg_AltaGentrif,0.830531038273375,2.0,Alta_Accesibilidad,280.63735682837864
19.4379452,-99.1624218,Cuauhtémoc,21600.0,568.421052631579,38.0,1,1.0,1,Studio/Micro,AltaMarg_AltaGentrif,0.830531038273375,3.0,Alta_Accesibilidad,574.0132665438462
19.4426101,-99.1614649,San Rafael,28900.0,656.8181818181819,44.0,1,1.0,1,Studio/Micro,AltaMarg_AltaGentrif,0.830531038273375,3.0,Alta_Accesibilidad,510.8811821150578
19.4268288,-99.1918853,Miguel Hidalgo,75000.0,576.9230769230769,130.0,2,2.0,1,Residencial_Lujo,BajaMarg_AltaGentrif,0.8585849060226639,1.0,Alta_Accesibilidad,383.1986337299902
19.442902,-99.2014215,Miguel Hidalgo,68000.0,566.6666666666666,120.0,2,2.0,1,Residencial_Lujo,BajaMarg_AltaGentrif,0.8585849060226639,1.0,Media_Accesibilidad,1432.692904874115
19.4426101,-99.1614649,San Rafael,27700.0,728.9473684210526,38.0,1,1.0,1,Studio/Micro,AltaMarg_AltaGentrif,0.830531038273375,3.0,Alta_Accesibilidad,510.8811821150578
19.4426101,-99.1614649,San Rafael,25800.0,697.2972972972973,37.0,1,1.0,1,Studio/Micro,AltaMarg_AltaGentrif,0.830531038273375,3.0,Alta_Accesibilidad,510.8811821150578
19.4259131,-99.1654306,Juárez,25000.0,568.1818181818181,44.0,1,1.0,1,Studio/Micro,AltaMarg_AltaGentrif,0.830531038273375,2.0,Alta_Accesibilidad,288.1965901664896
19.4426101,-99.1614649,San Rafael,23100.0,607.8947368421053,38.0,1,1.0,1,Studio/Micro,AltaMarg_AltaGentrif,0.830531038273375,3.0,Alta_Accesibilidad,510.8811821150578
19.4183227,-99.1625655,Cuauhtémoc,30000.0,600.0,50.0,1,1.0,1,Familiar_Chico,AltaMarg_AltaGentrif,0.830531038273375,2.0,Alta_Accesibilidad,451.54832230219273
19.4426101,-99.1614649,San Rafael,40200.0,566.1971830985915,71.0,2,2.0,1,Familiar_Chico,AltaMarg_AltaGentrif,0.830531038273375,3.0,Alta_Accesibilidad,510.8811821150578
19.4347645,-99.1440954,Cuauhtémoc,27000.0,627.9069767441861,43.0,1,1.0,1,Studio/Micro,BajaMarg_AltaGentrif,0.830531038273375,1.0,Alta_Accesibilidad,299.23934836988536
19.4326296,-99.1331785,Cuauhtémoc,29000.0,580.0,50.0,1,1.0,1,Familiar_Chico,AltaMarg_AltaGentrif,0.830531038273375,3.0,Alta_Accesibilidad,331.00531079168263
19.4156998,-99.2136879,Miguel Hidalgo,94000.0,626.6666666666666,150.0,2,2.0,1,Residencial_Lujo,BajaMarg_AltaGentrif,0.8585849060226639,1.0,Baja_Accesibilidad,2535.156919896198
19.4329664,-99.1997832,Miguel Hidalgo,55000.0,785.7142857142857,70.0,1,1.0,1,Familiar_Chico,BajaMarg_AltaGentrif,0.8585849060226639,1.0,Media_Accesibilidad,1023.9573256776116
19.43353,-99.190915,Miguel Hidalgo,65000.0,747.1264367816092,87.0,2,1.0,1,Familiar_Chico,BajaMarg_AltaGentrif,0.8585849060226639,1.0,Alta_Accesibilidad,444.2627964713553
19.4312045,-99.1515438,Cuauhtémoc,19500.0,629.0322580645161,31.0,1,1.0,1,Studio/Micro,AltaMarg_AltaGentrif,0.830531038273375,2.0,Alta_Accesibilidad,324.5698413843067
19.4379452,-99.1624218,Cuauhtémoc,20200.0,631.25,32.0,1,1.0,1,Studio/Micro,AltaMarg_AltaGentrif,0.830531038273375,3.0,Alta_Accesibilidad,574.0132665438462
19.43353,-99.190915,Miguel Hidalgo,90000.0,600.0,150.0,2,2.0,1,Residencial_Lujo,BajaMarg_AltaGentrif,0.8585849060226639,1.0,Alta_Accesibilidad,444.2627964713553
19.404567,-99.1717664,Condesa,65000.0,670.1030927835052,97.0,2,2.0,1,Familiar_Chico,AltaMarg_AltaGentrif,0.830531038273375,2.0,Alta_Accesibilidad,500.69509857326796
19.4148639,-99.176429,Cuauhtémoc,75000.0,635.5932203389831,118.0,2,2.0,1,Residencial_Lujo,AltaMarg_AltaGentrif,0.830531038273375,2.0,Media_Accesibilidad,725.1757598203221
19.4442963,-99.202542,Miguel Hidalgo,40500.0,578.5714285714286,70.0,1,1.0,1,Familiar_Chico,BajaMarg_AltaGentrif,0.8585849060226639,1.0,Media_Accesibilidad,1558.2228235079954
19.4344621,-99.2095072,Miguel Hidalgo,48800.0,717.6470588235294,68.0,2,2.0,1,Familiar_Chico,BajaMarg_AltaGentrif,0.8585849060226639,1.0,Baja_Accesibilidad,1933.5469339988058
19.4332704,-99.1476839,Cuauhtémoc,32000.0,666.6666666666666,48.0,1,1.0,1,Studio/Micro,BajaMarg_AltaGentrif,0.830531038273375,1.0,Alta_Accesibilidad,135.35499198714845
19.3896634,-99.1738081,Benito Juárez,40500.0,578.5714285714286,70.0,2,2.0,1,Familiar_Chico,BajaMarg_AltaGentrif,0.933319961735651,1.0,Media_Accesibilidad,1006.3491602454259
19.1416217,-99.1684376,800,38800.0,570.5882352941177,68.0,2,2.0,1,Familiar_Chico,BajaMarg_AltaGentrif,0.830531038273375,0.0,Baja_Accesibilidad,18316.544008353478
19.427075,-99.1983253,Miguel Hidalgo,90000.0,588.2352941176471,153.0,2,2.0,1,Residencial_Lujo,BajaMarg_AltaGentrif,0.8585849060226639,1.0,Media_Accesibilidad,741.3941006358923
19.4326,-99.1332,Col. Polanco Iii Sección,90000.0,600.0,150.0,2,2.0,1,Residencial_Lujo,AltaMarg_AltaGentrif,0.830531038273375,3.0,Alta_Accesibilidad,330.46776435848415
19.4402557,-99.1926322,Miguel Hidalgo,49000.0,612.5,80.0,2,2.0,1,Familiar_Chico,BajaMarg_AltaGentrif,0.8585849060226639,1.0,Media_Accesibilidad,926.8825185861144
19.427075,-99.1983253,Miguel Hidalgo,90000.0,600.0,150.0,2,2.0,1,Residencial_Lujo,BajaMarg_AltaGentrif,0.8585849060226639,1.0,Media_Accesibilidad,741.3941006358923
19.4326296,-99.1331785,Cuauhtémoc,35000.0,583.3333333333334,60.0,1,1.0,1,Familiar_Chico,AltaMarg_AltaGentrif,0.830531038273375,3.0,Alta_Accesibilidad,331.00531079168263
19.4339657,-99.196568,Miguel Hidalgo,90000.0,588.2352941176471,153.0,2,2.0,1,Residencial_Lujo,BajaMarg_AltaGentrif,0.8585849060226639,1.0,Media_Accesibilidad,832.6394583340718
19.43353,-99.190915,Miguel Hidalgo,90000.0,588.2352941176471,153.0,2,2.0,1,Residencial_Lujo,BajaMarg_AltaGentrif,0.8585849060226639,1.0,Alta_Accesibilidad,444.2627964713553
19.427075,-99.1983253,Miguel Hidalgo,90000.0,588.2352941176471,153.0,2,2.0,1,Residencial_Lujo,BajaMarg_AltaGentrif,0.8585849060226639,1.0,Media_Accesibilidad,741.3941006358923
19.43353,-99.190915,Miguel Hidalgo,65000.0,650.0,100.0,2,2.0,1,Familiar_Chico,BajaMarg_AltaGentrif,0.8585849060226639,1.0,Alta_Accesibilidad,444.2627964713553
19.4293554,-99.1923085,Miguel Hidalgo,50000.0,595.2380952380952,84.0,2,1.0,1,Familiar_Chico,BajaMarg_AltaGentrif,0.8585849060226639,1.0,Alta_Accesibilidad,556.6517240910755
19.4368008,-99.1585552,San Rafael,20200.0,651.6129032258065,31.0,1,1.0,1,Studio/Micro,AltaMarg_AltaGentrif,0.830531038273375,3.0,Alta_Accesibilidad,416.63961937541984
19.4113049,-99.1687117,Condesa,36700.0,764.5833333333334,48.0,1,1.0,1,Studio/Micro,AltaMarg_AltaGentrif,0.830531038273375,2.0,Alta_Accesibilidad,474.9790029436261
19.4464627,-99.1704843,Anahuac,33000.0,600.0,55.0,1,1.0,1,Familiar_Chico,AltaMarg_AltaGentrif,0.830531038273375,2.0,Media_Accesibilidad,935.8024147175752
19.5538588,-99.2623691,000,18000.0,600.0,30.0,1,1.0,1,Studio/Micro,AltaMarg_AltaGentrif,0.830531038273375,3.0,Baja_Accesibilidad,8242.92251547936
19.2181385,-99.0506388,500,17500.0,700.0,25.0,1,1.0,1,Studio/Micro,AltaMarg_AltaGentrif,0.830531038273375,4.0,Baja_Accesibilidad,9351.195512151504
19.43353,-99.190915,Miguel Hidalgo,80000.0,640.0,125.0,2,2.0,1,Residencial_Lujo,BajaMarg_AltaGentrif,0.8585849060226639,1.0,Alta_Accesibilidad,444.2627964713553
19.4422886,-99.193256,Ampliación Granada,55000.0,705.1282051282051,78.0,1,1.0,1,Familiar_Chico,BajaMarg_AltaGentrif,0.830531038273375,1.0,Media_Accesibilidad,914.3697583871508
19.4464627,-99.1704843,Anahuac,34000.0,618.1818181818181,55.0,1,1.0,1,Familiar_Chico,AltaMarg_AltaGentrif,0.830531038273375,2.0,Media_Accesibilidad,935.8024147175752
19.3896634,-99.1738081,Benito Juárez,30000.0,666.6666666666666,45.0,1,1.0,1,Studio/Micro,BajaMarg_AltaGentrif,0.933319961735651,1.0,Media_Accesibilidad,1006.3491602454259
19.43353,-99.190915,Miguel Hidalgo,120000.0,727.2727272727273,165.0,2,2.0,1,Residencial_Lujo,BajaMarg_AltaGentrif,0.8585849060226639,1.0,Alta_Accesibilidad,444.2627964713553
19.43353,-99.190915,Miguel Hidalgo,66500.0,604.5454545454545,110.0,2,2.0,1,Residencial_Lujo,BajaMarg_AltaGentrif,0.8585849060226639,1.0,Alta_Accesibilidad,444.2627964713553
19.43353,-99.190915,Miguel Hidalgo,70000.0,636.3636363636364,110.0,2,2.0,1,Residencial_Lujo,BajaMarg_AltaGentrif,0.8585849060226639,1.0,Alta_Accesibilidad,444.2627964713553
19.4058335,-99.1633037,Cuauhtémoc,19700.0,562.8571428571429,35.0,1,1.0,1,Studio/Micro,AltaMarg_AltaGentrif,0.830531038273375,3.0,Alta_Accesibilidad,609.7826521894331
19.4326296,-99.1331785,Cuauhtémoc,195000.0,719.5571955719557,271.0,2,2.0,1,Residencial_Lujo,AltaMarg_AltaGentrif,0.830531038273375,3.0,Alta_Accesibilidad,331.00531079168263
19.3881071,-99.2511696,Cuajimalpa de Morelos,25000.0,641.025641025641,39.0,1,1.0,1,Studio/Micro,BajaMarg_BajaGentrif,0.49427437331671703,1.0,Baja_Accesibilidad,6138.247135334897
19.43353,-99.190915,Miguel Hidalgo,58500.0,886.3636363636364,66.0,2,1.0,1,Familiar_Chico,BajaMarg_AltaGentrif,0.8585849060226639,1.0,Alta_Accesibilidad,444.2627964713553
19.43353,-99.190915,Miguel Hidalgo,90000.0,600.0,150.0,2,2.0,1,Residencial_Lujo,BajaMarg_AltaGentrif,0.8585849060226639,1.0,Alta_Accesibilidad,444.2627964713553
19.4183227,-99.1625655,Cuauhtémoc,58500.0,835.7142857142857,70.0,1,1.0,1,Familiar_Chico,AltaMarg_AltaGentrif,0.830531038273375,2.0,Alta_Accesibilidad,451.54832230219273
19.43353,-99.190915,Miguel Hidalgo,90000.0,588.2352941176471,153.0,2,3.0,1,Residencial_Lujo,BajaMarg_AltaGentrif,0.8585849060226639,1.0,Alta_Accesibilidad,444.2627964713553
19.442902,-99.2014215,Miguel Hidalgo,55000.0,705.1282051282051,78.0,1,1.0,1,Familiar_Chico,BajaMarg_AltaGentrif,0.8585849060226639,1.0,Media_Accesibilidad,1432.692904874115
19.4332704,-99.1476839,Cuauhtémoc,38000.0,745.0980392156863,51.0,1,1.0,1,Familiar_Chico,BajaMarg_AltaGentrif,0.830531038273375,1.0,Alta_Accesibilidad,135.35499198714845
19.43353,-99.190915,Miguel Hidalgo,110000.0,567.0103092783505,194.0,2,2.0,1,Residencial_Lujo,BajaMarg_AltaGentrif,0.8585849060226639,1.0,Alta_Accesibilidad,444.2627964713553
19.442902,-99.2014215,Miguel Hidalgo,45000.0,642.8571428571429,70.0,1,1.0,1,Familiar_Chico,BajaMarg_AltaGentrif,0.8585849060226639,1.0,Media_Accesibilidad,1432.692904874115
19.43353,-99.190915,Miguel Hidalgo,110000.0,578.9473684210526,190.0,3,3.0,1,Residencial_Lujo,BajaMarg_AltaGentrif,0.8585849060226639,1.0,Alta_Accesibilidad,444.2627964713553
19.4332704,-99.1476839,Cuauhtémoc,32000.0,666.6666666666666,48.0,1,1.0,1,Studio/Micro,BajaMarg_AltaGentrif,0.830531038273375,1.0,Alta_Accesibilidad,135.35499198714845
19.4148639,-99.176429,Cuauhtémoc,40000.0,714.2857142857143,56.0,1,1.0,1,Familiar_Chico,AltaMarg_AltaGentrif,0.830531038273375,2.0,Media_Accesibilidad,725.1757598203221
19.4332704,-99.1476839,Cuauhtémoc,45000.0,671.6417910447761,67.0,1,1.0,1,Familiar_Chico,BajaMarg_AltaGentrif,0.830531038273375,1.0,Alta_Accesibilidad,135.35499198714845
19.4332704,-99.1476839,Cuauhtémoc,31000.0,738.0952380952381,42.0,0,1.0,1,Studio/Micro,BajaMarg_AltaGentrif,0.830531038273375,1.0,Alta_Accesibilidad,135.35499198714845
19.442902,-99.2014215,Miguel Hidalgo,38000.0,633.3333333333334,60.0,1,2.0,1,Familiar_Chico,BajaMarg_AltaGentrif,0.8585849060226639,1.0,Media_Accesibilidad,1432.692904874115
19.4402557,-99.1926322,Miguel Hidalgo,42000.0,656.25,64.0,1,1.0,1,Familiar_Chico,BajaMarg_AltaGentrif,0.8585849060226639,1.0,Media_Accesibilidad,926.8825185861144
19.442902,-99.2014215,Miguel Hidalgo,49000.0,612.5,80.0,2,2.0,1,Familiar_Chico,BajaMarg_AltaGentrif,0.8585849060226639,1.0,Media_Accesibilidad,1432.692904874115
19.4324484,-99.1360896,Cuauhtémoc,38000.0,666.6666666666666,57.0,2,2.0,1,Familiar_Chico,AltaMarg_AltaGentrif,0.830531038273375,3.0,Alta_Accesibilidad,375.1134994415067
19.4332704,-99.1476839,Cuauhtémoc,58000.0,743.5897435897435,78.0,1,1.0,1,Familiar_Chico,BajaMarg_AltaGentrif,0.830531038273375,1.0,Alta_Accesibilidad,135.35499198714845
19.4148639,-99.176429,Cuauhtémoc,52000.0,611.7647058823529,85.0,2,1.0,1,Familiar_Chico,AltaMarg_AltaGentrif,0.830531038273375,2.0,Media_Accesibilidad,725.1757598203221
19.4148639,-99.176429,Cuauhtémoc,23000.0,575.0,40.0,0,1.0,1,Studio/Micro,AltaMarg_AltaGentrif,0.830531038273375,2.0,Media_Accesibilidad,725.1757598203221
19.4183227,-99.1625655,Cuauhtémoc,20000.0,714.2857142857143,28.0,1,1.0,1,Studio/Micro,AltaMarg_AltaGentrif,0.830531038273375,2.0,Alta_Accesibilidad,451.54832230219273
19.4183227,-99.1625655,Cuauhtémoc,20000.0,588.2352941176471,34.0,0,1.0,1,Studio/Micro,AltaMarg_AltaGentrif,0.830531038273375,2.0,Alta_Accesibilidad,451.54832230219273
19.43353,-99.190915,Miguel Hidalgo,88000.0,586.6666666666666,150.0,2,2.0,1,Residencial_Lujo,BajaMarg_AltaGentrif,0.8585849060226639,1.0,Alta_Accesibilidad,444.2627964713553
19.4148639,-99.176429,Cuauhtémoc,55000.0,597.8260869565217,92.0,2,2.0,1,Familiar_Chico,AltaMarg_AltaGentrif,0.830531038273375,2.0,Media_Accesibilidad,725.1757598203221
19.4360737,-99.1539172,Cuauhtémoc,27000.0,675.0,40.0,1,1.0,1,Studio/Micro,BajaMarg_AltaGentrif,0.830531038273375,1.0,Alta_Accesibilidad,248.2217711481182
19.4360737,-99.1539172,Cuauhtémoc,56000.0,700.0,80.0,2,2.0,1,Familiar_Chico,BajaMarg_AltaGentrif,0.830531038273375,1.0,Alta_Accesibilidad,248.2217711481182
19.4332704,-99.1476839,Cuauhtémoc,27500.0,723.6842105263158,38.0,1,1.0,1,Studio/Micro,BajaMarg_AltaGentrif,0.830531038273375,1.0,Alta_Accesibilidad,135.35499198714845
19.4058335,-99.1633037,Cuauhtémoc,25000.0,757.5757575757576,33.0,1,1.0,1,Studio/Micro,AltaMarg_AltaGentrif,0.830531038273375,3.0,Alta_Accesibilidad,609.7826521894331
19.4379452,-99.1624218,Cuauhtémoc,44900.0,632.3943661971831,71.0,2,2.0,1,Familiar_Chico,AltaMarg_AltaGentrif,0.830531038273375,3.0,Alta_Accesibilidad,574.0132665438462
19.442902,-99.2014215,Miguel Hidalgo,24000.0,727.2727272727273,33.0,1,1.0,1,Studio/Micro,BajaMarg_AltaGentrif,0.8585849060226639,1.0,Media_Accesibilidad,1432.692904874115
19.4402557,-99.1926322,Miguel Hidalgo,70000.0,573.7704918032787,122.0,3,2.0,1,Residencial_Lujo,BajaMarg_AltaGentrif,0.8585849060226639,1.0,Media_Accesibilidad,926.8825185861144
19.4071156,-99.1906167,Miguel Hidalgo,23500.0,618.421052631579,38.0,1,1.0,1,Studio/Micro,BajaMarg_AltaGentrif,0.8585849060226639,1.0,Media_Accesibilidad,749.9737885794543
19.4332704,-99.1476839,Cuauhtémoc,27200.0,680.0,40.0,1,1.0,1,Studio/Micro,BajaMarg_AltaGentrif,0.830531038273375,1.0,Alta_Accesibilidad,135.35499198714845
19.3896634,-99.1738081,Benito Juárez,22300.0,586.8421052631579,38.0,1,1.0,1,Studio/Micro,BajaMarg_AltaGentrif,0.933319961735651,1.0,Media_Accesibilidad,1006.3491602454259
19.4058335,-99.1633037,Cuauhtémoc,23400.0,570.7317073170732,41.0,1,1.0,1,Studio/Micro,AltaMarg_AltaGentrif,0.830531038273375,3.0,Alta_Accesibilidad,609.7826521894331
19.4332704,-99.1476839,Cuauhtémoc,27200.0,647.6190476190476,42.0,1,1.0,1,Studio/Micro,BajaMarg_AltaGentrif,0.830531038273375,1.0,Alta_Accesibilidad,135.35499198714845
19.4445111,-99.1973084,Miguel Hidalgo,25600.0,731.4285714285714,35.0,1,1.0,1,Studio/Micro,AltaMarg_AltaGentrif,0.8585849060226639,2.0,Media_Accesibilidad,1177.8001575741368
19.43353,-99.190915,Miguel Hidalgo,75000.0,576.9230769230769,130.0,2,2.0,1,Residencial_Lujo,BajaMarg_AltaGentrif,0.8585849060226639,1.0,Alta_Accesibilidad,444.2627964713553
19.4324484,-99.1360896,Cuauhtémoc,27000.0,627.9069767441861,43.0,1,1.0,1,Studio/Micro,AltaMarg_AltaGentrif,0.830531038273375,3.0,Alta_Accesibilidad,375.1134994415067
19.4402557,-99.1926322,Miguel Hidalgo,20000.0,588.2352941176471,34.0,0,1.0,1,Studio/Micro,BajaMarg_AltaGentrif,0.8585849060226639,1.0,Media_Accesibilidad,926.8825185861144
19.4332704,-99.1476839,Cuauhtémoc,24000.0,648.6486486486486,37.0,1,1.0,1,Studio/Micro,BajaMarg_AltaGentrif,0.830531038273375,1.0,Alta_Accesibilidad,135.35499198714845
19.4183227,-99.1625655,Cuauhtémoc,27000.0,642.8571428571429,42.0,1,1.0,1,Studio/Micro,AltaMarg_AltaGentrif,0.830531038273375,2.0,Alta_Accesibilidad,451.54832230219273
19.4402557,-99.1926322,Miguel Hidalgo,27000.0,642.8571428571429,42.0,1,1.0,1,Studio/Micro,BajaMarg_AltaGentrif,0.8585849060226639,1.0,Media_Accesibilidad,926.8825185861144
19.4402557,-99.1926322,Miguel Hidalgo,31000.0,620.0,50.0,1,1.0,1,Familiar_Chico,BajaMarg_AltaGentrif,0.8585849060226639,1.0,Media_Accesibilidad,926.8825185861144
19.4148639,-99.176429,Cuauhtémoc,50000.0,568.1818181818181,88.0,1,1.0,1,Familiar_Chico,AltaMarg_AltaGentrif,0.830531038273375,2.0,Media_Accesibilidad,725.1757598203221
19.4332704,-99.1476839,Cuauhtémoc,22000.0,628.5714285714286,35.0,1,1.0,1,Studio/Micro,BajaMarg_AltaGentrif,0.830531038273375,1.0,Alta_Accesibilidad,135.35499198714845
19.43353,-99.190915,Miguel Hidalgo,65000.0,596.3302752293578,109.0,1,1.0,1,Residencial_Lujo,BajaMarg_AltaGentrif,0.8585849060226639,1.0,Alta_Accesibilidad,444.2627964713553
19.4326296,-99.1331785,Cuauhtémoc,21600.0,568.421052631579,38.0,0,1.0,1,Studio/Micro,AltaMarg_AltaGentrif,0.830531038273375,3.0,Alta_Accesibilidad,331.00531079168263
19.4482601,-99.2187752,Miguel Hidalgo,38000.0,567.1641791044776,67.0,1,1.0,1,Familiar_Chico,BajaMarg_AltaGentrif,0.8585849060226639,1.0,Baja_Accesibilidad,2336.9005952615985
19.3881071,-99.2511696,Cuajimalpa de Morelos,25000.0,714.2857142857143,35.0,0,2.0,1,Compacto+,BajaMarg_BajaGentrif,0.49427437331671703,1.0,Baja_Accesibilidad,6138.247135334897
19.4324484,-99.1360896,Cuauhtémoc,23000.0,575.0,40.0,1,1.0,1,Studio/Micro,AltaMarg_AltaGentrif,0.830531038273375,3.0,Alta_Accesibilidad,375.1134994415067
19.43353,-99.190915,Miguel Hidalgo,153000.0,676.9911504424779,226.0,3,4.0,1,Residencial_Lujo,BajaMarg_AltaGentrif,0.8585849060226639,1.0,Alta_Accesibilidad,444.2627964713553
19.4402557,-99.1926322,Miguel Hidalgo,150000.0,612.2448979591836,245.0,3,3.0,1,Residencial_Lujo,BajaMarg_AltaGentrif,0.8585849060226639,1.0,Media_Accesibilidad,926.8825185861144
19.4402557,-99.1926322,Miguel Hidalgo,165000.0,673.469387755102,245.0,3,3.0,1,Residencial_Lujo,BajaMarg_AltaGentrif,0.8585849060226639,1.0,Media_Accesibilidad,926.8825185861144
19.4320972,-99.1771646,Miguel Hidalgo,17000.0,566.6666666666666,30.0,1,1.0,1,Studio/Micro,BajaMarg_AltaGentrif,0.8585849060226639,1.0,Media_Accesibilidad,991.7860337690739
19.4320972,-99.1771646,Miguel Hidalgo,16900.0,563.3333333333334,30.0,1,1.0,1,Studio/Micro,BajaMarg_AltaGentrif,0.8585849060226639,1.0,Media_Accesibilidad,991.7860337690739
19.43353,-99.190915,Polanco,22500.0,562.5,40.0,4,2.0,1,Compacto+,BajaMarg_AltaGentrif,0.830531038273375,1.0,Alta_Accesibilidad,444.2627964713553
19.43353,-99.190915,Polanco,15000.0,681.8181818181819,22.0,5,2.0,1,Compacto+,BajaMarg_AltaGentrif,0.830531038273375,1.0,Alta_Accesibilidad,444.2627964713553
19.3581682,-99.272261,Cuajimalpa de Morelos,110000.0,569.9481865284974,193.0,3,2.0,1,Residencial_Lujo,BajaMarg_BajaGentrif,0.49427437331671703,1.0,Baja_Accesibilidad,8801.23140399282
19.4156998,-99.2136879,Lomas De Chapultepec,87000.0,583.8926174496644,149.0,3,3.0,1,Residencial_Lujo,BajaMarg_AltaGentrif,0.830531038273375,1.0,Baja_Accesibilidad,2535.156919896198
19.4156998,-99.2136879,Lomas De Chapultepec,70000.0,630.6306306306307,111.0,3,3.0,1,Residencial_Lujo,BajaMarg_AltaGentrif,0.830531038273375,1.0,Baja_Accesibilidad,2535.156919896198
19.4760311,-99.1884289,Azcapotzalco,150000.0,600.0,250.0,1,2.0,1,Residencial_Lujo,AltaMarg_BajaGentrif,0.7799341145447056,3.0,Media_Accesibilidad,1177.5164357821855
19.4090905,-99.1674208,Studio En Renta En Roma Sur,23900.0,663.8888888888889,36.0,1,1.0,1,Studio/Micro,AltaMarg_AltaGentrif,0.830531038273375,3.0,Alta_Accesibilidad,349.836433404869
19.4090905,-99.1674208,Studio Plus En Renta En Roma Sur,25700.0,626.829268292683,41.0,1,1.0,1,Studio/Micro,AltaMarg_AltaGentrif,0.830531038273375,3.0,Alta_Accesibilidad,349.836433404869
19.3910468,-99.1732855,Studio Panorámico Con Amenidades En Napoles.,25900.0,719.4444444444445,36.0,1,1.0,1,Studio/Micro,AltaMarg_AltaGentrif,0.830531038273375,2.0,Media_Accesibilidad,1105.3960344720717
19.443214,-99.2025181,Departamento De 1 Recamara En Renta - Edificio Ines En Polanco,29900.0,636.1702127659574,47.0,1,1.0,1,Studio/Micro,BajaMarg_AltaGentrif,0.830531038273375,1.0,Media_Accesibilidad,1525.007378193087
19.3910468,-99.1732855,Departamento De Una Recamara En Renta En Edificio Amalia,31100.0,565.4545454545455,55.0,1,1.0,1,Familiar_Chico,AltaMarg_AltaGentrif,0.830531038273375,2.0,Media_Accesibilidad,1105.3960344720717
19.4237459,-99.1736536,A Unos Pasos Del Ángel,31200.0,611.7647058823529,51.0,1,1.0,1,Familiar_Chico,AltaMarg_AltaGentrif,0.830531038273375,2.0,Alta_Accesibilidad,248.97339959415498
19.3952457,-99.1720906,Amenidades De Lujo En Insurgentes Sur – Servicios Incluidos,31300.0,579.6296296296297,54.0,1,1.0,1,Familiar_Chico,AltaMarg_AltaGentrif,0.830531038273375,2.0,Media_Accesibilidad,1147.534071825924
19.4237459,-99.1736536,Studio Plus Y Balcón En Reforma Con Amenidades Premium,37400.0,680.0,55.0,1,1.0,1,Familiar_Chico,AltaMarg_AltaGentrif,0.830531038273375,2.0,Alta_Accesibilidad,248.97339959415498
19.443214,-99.2025181,Departamento De 1 Recamara Y 1 Studio - Edificio Ines En Polanco.,38000.0,703.7037037037037,54.0,2,1.0,1,Familiar_Chico,BajaMarg_AltaGentrif,0.830531038273375,1.0,Media_Accesibilidad,1525.007378193087
19.4402557,-99.1926322,Polanco.,47400.0,667.6056338028169,71.0,1,1.0,1,Familiar_Chico,BajaMarg_AltaGentrif,0.830531038273375,1.0,Media_Accesibilidad,926.8825185861144
19.4237459,-99.1736536,Departamento De 1 Recámara Y Balcón En Renta En Reforma Con Amenidades De Lujo.,55500.0,750.0,74.0,1,1.0,1,Familiar_Chico,AltaMarg_AltaGentrif,0.830531038273375,2.0,Alta_Accesibilidad,248.97339959415498
