tipo_inmueble,titulo,price,rooms,bathrooms,area,colonia,ubicacion_raw,publicado_reciente,url,antiguedad,parking_spaces,alcaldia,gentrification_index,tipo_clean,alc,price_m2_raw,latitud,longitud,colonia_oficial,dist_metro_m,density_metro,dist_metrobus_m,density_metrobus,dist_cable_m,density_cable,dist_trole_m,density_trole,dist_tren_m,density_tren,comercio_density,marginalidad_score,pct_migrantes_turistas,dist_ciclovia_m,densidad_ciclovia_15m,dist_area_verde_m,densidad_parques_15m,dist_salud_m,acceso_salud_15m,dist_escuela_m,acceso_educacion_15m,score_15min,prox_ciclovia,prox_parque,prox_salud,prox_escuela,uso_mixto,dist_nearest_subcenter_m,dist_subcenter_log,listing_density_local,listing_density_log,area_x_marginalidad,area_X_gentrif,gentrif_x_metro,15min_X_gentrif,verde_marginalidad_ratio,salud_marginalidad_ratio,educacion_marginalidad_ratio,spatial_lag_price,precio_vecinal_local,lag_x_area,cluster,precio_predicho,error_pct
Departamento,,3800000,3.0,3.0,75.0,Sara 4449,"Sara 4449, Guadalupe Tepeyac, Ciudad De México, Guadalupe Tepeyac, Gustavo A. Madero, Distrito Federal",True,https://departamento.mercadolibre.com.mx/MLM-5390330888-hermoso-departamento-en-venta-en-sara-towers-de-3-recamaras-y-2-banos-comodo-y-bien-iluminado-_JM,0.0,0,Gustavo A. Madero,0.83,departamento,gustavo a. madero,50666.666666666664,19.4655649,-99.1193389,guadalupe tepeyac,6.609012182451373,0,6.492403518953048,0,8.108144072744876,0,4.388081433705355,4,8.517393171418904,0.0,2.1972245773362196,3.0,0.04974209189481407,6.243272143876449,42,4.5890704004004474,42,7.379079498109362,0,3.9800518348464293,45,0.6569767441860465,0.3580513694863437,0.8229944477798558,0.13514690263686124,0.9161886241818291,0.0,1432.0062030807637,7.267529756556251,94,4.553876891600541,12.992200020858993,62.25,0.0,0.5452906976744185,2.4423470353692043,0.0,2.505525936990736,10.464465541265442,35130.563283362106,45.3188098078357,1,2683413.7923543626,-29.38384756962204
Casa,,9300000,8.0,5.0,255.0,Chiclayo,"Chiclayo, Gustavo A. Madero, Distrito Federal",False,https://casa.mercadolibre.com.mx/MLM-4965643814-casa-en-venta-en-lindavista-norte-_JM,0.0,0,Gustavo A. Madero,0.83,casa,gustavo a. madero,36470.58823529412,19.4878635,-99.1323827,lindavista i,5.650733852328141,1,5.658163792764567,2,7.211252090033223,0,6.7235587033856286,0,8.517393171418904,0.0,2.4849066497880004,3.0,0.04974209189481407,7.016528693838356,0,5.161830266753607,33,5.037947785514741,6,5.472100269587747,64,0.5116279069767442,0.10776316252126877,0.7068286321399392,0.8257677923029596,0.6737255733805404,0.0,1114.3130562232477,7.016890412399511,62,4.143134726391533,16.635532333438686,211.64999999999998,0.83,0.42465116279069764,2.224623551524334,0.9162907318741551,2.833213344056216,10.605612781314235,39891.288193365355,58.81000477982786,1,9419385.66194923,1.2837167951530146
Casa,,13650000,4.0,5.0,300.0,Sin Calle,"Sin Calle, Lindavista Norte, Gustavo A. Madero, Distrito Federal",False,https://casa.mercadolibre.com.mx/MLM-2817912093-residencia-en-venta-remodelada-y-lista-para-habitar-lindavista-norte-_JM,0.0,0,Gustavo A. Madero,0.83,casa,gustavo a. madero,45500.0,19.4817469,-99.1171968,aragon la villa (aragon),4.820671630585478,1,5.639896560628831,6,7.382147427663786,0,5.062614513544654,8,8.517393171418904,0.0,2.4849066497880004,3.0,0.04974209189481407,4.813607240865312,25,5.386792163996134,23,6.502526077558062,4,4.719294577890172,66,0.5988372093023255,0.7832132430764825,0.6472629276714708,0.43505625020952526,0.8309807984040325,0.0,1061.9810618148233,6.968832562392862,91,4.5217885770490405,17.121330794246624,249.0,0.83,0.4970348837209302,1.9095425048844386,0.6931471805599453,2.8622008809294686,10.467828624085682,33160.46346662161,59.74105219015149,1,8115987.400382921,-40.54221684701157
Departamento,,2643334,2.0,1.0,68.0,Av. Acueducto De Guadalupe 511,"Av. Acueducto De Guadalupe 511, Santa Isabel Tola, Gustavo A. Madero, Distrito Federal",False,https://departamento.mercadolibre.com.mx/MLM-4995492040-departamento-en-venta-en-santa-isabel-tola-_JM,0.0,0,Gustavo A. Madero,0.83,departamento,gustavo a. madero,38872.55882352941,19.5037406,-99.1223025,san pedro zacatenco (pblo),6.883364646195856,0,6.697165239808178,0,6.8233555541550075,0,7.245455382768633,0,8.517393171418904,0.0,1.6094379124341003,3.0,0.04974209189481407,7.792557557511132,0,4.239440828838243,43,7.600293590189415,0,5.367889819843021,42,0.4011627906976744,0.00788328388212711,0.8721986218696011,0.08231283003690901,0.7006945343021739,0.0,949.2577675609901,6.856733282064826,76,4.343805421853684,12.702319513791778,56.44,0.0,0.3329651162790697,2.463853240590168,0.0,2.4423470353692043,10.565045829847815,38329.14888727347,44.733529269526784,0,2567199.9261565465,-2.8802290532885193
Casa,,6800000,8.0,7.0,360.0,Calle Wagner 300,"Calle Wagner 300, Gustavo A. Madero, Distrito Federal",False,https://casa.mercadolibre.com.mx/MLM-5225283468-casa-en-venta-en-vallejo-_JM,0.0,0,Gustavo A. Madero,0.83,casa,gustavo a. madero,18888.88888888889,19.4674527,-99.1279097,vallejo ii,6.291491433061015,0,5.668916792507428,3,8.056617376044512,0,5.262405186739425,4,8.517393171418904,0.0,2.3978952727983707,3.0,0.04974209189481407,5.9313604508067455,58,4.772031390718246,53,7.322814345758394,0,4.888911949142992,55,0.872093023255814,0.47173721157235593,0.791110162533581,0.15079631796042559,0.8027743171858049,0.0,1759.355248986863,7.473270913679294,90,4.51085950651685,17.66663387499864,298.8,0.0,0.7238372093023255,2.6567569067146595,0.0,2.691243082785829,10.322050843211784,26647.45845323379,60.785297695381196,1,9837154.06035665,44.66403029936251
Departamento,,2189000,2.0,1.0,50.0,Av. Acueducto 835,"Av. Acueducto 835, Candelaria Ticoman, Ciudad De México, Barrio Candelaria Ticomán, Gustavo A. Madero, Distrito Federal",False,https://departamento.mercadolibre.com.mx/MLM-2798063013-excelentes-departamentos-nuevos-av-acueducto-preventa-2-y-3-recamaras-balcon-muy-buena-ubicacion-_JM,0.0,0,Gustavo A. Madero,0.83,departamento,gustavo a. madero,43780.0,19.5189556,-99.1294855,san juan y guadalupe ticoman (barr),7.943159490628919,0,7.883438552258895,0,6.830544888777104,0,7.49272849242817,0,8.517393171418904,0.0,1.3862943611198906,3.0,0.04974209189481407,8.109986807225628,0,5.259188343812609,9,6.921702392840289,0,5.197096707481819,23,0.09302325581395349,0.0012900577935705069,0.6820511310209147,0.2818709221362785,0.7411310122754741,0.0,2790.717892561265,7.93441241743099,8,2.1972245773362196,11.795476898172977,41.5,0.0,0.07720930232558139,1.1786549963416462,0.0,1.9095425048844386,10.474025211407849,35808.66142923881,41.18204080401421,0,1766908.6388435953,-19.282382876034934
Casa,,15000000,5.0,5.0,500.0,Torres Lindavista,"Torres Lindavista, Gustavo A. Madero, Distrito Federal",False,https://casa.mercadolibre.com.mx/MLM-2776038787-casa-en-venta-en-torres-lindavista-_JM,0.0,0,Gustavo A. Madero,0.83,casa,gustavo a. madero,30000.0,19.506314,-99.1445042,lindavista ii,6.679769486264925,0,7.223941639777131,0,7.1472128030593325,0,4.678778369103367,7,8.517393171418904,0.0,2.302585092994046,3.0,0.04974209189481407,7.287560775184536,0,5.207770810799338,50,7.024704089587906,0,6.269422731361549,12,0.26744186046511625,0.05382590649371316,0.6953272207723313,0.24565495239178914,0.415355435526639,0.0,3009.414085044649,8.009832918063342,58,4.07753744390572,18.649818303254595,415.0,0.0,0.2219767441860465,2.6026896854443837,0.0,1.3862943611198906,10.403905139914237,32781.37485539022,64.67698016789902,0,16185098.024160609,7.900653494404057
Departamento,,3150000,3.0,1.0,64.0,Guadalupe Tepeyac,"Guadalupe Tepeyac, Mexico City, Guadalupe Tepeyac, Gustavo A. Madero, Distrito Federal",False,https://departamento.mercadolibre.com.mx/MLM-2831523237-sara-towers-guadalupe-tepeyac-departamento-3-recamaras-bastante-luminoso-_JM,0.0,0,Gustavo A. Madero,0.83,departamento,gustavo a. madero,49218.75,19.4675479,-99.1205924,guadalupe tepeyac,6.868090228102709,0,6.179597934809932,2,8.036819566325962,0,4.5535922320885875,4,8.517393171418904,0.0,2.1972245773362196,3.0,0.04974209189481407,5.752539199161273,47,4.407367290964566,46,7.312000614851278,0,4.301367336990282,51,0.7441860465116279,0.5336692930014773,0.8503507958707023,0.15389814040650712,0.8857377266338726,0.0,1384.120667509458,7.23354253938188,95,4.564348191467836,12.523161809686911,53.12,0.0,0.6176744186046511,2.5257286443082556,0.0,2.6210388241125804,10.481580741498268,34049.51468714505,43.75417721569364,1,2351434.1901334547,-25.3512955513189
Departamento,,2755817,2.0,1.0,70.0,Av. Acueducto De Guadalupe 511,"Av. Acueducto De Guadalupe 511, Santa Isabel Tola, Gustavo A. Madero, Distrito Federal",False,https://departamento.mercadolibre.com.mx/MLM-2784668511-departamento-en-venta-en-santa-isabel-tola-_JM,0.0,0,Gustavo A. Madero,0.83,departamento,gustavo a. madero,39368.81428571429,19.5037406,-99.1223025,san pedro zacatenco (pblo),6.883364646195856,0,6.697165239808178,0,6.8233555541550075,0,7.245455382768633,0,8.517393171418904,0.0,1.6094379124341003,3.0,0.04974209189481407,7.792557557511132,0,4.239440828838243,43,7.600293590189415,0,5.367889819843021,42,0.4011627906976744,0.00788328388212711,0.8721986218696011,0.08231283003690901,0.7006945343021739,0.0,949.2577675609901,6.856733282064826,76,4.343805421853684,12.788039631123947,58.099999999999994,0.0,0.3329651162790697,2.463853240590168,0.0,2.4423470353692043,10.565045829847815,38488.06860849534,45.035408258911545,0,2690711.035309734,-2.362492309549806
Departamento,,3070028,2.0,1.0,76.0,Av. Acueducto De Guadalupe 511,"Av. Acueducto De Guadalupe 511, Santa Isabel Tola, Gustavo A. Madero, Distrito Federal",False,https://departamento.mercadolibre.com.mx/MLM-4995472436-departamento-en-venta-en-santa-isabel-tola-_JM,0.0,0,Gustavo A. Madero,0.83,departamento,gustavo a. madero,40395.10526315789,19.5037406,-99.1223025,san pedro zacatenco (pblo),6.883364646195856,0,6.697165239808178,0,6.8233555541550075,0,7.245455382768633,0,8.517393171418904,0.0,1.6094379124341003,3.0,0.04974209189481407,7.792557557511132,0,4.239440828838243,43,7.600293590189415,0,5.367889819843021,42,0.4011627906976744,0.00788328388212711,0.8721986218696011,0.08231283003690901,0.7006945343021739,0.0,949.2577675609901,6.856733282064826,76,4.343805421853684,13.031416265561052,63.08,0.0,0.3329651162790697,2.463853240590168,0.0,2.4423470353692043,10.565045829847815,38329.14888727347,45.892503357825596,0,2843986.465974178,-7.362849264756603
Departamento,Bonito Departamento Excelente Ubicacion En Frente De La Central Camionera Del Norte,2650000,2.0,2.0,60.0,Pte 116 16,"Pte 116 16, Panamericana, Gustavo A. Madero, 07770 Ciudad De México, CDMX, Mexico, Magdalena De Las Salinas, Gustavo A. Madero, Distrito Federal",False,https://departamento.mercadolibre.com.mx/MLM-2847955771-bonito-departamento-excelente-ubicacion-en-frente-de-la-central-camionera-del-norte-_JM,0.0,0,Gustavo A. Madero,0.83,departamento,gustavo a. madero,44166.666666666664,19.5167815,-99.162361,progreso nacional (ampl),7.720875440616972,0,5.005127511394769,2,7.843064158979215,0,7.49347329314032,0,8.517393171418904,0.0,1.3862943611198906,3.0,0.04974209189481407,8.038419960164537,0,5.448758060226513,14,7.841235552941319,0,5.492588473076576,24,0.12790697674418605,0.0020428086731922096,0.6294313114922967,0.041671757246970725,0.6682173222342377,0.0,4801.358168443002,8.476862361347264,37,3.6375861597263857,12.332621592519935,49.8,0.0,0.10616279069767441,1.5040773967762742,0.0,1.9459101490553132,10.116901800716048,24279.773009664827,41.58930719897151,0,1624573.148933967,-38.695352870416336
Departamento,,3153688,2.0,1.0,77.0,Av. Acueducto De Guadalupe 511,"Av. Acueducto De Guadalupe 511, Santa Isabel Tola, Gustavo A. Madero, Distrito Federal",False,https://departamento.mercadolibre.com.mx/MLM-4995492710-departamento-en-venta-en-santa-isabel-tola-_JM,0.0,0,Gustavo A. Madero,0.83,departamento,gustavo a. madero,40956.98701298701,19.5037406,-99.1223025,san pedro zacatenco (pblo),6.883364646195856,0,6.697165239808178,0,6.8233555541550075,0,7.245455382768633,0,8.517393171418904,0.0,1.6094379124341003,3.0,0.04974209189481407,7.792557557511132,0,4.239440828838243,43,7.600293590189415,0,5.367889819843021,42,0.4011627906976744,0.00788328388212711,0.8721986218696011,0.08231283003690901,0.7006945343021739,0.0,949.2577675609901,6.856733282064826,76,4.343805421853684,13.070126480068776,63.91,0.0,0.3329651162790697,2.463853240590168,0.0,2.4423470353692043,10.565045829847815,38329.14888727347,46.028828421278035,0,2878329.979968792,-8.731301892616143
Departamento,,3072688,2.0,1.0,76.0,Av. Acueducto De Guadalupe 511,"Av. Acueducto De Guadalupe 511, Santa Isabel Tola, Gustavo A. Madero, Distrito Federal",False,https://departamento.mercadolibre.com.mx/MLM-4995505478-departamento-en-venta-en-santa-isabel-tola-_JM,0.0,0,Gustavo A. Madero,0.83,departamento,gustavo a. madero,40430.10526315789,19.5037406,-99.1223025,san pedro zacatenco (pblo),6.883364646195856,0,6.697165239808178,0,6.8233555541550075,0,7.245455382768633,0,8.517393171418904,0.0,1.6094379124341003,3.0,0.04974209189481407,7.792557557511132,0,4.239440828838243,43,7.600293590189415,0,5.367889819843021,42,0.4011627906976744,0.00788328388212711,0.8721986218696011,0.08231283003690901,0.7006945343021739,0.0,949.2577675609901,6.856733282064826,76,4.343805421853684,13.031416265561052,63.08,0.0,0.3329651162790697,2.463853240590168,0.0,2.4423470353692043,10.565045829847815,38488.06860849534,45.892503357825596,0,2896847.105718754,-5.7227057963986505
Departamento,,1920000,1.0,1.0,40.0,San Juan De Aragón I Sección,"San Juan De Aragón I Sección, Gustavo A. Madero, Distrito Federal",False,https://departamento.mercadolibre.com.mx/MLM-3829176052-departamentos-en-venta-en-aragon-_JM,0.0,0,Gustavo A. Madero,0.83,departamento,gustavo a. madero,48000.0,19.4596866,-99.0917728,san juan de aragon 1a seccion (u hab) i,6.950129804963883,0,7.2270746571614835,0,8.534911385704143,0,6.021226435796211,0,8.517393171418904,0.0,0.6931471805599453,3.0,0.04974209189481407,7.088161737367914,0,4.248217180175799,47,5.2236390463323215,3,5.488894186954261,27,0.3546511627906977,0.0913179266199287,0.8711325983982718,0.7939295952274503,0.6692155280507944,0.0,359.4276130285016,5.8872911405253365,26,3.295836866004329,11.140716200112923,33.199999999999996,0.0,0.29436046511627906,2.545531271604435,0.5596157879354227,2.0476928433652555,10.381649510460809,30723.92151431357,38.553003628361715,2,1511829.4897093,-21.258880744307294
Edificio,"Tepeyac Insurgentes, Calle Unión, Venta De Edificio Con 4 Departamentos",14500000,0.0,8.0,411.0,Unión 266,"Unión 266, Tepeyac Insurgentes, Ciudad De México, CDMX, México, Tepeyac Insurgentes, Gustavo A. Madero, Distrito Federal",False,https://inmueble.mercadolibre.com.mx/MLM-4717199702-tepeyac-insurgentes-calle-union-venta-de-edificio-con-4-departamentos-_JM,0.0,0,Gustavo A. Madero,0.83,edificio,gustavo a. madero,35279.80535279805,19.4826486,-99.1217346,tepeyac insurgentes,5.908975960845551,3,5.560384753787073,5,7.256953482108748,0,5.310466204281212,3,8.517393171418904,0.0,2.772588722239781,3.0,0.04974209189481407,5.87771322467477,25,5.360521898174219,29,5.817390555873054,4,4.564512088526295,68,0.6569767441860465,0.49066979416273554,0.6546385731416501,0.6577914371774397,0.853542827772046,0.0,1494.2807490655614,7.310069260211171,87,4.477336814478207,18.06307004804858,341.13,2.4899999999999998,0.5452906976744185,2.1102132003465894,0.6931471805599453,2.8903717578961645,10.431280790067841,34638.60493745324,62.80698520061965,1,11350966.388560586,-21.71747318234079
Departamento,,3650000,3.0,2.0,75.0,Av. Acueducto,"Av. Acueducto, Residencial Zacatenco, Ciudad De México, Residencial Zacatenco, Gustavo A. Madero, Distrito Federal",False,https://departamento.mercadolibre.com.mx/MLM-2878058587-departamento-en-venta-con-excelente-iluminacion-natural-en-residencial-zacatenco-a-unos-pasos-de-plaza-vista-norte-y-con-facil-acceso-a-restaurantes-gimnasio-tiendas-y-supermercado-_JM,0.0,0,Gustavo A. Madero,0.83,departamento,gustavo a. madero,48666.666666666664,19.5190987,-99.1363969,la candelaria ticoman (barr),7.800767590750964,0,7.8873557083625,0,6.764693684157431,0,7.409277392488944,0,8.517393171418904,0.0,1.6094379124341003,3.0,0.04974209189481407,8.01785315709594,0,4.616483029681071,30,6.276795685178473,2,5.6373475264040955,33,0.28488372093023256,0.002317396753109312,0.8185052932497028,0.5148646553858273,0.6273847905779548,0.0,3189.357069850297,8.067888123637085,28,3.367295829986474,12.992200020858993,62.25,0.0,0.236453488372093,2.1400661634962708,0.4054651081081644,2.224623551524334,10.276732624229368,29539.26368864464,44.50578860495836,0,2418056.321958248,-33.751881590184986
Casa,Venta Casa En Campestre Aragón,5200000,6.0,3.0,260.0,Campestre Aragón,"Campestre Aragón, Gustavo A. Madero, Distrito Federal",False,https://casa.mercadolibre.com.mx/MLM-2881215145-venta-casa-en-campestre-aragon-_JM,0.0,0,Gustavo A. Madero,0.83,casa,gustavo a. madero,20000.0,19.4856,-99.0797574,campestre aragon ii,7.857307182311473,0,6.673391141874559,0,8.43209606378648,0,6.190361627391731,0,8.517393171418904,0.0,0.6931471805599453,3.0,0.04974209189481407,7.280949935230539,0,6.4570571995283235,8,7.611046738693078,0,4.736417166070281,40,0.18604651162790697,0.05487298932446985,0.28016785209027195,0.08011919890329824,0.8283041225763976,0.0,3383.594137224889,8.126989277781057,27,3.332204510175204,16.693561221968082,215.79999999999998,0.0,0.15441860465116278,1.0986122886681098,0.0,2.3978952727983707,10.144179047471066,27569.042805591034,56.44749132518803,2,4329215.932193791,-16.74584745781172
Edificio,Venta Salón De Eventos En El Corazón De La Guadalupe Tepeyac,16000000,0.0,0.0,369.0,Guadalupe Tepeyac,"Guadalupe Tepeyac, Gustavo A. Madero, Distrito Federal",False,https://inmueble.mercadolibre.com.mx/MLM-2881176493-venta-salon-de-eventos-en-el-corazon-de-la-guadalupe-tepeyac-_JM,0.0,0,Gustavo A. Madero,0.83,edificio,gustavo a. madero,43360.433604336045,19.4675479,-99.1205924,guadalupe tepeyac,6.868090228102709,0,6.179597934809932,2,8.036819566325962,0,4.5535922320885875,4,8.517393171418904,0.0,2.1972245773362196,3.0,0.04974209189481407,5.752539199161273,47,4.407367290964566,46,7.312000614851278,0,4.301367336990282,51,0.7441860465116279,0.5336692930014773,0.8503507958707023,0.15389814040650712,0.8857377266338726,0.0,1384.120667509458,7.23354253938188,95,4.564348191467836,17.74050901691481,306.27,0.0,0.6176744186046511,2.5257286443082556,0.0,2.6210388241125804,10.481580741498268,34049.51468714505,61.982859218690216,1,11001956.248627193,-31.23777344608004
Casa,,3500000,2.0,2.0,81.0,C. Tetrazzini 292,"C. Tetrazzini 292, Vallejo, Ciudad De México, Vallejo, Gustavo A. Madero, Distrito Federal",False,https://casa.mercadolibre.com.mx/MLM-2607898521-casa-en-venta-en-vallejo-gustavo-a-madero-_JM,0.0,0,Gustavo A. Madero,0.83,casa,gustavo a. madero,43209.87654320987,19.4687923,-99.1308624,vallejo i,6.400508533013394,0,6.410995190991601,0,8.034379780131843,0,5.075061598378974,4,8.517393171418904,0.0,2.5649493574615367,3.0,0.04974209189481407,6.285260997894243,71,4.661554487264358,63,7.262537222340409,0,5.2986928406647245,42,0.9302325581395349,0.3425941906391802,0.8109078636881557,0.16845491613382263,0.7176366846727918,0.0,1454.7232939182738,7.283258165309918,82,4.418840607796598,13.220157741792761,67.22999999999999,0.0,0.7720930232558139,2.8183982582710754,0.0,2.4423470353692043,10.366562294625073,29745.02488410742,45.682529591688194,1,2663029.387469294,-23.913446072305884
Departamento,Departamentos En Preventa Cerca De La Raza,1302875,3.0,1.0,62.0,Borodin 3,"Borodin 3, Vallejo, Ciudad De México, Vallejo, Gustavo A. Madero, Distrito Federal",False,https://departamento.mercadolibre.com.mx/MLM-2590771479-departamentos-en-preventa-cerca-de-la-raza-_JM,0.0,0,Gustavo A. Madero,0.83,departamento,gustavo a. madero,21014.112903225807,19.4682311,-99.133367,vallejo i,5.90711653688192,1,6.385319156137368,1,8.080229913249369,0,5.428204784663849,2,8.517393171418904,0.0,2.70805020110221,3.0,0.04974209189481407,5.637161766655201,65,5.432069024165991,71,7.056137344649646,0,5.155773284135614,31,0.8837209302325582,0.5715919087866139,0.634293460109358,0.23487660476744332,0.7502242560054717,0.0,1382.8135639788263,7.232598418995878,58,4.07753744390572,12.429404179174597,51.46,0.83,0.7334883720930232,2.9311937524164198,0.0,2.169053700369523,10.265050657968855,30069.033915172586,42.529487849199015,1,1865049.0755597185,43.148734572366386
Casa,Casa Grande Y Bonita A Unos Minutos Del Ipn Zacatenco,6200000,3.0,3.0,245.0,De La Arena 34,"De La Arena 34, Acueducto De Guadalupe, Gustavo A. Madero, 07270 Ciudad De México, CDMX, Mexico, Residencial Acueducto De Guadalupe, Gustavo A. Madero, Distrito Federal",False,https://casa.mercadolibre.com.mx/MLM-4458820946-casa-grande-y-bonita-a-unos-minutos-del-ipn-zacatenco-_JM,0.0,0,Gustavo A. Madero,0.83,casa,gustavo a. madero,25306.122448979593,19.5208063,-99.1437298,acueducto de guadalupe (rdcial),7.741155441850899,0,7.600356884119019,0,6.669739217039883,0,7.387185604638487,0,8.517393171418904,0.0,1.791759469228055,3.0,0.04974209189481407,8.028472452643422,0,4.962812628585988,37,6.804049816514821,2,5.503891325215257,39,0.36046511627906974,0.0021720017987551642,0.7527735343081973,0.32445336178164413,0.6651496194708166,0.0,3841.3219198351644,8.25383212946831,42,3.7612001156935624,16.515994607797087,203.35,0.0,0.2991860465116279,2.327277705584417,0.4054651081081644,2.3749057545736716,10.154946122642725,24112.74290600679,55.906345134679064,0,6554516.034067634,5.718000549477961
Departamento,Departamento En Preventa En Gam Con Recursos Propios,1198750,2.0,1.0,54.0,Borodin 3,"Borodin 3, Vallejo, Ciudad De México, Vallejo, Gustavo A. Madero, Distrito Federal",False,https://departamento.mercadolibre.com.mx/MLM-2590807827-departamento-en-preventa-en-gam-con-recursos-propios-_JM,0.0,0,Gustavo A. Madero,0.83,departamento,gustavo a. madero,22199.074074074073,19.4682311,-99.133367,vallejo i,5.90711653688192,1,6.385319156137368,1,8.080229913249369,0,5.428204784663849,2,8.517393171418904,0.0,2.70805020110221,3.0,0.04974209189481407,5.637161766655201,65,5.432069024165991,71,7.056137344649646,0,5.155773284135614,31,0.8837209302325582,0.5715919087866139,0.634293460109358,0.23487660476744332,0.7502242560054717,0.0,1382.8135639788263,7.232598418995878,58,4.07753744390572,12.021999555697413,44.82,0.83,0.7334883720930232,2.9311937524164198,0.0,2.169053700369523,10.265050657968855,30732.681478279075,41.135478149771004,1,1793063.183478636,49.5777421045786
Casa,"Casa Para Remodelar En Vallejo Gam, Ideal Para Inversión O Familia",4250000,4.0,4.0,178.0,Vallejo,"Vallejo, Gustavo A. Madero, Distrito Federal",False,https://casa.mercadolibre.com.mx/MLM-4754184100-casa-para-remodelar-en-vallejo-gam-ideal-para-inversion-o-familia-_JM,0.0,0,Gustavo A. Madero,0.83,casa,gustavo a. madero,23876.404494382023,19.5049574,-99.1536746,la patera-condomodulos (u hab),6.503311877357102,0,6.001871605675147,2,7.702687280344473,0,5.5947266124633765,1,8.517393171418904,0.0,2.302585092994046,3.0,0.04974209189481407,7.31772539685809,0,4.5876436881597105,27,7.568753081625403,0,5.570851494073683,9,0.11627906976744186,0.0492155564358942,0.8232254001375913,0.08895231863638041,0.6465555938225895,0.0,3211.454703092182,8.074790628899299,52,3.970291913552122,15.562157417522265,147.73999999999998,0.0,0.09651162790697673,2.0476928433652555,0.0,1.1786549963416462,10.380206377642889,30640.11179843851,53.8461352250824,0,6209818.336801694,46.11337263062809
Casa,Venta Casa 3 Ambientes Guadalupe Insurgentes,8250000,3.0,2.0,281.0,SOTERO PRIETO,"SOTERO PRIETO, 58, Guadalupe Insurgentes, Gustavo A. Madero, Distrito Federal",False,https://casa.mercadolibre.com.mx/MLM-4507909748-venta-casa-3-ambientes-guadalupe-insurgentes-_JM,0.0,0,Gustavo A. Madero,0.83,casa,gustavo a. madero,29359.430604982208,19.4766156,-99.1306457,guadalupe insurgentes,5.063202233569404,1,5.258985952825939,1,7.724314681349551,0,6.606353752133267,0,8.517393171418904,0.0,2.302585092994046,3.0,0.04974209189481407,6.7427419751243045,29,2.793105354347811,55,6.66785194309069,3,5.14809547461711,25,0.563953488372093,0.1838261421245493,0.9698020374276729,0.3745125821929048,0.7518846649896882,0.0,901.8473939753264,6.805553540215154,61,4.127134385045092,16.92572121281434,233.23,0.83,0.4680813953488372,2.691243082785829,0.5596157879354227,1.9810014688665833,10.445809579986276,35557.98935121291,58.934286930997665,1,8261465.849676896,0.1389799960835865
Departamento,"Pent-house En Exclusivo Desarrollo, Solo 6 Departementos, Listo Para Entrega.",3750000,2.0,2.0,118.0,Saul 56,"Saul 56, Guadalupe Tepeyac, Ciudad De México, CDMX, México, Guadalupe Tepeyac, Gustavo A. Madero, Distrito Federal",True,https://departamento.mercadolibre.com.mx/MLM-5400952432-pent-house-en-exclusivo-desarrollo-solo-6-departementos-listo-para-entrega-_JM,0.0,0,Gustavo A. Madero,0.83,departamento,gustavo a. madero,31779.661016949154,19.469308,-99.1201239,guadalupe tepeyac,6.908228626988997,0,6.103936988813173,2,7.9730573998922045,0,5.649926328706312,2,8.517393171418904,0.0,2.0794415416798357,3.0,0.04974209189481407,5.688439734987961,48,5.643324466744349,47,7.189333692925679,0,4.666958801287768,49,0.7441860465116279,0.5549570163179484,0.5696119280278236,0.1910395345927083,0.8389342769858847,0.0,1235.1540847182355,7.119760294259241,105,4.663439094112067,14.337370479334588,97.94,0.0,0.6176744186046511,2.545531271604435,0.0,2.583997552432231,10.48157105024833,37371.58856955084,50.092722450959485,1,4062772.16666681,8.34059111111493
Casa,,17999997,8.0,9.0,504.0,Martha 64,"Martha 64, Guadalupe Tepeyac, Gustavo A. Madero, 07840 Ciudad De México, CDMX, Mexico, Guadalupe Tepeyac, Gustavo A. Madero, Distrito Federal",False,https://casa.mercadolibre.com.mx/MLM-2718542243-gran-inversion-casa-de-504-m2-de-construccion-con-plusvalia-garantizada-en-gustavo-a-madero-_JM,0.0,0,Gustavo A. Madero,0.83,casa,gustavo a. madero,35714.27976190476,19.4682318,-99.1188878,guadalupe tepeyac,6.7196842026141095,0,6.429037874337018,0,8.017256883565116,0,5.39537901668879,3,8.517393171418904,0.0,2.0794415416798357,3.0,0.04974209189481407,6.1256388849050785,44,4.759500304766367,43,7.301033205510095,0,3.869239270357328,53,0.7209302325581395,0.40136913502566346,0.7934417059475921,0.15707408357525374,0.9248011404070108,0.0,1196.2270896173545,7.087763403201125,93,4.543294782270004,18.67367528782608,418.32,0.0,0.5983720930232558,2.463853240590168,0.0,2.6567569067146595,10.481574871422003,35995.801101329795,65.24317521799063,1,13797155.32430021,-23.349124312075105
Casa,"Tu Hogar Ideal En Acueducto De Guadalupe: Ubicación Premium, Zona Escolar Y Centros Comerciales",6199994,3.0,3.0,245.0,De La Arena 34,"De La Arena 34, Acueducto De Guadalupe, Gustavo A. Madero, 07270 Ciudad De México, CDMX, Mexico, Residencial Acueducto De Guadalupe, Gustavo A. Madero, Distrito Federal",False,https://casa.mercadolibre.com.mx/MLM-2722438487-tu-hogar-ideal-en-acueducto-de-guadalupe-ubicacion-premium-zona-escolar-y-centros-comerciales-_JM,0.0,0,Gustavo A. Madero,0.83,casa,gustavo a. madero,25306.097959183673,19.5208063,-99.1437298,acueducto de guadalupe (rdcial),7.741155441850899,0,7.600356884119019,0,6.669739217039883,0,7.387185604638487,0,8.517393171418904,0.0,1.791759469228055,3.0,0.04974209189481407,8.028472452643422,0,4.962812628585988,37,6.804049816514821,2,5.503891325215257,39,0.36046511627906974,0.0021720017987551642,0.7527735343081973,0.32445336178164413,0.6651496194708166,0.0,3841.3219198351644,8.25383212946831,42,3.7612001156935624,16.515994607797087,203.35,0.0,0.2991860465116279,2.327277705584417,0.4054651081081644,2.3749057545736716,10.154946122642725,24112.74290600679,55.906345134679064,0,6497045.748125527,4.791161864439338
Departamento,"Venta Departamento Luis De La Rosa, Constitución De La República",1992500,2.0,1.0,51.0,Constitución De La República,"Constitución De La República, Gustavo A. Madero, Distrito Federal",False,https://departamento.mercadolibre.com.mx/MLM-5091433572-venta-departamento-luis-de-la-rosa-constitucion-de-la-republica-_JM,0.0,0,Gustavo A. Madero,0.83,departamento,gustavo a. madero,39068.62745098039,19.4823184,-99.0759029,providencia i,7.810774210612577,0,5.64095920523423,2,8.532623001786904,0,1.27364123737609,6,8.517393171418904,0.0,1.0986122886681098,3.0,0.04974209189481407,7.532809486158099,0,5.090597183193318,6,7.689216696926929,0,5.857162596411785,35,0.14534883720930233,0.023880466271791686,0.7239928697735367,0.06524679853376777,0.5592171903344245,0.0,3302.297489595939,8.102676487818831,31,3.4657359027997265,11.853731155744283,42.33,0.0,0.12063953488372094,0.9162907318741551,0.0,2.277267285009756,10.096556809280276,25972.419059154072,39.893956671969235,2,2005046.674732398,0.6296950932194735
Casa,Venta Casa 4 Ambientes Salvador Díaz Mirón,4350000,4.0,3.0,226.0,Norte 74,"Norte 74, 8041, Salvador Díaz Mirón, Gustavo A. Madero, Distrito Federal",False,https://casa.mercadolibre.com.mx/MLM-2843257117-venta-casa-4-ambientes-salvador-diaz-miron-_JM,0.0,0,Gustavo A. Madero,0.83,casa,gustavo a. madero,19247.78761061947,19.4728505,-99.1452223,heroe de nacozari,6.612812071760705,0,5.166676256606664,3,8.152886788088523,0,3.5338106644198857,3,8.517393171418904,0.0,1.791759469228055,3.0,0.04974209189481407,6.477655411531097,45,4.211260245409976,82,6.5931817851286105,3,5.792238919538406,27,0.8197674418604651,0.2728349442211506,0.875567564131085,0.4019710330214064,0.5800873012177177,0.0,1028.3292014364113,6.936662608319936,29,3.4011973816621555,16.274850052444208,187.57999999999998,0.0,0.680406976744186,3.068052935133617,0.5596157879354227,2.0476928433652555,10.191331858707352,24031.446070156784,55.28746594505323,1,5040444.859030163,15.872295609888804
Departamento,,2400000,2.0,2.0,63.0,7 De Noviembre,"7 De Noviembre, Gustavo A. Madero, Distrito Federal",False,https://departamento.mercadolibre.com.mx/MLM-5368473650-departamento-en-venta-en-av-congreso-de-la-union-con-balcon-y-un-cajon-fijo-_JM,0.0,0,Gustavo A. Madero,0.83,departamento,gustavo a. madero,38095.23809523809,19.4617797,-99.1241385,7 de noviembre,6.3721889720993365,0,5.850250904354437,2,8.224512297078217,0,5.592773263812315,2,8.517393171418904,0.0,2.4849066497880004,3.0,0.04974209189481407,5.2319217719787074,50,5.29213909263871,69,7.34823080064312,0,5.1916897682419325,48,0.877906976744186,0.689144542741562,0.6733188354800089,0.14362390383055404,0.7423358952272932,0.0,2083.7125291191765,7.642386249004953,67,4.219507705176107,12.476649250079014,52.29,0.0,0.7286627906976744,2.9041650800285006,0.0,2.5649493574615367,10.467658841819299,34305.99946608015,43.533769279622575,1,2438523.3036665563,1.6051376527731773
Departamento,"Depto En Col.guadalupe Proletaria, Gam",1800000,3.0,1.0,65.0,Guadalupe Proletaria,"Guadalupe Proletaria, Gustavo A. Madero, Distrito Federal",False,https://departamento.mercadolibre.com.mx/MLM-2737846821-depto-en-colguadalupe-proletaria-gam-_JM,0.0,0,Gustavo A. Madero,0.83,departamento,gustavo a. madero,27692.30769230769,19.5194858,-99.147971,santiago atepetlac (la selvita) (u hab),7.643059649457359,0,7.3334576297607486,0,7.0491662150505965,0,7.2800613522969275,0,8.517393171418904,0.0,2.1972245773362196,3.0,0.04974209189481407,7.980191243540624,0,5.754446008348491,34,7.054953986539339,0,4.634929678055232,37,0.31976744186046513,0.0029001876536702094,0.5330279970024119,0.23527971419460333,0.8436357484481591,0.0,4074.833361418853,8.312830510636145,56,4.04305126783455,12.568964226079276,53.949999999999996,0.0,0.26540697674418606,2.2512917986064953,0.0,2.327277705584417,10.13110063844675,26263.598818700262,42.44581383181537,0,1842319.1418460107,2.351063435889483
Casa,Espectacular Casa En La Colonia Guadalupe Tepeyac Con Potencial De Inversión Con Una Excelente Ubicación,18000000,8.0,9.0,504.0,Martha 64,"Martha 64, Guadalupe Tepeyac, Gustavo A. Madero, 07840 Ciudad De México, CDMX, Mexico, Guadalupe Tepeyac, Gustavo A. Madero, Distrito Federal",False,https://casa.mercadolibre.com.mx/MLM-2600972989-espectacular-casa-en-la-colonia-guadalupe-tepeyac-con-potencial-de-inversion-con-una-excelente-ubicacion-_JM,0.0,0,Gustavo A. Madero,0.83,casa,gustavo a. madero,35714.28571428572,19.4682318,-99.1188878,guadalupe tepeyac,6.7196842026141095,0,6.429037874337018,0,8.017256883565116,0,5.39537901668879,3,8.517393171418904,0.0,2.0794415416798357,3.0,0.04974209189481407,6.1256388849050785,44,4.759500304766367,43,7.301033205510095,0,3.869239270357328,53,0.7209302325581395,0.40136913502566346,0.7934417059475921,0.15707408357525374,0.9248011404070108,0.0,1196.2270896173545,7.087763403201125,93,4.543294782270004,18.67367528782608,418.32,0.0,0.5983720930232558,2.463853240590168,0.0,2.6567569067146595,10.481574871422003,35995.801101329795,65.24317521799063,1,13797155.32430021,-23.34913708722105
Casa,Gran Oportunidad! Casa En Aragón Duplex Con Uso De Suelo Mixto. Ideal Para Residencia O Comercio,5000000,5.0,3.0,284.0,Nte. 70 6068,"Nte. 70 6068, Aragón Inguarán, Ciudad De México, Aragón Inguaran, Gustavo A. Madero, Distrito Federal",False,https://casa.mercadolibre.com.mx/MLM-2722221837-gran-oportunidad-casa-en-aragon-duplex-con-uso-de-suelo-mixto-ideal-para-residencia-o-comercio-_JM,0.0,0,Gustavo A. Madero,0.83,casa,gustavo a. madero,17605.6338028169,19.4668194,-99.1210265,guadalupe tepeyac,6.796866597408775,0,6.106779074124172,2,8.061821602172362,0,3.6940332532213325,4,8.517393171418904,0.0,2.1972245773362196,3.0,0.04974209189481407,5.706120781316243,48,2.8479551052665406,48,7.356439682922987,0,4.37601191424787,54,0.7790697674418605,0.549138481792401,0.968017675039145,0.14134340601688913,0.8773343548124324,0.0,1469.220028701289,7.293167347960572,94,4.553876891600541,16.95746754080595,235.72,0.0,0.6466279069767442,2.5649493574615367,0.0,2.6741486494265287,10.479077243635205,37898.965108154036,59.23287073884743,1,8709836.130305616,74.19672260611232
Departamento,,2528297,2.0,1.0,68.0,Santa Isabel Tola,"Santa Isabel Tola, Gustavo A. Madero, Distrito Federal",False,https://departamento.mercadolibre.com.mx/MLM-2874606383-departamento-en-venta-av-acueducto-de-guadalupe-511-santa-isabel-tola-_JM,0.0,0,Gustavo A. Madero,0.83,departamento,gustavo a. madero,37180.83823529412,19.4998868,-99.1156771,santa isabel tola (pblo),6.469754734760164,0,6.294081596905785,1,6.743775421445508,0,7.178584179143398,0,8.517393171418904,0.0,1.6094379124341003,3.0,0.04974209189481407,7.589811533482282,0,5.467266724532082,30,7.229133812680227,0,3.6921690367724724,26,0.23255813953488372,0.019180111311220403,0.623988044853695,0.17861290385817952,0.9368616435433736,0.0,455.1348160030433,6.122788414948276,73,4.30406509320417,12.702319513791778,56.44,0.0,0.19302325581395346,2.1400661634962708,0.0,2.0149030205422647,10.469268277528316,34093.74678759549,44.327996912256395,0,2529075.76795933,0.03080207583722288
Departamento,Venta Departamento 2 Ambientes Guadalupe Insurgentes,2450000,2.0,1.0,50.0,Insurgentes Norte,"Insurgentes Norte, 1249, Guadalupe Insurgentes, Gustavo A. Madero, Distrito Federal",False,https://departamento.mercadolibre.com.mx/MLM-5132127684-venta-departamento-2-ambientes-guadalupe-insurgentes-_JM,0.0,0,Gustavo A. Madero,0.83,departamento,gustavo a. madero,49000.0,19.5009923,-99.1181434,residencial zacatenco,6.466041944568522,0,6.189685550467682,1,6.622229817064165,0,7.256280237489756,0,8.517393171418904,0.0,1.791759469228055,3.0,0.04974209189481407,7.640778364563422,0,4.053443338923205,36,7.348769206622653,0,4.329610836854658,40,0.3488372093023256,0.015596223283303531,0.8929801978547047,0.1434737859040453,0.882622317832567,0.0,520.4707588906796,6.256653201709969,70,4.2626798770413155,11.795476898172977,41.5,0.0,0.2895348837209302,2.302585092994046,0.0,2.3978952727983707,10.469276663182825,34093.74678759549,41.16337034038483,0,1898190.8495779193,-22.522822466207373
Departamento,,2770368,2.0,1.0,76.0,Santa Isabel Tola,"Santa Isabel Tola, Gustavo A. Madero, Distrito Federal",False,https://departamento.mercadolibre.com.mx/MLM-5209618438-departamento-en-venta-av-acueducto-de-guadalupe-511-santa-isabel-tola-_JM,0.0,0,Gustavo A. Madero,0.83,departamento,gustavo a. madero,36452.21052631579,19.4998868,-99.1156771,santa isabel tola (pblo),6.469754734760164,0,6.294081596905785,1,6.743775421445508,0,7.178584179143398,0,8.517393171418904,0.0,1.6094379124341003,3.0,0.04974209189481407,7.589811533482282,0,5.467266724532082,30,7.229133812680227,0,3.6921690367724724,26,0.23255813953488372,0.019180111311220403,0.623988044853695,0.17861290385817952,0.9368616435433736,0.0,455.1348160030433,6.122788414948276,73,4.30406509320417,13.031416265561052,63.08,0.0,0.19302325581395346,2.1400661634962708,0.0,2.0149030205422647,10.469268277528316,33812.73193656178,45.47646430676828,0,2819684.918230516,1.7801576624663549
Casa,,5100000,3.0,1.0,206.0,NORTE 90,"NORTE 90, Gertrudis Sánchez 2a Sección, Gustavo A. Madero, Distrito Federal",False,https://casa.mercadolibre.com.mx/MLM-2911667335-casa-en-venta-norte-90-gustavo-a-madero-_JM,0.0,0,Gustavo A. Madero,0.83,casa,gustavo a. madero,24757.281553398057,19.4658938,-99.086824,camino a san juan de aragon (pblo),7.509789065880755,0,6.343271022364366,1,8.507713169896267,0,6.851467406935574,0,8.517393171418904,0.0,1.0986122886681098,3.0,0.04974209189481407,6.730553107400025,11,3.783328100783838,43,5.9039507050780955,1,4.727819020543878,23,0.36046511627906974,0.18764172493822745,0.917663771225797,0.6332733644402361,0.8296528706080727,0.0,1178.0302937473878,7.072447594649503,27,3.332204510175204,15.998156379796107,170.98,0.0,0.2991860465116279,2.463853240590168,0.22314355131420976,1.9095425048844386,10.396941514633495,35213.11184744738,55.44396540756695,2,5534944.728397066,8.528328007785603
Departamento,,2817777,2.0,1.0,76.0,Santa Isabel Tola,"Santa Isabel Tola, Gustavo A. Madero, Distrito Federal",False,https://departamento.mercadolibre.com.mx/MLM-2874594591-departamento-en-venta-av-acueducto-de-guadalupe-511-santa-isabel-tola-_JM,0.0,0,Gustavo A. Madero,0.83,departamento,gustavo a. madero,37076.01315789474,19.4998868,-99.1156771,santa isabel tola (pblo),6.469754734760164,0,6.294081596905785,1,6.743775421445508,0,7.178584179143398,0,8.517393171418904,0.0,1.6094379124341003,3.0,0.04974209189481407,7.589811533482282,0,5.467266724532082,30,7.229133812680227,0,3.6921690367724724,26,0.23255813953488372,0.019180111311220403,0.623988044853695,0.17861290385817952,0.9368616435433736,0.0,455.1348160030433,6.122788414948276,73,4.30406509320417,13.031416265561052,63.08,0.0,0.19302325581395346,2.1400661634962708,0.0,2.0149030205422647,10.469268277528316,33812.73193656178,45.47646430676828,0,2819684.918230516,0.0677100505297582
Departamento,,1663000,2.0,1.0,60.0,Vallejo,"Vallejo, Mexico City, Vallejo, Gustavo A. Madero, Distrito Federal",False,https://departamento.mercadolibre.com.mx/MLM-4975301440-departamento-en-venta-joyas-vallejo-galaxias-unidad-c-se-acepta-credito-infonavit-credito-bancario-y-efectivo-informes-55-8642-76048-_JM,0.0,0,Gustavo A. Madero,0.83,departamento,gustavo a. madero,27716.666666666668,19.5049574,-99.1536746,la patera-condomodulos (u hab),6.503311877357102,0,6.001871605675147,2,7.702687280344473,0,5.5947266124633765,1,8.517393171418904,0.0,2.302585092994046,3.0,0.04974209189481407,7.31772539685809,0,4.5876436881597105,27,7.568753081625403,0,5.570851494073683,9,0.11627906976744186,0.0492155564358942,0.8232254001375913,0.08895231863638041,0.6465555938225895,0.0,3211.454703092182,8.074790628899299,52,3.970291913552122,12.332621592519935,49.8,0.0,0.09651162790697673,2.0476928433652555,0.0,1.1786549963416462,10.380206377642889,31271.641660097088,42.67171910257727,0,2078275.5965635066,24.97147303448627
Departamento,,3008396,2.0,1.0,74.0,Santa Isabel Tola,"Santa Isabel Tola, Gustavo A. Madero, Distrito Federal",False,https://departamento.mercadolibre.com.mx/MLM-5209618458-departamento-en-venta-av-acueducto-de-guadalupe-511-santa-isabel-tola-_JM,0.0,0,Gustavo A. Madero,0.83,departamento,gustavo a. madero,40654.0,19.4998868,-99.1156771,santa isabel tola (pblo),6.469754734760164,0,6.294081596905785,1,6.743775421445508,0,7.178584179143398,0,8.517393171418904,0.0,1.6094379124341003,3.0,0.04974209189481407,7.589811533482282,0,5.467266724532082,30,7.229133812680227,0,3.6921690367724724,26,0.23255813953488372,0.019180111311220403,0.623988044853695,0.17861290385817952,0.9368616435433736,0.0,455.1348160030433,6.122788414948276,73,4.30406509320417,12.95246434060893,61.419999999999995,0.0,0.19302325581395346,2.1400661634962708,0.0,2.0149030205422647,10.469268277528316,33812.73193656178,45.200941345651266,0,2750107.1365199503,-8.585600548599642
Departamento,,2635884,2.0,1.0,70.0,Santa Isabel Tola,"Santa Isabel Tola, Gustavo A. Madero, Distrito Federal",False,https://departamento.mercadolibre.com.mx/MLM-5209618442-departamento-en-venta-av-acueducto-de-guadalupe-511-santa-isabel-tola-_JM,0.0,0,Gustavo A. Madero,0.83,departamento,gustavo a. madero,37655.485714285714,19.4998868,-99.1156771,santa isabel tola (pblo),6.469754734760164,0,6.294081596905785,1,6.743775421445508,0,7.178584179143398,0,8.517393171418904,0.0,1.6094379124341003,3.0,0.04974209189481407,7.589811533482282,0,5.467266724532082,30,7.229133812680227,0,3.6921690367724724,26,0.23255813953488372,0.019180111311220403,0.623988044853695,0.17861290385817952,0.9368616435433736,0.0,455.1348160030433,6.122788414948276,73,4.30406509320417,12.788039631123947,58.099999999999994,0.0,0.19302325581395346,2.1400661634962708,0.0,2.0149030205422647,10.469268277528316,33812.73193656178,44.62713921396695,0,2610528.27235443,-0.9619439871242417
Departamento,,2844360,2.0,1.0,74.0,Santa Isabel Tola,"Santa Isabel Tola, Gustavo A. Madero, Distrito Federal",False,https://departamento.mercadolibre.com.mx/MLM-2874535707-departamento-en-venta-av-acueducto-de-guadalupe-511-santa-isabel-tola-_JM,0.0,0,Gustavo A. Madero,0.83,departamento,gustavo a. madero,38437.2972972973,19.4998868,-99.1156771,santa isabel tola (pblo),6.469754734760164,0,6.294081596905785,1,6.743775421445508,0,7.178584179143398,0,8.517393171418904,0.0,1.6094379124341003,3.0,0.04974209189481407,7.589811533482282,0,5.467266724532082,30,7.229133812680227,0,3.6921690367724724,26,0.23255813953488372,0.019180111311220403,0.623988044853695,0.17861290385817952,0.9368616435433736,0.0,455.1348160030433,6.122788414948276,73,4.30406509320417,12.95246434060893,61.419999999999995,0.0,0.19302325581395346,2.1400661634962708,0.0,2.0149030205422647,10.469268277528316,34093.74678759549,45.200941345651266,0,2728856.603173769,-4.060786849281769
Departamento,"Preventa De Departamentos En Acueducto, Ticomán, Cdmx",2176000,2.0,1.0,50.0,Av. Acueducto 835,"Av. Acueducto 835, Candelaria Ticoman, Ciudad De México, Ticoman, Gustavo A. Madero, Distrito Federal",False,https://departamento.mercadolibre.com.mx/MLM-2689310789-preventa-de-departamentos-en-acueducto-ticoman-cdmx-_JM,0.0,0,Gustavo A. Madero,0.83,departamento,gustavo a. madero,43520.0,19.5189556,-99.1294855,san juan y guadalupe ticoman (barr),7.943159490628919,0,7.883438552258895,0,6.830544888777104,0,7.49272849242817,0,8.517393171418904,0.0,1.3862943611198906,3.0,0.04974209189481407,8.109986807225628,0,5.259188343812609,9,6.921702392840289,0,5.197096707481819,23,0.09302325581395349,0.0012900577935705069,0.6820511310209147,0.2818709221362785,0.7411310122754741,0.0,2790.717892561265,7.93441241743099,8,2.1972245773362196,11.795476898172977,41.5,0.0,0.07720930232558139,1.1786549963416462,0.0,1.9095425048844386,10.474025211407849,35808.66142923881,41.18204080401421,0,1766908.6388435953,-18.800154464908307
Departamento,,2895000,2.0,2.0,60.0,Ote. 107 3370,"Ote. 107 3370, Bondojito, Ciudad De México, Bondojito, Gustavo A. Madero, Distrito Federal",False,https://departamento.mercadolibre.com.mx/MLM-2907464873-departamento-en-venta-col-bondojito-_JM,0.0,0,Gustavo A. Madero,0.83,departamento,gustavo a. madero,48250.0,19.5045678,-99.0874159,nueva atzacoalco i,7.937229126196692,0,5.776221168312582,2,8.241169663821111,0,7.834345072584059,0,8.517393171418904,0.0,1.0986122886681098,3.0,0.04974209189481407,2.6871173545030165,32,4.931889074333517,44,8.041735514822806,0,4.001975451111964,25,0.4941860465116279,0.9729928533960263,0.7593576980433188,0.020573465398026902,0.9143789496711883,0.0,3316.910314575167,8.107090440419784,27,3.332204510175204,12.332621592519935,49.8,0.0,0.41017441860465115,2.4849066497880004,0.0,1.9810014688665833,10.464119459806824,36635.03376150838,43.01667519890722,2,1908647.1487644953,-34.07091023265993
Departamento,,1748500,0.0,1.0,60.0,Santa Rosa,"Santa Rosa, Gustavo A. Madero, Distrito Federal",False,https://departamento.mercadolibre.com.mx/MLM-2718608817-departamento-en-venta-en-unidad-habitacional-_JM,0.0,0,Gustavo A. Madero,0.83,departamento,gustavo a. madero,29141.666666666668,19.4740027,-99.1255167,industrial i,6.644777384264102,0,5.874257887946703,2,7.782418164597115,0,5.591876702086099,3,8.517393171418904,0.0,2.6390573296152584,3.0,0.04974209189481407,5.966494292625667,46,5.312845351762613,46,6.6215094393165925,1,4.815315449258235,51,0.7441860465116279,0.4591992171245201,0.6677418636961266,0.3915674721981763,0.8154817684024203,0.0,1510.861870399538,7.321097197010444,98,4.59511985013459,12.332621592519935,49.8,0.0,0.6176744186046511,2.5257286443082556,0.22314355131420976,2.6210388241125804,10.457035085110736,34130.93344992401,42.98755222812506,1,2332282.895776594,33.38764059345691
Casa,Bonita Y Comoda Casa En Loma De La Palma,4495000,6.0,3.0,200.0,Puerto Mazatlan,"Puerto Mazatlan, Loma La Palma, Ciudad De México, Loma La Palma, Gustavo A. Madero, Distrito Federal",True,https://casa.mercadolibre.com.mx/MLM-5402893598-bonita-y-comoda-casa-en-loma-de-la-palma-_JM,0.0,0,Gustavo A. Madero,0.83,casa,gustavo a. madero,22475.0,19.5217486,-99.1405578,jorge negrete,7.825178297218545,0,7.761172913292428,0,6.432652372394014,0,7.497837592316694,0,8.517393171418904,0.0,1.791759469228055,3.0,0.04974209189481407,8.07428978016226,0,4.5013648150269265,28,6.726251794495448,2,4.30663988109379,39,0.3081395348837209,0.0016291574426900886,0.8367079920790603,0.3530063710262041,0.885161970671493,0.0,3692.1286919142294,8.214229261771594,31,3.4657359027997265,15.909914724177227,166.0,0.0,0.25575581395348834,2.0794415416798357,0.4054651081081644,2.3749057545736716,10.131210047063078,26219.624584786012,53.72889596716704,0,5355559.045233515,19.144806345573194
Casa,,8976900,3.0,2.0,397.0,Ambato,"Ambato, Lindavista Nte., Ciudad De México, Colonia Lindavista Norte, Gustavo A. Madero, Distrito Federal",False,https://casa.mercadolibre.com.mx/MLM-4991290662-casa-en-venta-colonia-lindavista-norte-_JM,0.0,0,Gustavo A. Madero,0.83,casa,gustavo a. madero,22611.83879093199,19.500714,-99.1283312,lindavista ii,7.004279736907526,0,6.908944579087783,0,6.762431809190877,0,6.661332305942525,0,8.517393171418904,0.0,2.302585092994046,3.0,0.04974209189481407,7.607457315529693,0,5.167072413499226,46,7.381313712720229,0,5.10945292219534,45,0.436046511627907,0.01787583381869202,0.7055333979428506,0.13454288803677975,0.7601043327835676,0.0,1208.1949189058755,7.09771006086693,71,4.276666119016055,17.959356015853313,329.51,0.0,0.36191860465116277,2.5257286443082556,0.0,2.505525936990736,10.492479401291824,35674.61892462578,62.81272435226909,0,11561150.47913389,28.787782855260602
Edificio,,20000000,0.0,0.0,390.0,Lindavista Norte,"Lindavista Norte, Gustavo A. Madero, Distrito Federal",False,https://inmueble.mercadolibre.com.mx/MLM-4957412058-edificio-en-venta-lindavista-cdmx-_JM,0.0,0,Gustavo A. Madero,0.83,edificio,gustavo a. madero,51282.05128205128,19.5057393,-99.1480141,lindavista ii,6.353974952771635,0,6.906413995507988,0,7.396358427998668,0,3.687416913635111,5,8.517393171418904,0.0,2.3978952727983707,3.0,0.04974209189481407,7.2496344683501635,0,4.017943805365773,37,7.2551709795274295,0,6.520898519878087,9,0.1744186046511628,0.06001381635103018,0.8965749537370672,0.17067293160766214,0.3229318530836318,0.0,3045.9997173181214,8.021912686211868,60,4.110873864173311,17.9061226799561,323.7,0.0,0.1447674418604651,2.327277705584417,0.0,1.1786549963416462,10.4093234860922,33940.64613966151,62.13020778577174,0,13087147.385529814,-34.564263072350926
Departamento,,2040000,2.0,1.0,49.0,Av. Centenario 1966,"Av. Centenario 1966, Pueblo De Santiago Atzacoalco, Ciudad De México, Atzacoalco, Gustavo A. Madero, Distrito Federal",False,https://departamento.mercadolibre.com.mx/MLM-2845705061-departamento-en-venta-49m2-en-2do-piso-col-santiago-atzacoalco-gam-cdmx-_JM,0.0,0,Gustavo A. Madero,0.83,departamento,gustavo a. madero,41632.65306122449,19.5006923,-99.094593,santiago atzacoalco (pblo),7.607694327424611,0,6.417021656875067,0,7.9934825559800045,0,7.7528855596845165,0,8.517393171418904,0.0,1.0986122886681098,3.0,0.04974209189481407,6.287333306149566,41,4.715285463664474,43,7.778957718038479,0,5.703033194279736,38,0.6162790697674418,0.34183231297984634,0.8014911474564224,0.05049008148269364,0.6077699541704025,0.0,2483.2007428663364,7.8177062541464934,31,3.4657359027997265,11.736069016284437,40.669999999999995,0.0,0.5115116279069767,2.463853240590168,0.0,2.3513752571634776,10.454853350691474,34328.41708234717,40.899626826282585,2,1879624.5417340128,-7.861542071862118
Edificio,,8400000,0.0,0.0,369.0,San Bartolo Atepehuacan,"San Bartolo Atepehuacan, Gustavo A. Madero, Distrito Federal",False,https://inmueble.mercadolibre.com.mx/MLM-4443049266-edificio-comercial-av-100-metros-gustavo-a-madero-_JM,0.0,0,Gustavo A. Madero,0.83,edificio,gustavo a. madero,22764.227642276423,19.4933278,-99.1413426,san bartolo atepehuacan (pblo),6.3392306434454175,0,5.633329815297284,2,7.609460650519145,0,5.761294144538326,0,8.517393171418904,0.0,2.4849066497880004,3.0,0.04974209189481407,6.096285779912863,27,3.6350436085459963,31,6.854646259732818,1,4.973052081934054,35,0.45348837209302323,0.4121327983048999,0.9288509340417841,0.30602276540425316,0.7873267746128081,0.0,1535.1899940823173,7.337060600122146,42,3.7612001156935624,17.74050901691481,306.27,0.0,0.37639534883720926,2.169053700369523,0.22314355131420976,2.277267285009756,10.370179728619696,30605.054020164916,61.32408899420163,0,11362060.08567889,35.26262006760584
Departamento,,2604000,2.0,1.0,66.0,Gustavo A. Madero,"Gustavo A. Madero, Mexico City, Guadalupe Victoria, Gustavo A. Madero, Distrito Federal",True,https://departamento.mercadolibre.com.mx/MLM-5376895950-departamento-en-venta-en-guadaluope-victoria-ll-gustavo-a-madero-se-acepta-infonavit-bancario-y-efectivo-_JM,0.0,0,Gustavo A. Madero,0.83,departamento,gustavo a. madero,39454.545454545456,19.4848583,-99.1178571,villa gustavo a madero,5.859848830133583,1,5.272419894181226,9,7.138978789465684,0,4.976861342034545,4,8.517393171418904,0.0,2.4849066497880004,3.0,0.04974209189481407,5.7015693176803826,17,3.778302959101088,25,6.112358574953023,4,4.961182466987488,70,0.5872093023255814,0.550640257006764,0.9180682962357292,0.5694964908370941,0.7895667933278194,0.0,1266.0832268887389,7.144472866315889,78,4.3694478524670215,12.614077858172898,54.779999999999994,0.83,0.4873837209302326,1.9810014688665833,0.6931471805599453,2.917770732084279,10.392094952086573,34558.84786125678,43.695564945048524,1,2088278.9106199006,-19.804957349466186
Departamento,,1890000,2.0,1.0,60.0,DM Nacional,"DM Nacional, Gustavo A. Madero, Distrito Federal",False,https://departamento.mercadolibre.com.mx/MLM-5236047994-bonito-departamento-de-2-recamaras-en-col-san-juan-de-aragon-_JM,0.0,0,Gustavo A. Madero,0.83,departamento,gustavo a. madero,31500.0,19.4778665,-99.094982,dm nacional,7.143965258628369,0,5.448251987690145,4,8.14952800601286,0,3.8088352399240994,6,8.517393171418904,0.0,1.791759469228055,3.0,0.04974209189481407,5.685586627575428,47,5.79827313053944,28,5.503837684719006,3,5.018764009700052,32,0.5465116279069767,0.5558920164047195,0.5181661497259639,0.7365405523579738,0.7785097262866009,0.0,1607.692531172171,7.383177035613166,35,3.58351893845611,12.332621592519935,49.8,0.0,0.45360465116279064,2.0794415416798357,0.5596157879354227,2.1972245773362196,10.226102135096033,27599.25939695672,42.03821599953318,2,2027467.940019129,7.273435979848099
Casa,,6590000,4.0,4.0,336.0,Residencial Acueducto De Guadalupe,"Residencial Acueducto De Guadalupe, Gustavo A. Madero, Distrito Federal",False,https://casa.mercadolibre.com.mx/MLM-2937241455-casa-en-venta-en-residencial-acueducto-de-guadalupe-_JM,0.0,0,Gustavo A. Madero,0.83,casa,gustavo a. madero,19613.095238095237,19.5240112,-99.1481872,acueducto de guadalupe (rdcial),7.857501662729059,0,7.441114511997314,0,6.756977239143686,0,7.576422326832401,0,8.517393171418904,0.0,1.9459101490553132,3.0,0.04974209189481407,8.138423656204177,0,5.000139925320947,40,7.299208109119856,0,2.7780376872292085,37,0.3546511627906977,0.0010647300937210026,0.7446299803697527,0.1576055014501846,0.9751678174478251,0.0,4423.614695454241,8.39493847917721,47,3.871201010907891,17.460248791057083,278.88,0.0,0.29436046511627906,2.3978952727983707,0.0,2.327277705584417,10.13435403777849,26247.899019734334,58.98278094542212,0,8233153.71857083,24.93404732277436
Departamento,,3650000,3.0,2.0,110.0,San Bartolo Atepehuacan,"San Bartolo Atepehuacan, Mexico City, San Bartolo Atepehuacan, Gustavo A. Madero, Distrito Federal",False,https://departamento.mercadolibre.com.mx/MLM-2483998391-en-venta-de-hermoso-departamento-_JM,0.0,0,Gustavo A. Madero,0.83,departamento,gustavo a. madero,33181.818181818184,19.4933278,-99.1413426,san bartolo atepehuacan (pblo),6.3392306434454175,0,5.633329815297284,2,7.609460650519145,0,5.761294144538326,0,8.517393171418904,0.0,2.4849066497880004,3.0,0.04974209189481407,6.096285779912863,27,3.6350436085459963,31,6.854646259732818,1,4.973052081934054,35,0.45348837209302323,0.4121327983048999,0.9288509340417841,0.30602276540425316,0.7873267746128081,0.0,1535.1899940823173,7.337060600122146,42,3.7612001156935624,14.128590603937003,91.3,0.0,0.37639534883720926,2.169053700369523,0.22314355131420976,2.277267285009756,10.370179728619696,30605.054020164916,48.838674624971404,0,3982374.8682623594,9.106160774311217
Casa,,5900000,6.0,3.0,216.0,La Joya,"La Joya, Gustavo A. Madero, Distrito Federal",False,https://casa.mercadolibre.com.mx/MLM-2940999661-casa-en-esquina-216-m-con-uso-de-suelo-mixto-y-3-departamentos-en-la-joya-gusta-_JM,0.0,0,Gustavo A. Madero,0.83,casa,gustavo a. madero,27314.814814814814,19.460573,-99.1095538,cuchilla la joya,6.248165158825815,0,6.0643603443495095,2,8.314706474519898,0,5.532775840806781,4,8.517393171418904,0.0,1.0986122886681098,3.0,0.04974209189481407,5.889159151635214,54,1.9076812553642233,28,6.901371217033163,1,4.341987220613301,43,0.6395348837209303,0.48665343089387475,0.988590689022125,0.2891541502806108,0.8812327118225912,0.0,1543.0561663421704,7.342168107087707,36,3.6109179126442243,16.13969206062138,179.28,0.0,0.5308139534883721,2.0794415416798357,0.22314355131420976,2.463853240590168,10.262307068044148,27285.741022384114,55.210158636590265,1,5381023.883824786,-8.79620535890193
Casa,"Hermosa Casa A La Venta En Lindavista Norte, Bastante Amplia, Cómoda E Iluminada",8800000,3.0,3.0,240.0,Lindavista Nte.,"Lindavista Nte., Mexico City, Colonia Lindavista Norte, Gustavo A. Madero, Distrito Federal",True,https://casa.mercadolibre.com.mx/MLM-5385337188-hermosa-casa-a-la-venta-en-lindavista-norte-bastante-amplia-comoda-e-iluminada-_JM,0.0,0,Gustavo A. Madero,0.83,casa,gustavo a. madero,36666.666666666664,19.4911559,-99.1343372,lindavista i,5.847631990358284,1,5.272645838437883,2,7.211074598473689,0,6.05535228756452,0,8.517393171418904,0.0,2.3978952727983707,3.0,0.04974209189481407,6.954170606869329,0,4.871423190619231,23,6.123413595996014,4,4.959825963880567,57,0.4011627906976744,0.12331431692902106,0.771812957848395,0.565935542368463,0.7898215045621219,0.0,1344.2575363629219,7.2043407505563435,61,4.127134385045092,16.454390800471963,199.2,0.83,0.3329651162790697,1.9095425048844386,0.6931471805599453,2.7245795030534206,10.302152378325841,30027.82564786803,56.50521377299503,0,6765904.51449196,-23.11472142622772
Casa,Casa En Esquina Ideal Para Negocio Y Vivienda,3300000,4.0,2.0,120.0,Puerto Mazatlan,"Puerto Mazatlan, Loma La Palma, Ciudad De México, Loma De La Palma, Gustavo A. Madero, Distrito Federal",False,https://casa.mercadolibre.com.mx/MLM-4693932672-casa-en-esquina-ideal-para-negocio-y-vivienda-_JM,0.0,0,Gustavo A. Madero,0.83,casa,gustavo a. madero,27500.0,19.5217486,-99.1405578,jorge negrete,7.825178297218545,0,7.761172913292428,0,6.432652372394014,0,7.497837592316694,0,8.517393171418904,0.0,1.791759469228055,3.0,0.04974209189481407,8.07428978016226,0,4.5013648150269265,28,6.726251794495448,2,4.30663988109379,39,0.3081395348837209,0.0016291574426900886,0.8367079920790603,0.3530063710262041,0.885161970671493,0.0,3692.1286919142294,8.214229261771594,31,3.4657359027997265,14.387371636790224,99.6,0.0,0.25575581395348834,2.0794415416798357,0.4054651081081644,2.3749057545736716,10.131210047063078,26219.624584786012,48.58716135915983,0,3506908.616150106,6.269958065154722
Casa,,20800000,6.0,7.0,550.0,Jovellanos 45,"Jovellanos 45, Torres Lindavista, Ciudad De México, Torres Lindavista, Gustavo A. Madero, Distrito Federal",False,https://casa.mercadolibre.com.mx/MLM-4955454240-casa-de-6-recamaras-en-venta-en-torres-lindavista-a-5-min-de-metro-politecnico-_JM,0.0,0,Gustavo A. Madero,0.83,casa,gustavo a. madero,37818.181818181816,19.5078245,-99.1470581,torres lindavista (fracc),6.713205711654929,0,7.0621272828473565,0,7.282973891892782,0,5.097204235261641,3,8.517393171418904,0.0,2.3978952727983707,3.0,0.04974209189481407,7.395471884177077,0,3.439280392953954,47,7.07983829858118,0,6.063431723808805,13,0.2558139534883721,0.03857362603426453,0.9414546990400089,0.22684903034686638,0.48931603303238896,0.0,3236.180591322465,8.082458042089693,64,4.174387269895637,18.935204427458743,456.5,0.0,0.21232558139534882,2.545531271604435,0.0,1.4469189829363254,10.418750028813932,33036.6057356211,65.76038722472782,0,17764707.44666001,-14.592752660288422
Edificio,,8950000,0.0,6.0,350.0,C. Granate,"C. Granate, Col. Estrella, Ciudad De México, Estrella, Gustavo A. Madero, Distrito Federal",False,https://inmueble.mercadolibre.com.mx/MLM-2613483515-edificio-en-venta-en-gustavo-a-madero-col-estrella-_JM,0.0,0,Gustavo A. Madero,0.83,edificio,gustavo a. madero,25571.428571428572,19.473702,-99.1177252,estrella,6.794068093365246,0,6.24877848661767,1,7.805242835453992,0,5.988318820152086,0,8.517393171418904,0.0,2.3978952727983707,3.0,0.04974209189481407,5.8905679936152255,45,4.561837246736343,36,6.930518704504719,0,4.483699563841433,63,0.7441860465116279,0.48615817885044554,0.8273574078553787,0.2787247309015487,0.8642128568581919,0.0,823.3702651183237,6.714619779853354,112,4.727387818712341,17.582358670397596,290.5,0.0,0.6176744186046511,2.302585092994046,0.0,2.8183982582710754,10.415966024865286,32851.599140825485,61.04575018261898,1,10092702.697711024,12.767627907385748
Departamento,,2550000,2.0,2.0,58.0,Capultitlan,"Capultitlan, Mexico City, Capultitlán, Gustavo A. Madero, Distrito Federal",False,https://departamento.mercadolibre.com.mx/MLM-2897773395-departamento-en-venta-en-capultitlan-gustavo-a-madero-cdmx-_JM,0.0,0,Gustavo A. Madero,0.83,departamento,gustavo a. madero,43965.51724137931,19.4783568,-99.1336761,capultitlan,5.384082199063447,1,5.435989605501015,1,7.713966710775382,0,6.426259684473985,0,8.517393171418904,0.0,2.5649493574615367,3.0,0.04974209189481407,6.427527825661813,40,5.517357408766081,54,6.116876152649682,5,3.8802322323552296,18,0.5930232558139535,0.2907517912100846,0.6089905982549781,0.5680433858577532,0.9239853121472978,0.0,537.6908426332302,6.289141830531849,57,4.060443010546419,12.23261233171716,48.14,0.83,0.4922093023255814,2.6741486494265287,0.8109302162163288,1.7047480922384253,10.464640798489167,33536.58607211752,42.669964692863026,1,2368925.629893309,-7.100955690458472
Casa,Casa Bonita Recién Remodelada En Zona De Lindavista,6900000,2.0,2.0,173.0,Corumbá 300 - 600,"Corumbá 300 - 600, Valle Del Tepeyac, Ciudad De México, Valle Del Tepeyac, Gustavo A. Madero, Distrito Federal",True,https://casa.mercadolibre.com.mx/MLM-2952545245-casa-bonita-recien-remodelada-en-zona-de-lindavista-_JM,0.0,0,Gustavo A. Madero,0.83,casa,gustavo a. madero,39884.39306358381,19.4883946,-99.1395261,valle del tepeyac,6.151687538097643,1,5.987402694745847,1,7.587679845819157,0,6.151204719585119,0,8.517393171418904,0.0,2.3978952727983707,3.0,0.04974209189481407,6.0638335380382316,42,5.144334042835738,43,6.038891032313902,5,4.429125452730603,33,0.627906976744186,0.4239916301124213,0.7111196872142986,0.592719176357491,0.8710144213703073,0.0,966.9879308943503,6.8752196191145005,53,3.9889840465642745,15.477165897643587,143.59,0.83,0.5211627906976743,2.463853240590168,0.8109302162163288,2.224623551524334,10.43068423181239,33994.46123671706,53.81247676056513,1,5556465.393767466,-19.471516032355566
Departamento,,1990000,2.0,1.0,50.0,Vallejo,"Vallejo, Gustavo A. Madero, Distrito Federal",False,https://departamento.mercadolibre.com.mx/MLM-5246081432-departamentos-en-ventaentrega-inmediata-vallejo-gam-cdmx-_JM,0.0,0,Gustavo A. Madero,0.83,departamento,gustavo a. madero,39800.0,19.5049574,-99.1536746,la patera-condomodulos (u hab),6.503311877357102,0,6.001871605675147,2,7.702687280344473,0,5.5947266124633765,1,8.517393171418904,0.0,2.302585092994046,3.0,0.04974209189481407,7.31772539685809,0,4.5876436881597105,27,7.568753081625403,0,5.570851494073683,9,0.11627906976744186,0.0492155564358942,0.8232254001375913,0.08895231863638041,0.6465555938225895,0.0,3211.454703092182,8.074790628899299,52,3.970291913552122,11.795476898172977,41.5,0.0,0.09651162790697673,2.0476928433652555,0.0,1.1786549963416462,10.380206377642889,30640.11179843851,40.813161508584834,0,1833677.2322338163,-7.855415465637372
Local Comercial,Local  Comercial A Media Cuadra  De Av. Principal,1698000,0.0,1.0,68.0,7 De Noviembre,"7 De Noviembre, Gustavo A. Madero, Distrito Federal",False,https://inmueble.mercadolibre.com.mx/MLM-2237352649-local-comercial-a-media-cuadra-de-av-principal-_JM,0.0,0,Gustavo A. Madero,0.83,local comercial,gustavo a. madero,24970.58823529412,19.4617797,-99.1241385,7 de noviembre,6.3721889720993365,0,5.850250904354437,2,8.224512297078217,0,5.592773263812315,2,8.517393171418904,0.0,2.4849066497880004,3.0,0.04974209189481407,5.2319217719787074,50,5.29213909263871,69,7.34823080064312,0,5.1916897682419325,48,0.877906976744186,0.689144542741562,0.6733188354800089,0.14362390383055404,0.7423358952272932,0.0,2083.7125291191765,7.642386249004953,67,4.219507705176107,12.702319513791778,56.44,0.0,0.7286627906976744,2.9041650800285006,0.0,2.5649493574615367,10.467658841819299,35083.950401979,44.32118239005211,1,2484660.215934514,46.32863462511862
Casa,,8800000,3.0,4.0,225.0,Pujato SN,"Pujato SN, Lindavista Norte, Gustavo A. Madero, Distrito Federal",False,https://casa.mercadolibre.com.mx/MLM-4608642760-casa-en-venta-en-lindavista-norte-_JM,0.0,0,Gustavo A. Madero,0.83,casa,gustavo a. madero,39111.11111111111,19.4989858,-99.1307031,lindavista ii,7.125263497869543,0,6.876698738417165,0,6.8771657820026375,0,6.346307354896688,0,8.517393171418904,0.0,2.4849066497880004,3.0,0.04974209189481407,7.443550908087544,0,5.857401780772919,40,7.208515627698206,0,5.174073921536146,46,0.4069767441860465,0.03285620849298125,0.49776453392852654,0.185007863092568,0.7462298590301363,0.0,1386.1979697996023,7.235041142501275,81,4.406719247264253,16.26160499781686,186.75,0.0,0.3377906976744186,2.3978952727983707,0.0,2.5257286443082556,10.475505486837147,32309.509988075937,56.78284412646962,0,7839987.52116903,-10.909232713988294
Casa,,9000000,4.0,4.0,337.0,Salaverry 899,"Salaverry 899, Lindavista Nte., Ciudad De México, Colonia Lindavista Norte, Gustavo A. Madero, Distrito Federal",False,https://casa.mercadolibre.com.mx/MLM-4754146260-casa-en-venta-en-lindavista-_JM,0.0,0,Gustavo A. Madero,0.83,casa,gustavo a. madero,26706.231454005934,19.5094917,-99.1248543,san pedro zacatenco (pblo),7.417325515400128,0,7.3131837418354095,0,6.877912947316195,0,7.173239740405639,0,8.517393171418904,0.0,1.3862943611198906,3.0,0.04974209189481407,7.9530056672426115,0,4.739214439456633,25,7.301349418196922,0,4.1620707567499045,36,0.2616279069767442,0.003392388162828212,0.7971689151241853,0.1569820950329012,0.9000179593665426,0.0,1636.6660542285317,7.40102736953051,59,4.0943445622221,17.469137686449056,279.71,0.0,0.21715116279069768,1.9810014688665833,0.0,2.302585092994046,10.516374506156872,39186.34711602578,61.23733140343903,0,10098737.028978026,12.20818921086695
Departamento,,1754000,3.0,1.0,60.0,Martín Carrera,"Martín Carrera, Mexico City, Martín Carrera, Gustavo A. Madero, Distrito Federal",False,https://departamento.mercadolibre.com.mx/MLM-5194306838-departamento-en-venta-en-martin-carrera-a-calles-de-parque-tepeyac-_JM,0.0,0,Gustavo A. Madero,0.83,departamento,gustavo a. madero,29233.333333333332,19.4823204,-99.1058514,granjas modernas-san juan de aragon (ampl),5.2184291941388405,2,4.151381859979422,2,7.72020461246865,0,3.904942085256623,3,8.517393171418904,0.0,2.302585092994046,3.0,0.04974209189481407,6.7770770778847425,20,4.574169715734744,14,5.744631493310059,2,5.273612289213615,48,0.4069767441860465,0.1732533655605304,0.8253935109191101,0.6774730155656916,0.7235884178943468,0.0,919.6200356428334,6.825047394825257,36,3.6109179126442243,12.332621592519935,49.8,1.66,0.3377906976744186,1.5040773967762742,0.4054651081081644,2.5649493574615367,10.487382122851846,33936.62315708912,43.112305072430075,2,2278770.9041096633,29.918523609444886
Departamento,Hermoso Departamento Saliendo De Metro Potrero Cm,1500000,2.0,1.0,61.0,Insurgentes Nte. 1190,"Insurgentes Nte. 1190, Capultitlan, Ciudad De México, Capultitlán, Gustavo A. Madero, Distrito Federal",False,https://departamento.mercadolibre.com.mx/MLM-2935099989-hermoso-departamento-saliendo-de-metro-potrero-cm-_JM,0.0,0,Gustavo A. Madero,0.83,departamento,gustavo a. madero,24590.16393442623,19.485081,-99.1219131,tepeyac insurgentes,5.932811284180442,2,5.174990507054857,6,7.046021396938975,0,5.766839259839332,0,8.517393171418904,0.0,2.833213344056216,3.0,0.04974209189481407,6.211750859667189,18,5.581976786224471,32,5.723464248075678,4,4.141955123366099,74,0.6627906976744186,0.3696691586103075,0.5890806204519048,0.6830386884190429,0.9019379543484876,0.0,1314.3192666413338,7.181834703463956,88,4.48863636973214,12.381403155135274,50.629999999999995,1.66,0.5501162790697673,2.1972245773362196,0.6931471805599453,2.970414465569701,10.402075807988291,34425.94181161539,42.930764742994185,1,2423974.829677907,61.598321978527125
Casa,,7700000,3.0,2.0,240.0,Valle Del Tepeyac,"Valle Del Tepeyac, Gustavo A. Madero, Distrito Federal",False,https://casa.mercadolibre.com.mx/MLM-2894400845-valle-del-tepeyac-amplia-casa-en-venta-_JM,0.0,0,Gustavo A. Madero,0.83,casa,gustavo a. madero,32083.333333333332,19.4881116,-99.1416177,valle del tepeyac,5.865810551027095,1,6.218459260663518,1,7.690963184534339,0,5.542983636273227,2,8.517393171418904,0.0,2.302585092994046,3.0,0.04974209189481407,5.379894700809167,42,4.3932609165973915,39,6.401035068102732,5,5.510140714883177,36,0.622093023255814,0.6492101241098507,0.8523077403703072,0.47150037162696756,0.6634446528834927,0.0,983.1754235969726,6.891804157176157,51,3.9512437185814275,16.454390800471963,199.2,0.83,0.5163372093023255,2.3749057545736716,0.8109302162163288,2.302585092994046,10.449668313472698,32229.338485695054,57.31430872172951,1,7397294.1519819,-3.9312447794558385
Bodega,Bodega Comercial En Esquina Ideal Para Desarrollo Habitacional O Comercial,15300000,0.0,0.0,558.0,PONIENTE 106 203,"PONIENTE 106 203, Guadalupe Victoria, Gustavo A. Madero, Distrito Federal",False,https://inmueble.mercadolibre.com.mx/MLM-2797880485-bodega-comercial-en-esquina-ideal-para-desarrollo-habitacional-o-comercial-_JM,0.0,0,Gustavo A. Madero,0.83,bodega,gustavo a. madero,27419.354838709678,19.4679344,-99.1422687,vallejo poniente,5.734103517829716,1,5.041705636004596,5,8.215837357273655,0,6.16013394220604,0,8.517393171418904,0.0,2.1972245773362196,3.0,0.04974209189481407,6.255937623771691,59,5.202544811469111,94,5.635282550386322,5,5.566679198997665,20,0.9476744186046512,0.3533855958155302,0.6966527032751642,0.7054477481123385,0.6477351261888508,0.0,1342.6123986693096,7.2031170856423525,35,3.58351893845611,18.9784484194653,463.14,0.83,0.7865697674418605,3.1986731175506815,0.8109302162163288,1.791759469228055,10.280081354851244,24856.942914864616,65.03333124698376,1,11693221.633506699,-23.573714813681708
Casa,,6200000,5.0,2.0,180.0,Eten 546,"Eten 546, Valle Del Tepeyac, Gustavo A. Madero, 7500 - 7800 Ciudad De México, CDMX, Mexico, Valle Del Tepeyac, Gustavo A. Madero, Distrito Federal",False,https://casa.mercadolibre.com.mx/MLM-2938419211-casa-en-venta-valle-del-tepeyac-casa-amplia-separada-en-dos-ideal-para-acondicionar-_JM,0.0,0,Gustavo A. Madero,0.83,casa,gustavo a. madero,34444.444444444445,19.4943897,-99.1378793,lindavista i,6.627327162467565,0,5.70008919643989,1,7.405047835807127,0,5.159811436405135,4,8.517393171418904,0.0,2.302585092994046,3.0,0.04974209189481407,6.716057528904553,18,5.599031284271501,26,6.819288548414855,3,5.14257468976463,34,0.37790697674418605,0.19222038815526898,0.5837227594084923,0.3188874838651224,0.7530729892180693,0.0,1627.2320509934993,7.39525007387028,56,4.04305126783455,15.595491093797477,149.4,0.0,0.3136627906976744,2.0149030205422647,0.5596157879354227,2.2512917986064953,10.3622745949079,30001.91352955811,53.86825371879001,0,5870292.498688489,-5.317862924379207
Casa,Se Vende Casa En San Juan De Aragón Vi Sección,3600000,3.0,1.0,126.0,C. 1545 69,"C. 1545 69, San Juan De Aragón VI Secc, Ciudad De México, San Juan De Aragón 6a Secc., Gustavo A. Madero, Distrito Federal",False,https://casa.mercadolibre.com.mx/MLM-2911222437-se-vende-casa-en-san-juan-de-aragon-vi-seccion-_JM,0.0,0,Gustavo A. Madero,0.83,casa,gustavo a. madero,28571.428571428572,19.4657897,-99.0620636,san juan de aragon 6a seccion (u hab) ii,6.136326426598363,1,4.958128836668047,3,8.870599933829839,0,7.603152652969474,0,8.517393171418904,0.0,1.3862943611198906,3.0,0.04974209189481407,5.8639359525263925,29,4.519624902619423,41,7.740853906905325,0,5.032106825277893,21,0.4418604651162791,0.49548678497039805,0.8339329176829748,0.05645593376675751,0.7758785652379501,0.0,3547.236776141097,8.174206076304557,15,2.772588722239781,14.532561259375774,104.58,0.83,0.3667441860465116,2.4203681286504293,0.0,1.8325814637483102,10.230816949714319,28277.768953656792,49.559991351727774,2,3521156.0168399513,-2.190110643334687
Casa,"Acueducto De Guadalupe Te Espera. Casa Iluminada, Con Espacios Perfectos Para Ti",6590000,4.0,4.0,336.0,Acueducto De Guadalupe,"Acueducto De Guadalupe, Mexico City, Residencial Acueducto De Guadalupe, Gustavo A. Madero, Distrito Federal",False,https://casa.mercadolibre.com.mx/MLM-2416575509-acueducto-de-guadalupe-te-espera-casa-iluminada-con-espacios-perfectos-para-ti-_JM,0.0,0,Gustavo A. Madero,0.83,casa,gustavo a. madero,19613.095238095237,19.4889617,-99.1171639,santa isabel tola (pblo),6.617722967364068,0,5.355419449992465,5,6.797533642851436,0,4.6215617957496375,2,8.517393171418904,0.0,2.3978952727983707,3.0,0.04974209189481407,6.632233293636945,7,5.194307647685458,33,5.912959641419291,3,4.399065533958849,71,0.5697674418604651,0.21951131861774165,0.6987329780153586,0.6306534579499847,0.8746268110645422,0.0,814.7508162754261,6.704108936117032,79,4.382026634673881,17.460248791057083,278.88,0.0,0.472906976744186,2.224623551524334,0.5596157879354227,2.9311937524164198,10.361742280289441,30007.744625598552,60.30619937422293,1,9768819.738211038,48.23702182414321
Casa,,14900000,3.0,2.0,380.0,Torres Lindavista,"Torres Lindavista, Gustavo A. Madero, Distrito Federal",False,https://casa.mercadolibre.com.mx/MLM-5204850300-casa-en-venta-torres-lindavista-_JM,0.0,0,Gustavo A. Madero,0.83,casa,gustavo a. madero,39210.52631578947,19.506314,-99.1445042,lindavista ii,6.679769486264925,0,7.223941639777131,0,7.1472128030593325,0,4.678778369103367,7,8.517393171418904,0.0,2.302585092994046,3.0,0.04974209189481407,7.287560775184536,0,5.207770810799338,50,7.024704089587906,0,6.269422731361549,12,0.26744186046511625,0.05382590649371316,0.6953272207723313,0.24565495239178914,0.415355435526639,0.0,3009.414085044649,8.009832918063342,58,4.07753744390572,17.828398125380104,315.4,0.0,0.2219767441860465,2.6026896854443837,0.0,1.3862943611198906,10.403905139914237,32781.37485539022,61.8283209643598,0,12687647.356997753,-14.848004315451323
Casa,Venta De Casa En San Juan De Aragón 3a Sección,5990000,8.0,5.0,370.0,Av. 611 133,"Av. 611 133, San Juan De Aragón III Secc, Ciudad De México, San Juan De Aragón 3a Secc., Gustavo A. Madero, Distrito Federal",False,https://casa.mercadolibre.com.mx/MLM-5153750422-venta-de-casa-en-san-juan-de-aragon-3a-seccion-_JM,0.0,0,Gustavo A. Madero,0.83,casa,gustavo a. madero,16189.18918918919,19.4506769,-99.068002,san juan de aragon 3a seccion (u hab) ii,6.724852100071145,0,7.501855737006567,0,8.929086185745174,0,7.626937899813166,0,8.517393171418904,0.0,0.0,3.0,0.04974209189481407,6.790170507083753,13,4.51688507536925,59,7.711971626738939,0,5.331436467662632,20,0.4418604651162791,0.16929199369078549,0.8343519492368449,0.061272111446067,0.7097154140849812,0.0,2966.256304508707,7.995393001631874,5,1.791759469228055,17.748606187822304,307.09999999999997,0.0,0.3667441860465116,2.7568403652716422,0.0,1.791759469228055,10.265785399761084,28152.20257181922,60.734460756351815,2,7728090.1953912275,29.016530807866904
Casa,,14900000,2.0,3.0,600.0,Porto Alegre SN,"Porto Alegre SN, Torres Lindavista, Gustavo A. Madero, Distrito Federal",False,https://casa.mercadolibre.com.mx/MLM-4660104768-casa-en-venta-en-torres-lindavista-_JM,0.0,0,Gustavo A. Madero,0.83,casa,gustavo a. madero,24833.333333333332,19.5098848,-99.1425268,torres lindavista (fracc),7.120841297796577,0,7.434789955990274,0,6.842973980675183,0,6.277171095573165,0,8.517393171418904,0.0,2.0794415416798357,3.0,0.04974209189481407,7.540184231586925,0,5.364874889772498,47,6.529553818694204,2,5.617296778205546,16,0.28488372093023256,0.023229006542325785,0.6534240469000353,0.42523403765233175,0.6332388062532828,0.0,2998.5809010439802,8.006227858239335,57,4.060443010546419,19.195784803605623,498.0,0.0,0.236453488372093,2.545531271604435,0.4054651081081644,1.6094379124341003,10.434174531838893,35617.988579161734,66.76405630548061,0,17190565.31608293,15.372921584449184
Casa,,6500000,4.0,4.0,320.0,AV 527 133,"AV 527 133, San Juan De Aragón I Sección, Gustavo A. Madero, Distrito Federal",False,https://casa.mercadolibre.com.mx/MLM-5300454034--casa-en-venta-amplios-espacios-para-tu-familia-_JM,0.0,0,Gustavo A. Madero,0.83,casa,gustavo a. madero,20312.5,19.4606085,-99.0893813,san juan de aragon 1a seccion (u hab) ii,7.138404354454775,0,7.055522927083922,0,8.551470969045656,0,6.50115484095329,0,8.517393171418904,0.0,0.6931471805599453,3.0,0.04974209189481407,6.8474980145839845,2,5.357239916121284,47,6.035157315982635,3,5.348293903308355,27,0.36627906976744184,0.15243079876371263,0.6555522724457922,0.5938784105903053,0.7055703401226884,0.0,630.2145311724987,6.447645790769365,26,3.295836866004329,17.314323369390046,265.59999999999997,0.0,0.3040116279069767,2.545531271604435,0.5596157879354227,2.0476928433652555,10.39957624108113,34657.212620891674,60.020541980901505,2,7404154.169517225,13.91006414641884
Departamento,,3964953,2.0,2.0,71.0,San Juan De Aragón I Sección,"San Juan De Aragón I Sección, Gustavo A. Madero, Distrito Federal",False,https://departamento.mercadolibre.com.mx/MLM-5034811546-rio-consulado-departamentos-en-preventa-san-juan-de-aragon-gustavo-a-madero-_JM,0.0,0,Gustavo A. Madero,0.83,departamento,gustavo a. madero,55844.40845070423,19.4596866,-99.0917728,san juan de aragon 1a seccion (u hab) i,6.950129804963883,0,7.2270746571614835,0,8.534911385704143,0,6.021226435796211,0,8.517393171418904,0.0,0.6931471805599453,3.0,0.04974209189481407,7.088161737367914,0,4.248217180175799,47,5.2236390463323215,3,5.488894186954261,27,0.3546511627906977,0.0913179266199287,0.8711325983982718,0.7939295952274503,0.6692155280507944,0.0,359.4276130285016,5.8872911405253365,26,3.295836866004329,12.829998357048165,58.93,0.0,0.29436046511627906,2.545531271604435,0.5596157879354227,2.0476928433652555,10.381649510460809,30723.92151431357,44.39884872088736,2,2351413.11280415,-40.69505709641072
Departamento,,3575613,2.0,1.0,65.0,San Juan De Aragón I Sección,"San Juan De Aragón I Sección, Gustavo A. Madero, Distrito Federal",False,https://departamento.mercadolibre.com.mx/MLM-2800675923-preventa-departamento-en-venta-en-san-juan-de-aragon-gustavo-a-madero-_JM,0.0,0,Gustavo A. Madero,0.83,departamento,gustavo a. madero,55009.43076923077,19.4596866,-99.0917728,san juan de aragon 1a seccion (u hab) i,6.950129804963883,0,7.2270746571614835,0,8.534911385704143,0,6.021226435796211,0,8.517393171418904,0.0,0.6931471805599453,3.0,0.04974209189481407,7.088161737367914,0,4.248217180175799,47,5.2236390463323215,3,5.488894186954261,27,0.3546511627906977,0.0913179266199287,0.8711325983982718,0.7939295952274503,0.6692155280507944,0.0,359.4276130285016,5.8872911405253365,26,3.295836866004329,12.568964226079276,53.949999999999996,0.0,0.29436046511627906,2.545531271604435,0.5596157879354227,2.0476928433652555,10.381649510460809,30723.92151431357,43.495527101558444,2,2192426.4713755418,-38.68389919782869
Departamento,Departamento Nuevo Al Norte De La Cdmx,2350000,2.0,1.0,50.0,Sin Calle,"Sin Calle, Bondojito, Gustavo A. Madero, Distrito Federal",False,https://departamento.mercadolibre.com.mx/MLM-5071770954-departamento-nuevo-al-norte-de-la-cdmx-_JM,0.0,0,Gustavo A. Madero,0.83,departamento,gustavo a. madero,47000.0,19.4817469,-99.1171968,aragon la villa (aragon),4.820671630585478,1,5.639896560628831,6,7.382147427663786,0,5.062614513544654,8,8.517393171418904,0.0,2.4849066497880004,3.0,0.04974209189481407,4.813607240865312,25,5.386792163996134,23,6.502526077558062,4,4.719294577890172,66,0.5988372093023255,0.7832132430764825,0.6472629276714708,0.43505625020952526,0.8309807984040325,0.0,1061.9810618148233,6.968832562392862,91,4.5217885770490405,11.795476898172977,41.5,0.83,0.4970348837209302,1.9095425048844386,0.6931471805599453,2.8622008809294686,10.467828624085682,33160.46346662161,41.15767690314549,1,1750318.4348921203,-25.51836447267573
Edificio,,5290000,0.0,4.0,294.0,Juan Sebastián Bach 191,"Juan Sebastián Bach 191, Vallejo, Gustavo A. Madero, 07870 Ciudad De México, CDMX, Mexico, Arboledas, Gustavo A. Madero, Distrito Federal",False,https://inmueble.mercadolibre.com.mx/MLM-2574002683-edificio-para-inversion-de-3-niveles-en-vallejo-ciudad-de-mexico-_JM,0.0,0,Gustavo A. Madero,0.83,edificio,gustavo a. madero,17993.197278911564,19.4699485,-99.1355012,vallejo i,4.718028843351372,2,5.97131557682797,1,8.053846904609312,0,4.9031528915936216,1,8.517393171418904,0.0,2.4849066497880004,3.0,0.04974209189481407,4.293870431001054,54,4.8917337400742165,71,6.9115157003779535,0,5.44326433181728,26,0.7965116279069767,0.865455903497374,0.7676905460606088,0.28551538146189187,0.6813634460553929,0.0,1126.9836434054166,7.028186931425758,53,3.9889840465642745,17.06092606901946,244.01999999999998,1.66,0.6611046511627906,2.9311937524164198,0.0,2.0149030205422647,10.304277306216413,32266.343574110473,58.60017110534441,1,7495344.5376662165,41.68893265909672
Departamento,,3030440,2.0,1.0,77.0,Santa Isabel Tola,"Santa Isabel Tola, Gustavo A. Madero, Distrito Federal",False,https://departamento.mercadolibre.com.mx/MLM-5209618408-departamento-en-venta-av-acueducto-de-guadalupe-511-santa-isabel-tola-_JM,0.0,0,Gustavo A. Madero,0.83,departamento,gustavo a. madero,39356.36363636364,19.4998868,-99.1156771,santa isabel tola (pblo),6.469754734760164,0,6.294081596905785,1,6.743775421445508,0,7.178584179143398,0,8.517393171418904,0.0,1.6094379124341003,3.0,0.04974209189481407,7.589811533482282,0,5.467266724532082,30,7.229133812680227,0,3.6921690367724724,26,0.23255813953488372,0.019180111311220403,0.623988044853695,0.17861290385817952,0.9368616435433736,0.0,455.1348160030433,6.122788414948276,73,4.30406509320417,13.070126480068776,63.91,0.0,0.19302325581395346,2.1400661634962708,0.0,2.0149030205422647,10.469268277528316,34093.74678759549,45.61155351368895,0,2827901.3952777744,-6.6834718629052405
Edificio,,11000000,0.0,2.0,400.0,Av Huasteca 176,"Av Huasteca 176, Industrial, Ciudad De México, Industrial, Gustavo A. Madero, Distrito Federal",False,https://inmueble.mercadolibre.com.mx/MLM-2880655703-edificio-en-venta-con-uso-de-suelo-mixto-industrial-gustavo-a-madero-_JM,0.0,0,Gustavo A. Madero,0.83,edificio,gustavo a. madero,27500.0,19.4743339,-99.1245531,industrial i,6.739844620393714,0,5.569689724800815,2,7.761867433577541,0,5.15022018826752,4,8.517393171418904,0.0,2.6390573296152584,3.0,0.04974209189481407,5.729933203361168,46,5.702428317180686,49,6.5534833455313395,1,2.8282518005970867,49,0.75,0.5412373371500186,0.5503570357873624,0.416505687282811,0.9738222978096044,0.0,1529.0970442883443,7.333086440014474,100,4.61512051684126,17.981884281919708,332.0,0.0,0.6224999999999999,2.583997552432231,0.22314355131420976,2.583997552432231,10.444104574389804,34732.71058469628,62.60155996164858,1,10362499.310605975,-5.795460812672956
Departamento,,2040000,2.0,1.0,49.0,Av Centenario 1966,"Av Centenario 1966, Santiago Atzacoalco, Gustavo A. Madero, Distrito Federal",False,https://departamento.mercadolibre.com.mx/MLM-5078580412-hermoso-departamento-con-gran-ubicacion-en-gustavo-a-madero-_JM,0.0,0,Gustavo A. Madero,0.83,departamento,gustavo a. madero,41632.65306122449,19.5006923,-99.094593,santiago atzacoalco (pblo),7.607694327424611,0,6.417021656875067,0,7.9934825559800045,0,7.7528855596845165,0,8.517393171418904,0.0,1.0986122886681098,3.0,0.04974209189481407,6.287333306149566,41,4.715285463664474,43,7.778957718038479,0,5.703033194279736,38,0.6162790697674418,0.34183231297984634,0.8014911474564224,0.05049008148269364,0.6077699541704025,0.0,2483.2007428663364,7.8177062541464934,31,3.4657359027997265,11.736069016284437,40.669999999999995,0.0,0.5115116279069767,2.463853240590168,0.0,2.3513752571634776,10.454853350691474,34328.41708234717,40.899626826282585,2,1879624.5417340128,-7.861542071862118
Departamento,Departamento En Planta Baja Frente A Cablebus La Patera,1620000,2.0,1.0,52.0,Virginia Fábregas 167,"Virginia Fábregas 167, Arbolillo II, Gustavo A. Madero, 07239 Ciudad De México, CDMX, Mexico, Jorge Negrete, Gustavo A. Madero, Distrito Federal",False,https://departamento.mercadolibre.com.mx/MLM-2907197885-departamento-en-planta-baja-frente-a-cablebus-la-patera-_JM,0.0,0,Gustavo A. Madero,0.83,departamento,gustavo a. madero,31153.846153846152,19.5279605,-99.1443737,jorge negrete,8.026866120695834,0,7.710906658222092,0,5.945802209738872,1,7.77942809541272,0,8.517393171418904,0.0,1.791759469228055,3.0,0.04974209189481407,8.256861337849925,0,5.122900717042889,32,7.206954823599109,0,3.8464903917643603,33,0.28488372093023256,0.0004501374756685651,0.716309506548559,0.18549572877004677,0.9264634269605999,0.0,4477.471467885869,8.407037076986363,32,3.4965075614664802,11.910875740656365,43.16,0.0,0.236453488372093,2.1972245773362196,0.0,2.224623551524334,10.215217645057933,24726.74570118141,40.557396011348466,0,1303233.4155377352,-19.553492868041037
Departamento,,2200000,3.0,1.0,65.0,Juan De Dios Bátiz I,"Juan De Dios Bátiz I, Mexico City, Juan De Dios Batiz, Gustavo A. Madero, Distrito Federal",False,https://departamento.mercadolibre.com.mx/MLM-5041467624-departamento-en-venta-unidad-batiz-_JM,0.0,0,Gustavo A. Madero,0.83,departamento,gustavo a. madero,33846.153846153844,19.5036812,-99.1294773,juan de dios batiz (u hab),7.241434603183423,0,7.149962287177388,0,6.902665505782207,0,6.488076751668306,0,8.517393171418904,0.0,2.1972245773362196,3.0,0.04974209189481407,7.635111886020331,0,3.3711866975699096,42,7.3089329854749385,0,5.263144122614253,37,0.36627906976744184,0.01596741500864952,0.9453253642842233,0.15478343535253664,0.7260429918482162,0.0,1472.5844282039097,7.295453098265452,60,4.110873864173311,12.568964226079276,53.949999999999996,0.0,0.3040116279069767,2.4423470353692043,0.0,2.327277705584417,10.492487802929958,36340.27785520914,43.959901279199926,0,2355306.572504316,7.059389659287091
Departamento,,2040000,2.0,1.0,49.0,Santiago Atzacoalco,"Santiago Atzacoalco, Gustavo A. Madero, Distrito Federal",False,https://departamento.mercadolibre.com.mx/MLM-2930117803-departamento-en-venta-en-santiago-atzacoalco-gustavo-a-madero-_JM,0.0,0,Gustavo A. Madero,0.83,departamento,gustavo a. madero,41632.65306122449,19.5004436,-99.0951455,santiago atzacoalco (pblo),7.581071756129889,0,6.462834281619142,0,7.972255581860801,0,7.733203254841019,0,8.517393171418904,0.0,1.0986122886681098,3.0,0.04974209189481407,6.364663581687403,40,3.9949245195463443,40,7.758942997184991,0,5.631459193311595,37,0.5872093023255814,0.31351793648610066,0.8988460720437672,0.05356902980904419,0.6291104799476241,0.0,2421.012783327392,7.792354202103812,30,3.4339872044851463,11.736069016284437,40.669999999999995,0.0,0.4873837209302326,2.3978952727983707,0.0,2.327277705584417,10.45484945009039,33847.50273849315,40.899611567041404,2,1893703.788696175,-7.171382907050246
Departamento,Departamento En Planta Baja,1390000,2.0,1.0,45.0,Av Cuautepec 1650,"Av Cuautepec 1650, Jorge Negrete, Ciudad De México, Jorge Negrete, Gustavo A. Madero, Distrito Federal",False,https://departamento.mercadolibre.com.mx/MLM-5058323500-departamento-en-planta-baja-_JM,0.0,0,Gustavo A. Madero,0.83,departamento,gustavo a. madero,30888.88888888889,19.5425743,-99.1524644,zona escolar i,8.444519750887828,0,7.788192677061995,0,7.031990843401398,0,8.305585449937563,0,8.517393171418904,0.0,1.0986122886681098,3.0,0.04974209189481407,8.605583587344263,0,6.445341352843618,8,6.505738577699237,1,5.061127814398665,15,0.046511627906976744,1.8053966805785967e-05,0.28435744518924994,0.43389098364913514,0.7700648226648038,0.0,6280.647696352531,8.74538759707938,7,2.0794415416798357,11.485924189467285,37.35,0.0,0.038604651162790694,1.0986122886681098,0.22314355131420976,1.55814461804655,10.177828890097777,26374.719360406005,38.96725701501101,0,1234987.4288331687,-11.151983537182108
Departamento,,2750000,2.0,2.0,84.0,Margarita Maza De Juárez 1045,"Margarita Maza De Juárez 1045, Nueva Industrial Vallejo, Ciudad De México, Nueva Industrial Vallejo, Gustavo A. Madero, Distrito Federal",False,https://departamento.mercadolibre.com.mx/MLM-2720500639-bonito-departamento-en-venta-col-nueva-industrial-vallejo-_JM,0.0,0,Gustavo A. Madero,0.83,departamento,gustavo a. madero,32738.095238095237,19.5088159,-99.1507629,nueva industrial vallejo (fracc),6.820142502111583,0,6.791487415643078,0,7.500074995087747,0,6.0248681048766635,0,8.517393171418904,0.0,2.3978952727983707,3.0,0.04974209189481407,7.491944109385593,0,4.991465364441722,32,7.285861850588894,0,6.1174741508534884,10,0.1511627906976744,0.027734696515432835,0.746541707016281,0.16151648014705167,0.4702321792762137,0.0,3465.392441178908,8.150869689826422,63,4.1588830833596715,13.32795376947095,69.72,0.0,0.12546511627906975,2.1972245773362196,0.0,1.252762968495368,10.345586920892616,30422.66453126399,45.96183473323337,0,2849400.7716155984,3.6145735132944856
Casa,,9000000,0.0,7.0,437.0,Abasolo 76,"Abasolo 76, Villa Gustavo A. Madero, Gustavo A. Madero, 07050 Ciudad De México, CDMX, Mexico, Aragón La Villa, Gustavo A. Madero, Distrito Federal",False,https://casa.mercadolibre.com.mx/MLM-5327576038-casa-uso-suelo-mixto-comercial-en-pb-y-habitacional-en-pa-linea-telefonica-servicios-agualuza-una-calle-delegacion-gustavo-a-madero-plaza-mariana-a-espaldas-centro-escolar-morelos-y-metrobus-esq-_JM,0.0,0,Gustavo A. Madero,0.83,casa,gustavo a. madero,20594.965675057207,19.4866771,-99.1134061,villa gustavo a madero,6.61781921391622,0,4.362947292963397,6,7.203536434192833,0,4.0230298427572375,4,8.517393171418904,0.0,2.0794415416798357,3.0,0.04974209189481407,6.570384837505313,7,5.464606196457013,18,4.618640296458182,2,4.036670392165846,62,0.42441860465116277,0.24043900119995684,0.6247737752823564,0.8821041419776346,0.9114403942568131,0.0,1160.354303960164,7.05734210651223,64,4.174387269895637,18.246656731129338,362.71,0.0,0.3522674418604651,1.7047480922384253,0.4054651081081644,2.803360380906535,10.482082416076258,39465.29726688656,63.75431989118345,2,8827555.197895536,-1.9160533567162643
Departamento,,1526500,2.0,1.0,60.0,Gustavo A. Madero,"Gustavo A. Madero, Mexico City, Vasco De Quiroga, Gustavo A. Madero, Distrito Federal",False,https://departamento.mercadolibre.com.mx/MLM-5376884728-departamento-en-venta-en-vasco-de-quiroga-se-acepta-credito-infonavit-bancario-y-efectivo-_JM,0.0,0,Gustavo A. Madero,0.83,departamento,gustavo a. madero,25441.666666666668,19.4848583,-99.1178571,villa gustavo a madero,5.859848830133583,1,5.272419894181226,9,7.138978789465684,0,4.976861342034545,4,8.517393171418904,0.0,2.4849066497880004,3.0,0.04974209189481407,5.7015693176803826,17,3.778302959101088,25,6.112358574953023,4,4.961182466987488,70,0.5872093023255814,0.550640257006764,0.9180682962357292,0.5694964908370941,0.7895667933278194,0.0,1266.0832268887389,7.144472866315889,78,4.3694478524670215,12.332621592519935,49.8,0.83,0.4873837209302326,1.9810014688665833,0.6931471805599453,2.917770732084279,10.392094952086573,34558.84786125678,42.7205915325401,1,1934673.738310891,26.739190193966
Casa,,6100000,3.0,1.0,206.0,Oriente 101,"Oriente 101, Gertrudis Sánchez III Secc, Ciudad De México, Gertrudis Sánchez 2a Secc., Gustavo A. Madero, Distrito Federal",False,https://casa.mercadolibre.com.mx/MLM-4672107100-casa-en-venta-en-gertrudis-sanchez-_JM,0.0,0,Gustavo A. Madero,0.83,casa,gustavo a. madero,29611.650485436894,19.4608321,-99.1053818,martires de rio blanco (ampl),6.698067723460816,0,3.0062889320657016,2,8.347746948037196,0,4.338961521125125,4,8.517393171418904,0.0,0.6931471805599453,3.0,0.04974209189481407,2.9404622685929835,58,3.3408378661249527,31,7.13348096963336,0,5.037760469184149,45,0.686046511627907,0.9647857866118515,0.9469721821591822,0.209027426962679,0.7747557688595883,0.0,1117.2909480836986,7.019556859647183,24,3.2188758248682006,15.998156379796107,170.98,0.0,0.5694186046511628,2.169053700369523,0.0,2.505525936990736,10.207505488836096,26771.22848193104,54.43375635267566,1,5536137.4605103135,-9.243648188355516
Local Comercial,,4900000,0.0,0.0,150.0,Santa Isabel Tola,"Santa Isabel Tola, Gustavo A. Madero, Distrito Federal",False,https://inmueble.mercadolibre.com.mx/MLM-2536684353-local-en-venta-colonia-santa-isabel-tola-_JM,0.0,0,Gustavo A. Madero,0.83,local comercial,gustavo a. madero,32666.666666666668,19.4998868,-99.1156771,santa isabel tola (pblo),6.469754734760164,0,6.294081596905785,1,6.743775421445508,0,7.178584179143398,0,8.517393171418904,0.0,1.6094379124341003,3.0,0.04974209189481407,7.589811533482282,0,5.467266724532082,30,7.229133812680227,0,3.6921690367724724,26,0.23255813953488372,0.019180111311220403,0.623988044853695,0.17861290385817952,0.9368616435433736,0.0,455.1348160030433,6.122788414948276,73,4.30406509320417,15.051839510444772,124.5,0.0,0.19302325581395346,2.1400661634962708,0.0,2.0149030205422647,10.469268277528316,33812.73193656178,52.527248635048934,0,5314139.042086689,8.451817185442628
Casa,"Venta De Casa En La Padera, G.a.m.",4750000,7.0,5.0,291.0,Av. De Los Pinos 171,"Av. De Los Pinos 171, Amp La Providencia, Ciudad De México, La Pradera, Gustavo A. Madero, Distrito Federal",False,https://casa.mercadolibre.com.mx/MLM-4977826180-venta-de-casa-en-la-padera-gam-_JM,0.0,0,Gustavo A. Madero,0.83,casa,gustavo a. madero,16323.024054982818,19.4778547,-99.0684527,la pradera,7.348588362819323,0,6.084823126631732,2,8.695085394066638,0,6.289551349205906,0,8.517393171418904,0.0,1.6094379124341003,3.0,0.04974209189481407,7.218968747492696,0,5.627941730570152,15,7.707372191076851,0,4.893673827588468,27,0.1511627906976744,0.06533932629554678,0.5745441750769434,0.0620626672412916,0.8019265959948767,0.0,3507.469513149652,8.162935185228811,26,3.295836866004329,17.030261406804847,241.53,0.0,0.12546511627906975,1.55814461804655,0.0,2.0476928433652555,10.213927099355766,29835.143626930174,57.98194949735889,2,6067385.508525786,27.7344317584376
Casa,,3150000,3.0,1.0,134.0,Solidaridad Nacional,"Solidaridad Nacional, Gustavo A. Madero, Distrito Federal",False,https://casa.mercadolibre.com.mx/MLM-5246059374-casa-en-venta-solidaridad-nacional-gam-cdmx-no-se-aceptan-creditos-_JM,0.0,0,Gustavo A. Madero,0.83,casa,gustavo a. madero,23507.462686567163,19.5337832,-99.1536919,solidaridad nacional,8.214538671152047,0,7.465588270297607,0,7.262387602051873,0,8.044858778715737,0,8.517393171418904,0.0,1.0986122886681098,3.0,0.04974209189481407,8.425894257432798,0,5.0871406884599475,22,7.301245177767257,0,3.58193077887513,9,0.0872093023255814,0.00010885996824288966,0.7248051607243146,0.15701241658256135,0.9434252728415048,0.0,5602.22088763078,8.631096869888479,20,3.044522437723423,14.71582433531529,111.22,0.0,0.07238372093023256,1.8718021769015913,0.0,1.1786549963416462,10.177769756576186,25738.962967496616,49.9247572876866,0,3280267.392050143,4.135472763496599
Casa,,6990000,3.0,2.0,199.0,Lindavista Norte,"Lindavista Norte, Gustavo A. Madero, Distrito Federal",False,https://casa.mercadolibre.com.mx/MLM-2865310047-casa-en-venta-en-lindavista-_JM,0.0,0,Gustavo A. Madero,0.83,casa,gustavo a. madero,35125.62814070352,19.5057393,-99.1480141,lindavista ii,6.353974952771635,0,6.906413995507988,0,7.396358427998668,0,3.687416913635111,5,8.517393171418904,0.0,2.3978952727983707,3.0,0.04974209189481407,7.2496344683501635,0,4.017943805365773,37,7.2551709795274295,0,6.520898519878087,9,0.1744186046511628,0.06001381635103018,0.8965749537370672,0.17067293160766214,0.3229318530836318,0.0,3045.9997173181214,8.021912686211868,60,4.110873864173311,15.894952099644108,165.17,0.0,0.1447674418604651,2.327277705584417,0.0,1.1786549963416462,10.4093234860922,33940.64613966151,55.15189940037865,0,7433597.812937919,6.346177581372232
Departamento,,6210000,3.0,2.0,119.0,Av Politécnico Nacional,"Av Politécnico Nacional, Col. Lindavista, Gustavo A. Madero, Distrito Federal",False,https://departamento.mercadolibre.com.mx/MLM-2907994781-departamento-en-venta-col-lindavista-gustavo-a-madero-_JM,0.0,0,Gustavo A. Madero,0.83,departamento,gustavo a. madero,52184.87394957983,19.5028863,-99.1311018,lindavista ii,7.297463508233598,0,7.222492032667555,0,6.92129287090142,0,6.160556311464671,0,8.517393171418904,0.0,2.4849066497880004,3.0,0.04974209189481407,7.538671912870028,0,3.9263961868747757,44,7.296524090385362,0,5.4270776137227,29,0.3313953488372093,0.023361523622506493,0.905337300279612,0.15838851022857714,0.6855920796874438,0.0,1574.6002291087543,7.362391576507221,60,4.110873864173311,14.362475228346138,98.77,0.0,0.27505813953488367,2.4849066497880004,0.0,2.1102132003465894,10.495741380695206,32615.75488362735,50.24827519445412,0,4027740.116209303,-35.14106093060704
Departamento,,2200000,2.0,1.0,66.0,Cuitlahuac 38,"Cuitlahuac 38, Guadalupe Victoria, Gustavo A. Madero, Distrito Federal",True,https://departamento.mercadolibre.com.mx/MLM-5384838050-departamento-en-venta-en-guadalupe-victoria-_JM,0.0,0,Gustavo A. Madero,0.83,departamento,gustavo a. madero,33333.333333333336,19.4948668,-99.1170794,santa isabel tola (pblo),5.565726022982914,1,5.869545963139463,2,6.306750501010763,0,6.608245800153039,0,8.517393171418904,0.0,1.9459101490553132,3.0,0.04974209189481407,7.250739877885361,0,5.37294218659553,41,6.777125570341477,2,4.833142961639472,55,0.48255813953488375,0.05982724506435912,0.651165183747155,0.33431275702447566,0.8124708939108622,0.0,175.69383328130473,5.174418479346562,81,4.406719247264253,12.614077858172898,54.779999999999994,0.83,0.4005232558139535,2.4203681286504293,0.4054651081081644,2.691243082785829,10.387105928044805,32704.9980087211,43.674587632482144,1,2553950.4763638675,16.088658016539434
Casa,,8000000,3.0,2.0,248.0,Otavalo Sn,"Otavalo Sn, Lindavista Norte, Gustavo A. Madero, Distrito Federal",True,https://casa.mercadolibre.com.mx/MLM-2950612933-casa-duplex-en-venta-en-lindavista-norte-con-roof-garden-_JM,0.0,0,Gustavo A. Madero,0.83,casa,gustavo a. madero,32258.064516129034,19.4929832,-99.1334245,lindavista i,6.340257156110069,0,5.685826942210112,1,7.093307182591206,0,5.614489191216654,1,8.517393171418904,0.0,2.3978952727983707,3.0,0.04974209189481407,7.097394233837333,0,3.7059564015242796,21,6.480443178435645,4,5.320320918399767,59,0.3953488372093023,0.08931139769037308,0.9236908074025283,0.44304898598182874,0.7124236918174685,0.0,1566.973085560462,7.357539035941902,72,4.290459441148391,16.552358689394122,205.84,0.0,0.3281395348837209,1.8325814637483102,0.6931471805599453,2.7568403652716422,10.350433895346987,30816.69676371862,57.108031475548714,0,7755208.983888108,-3.0598877013986465
Casa,,6850000,4.0,3.0,262.0,Latacunga S/N,"Latacunga S/N, Lindavista Norte, Gustavo A. Madero, Distrito Federal",False,https://casa.mercadolibre.com.mx/MLM-2962056527-casa-en-venta-en-lindavista-_JM,0.0,0,Gustavo A. Madero,0.83,casa,gustavo a. madero,26145.038167938932,19.4955737,-99.1240139,lindavista ii,6.161931113481777,1,6.04655938001887,2,5.2241766293370056,1,6.958701305619227,0,8.517393171418904,0.0,2.70805020110221,3.0,0.04974209189481407,7.377337404526252,0,4.90490886843475,48,7.1313429899225484,0,5.057641370501369,80,0.6569767441860465,0.040898926125453,0.7649833406108763,0.2097279312813245,0.770769873585834,0.0,656.9858437266748,6.489183417000686,118,4.77912349311153,16.716462096533295,217.45999999999998,0.83,0.5452906976744185,2.5649493574615367,0.0,3.044522437723423,10.5453582818793,36600.46025299678,58.76036067113293,1,9898279.352384573,44.50042850196457
Casa,,7300000,3.0,3.0,322.0,San Bartolo Atepehuacan Sn,"San Bartolo Atepehuacan Sn, San Bartolo Atepehuacan, Gustavo A. Madero, Distrito Federal",False,https://casa.mercadolibre.com.mx/MLM-5412137034-casa-en-condominio-en-venta-en-san-bartolo-atepehuacan-con-terraza-y-vestidor-_JM,0.0,0,Gustavo A. Madero,0.83,casa,gustavo a. madero,22670.80745341615,19.4933278,-99.1413426,san bartolo atepehuacan (pblo),6.3392306434454175,0,5.633329815297284,2,7.609460650519145,0,5.761294144538326,0,8.517393171418904,0.0,2.4849066497880004,3.0,0.04974209189481407,6.096285779912863,27,3.6350436085459963,31,6.854646259732818,1,4.973052081934054,35,0.45348837209302323,0.4121327983048999,0.9288509340417841,0.30602276540425316,0.7873267746128081,0.0,1535.1899940823173,7.337060600122146,42,3.7612001156935624,17.33295696966797,267.26,0.0,0.37639534883720926,2.169053700369523,0.22314355131420976,2.277267285009756,10.370179728619696,30605.054020164916,59.915293001296085,0,10008047.872070497,37.09654619274653
Casa,,6500000,3.0,2.0,148.0,Otavalo Sn,"Otavalo Sn, Lindavista Norte, Gustavo A. Madero, Distrito Federal",True,https://casa.mercadolibre.com.mx/MLM-5389861860-casa-duplex-en-venta-en-lindavista-norte-en-calle-cerrada-con-roof-garden-_JM,0.0,0,Gustavo A. Madero,0.83,casa,gustavo a. madero,43918.91891891892,19.4929832,-99.1334245,lindavista i,6.340257156110069,0,5.685826942210112,1,7.093307182591206,0,5.614489191216654,1,8.517393171418904,0.0,2.3978952727983707,3.0,0.04974209189481407,7.097394233837333,0,3.7059564015242796,21,6.480443178435645,4,5.320320918399767,59,0.3953488372093023,0.08931139769037308,0.9236908074025283,0.44304898598182874,0.7124236918174685,0.0,1566.973085560462,7.357539035941902,72,4.290459441148391,15.011838917836378,122.83999999999999,0.0,0.3281395348837209,1.8325814637483102,0.6931471805599453,2.7568403652716422,10.350433895346987,30927.57120621173,51.793015455554226,0,4928125.9815518735,-24.182677206894255
Casa,,7500000,3.0,3.0,261.0,Gustavo A. Madero,"Gustavo A. Madero, Distrito Federal",False,https://casa.mercadolibre.com.mx/MLM-5049136884-casa-en-venta-en-lindavista-_JM,0.0,0,Gustavo A. Madero,0.83,casa,gustavo a. madero,28735.632183908045,19.4848583,-99.1178571,villa gustavo a madero,5.859848830133583,1,5.272419894181226,9,7.138978789465684,0,4.976861342034545,4,8.517393171418904,0.0,2.4849066497880004,3.0,0.04974209189481407,5.7015693176803826,17,3.778302959101088,25,6.112358574953023,4,4.961182466987488,70,0.5872093023255814,0.550640257006764,0.9180682962357292,0.5694964908370941,0.7895667933278194,0.0,1266.0832268887389,7.144472866315889,78,4.3694478524670215,16.70503351128329,216.63,0.83,0.4873837209302326,1.9810014688665833,0.6931471805599453,2.917770732084279,10.392094952086573,34558.84786125678,57.866764809014704,1,7225073.962991248,-3.6656804934500284
Departamento,Venta De Departamento Tipo Loft,1220000,1.0,1.0,49.0,San José De La Escalera,"San José De La Escalera, Gustavo A. Madero, Distrito Federal",False,https://departamento.mercadolibre.com.mx/MLM-5107173398-venta-de-departamento-tipo-loft-_JM,0.0,0,Gustavo A. Madero,0.83,departamento,gustavo a. madero,24897.95918367347,19.5226835,-99.1655253,santa rosa,7.998910616408766,0,1.7945833902414183,2,7.880927822809765,0,7.829451836505288,0,8.517393171418904,0.0,1.6094379124341003,3.0,0.04974209189481407,8.032174712122288,0,4.792655304900398,19,8.006870758530003,0,4.247407293881011,29,0.18604651162790697,0.0021231420420746287,0.7872239889762469,0.02350275946623196,0.8914792282430734,0.0,5532.157095111281,8.6185138348882,23,3.1780538303479458,11.736069016284437,40.669999999999995,0.0,0.15441860465116278,1.749199854809259,0.0,2.1102132003465894,10.070882484275916,24542.21429847818,39.397523963450745,0,1268106.7143878564,3.9431733104800344
Casa,,22000000,5.0,5.0,433.0,Ayacucho 50,"Ayacucho 50, Torres Lindavista, Gustavo A. Madero, Distrito Federal",False,https://casa.mercadolibre.com.mx/MLM-2605784887-casa-en-venta-en-torres-lindavista-_JM,0.0,0,Gustavo A. Madero,0.83,casa,gustavo a. madero,50808.31408775981,19.5100608,-99.1477123,torres lindavista (fracc),6.957433867086752,0,7.107146758584533,0,7.293761070982305,0,6.039883453451346,0,8.517393171418904,0.0,2.3978952727983707,3.0,0.04974209189481407,7.539817398595495,0,5.476639876993361,47,7.013447985127052,0,5.324339011898866,11,0.2441860465116279,0.02326109948978244,0.6212111176518819,0.24954891242861438,0.7114469762840534,0.0,3488.546649573777,8.157527106923164,70,4.2626798770413155,18.219133602301216,359.39,0.0,0.20267441860465116,2.545531271604435,0.0,1.3217558399823195,10.418750811130153,31243.970163851765,63.27353766568814,0,11689387.620343734,-46.86641990752848
Departamento,Preventa Hacienda Acueducto Lindavista,2100000,2.0,1.0,48.0,Ticoman,"Ticoman, Gustavo A. Madero, Distrito Federal",False,https://departamento.mercadolibre.com.mx/MLM-4841450350-preventa-hacienda-acueducto-lindavista-_JM,0.0,0,Gustavo A. Madero,0.83,departamento,gustavo a. madero,43750.0,19.5364748,-99.1413736,el arbolillo,8.305568666398319,0,7.992804790626139,0,6.05205393746852,0,8.121432072318626,0,8.517393171418904,0.0,1.0986122886681098,3.0,0.04974209189481407,8.479600830801655,0,4.7326490785059185,15,5.892088126949114,2,4.862425717034989,18,0.11046511627906977,6.578921716028166e-05,0.7983627761401135,0.6367036774461026,0.8074324098515095,0.0,5087.254253090707,8.53469007489776,10,2.3978952727983707,11.675460894331879,39.839999999999996,0.0,0.0916860465116279,1.55814461804655,0.4054651081081644,1.7047480922384253,10.207362750944867,25584.020995996365,39.725221544305555,0,1387936.3779162373,-33.90779152779822
Casa,,16000000,4.0,2.0,343.0,Excelsior 83,"Excelsior 83, Industrial, Gustavo A. Madero, Distrito Federal",False,https://casa.mercadolibre.com.mx/MLM-2846516953-casa-en-venta-en-industrial-_JM,0.0,0,Gustavo A. Madero,0.83,casa,gustavo a. madero,46647.23032069971,19.4753497,-99.1328779,guadalupe insurgentes,5.412199856134263,1,5.010283302100287,1,7.819285961097526,0,6.398141323644693,0,8.517393171418904,0.0,2.4849066497880004,3.0,0.04974209189481407,6.3664382989487285,41,5.181477433747598,56,6.677100047924736,1,5.53508363039175,26,0.6337209302325582,0.3128715426914553,0.701951448388144,0.37110640097412434,0.6565772199130984,0.0,769.6364182119338,6.647216690628868,53,3.9889840465642745,17.521924972120196,284.69,0.83,0.5259883720930233,2.70805020110221,0.22314355131420976,2.0149030205422647,10.380261855301654,30444.057400047812,60.62738980651892,1,8300243.760850506,-48.12347649468434
Casa,,7765000,3.0,2.0,350.0,MATANZAS,"MATANZAS, Residencial Zacatenco, Gustavo A. Madero, Distrito Federal",False,https://casa.mercadolibre.com.mx/MLM-5030444274-venta-casa-lindavista-gustavo-a-madero-cdmx-_JM,0.0,0,Gustavo A. Madero,0.83,casa,gustavo a. madero,22185.714285714286,19.5006025,-99.1249854,residencial zacatenco,6.7083762537028635,0,6.540371406780327,0,6.460671546627994,0,7.028345078046799,0,8.517393171418904,0.0,2.3978952727983707,3.0,0.04974209189481407,7.676145064480003,0,4.474421626054878,54,7.465821648291549,0,4.384095526942295,52,0.5232558139534884,0.01342572373556179,0.8407275139357989,0.11271832501896735,0.876391119256339,0.0,891.713107711226,6.794265261298339,87,4.477336814478207,17.582358670397596,290.5,0.0,0.43430232558139537,2.6741486494265287,0.0,2.6390573296152584,10.50706344138779,36105.25990052686,61.57965266636741,0,10391151.54101692,33.82036755978003
Casa,,5838363,3.0,2.0,229.0,Calle De La Ola,"Calle De La Ola, Acueducto De Guadalupe, Gustavo A. Madero, Distrito Federal",False,https://casa.mercadolibre.com.mx/MLM-4761548066-casa-en-venta-en-acueducto-de-guadalupe-_JM,0.0,0,Gustavo A. Madero,0.83,casa,gustavo a. madero,25495.034934497817,19.5254925,-99.1541398,acueducto de guadalupe (rdcial),7.935633342536604,0,7.088738663311322,0,7.255515234404671,0,7.720919256621216,0,8.517393171418904,0.0,1.6094379124341003,3.0,0.04974209189481407,8.20828832508798,0,3.9821481413064337,26,7.631468650866354,0,5.048355454143024,40,0.29069767441860467,0.0006487220633982286,0.9000866523617885,0.07605143936274888,0.7726388988047969,0.0,4997.32165910639,8.516857466888343,46,3.8501476017100584,16.314237926769586,190.07,0.0,0.24127906976744187,2.0149030205422647,0.0,2.3978952727983707,10.060467082598057,23610.804172976863,54.709617879979405,0,4708197.241995901,-19.357579479112538
Departamento,Departamento Seminuevo En Vallejo Cerca Del Hospital La Raza Y La Basilica De Gu,2380000,2.0,2.0,55.0,Vallejo,"Vallejo, Gustavo A. Madero, Distrito Federal",False,https://departamento.mercadolibre.com.mx/MLM-2763099801-departamento-seminuevo-en-vallejo-cerca-del-hospital-la-raza-y-la-basilica-de-gu-_JM,0.0,0,Gustavo A. Madero,0.83,departamento,gustavo a. madero,43272.72727272727,19.5049574,-99.1536746,la patera-condomodulos (u hab),6.503311877357102,0,6.001871605675147,2,7.702687280344473,0,5.5947266124633765,1,8.517393171418904,0.0,2.302585092994046,3.0,0.04974209189481407,7.31772539685809,0,4.5876436881597105,27,7.568753081625403,0,5.570851494073683,9,0.11627906976744186,0.0492155564358942,0.8232254001375913,0.08895231863638041,0.6465555938225895,0.0,3211.454703092182,8.074790628899299,52,3.970291913552122,12.076055072205449,45.65,0.0,0.09651162790697673,2.0476928433652555,0.0,1.1786549963416462,10.380206377642889,31271.641660097088,41.783981292424585,0,1920770.1790037001,-19.295370630096635
Casa,"Venta De Casa En Martín Carrera, Cdmx",2350000,2.0,1.0,90.0,Martín Carrera,"Martín Carrera, Gustavo A. Madero, Distrito Federal",False,https://casa.mercadolibre.com.mx/MLM-2844372759-venta-de-casa-en-martin-carrera-cdmx-_JM,0.0,0,Gustavo A. Madero,0.83,casa,gustavo a. madero,26111.11111111111,19.4823204,-99.1058514,granjas modernas-san juan de aragon (ampl),5.2184291941388405,2,4.151381859979422,2,7.72020461246865,0,3.904942085256623,3,8.517393171418904,0.0,2.302585092994046,3.0,0.04974209189481407,6.7770770778847425,20,4.574169715734744,14,5.744631493310059,2,5.273612289213615,48,0.4069767441860465,0.1732533655605304,0.8253935109191101,0.6774730155656916,0.7235884178943468,0.0,919.6200356428334,6.825047394825257,36,3.6109179126442243,13.53257851955055,74.7,1.66,0.3377906976744186,1.5040773967762742,0.4054651081081644,2.5649493574615367,10.487382122851846,33936.62315708912,47.30710734734111,2,3155902.708252325,34.293732266056395
Departamento,,2370375,2.0,1.0,63.0,Alicia 38,"Alicia 38, Guadalupe Tepeyac, Gustavo A. Madero, Distrito Federal",False,https://departamento.mercadolibre.com.mx/MLM-2738954483-departamento-en-venta-en-colonia-guadalupe-tepeyac-gustavo-a-madero-ciudad-de-mexico-_JM,0.0,0,Gustavo A. Madero,0.83,departamento,gustavo a. madero,37625.0,19.4692214,-99.1225579,guadalupe tepeyac,6.959519648879714,0,5.560757096833105,2,7.973431408963013,0,5.1713411014312,9,8.517393171418904,0.0,2.302585092994046,3.0,0.04974209189481407,4.090793050897967,50,5.230651453780912,50,7.152150815452965,0,5.428664996916598,50,0.7790697674418605,0.8890742069741979,0.6894720907505711,0.2029467623344544,0.685179260251205,0.0,1464.8716277599785,7.290205312282277,105,4.663439094112067,12.476649250079014,52.29,0.0,0.6466279069767442,2.6026896854443837,0.0,2.6026896854443837,10.447711671057695,34176.040339969026,43.45081132858125,1,2329902.7363127684,-1.7074202894998294
Casa,,12900000,4.0,4.0,550.0,Buenavista 600,"Buenavista 600, Gustavo A. Madero, Distrito Federal",False,https://casa.mercadolibre.com.mx/MLM-5373075718-casa-en-venta-en-planetario-lindavista-_JM,0.0,0,Gustavo A. Madero,0.83,casa,gustavo a. madero,23454.545454545456,19.4951406,-99.1428186,san bartolo atepehuacan (pblo),6.511613869888886,0,5.805482431558561,3,7.630586583356108,0,5.277068706996907,5,8.517393171418904,0.0,2.302585092994046,3.0,0.04974209189481407,5.941745826751894,22,3.6944580356477217,23,7.091252750146979,0,4.977388938807679,30,0.3430232558139535,0.46804182430417474,0.9245505664401059,0.22301529798532085,0.7865032761521075,0.0,1764.98534263309,7.4764640813747,54,4.007333185232471,18.935204427458743,456.5,0.0,0.2847093023255814,1.9095425048844386,0.0,2.1400661634962708,10.370389261946434,29788.268276549905,65.45514688909292,0,15465275.091674114,19.885853423830337
Departamento,,3600000,3.0,2.0,114.0,La Patera Vallejo,"La Patera Vallejo, Gustavo A. Madero, Distrito Federal",False,https://departamento.mercadolibre.com.mx/MLM-5376858354-departamento-en-venta-vallejo-colonia-patera-condomodulos-_JM,0.0,0,Gustavo A. Madero,0.83,departamento,gustavo a. madero,31578.947368421053,19.5084773,-99.1579443,nueva industrial vallejo (fracc),7.13896365044968,0,4.922539094497554,2,7.8471353869467215,0,6.729567553410753,0,8.517393171418904,0.0,2.1972245773362196,3.0,0.04974209189481407,7.637931177149769,0,5.177797480442678,22,7.68447234721035,0,5.877798726715838,9,0.0872093023255814,0.015781904417786808,0.7028696784074706,0.06609560797462129,0.5524619113226719,0.0,3776.3017090994767,8.236765200141571,53,3.9889840465642745,14.234796385089751,94.61999999999999,0.0,0.07238372093023256,1.8718021769015913,0.0,1.1786549963416462,10.412522375465116,32417.26356962537,49.40671195664566,0,3619380.22059035,0.5383394608430616
Edificio,,6000000,0.0,0.0,210.0,Avenida Ingeniero Alfredo Robles Domínguez 100,"Avenida Ingeniero Alfredo Robles Domínguez 100, Vallejo, Gustavo A. Madero, Distrito Federal",False,https://inmueble.mercadolibre.com.mx/MLM-2735691573-edificio-en-venta-en-vallejo-_JM,0.0,0,Gustavo A. Madero,0.83,edificio,gustavo a. madero,28571.428571428572,19.4681464,-99.1243836,industrial i,6.722013186557097,0,4.5513131620320015,3,8.016252554650283,0,3.719954907637593,10,8.517393171418904,0.0,2.302585092994046,3.0,0.04974209189481407,3.9946503538746305,50,2.8159759097630968,52,7.233624466811841,0,4.9431536654425186,55,0.8197674418604651,0.8988728420828386,0.9690694968081796,0.17723252829203925,0.792930616145267,0.0,1689.350288204188,7.432691057566165,91,4.5217885770490405,16.0555744004282,174.29999999999998,0.0,0.680406976744186,2.6390573296152584,0.0,2.691243082785829,10.422477815989996,32308.283963004676,55.77962267047993,1,6234526.882271229,3.9087813711871546
Departamento,,3426400,2.0,1.0,64.0,Ferrocarril Hidalgo  1375,"Ferrocarril Hidalgo  1375, Bondojito, Gustavo A. Madero, Distrito Federal",False,https://departamento.mercadolibre.com.mx/MLM-2739006407-departamento-en-venta-en-colonia-bondojito-gustavo-a-madero-ciudad-de-mexico-_JM,0.0,0,Gustavo A. Madero,0.83,departamento,gustavo a. madero,53537.5,19.4802926,-99.1078547,villa gustavo a madero,5.692076966749494,1,5.794439991416318,1,7.7224000343975785,0,5.636450084778627,2,8.517393171418904,0.0,2.0794415416798357,3.0,0.04974209189481407,6.903432700504645,3,5.845159373620757,17,6.162354611708766,2,5.418870893320119,50,0.3313953488372093,0.13678109184734497,0.5020200497632722,0.5532583766127634,0.6877198573805241,0.0,627.4309845799838,6.4432262122632755,67,4.219507705176107,12.523161809686911,53.12,0.83,0.27505813953488367,1.6582280766035324,0.4054651081081644,2.6026896854443837,10.482122772283027,36085.16543822069,43.75643986210143,2,2191774.327533496,-36.0327361798536
Casa,,6700000,3.0,2.0,195.0,C. 313 454,"C. 313 454, Nueva Atzacoalco, Gustavo A. Madero, Distrito Federal",False,https://casa.mercadolibre.com.mx/MLM-2798036913-venta-casa-nueva-atzacoalco-gustavo-a-madero-cdmx-_JM,0.0,0,Gustavo A. Madero,0.83,casa,gustavo a. madero,34358.97435897436,19.4944821,-99.08776,nueva atzacoalco iii,7.617216802624534,0,5.95387978685784,2,8.194979056215642,0,7.482552539630169,0,8.517393171418904,0.0,1.3862943611198906,3.0,0.04974209189481407,5.721883986304796,46,5.624960137820935,21,7.636183007017459,0,4.248093362702412,51,0.5930232558139535,0.54391635549858,0.5754963091509315,0.07513072181250775,0.8914079290146526,0.0,3158.6491318694793,8.058216266197684,38,3.6635616461296463,15.83434397769155,161.85,0.0,0.4922093023255814,1.8325814637483102,0.0,2.6210388241125804,10.35724781598013,30121.708905271527,54.66674152680798,2,4884594.380453102,-27.095606261893995
Casa,Casa Venta Tepeyac Insurgentes,9200000,3.0,2.0,190.0,Tepeyac Insurgentes,"Tepeyac Insurgentes, Gustavo A. Madero, Distrito Federal",False,https://casa.mercadolibre.com.mx/MLM-4830289986-casa-venta-tepeyac-insurgentes-_JM,0.0,0,Gustavo A. Madero,0.83,casa,gustavo a. madero,48421.05263157895,19.4807706,-99.1197036,tepeyac insurgentes,5.1767856233504075,1,5.6134892433027925,3,7.406507089914544,0,4.766239050705795,8,8.517393171418904,0.0,2.6390573296152584,3.0,0.04974209189481407,4.525807239532779,29,5.109190476016256,27,6.145140587710877,4,3.9041147363768625,72,0.6802325581395349,0.8329839358818352,0.7195907797309528,0.5588878085997093,0.922184245229411,0.0,1201.988349358411,7.092564031271432,91,4.5217885770490405,15.75682028413989,157.7,0.83,0.564593023255814,2.0476928433652555,0.6931471805599453,2.9444389791664403,10.471767271017976,38663.66546644782,55.000584982256086,1,5781548.448403405,-37.157082082571684
Departamento,,5490000,3.0,2.0,153.0,Planetario Lindavista,"Planetario Lindavista, Gustavo A. Madero, Distrito Federal",False,https://departamento.mercadolibre.com.mx/MLM-5199709970-mhl-departamento-en-venta-lindavista-alcaldia-gustavo-a-madero-_JM,0.0,0,Gustavo A. Madero,0.83,departamento,gustavo a. madero,35882.35294117647,19.495379,-99.141747,planetario lindavista,6.60406992993495,0,6.080037378732579,2,7.594441603760356,0,4.929425711161119,6,8.517393171418904,0.0,2.302585092994046,3.0,0.04974209189481407,6.193679688406892,20,5.034900696945079,25,7.0588140531842285,0,5.25406102004085,31,0.3488372093023256,0.3763299215676488,0.736851675791681,0.23396558013965618,0.7281587250010096,0.0,1766.0951086390992,7.477092295794277,46,3.8501476017100584,15.110857807240889,126.99,0.0,0.2895348837209302,1.9810014688665833,0.0,2.169053700369523,10.370390713690359,29301.058828703404,52.23516649336879,0,5142828.156495604,-6.323712996437091
Edificio,,7900000,0.0,0.0,369.0,Estrella,"Estrella, Gustavo A. Madero, Distrito Federal",False,https://inmueble.mercadolibre.com.mx/MLM-5153190538-dge-edificio-en-venta-colonia-estrella-alcaldia-gustavo-a-madero-_JM,0.0,0,Gustavo A. Madero,0.83,edificio,gustavo a. madero,21409.214092140923,19.4750668,-99.1167561,estrella,6.630842990258747,0,6.372853312918829,1,7.753018625116488,0,5.990118941534191,0,8.517393171418904,0.0,2.302585092994046,3.0,0.04974209189481407,6.0061198028269525,39,3.506089103255198,25,6.8997886603971335,1,4.116870420584615,57,0.6162790697674418,0.44494235861588516,0.9374091607300788,0.28972262230567963,0.9042842958588109,0.0,709.0764236223403,6.565372603147415,111,4.718498871295094,17.74050901691481,306.27,0.0,0.5115116279069767,1.9810014688665833,0.22314355131420976,2.7245795030534206,10.385490994095779,34173.71187814153,61.41463220861457,1,10551720.609003153,33.56608365826775
Casa,,7230000,3.0,2.0,265.0,Norte 82-A 6100,"Norte 82-A 6100, Gustavo A. Madero, Distrito Federal",False,https://casa.mercadolibre.com.mx/MLM-2874611745-casa-en-venta-en-gertrudiz-sanchez-_JM,0.0,0,Gustavo A. Madero,0.83,casa,gustavo a. madero,27283.01886792453,19.5129933,-99.1522732,nueva industrial vallejo (fracc),7.245050642651753,0,6.77724520989271,0,7.572656549520161,0,6.791589618796667,0,8.517393171418904,0.0,2.3978952727983707,3.0,0.04974209189481407,7.732257889819053,0,5.223867029672516,28,7.301746197227453,0,6.079711394644601,17,0.1686046511627907,0.01046737366333476,0.6912170260813673,0.1568667042536276,0.4835961410434163,0.0,3953.5762769742746,8.282628738425434,81,4.406719247264253,16.7504889263451,219.95,0.0,0.13994186046511628,2.0794415416798357,0.0,1.6582280766035324,10.317053121620326,31605.36995449489,57.6052280220718,0,7291887.102816128,0.8559765258109013
Casa,,8900000,4.0,2.0,335.0,Delia 100,"Delia 100, Guadalupe Tepeyac, Gustavo A. Madero, Distrito Federal",False,https://casa.mercadolibre.com.mx/MLM-2865243605-guadalupe-tepeyac-casa-en-venta-_JM,0.0,0,Gustavo A. Madero,0.83,casa,gustavo a. madero,26567.16417910448,19.4689771,-99.1210216,guadalupe tepeyac,6.970860407388876,0,5.963667998724438,2,7.983624758514085,0,5.551915048499523,4,8.517393171418904,0.0,2.1972245773362196,3.0,0.04974209189481407,5.393821481750878,48,5.3827051422502805,49,7.195786845930419,0,5.058865799822667,47,0.7441860465116279,0.6452707132014495,0.6484176344246387,0.18900170188231624,0.770522468206047,0.0,1334.972702048983,7.197414921289776,105,4.663439094112067,17.451333479889612,278.05,0.0,0.6176744186046511,2.583997552432231,0.0,2.545531271604435,10.442074213040794,35937.146838886336,60.742706437843594,1,9328216.073040731,4.811416551019453
Casa,Se Vende Casa En San Juan De Aragon Zp536,5100000,3.0,1.0,156.0,San Juan De Aragón IV Sección,"San Juan De Aragón IV Sección, Gustavo A. Madero, Distrito Federal",False,https://casa.mercadolibre.com.mx/MLM-2926586237-se-vende-casa-en-san-juan-de-aragon-zp536-_JM,0.0,0,Gustavo A. Madero,0.83,casa,gustavo a. madero,32692.30769230769,19.4707656,-99.0862927,san juan de aragon (pblo),7.7277689148919375,0,3.3479969224015123,2,8.446697713809435,0,6.016828105946856,0,8.517393171418904,0.0,1.3862943611198906,3.0,0.04974209189481407,7.0982619623154255,0,5.846527604515955,32,6.659485764248443,1,4.68402381648047,33,0.29069767441860467,0.08912415164086877,0.5015452367708182,0.3775934971484353,0.8363782450473932,0.0,1627.0592571842776,7.395143944661908,29,3.4011973816621555,15.168737416044923,129.48,0.0,0.24127906976744187,2.1972245773362196,0.22314355131420976,2.224623551524334,10.14378580476943,25624.408121158245,51.28947442571713,2,3275708.7779573095,-35.77041611848413
Casa,,7500000,9.0,3.0,480.0,Providencia,"Providencia, Gustavo A. Madero, Distrito Federal",False,https://casa.mercadolibre.com.mx/MLM-5146509454-edificio-en-venta-col-providencia-uso-de-suelo-_JM,0.0,0,Gustavo A. Madero,0.83,casa,gustavo a. madero,15625.0,19.4785468,-99.070034,providencia (ampl),7.459548686358742,0,5.7528352669590115,2,8.66417426868403,0,5.967793598569245,0,8.517393171418904,0.0,1.6094379124341003,3.0,0.04974209189481407,7.251220438019566,0,5.84276117216438,14,7.679140641303729,0,3.0697815227334107,32,0.1744186046511628,0.05974625284813211,0.5028518059674407,0.06705779076805572,0.9663505124190166,0.0,3425.9686065208966,8.139431361202623,26,3.295836866004329,18.527601810317282,398.4,0.0,0.1447674418604651,1.5040773967762742,0.0,2.1972245773362196,10.225102444940008,28795.749813703453,63.14887552318339,2,6277233.703407538,-16.303550621232827
Departamento,,3090000,3.0,1.0,65.0,Eje Central Lazaro Cardenas 1040,"Eje Central Lazaro Cardenas 1040, Nueva Industrial Vallejo, Gustavo A. Madero, Distrito Federal",False,https://departamento.mercadolibre.com.mx/MLM-2797981893-departamento-en-venta-en-colonia-nueva-industrial-vallejo-gustavo-a-madero-ciudad-de-mexico-_JM,0.0,0,Gustavo A. Madero,0.83,departamento,gustavo a. madero,47538.46153846154,19.5089708,-99.1530088,nueva industrial vallejo (fracc),6.909318553420852,0,6.485493004524315,0,7.6197390201276844,0,6.274397839637625,0,8.517393171418904,0.0,2.3978952727983707,3.0,0.04974209189481407,7.539265262861147,0,4.299637244706507,33,7.419648254439403,0,5.676241166323182,12,0.1686046511627907,0.023309465293153236,0.8647229372499979,0.12439314933840288,0.6158507824288398,0.0,3574.467563542202,8.181851233581044,61,4.127134385045092,12.568964226079276,53.949999999999996,0.0,0.13994186046511628,2.224623551524334,0.0,1.3862943611198906,10.415222180477565,33641.57662837214,43.63618499769664,0,2277368.239939286,-26.29876246151178
Departamento,,4536000,2.0,2.0,109.0,Av. Acueducto 650,"Av. Acueducto 650, San Pedro Zacatenco, Gustavo A. Madero, Distrito Federal",False,https://departamento.mercadolibre.com.mx/MLM-2605871735-departamento-en-venta-en-residencial-zacatenco-_JM,0.0,0,Gustavo A. Madero,0.83,departamento,gustavo a. madero,41614.678899082566,19.5019691,-99.1210452,residencial zacatenco,6.623103244056202,0,6.370059526183905,1,6.598749554348688,0,7.330158204443963,0,8.517393171418904,0.0,1.791759469228055,3.0,0.04974209189481407,7.7000960118573,0,4.771769499761692,49,7.475845884915593,0,5.345865899550411,46,0.45930232558139533,0.012093102148336421,0.791159119097795,0.11026514078946452,0.7061701731332461,0.0,713.7748283164511,6.571967567663044,80,4.394449154672439,14.10144109737725,90.47,0.0,0.3812209302325581,2.583997552432231,0.0,2.5257286443082556,10.520453880088036,34964.910786251894,49.45118690257846,0,3952073.563836715,-12.873157763740847
Casa,,7000000,4.0,3.0,185.0,Industrial,"Industrial, Gustavo A. Madero, Distrito Federal",False,https://casa.mercadolibre.com.mx/MLM-2908789573-casa-sola-para-remodelar-en-rio-blanco-gustavo-a-madero-_JM,0.0,0,Gustavo A. Madero,0.83,casa,gustavo a. madero,37837.83783783784,19.4646793,-99.1195328,guadalupe tepeyac,6.467074406141365,0,6.528576888206119,0,8.136586254772498,0,5.13200082069324,4,8.517393171418904,0.0,2.302585092994046,3.0,0.04974209189481407,6.27264213723725,42,4.86615706964011,48,7.327505852554995,0,4.960352957574226,44,0.686046511627907,0.3472358427605058,0.772871772168109,0.1494598503269174,0.7897225819874852,0.0,1518.2800060815596,7.325991821408912,92,4.532599493153256,15.677240021139605,153.54999999999998,0.0,0.5694186046511628,2.5649493574615367,0.0,2.4849066497880004,10.464460163516305,37790.28550558433,54.68461789169964,1,6012742.661258183,-14.103676267740237
Departamento,,2855070,2.0,1.0,58.0,Cuitlahuac 99,"Cuitlahuac 99, Villa De Aragón, Gustavo A. Madero, Distrito Federal",False,https://departamento.mercadolibre.com.mx/MLM-2738786233-departamento-en-venta-en-villa-de-aragon-_JM,0.0,0,Gustavo A. Madero,0.83,departamento,gustavo a. madero,49225.34482758621,19.4698133,-99.0615124,villa de aragon (fracc),6.685731791597725,0,5.732761217467803,3,8.850566407101942,0,7.431333520599471,0,8.517393171418904,0.0,1.6094379124341003,3.0,0.04974209189481407,6.680991045980914,8,5.334357797638175,37,7.797376422658879,0,5.425674847646902,18,0.27325581395348836,0.20347393127994698,0.6618746415555914,0.04776275739317497,0.6859565486055685,0.0,3727.269845252271,8.22369955656905,15,2.772588722239781,12.23261233171716,48.14,0.0,0.22680232558139532,2.327277705584417,0.0,1.7047480922384253,10.195114538800723,26435.379788744078,41.57096127686754,2,1973172.1622325324,-30.888834171052466
Casa,Venta De Casa En Progreso Nacional Ct855,4400000,2.0,2.0,160.0,Progreso Nacional,"Progreso Nacional, Gustavo A. Madero, Distrito Federal",False,https://casa.mercadolibre.com.mx/MLM-2867536185-venta-de-casa-en-progreso-nacional-ct855-_JM,0.0,0,Gustavo A. Madero,0.83,casa,gustavo a. madero,27500.0,19.5184262,-99.1563715,progreso nacional ii,7.651518797205815,0,6.504331370562847,0,7.55508766193506,0,7.3935318803852486,0,8.517393171418904,0.0,1.791759469228055,3.0,0.04974209189481407,8.001058210124297,0,5.9478196437296225,24,7.575940430832337,0,5.261128007737056,27,0.20348837209302326,0.002563893510871006,0.46587633149052377,0.0874124667556451,0.7265137348199743,0.0,4673.3896726096145,8.44985388188677,50,3.9318256327243257,15.24421309495339,132.79999999999998,0.0,0.1688953488372093,1.9459101490553132,0.0,2.0476928433652555,10.174698367999678,23061.129473742778,51.701756699553854,0,3884295.8031324325,-11.720549928808351
Casa,,7664000,8.0,3.0,263.0,Norte 0,"Norte 0, Gustavo A. Madero, Distrito Federal",False,https://casa.mercadolibre.com.mx/MLM-2884273285-casa-en-venta-en-la-joyita-_JM,0.0,0,Gustavo A. Madero,0.83,casa,gustavo a. madero,29140.684410646387,19.5129933,-99.1522732,nueva industrial vallejo (fracc),7.245050642651753,0,6.77724520989271,0,7.572656549520161,0,6.791589618796667,0,8.517393171418904,0.0,2.3978952727983707,3.0,0.04974209189481407,7.732257889819053,0,5.223867029672516,28,7.301746197227453,0,6.079711394644601,17,0.1686046511627907,0.01046737366333476,0.6912170260813673,0.1568667042536276,0.4835961410434163,0.0,3953.5762769742746,8.282628738425434,81,4.406719247264253,16.72784730943895,218.29,0.0,0.13994186046511628,2.0794415416798357,0.0,1.6582280766035324,10.317053121620326,31810.760416482266,57.52736310061176,0,7116561.472013715,-7.142987056188482
Edificio,,6000000,0.0,0.0,288.0,Tres Estrellas,"Tres Estrellas, Gustavo A. Madero, Distrito Federal",False,https://inmueble.mercadolibre.com.mx/MLM-2479353637-pequeno-edificio-en-venta-av-talisman-inversionistas-_JM,0.0,0,Gustavo A. Madero,0.83,edificio,gustavo a. madero,20833.333333333332,19.4732606,-99.1114596,tres estrellas,5.947098300440068,1,7.004513897889631,0,7.902735457508902,0,6.741535898639718,0,8.517393171418904,0.0,2.302585092994046,3.0,0.04974209189481407,6.903619034269005,2,4.233996523716976,19,7.081023304278807,0,4.779112585914549,40,0.26744186046511625,0.13673034252699812,0.8728558793089308,0.22645002638226103,0.8214661861844653,0.0,245.98787041280804,5.509339227781704,99,4.605170185988092,16.9992800643373,239.04,0.83,0.2219767441860465,1.749199854809259,0.0,2.3978952727983707,10.493437011583554,37971.685436122476,59.46029153246381,2,9077547.460016485,51.292457666941424
Departamento,,2984315,3.0,2.0,54.0,SARA 4413,"SARA 4413, Guadalupe Tepeyac, Gustavo A. Madero, Distrito Federal",False,https://departamento.mercadolibre.com.mx/MLM-5042106658-departamento-en-venta-en-colonia-guadalupe-tepeyac-gustavo-a-madero-ciudad-de-mexico-_JM,0.0,0,Gustavo A. Madero,0.83,departamento,gustavo a. madero,55265.09259259259,19.4655649,-99.1193389,guadalupe tepeyac,6.609012182451373,0,6.492403518953048,0,8.108144072744876,0,4.388081433705355,4,8.517393171418904,0.0,2.1972245773362196,3.0,0.04974209189481407,6.243272143876449,42,4.5890704004004474,42,7.379079498109362,0,3.9800518348464293,45,0.6569767441860465,0.3580513694863437,0.8229944477798558,0.13514690263686124,0.9161886241818291,0.0,1432.0062030807637,7.267529756556251,94,4.553876891600541,12.021999555697413,44.82,0.0,0.5452906976744185,2.4423470353692043,0.0,2.505525936990736,10.464465541265442,36325.64815900091,41.93460002923468,1,2199732.258659943,-26.290212036599925
Departamento,,4191000,3.0,2.0,88.0,Residencial Zacatenco,"Residencial Zacatenco, Gustavo A. Madero, Distrito Federal",False,https://departamento.mercadolibre.com.mx/MLM-4948185854-venta-de-departamentos-en-residencial-zacatenco-gustavo-a-madero-da557-_JM,0.0,0,Gustavo A. Madero,0.83,departamento,gustavo a. madero,47625.0,19.5052162,-99.1257391,residencial zacatenco,7.150406675981706,0,7.022700332164712,0,7.010709996677243,0,6.969842029027392,0,8.517393171418904,0.0,1.6094379124341003,3.0,0.04974209189481407,7.820339205722479,0,5.259872537883401,42,7.404809259748552,0,3.8144109116873235,39,0.37790697674418605,0.006877498502278207,0.6818715939541351,0.12827369352065934,0.9287490347693819,0.0,1291.2766498273543,7.164160786674377,74,4.31748811353631,13.465909109196419,73.03999999999999,0.0,0.3136627906976744,2.4423470353692043,0.0,2.3749057545736716,10.526254779196078,40253.69273176715,47.24853003896627,0,3234074.7467352655,-22.83286216331984
Departamento,Modernos Departamenos Listos Para Estrenar A La Venta En Lindavista,4427098,3.0,2.0,98.0,Residencial Zacatenco,"Residencial Zacatenco, Gustavo A. Madero, Distrito Federal",False,https://departamento.mercadolibre.com.mx/MLM-5132966282-modernos-departamenos-listos-para-estrenar-a-la-venta-en-lindavista-_JM,0.0,0,Gustavo A. Madero,0.83,departamento,gustavo a. madero,45174.4693877551,19.5052162,-99.1257391,residencial zacatenco,7.150406675981706,0,7.022700332164712,0,7.010709996677243,0,6.969842029027392,0,8.517393171418904,0.0,1.6094379124341003,3.0,0.04974209189481407,7.820339205722479,0,5.259872537883401,42,7.404809259748552,0,3.8144109116873235,39,0.37790697674418605,0.006877498502278207,0.6818715939541351,0.12827369352065934,0.9287490347693819,0.0,1291.2766498273543,7.164160786674377,74,4.31748811353631,13.785359550403768,81.33999999999999,0.0,0.3136627906976744,2.4423470353692043,0.0,2.3749057545736716,10.526254779196078,39843.62801043482,48.369402283457994,0,3500218.161270974,-20.936510525157242
Casa,,6500000,3.0,3.0,386.0,Unión 94,"Unión 94, Industrial, Gustavo A. Madero, Distrito Federal",False,https://casa.mercadolibre.com.mx/MLM-2932323063-casa-en-venta-en-colonia-industrial-gustavo-a-madero-ciudad-de-mexico-_JM,0.0,0,Gustavo A. Madero,0.83,casa,gustavo a. madero,16839.378238341968,19.4634243,-99.1124864,tablas de san agustin,4.975773660110356,1,6.664573921520385,0,8.213259411679102,0,3.94367015987755,4,8.517393171418904,0.0,1.9459101490553132,3.0,0.04974209189481407,6.439004598034882,38,4.852958028247471,38,7.117714995867949,0,5.017472815011847,37,0.5697674418604651,0.28662883244447185,0.7755075057037363,0.2142127806808421,0.778762956961586,0.0,1307.2044938237088,7.176410860641002,81,4.406719247264253,17.875274079089344,320.38,0.83,0.472906976744186,2.3513752571634776,0.0,2.327277705584417,10.28531166750134,26426.874780827337,61.2842550151473,1,10893115.534756731,67.58639284241124
Bodega,,5900000,0.0,0.0,281.0,Santa Isabel Tola S/N,"Santa Isabel Tola S/N, Santa Isabel Tola, Gustavo A. Madero, Distrito Federal",False,https://inmueble.mercadolibre.com.mx/MLM-2745122719-venta-casa-bodega-en-gustavo-a-madero-_JM,0.0,0,Gustavo A. Madero,0.83,bodega,gustavo a. madero,20996.44128113879,19.4998868,-99.1156771,santa isabel tola (pblo),6.469754734760164,0,6.294081596905785,1,6.743775421445508,0,7.178584179143398,0,8.517393171418904,0.0,1.6094379124341003,3.0,0.04974209189481407,7.589811533482282,0,5.467266724532082,30,7.229133812680227,0,3.6921690367724724,26,0.23255813953488372,0.019180111311220403,0.623988044853695,0.17861290385817952,0.9368616435433736,0.0,455.1348160030433,6.122788414948276,73,4.30406509320417,16.92572121281434,233.23,0.0,0.19302325581395346,2.1400661634962708,0.0,2.0149030205422647,10.469268277528316,33812.73193656178,59.066638722535096,0,9457822.033368599,60.30206836217964
Departamento,,2350000,2.0,1.0,50.0,Guadalupe Insurgentes Sn,"Guadalupe Insurgentes Sn, Guadalupe Insurgentes, Gustavo A. Madero, Distrito Federal",False,https://departamento.mercadolibre.com.mx/MLM-4829888402-venta-departamento-guadalupe-insurgentes-gustavo-a-madero-_JM,0.0,0,Gustavo A. Madero,0.83,departamento,gustavo a. madero,47000.0,19.4746604,-99.1322337,guadalupe insurgentes,5.642199379607365,1,5.3993418944283,1,7.835104872784374,0,6.25198709150985,0,8.517393171418904,0.0,2.4849066497880004,3.0,0.04974209189481407,6.419276613616037,39,4.353667418616097,56,6.7903814601865795,1,5.726314619072996,28,0.6337209302325582,0.2937229724349018,0.8576782403098819,0.3294548732818973,0.6006593631270796,0.0,870.2644891737912,6.769945592265049,49,3.912023005428146,11.795476898172977,41.5,0.83,0.5259883720930233,2.70805020110221,0.22314355131420976,2.0794415416798357,10.38755208768875,31446.636670958836,40.84204355963371,1,1771317.5643463826,-24.62478449589861
Casa,,12500000,5.0,4.0,350.0,Avenida Miguel Othon De Mendizabal S/N,"Avenida Miguel Othon De Mendizabal S/N, Torres Lindavista, Gustavo A. Madero, Distrito Federal",False,https://casa.mercadolibre.com.mx/MLM-4791455396-casa-en-venta-en-torres-lindavista-_JM,0.0,0,Gustavo A. Madero,0.83,casa,gustavo a. madero,35714.28571428572,19.5058907,-99.1494723,lindavista ii,6.360276825360411,0,6.751305557649246,0,7.475905885495891,0,4.767367217353635,4,8.517393171418904,0.0,2.3978952727983707,3.0,0.04974209189481407,7.277756053647552,0,4.791522434789806,32,7.326005509361227,0,6.366337196347809,10,0.1511627906976744,0.05538361581687018,0.787439041985273,0.1498866402037561,0.37976444953598854,0.0,3114.5915428651774,8.044174314593906,59,4.0943445622221,17.582358670397596,290.5,0.0,0.12546511627906975,2.1972245773362196,0.0,1.252762968495368,10.366707961667478,30346.82682817691,60.75705920443466,0,11681945.019483315,-6.544439844133482
Casa,"Venta De Casa En Lindavista, Gam Da391",7600000,5.0,3.0,338.0,Lindavista Norte,"Lindavista Norte, Gustavo A. Madero, Distrito Federal",False,https://casa.mercadolibre.com.mx/MLM-4948095018-venta-de-casa-en-lindavista-gam-da391-_JM,0.0,0,Gustavo A. Madero,0.83,casa,gustavo a. madero,22485.207100591717,19.5057393,-99.1480141,lindavista ii,6.353974952771635,0,6.906413995507988,0,7.396358427998668,0,3.687416913635111,5,8.517393171418904,0.0,2.3978952727983707,3.0,0.04974209189481407,7.2496344683501635,0,4.017943805365773,37,7.2551709795274295,0,6.520898519878087,9,0.1744186046511628,0.06001381635103018,0.8965749537370672,0.17067293160766214,0.3229318530836318,0.0,3045.9997173181214,8.021912686211868,60,4.110873864173311,17.478000322141348,280.53999999999996,0.0,0.1447674418604651,2.327277705584417,0.0,1.1786549963416462,10.4093234860922,33940.64613966151,60.644719747730996,0,11510444.278340442,51.45321418869003
Departamento,,2432700,3.0,1.0,77.0,San Juan De Aragón I Sección,"San Juan De Aragón I Sección, Gustavo A. Madero, Distrito Federal",False,https://departamento.mercadolibre.com.mx/MLM-2926586497-venta-de-departamento-en-san-juan-de-aragon-gustavo-a-madero-zp538-_JM,0.0,0,Gustavo A. Madero,0.83,departamento,gustavo a. madero,31593.506493506495,19.4596866,-99.0917728,san juan de aragon 1a seccion (u hab) i,6.950129804963883,0,7.2270746571614835,0,8.534911385704143,0,6.021226435796211,0,8.517393171418904,0.0,0.6931471805599453,3.0,0.04974209189481407,7.088161737367914,0,4.248217180175799,47,5.2236390463323215,3,5.488894186954261,27,0.3546511627906977,0.0913179266199287,0.8711325983982718,0.7939295952274503,0.6692155280507944,0.0,359.4276130285016,5.8872911405253365,26,3.295836866004329,13.070126480068776,63.91,0.0,0.29436046511627906,2.545531271604435,0.5596157879354227,2.0476928433652555,10.381649510460809,30723.92151431357,45.229824057822285,2,2473287.804926038,1.668426231185012
Departamento,,3600000,3.0,1.0,110.0,Nueva Atzacoalco,"Nueva Atzacoalco, Gustavo A. Madero, Distrito Federal",False,https://departamento.mercadolibre.com.mx/MLM-5178985368-venta-de-departamento-en-nueva-atzacoalco-gustavo-a-madero-ze202-_JM,0.0,0,Gustavo A. Madero,0.83,departamento,gustavo a. madero,32727.272727272728,19.4987054,-99.0854671,nueva atzacoalco ii,7.822012747112097,0,5.998127201221708,2,8.263213167182446,0,7.609425581512936,0,8.517393171418904,0.0,0.6931471805599453,3.0,0.04974209189481407,5.879354969780601,43,5.729247762496055,26,7.8622152754089765,0,4.370259855273633,37,0.5232558139534884,0.4900945061846402,0.5414657964906694,0.03895552812709033,0.8780015173831116,0.0,3403.222326820044,8.132771800962331,33,3.5263605246161616,14.128590603937003,91.3,0.0,0.43430232558139537,2.0149030205422647,0.0,2.327277705584417,10.430470317084575,31134.52644487478,49.122614972201646,2,3081614.50570863,-14.39959706364916
Casa,,6500000,8.0,4.0,340.0,Brasilia  13,"Brasilia  13, San Pedro Zacatenco, Gustavo A. Madero, Distrito Federal",False,https://casa.mercadolibre.com.mx/MLM-2924560907-casa-en-venta-en-colonia-san-pedro-zacatenco-gustavo-a-madero-ciudad-de-mexico-_JM,0.0,0,Gustavo A. Madero,0.83,casa,gustavo a. madero,19117.647058823528,19.5042067,-99.1209678,san pedro zacatenco (pblo),6.901989517073172,0,6.715708675423219,0,6.887602127660087,0,7.344089438274552,0,8.517393171418904,0.0,1.6094379124341003,3.0,0.04974209189481407,7.805180741936685,0,4.430059683722955,39,7.595181387811995,0,5.701751201687643,42,0.37790697674418605,0.007412720022109803,0.8471539405948519,0.08336821510649785,0.6081591157802478,0.0,935.9251863701621,6.842603435262223,76,4.343805421853684,17.49564743185055,282.2,0.0,0.3136627906976744,2.3749057545736716,0.0,2.4423470353692043,10.601879258652168,39938.59541239593,61.828913874809146,0,11501785.391078081,76.95054447812433
Casa,,7500000,8.0,3.0,426.0,Héroes De Chapultepec,"Héroes De Chapultepec, Gustavo A. Madero, Distrito Federal",False,https://casa.mercadolibre.com.mx/MLM-5352617340-casa-en-venta-puerto-coatzacoalcos-sur-heroes-de-chapultepec-_JM,0.0,0,Gustavo A. Madero,0.83,casa,gustavo a. madero,17605.6338028169,19.4741462,-99.0915049,heroes de chapultepec,7.45794139885805,0,5.801816817557733,2,8.293359763372292,0,5.430753119669954,2,8.517393171418904,0.0,1.9459101490553132,3.0,0.04974209189481407,6.6697835879001035,28,4.628949628585794,35,6.620330126310512,1,4.763097512398893,34,0.47674418604651164,0.2071214362556296,0.8164309931310869,0.3920009980152323,0.824058699660199,0.0,1758.9179005998126,7.473022439557704,33,3.5263605246161616,18.170352039685874,353.58,0.0,0.39569767441860465,2.277267285009756,0.22314355131420976,2.2512917986064953,10.175989687440861,26071.97567860382,61.63377165767116,2,8634336.385333162,15.12448513777549
Departamento,,2900000,2.0,1.0,60.0,Villa De Aragón,"Villa De Aragón, Gustavo A. Madero, Distrito Federal",False,https://departamento.mercadolibre.com.mx/MLM-4948122548-departamento-en-venta-en-villa-de-aragon-gustavo-a-madero-lc472-_JM,0.0,0,Gustavo A. Madero,0.83,departamento,gustavo a. madero,48333.333333333336,19.4616807,-99.061347,san juan de aragon 4a  y 5a seccion (u hab) ii,1.5748991829408199,1,6.010771832394488,2,8.909929053218864,0,7.739179669187155,0,8.517393171418904,0.0,1.0986122886681098,3.0,0.04974209189481407,5.190374754923506,32,4.133039727203216,56,7.776179153100703,0,5.514314289202446,22,0.5523255813953488,0.6997223646663253,0.8844985286905491,0.05091031717731637,0.6623025169143303,0.0,3548.5397513164794,8.174573226548011,15,2.772588722239781,12.332621592519935,49.8,0.83,0.45843023255813947,2.70805020110221,0.0,1.8718021769015913,10.204389198621215,28454.66898277943,41.94895685646439,2,1901592.3453189058,-34.42785016141704
Edificio,,9600000,0.0,0.0,461.0,Vallejo,"Vallejo, Gustavo A. Madero, Distrito Federal",False,https://inmueble.mercadolibre.com.mx/MLM-4948082678-edificio-comercial-vallejo-gustavo-a-madero-cdmx-da582-_JM,0.0,0,Gustavo A. Madero,0.83,edificio,gustavo a. madero,20824.295010845988,19.5049574,-99.1536746,la patera-condomodulos (u hab),6.503311877357102,0,6.001871605675147,2,7.702687280344473,0,5.5947266124633765,1,8.517393171418904,0.0,2.302585092994046,3.0,0.04974209189481407,7.31772539685809,0,4.5876436881597105,27,7.568753081625403,0,5.570851494073683,9,0.11627906976744186,0.0492155564358942,0.8232254001375913,0.08895231863638041,0.6465555938225895,0.0,3211.454703092182,8.074790628899299,52,3.970291913552122,18.406694673245216,382.63,0.0,0.09651162790697673,2.0476928433652555,0.0,1.1786549963416462,10.380206377642889,30640.11179843851,63.68842981284846,0,14216322.508041998,48.08669279210415
Departamento,Venta De Departamento En Vallejo,2000000,3.0,1.0,60.0,Progreso Nacional,"Progreso Nacional, Gustavo A. Madero, Distrito Federal",False,https://departamento.mercadolibre.com.mx/MLM-2939302037-venta-de-departamento-en-vallejo-_JM,0.0,0,Gustavo A. Madero,0.83,departamento,gustavo a. madero,33333.333333333336,19.5184262,-99.1563715,progreso nacional ii,7.651518797205815,0,6.504331370562847,0,7.55508766193506,0,7.3935318803852486,0,8.517393171418904,0.0,1.791759469228055,3.0,0.04974209189481407,8.001058210124297,0,5.9478196437296225,24,7.575940430832337,0,5.261128007737056,27,0.20348837209302326,0.002563893510871006,0.46587633149052377,0.0874124667556451,0.7265137348199743,0.0,4673.3896726096145,8.44985388188677,50,3.9318256327243257,12.332621592519935,49.8,0.0,0.1688953488372093,1.9459101490553132,0.0,2.0476928433652555,10.174698367999678,23061.129473742778,41.82690159685672,0,1584905.7987552143,-20.754710062239283
Departamento,,3500000,3.0,1.0,75.0,Nueva Atzacoalco,"Nueva Atzacoalco, Gustavo A. Madero, Distrito Federal",False,https://departamento.mercadolibre.com.mx/MLM-2795002003-venta-de-departamento-en-nueva-atzacoalco-gustavo-a-madero-da558-_JM,0.0,0,Gustavo A. Madero,0.83,departamento,gustavo a. madero,46666.666666666664,19.4987054,-99.0854671,nueva atzacoalco ii,7.822012747112097,0,5.998127201221708,2,8.263213167182446,0,7.609425581512936,0,8.517393171418904,0.0,0.6931471805599453,3.0,0.04974209189481407,5.879354969780601,43,5.729247762496055,26,7.8622152754089765,0,4.370259855273633,37,0.5232558139534884,0.4900945061846402,0.5414657964906694,0.03895552812709033,0.8780015173831116,0.0,3403.222326820044,8.132771800962331,33,3.5263605246161616,12.992200020858993,62.25,0.0,0.43430232558139537,2.0149030205422647,0.0,2.327277705584417,10.430470317084575,31134.52644487478,45.17158555706511,2,2266038.9307758147,-35.256030549262434
Casa,Venta De Casa En Ferrocarril Industrial 7 De Noviembre Gam Zp508,6500000,3.0,3.0,386.0,7 De Noviembre,"7 De Noviembre, Gustavo A. Madero, Distrito Federal",False,https://casa.mercadolibre.com.mx/MLM-5228704256-venta-de-casa-en-ferrocarril-industrial-7-de-noviembre-gam-zp508-_JM,0.0,0,Gustavo A. Madero,0.83,casa,gustavo a. madero,16839.378238341968,19.4617797,-99.1241385,7 de noviembre,6.3721889720993365,0,5.850250904354437,2,8.224512297078217,0,5.592773263812315,2,8.517393171418904,0.0,2.4849066497880004,3.0,0.04974209189481407,5.2319217719787074,50,5.29213909263871,69,7.34823080064312,0,5.1916897682419325,48,0.877906976744186,0.689144542741562,0.6733188354800089,0.14362390383055404,0.7423358952272932,0.0,2083.7125291191765,7.642386249004953,67,4.219507705176107,17.875274079089344,320.38,0.0,0.7286627906976744,2.9041650800285006,0.0,2.5649493574615367,10.467658841819299,34305.99946608015,62.37075692130764,1,10871121.012762098,67.24801558095534
Departamento,,1600000,2.0,1.0,59.0,Av. Ingeniero Eduardo Molina 1720,"Av. Ingeniero Eduardo Molina 1720, Edf 16, Depto 112, Vasco De Quiroga, Gustavo A. Madero, Distrito Federal",False,https://departamento.mercadolibre.com.mx/MLM-2937030791-departamento-en-venta-torres-de-quiroga-gustavo-a-madero-cdmx-_JM,0.0,0,Gustavo A. Madero,0.83,departamento,gustavo a. madero,27118.64406779661,19.5008197,-99.0882544,nueva atzacoalco ii,7.796225577528104,0,4.026262490173874,2,8.19379931594797,0,7.769435949678703,0,8.517393171418904,0.0,0.6931471805599453,3.0,0.04974209189481407,2.4183460538526393,42,4.02325952226617,35,7.896648040765772,0,5.5141360047000125,38,0.5755813953488372,0.979753225947294,0.896043854830121,0.03476756542860963,0.6623513632868143,0.0,3140.3767083767016,8.052416424972806,31,3.4657359027997265,12.2830336866663,48.97,0.0,0.47773255813953486,2.277267285009756,0.0,2.3513752571634776,10.476147073577945,38051.70822614634,42.89295580374283,2,1887291.1951252103,17.95569969532565
Departamento,Se Vende Departamento En Martin Carrera.,1600000,1.0,1.0,48.0,15 De Agosto,"15 De Agosto, Gustavo A. Madero, Distrito Federal",False,https://departamento.mercadolibre.com.mx/MLM-2850346143-se-vende-departamento-en-martin-carrera-_JM,0.0,0,Gustavo A. Madero,0.83,departamento,gustavo a. madero,33333.333333333336,19.4846368,-99.1080907,15 de agosto,5.296699247425975,2,6.013195108064781,2,7.554358786818039,0,5.323876871659973,4,8.517393171418904,0.0,2.302585092994046,3.0,0.04974209189481407,7.006640351639156,0,5.062113809983786,14,6.484990191182705,4,5.208590337740283,52,0.32558139534883723,0.11015367541943964,0.7306300973358805,0.44140578843411876,0.7385546103578616,0.0,1085.0101555777612,6.990265851810895,55,4.02535169073515,11.675460894331879,39.839999999999996,1.66,0.2702325581395349,1.5040773967762742,0.6931471805599453,2.6390573296152584,10.482095954230362,34478.28982375579,40.794433801417,2,1914988.7381123472,19.6867961320217
Casa,,5500000,5.0,5.0,250.0,Del Obrero S/N,"Del Obrero S/N, Del Obrero, Gustavo A. Madero, Distrito Federal",False,https://casa.mercadolibre.com.mx/MLM-2745019355-casa-en-venta-en-la-colonia-del-obrero-gustavo-a-madero-_JM,0.0,0,Gustavo A. Madero,0.83,casa,gustavo a. madero,22000.0,19.4998377,-99.0906027,del obrero,7.689033150768894,0,5.371949926205927,2,8.119156812426404,0,7.785373829924566,0,8.517393171418904,0.0,1.0986122886681098,3.0,0.04974209189481407,4.779296668304976,46,5.035794454567697,35,7.824057716897267,0,5.64497020843281,36,0.5872093023255814,0.7897481204248211,0.7366491903365328,0.04399027986656136,0.6251427751028918,0.0,2880.615352204279,7.966106302074171,31,3.4657359027997265,16.576358817395352,207.5,0.0,0.4873837209302326,2.277267285009756,0.0,2.302585092994046,10.47613835506834,39389.3505783252,57.88540946476357,2,5741601.618049472,4.392756691808575
Departamento,Venta De Departamento En Lindavista Norte Gam Da563,3500000,3.0,1.0,90.0,Lindavista Norte,"Lindavista Norte, Gustavo A. Madero, Distrito Federal",False,https://departamento.mercadolibre.com.mx/MLM-5303960618-venta-de-departamento-en-lindavista-norte-gam-da563-_JM,0.0,0,Gustavo A. Madero,0.83,departamento,gustavo a. madero,38888.88888888889,19.5057393,-99.1480141,lindavista ii,6.353974952771635,0,6.906413995507988,0,7.396358427998668,0,3.687416913635111,5,8.517393171418904,0.0,2.3978952727983707,3.0,0.04974209189481407,7.2496344683501635,0,4.017943805365773,37,7.2551709795274295,0,6.520898519878087,9,0.1744186046511628,0.06001381635103018,0.8965749537370672,0.17067293160766214,0.3229318530836318,0.0,3045.9997173181214,8.021912686211868,60,4.110873864173311,13.53257851955055,74.7,0.0,0.1447674418604651,2.327277705584417,0.0,1.1786549963416462,10.4093234860922,33404.41928043346,46.95499580364812,0,3282412.4966307073,-6.216785810551221
Departamento,,4600000,2.0,2.0,83.0,Éuzkaro,"Éuzkaro, Gustavo A. Madero, Distrito Federal",False,https://departamento.mercadolibre.com.mx/MLM-4761728602-departamento-en-venta-en-industrial-_JM,0.0,0,Gustavo A. Madero,0.83,departamento,gustavo a. madero,55421.68674698795,19.4788701,-99.1211501,tepeyac insurgentes,6.068315938351784,1,3.171555600360056,3,7.516789494712443,0,2.0787212964213087,8,8.517393171418904,0.0,2.70805020110221,3.0,0.04974209189481407,5.016115892949699,35,4.290667979897781,29,5.917357729228456,2,3.9832234771622814,66,0.6802325581395349,0.7410785207001227,0.8658613823239166,0.6293698173134882,0.9159290510338134,0.0,1246.0644271644558,7.128547610074723,111,4.718498871295094,13.29245039652994,68.89,0.83,0.564593023255814,2.1102132003465894,0.4054651081081644,2.8622008809294686,10.466962801319763,34353.48637798993,46.37719461295567,1,2498833.3590064133,-45.677535673773626
Bodega,,3500000,0.0,0.0,166.0,Valle De Madero,"Valle De Madero, Gustavo A. Madero, Distrito Federal",False,https://inmueble.mercadolibre.com.mx/MLM-4640677130-bodega-en-venta-en-valle-madero-gustavo-a-madero-_JM,0.0,0,Gustavo A. Madero,0.83,bodega,gustavo a. madero,21084.33734939759,19.4592895,-99.12072,,4.927343326194111,1,6.62940087095506,0,8.295271641265389,0,6.430685920909157,0,8.517393171418904,0.0,2.3978952727983707,3.0,0.04974209189481407,6.42779289927603,63,4.306630624134425,60,7.0061716360031765,0,5.886942191243981,44,0.8837209302325582,0.2906564358530009,0.8638292249187643,0.2520752477709213,0.5494505830036436,0.0,2070.738154159778,7.636143221918562,63,4.1588830833596715,15.353981437250265,137.78,0.83,0.7334883720930232,2.772588722239781,0.0,2.4849066497880004,10.544015935232922,38463.871085442945,53.964208314545765,1,5839485.037831082,66.84242965231662
Casa,,9500000,0.0,3.0,560.0,Villa Gustavo A. Madero,"Villa Gustavo A. Madero, Gustavo A. Madero, Distrito Federal",False,https://casa.mercadolibre.com.mx/MLM-5227879088-casa-en-venta-uso-de-suelo-comercial-residencial-_JM,0.0,0,Gustavo A. Madero,0.83,casa,gustavo a. madero,16964.285714285714,19.4616807,-99.061347,san juan de aragon 4a  y 5a seccion (u hab) ii,1.5748991829408199,1,6.010771832394488,2,8.909929053218864,0,7.739179669187155,0,8.517393171418904,0.0,1.0986122886681098,3.0,0.04974209189481407,5.190374754923506,32,4.133039727203216,56,7.776179153100703,0,5.514314289202446,22,0.5523255813953488,0.6997223646663253,0.8844985286905491,0.05091031717731637,0.6623025169143303,0.0,3548.5397513164794,8.174573226548011,15,2.772588722239781,18.98916271656809,464.79999999999995,0.83,0.45843023255813947,2.70805020110221,0.0,1.8718021769015913,10.204389198621215,28790.503124143535,64.59093563860269,2,12130215.97902672,27.686483989754944
Edificio,,7300000,0.0,5.0,274.0,Rublos 35,"Rublos 35, Héroes De Cerro Prieto, Gustavo A. Madero, Distrito Federal",False,https://inmueble.mercadolibre.com.mx/MLM-2767775711-venta-de-edificio-en-heroes-de-cerro-prieto-gustavo-a-madero-cdmx-_JM,0.0,0,Gustavo A. Madero,0.83,edificio,gustavo a. madero,26642.33576642336,19.4529212,-99.0973491,cerro prieto,5.397176291536473,1,7.021864232515176,0,8.591144175344953,0,5.237638276043835,2,8.517393171418904,0.0,1.9459101490553132,3.0,0.04974209189481407,6.783254977213336,5,5.2014923004411076,38,6.523340526524601,2,5.037945912515579,50,0.46511627906976744,0.17137931035022938,0.696919121530862,0.4274956222418812,0.77471886036887,0.0,675.0204375698703,6.5162233086774775,23,3.1780538303479458,16.850313292999715,227.42,0.83,0.38604651162790693,2.3513752571634776,0.4054651081081644,2.6026896854443837,10.381516688766393,34161.60103229963,58.31060288740625,2,7536408.5008943025,3.238472614990445
Edificio,,7300000,0.0,5.0,274.0,Rublos 35,"Rublos 35, Héroes De Cerro Prieto, Gustavo A. Madero, Distrito Federal",False,https://inmueble.mercadolibre.com.mx/MLM-2798134141-venta-de-edificio-en-heroes-de-cerro-prieto-gustavo-a-madero-cdmx-_JM,0.0,0,Gustavo A. Madero,0.83,edificio,gustavo a. madero,26642.33576642336,19.4529212,-99.0973491,cerro prieto,5.397176291536473,1,7.021864232515176,0,8.591144175344953,0,5.237638276043835,2,8.517393171418904,0.0,1.9459101490553132,3.0,0.04974209189481407,6.783254977213336,5,5.2014923004411076,38,6.523340526524601,2,5.037945912515579,50,0.46511627906976744,0.17137931035022938,0.696919121530862,0.4274956222418812,0.77471886036887,0.0,675.0204375698703,6.5162233086774775,23,3.1780538303479458,16.850313292999715,227.42,0.83,0.38604651162790693,2.3513752571634776,0.4054651081081644,2.6026896854443837,10.381516688766393,34161.60103229963,58.31060288740625,2,7536408.5008943025,3.238472614990445
Edificio,,7300000,0.0,5.0,274.0,Rublos 35,"Rublos 35, Héroes De Cerro Prieto, Gustavo A. Madero, Distrito Federal",False,https://inmueble.mercadolibre.com.mx/MLM-2794970309-venta-de-edificio-en-heroes-de-cerro-prieto-gustavo-a-madero-cdmx-_JM,0.0,0,Gustavo A. Madero,0.83,edificio,gustavo a. madero,26642.33576642336,19.4529212,-99.0973491,cerro prieto,5.397176291536473,1,7.021864232515176,0,8.591144175344953,0,5.237638276043835,2,8.517393171418904,0.0,1.9459101490553132,3.0,0.04974209189481407,6.783254977213336,5,5.2014923004411076,38,6.523340526524601,2,5.037945912515579,50,0.46511627906976744,0.17137931035022938,0.696919121530862,0.4274956222418812,0.77471886036887,0.0,675.0204375698703,6.5162233086774775,23,3.1780538303479458,16.850313292999715,227.42,0.83,0.38604651162790693,2.3513752571634776,0.4054651081081644,2.6026896854443837,10.381516688766393,34161.60103229963,58.31060288740625,2,7536408.5008943025,3.238472614990445
Casa,,6000000,4.0,2.0,274.0,San Pedro El Chico,"San Pedro El Chico, Gustavo A. Madero, Distrito Federal",False,https://casa.mercadolibre.com.mx/MLM-2858426815-mrm-casa-en-venta-en-alcaldia-gustavo-a-madero-_JM,0.0,0,Gustavo A. Madero,0.83,casa,gustavo a. madero,21897.810218978102,19.4744209,-99.0961758,dm nacional,7.125469803971415,0,5.878204466729735,3,8.186799079136765,0,5.913356870897144,0,8.517393171418904,0.0,1.791759469228055,3.0,0.04974209189481407,5.778659303005416,46,4.603949023888113,34,6.051752984138424,1,4.931572737083773,28,0.5406976744186046,0.5248457670629951,0.8205701162050058,0.5887100851636896,0.7950670219017039,0.0,1452.2363803226708,7.281548334662554,30,3.4339872044851463,16.850313292999715,227.42,0.0,0.4487790697674418,2.2512917986064953,0.22314355131420976,2.0794415416798357,10.21469384057676,28399.441878708545,57.3735971352643,2,6433687.003767349,7.228116729455813
Local Comercial,Local Comercial  Santa Isabel Tola  (renta O Venta)  Da549,18000000,0.0,0.0,330.0,Santa Isabel Tola,"Santa Isabel Tola, Gustavo A. Madero, Distrito Federal",False,https://inmueble.mercadolibre.com.mx/MLM-5072016674-local-comercial-santa-isabel-tola-renta-o-venta-da549-_JM,0.0,0,Gustavo A. Madero,0.83,local comercial,gustavo a. madero,54545.454545454544,19.4998868,-99.1156771,santa isabel tola (pblo),6.469754734760164,0,6.294081596905785,1,6.743775421445508,0,7.178584179143398,0,8.517393171418904,0.0,1.6094379124341003,3.0,0.04974209189481407,7.589811533482282,0,5.467266724532082,30,7.229133812680227,0,3.6921690367724724,26,0.23255813953488372,0.019180111311220403,0.623988044853695,0.17861290385817952,0.9368616435433736,0.0,455.1348160030433,6.122788414948276,73,4.30406509320417,17.40635512613119,273.9,0.0,0.19302325581395346,2.1400661634962708,0.0,2.0149030205422647,10.469268277528316,34093.74678759549,60.74393384979922,0,9804755.327288277,-45.52913707062068
Departamento,Venta Departamento En La Nueva Atzacoalco Planta Baja,1600000,2.0,2.0,57.0,Nueva Atzacoalco,"Nueva Atzacoalco, Gustavo A. Madero, Distrito Federal",False,https://departamento.mercadolibre.com.mx/MLM-2881228003-venta-departamento-en-la-nueva-atzacoalco-planta-baja-_JM,0.0,0,Gustavo A. Madero,0.83,departamento,gustavo a. madero,28070.175438596492,19.4987054,-99.0854671,nueva atzacoalco ii,7.822012747112097,0,5.998127201221708,2,8.263213167182446,0,7.609425581512936,0,8.517393171418904,0.0,0.6931471805599453,3.0,0.04974209189481407,5.879354969780601,43,5.729247762496055,26,7.8622152754089765,0,4.370259855273633,37,0.5232558139534884,0.4900945061846402,0.5414657964906694,0.03895552812709033,0.8780015173831116,0.0,3403.222326820044,8.132771800962331,33,3.5263605246161616,12.181329031639258,47.309999999999995,0.0,0.43430232558139537,2.0149030205422647,0.0,2.327277705584417,10.430470317084575,32329.306461935703,42.352330295717955,2,2315459.7404939844,44.71623378087403
Casa,"Venta Casa Calzada Misterios, Atn Inversionistas!!",7900000,5.0,5.0,297.0,Tepeyac Insurgentes,"Tepeyac Insurgentes, Gustavo A. Madero, Distrito Federal",False,https://casa.mercadolibre.com.mx/MLM-2881176437-venta-casa-calzada-misterios-atn-inversionistas-_JM,0.0,0,Gustavo A. Madero,0.83,casa,gustavo a. madero,26599.3265993266,19.4807706,-99.1197036,tepeyac insurgentes,5.1767856233504075,1,5.6134892433027925,3,7.406507089914544,0,4.766239050705795,8,8.517393171418904,0.0,2.6390573296152584,3.0,0.04974209189481407,4.525807239532779,29,5.109190476016256,27,6.145140587710877,4,3.9041147363768625,72,0.6802325581395349,0.8329839358818352,0.7195907797309528,0.5588878085997093,0.922184245229411,0.0,1201.988349358411,7.092564031271432,91,4.5217885770490405,17.091280459516213,246.51,0.83,0.564593023255814,2.0476928433652555,0.6931471805599453,2.9444389791664403,10.471767271017976,38663.66546644782,59.65863711191699,1,8572923.946296262,8.51802463666154
Departamento,,2200000,2.0,2.0,53.0,AV CENTENARIO,"AV CENTENARIO, Santiago Atzacoalco, Gustavo A. Madero, Distrito Federal",True,https://departamento.mercadolibre.com.mx/MLM-2956691749-departamento-en-venta-en-av-centenario-gustavo-a-madero-_JM,0.0,0,Gustavo A. Madero,0.83,departamento,gustavo a. madero,41509.43396226415,19.5006923,-99.094593,santiago atzacoalco (pblo),7.607694327424611,0,6.417021656875067,0,7.9934825559800045,0,7.7528855596845165,0,8.517393171418904,0.0,1.0986122886681098,3.0,0.04974209189481407,6.287333306149566,41,4.715285463664474,43,7.778957718038479,0,5.703033194279736,38,0.6162790697674418,0.34183231297984634,0.8014911474564224,0.05049008148269364,0.6077699541704025,0.0,2483.2007428663364,7.8177062541464934,31,3.4657359027997265,11.966952139692824,43.989999999999995,0.0,0.5115116279069767,2.463853240590168,0.0,2.3513752571634776,10.454853350691474,34328.41708234717,41.70424322507734,2,2001939.1991008832,-9.002763677232581
Departamento,,2190000,2.0,1.0,52.0,Tetrazzini,"Tetrazzini, Vallejo, Gustavo A. Madero, Distrito Federal",True,https://departamento.mercadolibre.com.mx/MLM-2956702027-departamento-en-venta-vallejo-gustavo-a-madero-cdmx-_JM,0.0,0,Gustavo A. Madero,0.83,departamento,gustavo a. madero,42115.38461538462,19.4671109,-99.1314027,vallejo i,6.131231822942467,1,6.392853787320923,1,8.095515568491216,0,5.777529186014472,0,8.517393171418904,0.0,2.70805020110221,3.0,0.04974209189481407,6.243543028982267,76,5.291928246134054,68,7.142132450633823,0,4.248510300555802,39,0.9767441860465116,0.35795155872077977,0.6733752689020269,0.20620148798014246,0.8913645779214204,0.0,1584.6415873655087,7.368744391388626,71,4.276666119016055,11.910875740656365,43.16,0.83,0.8106976744186046,2.8903717578961645,0.0,2.3749057545736716,10.297532707728557,29831.99149761485,40.88421083903317,1,1701646.683313246,-22.299238204874616
Departamento,,1300000,2.0,1.0,54.0,Poniente 140,"Poniente 140, Lindavista Vallejo I Sección, Gustavo A. Madero, Distrito Federal",False,https://departamento.mercadolibre.com.mx/MLM-2962193249-departamento-en-venta-_JM,0.0,0,Gustavo A. Madero,0.83,departamento,gustavo a. madero,24074.074074074073,19.4679344,-99.1422687,vallejo poniente,5.734103517829716,1,5.041705636004596,5,8.215837357273655,0,6.16013394220604,0,8.517393171418904,0.0,2.1972245773362196,3.0,0.04974209189481407,6.255937623771691,59,5.202544811469111,94,5.635282550386322,5,5.566679198997665,20,0.9476744186046512,0.3533855958155302,0.6966527032751642,0.7054477481123385,0.6477351261888508,0.0,1342.6123986693096,7.2031170856423525,35,3.58351893845611,12.021999555697413,44.82,0.83,0.7865697674418605,3.1986731175506815,0.8109302162163288,1.791759469228055,10.280081354851244,24856.942914864616,41.19571116018498,1,1814838.853028916,39.602988694532
Departamento,Venta Departamento 2 Ambientes Tres Estrellas,2700000,2.0,1.0,72.0,Oniquina,"Oniquina, 6225, Tres Estrellas, Gustavo A. Madero, Distrito Federal",True,https://departamento.mercadolibre.com.mx/MLM-2959119687-venta-departamento-2-ambientes-tres-estrellas-_JM,0.0,0,Gustavo A. Madero,0.83,departamento,gustavo a. madero,37500.0,19.4721222,-99.1105347,tres estrellas,5.895397091643465,1,6.877454058159776,0,7.9585570751043715,0,6.81836953569941,0,8.517393171418904,0.0,2.1972245773362196,3.0,0.04974209189481407,6.742556634295685,21,4.39681150773176,24,7.105185522668562,0,4.642674192224517,35,0.37790697674418605,0.1838839213877787,0.8518173495569524,0.21836548132500755,0.842510326883592,0.0,323.34585394319924,5.7818103969141905,92,4.532599493153256,12.871378323445173,59.76,0.83,0.3136627906976744,1.9459101490553132,0.0,2.277267285009756,10.511501000065673,38010.99255579935,45.09916870637252,2,2736312.8924520044,1.3449219426668284
Casa,,5985000,3.0,2.0,202.0,CAMINO DE LA AMISTAD 216,"CAMINO DE LA AMISTAD 216, Campestre Aragón, Gustavo A. Madero, Distrito Federal",True,https://casa.mercadolibre.com.mx/MLM-5407572036-casa-sola-en-venta-aragon-gustavo-a-madero-_JM,0.0,0,Gustavo A. Madero,0.83,casa,gustavo a. madero,29628.712871287127,19.4845996,-99.0770254,campestre aragon i,7.896015413070511,0,6.323009808714337,1,8.496389674126982,0,5.413487208309335,2,8.517393171418904,0.0,1.0986122886681098,3.0,0.04974209189481407,7.472859184182582,0,6.035600581401791,6,7.717332266734399,0,5.3711077327654735,38,0.16279069767441862,0.029680612740845456,0.4342653116927754,0.06035891510729001,0.6998879578041068,0.0,3440.2714473438155,8.143596288865675,29,3.4011973816621555,15.939617937125362,167.66,0.0,0.13511627906976745,0.9162907318741551,0.0,2.3513752571634776,10.120747827846731,24691.431722702822,53.77361787128943,2,4878714.388413623,-18.48430428715751
Casa,Terreno Con Construcción Ideal Para Bodega O Proyecto,8900000,4.0,4.0,351.0,Granjas Modernas,"Granjas Modernas, Gustavo A. Madero, Distrito Federal",True,https://casa.mercadolibre.com.mx/MLM-5406902734-terreno-con-construccion-ideal-para-bodega-o-proyecto-351-m-_JM,0.0,0,Gustavo A. Madero,0.83,casa,gustavo a. madero,25356.125356125358,19.4787304,-99.1024687,granjas modernas-san juan de aragon (ampl),6.55547014242877,0,5.423151425235995,5,7.930892220248044,0,5.262588864599005,3,8.517393171418904,0.0,2.1972245773362196,3.0,0.04974209189481407,6.010951700548363,45,5.523587259446654,15,5.4025301158222065,3,4.134139882883432,24,0.4127906976744186,0.4431962459408122,0.6070984548837938,0.7586542517374895,0.9026746317707188,0.0,891.6821110852053,6.794230538873077,40,3.713572066704308,17.59089352679429,291.33,0.0,0.34261627906976744,1.55814461804655,0.5596157879354227,1.9459101490553132,10.45435423484915,34006.123317749596,61.300477412207464,2,9226257.01398748,3.6658091459267386
Casa,,11000000,4.0,2.0,276.0,Managua 698,"Managua 698, Colonia Lindavista Norte, Gustavo A. Madero, Distrito Federal",True,https://casa.mercadolibre.com.mx/MLM-5385987454-casa-en-venta-_JM,0.0,0,Gustavo A. Madero,0.83,casa,gustavo a. madero,39855.07246376811,19.4986096,-99.1264844,lindavista ii,6.706271179318607,0,6.603509109683897,0,6.338699414309083,0,6.890131049023781,0,8.517393171418904,0.0,2.5649493574615367,3.0,0.04974209189481407,7.6065674815253645,0,5.251786937617105,53,7.297992408726299,0,5.020767978969807,60,0.563953488372093,0.017939964624064907,0.6839884784634586,0.15795993732178945,0.7781162207819567,0.0,946.4417581986396,6.853765466147649,100,4.61512051684126,16.872052518562015,229.07999999999998,0.0,0.4680813953488372,2.6567569067146595,0.0,2.772588722239781,10.586882681931915,42995.438677430226,59.54081353913665,1,9623374.114380041,-12.514780778363264
Casa,,10600000,4.0,2.0,298.0,Barranquilla  102,"Barranquilla  102, Lindavista Norte, Gustavo A. Madero, Distrito Federal",False,https://casa.mercadolibre.com.mx/MLM-5410065094-casa-en-venta-en-colonia-lindavista-norte-gustavo-a-madero-ciudad-de-mexico-_JM,0.0,0,Gustavo A. Madero,0.83,casa,gustavo a. madero,35570.469798657716,19.5009334,-99.1287797,lindavista ii,7.051044570223255,0,6.960455792952282,0,6.819967723952113,0,6.593470489577208,0,8.517393171418904,0.0,2.302585092994046,3.0,0.04974209189481407,7.591281204552965,0,5.15883143727253,47,7.38593163037809,0,4.810743316974715,44,0.436046511627907,0.019068843145076383,0.7075676011056139,0.13329875122159554,0.816247114709296,0.0,1261.0579356182795,7.140498949827365,70,4.2626798770413155,17.10133072017206,247.33999999999997,0.0,0.36191860465116277,2.545531271604435,0.0,2.4849066497880004,10.49247915894882,34594.7330073153,59.81178539056552,0,9184978.287236925,-13.349261441161083
Departamento,,2390000,2.0,2.0,60.0,Martin Carrera Gustavo Madero,"Martin Carrera Gustavo Madero, Martín Carrera, Gustavo A. Madero, Distrito Federal",True,https://departamento.mercadolibre.com.mx/MLM-2947905019-departamento-en-venta-en-martin-carrera-gustavo-madero-gis-25-352-_JM,0.0,0,Gustavo A. Madero,0.83,departamento,gustavo a. madero,39833.333333333336,19.4823204,-99.1058514,granjas modernas-san juan de aragon (ampl),5.2184291941388405,2,4.151381859979422,2,7.72020461246865,0,3.904942085256623,3,8.517393171418904,0.0,2.302585092994046,3.0,0.04974209189481407,6.7770770778847425,20,4.574169715734744,14,5.744631493310059,2,5.273612289213615,48,0.4069767441860465,0.1732533655605304,0.8253935109191101,0.6774730155656916,0.7235884178943468,0.0,919.6200356428334,6.825047394825257,36,3.6109179126442243,12.332621592519935,49.8,1.66,0.3377906976744186,1.5040773967762742,0.4054651081081644,2.5649493574615367,10.487382122851846,33936.62315708912,43.112305072430075,2,2002956.1143285742,-16.194304839808613
Departamento,,2580001,2.0,1.0,54.0,JULIETA,"JULIETA, Guadalupe Tepeyac, Gustavo A. Madero, Distrito Federal",True,https://departamento.mercadolibre.com.mx/MLM-5399142658-departamento-en-venta-en-guadalupe-tepeyac-gustavo-a-madero-ciudad-de-mexico-_JM,0.0,0,Gustavo A. Madero,0.83,departamento,gustavo a. madero,47777.7962962963,19.4642965,-99.1250052,7 de noviembre,6.338219318088084,0,4.990977404118016,3,8.14891351404538,0,0.9050966038901913,3,8.517393171418904,0.0,2.4849066497880004,3.0,0.04974209189481407,3.1867038261424723,51,4.512651854275193,61,7.462009421899422,0,5.341429641027866,50,0.8488372093023255,0.954643792024167,0.8349975403658938,0.11365897199750781,0.7072636965915353,0.0,1970.4827599348214,7.586541208635684,77,4.356708826689592,12.021999555697413,44.82,0.0,0.7045348837209302,2.7880929087757464,0.0,2.6026896854443837,10.467641508709606,31670.391978833675,41.9473271889689,1,1825429.7251288304,-29.246937302395214
Casa,,4260000,6.0,5.0,302.0,Fernando Casas Alemán,"Fernando Casas Alemán, Gustavo A. Madero, Distrito Federal",True,https://casa.mercadolibre.com.mx/MLM-2950789441-casa-en-venta-con-5-departamentos-en-casas-aleman-gam-_JM,0.0,0,Gustavo A. Madero,0.83,casa,gustavo a. madero,14105.960264900663,19.4524617,-99.095663,fernando casas aleman,4.982801034916233,1,7.173889779472973,0,8.615352257892724,0,5.370535531397934,3,8.517393171418904,0.0,2.302585092994046,3.0,0.04974209189481407,6.896435169722521,1,5.480428394540187,36,6.421473272344282,2,5.471780405797966,44,0.3953488372093023,0.13869369033094178,0.620084849166793,0.46422521457622096,0.6738110323987812,0.0,682.7794252012551,6.527635387839468,23,3.1780538303479458,17.141198416528105,250.66,0.83,0.3281395348837209,2.302585092994046,0.4054651081081644,2.4849066497880004,10.381517689002395,35206.29899075986,59.31721819062879,2,8020915.43063733,88.28439978021902
Departamento,Venta Departamento 2 Ambientes Guadalupe Victoria,2604000,2.0,1.0,66.0,Av. Cuitlahuac,"Av. Cuitlahuac, 38, Guadalupe Victoria, Gustavo A. Madero, Distrito Federal",True,https://departamento.mercadolibre.com.mx/MLM-5407284132-venta-departamento-2-ambientes-guadalupe-victoria-_JM,0.0,0,Gustavo A. Madero,0.83,departamento,gustavo a. madero,39454.545454545456,19.471378,-99.1376357,guadalupe victoria ii,5.411210642946474,2,5.7975737028467815,2,8.043906123331027,0,5.375921504672112,2,8.517393171418904,0.0,2.1972245773362196,3.0,0.04974209189481407,3.1212426137420484,55,3.6775696984013564,70,6.799121667594138,2,5.615462064560133,22,0.7848837209302325,0.9575770648587356,0.9257969760209659,0.3262557203417886,0.6337713186919605,0.0,926.4053216943706,6.832390710235452,47,3.871201010907891,12.614077858172898,54.779999999999994,1.66,0.6514534883720929,2.917770732084279,0.4054651081081644,1.8718021769015913,10.310772263330534,29423.67652881745,43.35362803584698,1,2052874.262887841,-21.16458283840856
Casa,,5200000,3.0,1.0,103.0,San Bartolo Atepehuacan,"San Bartolo Atepehuacan, Gustavo A. Madero, Distrito Federal",True,https://casa.mercadolibre.com.mx/MLM-5402553734-casa-en-venta-en-montevideo-gustavo-a-madero-cdmx-_JM,0.0,0,Gustavo A. Madero,0.83,casa,gustavo a. madero,50485.436893203885,19.4933278,-99.1413426,san bartolo atepehuacan (pblo),6.3392306434454175,0,5.633329815297284,2,7.609460650519145,0,5.761294144538326,0,8.517393171418904,0.0,2.4849066497880004,3.0,0.04974209189481407,6.096285779912863,27,3.6350436085459963,31,6.854646259732818,1,4.973052081934054,35,0.45348837209302323,0.4121327983048999,0.9288509340417841,0.30602276540425316,0.7873267746128081,0.0,1535.1899940823173,7.337060600122146,42,3.7612001156935624,13.933172697424117,85.49,0.0,0.37639534883720926,2.169053700369523,0.22314355131420976,2.277267285009756,10.370179728619696,30001.91352955811,48.16316835406167,0,3448457.4208316947,-33.68351113785202
Departamento,Venta Departamento 2 Ambientes Santa Rosa,1663500,2.0,1.0,60.0,Calzada Vallejo,"Calzada Vallejo, 1323, Santa Rosa, Gustavo A. Madero, Distrito Federal",True,https://departamento.mercadolibre.com.mx/MLM-5406945946-venta-departamento-2-ambientes-santa-rosa-_JM,0.0,0,Gustavo A. Madero,0.83,departamento,gustavo a. madero,27725.0,19.5167815,-99.162361,progreso nacional (ampl),7.720875440616972,0,5.005127511394769,2,7.843064158979215,0,7.49347329314032,0,8.517393171418904,0.0,1.3862943611198906,3.0,0.04974209189481407,8.038419960164537,0,5.448758060226513,14,7.841235552941319,0,5.492588473076576,24,0.12790697674418605,0.0020428086731922096,0.6294313114922967,0.041671757246970725,0.6682173222342377,0.0,4801.358168443002,8.476862361347264,37,3.6375861597263857,12.332621592519935,49.8,0.0,0.10616279069767441,1.5040773967762742,0.0,1.9459101490553132,10.116901800716048,23992.670760470235,41.58930719897151,0,1785626.3403851627,7.341529328834549
Departamento,Venta Departamentos Guadalupe Tepeyac T-df0219-0104,2690000,2.0,1.0,78.0,CARLOTA,"CARLOTA, Guadalupe Tepeyac, Gustavo A. Madero, Distrito Federal",True,https://departamento.mercadolibre.com.mx/MLM-5400670324-venta-departamentos-guadalupe-tepeyac-t-df0219-0104-_JM,0.0,0,Gustavo A. Madero,0.83,departamento,gustavo a. madero,34487.179487179485,19.4691429,-99.1214847,guadalupe tepeyac,7.018223644169555,0,5.8294820880752996,2,7.976750571503779,0,5.423256915935381,4,8.517393171418904,0.0,2.1972245773362196,3.0,0.04974209189481407,5.128470516799261,48,5.3825519900009295,47,7.173795412979719,0,5.142460597734818,48,0.7383720930232558,0.7149679134506971,0.6484608528112865,0.19598164345797048,0.7530974976333213,0.0,1368.5149449119501,7.222211901321173,109,4.700480365792417,13.108343557401064,64.74,0.0,0.6128488372093023,2.545531271604435,0.0,2.5649493574615367,10.44207304590353,35277.14556321342,45.626093645726954,1,2917828.825114436,8.469473052581264
Casa,Venta Casa 5 Ambientes San Juan De Aragón Vi Sección,6800000,5.0,2.0,257.0,AV.414 A,"AV.414 A, 335, San Juan De Aragón VI Sección, Gustavo A. Madero, Distrito Federal",True,https://casa.mercadolibre.com.mx/MLM-5400683316-venta-casa-5-ambientes-san-juan-de-aragon-vi-seccion-_JM,0.0,0,Gustavo A. Madero,0.83,casa,gustavo a. madero,26459.143968871595,19.4709394,-99.0736351,san juan de aragon 7 secc (u hab) ii,7.309021214186628,0,5.661871618193859,4,8.662057561875598,0,6.497255133082743,0,8.517393171418904,0.0,1.791759469228055,3.0,0.04974209189481407,6.38368978861942,29,3.717166279639598,36,7.183552996906165,0,4.864967064597534,28,0.4476744186046512,0.30659829489840884,0.9228438312113162,0.19287236260994747,0.8069896415620617,0.0,2625.3371406341034,7.873345432240484,28,3.367295829986474,16.658878754764853,213.31,0.0,0.3715697674418605,2.302585092994046,0.0,2.0794415416798357,10.235525010029187,26648.837360334466,56.83745671114651,2,5938957.3914159,-12.66239130270736
Departamento,Venta Departamentos Vallejo T-df0236-0061,1350000,2.0,1.0,44.0,ABUNDIO MARTINEZ,"ABUNDIO MARTINEZ, Vallejo, Gustavo A. Madero, Distrito Federal",True,https://departamento.mercadolibre.com.mx/MLM-2951149259-venta-departamentos-vallejo-t-df0236-0061-_JM,0.0,0,Gustavo A. Madero,0.83,departamento,gustavo a. madero,30681.81818181818,19.4681539,-99.1372374,vallejo i,5.218813331706849,2,5.269300271429261,2,8.133109319916093,0,5.15389969581734,3,8.517393171418904,0.0,2.5649493574615367,3.0,0.04974209189481407,4.066360470243372,56,4.883499759262641,83,6.637335593076362,3,5.708893751467605,29,0.9127906976744186,0.8916438831234034,0.7693692211422839,0.3857468408403905,0.6059877460428522,0.0,1285.5980604755514,7.159756851495235,44,3.8066624897703196,11.419987469310959,36.519999999999996,1.66,0.7576162790697674,3.079613757534693,0.5596157879354227,2.1102132003465894,10.28874070740463,29348.228864342414,39.16576331785015,1,1541601.8810145129,14.19273192700095
Departamento,,2080000,2.0,2.0,65.0,Av. Ingeniero Eduardo Molina 8140  F 004,"Av. Ingeniero Eduardo Molina 8140  F 004, Vasco De Quiroga, Gustavo A. Madero, Distrito Federal",False,https://departamento.mercadolibre.com.mx/MLM-5408966534-departamento-en-venta-planta-baja-eduardo-molina-col-vasco-de-quiroga-_JM,0.0,0,Gustavo A. Madero,0.83,departamento,gustavo a. madero,32000.0,19.5008197,-99.0882544,nueva atzacoalco ii,7.796225577528104,0,4.026262490173874,2,8.19379931594797,0,7.769435949678703,0,8.517393171418904,0.0,0.6931471805599453,3.0,0.04974209189481407,2.4183460538526393,42,4.02325952226617,35,7.896648040765772,0,5.5141360047000125,38,0.5755813953488372,0.979753225947294,0.896043854830121,0.03476756542860963,0.6623513632868143,0.0,3140.3767083767016,8.052416424972806,31,3.4657359027997265,12.568964226079276,53.949999999999996,0.0,0.47773255813953486,2.277267285009756,0.0,2.3513752571634776,10.476147073577945,38556.01724499186,43.89143926498209,2,2063382.3309266623,-0.7989263977566197
Casa,Excelente Residencia En El Corazón De Lindavista,12900000,4.0,4.0,300.0,Callao 600 - 900,"Callao 600 - 900, Lindavista Nte., Ciudad De México, Colonia Lindavista Norte, Gustavo A. Madero, Distrito Federal",True,https://casa.mercadolibre.com.mx/MLM-5401860020-excelente-residencia-en-el-corazon-de-lindavista-_JM,0.0,0,Gustavo A. Madero,0.83,casa,gustavo a. madero,43000.0,19.493953,-99.1217684,lindavista ii,5.646171074003066,1,4.863237143312334,2,5.158080812170183,1,6.643308229946294,0,8.517393171418904,0.0,2.70805020110221,3.0,0.04974209189481407,7.210008889274215,0,3.7783837057082854,43,6.994712062595817,0,5.058341693887416,78,0.6162790697674418,0.06695004147746873,0.9180618107666192,0.25606808312451707,0.7706283952086908,0.0,490.7700703600234,6.198011270589874,117,4.770684624465665,17.121330794246624,249.0,0.83,0.5115116279069767,2.463853240590168,0.0,3.0204248861443626,10.454597877116171,32753.331495229737,59.665542858311504,1,10100306.289316049,-21.703052020805824
Departamento,,1200000,2.0,1.0,52.0,Gustavo A. Madero,"Gustavo A. Madero, Mexico City, El Arbolillo, Gustavo A. Madero, Distrito Federal",True,https://departamento.mercadolibre.com.mx/MLM-2950779955-departamento-en-venta-en-el-arbolillo-_JM,0.0,0,Gustavo A. Madero,0.83,departamento,gustavo a. madero,23076.923076923078,19.4848583,-99.1178571,villa gustavo a madero,5.859848830133583,1,5.272419894181226,9,7.138978789465684,0,4.976861342034545,4,8.517393171418904,0.0,2.4849066497880004,3.0,0.04974209189481407,5.7015693176803826,17,3.778302959101088,25,6.112358574953023,4,4.961182466987488,70,0.5872093023255814,0.550640257006764,0.9180682962357292,0.5694964908370941,0.7895667933278194,0.0,1266.0832268887389,7.144472866315889,78,4.3694478524670215,11.910875740656365,43.16,0.83,0.4873837209302326,1.9810014688665833,0.6931471805599453,2.917770732084279,10.392094952086573,34110.90819376841,41.259650553135145,1,1912390.702891597,59.365891907633085
Casa,Venta Casas Lindavista Norte T-df0085-0600,3400000,4.0,4.0,200.0,CALLE 10,"CALLE 10, Lindavista Norte, Gustavo A. Madero, Distrito Federal",False,https://casa.mercadolibre.com.mx/MLM-4780229916-venta-casas-lindavista-norte-t-df0085-0600-_JM,0.0,0,Gustavo A. Madero,0.83,casa,gustavo a. madero,17000.0,19.5248273,-99.1579753,guadalupe proletaria,7.947014880335242,0,6.721175093115981,0,7.509215617031485,0,7.75331597264598,0,8.517393171418904,0.0,1.6094379124341003,3.0,0.04974209189481407,8.218302871614062,0,4.5932634338937115,31,7.767710357575131,0,5.083749977576242,33,0.27906976744186046,0.0006025092844860465,0.8223141572088377,0.0522054609072731,0.7654458446458191,0.0,5266.316350793006,8.569276280484514,34,3.5553480614894135,15.909914724177227,166.0,0.0,0.23162790697674418,2.169053700369523,0.0,2.224623551524334,10.109588706336357,24683.534654923453,53.614231404772205,0,5435909.145445444,59.8796807483954
Departamento,Venta Departamentos San Juan De Aragon Vii Seccion T-df0238-0038,1300000,2.0,1.0,59.0,AV. EDUARDO MOLINA,"AV. EDUARDO MOLINA, San Juan De Aragón VII Sección, Gustavo A. Madero, Distrito Federal",False,https://departamento.mercadolibre.com.mx/MLM-5118589286-venta-departamentos-san-juan-de-aragon-vii-seccion-t-df0238-0038-_JM,0.0,0,Gustavo A. Madero,0.83,departamento,gustavo a. madero,22033.898305084746,19.479013,-99.098516,granjas modernas-san juan de aragon (ampl),6.811290461952347,0,4.963407471453311,5,8.03444581321301,0,0.0,3,8.517393171418904,0.0,2.0794415416798357,3.0,0.04974209189481407,3.5009788313656967,50,5.675608175945605,21,5.098418208796476,3,5.495119523599867,28,0.5,0.9377276119342427,0.5591534489532177,0.8159082818958695,0.6675321572883964,0.0,1284.4081289075468,7.15883155694671,29,3.4011973816621555,12.2830336866663,48.97,0.0,0.415,1.8325814637483102,0.5596157879354227,2.0794415416798357,10.337858572670457,31394.701875342234,42.32675503203441,2,3954113.144901703,204.1625496078233
Casa,,1950000,2.0,1.0,108.0,Santiago Atepetlac,"Santiago Atepetlac, Gustavo A. Madero, Distrito Federal",False,https://casa.mercadolibre.com.mx/MLM-2874594253-casa-en-venta-gustavo-a-madero-_JM,0.0,0,Gustavo A. Madero,0.83,casa,gustavo a. madero,18055.555555555555,19.5228371,-99.1605541,santiago atepetlac,7.910863183995,0,6.186526969769729,2,7.665380475897962,0,7.721017097297077,0,8.517393171418904,0.0,1.6094379124341003,3.0,0.04974209189481407,8.177108512978885,0,4.881399949349651,25,7.830030341292592,0,3.756052954591228,33,0.2441860465116279,0.0008127389967587521,0.7697956889306671,0.043174419471494904,0.9327369407001789,0.0,5300.12069188958,8.575673528487458,28,3.367295829986474,14.07404364668743,89.64,0.0,0.20267441860465116,1.9810014688665833,0.0,2.224623551524334,10.070867072661503,23600.793139726695,47.24594091354176,0,2685064.2331450223,37.695601699744735
Casa,,2940000,3.0,3.0,193.0,Av. 495 28,"Av. 495 28, San Juan De Aragón 7a Secc., Gustavo A. Madero, Distrito Federal",False,https://casa.mercadolibre.com.mx/MLM-5107706830-casa-en-venta-col-san-juan-de-aragon-gam-cdmx-_JM,0.0,0,Gustavo A. Madero,0.83,casa,gustavo a. madero,15233.160621761657,19.4691831,-99.0725397,san juan de aragon 7 secc (u hab) ii,7.15032671752055,0,4.865741120157728,4,8.695055545357146,0,6.7562918934758756,0,8.517393171418904,0.0,1.791759469228055,3.0,0.04974209189481407,5.920611924307951,51,4.867468416469897,38,7.184864115762871,0,5.703764052181941,24,0.563953488372093,0.47555185810220907,0.7726084963438926,0.1924560542673227,0.6075479832085982,0.0,2632.1711851855353,7.875944172645171,23,3.1780538303479458,15.803574477189985,160.19,0.0,0.4680813953488372,2.3513752571634776,0.0,1.9459101490553132,10.176098325446926,27727.761031401547,53.60624259113626,2,4998274.892118426,70.00935007205531
Departamento,,1350000,2.0,1.0,44.0,La Esmeralda,"La Esmeralda, Gustavo A. Madero, Distrito Federal",False,https://departamento.mercadolibre.com.mx/MLM-5058300014-departamento-en-arcos-esmeralda-44m2-acepta-creditos-_JM,0.0,0,Gustavo A. Madero,0.83,departamento,gustavo a. madero,30681.81818181818,19.4870554,-99.0860933,la esmeralda ii,7.566198889655958,0,6.746266113108688,0,8.270780786988764,0,7.036668687755153,0,8.517393171418904,0.0,1.791759469228055,3.0,0.04974209189481407,6.652819734086803,29,5.220414874784658,17,7.338816377033331,0,4.477836806358246,39,0.4011627906976744,0.21268716670436993,0.6921020597604167,0.1462610905685578,0.864958845638868,0.0,2841.457445899951,7.952424254852982,31,3.4657359027997265,11.419987469310959,36.519999999999996,0.0,0.3329651162790697,1.6582280766035324,0.0,2.3749057545736716,10.20045667016423,24750.457444339314,38.82969578484163,2,1446152.5259016086,7.1224093260450845
Departamento,¡entrega Inmediata! Solo Recursos Propios,1270000,2.0,1.0,60.0,Acueducto De Guadalupe,"Acueducto De Guadalupe, Gustavo A. Madero, Distrito Federal",False,https://departamento.mercadolibre.com.mx/MLM-2749972035-entrega-inmediata-solo-recursos-propios-_JM,0.0,0,Gustavo A. Madero,0.83,departamento,gustavo a. madero,21166.666666666668,19.4889617,-99.1171639,santa isabel tola (pblo),6.617722967364068,0,5.355419449992465,5,6.797533642851436,0,4.6215617957496375,2,8.517393171418904,0.0,2.3978952727983707,3.0,0.04974209189481407,6.632233293636945,7,5.194307647685458,33,5.912959641419291,3,4.399065533958849,71,0.5697674418604651,0.21951131861774165,0.6987329780153586,0.6306534579499847,0.8746268110645422,0.0,814.7508162754261,6.704108936117032,79,4.382026634673881,12.332621592519935,49.8,0.0,0.472906976744186,2.224623551524334,0.5596157879354227,2.9311937524164198,10.361742280289441,29735.655672498207,42.595815527341436,1,2097236.4493166027,65.13672829264588
Casa,Casa Con Amplios Espacios,7250000,4.0,3.0,217.0,Calle Brillante 36,"Calle Brillante 36, Col. Estrella, Ciudad De México, Estrella, Gustavo A. Madero, Distrito Federal",False,https://casa.mercadolibre.com.mx/MLM-2831389899-casa-con-amplios-espacios-_JM,0.0,0,Gustavo A. Madero,0.83,casa,gustavo a. madero,33410.13824884793,19.4758795,-99.118427,estrella,6.47551131507098,0,6.0238225476693,2,7.697538919625954,0,5.322924212567307,2,8.517393171418904,0.0,2.3978952727983707,3.0,0.04974209189481407,5.346629620363955,41,5.222788526727283,30,6.684448983883787,1,4.809654437464984,55,0.6453488372093024,0.6584943581221223,0.6914937298811943,0.36839952297501755,0.8164289764992645,0.0,889.731514714489,6.7920430517749475,114,4.74493212836325,16.153485188367267,180.10999999999999,0.0,0.535639534883721,2.1400661634962708,0.22314355131420976,2.691243082785829,10.458037064780509,33981.12840513429,56.31124894177594,1,6030530.10731043,-16.820274381925103
Casa,,9850000,5.0,3.0,333.0,Callao,"Callao, Lindavista, Gustavo A. Madero, Distrito Federal",False,https://casa.mercadolibre.com.mx/MLM-5058093094-casa-en-venta-en-lindavista-gustavo-a-madero-cdmx-_JM,0.0,0,Gustavo A. Madero,0.83,casa,gustavo a. madero,29579.57957957958,19.4864481,-99.1279697,lindavista i,5.701942471216619,2,5.500733634950458,4,7.058670002935887,0,6.867824354114934,0,8.517393171418904,0.0,2.6390573296152584,3.0,0.04974209189481407,7.022556776312344,0,5.533157348040157,35,6.0364724352228665,7,3.008436555842228,69,0.563953488372093,0.10632003561462498,0.6041803394007986,0.5934703313013849,0.9684166660825388,0.0,1342.4112512194192,7.2029673679796336,85,4.454347296253507,17.433422978930103,276.39,1.66,0.4680813953488372,2.277267285009756,1.0116009116784799,2.9041650800285006,10.625030243902204,41728.283866659156,61.74354880195733,1,11492829.321817804,16.678470272261972
Casa,,6000000,3.0,1.0,320.0,Industrial,"Industrial, Gustavo A. Madero, Distrito Federal",False,https://casa.mercadolibre.com.mx/MLM-4635910764-construccion-para-inversion-en-venta-remodela-y-gana-_JM,0.0,0,Gustavo A. Madero,0.83,casa,gustavo a. madero,18750.0,19.4646793,-99.1195328,guadalupe tepeyac,6.467074406141365,0,6.528576888206119,0,8.136586254772498,0,5.13200082069324,4,8.517393171418904,0.0,2.302585092994046,3.0,0.04974209189481407,6.27264213723725,42,4.86615706964011,48,7.327505852554995,0,4.960352957574226,44,0.686046511627907,0.3472358427605058,0.772871772168109,0.1494598503269174,0.7897225819874852,0.0,1518.2800060815596,7.325991821408912,92,4.532599493153256,17.314323369390046,265.59999999999997,0.0,0.5694186046511628,2.5649493574615367,0.0,2.4849066497880004,10.464460163516305,37790.28550558433,60.395015719073854,1,9831920.40642685,63.86534010711418
Departamento,,1800000,2.0,1.0,56.0,Nueva Industrial Vallejo,"Nueva Industrial Vallejo, Gustavo A. Madero, Distrito Federal",False,https://departamento.mercadolibre.com.mx/MLM-5357496766-departamento-en-venta-nueva-industrial-vallejo-gustavo-a-madero-_JM,0.0,0,Gustavo A. Madero,0.83,departamento,gustavo a. madero,32142.85714285714,19.5129933,-99.1522732,nueva industrial vallejo (fracc),7.245050642651753,0,6.77724520989271,0,7.572656549520161,0,6.791589618796667,0,8.517393171418904,0.0,2.3978952727983707,3.0,0.04974209189481407,7.732257889819053,0,5.223867029672516,28,7.301746197227453,0,6.079711394644601,17,0.1686046511627907,0.01046737366333476,0.6912170260813673,0.1568667042536276,0.4835961410434163,0.0,3953.5762769742746,8.282628738425434,81,4.406719247264253,12.129153803503652,46.48,0.0,0.13994186046511628,2.0794415416798357,0.0,1.6582280766035324,10.317053121620326,31810.760416482266,41.712374703683466,0,1869042.518797358,3.835695488742113
Casa,Venta Casas Pradera Ii Seccion T-df0238-0033,2000000,2.0,1.0,72.0,VOLCAN DE FUEGO,"VOLCAN DE FUEGO, Pradera II Sección, Gustavo A. Madero, Distrito Federal",False,https://casa.mercadolibre.com.mx/MLM-2750042307-venta-casas-pradera-ii-seccion-t-df0238-0033-_JM,0.0,0,Gustavo A. Madero,0.83,casa,gustavo a. madero,27777.777777777777,19.4769764,-99.0725639,san juan de aragon 7 secc (u hab) i,7.569664947103864,0,1.7026967254701417,4,8.630899528024305,0,6.257282151927329,0,8.517393171418904,0.0,1.6094379124341003,3.0,0.04974209189481407,7.113223875838285,0,5.645678456155184,20,7.526838491851074,0,4.724130150338879,39,0.25,0.08593184230501236,0.5688542224203885,0.09824600143797929,0.8302286473670207,0.0,3111.1877263364636,8.0430812068518,29,3.4011973816621555,12.871378323445173,59.76,0.0,0.2075,1.791759469228055,0.0,2.3749057545736716,10.225097137414291,25341.891994171292,43.87036454987853,2,2239274.867735701,11.963743386785056
Departamento,Departamento Interior E Iluminado En Calzada Vallejo,1650000,2.0,2.0,62.0,Santa Rosa,"Santa Rosa, Gustavo A. Madero, Distrito Federal",False,https://departamento.mercadolibre.com.mx/MLM-4833754568-departamento-interior-e-iluminado-en-calzada-vallejo-_JM,0.0,0,Gustavo A. Madero,0.83,departamento,gustavo a. madero,26612.90322580645,19.4740027,-99.1255167,industrial i,6.644777384264102,0,5.874257887946703,2,7.782418164597115,0,5.591876702086099,3,8.517393171418904,0.0,2.6390573296152584,3.0,0.04974209189481407,5.966494292625667,46,5.312845351762613,46,6.6215094393165925,1,4.815315449258235,51,0.7441860465116279,0.4591992171245201,0.6677418636961266,0.3915674721981763,0.8154817684024203,0.0,1510.861870399538,7.321097197010444,98,4.59511985013459,12.429404179174597,51.46,0.0,0.6176744186046511,2.5257286443082556,0.22314355131420976,2.6210388241125804,10.457035085110736,34130.93344992401,43.324905196216925,1,2408708.337356294,45.98232347613903
Casa,Venta Casas San Juan De Aragon V Seccion T-df0181-0227,2280000,3.0,1.0,67.0,C. 683,"C. 683, San Juan De Aragón V Sección, Gustavo A. Madero, Distrito Federal",False,https://casa.mercadolibre.com.mx/MLM-5290489874-venta-casas-san-juan-de-aragon-v-seccion-t-df0181-0227-_JM,0.0,0,Gustavo A. Madero,0.83,casa,gustavo a. madero,34029.850746268654,19.4536334,-99.0561139,c t m aragon (u),6.954863068763153,0,7.170252361883571,0,9.02920746555614,0,8.09470385486208,0,8.517393171418904,0.0,0.0,3.0,0.04974209189481407,7.103460753146395,0,4.045452696163298,48,8.051636856817769,0,4.729730570803403,22,0.313953488372093,0.088007141095882,0.8937992408773184,0.01979331683606399,0.8293538277216018,0.0,4118.314169661226,8.323441964812497,9,2.302585092994046,12.658523115528322,55.61,0.0,0.2605813953488372,2.5649493574615367,0.0,1.8718021769015913,10.244842330077224,28790.50312414354,43.22819115007519,2,1841474.5792532319,-19.23357108538457
Casa,,5100000,4.0,2.0,159.0,Acueducto De Guadalupe,"Acueducto De Guadalupe, Gustavo A. Madero, Distrito Federal",False,https://casa.mercadolibre.com.mx/MLM-5091413230-casa-venta-en-col-acueducto-de-guadalupe-159-m2-_JM,0.0,0,Gustavo A. Madero,0.83,casa,gustavo a. madero,32075.471698113208,19.4889617,-99.1171639,santa isabel tola (pblo),6.617722967364068,0,5.355419449992465,5,6.797533642851436,0,4.6215617957496375,2,8.517393171418904,0.0,2.3978952727983707,3.0,0.04974209189481407,6.632233293636945,7,5.194307647685458,33,5.912959641419291,3,4.399065533958849,71,0.5697674418604651,0.21951131861774165,0.6987329780153586,0.6306534579499847,0.8746268110645422,0.0,814.7508162754261,6.704108936117032,79,4.382026634673881,15.22552144570148,131.97,0.0,0.472906976744186,2.224623551524334,0.5596157879354227,2.9311937524164198,10.361742280289441,30007.744625598552,52.58764310112621,1,5050827.684153384,-0.9641630558160079
Departamento,Venta Departamentos Nueva Industrial Vallejo T-df0257-0003,2100000,3.0,1.0,72.0,AV. MIGUEL OTHON DE MENDIZABAL,"AV. MIGUEL OTHON DE MENDIZABAL, Nueva Industrial Vallejo, Gustavo A. Madero, Distrito Federal",False,https://departamento.mercadolibre.com.mx/MLM-4786367532-venta-departamentos-nueva-industrial-vallejo-t-df0257-0003-_JM,0.0,0,Gustavo A. Madero,0.83,departamento,gustavo a. madero,29166.666666666668,19.5059253,-99.1483008,lindavista ii,6.378896169524759,0,6.88192001073379,0,7.408267829052997,0,2.3354365932792716,4,8.517393171418904,0.0,2.3978952727983707,3.0,0.04974209189481407,7.26641390881637,0,3.103836992835638,36,7.260852697010051,0,6.496581401708804,10,0.1744186046511628,0.05722203907496757,0.9583266613132086,0.16896101681925235,0.331834330618563,0.0,3075.3031857655947,8.03148389071163,59,4.0943445622221,12.871378323445173,59.76,0.0,0.1447674418604651,2.302585092994046,0.0,1.252762968495368,10.409323659815174,33307.91708147606,44.660780972223336,0,3106473.770417008,47.927322400809906
Departamento,Venta Departamentos Vallejo T-df0219-0081,2800000,3.0,2.0,154.0,EJE CENTRAL LAZARO CARDENAS,"EJE CENTRAL LAZARO CARDENAS, Vallejo, Gustavo A. Madero, Distrito Federal",False,https://departamento.mercadolibre.com.mx/MLM-2708081899-venta-departamentos-vallejo-t-df0219-0081-_JM,0.0,0,Gustavo A. Madero,0.83,departamento,gustavo a. madero,18181.81818181818,19.5248604,-99.1586529,santiago atepetlac,7.956651001311637,0,6.637218858433042,0,7.546723610945224,0,7.768200225404355,0,8.517393171418904,0.0,1.6094379124341003,3.0,0.04974209189481407,8.225519101677357,0,4.4798701329439155,31,7.794543982436739,0,5.283406883472478,33,0.27906976744186046,0.000571001025886149,0.8399218482379849,0.04817558901977459,0.7212760269533295,0.0,5325.568693957928,8.580462537609025,34,3.5553480614894135,15.13027535075774,127.82,0.0,0.23162790697674418,2.169053700369523,0.0,2.224623551524334,10.099586302548802,24092.49352762165,50.936507228768214,0,3693360.5713901483,31.905734692505295
Casa,Perfecta Casa  Grande Para Inversionistas En La Col. Guadalupe Tepeyac A Unos Minutos De Walmart Tepeyac!,17999999,8.0,9.0,504.0,Martha,"Martha, Guadalupe Tepeyac, Ciudad De México, Guadalupe Tepeyac, Gustavo A. Madero, Distrito Federal",False,https://casa.mercadolibre.com.mx/MLM-2705545201-perfecta-casa-grande-para-inversionistas-en-la-col-guadalupe-tepeyac-a-unos-minutos-de-walmart-tepeyac-_JM,0.0,0,Gustavo A. Madero,0.83,casa,gustavo a. madero,35714.28373015873,19.4682318,-99.1188878,guadalupe tepeyac,6.7196842026141095,0,6.429037874337018,0,8.017256883565116,0,5.39537901668879,3,8.517393171418904,0.0,2.0794415416798357,3.0,0.04974209189481407,6.1256388849050785,44,4.759500304766367,43,7.301033205510095,0,3.869239270357328,53,0.7209302325581395,0.40136913502566346,0.7934417059475921,0.15707408357525374,0.9248011404070108,0.0,1196.2270896173545,7.087763403201125,93,4.543294782270004,18.67367528782608,418.32,0.0,0.5983720930232558,2.463853240590168,0.0,2.6567569067146595,10.481574871422003,35995.801101329795,65.24317521799063,1,13797155.32430021,-23.34913282883954
Casa,,9000000,3.0,3.0,500.0,Lindavista Norte,"Lindavista Norte, Gustavo A. Madero, Distrito Federal",False,https://casa.mercadolibre.com.mx/MLM-2703374409-casa-en-venta-en-lindavista-sobre-av-montevideo-_JM,0.0,0,Gustavo A. Madero,0.83,casa,gustavo a. madero,18000.0,19.5057393,-99.1480141,lindavista ii,6.353974952771635,0,6.906413995507988,0,7.396358427998668,0,3.687416913635111,5,8.517393171418904,0.0,2.3978952727983707,3.0,0.04974209189481407,7.2496344683501635,0,4.017943805365773,37,7.2551709795274295,0,6.520898519878087,9,0.1744186046511628,0.06001381635103018,0.8965749537370672,0.17067293160766214,0.3229318530836318,0.0,3045.9997173181214,8.021912686211868,60,4.110873864173311,18.649818303254595,415.0,0.0,0.1447674418604651,2.327277705584417,0.0,1.1786549963416462,10.4093234860922,33940.64613966151,64.71066389180675,0,15436686.663773976,71.51874070859974
Casa,Gran Oportunidad Patrimonial En La Gam: Casa De Amplias Dimensiones Con Excelente Conectividad Y Precio De Ocasión A Tratar Para Cierre Inmediato,6199998,3.0,3.0,245.0,De La Arena 34,"De La Arena 34, Acueducto De Guadalupe, Gustavo A. Madero, 07270 Ciudad De México, CDMX, Mexico, Residencial Acueducto De Guadalupe, Gustavo A. Madero, Distrito Federal",False,https://casa.mercadolibre.com.mx/MLM-2720545187-gran-oportunidad-patrimonial-en-la-gam-casa-de-amplias-dimensiones-con-excelente-conectividad-y-precio-de-ocasion-a-tratar-para-cierre-inmediato-_JM,0.0,0,Gustavo A. Madero,0.83,casa,gustavo a. madero,25306.114285714284,19.5208063,-99.1437298,acueducto de guadalupe (rdcial),7.741155441850899,0,7.600356884119019,0,6.669739217039883,0,7.387185604638487,0,8.517393171418904,0.0,1.791759469228055,3.0,0.04974209189481407,8.028472452643422,0,4.962812628585988,37,6.804049816514821,2,5.503891325215257,39,0.36046511627906974,0.0021720017987551642,0.7527735343081973,0.32445336178164413,0.6651496194708166,0.0,3841.3219198351644,8.25383212946831,42,3.7612001156935624,16.515994607797087,203.35,0.0,0.2991860465116279,2.327277705584417,0.4054651081081644,2.3749057545736716,10.154946122642725,24112.74290600679,55.906345134679064,0,6554516.034067634,5.718034652069784
Casa,,25000000,3.0,3.0,581.0,Lindavista Norte,"Lindavista Norte, Gustavo A. Madero, Distrito Federal",False,https://casa.mercadolibre.com.mx/MLM-2850532965-casa-en-venta-lindavista-gustavo-a-madero-_JM,0.0,0,Gustavo A. Madero,0.83,casa,gustavo a. madero,43029.259896729774,19.5057393,-99.1480141,lindavista ii,6.353974952771635,0,6.906413995507988,0,7.396358427998668,0,3.687416913635111,5,8.517393171418904,0.0,2.3978952727983707,3.0,0.04974209189481407,7.2496344683501635,0,4.017943805365773,37,7.2551709795274295,0,6.520898519878087,9,0.1744186046511628,0.06001381635103018,0.8965749537370672,0.17067293160766214,0.3229318530836318,0.0,3045.9997173181214,8.021912686211868,60,4.110873864173311,19.099411343194316,482.22999999999996,0.0,0.1447674418604651,2.327277705584417,0.0,1.1786549963416462,10.4093234860922,33404.41928043346,66.27065035508278,0,15039101.82226905,-39.8435927109238
Departamento,,1750000,2.0,1.0,50.0,Nueva Industrial Vallejo,"Nueva Industrial Vallejo, Gustavo A. Madero, Distrito Federal",False,https://departamento.mercadolibre.com.mx/MLM-2821350063-acogedor-departamento-en-venta-en-el-corazon-de-vallejo-_JM,0.0,0,Gustavo A. Madero,0.83,departamento,gustavo a. madero,35000.0,19.5129933,-99.1522732,nueva industrial vallejo (fracc),7.245050642651753,0,6.77724520989271,0,7.572656549520161,0,6.791589618796667,0,8.517393171418904,0.0,2.3978952727983707,3.0,0.04974209189481407,7.732257889819053,0,5.223867029672516,28,7.301746197227453,0,6.079711394644601,17,0.1686046511627907,0.01046737366333476,0.6912170260813673,0.1568667042536276,0.4835961410434163,0.0,3953.5762769742746,8.282628738425434,81,4.406719247264253,11.795476898172977,41.5,0.0,0.13994186046511628,2.0794415416798357,0.0,1.6582280766035324,10.317053121620326,31810.760416482266,40.56485391776532,0,1681892.6585589857,-3.8918480823436754
Casa,,4600000,3.0,4.0,231.0,Panamericana,"Panamericana, Gustavo A. Madero, Distrito Federal",False,https://casa.mercadolibre.com.mx/MLM-4690054302-casa-en-venta-panamericana-gustavo-a-madero-_JM,0.0,0,Gustavo A. Madero,0.83,casa,gustavo a. madero,19913.41991341991,19.481292,-99.142124,panamericana,5.674561658110983,1,6.509134568348087,0,7.866446561711286,0,4.595682018665339,3,8.517393171418904,0.0,2.4849066497880004,3.0,0.04974209189481407,3.5316260220627487,52,4.187443563997802,47,6.570167884105195,3,5.334719932022867,26,0.6569767441860465,0.9357948553611696,0.8783514796396964,0.4104044997816239,0.7089116180230188,0.0,409.63704574365966,6.017709723952985,35,3.58351893845611,16.34021211499893,191.73,0.83,0.5452906976744185,2.545531271604435,0.5596157879354227,2.0149030205422647,10.339103949212086,31664.002941406143,56.3143838697162,1,6029151.185076027,31.068504023391895
Casa,Venta Casas Torres Lindavista T-df0213-0056,9490000,4.0,3.0,300.0,CARACAS,"CARACAS, Torres Lindavista, Gustavo A. Madero, Distrito Federal",False,https://casa.mercadolibre.com.mx/MLM-2765380135-venta-casas-torres-lindavista-t-df0213-0056-_JM,0.0,0,Gustavo A. Madero,0.83,casa,gustavo a. madero,31633.333333333332,19.5107745,-99.1436624,torres lindavista (fracc),7.139269676368792,0,7.396923010085979,0,6.9470372670943625,0,6.33443820084439,0,8.517393171418904,0.0,1.9459101490553132,3.0,0.04974209189481407,7.581744396441669,0,5.31894262592134,54,6.55994436442372,2,4.8437762212509226,17,0.3313953488372093,0.019799528692226207,0.6660864766993613,0.41414442956186925,0.8106547282042617,0.0,3151.1346100979376,8.05583515631523,71,4.276666119016055,17.121330794246624,249.0,0.0,0.27505813953488367,2.6741486494265287,0.4054651081081644,1.6582280766035324,10.434176884633969,35051.32191249507,59.548998002499964,0,10254819.80549803,8.059218182276396
Departamento,,1690000,2.0,1.0,55.0,El Coyol,"El Coyol, Gustavo A. Madero, Distrito Federal",False,https://departamento.mercadolibre.com.mx/MLM-2937241723-departamento-en-venta-en-gustavo-a-madero-_JM,0.0,0,Gustavo A. Madero,0.83,departamento,gustavo a. madero,30727.272727272728,19.4873951,-99.0910802,el coyol (u hab),7.25815848727462,0,5.787683300607936,1,8.129138020921287,0,7.018365955417359,0,8.517393171418904,0.0,1.9459101490553132,3.0,0.04974209189481407,5.618878138993581,48,2.838564042756528,18,7.105925312860391,0,5.008730491369504,41,0.5290697674418605,0.5774345972676752,0.9683299316129531,0.2181195230790923,0.7804710854525143,0.0,2413.184936670238,7.789117008777028,23,3.1780538303479458,12.076055072205449,45.65,0.0,0.4391279069767442,1.7047480922384253,0.0,2.4203681286504293,10.223266836050778,26207.966255064588,41.15224444333358,2,1809564.2046055435,7.074805006245179
Casa,,2500000,2.0,3.0,120.0,Norte 50 A 3839,"Norte 50 A 3839, Emiliano Zapata, Gustavo A. Madero, Distrito Federal",False,https://casa.mercadolibre.com.mx/MLM-5178509548-casa-en-venta-a-unos-metros-de-circuito-uso-de-suelo-mixto-ideal-para-invertir-_JM,0.0,0,Gustavo A. Madero,0.83,casa,gustavo a. madero,20833.333333333332,19.4876185,-99.0863827,la esmeralda i,7.5548141851949175,0,6.7079312194567144,0,8.25947315279233,0,7.085656750534228,0,8.517393171418904,0.0,1.791759469228055,3.0,0.04974209189481407,6.584109476337936,32,5.052269298354319,15,7.350686149363795,0,5.014005786090789,39,0.4069767441860465,0.23574303022863424,0.7328942511215308,0.14293992428548347,0.7794417053458959,0.0,2844.733675866541,7.953576195868585,31,3.4657359027997265,14.387371636790224,99.6,0.0,0.3377906976744186,1.55814461804655,0.0,2.3749057545736716,10.212467761981102,26126.392433719688,48.976856340120484,2,3060663.066063591,22.426522642543635
Casa,"Oportunidad Inmobiliaria En Guadalupe Tepeyac: Casa De Gran Metraje Con Potencial Residencial O Comercial, Ubicada En Zona De Alta Plusvalía Muy Cerca De La Villa Y Calzada De Guadalupe",17999996,8.0,9.0,504.0,Martha 64,"Martha 64, Guadalupe Tepeyac, Gustavo A. Madero, 07840 Ciudad De México, CDMX, Mexico, Guadalupe Tepeyac, Gustavo A. Madero, Distrito Federal",False,https://casa.mercadolibre.com.mx/MLM-2720558745-oportunidad-inmobiliaria-en-guadalupe-tepeyac-casa-de-gran-metraje-con-potencial-residencial-o-comercial-ubicada-en-zona-de-alta-plusvalia-muy-cerca-de-la-villa-y-calzada-de-guadalupe-_JM,0.0,0,Gustavo A. Madero,0.83,casa,gustavo a. madero,35714.27777777778,19.4682318,-99.1188878,guadalupe tepeyac,6.7196842026141095,0,6.429037874337018,0,8.017256883565116,0,5.39537901668879,3,8.517393171418904,0.0,2.0794415416798357,3.0,0.04974209189481407,6.1256388849050785,44,4.759500304766367,43,7.301033205510095,0,3.869239270357328,53,0.7209302325581395,0.40136913502566346,0.7934417059475921,0.15707408357525374,0.9248011404070108,0.0,1196.2270896173545,7.087763403201125,93,4.543294782270004,18.67367528782608,418.32,0.0,0.5983720930232558,2.463853240590168,0.0,2.6567569067146595,10.481574871422003,35995.801101329795,65.24317521799063,1,13797155.32430021,-23.349120053692175
Casa,Venta Casas San Juan De Aragon Vi Seccion T-df0238-0036,3200000,7.0,5.0,180.0,AV. 699,"AV. 699, San Juan De Aragón VI Sección, Gustavo A. Madero, Distrito Federal",False,https://casa.mercadolibre.com.mx/MLM-5118589302-venta-casas-san-juan-de-aragon-vi-seccion-t-df0238-0036-_JM,0.0,0,Gustavo A. Madero,0.83,casa,gustavo a. madero,17777.777777777777,19.4558726,-99.053896,c t m aragon ampliacion (u),6.923025738934102,0,7.058948824965909,0,9.036721027398846,0,8.10331509896818,0,8.517393171418904,0.0,0.0,3.0,0.04974209189481407,7.083160082376669,0,3.660163005242093,47,8.0953224394692,0,5.585049181212936,16,0.27325581395348836,0.09241582308561953,0.9270615153839488,0.016612207162858692,0.6425210875997263,0.0,4324.784303585613,8.372348744795037,9,2.302585092994046,15.595491093797477,149.4,0.0,0.22680232558139532,2.545531271604435,0.0,1.6094379124341003,10.244841704856942,29708.230236340692,53.257779188487135,2,4652102.621906084,45.37820693456512
Casa,"Residencia Familiar En Acueducto De Guadalupe: Privacidad Total En Calle Cerrada, Cercanía A Centros Comerciales De Élite Y Zona Escolar Ipn; ¡la Mejor Inversión Del Norte De Cdmx!",6199994,3.0,3.0,245.0,De La Arena 34,"De La Arena 34, Acueducto De Guadalupe, Gustavo A. Madero, 07270 Ciudad De México, CDMX, Mexico, Residencial Acueducto De Guadalupe, Gustavo A. Madero, Distrito Federal",False,https://casa.mercadolibre.com.mx/MLM-2720681381-residencia-familiar-en-acueducto-de-guadalupe-privacidad-total-en-calle-cerrada-cercania-a-centros-comerciales-de-elite-y-zona-escolar-ipn-la-mejor-inversion-del-norte-de-cdmx-_JM,0.0,0,Gustavo A. Madero,0.83,casa,gustavo a. madero,25306.097959183673,19.5208063,-99.1437298,acueducto de guadalupe (rdcial),7.741155441850899,0,7.600356884119019,0,6.669739217039883,0,7.387185604638487,0,8.517393171418904,0.0,1.791759469228055,3.0,0.04974209189481407,8.028472452643422,0,4.962812628585988,37,6.804049816514821,2,5.503891325215257,39,0.36046511627906974,0.0021720017987551642,0.7527735343081973,0.32445336178164413,0.6651496194708166,0.0,3841.3219198351644,8.25383212946831,42,3.7612001156935624,16.515994607797087,203.35,0.0,0.2991860465116279,2.327277705584417,0.4054651081081644,2.3749057545736716,10.154946122642725,24112.74290600679,55.906345134679064,0,6497045.748125527,4.791161864439338
Casa,,5000000,3.0,2.0,178.0,Salama,"Salama, Valle Del Tepeyac, Gustavo A. Madero, Distrito Federal",False,https://casa.mercadolibre.com.mx/MLM-2779185605-casa-en-venta-a-lado-de-lindavista-_JM,0.0,0,Gustavo A. Madero,0.83,casa,gustavo a. madero,28089.887640449437,19.4878322,-99.1433216,valle del tepeyac,5.404615790602704,1,6.430046242830015,0,7.769081878886493,0,4.722420505459994,4,8.517393171418904,0.0,2.302585092994046,3.0,0.04974209189481407,3.57459959556203,42,4.63753958775772,33,6.640668354146713,1,5.307879436200267,36,0.563953488372093,0.9329901245744892,0.8149897048467165,0.38452051058299475,0.7154315794467478,0.0,1027.2602792123098,6.935623603863201,46,3.8501476017100584,15.562157417522265,147.73999999999998,0.83,0.4680813953488372,2.224623551524334,0.22314355131420976,2.302585092994046,10.449646199517012,31591.361639311264,54.20634637143234,1,4804472.620927775,-3.910547581444494
Casa,,17650000,4.0,4.0,331.0,Caracas Sur,"Caracas Sur, Torres Lindavista, Gustavo A. Madero, Distrito Federal",False,https://casa.mercadolibre.com.mx/MLM-2811213953-casa-en-venta-en-fraccionamiento-torres-lindavista-gustavo-a-madero-cdmx-_JM,0.0,0,Gustavo A. Madero,0.83,casa,gustavo a. madero,53323.26283987916,19.5085363,-99.1444212,torres lindavista (fracc),6.912763096197191,0,7.2811739463414415,0,7.062796351646644,0,5.760946397638427,0,8.517393171418904,0.0,1.9459101490553132,3.0,0.04974209189481407,7.442920103626815,0,4.432267710993594,48,6.834766506312672,2,5.650198820097645,13,0.27325581395348836,0.03292709545831214,0.8468396392651445,0.31324674266511854,0.6235996786162666,0.0,3104.225503018594,8.04084161750134,61,4.127134385045092,17.415404906749465,274.72999999999996,0.0,0.22680232558139532,2.5649493574615367,0.4054651081081644,1.4469189829363254,10.409781941318585,31663.243089302003,60.43018916634388,0,9527772.005047642,-46.01828892324282
Casa,Máxima Amplitud Y Ubicación Premium En Gam: La Propiedad Que Buscabas Para Crecer,17999994,8.0,9.0,504.0,Martha 64,"Martha 64, Guadalupe Tepeyac, Gustavo A. Madero, 07840 Ciudad De México, CDMX, Mexico, Guadalupe Tepeyac, Gustavo A. Madero, Distrito Federal",False,https://casa.mercadolibre.com.mx/MLM-2722436067-maxima-amplitud-y-ubicacion-premium-en-gam-la-propiedad-que-buscabas-para-crecer-_JM,0.0,0,Gustavo A. Madero,0.83,casa,gustavo a. madero,35714.27380952381,19.4682318,-99.1188878,guadalupe tepeyac,6.7196842026141095,0,6.429037874337018,0,8.017256883565116,0,5.39537901668879,3,8.517393171418904,0.0,2.0794415416798357,3.0,0.04974209189481407,6.1256388849050785,44,4.759500304766367,43,7.301033205510095,0,3.869239270357328,53,0.7209302325581395,0.40136913502566346,0.7934417059475921,0.15707408357525374,0.9248011404070108,0.0,1196.2270896173545,7.087763403201125,93,4.543294782270004,18.67367528782608,418.32,0.0,0.5983720930232558,2.463853240590168,0.0,2.6567569067146595,10.481574871422003,35995.801101329795,65.24317521799063,1,14694175.599085947,-18.365663904743815
Casa,,5400000,8.0,5.0,263.0,Nte. 50,"Nte. 50, La Joyita, Ciudad De México, La Joyita, Gustavo A. Madero, Distrito Federal",False,https://casa.mercadolibre.com.mx/MLM-4827550000-casa-en-venta-cerca-de-la-basilica-la-joyita-gustavo-a-madero-_JM,0.0,0,Gustavo A. Madero,0.83,casa,gustavo a. madero,20532.31939163498,19.4668194,-99.1210265,guadalupe tepeyac,6.796866597408775,0,6.106779074124172,2,8.061821602172362,0,3.6940332532213325,4,8.517393171418904,0.0,2.1972245773362196,3.0,0.04974209189481407,5.706120781316243,48,2.8479551052665406,48,7.356439682922987,0,4.37601191424787,54,0.7790697674418605,0.549138481792401,0.968017675039145,0.14134340601688913,0.8773343548124324,0.0,1469.220028701289,7.293167347960572,94,4.553876891600541,16.72784730943895,218.29,0.0,0.6466279069767442,2.5649493574615367,0.0,2.6741486494265287,10.479077243635205,36669.22553041984,58.43080135844869,1,8231305.545867602,52.43158418273338
Casa,Venta Casas San Juan De Aragon V Seccion T-df0181-0241,4500000,3.0,2.0,100.0,CALLE 647,"CALLE 647, San Juan De Aragón V Sección, Gustavo A. Madero, Distrito Federal",False,https://casa.mercadolibre.com.mx/MLM-2894392759-venta-casas-san-juan-de-aragon-v-seccion-t-df0181-0241-_JM,0.0,0,Gustavo A. Madero,0.83,casa,gustavo a. madero,45000.0,19.4516205,-99.0620289,san juan de aragon 4a  y 5a seccion (u hab) i,6.953568398901294,0,7.310712304558205,0,8.98317215917656,0,7.894717538486331,0,8.517393171418904,0.0,0.0,3.0,0.04974209189481407,6.977880294710014,0,4.943520523013914,73,7.8935339631814,0,4.6713477058910575,27,0.4883720930232558,0.11726903492534718,0.7568983139525369,0.035132721972767914,0.8382803167414362,0.0,3545.793729845828,8.173799299670137,10,2.3978952727983707,13.84536155052378,83.0,0.0,0.4053488372093023,2.9575110607337933,0.0,2.0476928433652555,10.244841008303714,29846.754173603418,47.28117592919917,2,2966413.9395223097,-34.079690232837564
Casa,,6199995,3.0,3.0,245.0,De La Arena 34,"De La Arena 34, Acueducto De Guadalupe, Gustavo A. Madero, 07270 Ciudad De México, CDMX, Mexico, Residencial Acueducto De Guadalupe, Gustavo A. Madero, Distrito Federal",False,https://casa.mercadolibre.com.mx/MLM-2720729539-casa-en-venta-en-acueducto-de-guadalupe-ubicacion-estrategica-en-calle-privada-a-minutos-de-escuelas-ipn-y-centros-comerciales-seguridad-confort-y-plusvalia-en-la-gam-_JM,0.0,0,Gustavo A. Madero,0.83,casa,gustavo a. madero,25306.102040816328,19.5208063,-99.1437298,acueducto de guadalupe (rdcial),7.741155441850899,0,7.600356884119019,0,6.669739217039883,0,7.387185604638487,0,8.517393171418904,0.0,1.791759469228055,3.0,0.04974209189481407,8.028472452643422,0,4.962812628585988,37,6.804049816514821,2,5.503891325215257,39,0.36046511627906974,0.0021720017987551642,0.7527735343081973,0.32445336178164413,0.6651496194708166,0.0,3841.3219198351644,8.25383212946831,42,3.7612001156935624,16.515994607797087,203.35,0.0,0.2991860465116279,2.327277705584417,0.4054651081081644,2.3749057545736716,10.154946122642725,24204.54133238932,55.906345134679064,0,6113885.523166485,-1.3888636496241507
Casa,,15000000,7.0,3.0,371.0,Samuel,"Samuel, Guadalupe Tepeyac, Gustavo A. Madero, Distrito Federal",False,https://casa.mercadolibre.com.mx/MLM-4985158698-casa-en-venta-guadalupe-tepeyacgam-_JM,0.0,0,Gustavo A. Madero,0.83,casa,gustavo a. madero,40431.266846361184,19.5040707,-99.0943649,gabriel hernandez (ampl) i,7.7636989766093984,0,6.559367787903048,0,8.032589530029941,0,7.8928427820771985,0,8.517393171418904,0.0,1.0986122886681098,3.0,0.04974209189481407,6.482638975403407,33,4.287821244291806,66,7.917783604564963,0,5.362737040540233,34,0.6802325581395349,0.2710674739924514,0.8662208923923461,0.03235947264009756,0.7019826189193167,0.0,2605.0801377260973,7.865602508449931,32,3.4965075614664802,17.756681562819438,307.93,0.0,0.564593023255814,2.8622008809294686,0.0,2.2512917986064953,10.368739682917552,32618.749969798893,61.37146958577878,1,9294805.114859303,-38.034632567604646
Casa,,17999994,8.0,9.0,504.0,Martha 64,"Martha 64, Guadalupe Tepeyac, Gustavo A. Madero, 07840 Ciudad De México, CDMX, Mexico, Guadalupe Tepeyac, Gustavo A. Madero, Distrito Federal",False,https://casa.mercadolibre.com.mx/MLM-2732266653-preciosa-casa-grande-en-la-colonia-guadalupe-tepeyac-gustavo-a-madero-especial-para-invertir-en-airbnb-por-su-cercania-con-la-villa-_JM,0.0,0,Gustavo A. Madero,0.83,casa,gustavo a. madero,35714.27380952381,19.4682318,-99.1188878,guadalupe tepeyac,6.7196842026141095,0,6.429037874337018,0,8.017256883565116,0,5.39537901668879,3,8.517393171418904,0.0,2.0794415416798357,3.0,0.04974209189481407,6.1256388849050785,44,4.759500304766367,43,7.301033205510095,0,3.869239270357328,53,0.7209302325581395,0.40136913502566346,0.7934417059475921,0.15707408357525374,0.9248011404070108,0.0,1196.2270896173545,7.087763403201125,93,4.543294782270004,18.67367528782608,418.32,0.0,0.5983720930232558,2.463853240590168,0.0,2.6567569067146595,10.481574871422003,35974.14576630687,65.24317521799063,1,14987124.94854124,-16.7381669763821
Departamento,,1800000,3.0,1.0,68.0,Acueducto De Guadalupe,"Acueducto De Guadalupe, Gustavo A. Madero, Distrito Federal",False,https://departamento.mercadolibre.com.mx/MLM-5187042068-departamento-en-venta-en-acueducto-de-guadalupe-_JM,0.0,0,Gustavo A. Madero,0.83,departamento,gustavo a. madero,26470.58823529412,19.4889617,-99.1171639,santa isabel tola (pblo),6.617722967364068,0,5.355419449992465,5,6.797533642851436,0,4.6215617957496375,2,8.517393171418904,0.0,2.3978952727983707,3.0,0.04974209189481407,6.632233293636945,7,5.194307647685458,33,5.912959641419291,3,4.399065533958849,71,0.5697674418604651,0.21951131861774165,0.6987329780153586,0.6306534579499847,0.8746268110645422,0.0,814.7508162754261,6.704108936117032,79,4.382026634673881,12.702319513791778,56.44,0.0,0.472906976744186,2.224623551524334,0.5596157879354227,2.9311937524164198,10.361742280289441,30007.744625598552,43.87272038793397,1,2387271.7035205015,32.62620575113897
Casa,Oportunidad Para Inversionistas,17999997,8.0,9.0,504.0,Martha 64,"Martha 64, Guadalupe Tepeyac, Gustavo A. Madero, 07840 Ciudad De México, CDMX, Mexico, Guadalupe Tepeyac, Gustavo A. Madero, Distrito Federal",False,https://casa.mercadolibre.com.mx/MLM-2716410167-oportunidad-para-inversionistas-casa-en-guadalupe-tepeyac-gustavo-a-madero-_JM,0.0,0,Gustavo A. Madero,0.83,casa,gustavo a. madero,35714.27976190476,19.4682318,-99.1188878,guadalupe tepeyac,6.7196842026141095,0,6.429037874337018,0,8.017256883565116,0,5.39537901668879,3,8.517393171418904,0.0,2.0794415416798357,3.0,0.04974209189481407,6.1256388849050785,44,4.759500304766367,43,7.301033205510095,0,3.869239270357328,53,0.7209302325581395,0.40136913502566346,0.7934417059475921,0.15707408357525374,0.9248011404070108,0.0,1196.2270896173545,7.087763403201125,93,4.543294782270004,18.67367528782608,418.32,0.0,0.5983720930232558,2.463853240590168,0.0,2.6567569067146595,10.481574871422003,35974.14576630687,65.24317521799063,1,14987124.94854124,-16.73818085335658
Departamento,,3200000,3.0,2.0,108.0,San Bartolo Atepehuacan,"San Bartolo Atepehuacan, Gustavo A. Madero, Distrito Federal",False,https://departamento.mercadolibre.com.mx/MLM-2776055219-departamento-de-1083m-en-san-bartolo-atepehuacan-_JM,0.0,0,Gustavo A. Madero,0.83,departamento,gustavo a. madero,29629.62962962963,19.4933278,-99.1413426,san bartolo atepehuacan (pblo),6.3392306434454175,0,5.633329815297284,2,7.609460650519145,0,5.761294144538326,0,8.517393171418904,0.0,2.4849066497880004,3.0,0.04974209189481407,6.096285779912863,27,3.6350436085459963,31,6.854646259732818,1,4.973052081934054,35,0.45348837209302323,0.4121327983048999,0.9288509340417841,0.30602276540425316,0.7873267746128081,0.0,1535.1899940823173,7.337060600122146,42,3.7612001156935624,14.07404364668743,89.64,0.0,0.37639534883720926,2.169053700369523,0.22314355131420976,2.277267285009756,10.370179728619696,30001.91352955811,48.65012070819561,0,3596137.7523279856,12.37930476024955
Departamento,Venta Departamentos San Juan De Aragon Iv Seccion T-df0181-0217,1480000,2.0,1.0,60.0,C. NORTE 94 A,"C. NORTE 94 A, San Juan De Aragón IV Sección, Gustavo A. Madero, Distrito Federal",False,https://departamento.mercadolibre.com.mx/MLM-5205054370-venta-departamentos-san-juan-de-aragon-iv-seccion-t-df0181-0217-_JM,0.0,0,Gustavo A. Madero,0.83,departamento,gustavo a. madero,24666.666666666668,19.4856846,-99.0853431,la esmeralda iii,7.600355464362701,0,6.856820928474141,0,8.299678767573376,0,6.902906543929369,0,8.517393171418904,0.0,1.791759469228055,3.0,0.04974209189481407,6.807012327690152,16,5.760438814548739,15,7.320259502025191,0,4.173021375864387,39,0.313953488372093,0.1642557137783256,0.5310095711807383,0.1515264772452631,0.8989581513430419,0.0,2844.9071942494493,7.953637168929578,34,3.5553480614894135,12.332621592519935,49.8,0.0,0.2605813953488372,1.55814461804655,0.0,2.3749057545736716,10.183428841842996,27572.20297134104,41.862791473601064,2,1923300.6967642629,29.952749781369114
Casa,,2980000,2.0,1.0,120.0,San Felipe De Jesús,"San Felipe De Jesús, Gustavo A. Madero, Distrito Federal",False,https://casa.mercadolibre.com.mx/MLM-2738995923-casa-en-venta-san-felipe-de-jesus-gustavo-a-madero-_JM,0.0,0,Gustavo A. Madero,0.83,casa,gustavo a. madero,24833.333333333332,19.5015185,-99.0734791,san felipe de jesus iii,8.022088970704772,0,7.277289030068189,0,8.549379607993883,0,6.974653354281575,0,8.517393171418904,0.0,0.0,3.0,0.04974209189481407,7.243881460035594,0,3.173312456069469,14,8.189109163805291,0,4.786028705596012,23,0.12209302325581395,0.060990863052821996,0.9552588264906702,0.011101882680892995,0.8203362680151541,0.0,4686.409255576326,8.452635311280899,9,2.302585092994046,14.387371636790224,99.6,0.0,0.10133720930232558,1.5040773967762742,0.0,1.9095425048844386,10.335988882302491,29991.75994671389,49.56923776113931,2,3001875.1792219314,0.734066416843335
Casa,Venta Casas Vallejo T-df0236-0026,4200000,2.0,1.0,190.0,BORODIN,"BORODIN, Vallejo, Gustavo A. Madero, Distrito Federal",False,https://casa.mercadolibre.com.mx/MLM-4754239394-venta-casas-vallejo-t-df0236-0026-_JM,0.0,0,Gustavo A. Madero,0.83,casa,gustavo a. madero,22105.263157894737,19.4682311,-99.133367,vallejo i,5.90711653688192,1,6.385319156137368,1,8.080229913249369,0,5.428204784663849,2,8.517393171418904,0.0,2.70805020110221,3.0,0.04974209189481407,5.637161766655201,65,5.432069024165991,71,7.056137344649646,0,5.155773284135614,31,0.8837209302325582,0.5715919087866139,0.634293460109358,0.23487660476744332,0.7502242560054717,0.0,1382.8135639788263,7.232598418995878,58,4.07753744390572,15.75682028413989,157.7,0.83,0.7334883720930232,2.9311937524164198,0.0,2.169053700369523,10.265050657968855,30732.681478279075,53.914852808402394,1,5574686.846509993,32.73063920261888
Casa,,4050000,2.0,1.0,200.0,San Felipe De Jesús,"San Felipe De Jesús, Gustavo A. Madero, Distrito Federal",False,https://casa.mercadolibre.com.mx/MLM-2937241909-casa-en-venta-san-felipe-de-jesus-gustavo-a-madero-_JM,0.0,0,Gustavo A. Madero,0.83,casa,gustavo a. madero,20250.0,19.5015185,-99.0734791,san felipe de jesus iii,8.022088970704772,0,7.277289030068189,0,8.549379607993883,0,6.974653354281575,0,8.517393171418904,0.0,0.0,3.0,0.04974209189481407,7.243881460035594,0,3.173312456069469,14,8.189109163805291,0,4.786028705596012,23,0.12209302325581395,0.060990863052821996,0.9552588264906702,0.011101882680892995,0.8203362680151541,0.0,4686.409255576326,8.452635311280899,9,2.302585092994046,15.909914724177227,166.0,0.0,0.10133720930232558,1.5040773967762742,0.0,1.9095425048844386,10.335988882302491,29594.957899530767,54.814900569158844,2,4054757.8743117745,0.11747837806850626
Departamento,Venta Departamentos Tepeyac Insurgentes T-df0215-0085,2890000,2.0,2.0,68.0,OTE 107,"OTE 107, Tepeyac Insurgentes, Gustavo A. Madero, Distrito Federal",False,https://departamento.mercadolibre.com.mx/MLM-4672134374-venta-departamentos-tepeyac-insurgentes-t-df0215-0085-_JM,0.0,0,Gustavo A. Madero,0.83,departamento,gustavo a. madero,42500.0,19.5006923,-99.094593,santiago atzacoalco (pblo),7.607694327424611,0,6.417021656875067,0,7.9934825559800045,0,7.7528855596845165,0,8.517393171418904,0.0,1.0986122886681098,3.0,0.04974209189481407,6.287333306149566,41,4.715285463664474,43,7.778957718038479,0,5.703033194279736,38,0.6162790697674418,0.34183231297984634,0.8014911474564224,0.05049008148269364,0.6077699541704025,0.0,2483.2007428663364,7.8177062541464934,31,3.4657359027997265,12.702319513791778,56.44,0.0,0.5115116279069767,2.463853240590168,0.0,2.3513752571634776,10.454853350691474,34890.28138841466,44.266962576773224,2,2512953.053750263,-13.046607136669097
Casa,,4000000,5.0,3.0,244.0,PTO ALVARADO 38,"PTO ALVARADO 38, Ampliación Casas Alemán, Gustavo A. Madero, Distrito Federal",False,https://casa.mercadolibre.com.mx/MLM-2798045775-casa-en-venta-con-tres-departamentos-en-casa-aleman-gustavo-a-madero-cdmx-_JM,0.0,0,Gustavo A. Madero,0.83,casa,gustavo a. madero,16393.44262295082,19.4757601,-99.0812654,casas aleman (ampl) i,7.7514771348160485,0,6.017636252769227,2,8.481126542782459,0,5.44687250333814,6,8.517393171418904,0.0,1.3862943611198906,3.0,0.04974209189481407,7.191532728443512,0,5.6907435120480665,12,7.185786386115994,0,4.649285230009935,42,0.22093023255813954,0.07034984910320718,0.554201241805621,0.19216342579452084,0.8415439009842672,0.0,2383.992041952185,7.776951066609196,37,3.6375861597263857,16.503774631634183,202.51999999999998,0.0,0.1833720930232558,1.3862943611198906,0.0,2.4423470353692043,10.154670415105095,27219.09454340829,55.86346399647254,2,4610886.221325441,15.272155533136031
Departamento,Departamento Nuevo En Complejo Residencial De Lindavista,4190000,2.0,2.0,84.0,CIENFUEGOS,"CIENFUEGOS, Residencial Zacatenco, Gustavo A. Madero, Distrito Federal",False,https://departamento.mercadolibre.com.mx/MLM-2945579445-departamento-nuevo-en-complejo-residencial-de-lindavista-_JM,0.0,0,Gustavo A. Madero,0.83,departamento,gustavo a. madero,49880.95238095238,19.4915013,-99.1308691,lindavista i,6.362728558801043,0,5.405268494012679,2,6.912073005470728,0,6.360752397973334,0,8.517393171418904,0.0,2.4849066497880004,3.0,0.04974209189481407,7.2451631074866905,0,5.551072896120145,26,6.338736588841187,4,3.690199088735789,72,0.5,0.060772318402355564,0.5986803956944592,0.4934415664702464,0.9369849734785363,0.0,1470.6241194855427,7.294121913070172,70,4.2626798770413155,13.32795376947095,69.72,0.0,0.415,2.0149030205422647,0.6931471805599453,2.9444389791664403,10.64356742498133,44784.149777686376,47.28565819413271,1,3645181.4998479327,-13.00282816592046
Departamento,,1942500,2.0,1.0,50.0,Vallejo,"Vallejo, Gustavo A. Madero, Distrito Federal",False,https://departamento.mercadolibre.com.mx/MLM-5042655326-departamento-nuevo-en-venta-en-vallejo-_JM,0.0,0,Gustavo A. Madero,0.83,departamento,gustavo a. madero,38850.0,19.5049574,-99.1536746,la patera-condomodulos (u hab),6.503311877357102,0,6.001871605675147,2,7.702687280344473,0,5.5947266124633765,1,8.517393171418904,0.0,2.302585092994046,3.0,0.04974209189481407,7.31772539685809,0,4.5876436881597105,27,7.568753081625403,0,5.570851494073683,9,0.11627906976744186,0.0492155564358942,0.8232254001375913,0.08895231863638041,0.6465555938225895,0.0,3211.454703092182,8.074790628899299,52,3.970291913552122,11.795476898172977,41.5,0.0,0.09651162790697673,2.0476928433652555,0.0,1.1786549963416462,10.380206377642889,30640.11179843851,40.813161508584834,0,1833677.2322338163,-5.602201686804824
Departamento,,6499000,3.0,3.0,225.0,Lindavista,"Lindavista, Mexico City, Lindavista, Gustavo A. Madero, Distrito Federal",False,https://departamento.mercadolibre.com.mx/MLM-2448713893-bonito-penthouse-en-venta-en-lindavista-gustavo-a-madero-_JM,0.0,0,Gustavo A. Madero,0.83,departamento,gustavo a. madero,28884.444444444445,19.4880621,-99.1350725,lindavista i,1.8919185848989946,1,5.902386874505643,1,7.361551665676381,0,6.637218982232559,0,8.517393171418904,0.0,2.302585092994046,3.0,0.04974209189481407,6.756265931874039,21,4.714718403403687,37,5.239877456790106,5,4.5032082309500145,40,0.5116279069767442,0.1796303635690469,0.8015926050957036,0.7909197822215368,0.8617035433709916,0.0,996.6014183676193,6.905353816144707,50,3.9318256327243257,16.26160499781686,186.75,0.83,0.42465116279069764,2.327277705584417,0.8109302162163288,2.3978952727983707,10.50386962146602,37746.028714202606,56.9365929109495,1,7733965.776421608,19.002396929090757
Casa,Venta Casa 3 Ambientes San Felipe De Jesús,2900000,3.0,1.0,200.0,TALPA,"TALPA, 117, San Felipe De Jesús, Gustavo A. Madero, Distrito Federal",False,https://casa.mercadolibre.com.mx/MLM-4955491822-venta-casa-3-ambientes-san-felipe-de-jesus-_JM,0.0,0,Gustavo A. Madero,0.83,casa,gustavo a. madero,14500.0,19.497574,-99.0757547,san felipe de jesus iii,8.039923911376956,0,7.246428842481099,0,8.494245430058243,0,7.001331544812317,0,8.517393171418904,0.0,0.0,3.0,0.04974209189481407,7.20552632290861,0,4.81900894101111,17,8.046984900993834,0,4.421113232657061,35,0.20930232558139536,0.06776518139954084,0.7821688900357824,0.020157061122042266,0.8719864414905175,0.0,4376.564232125871,8.384247737296416,15,2.772588722239781,15.909914724177227,166.0,0.0,0.17372093023255814,1.6582280766035324,0.0,2.277267285009756,10.260688100743586,30852.871057825003,54.415557564736815,2,4587458.135693813,58.188211575648715
Casa,,10300000,4.0,3.0,240.0,Managua,"Managua, Lindavista Norte, Gustavo A. Madero, Distrito Federal",False,https://casa.mercadolibre.com.mx/MLM-5041711690-casa-en-venta-en-lindavista-_JM,0.0,0,Gustavo A. Madero,0.83,casa,gustavo a. madero,42916.666666666664,19.4921656,-99.1321048,lindavista i,6.304273220645599,0,5.304914908797809,2,6.999434703897281,0,6.0726429746366986,0,8.517393171418904,0.0,2.4849066497880004,3.0,0.04974209189481407,7.175062589499184,0,4.889625809639734,23,6.368315911183269,4,4.534054554930125,67,0.45348837209302323,0.07346958734986354,0.7681212606515434,0.48306994881122167,0.8576501338402143,0.0,1538.5870638205665,7.339269519075361,71,4.276666119016055,16.454390800471963,199.2,0.0,0.37639534883720926,1.9095425048844386,0.6931471805599453,2.8763855159214247,10.350437771390013,30473.68213672843,56.77004934880579,0,7394718.834437427,-28.206613257889057
Casa,,8650000,3.0,4.0,247.0,Norte 26,"Norte 26, Industrial, Gustavo A. Madero, Distrito Federal",False,https://casa.mercadolibre.com.mx/MLM-5030642940-casa-en-venta-colonia-industrial-_JM,0.0,0,Gustavo A. Madero,0.83,casa,gustavo a. madero,35020.24291497975,19.5339758,-99.1471334,aidee solis cardenas-matias romero (u hab),8.213891524186703,0,7.740815809952847,0,6.784106112541292,0,8.021877505781319,0,8.517393171418904,0.0,1.791759469228055,3.0,0.04974209189481407,8.416052495308053,0,5.4949750248826605,24,6.805438207809705,2,6.327742596120552,24,0.19767441860465115,0.00011903909138952183,0.6157397484439803,0.3239457904796868,0.39396805860738704,0.0,5181.971212105124,8.55313376388239,19,2.995732273553991,16.540286238494947,205.01,0.0,0.16406976744186044,1.9459101490553132,0.4054651081081644,1.9459101490553132,10.193166620569587,26922.97049629663,56.199297860297726,0,6092846.89598975,-29.562463630176307
Casa,Venta Casas Villa De Aragon T-df0238-0046,5500000,4.0,2.0,289.0,VILLA QUETZALCOATL,"VILLA QUETZALCOATL, Villa De Aragón, Gustavo A. Madero, Distrito Federal",False,https://casa.mercadolibre.com.mx/MLM-5208373596-venta-casas-villa-de-aragon-t-df0238-0046-_JM,0.0,0,Gustavo A. Madero,0.83,casa,gustavo a. madero,19031.14186851211,19.468822,-99.0596211,villa de aragon (fracc),6.540556653123604,0,5.720673177372793,3,8.882435275559793,0,7.549057540604271,0,8.517393171418904,0.0,1.6094379124341003,3.0,0.04974209189481407,6.625100585153712,6,4.098098297435555,36,7.864100159798836,0,5.377815242309148,17,0.25,0.22189298660641915,0.8882950792672057,0.0387176467161971,0.6982013483213757,0.0,3881.6472379361594,8.26427247779022,14,2.70805020110221,17.00964276894156,239.86999999999998,0.0,0.2075,2.302585092994046,0.0,1.6582280766035324,10.19511023146691,27520.656623186253,57.80506100907774,2,5895393.282132382,7.188968766043301
Casa,,8250000,5.0,4.0,284.0,Norte 80 A 6651,"Norte 80 A 6651, San Pedro El Chico, Gustavo A. Madero, Distrito Federal",False,https://casa.mercadolibre.com.mx/MLM-2798123071-casa-a-la-venta-san-pedro-el-chico-gustavo-a-madero-cdmx-_JM,0.0,0,Gustavo A. Madero,0.83,casa,gustavo a. madero,29049.295774647886,19.5129933,-99.1522732,nueva industrial vallejo (fracc),7.245050642651753,0,6.77724520989271,0,7.572656549520161,0,6.791589618796667,0,8.517393171418904,0.0,2.3978952727983707,3.0,0.04974209189481407,7.732257889819053,0,5.223867029672516,28,7.301746197227453,0,6.079711394644601,17,0.1686046511627907,0.01046737366333476,0.6912170260813673,0.1568667042536276,0.4835961410434163,0.0,3953.5762769742746,8.282628738425434,81,4.406719247264253,16.95746754080595,235.72,0.0,0.13994186046511628,2.0794415416798357,0.0,1.6582280766035324,10.317053121620326,31810.760416482266,58.317031142215804,0,7732930.484756266,-6.267509275681626
Departamento,,2350000,2.0,1.0,50.0,Guadalupe Insurgentes,"Guadalupe Insurgentes, Gustavo A. Madero, Distrito Federal",False,https://departamento.mercadolibre.com.mx/MLM-2686984377-departamento-en-venta-guadalupe-insurgentes-gustavo-a-madero-_JM,0.0,0,Gustavo A. Madero,0.83,departamento,gustavo a. madero,47000.0,19.4746604,-99.1322337,guadalupe insurgentes,5.642199379607365,1,5.3993418944283,1,7.835104872784374,0,6.25198709150985,0,8.517393171418904,0.0,2.4849066497880004,3.0,0.04974209189481407,6.419276613616037,39,4.353667418616097,56,6.7903814601865795,1,5.726314619072996,28,0.6337209302325582,0.2937229724349018,0.8576782403098819,0.3294548732818973,0.6006593631270796,0.0,870.2644891737912,6.769945592265049,49,3.912023005428146,11.795476898172977,41.5,0.83,0.5259883720930233,2.70805020110221,0.22314355131420976,2.0794415416798357,10.38755208768875,31446.636670958836,40.84204355963371,1,1771317.5643463826,-24.62478449589861
Casa,,5200000,4.0,3.0,268.0,De La Playa 51,"De La Playa 51, Acueducto De Guadalupe, Gustavo A. Madero, 07790 Ciudad De México, CDMX, Mexico, Acueducto De Guadalupe, Gustavo A. Madero, Distrito Federal",False,https://casa.mercadolibre.com.mx/MLM-2720728657-casa-en-venta-col-acueducto-de-guadalupe-gustavo-a-madero-ciudad-de-mexico-_JM,0.0,0,Gustavo A. Madero,0.83,casa,gustavo a. madero,19402.985074626864,19.5261919,-99.1553286,acueducto de guadalupe (rdcial),7.9711939457316365,0,7.039400279171983,0,7.333642598747993,0,7.769052290952063,0,8.517393171418904,0.0,1.3862943611198906,3.0,0.04974209189481407,8.236166830412984,0,4.600394158575224,26,7.659050587522612,0,4.6111456027230835,33,0.25,0.0005271189494389661,0.8211519791910518,0.07076222598487637,0.8470471793311645,0.0,5142.558858123221,8.545500503710281,39,3.6888794541139363,16.784134138805516,222.44,0.0,0.2075,2.0149030205422647,0.0,2.224623551524334,10.061973271754981,23785.7635518467,56.29383636473714,0,5320044.510538267,2.308548279582057
Departamento,Departamentos Nuevos En Gam Preventa Con Gran Plusvalía Y Facilidades De Pago,1958905,2.0,1.0,45.0,Union 134,"Union 134, Industrial, Gustavo A. Madero, Distrito Federal",False,https://departamento.mercadolibre.com.mx/MLM-2691693963-departamentos-nuevos-en-gam-preventa-con-gran-plusvalia-y-facilidades-de-pago-_JM,0.0,0,Gustavo A. Madero,0.83,departamento,gustavo a. madero,43531.22222222222,19.4634243,-99.1124864,tablas de san agustin,4.975773660110356,1,6.664573921520385,0,8.213259411679102,0,3.94367015987755,4,8.517393171418904,0.0,1.9459101490553132,3.0,0.04974209189481407,6.439004598034882,38,4.852958028247471,38,7.117714995867949,0,5.017472815011847,37,0.5697674418604651,0.28662883244447185,0.7755075057037363,0.2142127806808421,0.778762956961586,0.0,1307.2044938237088,7.176410860641002,81,4.406719247264253,11.485924189467285,37.35,0.83,0.472906976744186,2.3513752571634776,0.0,2.327277705584417,10.28531166750134,26426.874780827337,39.37877002598791,1,1637801.949196616,-16.391966471236945
Departamento,,4800000,2.0,2.0,92.0,Torres Lindavista,"Torres Lindavista, Gustavo A. Madero, Distrito Federal",False,https://departamento.mercadolibre.com.mx/MLM-2937316047-departamento-torres-lindavista-gustavo-a-madero-_JM,0.0,0,Gustavo A. Madero,0.83,departamento,gustavo a. madero,52173.913043478264,19.506314,-99.1445042,lindavista ii,6.679769486264925,0,7.223941639777131,0,7.1472128030593325,0,4.678778369103367,7,8.517393171418904,0.0,2.302585092994046,3.0,0.04974209189481407,7.287560775184536,0,5.207770810799338,50,7.024704089587906,0,6.269422731361549,12,0.26744186046511625,0.05382590649371316,0.6953272207723313,0.24565495239178914,0.415355435526639,0.0,3009.414085044649,8.009832918063342,58,4.07753744390572,13.597798479459769,76.36,0.0,0.2219767441860465,2.6026896854443837,0.0,1.3862943611198906,10.403905139914237,32781.37485539022,47.15673516398983,0,3761601.6306841164,-21.633299360747575
Casa,,5200000,2.0,2.0,152.0,Avenida 604,"Avenida 604, San Juan De Aragón 3a Secc., Gustavo A. Madero, Distrito Federal",False,https://casa.mercadolibre.com.mx/MLM-5058024656-casa-en-venta-colonia-san-juan-de-aragon-tercera-seccion-cdmx-_JM,0.0,0,Gustavo A. Madero,0.83,casa,gustavo a. madero,34210.52631578947,19.4513954,-99.0780863,san juan de aragon 3a seccion (u hab) i,4.932431756045031,1,7.457972763661459,0,8.81398914247543,0,7.041218809487762,0,8.517393171418904,0.0,0.0,3.0,0.04974209189481407,6.150837178265548,36,4.092575359507846,50,7.335325282964999,0,6.173450655472175,14,0.4941860465116279,0.3921072411739144,0.8888845798220937,0.14724488982980588,0.4501992485784492,0.0,1946.0580618650229,7.574074826121714,7,2.0794415416798357,15.091313764177306,126.16,0.83,0.41017441860465115,2.6026896854443837,0.0,1.5040773967762742,10.386267370469609,34614.17094436962,52.247473242131214,2,4866355.642019912,-6.416237653463237
Casa,Casa En Lindavista - Zona Cerrada A Transito Local.,8900000,3.0,3.0,330.0,Lindavista Norte,"Lindavista Norte, Gustavo A. Madero, Distrito Federal",False,https://casa.mercadolibre.com.mx/MLM-2869693377-casa-en-lindavista-zona-cerrada-a-transito-local-_JM,0.0,0,Gustavo A. Madero,0.83,casa,gustavo a. madero,26969.696969696968,19.5057393,-99.1480141,lindavista ii,6.353974952771635,0,6.906413995507988,0,7.396358427998668,0,3.687416913635111,5,8.517393171418904,0.0,2.3978952727983707,3.0,0.04974209189481407,7.2496344683501635,0,4.017943805365773,37,7.2551709795274295,0,6.520898519878087,9,0.1744186046511628,0.06001381635103018,0.8965749537370672,0.17067293160766214,0.3229318530836318,0.0,3045.9997173181214,8.021912686211868,60,4.110873864173311,17.40635512613119,273.9,0.0,0.1447674418604651,2.327277705584417,0.0,1.1786549963416462,10.4093234860922,33940.64613966151,60.39612707389958,0,11264664.257789774,26.569261323480603
Casa,,6000000,4.0,2.0,210.0,Tepeyac Insurgentes,"Tepeyac Insurgentes, Gustavo A. Madero, Distrito Federal",False,https://casa.mercadolibre.com.mx/MLM-5357496760-casa-en-venta-en-gustavo-a-madero-_JM,0.0,0,Gustavo A. Madero,0.83,casa,gustavo a. madero,28571.428571428572,19.4807706,-99.1197036,tepeyac insurgentes,5.1767856233504075,1,5.6134892433027925,3,7.406507089914544,0,4.766239050705795,8,8.517393171418904,0.0,2.6390573296152584,3.0,0.04974209189481407,4.525807239532779,29,5.109190476016256,27,6.145140587710877,4,3.9041147363768625,72,0.6802325581395349,0.8329839358818352,0.7195907797309528,0.5588878085997093,0.922184245229411,0.0,1201.988349358411,7.092564031271432,91,4.5217885770490405,16.0555744004282,174.29999999999998,0.83,0.564593023255814,2.0476928433652555,0.6931471805599453,2.9444389791664403,10.471767271017976,37796.560765015376,56.043412841266026,1,6710880.653657642,11.848010894294037
Casa,,5790000,3.0,2.0,166.0,San Pedro El Chico,"San Pedro El Chico, Gustavo A. Madero, Distrito Federal",False,https://casa.mercadolibre.com.mx/MLM-5193033344-casa-en-venta-san-pedro-el-chico-gustavo-a-madero-_JM,0.0,0,Gustavo A. Madero,0.83,casa,gustavo a. madero,34879.51807228916,19.4744209,-99.0961758,dm nacional,7.125469803971415,0,5.878204466729735,3,8.186799079136765,0,5.913356870897144,0,8.517393171418904,0.0,1.791759469228055,3.0,0.04974209189481407,5.778659303005416,46,4.603949023888113,34,6.051752984138424,1,4.931572737083773,28,0.5406976744186046,0.5248457670629951,0.8205701162050058,0.5887100851636896,0.7950670219017039,0.0,1452.2363803226708,7.281548334662554,30,3.4339872044851463,15.353981437250265,137.78,0.0,0.4487790697674418,2.2512917986064953,0.22314355131420976,2.0794415416798357,10.21469384057676,27899.316366421586,52.2787398718034,2,4578559.584910629,-20.922977808106573
Departamento,Venta Departamentos Nueva Industrial Vallejo T-df0257-0005,2200000,2.0,1.0,51.0,MARGARITA MAZA DE JUAREZ,"MARGARITA MAZA DE JUAREZ, Nueva Industrial Vallejo, Gustavo A. Madero, Distrito Federal",False,https://departamento.mercadolibre.com.mx/MLM-2800904841-venta-departamentos-nueva-industrial-vallejo-t-df0257-0005-_JM,0.0,0,Gustavo A. Madero,0.83,departamento,gustavo a. madero,43137.25490196078,19.507229,-99.1549939,nueva industrial vallejo (fracc),6.852899863525963,0,6.135561111133486,2,7.731046547645072,0,6.22015207740129,0,8.517393171418904,0.0,2.1972245773362196,3.0,0.04974209189481407,7.492049306272855,0,4.441912113543143,28,7.56836161900013,0,3.269674614611044,10,0.12790697674418605,0.027724232287523666,0.8454600244517877,0.08903664163676937,0.9587055411884364,0.0,3498.3970332836407,8.16034595643158,56,4.04305126783455,11.853731155744283,42.33,0.0,0.10616279069767441,2.0794415416798357,0.0,1.252762968495368,10.415232529021807,33034.42841802087,41.15312210786237,0,1666854.6125494863,-24.23388124775062
Casa,,5298000,5.0,2.0,241.0,San Juan De Aragón VI Sección,"San Juan De Aragón VI Sección, Gustavo A. Madero, Distrito Federal",False,https://casa.mercadolibre.com.mx/MLM-5357408188-casa-en-venta-san-juan-de-aragon-gustavo-a-madero-_JM,0.0,0,Gustavo A. Madero,0.83,casa,gustavo a. madero,21983.402489626555,19.4726553,-99.0872594,el olivo,7.690341593045449,0,5.330352894762376,2,8.402060179541309,0,5.398657908737819,5,8.517393171418904,0.0,1.3862943611198906,3.0,0.04974209189481407,7.141460370251681,0,4.909998421170687,30,6.918892068754222,0,4.071764679765349,39,0.3081395348837209,0.08009484574592488,0.7639305473832456,0.28287539084604363,0.9083725866305153,0.0,1754.668973948437,7.4706052450056655,30,3.4339872044851463,16.466813178470062,200.03,0.0,0.25575581395348834,2.1400661634962708,0.0,2.3749057545736716,10.1708947655046,27137.72210572221,55.82740798714777,2,5497408.003001356,3.7638354662392524
Casa,,3580000,5.0,2.0,192.0,Puerto Papantla,"Puerto Papantla, Casas Alemán Amp, Gustavo A. Madero, Distrito Federal",False,https://casa.mercadolibre.com.mx/MLM-5030453452-casa-en-venta-colonia-fernando-casas-aleman-_JM,0.0,0,Gustavo A. Madero,0.83,casa,gustavo a. madero,18645.833333333332,19.4772684,-99.0823275,casas aleman (ampl) i,7.811571880753404,0,6.151064111031828,1,8.444424352884555,0,5.9193706168368765,0,8.517393171418904,0.0,1.3862943611198906,3.0,0.04974209189481407,7.331562128579513,0,5.94964449403452,13,7.291279260254389,0,4.597170650776733,43,0.23255813953488372,0.04719190274369082,0.4652251144642137,0.15992370374318104,0.8490204017296162,0.0,2456.8559452276813,7.807044681910456,35,3.58351893845611,15.788070566714657,159.35999999999999,0.0,0.19302325581395346,1.4469189829363254,0.0,2.463853240590168,10.161021085652242,26936.481204484055,53.47430597671772,2,4654918.960860078,30.02566929776755
Casa,,5100000,3.0,1.0,160.0,CALLE 631 38,"CALLE 631 38, San Juan De Aragón IV Sección, Gustavo A. Madero, Distrito Federal",False,https://casa.mercadolibre.com.mx/MLM-5119626508-casa-en-venta-en-san-juan-de-aragon-iv-y-v-seccion-gustavo-a-madero-cdmx-_JM,0.0,0,Gustavo A. Madero,0.83,casa,gustavo a. madero,31875.0,19.4524145,-99.0649245,san juan de aragon 4a  y 5a seccion (u hab) i,6.657686114203409,0,7.311086887148368,0,8.945610538687315,0,7.791808580108149,0,8.517393171418904,0.0,0.0,3.0,0.04974209189481407,6.747135277054923,11,4.8120524875270405,70,7.77299277040084,0,3.8354326648570796,31,0.5581395348837209,0.18245873450138766,0.7835130489386013,0.051395084383518336,0.9272589264107131,0.0,3230.082120341377,8.080572381886954,11,2.4849066497880004,15.24421309495339,132.79999999999998,0.0,0.46325581395348836,2.917770732084279,0.0,2.169053700369523,10.244841342365273,29677.73368807037,52.05818151566819,2,4039516.8420335674,-20.79378741110652
Casa,Venta Casas San Juan De Aragon Vi Seccion T-df0238-0045,4444000,6.0,2.0,217.0,C. 1501,"C. 1501, San Juan De Aragón VI Sección, Gustavo A. Madero, Distrito Federal",False,https://casa.mercadolibre.com.mx/MLM-5208373598-venta-casas-san-juan-de-aragon-vi-seccion-t-df0238-0045-_JM,0.0,0,Gustavo A. Madero,0.83,casa,gustavo a. madero,20479.26267281106,19.4697938,-99.0707373,san juan de aragon 6a seccion (u hab) i,7.173525614654723,0,5.017062526446141,4,8.71727847811012,0,6.899809907443883,0,8.517393171418904,0.0,1.791759469228055,3.0,0.04974209189481407,6.092070786445698,42,4.195717009948339,41,7.326038879411696,0,5.621358566636203,29,0.5581395348837209,0.4136757206931523,0.8773909105369444,0.14987714144073305,0.6320580190355574,0.0,2831.747672607441,7.949002428658517,25,3.258096538021482,16.153485188367267,180.10999999999999,0.0,0.46325581395348836,2.4203681286504293,0.0,2.1102132003465894,10.247057278911411,27388.000983937556,55.17522932641549,2,5141186.477175345,15.688264562901546
Casa,,5500000,4.0,4.0,330.0,Norte 5 A 4722,"Norte 5 A 4722, Defensores De La República, Gustavo A. Madero, Distrito Federal",False,https://casa.mercadolibre.com.mx/MLM-2691667049-casa-en-venta-en-colonia-panamericana-gam-_JM,0.0,0,Gustavo A. Madero,0.83,casa,gustavo a. madero,16666.666666666668,19.4816342,-99.1427801,panamericana,5.891900133435762,1,6.4227185854592586,0,7.8791236082433675,0,5.141509082749249,2,8.517393171418904,0.0,2.302585092994046,3.0,0.04974209189481407,4.304262511628364,51,4.533528693507417,47,6.6571919114034,3,5.552991219565691,27,0.6569767441860465,0.8641324521646109,0.8317919649216273,0.37843812473553956,0.6515853168864496,0.0,488.1039669389437,6.19257507820337,39,3.6888794541139363,17.40635512613119,273.9,0.83,0.5452906976744185,2.545531271604435,0.5596157879354227,2.0476928433652555,10.339097922379418,31934.565711968913,59.98867004026044,1,8921771.287427943,62.214023407780786
Casa,,6500000,7.0,6.0,366.0,De La Ribera 50,"De La Ribera 50, Acueducto De Guadalupe, Gustavo A. Madero, Distrito Federal",False,https://casa.mercadolibre.com.mx/MLM-2798088953-casa-en-venta-en-residencial-acueducto-de-guadalupe-cdmx-_JM,0.0,0,Gustavo A. Madero,0.83,casa,gustavo a. madero,17759.562841530056,19.5268202,-99.1564514,acueducto de guadalupe (rdcial),8.003662880483743,0,6.9645974701004025,0,7.405124204432222,0,7.812142755179161,0,8.517393171418904,0.0,1.3862943611198906,3.0,0.04974209189481407,8.261573212236707,0,4.848530788675722,27,7.67694616537923,0,5.253832647277077,32,0.25,0.0004340450846199298,0.7763858134745687,0.06745636528382078,0.7282117517555106,0.0,5277.525562821346,8.57140208823726,37,3.6375861597263857,17.71608554416371,303.78,0.0,0.2075,2.0476928433652555,0.0,2.1972245773362196,10.061967239075289,24579.957468096833,59.419557450010196,0,8752014.404132754,34.64637544819621
Departamento,,1800000,2.0,1.0,57.0,San Pedro El Chico,"San Pedro El Chico, Gustavo A. Madero, Distrito Federal",False,https://departamento.mercadolibre.com.mx/MLM-2897178179-departamento-en-venta-san-pedro-el-chico-gustavo-a-madero-_JM,0.0,0,Gustavo A. Madero,0.83,departamento,gustavo a. madero,31578.947368421053,19.4744209,-99.0961758,dm nacional,7.125469803971415,0,5.878204466729735,3,8.186799079136765,0,5.913356870897144,0,8.517393171418904,0.0,1.791759469228055,3.0,0.04974209189481407,5.778659303005416,46,4.603949023888113,34,6.051752984138424,1,4.931572737083773,28,0.5406976744186046,0.5248457670629951,0.8205701162050058,0.5887100851636896,0.7950670219017039,0.0,1452.2363803226708,7.281548334662554,30,3.4339872044851463,12.181329031639258,47.309999999999995,0.0,0.4487790697674418,2.2512917986064953,0.22314355131420976,2.0794415416798357,10.21469384057676,28399.441878708545,41.47618220984147,2,1943228.8531070023,7.957158505944574
Casa,,20000000,3.0,3.0,425.0,Lindavista Norte,"Lindavista Norte, Gustavo A. Madero, Distrito Federal",False,https://casa.mercadolibre.com.mx/MLM-2874606411-casa-en-venta-en-lindavista-norte-3-recamaras-_JM,0.0,0,Gustavo A. Madero,0.83,casa,gustavo a. madero,47058.82352941176,19.5057393,-99.1480141,lindavista ii,6.353974952771635,0,6.906413995507988,0,7.396358427998668,0,3.687416913635111,5,8.517393171418904,0.0,2.3978952727983707,3.0,0.04974209189481407,7.2496344683501635,0,4.017943805365773,37,7.2551709795274295,0,6.520898519878087,9,0.1744186046511628,0.06001381635103018,0.8965749537370672,0.17067293160766214,0.3229318530836318,0.0,3045.9997173181214,8.021912686211868,60,4.110873864173311,18.163318038808114,352.75,0.0,0.1447674418604651,2.327277705584417,0.0,1.1786549963416462,10.4093234860922,33404.41928043346,63.02261768224247,0,12028117.887877733,-39.85941056061134
Casa,Venta Casas Lindavista Norte T-df0085-0609,11500000,3.0,3.0,300.0,MATAGALPA,"MATAGALPA, Lindavista Norte, Gustavo A. Madero, Distrito Federal",False,https://casa.mercadolibre.com.mx/MLM-5203835526-venta-casas-lindavista-norte-t-df0085-0609-_JM,0.0,0,Gustavo A. Madero,0.83,casa,gustavo a. madero,38333.333333333336,19.5024772,-99.1250429,residencial zacatenco,6.888998132130474,0,6.730679369449278,0,6.724157935518281,0,7.008223812889581,0,8.517393171418904,0.0,1.791759469228055,3.0,0.04974209189481407,7.764360844811335,0,5.404295573918364,48,7.549815767261554,0,4.62433439674687,39,0.4127906976744186,0.009020050028012726,0.6422876267358147,0.09308513907494416,0.845163789095966,0.0,1022.1722286086188,6.930663108192438,80,4.394449154672439,17.121330794246624,249.0,0.0,0.34261627906976744,2.5649493574615367,0.0,2.3749057545736716,10.561292320494694,38634.903795609156,60.27445981130874,0,9391027.885905735,-18.33888794864578
Casa,,6900000,3.0,2.0,242.0,Barras,"Barras, Lindavista, Gustavo A. Madero, Distrito Federal",False,https://casa.mercadolibre.com.mx/MLM-5278042454-casa-en-venta-colonia-lindavista-_JM,0.0,0,Gustavo A. Madero,0.83,casa,gustavo a. madero,28512.396694214876,19.5011793,-99.1292105,lindavista ii,7.09573547595333,0,7.009075176024881,0,6.875101379124393,0,6.522900137593968,0,8.517393171418904,0.0,2.302585092994046,3.0,0.04974209189481407,7.576833502534709,0,5.0005343566135885,47,7.393630413503109,0,4.4834759844072405,43,0.43023255813953487,0.020183828563703446,0.7445427765967452,0.13123754815156258,0.8642413739951238,0.0,1313.435952842033,7.1811629193937305,68,4.23410650459726,16.479184330021646,200.85999999999999,0.0,0.35709302325581394,2.545531271604435,0.0,2.463853240590168,10.49247894910912,35182.90576601887,57.63583156041366,0,7803770.765498667,13.098127036212565
Casa,,8300000,5.0,2.0,357.0,Cienfuegos,"Cienfuegos, Colonia Lindavista Sur, Gustavo A. Madero, Distrito Federal",False,https://casa.mercadolibre.com.mx/MLM-5030480254-casa-en-venta-colonia-lindavista-sur-_JM,0.0,0,Gustavo A. Madero,0.83,casa,gustavo a. madero,23249.299719887957,19.4891543,-99.1324907,lindavista i,5.688031608961527,1,4.965656400724022,2,7.155024096997166,0,6.542775344667126,0,8.517393171418904,0.0,2.5649493574615367,3.0,0.04974209189481407,7.051619511341237,0,4.931031664392007,28,5.546698458469812,6,5.848624413825942,66,0.4941860465116279,0.09951422834936491,0.7595381753305169,0.7267032313060252,0.5619953161363023,0.0,1226.9789724165444,7.113124985121184,61,4.127134385045092,17.6415989592021,296.31,0.83,0.41017441860465115,2.0794415416798357,0.9162907318741551,2.8622008809294686,10.63536854976117,38823.670317587246,62.541635579399134,1,10440004.337432357,25.783184788341647
Departamento,Venta Departamentos Lindavista Norte T-df0085-0604,2950000,3.0,2.0,81.0,BARRAS,"BARRAS, Lindavista Norte, Gustavo A. Madero, Distrito Federal",False,https://departamento.mercadolibre.com.mx/MLM-2763220757-venta-departamentos-lindavista-norte-t-df0085-0604-_JM,0.0,0,Gustavo A. Madero,0.83,departamento,gustavo a. madero,36419.753086419754,19.5011793,-99.1292105,lindavista ii,7.09573547595333,0,7.009075176024881,0,6.875101379124393,0,6.522900137593968,0,8.517393171418904,0.0,2.302585092994046,3.0,0.04974209189481407,7.576833502534709,0,5.0005343566135885,47,7.393630413503109,0,4.4834759844072405,43,0.43023255813953487,0.020183828563703446,0.7445427765967452,0.13123754815156258,0.8642413739951238,0.0,1313.435952842033,7.1811629193937305,68,4.23410650459726,13.220157741792761,67.22999999999999,0.0,0.35709302325581394,2.545531271604435,0.0,2.463853240590168,10.49247894910912,34669.78968357241,46.23740893655417,0,2931282.48362778,-0.6344920804142415
Casa,,7100000,3.0,3.0,209.0,Zacatenco,"Zacatenco, Tepeyac Insurgentes, Gustavo A. Madero, Distrito Federal",False,https://casa.mercadolibre.com.mx/MLM-5030570902-casa-en-venta-colonia-tepeyac-insurgentes-_JM,0.0,0,Gustavo A. Madero,0.83,casa,gustavo a. madero,33971.29186602871,19.5128075,-99.1256184,la laguna ticoman (barr),7.619529716814845,0,7.534759536631486,0,6.767448451303591,0,7.282038831369861,0,8.517393171418904,0.0,1.0986122886681098,3.0,0.04974209189481407,8.017569073436043,0,5.552061672612939,17,7.17570362538686,0,4.96121830557414,32,0.19186046511627908,0.002321395268248511,0.5983754464306322,0.19537206441828536,0.7895600603280659,0.0,2002.3902237570128,7.602596136339968,37,3.6375861597263857,16.041322592152405,173.47,0.0,0.15924418604651164,1.6582280766035324,0.0,2.1972245773362196,10.534169146919227,40520.07076925059,56.327335175343414,0,6764440.063461024,-4.726196289281347
Casa,Venta Casas La Escalera T-df0213-0042,8500000,4.0,6.0,400.0,ARROYO ESCONDIDO,"ARROYO ESCONDIDO, La Escalera, Gustavo A. Madero, Distrito Federal",False,https://casa.mercadolibre.com.mx/MLM-4699117374-venta-casas-la-escalera-t-df0213-0042-_JM,0.0,0,Gustavo A. Madero,0.83,casa,gustavo a. madero,21250.0,19.5093378,-99.1384861,residencial la escalera (fracc),7.298852799668012,0,7.562466195101663,0,6.320644608193215,0,6.308879439677585,0,8.517393171418904,0.0,1.9459101490553132,3.0,0.04974209189481407,7.5741194902785836,0,4.108075737954031,45,6.3595307057048185,2,4.491525520145409,25,0.32558139534883723,0.02039857864084587,0.8872228343285922,0.4861593561914195,0.8632112401286889,0.0,2606.3022581489213,7.8660713481982585,44,3.8066624897703196,17.981884281919708,332.0,0.0,0.2702325581395349,2.505525936990736,0.4054651081081644,1.9810014688665833,10.455283522608784,35365.0845387577,62.66856614607101,0,12747759.08211573,49.97363626018506
Departamento,,4950000,3.0,2.0,105.0,Pernambuco,"Pernambuco, Lindavista, Gustavo A. Madero, Distrito Federal",False,https://departamento.mercadolibre.com.mx/MLM-5057913416-departamento-en-venta-en-lindavista-gustavo-a-madero-cdmx-_JM,0.0,0,Gustavo A. Madero,0.83,departamento,gustavo a. madero,47142.857142857145,19.4944265,-99.1231373,lindavista ii,5.978285495386059,1,5.60449193214227,2,4.9870400873694,1,6.797700957052008,0,8.517393171418904,0.0,2.70805020110221,3.0,0.04974209189481407,7.2776455423398145,0,4.760957731677266,44,7.033041714932436,0,5.386816562591205,79,0.627906976744186,0.055401339451922334,0.7931716839604932,0.24278200367155922,0.6959265716240244,0.0,597.2050729152721,6.393933626459576,119,4.787491742782046,13.9903172823362,87.14999999999999,0.83,0.5211627906976743,2.4849066497880004,0.0,3.0325462466767075,10.510074410911637,36600.46025299679,49.01309188987218,1,4438850.390471135,-10.326254737956864
Departamento,,1300000,2.0,1.0,60.0,Vasco De Quiroga,"Vasco De Quiroga, Col Del Obrero, Mexico City, Vasco De Quiroga, Gustavo A. Madero, Distrito Federal",False,https://departamento.mercadolibre.com.mx/MLM-5331962788-departamento-en-venta-planta-baja-en-privad-vasco-de-quiroga-gustavo-a-madero-cdmx-venta-solo-de-contado-_JM,0.0,0,Gustavo A. Madero,0.83,departamento,gustavo a. madero,21666.666666666668,19.493309,-99.0920265,nueva atzacoalco iii,7.369336540087702,0,3.281666755447375,2,8.065341137800644,0,7.42596927102014,0,8.517393171418904,0.0,1.3862943611198906,3.0,0.04974209189481407,3.6906752238369314,50,4.681879018934808,16,7.480195781526781,0,2.327347519481532,37,0.5058139534883721,0.924831434872233,0.8073923625674435,0.10920977255857856,0.9847003873475817,0.0,2724.7190074804766,7.910487528249622,35,3.58351893845611,12.332621592519935,49.8,0.0,0.4198255813953488,1.6094379124341003,0.0,2.327277705584417,10.404108237245671,32164.160641863054,42.76997663252349,2,1941438.3695396872,49.3414130415144
Casa,Venta Casas Villa De Aragon T-df0238-0047,4700000,3.0,3.0,315.0,VILLA TENOCHTITLAN,"VILLA TENOCHTITLAN, Villa De Aragón, Gustavo A. Madero, Distrito Federal",False,https://casa.mercadolibre.com.mx/MLM-5235669228-venta-casas-villa-de-aragon-t-df0238-0047-_JM,0.0,0,Gustavo A. Madero,0.83,casa,gustavo a. madero,14920.63492063492,19.4662505,-99.0601527,villa de aragon (fracc),6.261350642974853,0,5.090304391604301,2,8.892240794172443,0,7.645117243369288,0,8.517393171418904,0.0,1.3862943611198906,3.0,0.04974209189481407,6.169743506188046,14,4.121815929915942,41,7.825927888860162,0,4.20582605713839,20,0.3430232558139535,0.3851482553138359,0.8857307555610251,0.0437336956815336,0.8957206949672399,0.0,3754.121509586375,8.230875923085167,14,2.70805020110221,17.267226640760736,261.45,0.0,0.2847093023255814,2.4203681286504293,0.0,1.791759469228055,10.230813729607295,28570.658431732194,58.88592646284527,2,6467907.686144641,37.615057152013634
Casa,,5000000,5.0,2.0,240.0,Avenida 585,"Avenida 585, San Juan De Aragón, Gustavo A. Madero, Distrito Federal",False,https://casa.mercadolibre.com.mx/MLM-2865212867-casa-en-venta-en-sanjuan-de-aragon-_JM,0.0,0,Gustavo A. Madero,0.83,casa,gustavo a. madero,20833.333333333332,19.4525779,-99.0747928,san juan de aragon 3a seccion (u hab) i,6.230934134954153,0,7.367509079656372,0,8.836305672078996,0,7.312597069947363,0,8.517393171418904,0.0,0.0,3.0,0.04974209189481407,5.9166678322146575,49,4.566004084053263,56,7.3743120109444975,0,5.617403333001668,9,0.5697674418604651,0.47694901454821487,0.8266960417464365,0.13644030679070357,0.6332078632263873,0.0,2223.169688816282,7.707138951388042,4,1.6094379124341003,16.454390800471963,199.2,0.0,0.472906976744186,2.70805020110221,0.0,1.1786549963416462,10.1851601418539,27218.962884146345,55.86353511315152,2,5110441.520726148,2.2088304145229607
Casa,Venta De Casa Con 5 Departamentos En Magdalena De Las Salinas,4230000,5.0,5.0,285.0,Magdalena De Las Salinas,"Magdalena De Las Salinas, Gustavo A. Madero, Distrito Federal",False,https://casa.mercadolibre.com.mx/MLM-4633827972-venta-de-casa-con-5-departamentos-en-magdalena-de-las-salinas-_JM,0.0,0,Gustavo A. Madero,0.83,casa,gustavo a. madero,14842.105263157895,19.4787952,-99.1460154,panamericana,6.3365115331658695,0,5.59959601900508,2,8.039425233211874,0,6.206266115907272,0,8.517393171418904,0.0,1.9459101490553132,3.0,0.04974209189481407,6.207089737720324,44,3.2748003257752587,40,7.068899960939276,0,4.262388302529468,24,0.5348837209302325,0.37138729781310026,0.9503966150799302,0.23054281831624407,0.8899124706182219,0.0,784.624593705192,6.666479062183127,26,3.295836866004329,16.967975432459557,236.54999999999998,0.0,0.443953488372093,2.3978952727983707,0.0,1.9459101490553132,10.217419916079963,26137.541944039356,57.78964337305594,1,7697615.42159346,81.97672391473901
Casa,,18800000,3.0,3.0,493.0,Torres Lindavista,"Torres Lindavista, Gustavo A. Madero, Distrito Federal",False,https://casa.mercadolibre.com.mx/MLM-5357408150-casa-en-venta-torres-lindavista-gustavo-a-madero-_JM,0.0,0,Gustavo A. Madero,0.83,casa,gustavo a. madero,38133.87423935091,19.506314,-99.1445042,lindavista ii,6.679769486264925,0,7.223941639777131,0,7.1472128030593325,0,4.678778369103367,7,8.517393171418904,0.0,2.302585092994046,3.0,0.04974209189481407,7.287560775184536,0,5.207770810799338,50,7.024704089587906,0,6.269422731361549,12,0.26744186046511625,0.05382590649371316,0.6953272207723313,0.24565495239178914,0.415355435526639,0.0,3009.414085044649,8.009832918063342,58,4.07753744390572,18.60760655156377,409.19,0.0,0.2219767441860465,2.6026896854443837,0.0,1.3862943611198906,10.403905139914237,32781.37485539022,64.53059114777204,0,15228042.229798844,-18.999775373410404
Casa,Venta Casas Lindavista Norte T-df0085-0610,9200000,4.0,4.0,210.0,AMBATO,"AMBATO, Lindavista Norte, Gustavo A. Madero, Distrito Federal",False,https://casa.mercadolibre.com.mx/MLM-5203835520-venta-casas-lindavista-norte-t-df0085-0610-_JM,0.0,0,Gustavo A. Madero,0.83,casa,gustavo a. madero,43809.52380952381,19.500714,-99.1283312,lindavista ii,7.004279736907526,0,6.908944579087783,0,6.762431809190877,0,6.661332305942525,0,8.517393171418904,0.0,2.302585092994046,3.0,0.04974209189481407,7.607457315529693,0,5.167072413499226,46,7.381313712720229,0,5.10945292219534,45,0.436046511627907,0.01787583381869202,0.7055333979428506,0.13454288803677975,0.7601043327835676,0.0,1208.1949189058755,7.09771006086693,71,4.276666119016055,16.0555744004282,174.29999999999998,0.0,0.36191860465116277,2.5257286443082556,0.0,2.505525936990736,10.492479401291824,34669.78968357241,56.15426122413374,0,6747246.219103613,-26.66036718365638
Departamento,Venta Departamentos San Bartolo Atepehuacan T-df0217-0104,2800000,2.0,1.0,70.0,PONIENTE 112,"PONIENTE 112, San Bartolo Atepehuacan, Gustavo A. Madero, Distrito Federal",False,https://departamento.mercadolibre.com.mx/MLM-5127539284-venta-departamentos-san-bartolo-atepehuacan-t-df0217-0104-_JM,0.0,0,Gustavo A. Madero,0.83,departamento,gustavo a. madero,40000.0,19.4790329,-99.1480358,magdalena de las salinas,6.654202976404435,0,4.570621126251146,3,8.089187172304689,0,6.462205662282214,0,8.517393171418904,0.0,1.791759469228055,3.0,0.04974209189481407,6.530895976404359,34,3.762704119034529,32,7.223367520008509,0,4.586533848439492,28,0.45348837209302323,0.2541005625877274,0.9193122511415427,0.18039198146432267,0.8505069397757452,0.0,992.9887777708758,6.901725916623904,18,2.9444389791664403,12.788039631123947,58.099999999999994,0.0,0.37639534883720926,2.1972245773362196,0.0,2.0794415416798357,10.217431217959795,24041.05071596918,43.55363844785096,1,2176148.4483172838,-22.280412560097005
Casa,Venta Casa 4 Ambientes Zona Escolar,3200000,4.0,1.0,126.0,MAESTRO RURAL,"MAESTRO RURAL, 8, Zona Escolar, Gustavo A. Madero, Distrito Federal",False,https://casa.mercadolibre.com.mx/MLM-2865083745-venta-casa-4-ambientes-zona-escolar-_JM,0.0,0,Gustavo A. Madero,0.83,casa,gustavo a. madero,25396.825396825396,19.5413674,-99.1521051,zona escolar i,8.414860955352117,0,7.765891386147004,0,6.977595247437062,0,8.270952529400121,0,8.517393171418904,0.0,1.3862943611198906,3.0,0.04974209189481407,8.589192835770827,0,6.46843268741461,10,6.634650165420112,1,4.7301374303238095,14,0.05232558139534884,2.1562613084747755e-05,0.2761128309056786,0.3867348401630226,0.8292901187427997,0.0,6150.123215610226,8.724389980809104,9,2.302585092994046,14.532561259375774,104.58,0.0,0.043430232558139534,1.252762968495368,0.22314355131420976,1.5040773967762742,10.177825426557165,26721.963170289302,49.30329049955812,0,3335478.026821941,4.233688338185661
Casa,,6000000,6.0,3.0,287.0,Villa De Aragón,"Villa De Aragón, Gustavo A. Madero, Distrito Federal",False,https://casa.mercadolibre.com.mx/MLM-5357382918-casa-en-villa-de-aragon-gustavo-a-madero-_JM,0.0,0,Gustavo A. Madero,0.83,casa,gustavo a. madero,20905.923344947736,19.4616807,-99.061347,san juan de aragon 4a  y 5a seccion (u hab) ii,1.5748991829408199,1,6.010771832394488,2,8.909929053218864,0,7.739179669187155,0,8.517393171418904,0.0,1.0986122886681098,3.0,0.04974209189481407,5.190374754923506,32,4.133039727203216,56,7.776179153100703,0,5.514314289202446,22,0.5523255813953488,0.6997223646663253,0.8844985286905491,0.05091031717731637,0.6623025169143303,0.0,3548.5397513164794,8.174573226548011,15,2.772588722239781,16.988881440407837,238.20999999999998,0.83,0.45843023255813947,2.70805020110221,0.0,1.8718021769015913,10.204389198621215,28454.66898277943,57.78705275571806,2,7083239.840545206,18.053997342420107
Casa,Venta Casas Vallejo T-df0236-0032,4799999,4.0,3.0,319.0,LEON CAVALLO,"LEON CAVALLO, Vallejo, Gustavo A. Madero, Distrito Federal",False,https://casa.mercadolibre.com.mx/MLM-4824317562-venta-casas-vallejo-t-df0236-0032-_JM,0.0,0,Gustavo A. Madero,0.83,casa,gustavo a. madero,15047.01880877743,19.4674444,-99.1257821,vallejo ii,6.508507204606113,0,4.294831796905335,3,8.04598745282268,0,4.298986587779751,9,8.517393171418904,0.0,2.302585092994046,3.0,0.04974209189481407,5.128943459952851,49,3.8568717991901065,55,7.2949422323924615,0,5.3017243837707975,57,0.8430232558139535,0.7148537676421903,0.9115268718098567,0.15885081771157397,0.7169104970860563,0.0,1855.3803557934355,7.52638382542859,90,4.51085950651685,17.304962987381316,264.77,0.0,0.6997093023255814,2.691243082785829,0.0,2.7245795030534206,10.394795398474669,32867.895378087684,59.96051654400192,1,9091570.181185095,89.40775156797105
Departamento,Venta Departamentos Ex Ejido San Juan De Aragon Sector 32 T-df0237-0015,1400000,2.0,1.0,47.0,PUERTO OPORTO,"PUERTO OPORTO, San Juan De Aragón I Sección, Gustavo A. Madero, Distrito Federal",False,https://departamento.mercadolibre.com.mx/MLM-4789167488-venta-departamentos-ex-ejido-san-juan-de-aragon-sector-32-t-df0237-0015-_JM,0.0,0,Gustavo A. Madero,0.83,departamento,gustavo a. madero,29787.23404255319,19.4687165,-99.0911071,ejidos san juan de aragon 1a seccion (u hab),7.539997118666455,0,6.327522486190151,1,8.391503138462644,0,6.629271405984163,0,8.517393171418904,0.0,1.3862943611198906,3.0,0.04974209189481407,6.961550375317207,0,4.2178240323007445,45,6.817551715542174,1,5.77643613442634,37,0.38953488372093026,0.121415503413062,0.8747901822056741,0.31952126459154984,0.5850766880459136,0.0,1191.6596103084455,7.083941058928423,29,3.4011973816621555,11.613603032723674,39.01,0.0,0.3233139534883721,2.505525936990736,0.22314355131420976,2.327277705584417,10.385897372410064,29470.802569341755,40.20589640725945,2,1917319.5611491636,36.95139722494026
Casa,,8750000,4.0,4.0,306.0,Puente De Calderón,"Puente De Calderón, San Bartolo Atepehuacan, Gustavo A. Madero, Distrito Federal",False,https://casa.mercadolibre.com.mx/MLM-5030537858-casa-en-venta-colonia-san-bartolo-atepehuacan-_JM,0.0,0,Gustavo A. Madero,0.83,casa,gustavo a. madero,28594.771241830065,19.4969835,-99.1445186,san bartolo atepehuacan (pblo),6.462440196721793,0,6.066348032184043,2,7.589432551307729,0,4.527846075859694,5,8.517393171418904,0.0,2.6390573296152584,3.0,0.04974209189481407,6.094867037671143,16,5.298960000659072,26,7.293802263002452,0,4.9472717071018,25,0.29651162790697677,0.4126522192286533,0.6714893412046165,0.15918436226291685,0.7921663507790414,0.0,2010.813072091126,7.606791620388207,47,3.871201010907891,17.18054324276159,253.98,0.0,0.2461046511627907,2.0149030205422647,0.0,1.9810014688665833,10.293136004491256,31047.04165221377,58.947222742929426,0,9886836.388861392,12.992415872701619
Local Comercial,Excelente Propiedad Comercial En Aragon La Villa,5850000,0.0,2.0,241.0,5 De Febrero No.34,"5 De Febrero No.34, Aragón La Villa, Gustavo A. Madero, Distrito Federal",False,https://inmueble.mercadolibre.com.mx/MLM-2470339465-excelente-propiedad-comercial-en-aragon-la-villa-_JM,0.0,0,Gustavo A. Madero,0.83,local comercial,gustavo a. madero,24273.858921161827,19.5079707,-99.1051266,ctm atzacoalco (u hab),7.629575495003903,0,7.552171804814638,0,7.727997889586637,0,7.7841267735516,0,8.517393171418904,0.0,0.6931471805599453,3.0,0.04974209189481407,7.529576581511894,0,2.9478333558823904,52,7.799721953759577,0,5.243007389787069,15,0.29651162790697677,0.024170229369755093,0.9645156647252278,0.04742269631403088,0.7307158552744392,0.0,1853.6916252463498,7.525473721462795,13,2.6390573296152584,16.466813178470062,200.03,0.0,0.2461046511627907,2.6390573296152584,0.0,1.55814461804655,10.462404127870974,33467.002444971564,57.42748472376844,0,8150786.674105869,39.32968673685245
Casa,,6250000,6.0,4.0,322.0,Norte 84,"Norte 84, San Pedro El Chico, Gustavo A. Madero, Distrito Federal",False,https://casa.mercadolibre.com.mx/MLM-5057996874-casa-en-venta-en-san-pedro-chico-gustavo-a-madero-cdmx-_JM,0.0,0,Gustavo A. Madero,0.83,casa,gustavo a. madero,19409.937888198758,19.5129933,-99.1522732,nueva industrial vallejo (fracc),7.245050642651753,0,6.77724520989271,0,7.572656549520161,0,6.791589618796667,0,8.517393171418904,0.0,2.3978952727983707,3.0,0.04974209189481407,7.732257889819053,0,5.223867029672516,28,7.301746197227453,0,6.079711394644601,17,0.1686046511627907,0.01046737366333476,0.6912170260813673,0.1568667042536276,0.4835961410434163,0.0,3953.5762769742746,8.282628738425434,81,4.406719247264253,17.33295696966797,267.26,0.0,0.13994186046511628,2.0794415416798357,0.0,1.6582280766035324,10.317053121620326,31605.36995449489,59.608345936941234,0,8528473.995619988,36.45558392991981
Casa,,13900000,3.0,3.0,575.0,Cienfuegos,"Cienfuegos, Lindavista, Gustavo A. Madero, Distrito Federal",False,https://casa.mercadolibre.com.mx/MLM-5058188126-casa-en-venta-en-lindavista-gustavo-a-madero-cdmx-_JM,0.0,0,Gustavo A. Madero,0.83,casa,gustavo a. madero,24173.91304347826,19.4891543,-99.1324907,lindavista i,5.688031608961527,1,4.965656400724022,2,7.155024096997166,0,6.542775344667126,0,8.517393171418904,0.0,2.5649493574615367,3.0,0.04974209189481407,7.051619511341237,0,4.931031664392007,28,5.546698458469812,6,5.848624413825942,66,0.4941860465116279,0.09951422834936491,0.7595381753305169,0.7267032313060252,0.5619953161363023,0.0,1226.9789724165444,7.113124985121184,61,4.127134385045092,19.068322982087675,477.25,0.83,0.41017441860465115,2.0794415416798357,0.9162907318741551,2.8622008809294686,10.63536854976117,39891.288193365355,67.59954751346112,1,18729208.18280753,34.7425049122844
Departamento,,4900000,3.0,2.0,119.0,Otilia,"Otilia, Guadalupe Tepeyac, Gustavo A. Madero, Distrito Federal",False,https://departamento.mercadolibre.com.mx/MLM-5030570096-departamento-en-venta-colonia-guadalupe-tepeyac-_JM,0.0,0,Gustavo A. Madero,0.83,departamento,gustavo a. madero,41176.470588235294,19.4680003,-99.1185239,guadalupe tepeyac,6.662825026935871,0,6.500602715158727,0,8.027131628609963,0,5.409276090166908,4,8.517393171418904,0.0,2.0794415416798357,3.0,0.04974209189481407,6.219646076408026,44,4.306629650365404,46,7.3264898953702335,0,4.238762327523951,52,0.7325581395348837,0.36675886519679146,0.8638293497316942,0.14974878800621907,0.8923739557821974,0.0,1183.299130459705,7.076906427504183,94,4.553876891600541,14.362475228346138,98.77,0.0,0.6080232558139534,2.5257286443082556,0.0,2.6390573296152584,10.481575081837654,38186.01623315742,50.180454155647816,1,4263162.850803963,-12.996676514204838
Casa,,6600000,5.0,4.0,400.0,Calle Nte. 74,"Calle Nte. 74, La Joya, Ciudad De México, La Joya, Gustavo A. Madero, Distrito Federal",True,https://casa.mercadolibre.com.mx/MLM-5389439248-casa-en-venta-en-colonia-la-joya-gustavo-a-madero-_JM,0.0,0,Gustavo A. Madero,0.83,casa,gustavo a. madero,16500.0,19.4888349,-99.1170112,rosas del tepeyac,6.642275933873192,0,5.32817441850428,5,6.820532116121739,0,4.615524278913424,2,8.517393171418904,0.0,2.3978952727983707,3.0,0.04974209189481407,6.617409279864992,7,5.305953259069964,33,5.854103855274505,3,4.111567828471697,70,0.563953488372093,0.22447084925259791,0.6696058333722114,0.6475379447769359,0.9047735591055247,0.0,830.1796458298661,6.722845951792535,79,4.382026634673881,17.981884281919708,332.0,0.0,0.4680813953488372,2.224623551524334,0.5596157879354227,2.917770732084279,10.361743278902905,29735.655672498207,62.107889533397106,1,10277610.595585922,55.72137266039275
Casa,,5490000,3.0,1.0,203.0,Valle Del Tepeyac,"Valle Del Tepeyac, Gustavo A. Madero, Distrito Federal",False,https://casa.mercadolibre.com.mx/MLM-5262373686-casa-en-venta-cerca-de-ave-100-metros-cod-zv1396-_JM,0.0,0,Gustavo A. Madero,0.83,casa,gustavo a. madero,27044.334975369457,19.4881116,-99.1416177,valle del tepeyac,5.865810551027095,1,6.218459260663518,1,7.690963184534339,0,5.542983636273227,2,8.517393171418904,0.0,2.302585092994046,3.0,0.04974209189481407,5.379894700809167,42,4.3932609165973915,39,6.401035068102732,5,5.510140714883177,36,0.622093023255814,0.6492101241098507,0.8523077403703072,0.47150037162696756,0.6634446528834927,0.0,983.1754235969726,6.891804157176157,51,3.9512437185814275,15.954359981532647,168.48999999999998,0.83,0.5163372093023255,2.3749057545736716,0.8109302162163288,2.302585092994046,10.449668313472698,32229.338485695054,55.572589986919525,1,6098030.800955265,11.075242276052183
Casa,Venta Casas San Juan De Aragon I Seccion T-df0237-0013,3700000,6.0,3.0,200.0,NTE 78-A,"NTE 78-A, San Juan De Aragón I Sección, Gustavo A. Madero, Distrito Federal",False,https://casa.mercadolibre.com.mx/MLM-2740243075-venta-casas-san-juan-de-aragon-i-seccion-t-df0237-0013-_JM,0.0,0,Gustavo A. Madero,0.83,casa,gustavo a. madero,18500.0,19.4700727,-99.1320852,guadalupe insurgentes,6.148786255966889,1,6.591177936701187,0,8.003638559069062,0,2.956271963368311,2,8.517393171418904,0.0,2.5649493574615367,3.0,0.04974209189481407,6.033837145858832,65,3.926895471750251,60,7.202474063356339,0,5.495059787963687,31,0.8197674418604651,0.43490550304751335,0.9052914334798886,0.1868991935156169,0.6675483398330511,0.0,1265.8296981964857,7.14427275786655,76,4.343805421853684,15.909914724177227,166.0,0.83,0.680406976744186,2.772588722239781,0.0,2.169053700369523,10.301863424547118,31896.04068772268,54.63392286155501,1,5182374.02085616,40.06416272584216
Departamento,Venta Departamentos Lindavista Norte T-df0085-0596,3200000,3.0,2.0,94.0,AVENIDA MIGUEL BERNARD,"AVENIDA MIGUEL BERNARD, Lindavista Norte, Gustavo A. Madero, Distrito Federal",False,https://departamento.mercadolibre.com.mx/MLM-2738846051-venta-departamentos-lindavista-norte-t-df0085-0596-_JM,0.0,0,Gustavo A. Madero,0.83,departamento,gustavo a. madero,34042.55319148936,19.513845,-99.1418557,la purisima ticoman (barr),7.408199059003395,0,7.5570824752192465,0,6.779141235734785,0,6.859052293231267,0,8.517393171418904,0.0,2.0794415416798357,3.0,0.04974209189481407,7.751869377158033,0,2.54034644252573,49,5.9602990965219185,2,3.980711454687748,22,0.3313953488372093,0.009563201375472515,0.9769027913053192,0.6166784183218255,0.9161347013903328,0.0,3184.3939983616215,8.066331264707669,61,4.127134385045092,13.661630674801621,78.02,0.0,0.27505813953488367,2.583997552432231,0.4054651081081644,1.8718021769015913,10.329274493415182,29063.437249559356,47.03824442256228,0,3214333.8411219665,0.44793253506145264
Departamento,Venta Departamentos Granjas Modernas T-df0234-0029,900000,2.0,1.0,65.0,SAUCES 3,"SAUCES 3, Granjas Modernas, Gustavo A. Madero, Distrito Federal",False,https://departamento.mercadolibre.com.mx/MLM-2801027275-venta-departamentos-granjas-modernas-t-df0234-0029-_JM,0.0,0,Gustavo A. Madero,0.83,departamento,gustavo a. madero,13846.153846153846,19.546829,-99.1247492,tlalpexco,8.651046862793539,0,8.526198435260739,0,5.665785959641335,1,8.495413393002806,0,8.517393171418904,0.0,0.0,3.0,0.04974209189481407,8.698470151828076,0,4.896601487528869,5,7.52520087660561,0,4.4902355568934595,11,0.0,6.23413084302136e-06,0.766693368651171,0.09861991461297231,0.8633767978673114,0.0,5638.588424278377,8.637566367410615,2,1.0986122886681098,12.568964226079276,53.949999999999996,0.0,0.0,0.8109302162163288,0.0,1.3217558399823195,10.244149943902434,30009.277566507863,42.91945139050057,0,2130877.571933442,136.7641746592713
Departamento,,5850000,3.0,2.0,185.0,Siete Maravillas,"Siete Maravillas, Gustavo A. Madero, Distrito Federal",False,https://departamento.mercadolibre.com.mx/MLM-5357408170-departamento-en-venta-siete-maravillas-gustavo-a-madero-_JM,0.0,0,Gustavo A. Madero,0.83,departamento,gustavo a. madero,31621.62162162162,19.5146249,-99.1430217,siete maravillas,7.423618309669451,0,7.510783983241725,0,6.929329693531833,0,6.882995665654364,0,8.517393171418904,0.0,2.0794415416798357,3.0,0.04974209189481407,7.780325697676591,0,3.9849366453465302,46,6.219111998920362,2,4.412093383004024,25,0.3313953488372093,0.00836157718175971,0.8998170950128328,0.5344210399136184,0.8730727071892538,0.0,3333.987567352604,8.112224230412522,63,4.1588830833596715,15.677240021139605,153.54999999999998,0.0,0.27505813953488367,2.5257286443082556,0.4054651081081644,1.9810014688665833,10.239555657878904,28944.58518053964,53.50932391946188,0,5853146.196534164,0.053781137336141024
Departamento,Venta Departamentos San Juan De Aragon I Seccion T-df0237-0009,3360000,3.0,2.0,112.0,AV OCEANIA,"AV OCEANIA, San Juan De Aragón I Sección, Gustavo A. Madero, Distrito Federal",False,https://departamento.mercadolibre.com.mx/MLM-5216511730-venta-departamentos-san-juan-de-aragon-i-seccion-t-df0237-0009-_JM,0.0,0,Gustavo A. Madero,0.83,departamento,gustavo a. madero,30000.0,19.4460728,-99.0869393,san juan de aragon 2a seccion (u hab) i,3.951227338718291,2,7.123537811490912,0,8.795274965589215,0,4.84836525314624,4,8.517393171418904,0.0,2.3978952727983707,3.0,0.04974209189481407,7.204776954572255,0,3.928117372657083,76,7.235937412012291,0,5.219787893388348,31,0.5406976744186046,0.06790205755105444,0.9051790967337188,0.17652331977336633,0.7360246977342852,0.0,1623.983097948508,7.3932526934472875,10,2.3978952727983707,14.182163456137022,92.96,1.66,0.4487790697674418,2.995732273553991,0.0,2.169053700369523,10.37301081886135,34652.27495921603,49.037244988456465,2,3687911.687908466,9.759276425847203
Departamento,,2997274,2.0,1.0,80.0,Santa Isabel Tola,"Santa Isabel Tola, Gustavo A. Madero, Distrito Federal",False,https://departamento.mercadolibre.com.mx/MLM-2874594613-departamento-en-venta-av-acueducto-de-guadalupe-511-santa-isabel-tola-_JM,0.0,0,Gustavo A. Madero,0.83,departamento,gustavo a. madero,37465.925,19.4998868,-99.1156771,santa isabel tola (pblo),6.469754734760164,0,6.294081596905785,1,6.743775421445508,0,7.178584179143398,0,8.517393171418904,0.0,1.6094379124341003,3.0,0.04974209189481407,7.589811533482282,0,5.467266724532082,30,7.229133812680227,0,3.6921690367724724,26,0.23255813953488372,0.019180111311220403,0.623988044853695,0.17861290385817952,0.9368616435433736,0.0,455.1348160030433,6.122788414948276,73,4.30406509320417,13.183347464017316,66.39999999999999,0.0,0.19302325581395346,2.1400661634962708,0.0,2.0149030205422647,10.469268277528316,33812.73193656178,46.00666713222329,0,3159520.964563689,5.413150901909174
Casa,Venta Casas San Juan De Aragon Vi Seccion T-df0238-0044,7650000,3.0,1.0,290.0,AV. 499,"AV. 499, San Juan De Aragón VI Sección, Gustavo A. Madero, Distrito Federal",False,https://casa.mercadolibre.com.mx/MLM-2850325401-venta-casas-san-juan-de-aragon-vi-seccion-t-df0238-0044-_JM,0.0,0,Gustavo A. Madero,0.83,casa,gustavo a. madero,26379.310344827587,19.4716154,-99.0707492,san juan de aragon 7 secc (u hab) ii,7.297502520399073,0,4.032551885172388,3,8.70206912030848,0,6.825956954106695,0,8.517393171418904,0.0,1.791759469228055,3.0,0.04974209189481407,6.4612501570131045,24,4.341249632140366,39,7.385465465220451,0,5.923466633797953,34,0.47093023255813954,0.27867167961938677,0.8593260060238643,0.13342407922326047,0.5373127516342502,0.0,2924.4360638784715,7.981198830222243,30,3.4339872044851463,17.019969801514478,240.7,0.0,0.3908720930232558,2.3749057545736716,0.0,2.2512917986064953,10.191193358762154,28608.964468970724,57.817934402508925,2,5688144.215412741,-25.645173654735416
Departamento,Venta Departamentos Tepeyac Insurgentes T-df0215-0091,3090000,3.0,2.0,80.0,CALZADA DE LOS MISTERIOS,"CALZADA DE LOS MISTERIOS, Tepeyac Insurgentes, Gustavo A. Madero, Distrito Federal",False,https://departamento.mercadolibre.com.mx/MLM-2742770449-venta-departamentos-tepeyac-insurgentes-t-df0215-0091-_JM,0.0,0,Gustavo A. Madero,0.83,departamento,gustavo a. madero,38625.0,19.4807542,-99.1202125,tepeyac insurgentes,5.406481377151866,1,5.514865073361617,3,7.402822988708723,0,4.686777331975396,7,8.517393171418904,0.0,2.6390573296152584,3.0,0.04974209189481407,4.896983517030182,31,4.720064055475366,28,6.0234705662215955,3,3.937870604507436,72,0.6918604651162791,0.7666149577652671,0.8006343918297063,0.5974935082542143,0.9195703654502859,0.0,1246.6309206847452,7.129001768559859,86,4.465908118654584,13.183347464017316,66.39999999999999,0.83,0.5742441860465116,2.0794415416798357,0.5596157879354227,2.9444389791664403,10.431038866227098,36215.23803253775,45.83866992804703,1,2908160.955015931,-5.884758737348517
Casa,,6550000,5.0,3.0,200.0,Poniente 6 39,"Poniente 6 39, Cuchilla Del Tesoro, Gustavo A. Madero, Distrito Federal",False,https://casa.mercadolibre.com.mx/MLM-2740063131-casa-en-venta-en-colonia-cuchilla-del-tesoro-gustavo-a-madero-ciudad-de-mexico-_JM,0.0,0,Gustavo A. Madero,0.83,casa,gustavo a. madero,32750.0,19.4679344,-99.1422687,vallejo poniente,5.734103517829716,1,5.041705636004596,5,8.215837357273655,0,6.16013394220604,0,8.517393171418904,0.0,2.1972245773362196,3.0,0.04974209189481407,6.255937623771691,59,5.202544811469111,94,5.635282550386322,5,5.566679198997665,20,0.9476744186046512,0.3533855958155302,0.6966527032751642,0.7054477481123385,0.6477351261888508,0.0,1342.6123986693096,7.2031170856423525,35,3.58351893845611,15.909914724177227,166.0,0.83,0.7865697674418605,3.1986731175506815,0.8109302162163288,1.791759469228055,10.280081354851244,24856.942914864616,54.518405904429194,1,5180544.40771535,-20.907718966177857
Edificio,,8950000,0.0,7.0,322.0,Granate,"Granate, Estrella, Gustavo A. Madero, Distrito Federal",False,https://inmueble.mercadolibre.com.mx/MLM-2781899731-edificio-en-venta-en-estrella-gam-gustavo-a-madero-_JM,0.0,0,Gustavo A. Madero,0.83,edificio,gustavo a. madero,27795.03105590062,19.473702,-99.1177252,estrella,6.794068093365246,0,6.24877848661767,1,7.805242835453992,0,5.988318820152086,0,8.517393171418904,0.0,2.3978952727983707,3.0,0.04974209189481407,5.8905679936152255,45,4.561837246736343,36,6.930518704504719,0,4.483699563841433,63,0.7441860465116279,0.48615817885044554,0.8273574078553787,0.2787247309015487,0.8642128568581919,0.0,823.3702651183237,6.714619779853354,112,4.727387818712341,17.33295696966797,267.26,0.0,0.6176744186046511,2.302585092994046,0.0,2.8183982582710754,10.415966024865286,33272.979814569226,60.179830302171176,1,9550471.496423347,6.709178730987117
Casa,Venta Casas San Juan De Aragon I Seccion T-df0227-0045,6500000,6.0,3.0,315.0,AV. 527,"AV. 527, San Juan De Aragón I Sección, Gustavo A. Madero, Distrito Federal",False,https://casa.mercadolibre.com.mx/MLM-2875576339-venta-casas-san-juan-de-aragon-i-seccion-t-df0227-0045-_JM,0.0,0,Gustavo A. Madero,0.83,casa,gustavo a. madero,20634.920634920636,19.453111,-99.0922279,san juan de aragon 1a seccion (u hab) i,6.14443977590716,1,7.400065061649337,0,8.638858793920189,0,5.063529130241141,1,8.517393171418904,0.0,1.9459101490553132,3.0,0.04974209189481407,7.196446636890264,0,5.382186191406574,36,6.151076277333068,2,5.0496927731923025,37,0.3488372093023256,0.06943533069288871,0.6485640632320302,0.5569511970950981,0.772370519974484,0.0,673.4716466424609,6.513929638652276,22,3.1354942159291497,17.267226640760736,261.45,0.83,0.2895348837209302,2.302585092994046,0.4054651081081644,2.327277705584417,10.390071982627994,34662.21895992486,59.80257591261861,2,7912256.565753954,21.727024088522377
Departamento,,4100000,3.0,1.0,143.0,Sin Calle,"Sin Calle, Lindavista Sur, Gustavo A. Madero, Distrito Federal",False,https://departamento.mercadolibre.com.mx/MLM-2872701661-departamento-en-venta-en-lindavista-_JM,0.0,0,Gustavo A. Madero,0.83,departamento,gustavo a. madero,28671.328671328672,19.4817469,-99.1171968,aragon la villa (aragon),4.820671630585478,1,5.639896560628831,6,7.382147427663786,0,5.062614513544654,8,8.517393171418904,0.0,2.4849066497880004,3.0,0.04974209189481407,4.813607240865312,25,5.386792163996134,23,6.502526077558062,4,4.719294577890172,66,0.5988372093023255,0.7832132430764825,0.6472629276714708,0.43505625020952526,0.8309807984040325,0.0,1061.9810618148233,6.968832562392862,91,4.5217885770490405,14.909439898728003,118.69,0.83,0.4970348837209302,1.9095425048844386,0.6931471805599453,2.8622008809294686,10.467828624085682,33160.46346662161,52.02315391366337,1,4428196.039827773,8.004781459213985
Casa,Venta Casas Guadalupe Tepeyac T-df0219-0098,8500000,3.0,3.0,310.0,PTO. DE MAZATLAN,"PTO. DE MAZATLAN, Guadalupe Tepeyac, Gustavo A. Madero, Distrito Federal",False,https://casa.mercadolibre.com.mx/MLM-2867492575-venta-casas-guadalupe-tepeyac-t-df0219-0098-_JM,0.0,0,Gustavo A. Madero,0.83,casa,gustavo a. madero,27419.354838709678,19.477859,-99.078336,casas aleman (ampl) i,7.777046561605707,0,4.306729413115653,2,8.518030597352457,0,1.3387762001135895e-09,6,8.517393171418904,0.0,1.791759469228055,3.0,0.04974209189481407,7.275034301848888,0,5.979269890665721,15,7.397332766349066,0,3.302713710405071,42,0.23837209302325582,0.055821206741452765,0.45461538843358795,0.1302521145070815,0.9572948298357008,0.0,2756.8491014572564,7.922206343824258,37,3.6375861597263857,17.219378736537703,257.3,0.0,0.19784883720930233,1.55814461804655,0.0,2.4423470353692043,10.15157685213412,25540.035772726074,58.267948863322204,2,6104233.752861696,-28.185485260450633
Casa,,5300000,2.0,1.0,220.0,Ampliación Emiliano Zapata,"Ampliación Emiliano Zapata, Gustavo A. Madero, Distrito Federal",False,https://casa.mercadolibre.com.mx/MLM-2748820599-casa-en-venta-en-gustavo-a-madero-_JM,0.0,0,Gustavo A. Madero,0.83,casa,gustavo a. madero,24090.909090909092,19.4640799,-99.1057341,emiliano zapata (ampl),6.490772162191279,0,5.845205722504081,2,8.263775630792912,0,5.591857827806265,2,8.517393171418904,0.0,0.6931471805599453,3.0,0.04974209189481407,2.771190307294018,57,5.079478614279783,29,7.328272608955042,0,4.95283834128082,44,0.6627906976744186,0.9704889309058936,0.7265990221670734,0.14924196044028765,0.7911294061548142,0.0,1279.431499942637,7.154952409435264,29,3.4011973816621555,16.19448810455326,182.6,0.0,0.5501162790697673,2.1102132003465894,0.0,2.4849066497880004,10.283773709048624,27231.290264808355,55.51348366703516,1,6167242.167855185,16.363059770852555
Casa,Venta Casas Guadalupe Insurgentes T-df0024-0428,7200000,4.0,3.0,158.0,AURELIO LEYVA,"AURELIO LEYVA, Guadalupe Insurgentes, Gustavo A. Madero, Distrito Federal",False,https://casa.mercadolibre.com.mx/MLM-5338088034-venta-casas-guadalupe-insurgentes-t-df0024-0428-_JM,0.0,0,Gustavo A. Madero,0.83,casa,gustavo a. madero,45569.620253164554,19.4717132,-99.1348104,guadalupe insurgentes,5.668690378041085,1,6.313013603259886,2,7.985736622089262,0,5.726685907683058,0,8.517393171418904,0.0,2.4849066497880004,3.0,0.04974209189481407,5.474406884702526,50,4.734200576712938,65,7.050054066338972,0,3.5454638111957246,25,0.7267441860465116,0.6218739103242752,0.7980811938861081,0.2369511341445893,0.9454512752086471,0.0,969.1344777256439,6.877434698718792,53,3.9889840465642745,15.206712606660695,131.14,0.83,0.6031976744186046,2.847812143477369,0.0,1.9810014688665833,10.322558991806243,30939.699877990253,52.3240626512329,1,4842612.472582089,-32.741493436359875
Casa,Venta Casas San Juan De Aragon Ii Seccion T-df0227-0044,7200000,7.0,4.0,200.0,AV. 547,"AV. 547, San Juan De Aragón II Sección, Gustavo A. Madero, Distrito Federal",False,https://casa.mercadolibre.com.mx/MLM-5165206228-venta-casas-san-juan-de-aragon-ii-seccion-t-df0227-0044-_JM,0.0,0,Gustavo A. Madero,0.83,casa,gustavo a. madero,36000.0,19.4514408,-99.0876518,san juan de aragon 2a seccion (u hab) i,6.459034639920039,0,7.514596412539393,0,8.712020234415743,0,6.013831902427535,0,8.517393171418904,0.0,2.1972245773362196,3.0,0.04974209189481407,6.931657261679055,0,4.710454090622562,55,6.740892558106663,2,5.054716333736851,35,0.4418604651162791,0.12920178792861498,0.8023541394420681,0.3476202151005958,0.7713599954974831,0.0,1105.6332169293912,7.009077547119407,21,3.091042453358316,15.909914724177227,166.0,0.0,0.3667441860465116,2.691243082785829,0.4054651081081644,2.277267285009756,10.39008959364718,34012.478225282095,55.10181313716262,2,4800439.938034286,-33.327223082857145
Casa,Venta Casas San Juan De Aragon Ii Seccion T-df0227-0043,5200000,3.0,2.0,130.0,AV. 553,"AV. 553, San Juan De Aragón II Sección, Gustavo A. Madero, Distrito Federal",False,https://casa.mercadolibre.com.mx/MLM-5100001724-venta-casas-san-juan-de-aragon-ii-seccion-t-df0227-0043-_JM,0.0,0,Gustavo A. Madero,0.83,casa,gustavo a. madero,40000.0,19.4508263,-99.0862504,san juan de aragon 2a seccion (u hab) i,6.359251744136153,0,7.4613853677278295,0,8.735272566810123,0,6.044111485646575,0,8.517393171418904,0.0,2.0794415416798357,3.0,0.04974209189481407,6.836549442258772,1,4.177158129087267,59,6.902935116284673,1,2.4348911707555017,34,0.45930232558139533,0.1555885329590032,0.8795360634059286,0.28859259406705035,0.9827921484340155,0.0,1258.2985454268412,7.138310134946289,22,3.1354942159291497,14.625591969603454,107.89999999999999,0.0,0.3812209302325581,2.7568403652716422,0.22314355131420976,2.2512917986064953,10.390090362748607,34165.36451564501,50.65374072429009,2,4028129.1519158515,-22.535977847772088
Departamento,Venta Departamentos Industrial T-df0024-0426,2300000,1.0,1.0,86.0,SANTA GERTRUDIS,"SANTA GERTRUDIS, Industrial, Gustavo A. Madero, Distrito Federal",False,https://departamento.mercadolibre.com.mx/MLM-5338100142-venta-departamentos-industrial-t-df0024-0426-_JM,0.0,0,Gustavo A. Madero,0.83,departamento,gustavo a. madero,26744.18604651163,19.4712595,-99.126584,industrial i,6.768814162667202,0,5.649842773937269,2,7.9066668789475125,0,5.552036613313405,3,8.517393171418904,0.0,2.302585092994046,3.0,0.04974209189481407,5.966508726724792,46,4.604476531176348,47,6.977063228607874,0,5.3811193714194605,51,0.7441860465116279,0.45919404538010244,0.820483632262919,0.26224980889445404,0.6973678585888562,0.0,1569.252689841063,7.358991834334814,97,4.584967478670572,13.397724355963751,71.38,0.0,0.6176744186046511,2.545531271604435,0.0,2.6210388241125804,10.456898516858585,34528.20396767888,46.69954798238583,1,2716909.2951768776,18.126491094646855
Casa,,8740000,5.0,3.0,320.0,Norte 74,"Norte 74, La Joya, Gustavo A. Madero, Distrito Federal",False,https://casa.mercadolibre.com.mx/MLM-5058050752-casa-en-venta-colonia-la-joya-gustavo-a-madero-ciudad-de-mexico-_JM,0.0,0,Gustavo A. Madero,0.83,casa,gustavo a. madero,27312.5,19.4728505,-99.1452223,heroe de nacozari,6.612812071760705,0,5.166676256606664,3,8.152886788088523,0,3.5338106644198857,3,8.517393171418904,0.0,1.791759469228055,3.0,0.04974209189481407,6.477655411531097,45,4.211260245409976,82,6.5931817851286105,3,5.792238919538406,27,0.8197674418604651,0.2728349442211506,0.875567564131085,0.4019710330214064,0.5800873012177177,0.0,1028.3292014364113,6.936662608319936,29,3.4011973816621555,17.314323369390046,265.59999999999997,0.0,0.680406976744186,3.068052935133617,0.5596157879354227,2.0476928433652555,10.191331858707352,24031.446070156784,58.81867178880867,1,6687619.734185485,-23.48261173700818
Casa,¡oro Puro A Pasos De La Villa! Propiedad Con Potencial Ilimitado Y Ubicación Estratégica,17999998,8.0,9.0,504.0,Martha 64,"Martha 64, Guadalupe Tepeyac, Gustavo A. Madero, 07840 Ciudad De México, CDMX, Mexico, Guadalupe Tepeyac, Gustavo A. Madero, Distrito Federal",False,https://casa.mercadolibre.com.mx/MLM-2714293347-oro-puro-a-pasos-de-la-villa-propiedad-con-potencial-ilimitado-y-ubicacion-estrategica-_JM,0.0,0,Gustavo A. Madero,0.83,casa,gustavo a. madero,35714.281746031746,19.4682318,-99.1188878,guadalupe tepeyac,6.7196842026141095,0,6.429037874337018,0,8.017256883565116,0,5.39537901668879,3,8.517393171418904,0.0,2.0794415416798357,3.0,0.04974209189481407,6.1256388849050785,44,4.759500304766367,43,7.301033205510095,0,3.869239270357328,53,0.7209302325581395,0.40136913502566346,0.7934417059475921,0.15707408357525374,0.9248011404070108,0.0,1196.2270896173545,7.087763403201125,93,4.543294782270004,18.67367528782608,418.32,0.0,0.5983720930232558,2.463853240590168,0.0,2.6567569067146595,10.481574871422003,35995.801101329795,65.24317521799063,1,13797155.32430021,-23.34912857045756
Bodega,,4890000,0.0,0.0,180.0,Norte 66 A,"Norte 66 A, Cuchilla La Joya, Gustavo A. Madero, Distrito Federal",False,https://inmueble.mercadolibre.com.mx/MLM-2798153511-bodega-en-venta-colonia-cuchilla-la-joya-_JM,0.0,0,Gustavo A. Madero,0.83,bodega,gustavo a. madero,27166.666666666668,19.462891,-99.109876,belisario dominguez,5.682678258576939,1,6.23087258494314,1,8.25071442486282,0,1.788698009067588,5,8.517393171418904,0.0,1.0986122886681098,3.0,0.04974209189481407,5.930434977403912,50,4.40731660586098,34,7.109765271785233,0,4.6385744402904665,40,0.6337209302325582,0.47206606439238114,0.8503578687223813,0.216844386128669,0.8431069954213767,0.0,1339.9680887458485,7.2011470863884295,61,4.127134385045092,15.595491093797477,149.4,0.83,0.5259883720930233,2.2512917986064953,0.0,2.3978952727983707,10.285279541158753,27751.655397431936,53.467995160452915,1,4983547.8151472835,1.9130432545456746
Departamento,,2140000,3.0,1.0,75.0,Moctezuma,"Moctezuma, Aragón La Villa, Gustavo A. Madero, Distrito Federal",False,https://departamento.mercadolibre.com.mx/MLM-2811109471-departamento-en-venta-en-aragon-la-villa-gustavo-a-madero-cdmx-_JM,0.0,0,Gustavo A. Madero,0.83,departamento,gustavo a. madero,28533.333333333332,19.480687,-99.1185698,aragon la villa (aragon),4.778681089352667,1,5.6903220486804305,4,7.426064036564061,0,1.4516707128281154,5,8.517393171418904,0.0,2.4849066497880004,3.0,0.04974209189481407,2.303728153958873,29,5.651515109114756,26,6.3720616277651425,4,5.042563793211498,72,0.6744186046511628,0.9821385663788104,0.5669721754342808,0.4817504796761812,0.7737981296310045,0.0,1097.662501484423,7.0018488112294515,91,4.5217885770490405,12.992200020858993,62.25,0.83,0.5597674418604651,2.0149030205422647,0.6931471805599453,2.9444389791664403,10.505581661931862,37796.56076501538,45.496872762429,1,2901130.9672397384,35.566867628025165
Casa,,6100000,4.0,2.0,223.0,Norte 17,"Norte 17, Nueva Vallejo, Gustavo A. Madero, Distrito Federal",False,https://casa.mercadolibre.com.mx/MLM-2855872541-casa-en-venta-en-residencial-vallejo-gustavo-a-madero-cdmx-_JM,0.0,0,Gustavo A. Madero,0.83,casa,gustavo a. madero,27354.2600896861,19.5036993,-99.1298892,juan de dios batiz (u hab),7.265486193465112,0,7.177976262962217,0,6.8815358206996695,0,6.422792077408666,0,8.517393171418904,0.0,2.1972245773362196,3.0,0.04974209189481407,7.618329073033264,0,2.999152249808954,42,7.290741865086295,0,5.331095165788318,35,0.3546511627906977,0.017106147600834405,0.9625810262544892,0.16008138362370425,0.7097988660409871,0.0,1509.824022740945,7.320410491387652,55,4.02535169073515,16.234938155565118,185.09,0.0,0.29436046511627906,2.4423470353692043,0.0,2.277267285009756,10.49248600633665,36881.26900158145,56.78162047033598,0,7048187.622907869,15.544059391932272
Edificio,,8000000,0.0,0.0,476.0,Ampliación Casas Alemán,"Ampliación Casas Alemán, Gustavo A. Madero, Distrito Federal",False,https://inmueble.mercadolibre.com.mx/MLM-5228703658-edificio-476m2c-3-locales-col-casas-aleman-_JM,0.0,0,Gustavo A. Madero,0.83,edificio,gustavo a. madero,16806.722689075632,19.4763883,-99.0841141,casas aleman (ampl) i,7.754697442679764,0,6.219597889718226,1,8.417451239259506,0,5.4524781504334285,3,8.517393171418904,0.0,1.6094379124341003,3.0,0.04974209189481407,7.253940731365236,0,5.534364565381121,19,7.215923566654728,0,5.255767378685625,41,0.2558139534883721,0.05928911677810303,0.6038112502866619,0.18269951015221317,0.7277622578976753,0.0,2275.8891216245456,7.730565369939387,43,3.784189633918261,18.502549472665024,395.08,0.0,0.21232558139534882,1.749199854809259,0.0,2.4203681286504293,10.150511430160105,27102.950522444367,62.60344663646305,2,9386353.639930818,17.329420499135228
Casa,,6500000,8.0,4.0,340.0,Brasilia,"Brasilia, San Pedro Zacatenco, Gustavo A. Madero, Distrito Federal",True,https://casa.mercadolibre.com.mx/MLM-5378484792-casa-en-venta-en-san-pedro-zacatenco-_JM,0.0,0,Gustavo A. Madero,0.83,casa,gustavo a. madero,19117.647058823528,19.5042067,-99.1209678,san pedro zacatenco (pblo),6.901989517073172,0,6.715708675423219,0,6.887602127660087,0,7.344089438274552,0,8.517393171418904,0.0,1.6094379124341003,3.0,0.04974209189481407,7.805180741936685,0,4.430059683722955,39,7.595181387811995,0,5.701751201687643,42,0.37790697674418605,0.007412720022109803,0.8471539405948519,0.08336821510649785,0.6081591157802478,0.0,935.9251863701621,6.842603435262223,76,4.343805421853684,17.49564743185055,282.2,0.0,0.3136627906976744,2.3749057545736716,0.0,2.4423470353692043,10.601879258652168,38336.98400058266,61.828913874809146,0,10655237.74453805,63.926734531354626
Casa,Venta Casas La Purisima Ticoman T-df0213-0060,4000000,3.0,2.0,150.0,CALLE 40,"CALLE 40, La Purísima Ticoman, Gustavo A. Madero, Distrito Federal",False,https://casa.mercadolibre.com.mx/MLM-5166616220-venta-casas-la-purisima-ticoman-t-df0213-0060-_JM,0.0,0,Gustavo A. Madero,0.83,casa,gustavo a. madero,26666.666666666668,19.5193376,-99.1457953,progreso nacional ii,7.648011292831357,0,7.465342045849395,0,6.938754273471967,0,7.264207602339805,0,8.517393171418904,0.0,2.0794415416798357,3.0,0.04974209189481407,7.971432469505561,0,5.433079820644833,33,6.860858150984766,2,5.719859772163766,39,0.3372093023255814,0.003051846300004801,0.6340002218355522,0.3037707604810427,0.6026389910628166,0.0,3889.3576220746822,8.266256366082139,49,3.912023005428146,15.051839510444772,124.5,0.0,0.27988372093023256,2.224623551524334,0.4054651081081644,2.3749057545736716,10.173227932389533,24342.832689668005,51.04193138050039,0,4026819.68895069,0.6704922237672494
Departamento,,4847268,2.0,2.0,102.0,San Juan De Aragón I Sección,"San Juan De Aragón I Sección, Gustavo A. Madero, Distrito Federal",False,https://departamento.mercadolibre.com.mx/MLM-2800604265-departamento-en-preventa-en-rio-consulado-san-juan-de-aragon-gustavo-a-madero-_JM,0.0,0,Gustavo A. Madero,0.83,departamento,gustavo a. madero,47522.23529411765,19.4596866,-99.0917728,san juan de aragon 1a seccion (u hab) i,6.950129804963883,0,7.2270746571614835,0,8.534911385704143,0,6.021226435796211,0,8.517393171418904,0.0,0.6931471805599453,3.0,0.04974209189481407,7.088161737367914,0,4.248217180175799,47,5.2236390463323215,3,5.488894186954261,27,0.3546511627906977,0.0913179266199287,0.8711325983982718,0.7939295952274503,0.6692155280507944,0.0,359.4276130285016,5.8872911405253365,26,3.295836866004329,13.904186964688908,84.66,0.0,0.29436046511627906,2.545531271604435,0.5596157879354227,2.0476928433652555,10.381649510460809,30723.92151431357,48.11613193177272,2,3133228.7541492274,-35.36093415612202
Casa,Venta Casas Lindavista Norte T-df0085-0617,10200000,6.0,2.0,300.0,COQUIMBO,"COQUIMBO, Lindavista Norte, Gustavo A. Madero, Distrito Federal",False,https://casa.mercadolibre.com.mx/MLM-5291503868-venta-casas-lindavista-norte-t-df0085-0617-_JM,0.0,0,Gustavo A. Madero,0.83,casa,gustavo a. madero,34000.0,19.4908019,-99.1252331,lindavista i,6.447281984178078,0,5.908939054463264,4,6.400330944271943,0,6.736832442138513,0,8.517393171418904,0.0,2.772588722239781,3.0,0.04974209189481407,7.090948157196168,0,5.739391240508697,37,6.582900701516469,3,3.465478283882099,70,0.5465116279069767,0.0907096001186565,0.5380788273092892,0.4057408834216706,0.9496584087731554,0.0,989.208214736935,6.897915238931019,85,4.454347296253507,17.121330794246624,249.0,0.0,0.45360465116279064,2.327277705584417,0.5596157879354227,2.917770732084279,10.582408180296165,41819.536661783815,60.39497035153071,1,10360956.950547274,1.5780093190909235
Casa,Bonita Casa En San Jeronimo - Ham-793-cs*,6000000,3.0,3.0,385.0,La Malinche,"La Malinche, 10010 Ciudad De México, CDMX, México, Gustavo A. Madero, Distrito Federal",False,https://casa.mercadolibre.com.mx/MLM-5204823770-bonita-casa-en-san-jeronimo-ham-793-cs-_JM,0.0,0,Gustavo A. Madero,0.83,casa,gustavo a. madero,15584.415584415585,19.454637,-99.1006412,nueva tenochtitlan,6.3939031110412445,0,6.602807377261192,0,8.528006329761183,0,6.12528141274159,0,8.517393171418904,0.0,0.6931471805599453,3.0,0.04974209189481407,6.55459408549915,47,4.528456353289946,35,6.773323601956313,2,4.207983726747633,35,0.5988372093023255,0.24587600784217759,0.8325758333337081,0.33570725722234657,0.8955044283271805,0.0,736.8037077620286,6.603677810579642,26,3.295836866004329,17.867512108394493,319.55,0.0,0.4970348837209302,2.277267285009756,0.4054651081081644,2.277267285009756,10.26223692132977,27940.16472368281,61.12021415035756,1,8643777.986191168,44.062966436519474
Casa,Venta Casas San Juan De Aragon Ii Seccion T-df0227-0042,5800000,4.0,3.0,250.0,NTE. 172,"NTE. 172, San Juan De Aragón II Sección, Gustavo A. Madero, Distrito Federal",False,https://casa.mercadolibre.com.mx/MLM-2831258317-venta-casas-san-juan-de-aragon-ii-seccion-t-df0227-0042-_JM,0.0,0,Gustavo A. Madero,0.83,casa,gustavo a. madero,23200.0,19.4858451,-99.1182589,villa gustavo a madero,6.122177865925744,1,4.888217719208094,8,7.041492592918038,0,3.3925575337739104,4,8.517393171418904,0.0,2.1972245773362196,3.0,0.04974209189481407,6.004435702712302,15,3.2762753873990906,28,6.091741753424743,4,4.854077269759965,77,0.6337209302325582,0.44555057393784203,0.950322436904331,0.5760915669906475,0.8088807245058446,0.0,1157.8776491740123,7.055207271912248,71,4.276666119016055,16.576358817395352,207.5,0.83,0.5259883720930233,2.0794415416798357,0.6931471805599453,3.0081547935525483,10.307586974573704,29518.586049546768,56.95408674401476,1,6628162.557349962,14.2786647818959
Departamento,,3650000,3.0,2.0,94.0,La Escalera,"La Escalera, Gustavo A. Madero, Distrito Federal",False,https://departamento.mercadolibre.com.mx/MLM-2834069059-departamento-en-venta-la-escalera-gustavo-a-madero-_JM,0.0,0,Gustavo A. Madero,0.83,departamento,gustavo a. madero,38829.78723404255,19.5119387,-99.1404822,siete maravillas,7.344117991282631,0,7.5938581909752125,0,6.554295416640082,0,6.677570698192595,0,8.517393171418904,0.0,2.0794415416798357,3.0,0.04974209189481407,7.673822040416806,0,4.056833045527379,48,5.921641404563606,2,5.009990305460293,23,0.3313953488372093,0.013560744086533833,0.8926309985642599,0.6281166586125426,0.7802256251107559,0.0,2942.634166491146,7.987400208027869,60,4.110873864173311,13.661630674801621,78.02,0.0,0.27505813953488367,2.5649493574615367,0.4054651081081644,1.9095425048844386,10.418252000402093,34451.617420769304,47.4434370355022,0,3572050.697306839,-2.1355973340592103
Departamento,Activo De Inversión En Ubicación Prime: 5 Departamentos + Local Comercial Con Us,10290000,8.0,5.0,419.0,Tepeyac Insurgentes,"Tepeyac Insurgentes, Gustavo A. Madero, Distrito Federal",False,https://departamento.mercadolibre.com.mx/MLM-2913629569-activo-de-inversion-en-ubicacion-prime-5-departamentos-local-comercial-con-us-_JM,0.0,0,Gustavo A. Madero,0.83,departamento,gustavo a. madero,24558.472553699285,19.4807706,-99.1197036,tepeyac insurgentes,5.1767856233504075,1,5.6134892433027925,3,7.406507089914544,0,4.766239050705795,8,8.517393171418904,0.0,2.6390573296152584,3.0,0.04974209189481407,4.525807239532779,29,5.109190476016256,27,6.145140587710877,4,3.9041147363768625,72,0.6802325581395349,0.8329839358818352,0.7195907797309528,0.5588878085997093,0.922184245229411,0.0,1201.988349358411,7.092564031271432,91,4.5217885770490405,18.120764133832242,347.77,0.83,0.564593023255814,2.0476928433652555,0.6931471805599453,2.9444389791664403,10.471767271017976,37796.560765015376,63.25214159416696,1,12094069.480625285,17.532259286931826
Edificio,,8950000,0.0,7.0,322.0,Granate,"Granate, Estrella, Gustavo A. Madero, Distrito Federal",False,https://inmueble.mercadolibre.com.mx/MLM-2760801437-edificio-en-venta-en-estrella-gam-gustavo-a-madero-_JM,0.0,0,Gustavo A. Madero,0.83,edificio,gustavo a. madero,27795.03105590062,19.473702,-99.1177252,estrella,6.794068093365246,0,6.24877848661767,1,7.805242835453992,0,5.988318820152086,0,8.517393171418904,0.0,2.3978952727983707,3.0,0.04974209189481407,5.8905679936152255,45,4.561837246736343,36,6.930518704504719,0,4.483699563841433,63,0.7441860465116279,0.48615817885044554,0.8273574078553787,0.2787247309015487,0.8642128568581919,0.0,823.3702651183237,6.714619779853354,112,4.727387818712341,17.33295696966797,267.26,0.0,0.6176744186046511,2.302585092994046,0.0,2.8183982582710754,10.415966024865286,32851.599140825485,60.179830302171176,1,9546848.521321353,6.668698562249749
Departamento,,2550000,2.0,1.0,55.0,Calzada San Juan De Aragón 439,"Calzada San Juan De Aragón 439, Rinconada Don Blas Edificio B, DM Nacional, Gustavo A. Madero, Distrito Federal",False,https://departamento.mercadolibre.com.mx/MLM-5022787828-departamento-en-venta-en-dm-nacional-san-juan-de-aragon-gran-canal-_JM,0.0,0,Gustavo A. Madero,0.83,departamento,gustavo a. madero,46363.63636363636,19.4834076,-99.1102877,villa gustavo a madero,5.705989453653588,1,5.408712751814236,4,7.51308832615376,0,4.019541211710792,2,8.517393171418904,0.0,2.0794415416798357,3.0,0.04974209189481407,6.745720615460691,7,4.783797776656798,18,6.368928944548014,4,4.653604887041573,56,0.4069767441860465,0.18289858656466332,0.788900493314493,0.4828540925342736,0.8409095811014862,0.0,930.8223791179006,6.8371422161772495,73,4.30406509320417,12.076055072205449,45.65,0.83,0.3377906976744186,1.7047480922384253,0.6931471805599453,2.70805020110221,10.482108792890207,37317.908042838295,42.19417435193037,2,1927999.9099350634,-24.392160394703392
Departamento,"Joyas Vallejo, Metrobús Tenayuca",1748000,2.0,1.0,55.0,Santa Rosa,"Santa Rosa, Gustavo A. Madero, Distrito Federal",False,https://departamento.mercadolibre.com.mx/MLM-2720563635-joyas-vallejo-metrobus-tenayuca-_JM,0.0,0,Gustavo A. Madero,0.83,departamento,gustavo a. madero,31781.81818181818,19.4740027,-99.1255167,industrial i,6.644777384264102,0,5.874257887946703,2,7.782418164597115,0,5.591876702086099,3,8.517393171418904,0.0,2.6390573296152584,3.0,0.04974209189481407,5.966494292625667,46,5.312845351762613,46,6.6215094393165925,1,4.815315449258235,51,0.7441860465116279,0.4591992171245201,0.6677418636961266,0.3915674721981763,0.8154817684024203,0.0,1510.861870399538,7.321097197010444,98,4.59511985013459,12.076055072205449,45.65,0.0,0.6176744186046511,2.5257286443082556,0.22314355131420976,2.6210388241125804,10.457035085110736,34326.6930555995,42.09324385992728,1,2056820.9997882852,17.667105251046067
Casa,,17950000,3.0,3.0,407.0,Pernambuco,"Pernambuco, Lindavista Sur, Gustavo A. Madero, Distrito Federal",False,https://casa.mercadolibre.com.mx/MLM-5339274476-casa-en-venta-en-lindavista-660968-_JM,0.0,0,Gustavo A. Madero,0.83,casa,gustavo a. madero,44103.1941031941,19.4944265,-99.1231373,lindavista ii,5.978285495386059,1,5.60449193214227,2,4.9870400873694,1,6.797700957052008,0,8.517393171418904,0.0,2.70805020110221,3.0,0.04974209189481407,7.2776455423398145,0,4.760957731677266,44,7.033041714932436,0,5.386816562591205,79,0.627906976744186,0.055401339451922334,0.7931716839604932,0.24278200367155922,0.6959265716240244,0.0,597.2050729152721,6.393933626459576,119,4.787491742782046,18.033801523212485,337.81,0.83,0.5211627906976743,2.4849066497880004,0.0,3.0325462466767075,10.510074410911637,35975.23243214701,63.17886530685828,1,12638981.738116084,-29.587845470105385
Departamento,,4600000,3.0,2.0,94.0,Avenida Acueducto,"Avenida Acueducto, Residencial La Escalera, Gustavo A. Madero, Distrito Federal",False,https://departamento.mercadolibre.com.mx/MLM-5030212546-departamento-en-venta-colonia-residencial-zacatenco-enkasa-vista-norte-_JM,0.0,0,Gustavo A. Madero,0.83,departamento,gustavo a. madero,48936.17021276596,19.5189166,-99.1292412,san juan y guadalupe ticoman (barr),7.938372600250565,0,7.8782232731161805,0,6.840349526244248,0,7.4958384016520485,0,8.517393171418904,0.0,1.0986122886681098,3.0,0.04974209189481407,8.11285514400375,0,5.366435204100218,9,6.941689362291632,0,5.09817579155029,23,0.09302325581395349,0.0012656307804022307,0.6529879663985726,0.27474949719983405,0.7624602143023189,0.0,2775.6593722090993,7.929003819433781,8,2.1972245773362196,13.661630674801621,78.02,0.0,0.07720930232558139,1.1786549963416462,0.0,1.9095425048844386,10.474028709353622,36246.23389547641,47.6974373014861,0,3239130.026594044,-29.584129856651213
Departamento,,1350000,2.0,1.0,52.0,El Arbolillo 43,"El Arbolillo 43, Arbolillo II, Gustavo A. Madero, 07239 Ciudad De México, CDMX Edificio 47 Departamento 203, El Arbolillo, Gustavo A. Madero, Distrito Federal",False,https://departamento.mercadolibre.com.mx/MLM-5030572072-departamento-en-venta-el-arbolillo-2-gustavo-a-madero-cdmex-_JM,0.0,0,Gustavo A. Madero,0.83,departamento,gustavo a. madero,25961.53846153846,19.5377176,-99.1438737,el arbolillo 3 (u hab),8.32785307094491,0,7.943355352500941,0,5.849950228694612,1,8.152228413823744,0,8.517393171418904,0.0,1.3862943611198906,3.0,0.04974209189481407,8.504082571945034,0,4.867412283718016,15,5.9188950201751895,2,5.385693410256212,20,0.12209302325581395,5.181921646094251e-05,0.7726197712118175,0.6289204240402053,0.6962111228405546,0.0,5337.426905657013,8.582686301599365,12,2.5649493574615367,11.910875740656365,43.16,0.0,0.10133720930232558,1.55814461804655,0.4054651081081644,1.791759469228055,10.20922881820492,28255.562368742976,40.53361862052228,0,1355207.6083139568,0.3857487639967973
Departamento,,1999000,3.0,2.0,62.0,Vasco De Quiroga,"Vasco De Quiroga, Gustavo A. Madero, Distrito Federal",False,https://departamento.mercadolibre.com.mx/MLM-2917168473-departamento-en-venta-planta-baja-gustavo-a-madero-_JM,0.0,0,Gustavo A. Madero,0.83,departamento,gustavo a. madero,32241.935483870966,19.493309,-99.0920265,nueva atzacoalco iii,7.369336540087702,0,3.281666755447375,2,8.065341137800644,0,7.42596927102014,0,8.517393171418904,0.0,1.3862943611198906,3.0,0.04974209189481407,3.6906752238369314,50,4.681879018934808,16,7.480195781526781,0,2.327347519481532,37,0.5058139534883721,0.924831434872233,0.8073923625674435,0.10920977255857856,0.9847003873475817,0.0,2724.7190074804766,7.910487528249622,35,3.58351893845611,12.429404179174597,51.46,0.0,0.4198255813953488,1.6094379124341003,0.0,2.327277705584417,10.404108237245671,32164.160641863054,43.10562213486873,2,1655530.97946126,-17.182042047960984
Casa,,8500000,3.0,1.0,204.0,Ciudad De México,"Ciudad De México, CDMX, México, Gustavo A. Madero, Distrito Federal",False,https://casa.mercadolibre.com.mx/MLM-5204849316-casa-en-condominio-en-el-rincon-alvaro-obregon-ciudad-de-mexico-crb-1176-cd-_JM,0.0,0,Gustavo A. Madero,0.83,casa,gustavo a. madero,41666.666666666664,19.504065208503686,-99.11586420887464,,6.946738000301497,0,6.797243601139101,0,7.062474679965817,0,7.47685518769043,0,8.517393171418904,0.0,1.3862943611198906,3.0,0.04974209189481407,7.797529328862601,0,5.8160386042987495,24,7.517648115489304,0,5.8168369051608355,27,0.20348837209302326,0.007695196382527996,0.512077330619351,0.1003548646719417,0.5722497415988451,0.0,882.9346189183946,6.784383099402877,58,4.07753744390572,15.969029937415225,169.32,0.0,0.1688953488372093,1.9459101490553132,0.0,2.0476928433652555,10.489161306545494,34093.74678759549,55.83391030753413,0,6477737.556401276,-23.79132286586734
Casa,Venta Casas Lindavista Sur T-df0217-0101,6700000,7.0,4.0,400.0,NORTE 25,"NORTE 25, Lindavista Sur, Gustavo A. Madero, Distrito Federal",False,https://casa.mercadolibre.com.mx/MLM-2824389363-venta-casas-lindavista-sur-t-df0217-0101-_JM,0.0,0,Gustavo A. Madero,0.83,casa,gustavo a. madero,16750.0,19.5129933,-99.1522732,nueva industrial vallejo (fracc),7.245050642651753,0,6.77724520989271,0,7.572656549520161,0,6.791589618796667,0,8.517393171418904,0.0,2.3978952727983707,3.0,0.04974209189481407,7.732257889819053,0,5.223867029672516,28,7.301746197227453,0,6.079711394644601,17,0.1686046511627907,0.01046737366333476,0.6912170260813673,0.1568667042536276,0.4835961410434163,0.0,3953.5762769742746,8.282628738425434,81,4.406719247264253,17.981884281919708,332.0,0.0,0.13994186046511628,2.0794415416798357,0.0,1.6582280766035324,10.317053121620326,31810.760416482266,61.84001845446507,0,9994051.51411021,49.16494797179417
Edificio,Venta Edificios Vallejo T-df0219-0083,10700000,0.0,0.0,540.0,ESCUELA INDUSTRIAL,"ESCUELA INDUSTRIAL, Vallejo, Gustavo A. Madero, Distrito Federal",False,https://inmueble.mercadolibre.com.mx/MLM-2738954891-venta-edificios-vallejo-t-df0219-0083-_JM,0.0,0,Gustavo A. Madero,0.83,edificio,gustavo a. madero,19814.814814814814,19.4633133,-99.0612,san juan de aragon 4a  y 5a seccion (u hab) ii,5.213575307766038,1,5.528293401367744,2,8.8996081834019,0,7.7028892492123076,0,8.517393171418904,0.0,1.0986122886681098,3.0,0.04974209189481407,5.15086035777412,27,3.2202101479114833,48,7.776982972155605,0,5.623787237064197,23,0.48255813953488375,0.7095248106050206,0.9530701573394503,0.0507885079193151,0.631350751582991,0.0,3585.6714630376896,8.184979882324939,16,2.833213344056216,18.880257836539442,448.2,0.83,0.4005232558139535,2.5649493574615367,0.0,1.9095425048844386,10.204384574926934,29458.808102635303,64.22047061260882,2,10063157.102856979,-5.951802777037582
Edificio,,8950000,0.0,7.0,322.0,Granate,"Granate, Estrella, Gustavo A. Madero, Distrito Federal",False,https://inmueble.mercadolibre.com.mx/MLM-5058056268-edificio-en-venta-en-estrella-gam-gustavo-a-madero-_JM,0.0,0,Gustavo A. Madero,0.83,edificio,gustavo a. madero,27795.03105590062,19.473702,-99.1177252,estrella,6.794068093365246,0,6.24877848661767,1,7.805242835453992,0,5.988318820152086,0,8.517393171418904,0.0,2.3978952727983707,3.0,0.04974209189481407,5.8905679936152255,45,4.561837246736343,36,6.930518704504719,0,4.483699563841433,63,0.7441860465116279,0.48615817885044554,0.8273574078553787,0.2787247309015487,0.8642128568581919,0.0,823.3702651183237,6.714619779853354,112,4.727387818712341,17.33295696966797,267.26,0.0,0.6176744186046511,2.302585092994046,0.0,2.8183982582710754,10.415966024865286,32851.599140825485,60.179830302171176,1,9546848.521321353,6.668698562249749
Edificio,,8950000,0.0,7.0,322.0,Granate,"Granate, Estrella, Gustavo A. Madero, Distrito Federal",False,https://inmueble.mercadolibre.com.mx/MLM-5022783942-edificio-en-venta-en-estrella-gam-gustavo-a-madero-_JM,0.0,0,Gustavo A. Madero,0.83,edificio,gustavo a. madero,27795.03105590062,19.473702,-99.1177252,estrella,6.794068093365246,0,6.24877848661767,1,7.805242835453992,0,5.988318820152086,0,8.517393171418904,0.0,2.3978952727983707,3.0,0.04974209189481407,5.8905679936152255,45,4.561837246736343,36,6.930518704504719,0,4.483699563841433,63,0.7441860465116279,0.48615817885044554,0.8273574078553787,0.2787247309015487,0.8642128568581919,0.0,823.3702651183237,6.714619779853354,112,4.727387818712341,17.33295696966797,267.26,0.0,0.6176744186046511,2.302585092994046,0.0,2.8183982582710754,10.415966024865286,33272.979814569226,60.179830302171176,1,8772238.75126999,-1.9861592036872562
Casa,,10200000,3.0,5.0,347.0,Huacho,"Huacho, 7, San Bartolo Atepehuacan, Gustavo A. Madero, Distrito Federal",False,https://casa.mercadolibre.com.mx/MLM-4755008634-casa-en-venta-en-san-bartolo-atepehuacan-_JM,0.0,0,Gustavo A. Madero,0.83,casa,gustavo a. madero,29394.812680115272,19.4931366,-99.1398889,lindavista i,6.4901631527717765,0,5.038825023241944,2,7.532911319742641,0,5.654541627774514,1,8.517393171418904,0.0,2.3978952727983707,3.0,0.04974209189481407,6.3635060708078885,26,4.824142035212465,29,6.747521612438676,2,5.175645337325683,35,0.4418604651162791,0.3139396294195347,0.7811725281294049,0.34518289623150245,0.7458844569232419,0.0,1492.9526449357843,7.309180668360277,44,3.8066624897703196,17.55660743932342,288.01,0.0,0.3667441860465116,2.1102132003465894,0.4054651081081644,2.277267285009756,10.35358335788973,30052.505267011682,60.59126620159401,0,11073670.952782217,8.565401497864876
Casa,,6370000,9.0,3.0,391.0,Estado De Hidalgo 37-A,"Estado De Hidalgo 37-A, Providencia, Gustavo A. Madero, Distrito Federal",False,https://casa.mercadolibre.com.mx/MLM-5030586078-casa-en-venta-en-gustavo-a-madero-_JM,0.0,0,Gustavo A. Madero,0.83,casa,gustavo a. madero,16291.56010230179,19.4827579,-99.0666077,providencia ii,7.4191876900530955,0,6.794504357841515,0,8.700733784998892,0,6.075885014597407,0,8.517393171418904,0.0,1.3862943611198906,3.0,0.04974209189481407,7.569841551516576,0,6.21637500180188,4,7.919286066464057,0,5.910008965432182,23,0.06395348837209303,0.02074051792689652,0.367964627898799,0.0321929125910733,0.5418050103768914,0.0,4003.111614512741,8.295077015799022,14,2.70805020110221,17.913785519371388,324.53,0.0,0.053081395348837206,0.6931471805599453,0.0,1.9095425048844386,10.212964611723072,29837.76562298692,60.98428585711239,2,7810243.763298511,22.60979220248839
Casa,,5100000,4.0,2.0,179.0,Norte 66 A,"Norte 66 A, Cuchilla La Joya, Gustavo A. Madero, Distrito Federal",False,https://casa.mercadolibre.com.mx/MLM-5257430206-casa-en-venta-en-gustavo-a-madero-_JM,0.0,0,Gustavo A. Madero,0.83,casa,gustavo a. madero,28491.620111731845,19.462891,-99.109876,belisario dominguez,5.682678258576939,1,6.23087258494314,1,8.25071442486282,0,1.788698009067588,5,8.517393171418904,0.0,1.0986122886681098,3.0,0.04974209189481407,5.930434977403912,50,4.40731660586098,34,7.109765271785233,0,4.6385744402904665,40,0.6337209302325582,0.47206606439238114,0.8503578687223813,0.216844386128669,0.8431069954213767,0.0,1339.9680887458485,7.2011470863884295,61,4.127134385045092,15.578870552670631,148.57,0.83,0.5259883720930233,2.2512917986064953,0.0,2.3978952727983707,10.285279541158753,27751.655397431936,53.411012856581266,1,4959130.548920871,-2.7621460995907694
Edificio,,8950000,0.0,7.0,322.0,Granate,"Granate, Estrella, Gustavo A. Madero, Distrito Federal",False,https://inmueble.mercadolibre.com.mx/MLM-2798096155-edificio-en-venta-en-estrella-gam-gustavo-a-madero-_JM,0.0,0,Gustavo A. Madero,0.83,edificio,gustavo a. madero,27795.03105590062,19.473702,-99.1177252,estrella,6.794068093365246,0,6.24877848661767,1,7.805242835453992,0,5.988318820152086,0,8.517393171418904,0.0,2.3978952727983707,3.0,0.04974209189481407,5.8905679936152255,45,4.561837246736343,36,6.930518704504719,0,4.483699563841433,63,0.7441860465116279,0.48615817885044554,0.8273574078553787,0.2787247309015487,0.8642128568581919,0.0,823.3702651183237,6.714619779853354,112,4.727387818712341,17.33295696966797,267.26,0.0,0.6176744186046511,2.302585092994046,0.0,2.8183982582710754,10.415966024865286,33272.979814569226,60.179830302171176,1,8772238.75126999,-1.9861592036872562
Departamento,,1350000,3.0,1.0,76.0,San Felipe De Jesús,"San Felipe De Jesús, Gustavo A. Madero, Distrito Federal",False,https://departamento.mercadolibre.com.mx/MLM-5376526932-san-felipe-de-jesus-3-recamaras-_JM,0.0,0,Gustavo A. Madero,0.83,departamento,gustavo a. madero,17763.157894736843,19.5015185,-99.0734791,san felipe de jesus iii,8.022088970704772,0,7.277289030068189,0,8.549379607993883,0,6.974653354281575,0,8.517393171418904,0.0,0.0,3.0,0.04974209189481407,7.243881460035594,0,3.173312456069469,14,8.189109163805291,0,4.786028705596012,23,0.12209302325581395,0.060990863052821996,0.9552588264906702,0.011101882680892995,0.8203362680151541,0.0,4686.409255576326,8.452635311280899,9,2.302585092994046,13.031416265561052,63.08,0.0,0.10133720930232558,1.5040773967762742,0.0,1.9095425048844386,10.335988882302491,29991.75994671389,44.89752454716496,2,2220339.5009723064,64.46959266461528
Casa,,7500000,4.0,2.0,249.0,Natal 670,"Natal 670, Montevideo, Gustavo A. Madero, Distrito Federal",False,https://casa.mercadolibre.com.mx/MLM-2901302289-casa-en-venta-en-calle-natal-esquina-con-montevideo-_JM,0.0,0,Gustavo A. Madero,0.83,casa,gustavo a. madero,30120.481927710844,19.4940713,-99.1369816,lindavista i,6.536849604346571,0,5.780568966765072,1,7.348180405156135,0,4.788745505281257,3,8.517393171418904,0.0,2.302585092994046,3.0,0.04974209189481407,6.804565749784871,13,5.1481300569164,25,6.745364146204911,3,4.721522953028369,38,0.36627906976744184,0.16498313530727138,0.7101928621150461,0.34597602691684337,0.8306345521234864,0.0,1599.284614324697,7.3779367763613335,60,4.110873864173311,16.564382753586738,206.67,0.0,0.3040116279069767,1.9810014688665833,0.5596157879354227,2.3513752571634776,10.362283838158312,29992.032829712047,57.214945232186714,0,7750708.588496949,3.3427811799593146
Casa,Venta Casas Acueducto De Guadalupe T-df0085-0611,9100000,12.0,12.0,500.0,17-A,"17-A, Acueducto De Guadalupe, Gustavo A. Madero, Distrito Federal",False,https://casa.mercadolibre.com.mx/MLM-5204105464-venta-casas-acueducto-de-guadalupe-t-df0085-0611-_JM,0.0,0,Gustavo A. Madero,0.83,casa,gustavo a. madero,18200.0,19.4827949,-99.1133606,villa gustavo a madero,6.2907000543457725,0,4.638608842370119,4,7.428671648826814,0,4.83941973227143,4,8.517393171418904,0.0,2.3978952727983707,3.0,0.04974209189481407,6.256727170396941,17,3.752433961891959,21,6.183502466161169,2,5.013195991485201,66,0.5232558139534884,0.3530948131398247,0.9201216352103501,0.5462884032465132,0.7795999869975988,0.0,931.8526222749308,6.838247227250055,81,4.406719247264253,18.649818303254595,415.0,0.0,0.43430232558139537,1.8325814637483102,0.4054651081081644,2.8622008809294686,10.460351648682247,36835.111303987185,65.02788587869118,1,11455810.115100922,25.888023242867277
Casa,,5300000,4.0,2.0,264.0,Gabriel Hernández,"Gabriel Hernández, Gustavo A. Madero, Distrito Federal",False,https://casa.mercadolibre.com.mx/MLM-5357496656-casa-en-venta-gabriel-hernandez-gustavo-a-madero-_JM,0.0,0,Gustavo A. Madero,0.83,casa,gustavo a. madero,20075.757575757576,19.4994284,-99.1032894,gabriel hernandez,7.375696916645292,0,7.234215727760159,0,7.620600376489544,0,7.4261183597943505,0,8.517393171418904,0.0,1.0986122886681098,3.0,0.04974209189481407,7.19678167332815,0,6.6464750850382535,13,7.451178328552056,0,5.467895321137131,24,0.12209302325581395,0.06937324977285171,0.21478231683391205,0.11635450977168536,0.6748477056676346,0.0,1561.496933519929,7.354040419061385,14,2.70805020110221,16.739189477958668,219.11999999999998,0.0,0.10133720930232558,1.4469189829363254,0.0,1.9459101490553132,10.459700620687318,34490.37846931382,58.362303524135626,0,7464129.257255811,40.832627495392664
Casa,,6800000,5.0,3.0,347.0,La Joya,"La Joya, Gustavo A. Madero, Distrito Federal",False,https://casa.mercadolibre.com.mx/MLM-2937241919-casa-en-venta-la-joya-gustavo-a-madero-_JM,0.0,0,Gustavo A. Madero,0.83,casa,gustavo a. madero,19596.541786743517,19.460573,-99.1095538,cuchilla la joya,6.248165158825815,0,6.0643603443495095,2,8.314706474519898,0,5.532775840806781,4,8.517393171418904,0.0,1.0986122886681098,3.0,0.04974209189481407,5.889159151635214,54,1.9076812553642233,28,6.901371217033163,1,4.341987220613301,43,0.6395348837209303,0.48665343089387475,0.988590689022125,0.2891541502806108,0.8812327118225912,0.0,1543.0561663421704,7.342168107087707,36,3.6109179126442243,17.55660743932342,288.01,0.0,0.5308139534883721,2.0794415416798357,0.22314355131420976,2.463853240590168,10.262307068044148,27285.741022384114,60.05709887181508,1,9052654.01644257,33.127264947684864
Edificio,,9200000,0.0,0.0,301.0,Poniente 122,"Poniente 122, Ampliación Panamericana, Gustavo A. Madero, Distrito Federal",False,https://inmueble.mercadolibre.com.mx/MLM-5243371202-edificio-habitacional-y-comercial-en-venta-_JM,0.0,0,Gustavo A. Madero,0.83,edificio,gustavo a. madero,30564.784053156145,19.4679344,-99.1422687,vallejo poniente,5.734103517829716,1,5.041705636004596,5,8.215837357273655,0,6.16013394220604,0,8.517393171418904,0.0,2.1972245773362196,3.0,0.04974209189481407,6.255937623771691,59,5.202544811469111,94,5.635282550386322,5,5.566679198997665,20,0.9476744186046512,0.3533855958155302,0.6966527032751642,0.7054477481123385,0.6477351261888508,0.0,1342.6123986693096,7.2031170856423525,35,3.58351893845611,17.13128105212461,249.82999999999998,0.83,0.7865697674418605,3.1986731175506815,0.8109302162163288,1.791759469228055,10.280081354851244,25054.05152439116,58.7036543095542,1,6923348.290542056,-24.746214233238522
Casa,Venta Casas San Juan De Aragon I Seccion T-df0227-0047,5500000,6.0,3.0,170.0,AV. 523,"AV. 523, San Juan De Aragón I Sección, Gustavo A. Madero, Distrito Federal",False,https://casa.mercadolibre.com.mx/MLM-2919058787-venta-casas-san-juan-de-aragon-i-seccion-t-df0227-0047-_JM,0.0,0,Gustavo A. Madero,0.83,casa,gustavo a. madero,32352.941176470587,19.4570658,-99.0916841,san juan de aragon 1a seccion (u hab) i,6.684489567701648,0,7.32173393163166,0,8.579911183339277,0,6.227546997572325,0,8.517393171418904,0.0,1.0986122886681098,3.0,0.04974209189481407,7.12156810390318,0,4.702470728652731,47,4.806726684027523,2,5.136119954692357,32,0.37790697674418605,0.0841813671993081,0.8037730579425437,0.859277663628854,0.7544564083590046,0.0,387.2298157025198,5.961597472789472,26,3.295836866004329,15.42499066950798,141.1,0.0,0.3136627906976744,2.545531271604435,0.4054651081081644,2.1972245773362196,10.381602063846831,33583.19601184761,53.37870498979405,2,4677796.07825243,-14.94916221359218
Departamento,,3150000,3.0,2.0,58.0,Guadalupe Tepeyac,"Guadalupe Tepeyac, Gustavo A. Madero, Distrito Federal",False,https://departamento.mercadolibre.com.mx/MLM-2834096543-departamento-en-venta-guadalupe-tepeyac-gustavo-a-madero-_JM,0.0,0,Gustavo A. Madero,0.83,departamento,gustavo a. madero,54310.34482758621,19.4675479,-99.1205924,guadalupe tepeyac,6.868090228102709,0,6.179597934809932,2,8.036819566325962,0,4.5535922320885875,4,8.517393171418904,0.0,2.1972245773362196,3.0,0.04974209189481407,5.752539199161273,47,4.407367290964566,46,7.312000614851278,0,4.301367336990282,51,0.7441860465116279,0.5336692930014773,0.8503507958707023,0.15389814040650712,0.8857377266338726,0.0,1384.120667509458,7.23354253938188,95,4.564348191467836,12.23261233171716,48.14,0.0,0.6176744186046511,2.5257286443082556,0.0,2.6210388241125804,10.481580741498268,34049.51468714505,42.739037944780264,1,2335694.2756670993,-25.850975375647643
Casa,Venta Casas Acueducto De Guadalupe T-df0085-0619,6200000,4.0,3.0,160.0,FARALLONES,"FARALLONES, Acueducto De Guadalupe, Gustavo A. Madero, Distrito Federal",False,https://casa.mercadolibre.com.mx/MLM-5352863586-venta-casas-acueducto-de-guadalupe-t-df0085-0619-_JM,0.0,0,Gustavo A. Madero,0.83,casa,gustavo a. madero,38750.0,19.5243614,-99.1517115,acueducto de guadalupe (rdcial),7.876542170827041,0,7.221055766900711,0,7.084214341677838,0,7.628770502875198,0,8.517393171418904,0.0,1.9459101490553132,3.0,0.04974209189481407,8.160933894654333,0,4.752727740105623,28,7.4860778124556715,0,4.889838776598601,37,0.28488372093023256,0.0009110524074325768,0.7946925270018891,0.10779153451293284,0.8026095672334981,0.0,4722.530095525681,8.460311700634998,50,3.9318256327243257,15.24421309495339,132.79999999999998,0.0,0.236453488372093,2.0794415416798357,0.0,2.327277705584417,10.081980432491509,22381.585726256468,51.2306193773503,0,4014110.4337090296,-35.25628332727372
Casa,,5400000,4.0,2.0,202.0,H. Congreso De La Unión 3640,"H. Congreso De La Unión 3640, Mártires De Río Blanco, Gustavo A. Madero, Distrito Federal",False,https://casa.mercadolibre.com.mx/MLM-5058002512-casa-en-venta-en-martires-de-rio-blanco-gustavo-a-madero-cdmx-_JM,0.0,0,Gustavo A. Madero,0.83,casa,gustavo a. madero,26732.673267326732,19.4634243,-99.1124864,tablas de san agustin,4.975773660110356,1,6.664573921520385,0,8.213259411679102,0,3.94367015987755,4,8.517393171418904,0.0,1.9459101490553132,3.0,0.04974209189481407,6.439004598034882,38,4.852958028247471,38,7.117714995867949,0,5.017472815011847,37,0.5697674418604651,0.28662883244447185,0.7755075057037363,0.2142127806808421,0.778762956961586,0.0,1307.2044938237088,7.176410860641002,81,4.406719247264253,15.939617937125362,167.66,0.83,0.472906976744186,2.3513752571634776,0.0,2.327277705584417,10.28531166750134,26426.874780827337,54.64797944807637,1,5485218.538432504,1.5781210820834084
Departamento,,4800000,3.0,2.0,120.0,Acueducto De Guadalupe,"Acueducto De Guadalupe, Gustavo A. Madero, Distrito Federal",False,https://departamento.mercadolibre.com.mx/MLM-5262348176-departamento-en-venta-ubicacion-gustavo-a-madero-cod-dv1202-_JM,0.0,0,Gustavo A. Madero,0.83,departamento,gustavo a. madero,40000.0,19.4889617,-99.1171639,santa isabel tola (pblo),6.617722967364068,0,5.355419449992465,5,6.797533642851436,0,4.6215617957496375,2,8.517393171418904,0.0,2.3978952727983707,3.0,0.04974209189481407,6.632233293636945,7,5.194307647685458,33,5.912959641419291,3,4.399065533958849,71,0.5697674418604651,0.21951131861774165,0.6987329780153586,0.6306534579499847,0.8746268110645422,0.0,814.7508162754261,6.704108936117032,79,4.382026634673881,14.387371636790224,99.6,0.0,0.472906976744186,2.224623551524334,0.5596157879354227,2.9311937524164198,10.361742280289441,30007.744625598552,49.69274566372212,1,3491044.69890674,-27.269902106109576
Casa,,8400000,4.0,3.0,492.0,Boca Del Río,"Boca Del Río, Residencial Acueducto De Guadalupe, Gustavo A. Madero, Distrito Federal",False,https://casa.mercadolibre.com.mx/MLM-5086387624-casa-en-venta-en-residencial-acueducto-de-guadalupe-gustavo-a-madero-cdmx-_JM,0.0,0,Gustavo A. Madero,0.83,casa,gustavo a. madero,17073.170731707316,19.5215525,-99.1453363,acueducto de guadalupe (rdcial),7.760548509222438,0,7.531791475282267,0,6.685036273513708,0,7.424086464773029,0,8.517393171418904,0.0,1.9459101490553132,3.0,0.04974209189481407,8.052752250176828,0,5.698043384134241,37,6.980512572868,0,4.761760050776605,39,0.3488372093023256,0.0018680434523418907,0.5518017708614547,0.2610386357890641,0.8242737011398237,0.0,4019.4520041048117,8.299149614124337,46,3.8501476017100584,18.60152752212807,408.35999999999996,0.0,0.2895348837209302,2.327277705584417,0.0,2.3749057545736716,10.148777270098018,24798.82221577948,62.92758656855868,0,10669359.590056522,27.016185595910976
Departamento,,5100000,3.0,2.0,119.0,Lindavista,"Lindavista, San Bartolo Atepehuacan, Gustavo A. Madero, Distrito Federal",False,https://departamento.mercadolibre.com.mx/MLM-2798123405-departamento-en-venta-colonia-san-bartolo-atepehuacan-_JM,0.0,0,Gustavo A. Madero,0.83,departamento,gustavo a. madero,42857.142857142855,19.4880621,-99.1350725,lindavista i,1.8919185848989946,1,5.902386874505643,1,7.361551665676381,0,6.637218982232559,0,8.517393171418904,0.0,2.302585092994046,3.0,0.04974209189481407,6.756265931874039,21,4.714718403403687,37,5.239877456790106,5,4.5032082309500145,40,0.5116279069767442,0.1796303635690469,0.8015926050957036,0.7909197822215368,0.8617035433709916,0.0,996.6014183676193,6.905353816144707,50,3.9318256327243257,14.362475228346138,98.77,0.83,0.42465116279069764,2.327277705584417,0.8109302162163288,2.3978952727983707,10.50386962146602,37320.10253562425,50.287189080027744,1,4214153.440577191,-17.369540380839386
Departamento,Venta De Departamento,4550000,3.0,2.0,94.0,Avenida Insurgentes Norte 1932,"Avenida Insurgentes Norte 1932, Colonia Lindavista Sur, Gustavo A. Madero, Distrito Federal",False,https://departamento.mercadolibre.com.mx/MLM-5153546486-venta-de-departamento-_JM,0.0,0,Gustavo A. Madero,0.83,departamento,gustavo a. madero,48404.255319148935,19.5009923,-99.1181434,residencial zacatenco,6.466041944568522,0,6.189685550467682,1,6.622229817064165,0,7.256280237489756,0,8.517393171418904,0.0,1.791759469228055,3.0,0.04974209189481407,7.640778364563422,0,4.053443338923205,36,7.348769206622653,0,4.329610836854658,40,0.3488372093023256,0.015596223283303531,0.8929801978547047,0.1434737859040453,0.882622317832567,0.0,520.4707588906796,6.256653201709969,70,4.2626798770413155,13.661630674801621,78.02,0.0,0.2895348837209302,2.302585092994046,0.0,2.3978952727983707,10.469276663182825,33216.943635279735,47.67579706824108,0,3620177.590790564,-20.435657345262324
Casa,,8300000,11.0,9.0,536.0,Pedernal,"Pedernal, Tres Estrellas, Gustavo A. Madero, Distrito Federal",False,https://casa.mercadolibre.com.mx/MLM-5030565204-casa-de-productos-en-venta-colonia-tres-estrellas-_JM,0.0,0,Gustavo A. Madero,0.83,casa,gustavo a. madero,15485.074626865671,19.4711584,-99.1100247,tres estrellas,6.024147734085105,1,6.767550634876084,0,7.999425391139908,0,6.736911968826937,0,8.517393171418904,0.0,2.0794415416798357,3.0,0.04974209189481407,6.591568717283431,32,4.237921197980693,25,7.149088096543521,0,4.756931231262069,35,0.4476744186046512,0.2332027816112605,0.8723823878260584,0.20393972817263678,0.825048025721573,0.0,425.0951102327009,6.054662584806838,83,4.430816798843313,18.857994283526594,444.88,0.83,0.3715697674418605,1.9810014688665833,0.0,2.277267285009756,10.511494059320187,37971.685436122476,66.07523162732795,2,8176151.497842093,-1.4921506284085182
Departamento,Se Vende Hermoso Departamento Ubicado En Tercer Nivel Remodelado.,1970000,2.0,1.0,65.0,Henry Ford,"Henry Ford, Bondojito, Gustavo A. Madero, Distrito Federal",False,https://departamento.mercadolibre.com.mx/MLM-5029452966-se-vende-hermoso-departamento-ubicado-en-tercer-nivel-remodelado-_JM,0.0,0,Gustavo A. Madero,0.83,departamento,gustavo a. madero,30307.69230769231,19.4710045,-99.1223853,guadalupe tepeyac,7.091670128253646,0,5.074518266248198,3,7.902989278556837,0,1.3444021048759847,6,8.517393171418904,0.0,2.3978952727983707,3.0,0.04974209189481407,3.4845471876070127,50,4.9208162268367035,50,6.988823039776204,0,3.7049720987972017,53,0.7965116279069767,0.9387413247460358,0.7616798407426493,0.25812650852697633,0.9360545522238265,0.0,1372.9588705381548,7.225451538228114,112,4.727387818712341,12.568964226079276,53.949999999999996,0.0,0.6611046511627906,2.6026896854443837,0.0,2.6567569067146595,10.464100946549344,35938.409768496764,43.840970151753666,1,2481520.771488809,25.965521395371017
Departamento,Venta Departamento 2 Ambientes Residencial Zacatenco,3900000,2.0,2.0,74.0,Cienfuegos,"Cienfuegos, 1166, Residencial Zacatenco, Gustavo A. Madero, Distrito Federal",False,https://departamento.mercadolibre.com.mx/MLM-2756053045-venta-departamento-2-ambientes-residencial-zacatenco-_JM,0.0,0,Gustavo A. Madero,0.83,departamento,gustavo a. madero,52702.7027027027,19.4891543,-99.1324907,lindavista i,5.688031608961527,1,4.965656400724022,2,7.155024096997166,0,6.542775344667126,0,8.517393171418904,0.0,2.5649493574615367,3.0,0.04974209189481407,7.051619511341237,0,4.931031664392007,28,5.546698458469812,6,5.848624413825942,66,0.4941860465116279,0.09951422834936491,0.7595381753305169,0.7267032313060252,0.5619953161363023,0.0,1226.9789724165444,7.113124985121184,61,4.127134385045092,12.95246434060893,61.419999999999995,0.83,0.41017441860465115,2.0794415416798357,0.9162907318741551,2.8622008809294686,10.63536854976117,38823.670317587246,45.918077296671754,1,2989124.4469291177,-23.355783412073905
Local Comercial,,7990000,0.0,1.0,360.0,San Bartolo Atepehuacan,"San Bartolo Atepehuacan, Gustavo A. Madero, Distrito Federal",False,https://inmueble.mercadolibre.com.mx/MLM-2785486429-local-con-bodega-en-venta-elevador-interno-3-niveles-_JM,0.0,0,Gustavo A. Madero,0.83,local comercial,gustavo a. madero,22194.444444444445,19.4933278,-99.1413426,san bartolo atepehuacan (pblo),6.3392306434454175,0,5.633329815297284,2,7.609460650519145,0,5.761294144538326,0,8.517393171418904,0.0,2.4849066497880004,3.0,0.04974209189481407,6.096285779912863,27,3.6350436085459963,31,6.854646259732818,1,4.973052081934054,35,0.45348837209302323,0.4121327983048999,0.9288509340417841,0.30602276540425316,0.7873267746128081,0.0,1535.1899940823173,7.337060600122146,42,3.7612001156935624,17.66663387499864,298.8,0.0,0.37639534883720926,2.169053700369523,0.22314355131420976,2.277267285009756,10.370179728619696,30001.91352955811,61.06872282781898,0,9882797.585667921,23.689581798096636
Edificio,Venta Edificios Guadalupe Tepeyac T-df0219-0084,11000000,0.0,0.0,502.0,AV NOE,"AV NOE, Guadalupe Tepeyac, Gustavo A. Madero, Distrito Federal",False,https://inmueble.mercadolibre.com.mx/MLM-2738915849-venta-edificios-guadalupe-tepeyac-t-df0219-0084-_JM,0.0,0,Gustavo A. Madero,0.83,edificio,gustavo a. madero,21912.350597609562,19.4668194,-99.1210265,guadalupe tepeyac,6.796866597408775,0,6.106779074124172,2,8.061821602172362,0,3.6940332532213325,4,8.517393171418904,0.0,2.1972245773362196,3.0,0.04974209189481407,5.706120781316243,48,2.8479551052665406,48,7.356439682922987,0,4.37601191424787,54,0.7790697674418605,0.549138481792401,0.968017675039145,0.14134340601688913,0.8773343548124324,0.0,1469.220028701289,7.293167347960572,94,4.553876891600541,18.661770510299217,416.65999999999997,0.0,0.6466279069767442,2.5649493574615367,0.0,2.6741486494265287,10.479077243635205,37898.965108154036,65.18604489347302,1,13973137.592659365,27.028523569630597
Departamento,,2950000,2.0,1.0,59.0,Calzada Vallejo,"Calzada Vallejo, Nueva Vallejo, Gustavo A. Madero, Distrito Federal",False,https://departamento.mercadolibre.com.mx/MLM-2811217889-departamento-en-venta-colonia-nueva-vallejo-gustavo-a-madero-cdmx-_JM,0.0,0,Gustavo A. Madero,0.83,departamento,gustavo a. madero,50000.0,19.5167815,-99.162361,progreso nacional (ampl),7.720875440616972,0,5.005127511394769,2,7.843064158979215,0,7.49347329314032,0,8.517393171418904,0.0,1.3862943611198906,3.0,0.04974209189481407,8.038419960164537,0,5.448758060226513,14,7.841235552941319,0,5.492588473076576,24,0.12790697674418605,0.0020428086731922096,0.6294313114922967,0.041671757246970725,0.6682173222342377,0.0,4801.358168443002,8.476862361347264,37,3.6375861597263857,12.2830336866663,48.97,0.0,0.10616279069767441,1.5040773967762742,0.0,1.9459101490553132,10.116901800716048,24279.773009664827,41.42208187429673,0,1600006.194826418,-45.76250187029091
Departamento,,2535000,2.0,1.0,63.0,Caruso 321,"Caruso 321, Industrial Vallejo, Gustavo A. Madero, Distrito Federal",False,https://departamento.mercadolibre.com.mx/MLM-2855931119-departamento-en-venta-en-vallejo-gustavo-a-madero-ciudad-de-mexico-_JM,0.0,0,Gustavo A. Madero,0.83,departamento,gustavo a. madero,40238.09523809524,19.4663071,-99.1305462,vallejo ii,5.874901600383775,1,6.170592311469679,2,8.113830480842429,0,5.898895172992426,0,8.517393171418904,0.0,2.70805020110221,3.0,0.04974209189481407,6.3805219587670265,77,4.306095054692093,65,7.161324728257749,0,3.4034868157152065,43,0.9883720930232558,0.3077488003849455,0.8638978559545754,0.1999833657071356,0.9527069395832023,0.0,1706.071551150794,7.442534638231614,86,4.465908118654584,12.476649250079014,52.29,0.83,0.8203488372093023,2.847812143477369,0.0,2.463853240590168,10.332034909909353,28137.421361868244,42.96972520350358,1,2104214.9206552613,-16.993494254230328
Departamento,,2432700,3.0,1.0,77.0,Ampliación San Juan De Aragón,"Ampliación San Juan De Aragón, Gustavo A. Madero, Distrito Federal",False,https://departamento.mercadolibre.com.mx/MLM-5263949014-departamento-en-venta-ubicado-san-juan-de-aragon-iii-gustavo-a-madero-cdmx-_JM,0.0,0,Gustavo A. Madero,0.83,departamento,gustavo a. madero,31593.506493506495,19.4762375,-99.0838386,casas aleman (ampl) i,7.7688383487039765,0,6.256477627784433,1,8.424795561802682,0,5.413237305358869,4,8.517393171418904,0.0,1.6094379124341003,3.0,0.04974209189481407,7.277130430653596,0,5.459351456856334,17,7.20346000960831,0,5.267291203462881,42,0.25,0.05548400126134835,0.6263224116089662,0.1865900073435505,0.7250726639740844,0.0,2276.217708167323,7.730709673336575,42,3.7612001156935624,13.070126480068776,63.91,0.0,0.2075,1.6582280766035324,0.0,2.4423470353692043,10.150514530170264,25870.71853874179,44.22283624903375,2,2521979.185558097,3.6699628214780686
Departamento,Venta Departamento 2 Ambientes Santa Rosa,1570000,2.0,2.0,47.0,OPALO,"OPALO, S/N, Santa Rosa, Gustavo A. Madero, Distrito Federal",False,https://departamento.mercadolibre.com.mx/MLM-5179144778-venta-departamento-2-ambientes-santa-rosa-_JM,0.0,0,Gustavo A. Madero,0.83,departamento,gustavo a. madero,33404.255319148935,19.4732388,-99.1165418,estrella,6.807599434308377,0,6.47959256972124,0,7.836085798327155,0,6.261407898442235,0,8.517393171418904,0.0,2.3978952727983707,3.0,0.04974209189481407,6.205747236932359,42,5.13259920513376,33,7.043101186589459,0,4.488654510457797,59,0.686046511627907,0.37188214841137107,0.7139702392322705,0.23932903795744415,0.8635794662335632,0.0,713.6752552644007,6.5718282510777986,109,4.700480365792417,11.613603032723674,39.01,0.0,0.5694186046511628,2.224623551524334,0.0,2.7568403652716422,10.371124851757983,31615.068268822342,40.14870901037746,1,1761569.1903928686,12.201859260692267
Departamento,Venta Departamentos Industrial T-df0215-0103,2490000,2.0,1.0,55.0,AV HUASTECA,"AV HUASTECA, Industrial, Gustavo A. Madero, Distrito Federal",False,https://departamento.mercadolibre.com.mx/MLM-5309688794-venta-departamentos-industrial-t-df0215-0103-_JM,0.0,0,Gustavo A. Madero,0.83,departamento,gustavo a. madero,45272.72727272727,19.4743339,-99.1245531,industrial i,6.739844620393714,0,5.569689724800815,2,7.761867433577541,0,5.15022018826752,4,8.517393171418904,0.0,2.6390573296152584,3.0,0.04974209189481407,5.729933203361168,46,5.702428317180686,49,6.5534833455313395,1,2.8282518005970867,49,0.75,0.5412373371500186,0.5503570357873624,0.416505687282811,0.9738222978096044,0.0,1529.0970442883443,7.333086440014474,100,4.61512051684126,12.076055072205449,45.65,0.0,0.6224999999999999,2.583997552432231,0.22314355131420976,2.583997552432231,10.444104574389804,34732.71058469628,42.04119400673471,1,1899552.6968718162,-23.71274309751742
Edificio,Venta De Edificio Para Clínica,16800000,0.0,6.0,590.0,Asperon 6240,"Asperon 6240, Aragón Inguaran, Gustavo A. Madero, Distrito Federal",False,https://inmueble.mercadolibre.com.mx/MLM-5022578432-venta-de-edificio-para-clinica-_JM,0.0,0,Gustavo A. Madero,0.83,edificio,gustavo a. madero,28474.57627118644,19.4718252,-99.1121944,tres estrellas,6.257247553944215,0,7.0075970862959265,0,7.944444435679821,0,6.716784915081815,0,8.517393171418904,0.0,2.302585092994046,3.0,0.04974209189481407,6.830904247856184,9,5.150481192429192,23,7.212828261735628,0,5.600200655301544,38,0.313953488372093,0.1572284264816183,0.7096176564623221,0.1836625778216179,0.6381802838813133,0.0,420.0619222281311,6.042779906543909,97,4.584967478670572,19.145448052218295,489.7,0.0,0.2605813953488372,1.9095425048844386,0.0,2.3513752571634776,10.492647250072636,37971.685436122476,66.9621442855056,2,15583167.184451727,-7.243052473501624
Casa,,9900000,2.0,1.0,450.0,Norte 74-A,"Norte 74-A, Faja De Oro, Gustavo A. Madero, Distrito Federal",False,https://casa.mercadolibre.com.mx/MLM-4473944872-se-vende-casa-con-restaurante-de-mariscos-y-departamento-en-col-faja-de-oro-gustavo-a-madero-_JM,0.0,0,Gustavo A. Madero,0.83,casa,gustavo a. madero,22000.0,19.4728505,-99.1452223,heroe de nacozari,6.612812071760705,0,5.166676256606664,3,8.152886788088523,0,3.5338106644198857,3,8.517393171418904,0.0,1.791759469228055,3.0,0.04974209189481407,6.477655411531097,45,4.211260245409976,82,6.5931817851286105,3,5.792238919538406,27,0.8197674418604651,0.2728349442211506,0.875567564131085,0.4019710330214064,0.5800873012177177,0.0,1028.3292014364113,6.936662608319936,29,3.4011973816621555,18.334402018508037,373.5,0.0,0.680406976744186,3.068052935133617,0.5596157879354227,2.0476928433652555,10.191331858707352,24200.733242669856,62.28399180052311,1,10503382.31353039,6.094770843741306
Edificio,Venta De Edificio Para Clínica,16800000,0.0,6.0,590.0,Asperon 6240,"Asperon 6240, Aragón Inguaran, Gustavo A. Madero, Distrito Federal",False,https://inmueble.mercadolibre.com.mx/MLM-2760683007-venta-de-edificio-para-clinica-_JM,0.0,0,Gustavo A. Madero,0.83,edificio,gustavo a. madero,28474.57627118644,19.4718252,-99.1121944,tres estrellas,6.257247553944215,0,7.0075970862959265,0,7.944444435679821,0,6.716784915081815,0,8.517393171418904,0.0,2.302585092994046,3.0,0.04974209189481407,6.830904247856184,9,5.150481192429192,23,7.212828261735628,0,5.600200655301544,38,0.313953488372093,0.1572284264816183,0.7096176564623221,0.1836625778216179,0.6381802838813133,0.0,420.0619222281311,6.042779906543909,97,4.584967478670572,19.145448052218295,489.7,0.0,0.2605813953488372,1.9095425048844386,0.0,2.3513752571634776,10.492647250072636,37971.685436122476,66.9621442855056,2,15583167.184451727,-7.243052473501624
Departamento,,2711500,2.0,1.0,58.0,Vallejo,"Vallejo, Gustavo A. Madero, Distrito Federal",False,https://departamento.mercadolibre.com.mx/MLM-5264318106-departamento-en-venta-ubicado-vallejo-gustavo-a-madero-cdmx-_JM,0.0,0,Gustavo A. Madero,0.83,departamento,gustavo a. madero,46750.0,19.5049574,-99.1536746,la patera-condomodulos (u hab),6.503311877357102,0,6.001871605675147,2,7.702687280344473,0,5.5947266124633765,1,8.517393171418904,0.0,2.302585092994046,3.0,0.04974209189481407,7.31772539685809,0,4.5876436881597105,27,7.568753081625403,0,5.570851494073683,9,0.11627906976744186,0.0492155564358942,0.8232254001375913,0.08895231863638041,0.6465555938225895,0.0,3211.454703092182,8.074790628899299,52,3.970291913552122,12.23261233171716,48.14,0.0,0.09651162790697673,2.0476928433652555,0.0,1.1786549963416462,10.380206377642889,31271.641660097088,42.325680180307835,0,2015475.0156013747,-25.669370621376558
Casa,,22000000,6.0,8.0,589.0,Trujillo,"Trujillo, Lindavista Sur, Gustavo A. Madero, Distrito Federal",True,https://casa.mercadolibre.com.mx/MLM-2945983485-casa-en-venta-en-lindavista-sur-_JM,0.0,0,Gustavo A. Madero,0.83,casa,gustavo a. madero,37351.44312393888,19.4927502,-99.1342708,lindavista i,6.255670461862165,0,5.731887890340844,2,7.167216289337453,0,5.545412269923136,1,8.517393171418904,0.0,2.3978952727983707,3.0,0.04974209189481407,7.018104252145441,0,4.887192051791502,21,6.445985440095331,4,4.840119144341188,58,0.38953488372093026,0.10738493475404252,0.7686177233112158,0.45545461541666266,0.8112810793704318,0.0,1513.834520804593,7.323061484786058,68,4.23410650459726,19.140367610699293,488.87,0.0,0.3233139534883721,1.8325814637483102,0.6931471805599453,2.740840023925201,10.350428010486471,29382.588184391778,66.03699901626332,0,16142872.136212172,-26.62330847176285
Casa,,11950000,6.0,4.0,560.0,Salaverry,"Salaverry, Residencial Zacatenco, Gustavo A. Madero, Distrito Federal",False,https://casa.mercadolibre.com.mx/MLM-2753916801-casa-sola-en-venta-en-residencial-zacatenco-gustavo-a-madero-ciudad-de-mexico-_JM,0.0,0,Gustavo A. Madero,0.83,casa,gustavo a. madero,21339.285714285714,19.5036666,-99.1264059,residencial zacatenco,7.067114701343387,0,6.938642940020723,0,6.917274091249417,0,6.881090109047486,0,8.517393171418904,0.0,1.791759469228055,3.0,0.04974209189481407,7.758888361844969,0,5.054232124674284,44,7.4419997810297165,0,0.8467415648524692,39,0.38953488372093026,0.009254931482208698,0.7324440374009701,0.11866528920263233,0.9977824030570195,0.0,1216.5226355780787,7.104573446634497,74,4.31748811353631,18.98916271656809,464.79999999999995,0.0,0.3233139534883721,2.4849066497880004,0.0,2.3749057545736716,10.507868959733836,37004.73696635942,66.51187782692028,0,16680256.374576025,39.583735352100625
Casa,,6400000,3.0,3.0,165.0,01730 Ciudad De México,"01730 Ciudad De México, CDMX, México, Gustavo A. Madero, Distrito Federal",False,https://casa.mercadolibre.com.mx/MLM-5204814728-casa-sola-en-lomas-de-las-aguilas-alvaro-obregon-ciudad-de-mexico-task-9-cs-_JM,0.0,0,Gustavo A. Madero,0.83,casa,gustavo a. madero,38787.878787878784,19.4764273,-99.0793716,casas aleman (ampl) i,7.735865801109382,0,5.581675619386566,3,8.511027648718478,0,4.15277570151597,4,8.517393171418904,0.0,1.6094379124341003,3.0,0.04974209189481407,7.1847466628482275,0,5.47204086362785,12,7.276198607388164,0,5.137522999189425,46,0.2441860465116279,0.07162507835833634,0.6225753442748836,0.16437524252366512,0.7541562425677503,0.0,2565.492943343972,7.850295632471533,37,3.6375861597263857,15.335963365069631,136.95,0.0,0.20267441860465116,1.3862943611198906,0.0,2.5257286443082556,10.141310782588553,27219.094543408286,51.842256878521226,2,4156662.717569331,-35.0521450379792
Departamento,Departamentos Nuevos En Gam Preventa Con Gran Plusvalía Y Facilidades De Pago,2031105,2.0,1.0,45.0,Union 134,"Union 134, Industrial, Gustavo A. Madero, Distrito Federal",False,https://departamento.mercadolibre.com.mx/MLM-2945581313-departamentos-nuevos-en-gam-preventa-con-gran-plusvalia-y-facilidades-de-pago-_JM,0.0,0,Gustavo A. Madero,0.83,departamento,gustavo a. madero,45135.666666666664,19.4634243,-99.1124864,tablas de san agustin,4.975773660110356,1,6.664573921520385,0,8.213259411679102,0,3.94367015987755,4,8.517393171418904,0.0,1.9459101490553132,3.0,0.04974209189481407,6.439004598034882,38,4.852958028247471,38,7.117714995867949,0,5.017472815011847,37,0.5697674418604651,0.28662883244447185,0.7755075057037363,0.2142127806808421,0.778762956961586,0.0,1307.2044938237088,7.176410860641002,81,4.406719247264253,11.485924189467285,37.35,0.83,0.472906976744186,2.3513752571634776,0.0,2.327277705584417,10.28531166750134,26426.874780827337,39.37877002598791,1,1651852.5869544703,-18.672220936166752
Departamento,"* Venta Departamento Luis De La Rosa, Constitución De La República",2172400,2.0,1.0,51.0,Constitución De La República,"Constitución De La República, Gustavo A. Madero, Distrito Federal",False,https://departamento.mercadolibre.com.mx/MLM-2678832833--venta-departamento-luis-de-la-rosa-constitucion-de-la-republica-_JM,0.0,0,Gustavo A. Madero,0.83,departamento,gustavo a. madero,42596.07843137255,19.4823184,-99.0759029,providencia i,7.810774210612577,0,5.64095920523423,2,8.532623001786904,0,1.27364123737609,6,8.517393171418904,0.0,1.0986122886681098,3.0,0.04974209189481407,7.532809486158099,0,5.090597183193318,6,7.689216696926929,0,5.857162596411785,35,0.14534883720930233,0.023880466271791686,0.7239928697735367,0.06524679853376777,0.5592171903344245,0.0,3302.297489595939,8.102676487818831,31,3.4657359027997265,11.853731155744283,42.33,0.0,0.12063953488372094,0.9162907318741551,0.0,2.277267285009756,10.096556809280276,24587.114111469196,39.893956671969235,2,1663547.582045271,-23.423513991655724
Departamento,Venta Departamentos San Juan De Aragon Iv Seccion T-df0181-0221,2600000,3.0,2.0,87.0,AV. 661,"AV. 661, San Juan De Aragón IV Sección, Gustavo A. Madero, Distrito Federal",False,https://departamento.mercadolibre.com.mx/MLM-4826755548-venta-departamentos-san-juan-de-aragon-iv-seccion-t-df0181-0221-_JM,0.0,0,Gustavo A. Madero,0.83,departamento,gustavo a. madero,29885.05747126437,19.4576242,-99.0618129,san juan de aragon 4a  y 5a seccion (u hab) ii,6.111573114877915,1,6.737759269004628,0,8.935991381306275,0,7.838793160214507,0,8.517393171418904,0.0,0.6931471805599453,3.0,0.04974209189481407,6.283792600725848,31,5.056125458069333,74,7.794581811457835,0,2.708351026498032,27,0.6802325581395349,0.3431341124516949,0.7320091879698533,0.04817005968506218,0.9769294356358951,0.0,3484.944865137397,8.156494409872675,15,2.772588722239781,13.43201044343462,72.21,0.83,0.564593023255814,2.970414465569701,0.0,2.0476928433652555,10.244865130389636,28699.290261883474,45.869711807657595,2,2559870.503950328,-1.5434421557566116
Casa,Venta Casas Estrella T-df0207-0097,14000000,5.0,3.0,400.0,JOYAS,"JOYAS, Estrella, Gustavo A. Madero, Distrito Federal",False,https://casa.mercadolibre.com.mx/MLM-4766313660-venta-casas-estrella-t-df0207-0097-_JM,0.0,0,Gustavo A. Madero,0.83,casa,gustavo a. madero,35000.0,19.4763121,-99.1202885,estrella,6.452128272919927,0,5.471724643200298,2,7.662982127412575,0,1.409785196793595,7,8.517393171418904,0.0,2.5649493574615367,3.0,0.04974209189481407,3.630624801272997,43,4.775974338268134,27,6.443565048615361,2,4.493794898012497,56,0.6511627906976745,0.9291614428046806,0.79037190375149,0.4563227453637039,0.8629195398173357,0.0,1089.4691470658968,6.994363292775509,113,4.736198448394496,17.981884281919708,332.0,0.0,0.5404651162790698,2.0476928433652555,0.4054651081081644,2.70805020110221,10.43540411486839,34850.16546646444,62.54940974287739,1,10797421.823194627,-22.875558405752667
Departamento,,11900000,3.0,4.0,290.0,Ciudad De México,"Ciudad De México, CDMX, México, Gustavo A. Madero, Distrito Federal",False,https://departamento.mercadolibre.com.mx/MLM-5204827702-departamento-en-bosques-de-las-lomas-cuajimalpa-de-morelos-ciudad-de-mexico-task-15-de-_JM,0.0,0,Gustavo A. Madero,0.83,departamento,gustavo a. madero,41034.48275862069,19.504065208503686,-99.11586420887464,,6.946738000301497,0,6.797243601139101,0,7.062474679965817,0,7.47685518769043,0,8.517393171418904,0.0,1.3862943611198906,3.0,0.04974209189481407,7.797529328862601,0,5.8160386042987495,24,7.517648115489304,0,5.8168369051608355,27,0.20348837209302326,0.007695196382527996,0.512077330619351,0.1003548646719417,0.5722497415988451,0.0,882.9346189183946,6.784383099402877,58,4.07753744390572,17.019969801514478,240.7,0.0,0.1688953488372093,1.9459101490553132,0.0,2.0476928433652555,10.489161306545494,34093.74678759549,59.50840289353949,0,8654624.786004828,-27.272060621808166
Edificio,Venta De Edificio Para Clínica,16800000,0.0,6.0,590.0,Asperon 6240,"Asperon 6240, Aragón Inguaran, Gustavo A. Madero, Distrito Federal",False,https://inmueble.mercadolibre.com.mx/MLM-5030314814-venta-de-edificio-para-clinica-_JM,0.0,0,Gustavo A. Madero,0.83,edificio,gustavo a. madero,28474.57627118644,19.4718252,-99.1121944,tres estrellas,6.257247553944215,0,7.0075970862959265,0,7.944444435679821,0,6.716784915081815,0,8.517393171418904,0.0,2.302585092994046,3.0,0.04974209189481407,6.830904247856184,9,5.150481192429192,23,7.212828261735628,0,5.600200655301544,38,0.313953488372093,0.1572284264816183,0.7096176564623221,0.1836625778216179,0.6381802838813133,0.0,420.0619222281311,6.042779906543909,97,4.584967478670572,19.145448052218295,489.7,0.0,0.2605813953488372,1.9095425048844386,0.0,2.3513752571634776,10.492647250072636,38763.11119986715,66.9621442855056,2,12462469.142115649,-25.818636058835427
Casa,,4500000,4.0,2.0,189.0,Calle 16-a,"Calle 16-a, Santa Rosa, Ciudad De México, Santa Rosa, Gustavo A. Madero, Distrito Federal",False,https://casa.mercadolibre.com.mx/MLM-2557023961-casa-en-venta-en-santa-rosa-_JM,0.0,0,Gustavo A. Madero,0.83,casa,gustavo a. madero,23809.52380952381,19.5220523,-99.1670306,santa rosa,8.01175174254682,0,5.150114183283248,2,7.9427588832049505,0,7.846953510268387,0,8.517393171418904,0.0,1.3862943611198906,3.0,0.04974209189481407,7.974525182766449,0,4.233353279780514,19,8.04983942428896,0,2.913731881218988,28,0.18023255813953487,0.002997563543891639,0.8729333306890981,0.019933276648567307,0.9713752903224255,0.0,5555.424862278594,8.622710170043241,21,3.091042453358316,15.74107221648146,156.87,0.0,0.14959302325581394,1.749199854809259,0.0,2.0794415416798357,10.07088650340283,24318.960443009917,52.8421839113508,0,5090794.808393173,13.128773519848286
Departamento,Venta Departamentos Nueva Industrial Vallejo T-df0257-0013,1980000,2.0,1.0,53.0,PTE. 152,"PTE. 152, Nueva Industrial Vallejo, Gustavo A. Madero, Distrito Federal",False,https://departamento.mercadolibre.com.mx/MLM-2945238141-venta-departamentos-nueva-industrial-vallejo-t-df0257-0013-_JM,0.0,0,Gustavo A. Madero,0.83,departamento,gustavo a. madero,37358.49056603773,19.4658479,-99.1429492,vallejo poniente,6.202747933380984,1,5.545419379261585,5,8.276482086506338,0,6.337225706292298,0,8.517393171418904,0.0,2.302585092994046,3.0,0.04974209189481407,6.33841949239216,61,4.276000434035833,95,4.9267877761964805,5,3.5748953216572574,18,0.9534883720930233,0.3230970985876184,0.8677044017848001,0.8426786014052592,0.943821574344976,0.0,1105.28584805061,7.008763600814609,30,3.4339872044851463,11.966952139692824,43.989999999999995,0.83,0.7913953488372093,3.2088254890146994,0.8109302162163288,1.7047480922384253,10.280078078072346,25054.05152439116,41.00706745086572,1,1707322.7501216931,-13.771578276682165
Departamento,,2100001,2.0,1.0,46.0,Calle Norte 7 A,"Calle Norte 7 A, Panamericana, Gustavo A. Madero, Distrito Federal",False,https://departamento.mercadolibre.com.mx/MLM-2748319049-departamento-en-venta-en-panamericana-gustavo-a-madero-ciudad-de-mexico-_JM,0.0,0,Gustavo A. Madero,0.83,departamento,gustavo a. madero,45652.19565217391,19.4762147,-99.1446777,defensores de la republica,6.270461893179234,0,5.625326910913016,3,8.062474985603403,0,5.847976627760904,0,8.517393171418904,0.0,1.9459101490553132,3.0,0.04974209189481407,6.143882777511578,45,5.835634777973959,51,7.003456557710648,0,3.363394948420223,23,0.5988372093023255,0.3946650768863929,0.5053197527673392,0.2530197155556499,0.9545850922133777,0.0,745.3608830101398,6.6152092406171255,32,3.4965075614664802,11.550442805130174,38.18,0.0,0.4970348837209302,2.6210388241125804,0.0,1.9095425048844386,10.205245354626205,26152.709375868555,39.2917009269768,1,1411857.0188914114,-32.76874540100641
Departamento,,6950000,4.0,3.0,195.0,Avenida Miguel Othón De Mendizábal Oriente 456,"Avenida Miguel Othón De Mendizábal Oriente 456, Torres Lindavista, Gustavo A. Madero, Distrito Federal",False,https://departamento.mercadolibre.com.mx/MLM-5153088856-departamento-en-venta-en-torres-lindavista-_JM,0.0,0,Gustavo A. Madero,0.83,departamento,gustavo a. madero,35641.02564102564,19.5098075,-99.1382342,residencial la escalera (fracc),7.334714291452048,0,7.589631523853381,0,6.233370335454988,0,6.407460901337882,0,8.517393171418904,0.0,2.0794415416798357,3.0,0.04974209189481407,7.603563354816457,0,3.289714209211407,46,6.261687126285249,2,3.906810100114649,26,0.3372093023255814,0.018157751048977353,0.949641829917207,0.5200251896230808,0.9219784874407193,0.0,2613.698091713578,7.868903917334283,44,3.8066624897703196,15.83434397769155,161.85,0.0,0.27988372093023256,2.5257286443082556,0.4054651081081644,2.0149030205422647,10.455283463570577,34165.832402005566,55.18418491548228,0,6713071.357480456,-3.409045216108545
Casa,Venta Casas Planetario Lindavista T-df0217-0105,11000000,4.0,4.0,220.0,LINDAVISTA,"LINDAVISTA, Planetario Lindavista, Gustavo A. Madero, Distrito Federal",False,https://casa.mercadolibre.com.mx/MLM-5352890362-venta-casas-planetario-lindavista-t-df0217-0105-_JM,0.0,0,Gustavo A. Madero,0.83,casa,gustavo a. madero,50000.0,19.4880621,-99.1350725,lindavista i,1.8919185848989946,1,5.902386874505643,1,7.361551665676381,0,6.637218982232559,0,8.517393171418904,0.0,2.302585092994046,3.0,0.04974209189481407,6.756265931874039,21,4.714718403403687,37,5.239877456790106,5,4.5032082309500145,40,0.5116279069767442,0.1796303635690469,0.8015926050957036,0.7909197822215368,0.8617035433709916,0.0,996.6014183676193,6.905353816144707,50,3.9318256327243257,16.19448810455326,182.6,0.83,0.42465116279069764,2.327277705584417,0.8109302162163288,2.3978952727983707,10.50386962146602,37320.10253562425,56.70159721220326,1,7240896.917178255,-34.1736643892886
Casa,Venta Casas Residencial Zacatenco T-df0085-0608,4300000,5.0,3.0,200.0,BRASILIA,"BRASILIA, Residencial Zacatenco, Gustavo A. Madero, Distrito Federal",False,https://casa.mercadolibre.com.mx/MLM-5204105474-venta-casas-residencial-zacatenco-t-df0085-0608-_JM,0.0,0,Gustavo A. Madero,0.83,casa,gustavo a. madero,21500.0,19.5042067,-99.1209678,san pedro zacatenco (pblo),6.901989517073172,0,6.715708675423219,0,6.887602127660087,0,7.344089438274552,0,8.517393171418904,0.0,1.6094379124341003,3.0,0.04974209189481407,7.805180741936685,0,4.430059683722955,39,7.595181387811995,0,5.701751201687643,42,0.37790697674418605,0.007412720022109803,0.8471539405948519,0.08336821510649785,0.6081591157802478,0.0,935.9251863701621,6.842603435262223,76,4.343805421853684,15.909914724177227,166.0,0.0,0.3136627906976744,2.3749057545736716,0.0,2.4423470353692043,10.601879258652168,39938.59541239593,56.22499830705976,0,6630264.810708286,54.192204900192706
Departamento,,1597133,2.0,1.0,52.0,El Arbolillo II CROC,"El Arbolillo II CROC, Gustavo A. Madero, Distrito Federal",False,https://departamento.mercadolibre.com.mx/MLM-2899153633-departamento-en-venta-ubicado-en-el-arbolillo-2-gustavo-a-madero-cdmx-_JM,0.0,0,Gustavo A. Madero,0.83,departamento,gustavo a. madero,30714.096153846152,19.5351421,-99.1446075,el arbolillo 2 (u hab),8.254509553207589,0,7.860663273825708,0,6.449526046600748,0,8.06506811686119,0,8.517393171418904,0.0,1.791759469228055,3.0,0.04974209189481407,8.44407652996035,0,4.6889212357987065,17,6.447509334375764,2,5.986591345850639,21,0.13953488372093023,9.207345480857388e-05,0.8061611387758846,0.45490780600000813,0.51594293930952,0.0,5136.574511772741,8.54433636220739,13,2.6390573296152584,11.910875740656365,43.16,0.0,0.11581395348837209,1.6582280766035324,0.4054651081081644,1.8325814637483102,10.209216782890264,27859.515894384003,40.53357083680982,0,1624748.9794883307,1.7290970437860005
Casa,,8690000,9.0,5.0,168.0,San Pedro Zacatenco,"San Pedro Zacatenco, Gustavo A. Madero, Distrito Federal",False,https://casa.mercadolibre.com.mx/MLM-5326342068-casa-en-venta-en-zacatenco-gustavo-a-madero-_JM,0.0,0,Gustavo A. Madero,0.83,casa,gustavo a. madero,51726.19047619047,19.5052459,-99.1216092,san pedro zacatenco (pblo),7.0204596623152815,0,6.857255008920658,0,6.9918769018555595,0,7.309700524829857,0,8.517393171418904,0.0,1.6094379124341003,3.0,0.04974209189481407,7.853918575750768,0,4.432737614619755,38,7.600042402917348,0,5.25201136801604,37,0.3430232558139535,0.005801631364773598,0.8467726763655828,0.08236449813414731,0.7286343464701289,0.0,1067.5512513414535,6.974059039300466,75,4.330733340286331,15.389696144769221,139.44,0.0,0.2847093023255814,2.3513752571634776,0.0,2.327277705584417,10.52943738347459,38357.11400840965,54.01494730234927,0,5525192.915078052,-36.41895379657017
Departamento,,7500000,3.0,2.0,177.0,03900 Ciudad De México,"03900 Ciudad De México, CDMX, México, Gustavo A. Madero, Distrito Federal",False,https://departamento.mercadolibre.com.mx/MLM-2872474451-departamento-en-san-jose-insurgentes-benito-juarez-ciudad-de-mexico-ims-1303-de-_JM,0.0,0,Gustavo A. Madero,0.83,departamento,gustavo a. madero,42372.8813559322,19.4764273,-99.0793716,casas aleman (ampl) i,7.735865801109382,0,5.581675619386566,3,8.511027648718478,0,4.15277570151597,4,8.517393171418904,0.0,1.6094379124341003,3.0,0.04974209189481407,7.1847466628482275,0,5.47204086362785,12,7.276198607388164,0,5.137522999189425,46,0.2441860465116279,0.07162507835833634,0.6225753442748836,0.16437524252366512,0.7541562425677503,0.0,2565.492943343972,7.850295632471533,37,3.6375861597263857,15.545350650876255,146.91,0.0,0.20267441860465116,1.3862943611198906,0.0,2.5257286443082556,10.141310782588553,25956.278975697962,52.550077391617116,2,4504009.146302864,-39.946544715961814
Casa,,4950000,5.0,3.0,203.0,Pedro Armendariz,"Pedro Armendariz, Jorge Negrete, Gustavo A. Madero, Distrito Federal",False,https://casa.mercadolibre.com.mx/MLM-5030538234-casa-en-venta-jorge-negrete-gustavo-a-madero-cdmx-_JM,0.0,0,Gustavo A. Madero,0.83,casa,gustavo a. madero,24384.23645320197,19.5280058,-99.1426827,jorge negrete,8.039594391416061,0,7.782137673022707,0,5.354286420996913,1,7.79104292909773,0,8.517393171418904,0.0,1.791759469228055,3.0,0.04974209189481407,8.260963871464059,0,4.523668514239998,28,7.177017138673901,0,4.166256195643158,32,0.2558139534883721,0.0004360975376336115,0.8333127694236452,0.1949528903727928,0.8996141122252409,0.0,4373.2102822879315,8.383481275592766,30,3.4339872044851463,15.954359981532647,168.48999999999998,0.0,0.21232558139534882,2.0794415416798357,0.0,2.1972245773362196,10.215217412071288,25290.87984290176,54.325751960601885,0,5370561.255321521,8.49618697619235
Departamento,,4713900,2.0,2.0,100.0,Gustavo Madero,"Gustavo Madero, Gustavo A. Madero, Distrito Federal",False,https://departamento.mercadolibre.com.mx/MLM-2746291943-departamento-en-venta-en-gustavo-madero-lindavista-am-25-660-_JM,0.0,0,Gustavo A. Madero,0.83,departamento,gustavo a. madero,47139.0,19.4848583,-99.1178571,villa gustavo a madero,5.859848830133583,1,5.272419894181226,9,7.138978789465684,0,4.976861342034545,4,8.517393171418904,0.0,2.4849066497880004,3.0,0.04974209189481407,5.7015693176803826,17,3.778302959101088,25,6.112358574953023,4,4.961182466987488,70,0.5872093023255814,0.550640257006764,0.9180682962357292,0.5694964908370941,0.7895667933278194,0.0,1266.0832268887389,7.144472866315889,78,4.3694478524670215,13.84536155052378,83.0,0.83,0.4873837209302326,1.9810014688665833,0.6931471805599453,2.917770732084279,10.392094952086573,34558.84786125678,47.96077062633723,1,3096619.772405496,-34.30875130135353
Departamento,,2900000,2.0,2.0,60.0,Nueva Industrial Vallejo,"Nueva Industrial Vallejo, Nueva Industrial Vallejo, Gustavo A. Madero, Distrito Federal",False,https://departamento.mercadolibre.com.mx/MLM-4819202890-departamento-en-venta-en-gustavo-maderonueva-industrial-vallejo-af-24-4517-_JM,0.0,0,Gustavo A. Madero,0.83,departamento,gustavo a. madero,48333.333333333336,19.5129933,-99.1522732,nueva industrial vallejo (fracc),7.245050642651753,0,6.77724520989271,0,7.572656549520161,0,6.791589618796667,0,8.517393171418904,0.0,2.3978952727983707,3.0,0.04974209189481407,7.732257889819053,0,5.223867029672516,28,7.301746197227453,0,6.079711394644601,17,0.1686046511627907,0.01046737366333476,0.6912170260813673,0.1568667042536276,0.4835961410434163,0.0,3953.5762769742746,8.282628738425434,81,4.406719247264253,12.332621592519935,49.8,0.0,0.13994186046511628,2.0794415416798357,0.0,1.6582280766035324,10.317053121620326,31810.760416482266,42.41210403295668,0,1992677.7208655789,-31.28697514256625
Departamento,Venta Departamentos San Bartolo Atepehuacan T-df0217-0086,2600000,2.0,2.0,92.0,AV. PERLILLAR,"AV. PERLILLAR, San Bartolo Atepehuacan, Gustavo A. Madero, Distrito Federal",False,https://departamento.mercadolibre.com.mx/MLM-2782089825-venta-departamentos-san-bartolo-atepehuacan-t-df0217-0086-_JM,0.0,0,Gustavo A. Madero,0.83,departamento,gustavo a. madero,28260.869565217392,19.5178348,-99.1595042,progreso nacional (ampl),7.68954279977563,0,5.895633154462105,2,7.709075998618523,0,7.447295701417456,0,8.517393171418904,0.0,1.3862943611198906,3.0,0.04974209189481407,8.023917367533764,0,5.408276345236963,21,7.72357126624462,0,3.6705589876666056,26,0.18023255813953487,0.002233404413573218,0.6411493126835772,0.05930718278698807,0.938202230616132,0.0,4755.846968412093,8.467340326146502,44,3.8066624897703196,13.597798479459769,76.36,0.0,0.14959302325581394,1.8325814637483102,0.0,2.0149030205422647,10.110726140933842,23948.014963368783,45.82787218180811,0,2274228.2847271487,-12.529681356648126
Casa,Venta Casas San Juan De Aragon I Seccion T-df0237-0018,5250000,4.0,2.0,190.0,AV. 523,"AV. 523, San Juan De Aragón I Sección, Gustavo A. Madero, Distrito Federal",False,https://casa.mercadolibre.com.mx/MLM-2867693591-venta-casas-san-juan-de-aragon-i-seccion-t-df0237-0018-_JM,0.0,0,Gustavo A. Madero,0.83,casa,gustavo a. madero,27631.57894736842,19.4570658,-99.0916841,san juan de aragon 1a seccion (u hab) i,6.684489567701648,0,7.32173393163166,0,8.579911183339277,0,6.227546997572325,0,8.517393171418904,0.0,1.0986122886681098,3.0,0.04974209189481407,7.12156810390318,0,4.702470728652731,47,4.806726684027523,2,5.136119954692357,32,0.37790697674418605,0.0841813671993081,0.8037730579425437,0.859277663628854,0.7544564083590046,0.0,387.2298157025198,5.961597472789472,26,3.295836866004329,15.75682028413989,157.7,0.0,0.3136627906976744,2.545531271604435,0.4054651081081644,2.1972245773362196,10.381602063846831,34079.16410055421,54.527012660496766,2,5855560.295432175,11.534481817755706
Departamento,Frente A Mercado Gabriel Hernández,2765000,2.0,2.0,72.0,Av Centenario 2103,"Av Centenario 2103, Gabriel Hernández, Gustavo A. Madero, Distrito Federal",False,https://departamento.mercadolibre.com.mx/MLM-4660911892-frente-a-mercado-gabriel-hernandez-_JM,0.0,0,Gustavo A. Madero,0.83,departamento,gustavo a. madero,38402.77777777778,19.5039724,-99.0933276,juan gonzalez romero,7.780979533537439,0,6.414496268480586,0,8.064674825365714,0,7.906368463952052,0,8.517393171418904,0.0,1.0986122886681098,3.0,0.04974209189481407,6.310087632893732,34,4.588137237697974,63,7.928738829405594,0,5.320163808738187,32,0.6569767441860465,0.33347535783409016,0.8231455356046311,0.031158923586280328,0.7124618294317283,0.0,2704.630524742866,7.903090260141165,31,3.4657359027997265,12.871378323445173,59.76,0.0,0.5452906976744185,2.8183982582710754,0.0,2.1972245773362196,10.441225556736004,36552.16134198406,44.79765476705786,2,2585967.292396759,-6.474962300298041
Departamento,Venta Departamentos Vallejo T-df0219-0101,3200000,2.0,1.0,87.0,DVORAK,"DVORAK, Vallejo, Gustavo A. Madero, Distrito Federal",False,https://departamento.mercadolibre.com.mx/MLM-5326407350-venta-departamentos-vallejo-t-df0219-0101-_JM,0.0,0,Gustavo A. Madero,0.83,departamento,gustavo a. madero,36781.6091954023,19.4672272,-99.1271126,vallejo ii,6.332011610119488,0,5.358504071965261,3,8.059772843097152,0,5.169748391951079,8,8.517393171418904,0.0,2.3978952727983707,3.0,0.04974209189481407,5.668587624162981,53,5.158140570086264,52,7.325918949943144,0,5.3349238996463075,59,0.8604651162790697,0.5614399975353428,0.7077376393817494,0.14991128061388304,0.7088616294790154,0.0,1832.565201773558,7.514017548249997,88,4.48863636973214,13.43201044343462,72.21,0.0,0.7141860465116279,2.6390573296152584,0.0,2.7568403652716422,10.357279921342773,27391.94785737509,46.373030689683944,1,2752479.416835977,-13.985018223875711
Departamento,Venta Departamentos Tepeyac Insurgentes T-df0215-0102,2290000,3.0,1.0,70.0,DELIBES,"DELIBES, Tepeyac Insurgentes, Gustavo A. Madero, Distrito Federal",False,https://departamento.mercadolibre.com.mx/MLM-5309650922-venta-departamentos-tepeyac-insurgentes-t-df0215-0102-_JM,0.0,0,Gustavo A. Madero,0.83,departamento,gustavo a. madero,32714.285714285714,19.4700241,-99.1402186,guadalupe victoria ii,4.997309843582018,2,5.280168660404403,4,8.127661693316876,0,5.603769437852547,1,8.517393171418904,0.0,2.0794415416798357,3.0,0.04974209189481407,5.668907595559421,57,5.001247052008505,79,6.389727956496765,3,4.335486728990588,20,0.8430232558139535,0.5613359312490125,0.7443851473237361,0.47550963775380223,0.8819644506522815,0.0,1084.0668875667745,6.9893969116014105,43,3.784189633918261,12.788039631123947,58.099999999999994,1.66,0.6997093023255814,3.0325462466767075,0.5596157879354227,1.791759469228055,10.280099992778009,27066.125763361764,43.82077537318739,1,2042464.547770026,-10.809408394322013
Casa,,26000000,6.0,3.0,570.0,Pernambuco,"Pernambuco, Lindavista Norte, Gustavo A. Madero, Distrito Federal",True,https://casa.mercadolibre.com.mx/MLM-5378483322-casa-en-venta-en-lindavista-norte-_JM,0.0,0,Gustavo A. Madero,0.83,casa,gustavo a. madero,45614.0350877193,19.4944265,-99.1231373,lindavista ii,5.978285495386059,1,5.60449193214227,2,4.9870400873694,1,6.797700957052008,0,8.517393171418904,0.0,2.70805020110221,3.0,0.04974209189481407,7.2776455423398145,0,4.760957731677266,44,7.033041714932436,0,5.386816562591205,79,0.627906976744186,0.055401339451922334,0.7931716839604932,0.24278200367155922,0.6959265716240244,0.0,597.2050729152721,6.393933626459576,119,4.787491742782046,19.04216762896803,473.09999999999997,0.83,0.5211627906976743,2.4849066497880004,0.0,3.0325462466767075,10.510074410911637,36600.46025299679,66.71153290850228,1,17750515.839175656,-31.72878523393978
Casa,Venta Casa 4 Ambientes Lindavista Sur,11000000,4.0,3.0,236.0,Puno,"Puno, 772, Lindavista Sur, Gustavo A. Madero, Distrito Federal",False,https://casa.mercadolibre.com.mx/MLM-4755993928-venta-casa-4-ambientes-lindavista-sur-_JM,0.0,0,Gustavo A. Madero,0.83,casa,gustavo a. madero,46610.16949152543,19.4886805,-99.1311344,lindavista i,6.037615694503197,1,5.52936030085923,2,7.086568320480245,0,6.690397805428794,0,8.517393171418904,0.0,2.70805020110221,3.0,0.04974209189481407,7.1466177962350335,0,5.670456157743622,32,5.747164394308731,6,5.803404024319962,68,0.5290697674418605,0.07905528217348294,0.5608320849145646,0.676802178566752,0.5765404910275556,0.0,1265.423211593679,7.143951837199905,62,4.143134726391533,16.404180423405393,195.88,0.83,0.4391279069767442,2.1972245773362196,0.9162907318741551,2.8903717578961645,10.631687800820238,42951.08427313534,58.13470829665776,1,8038433.041755772,-26.92333598403843
Departamento,Venta Departamentos Industrial T-df0215-0100,1690000,2.0,1.0,55.0,AV. EUZKARO,"AV. EUZKARO, Industrial, Gustavo A. Madero, Distrito Federal",False,https://departamento.mercadolibre.com.mx/MLM-5309650946-venta-departamentos-industrial-t-df0215-0100-_JM,0.0,0,Gustavo A. Madero,0.83,departamento,gustavo a. madero,30727.272727272728,19.480049,-99.124437,tepeyac insurgentes,5.970272893829155,1,5.952844320716187,3,7.449952390366007,0,5.9187147289999915,0,8.517393171418904,0.0,2.6390573296152584,3.0,0.04974209189481407,6.249033872848358,33,4.1940213094378755,32,4.316925588431519,2,5.79875663956963,57,0.6337209302325582,0.35592857503432945,0.8775883480707214,0.9116972761086508,0.5780189899937384,0.0,1486.8341832335666,7.305076773184638,90,4.51085950651685,12.076055072205449,45.65,0.83,0.5259883720930233,2.1972245773362196,0.4054651081081644,2.7245795030534206,10.519180065215568,35518.47627055097,42.34339926066297,1,2147663.3923455374,27.08067410328624
Casa,Venta Casas Estrella T-df0207-0110,5200000,2.0,1.0,129.0,MALAQUITA,"MALAQUITA, Estrella, Gustavo A. Madero, Distrito Federal",False,https://casa.mercadolibre.com.mx/MLM-5325191398-venta-casas-estrella-t-df0207-0110-_JM,0.0,0,Gustavo A. Madero,0.83,casa,gustavo a. madero,40310.07751937985,19.4748679,-99.1126823,estrella,6.203237599240562,1,6.87762007609982,0,7.819942637267578,0,6.4436558362073315,0,8.517393171418904,0.0,2.302585092994046,3.0,0.04974209189481407,6.700998414636387,27,4.869409462492523,24,7.070368549383376,0,4.587038147814979,51,0.5058139534883721,0.19702302159772675,0.7722183281524555,0.2300457726214822,0.8504367598383885,0.0,281.88092109482415,5.645026035576699,106,4.672828834461906,14.602603351366746,107.07,0.83,0.4198255813953488,1.9459101490553132,0.0,2.6210388241125804,10.398852715970714,32280.794807990806,50.61677384020105,1,4308685.918737448,-17.140655408895235
Departamento,,4794000,3.0,2.0,125.0,Residencial Zacatenco,"Residencial Zacatenco, Gustavo A. Madero, Distrito Federal",False,https://departamento.mercadolibre.com.mx/MLM-2865186093-departamento-en-venta-lindavista-_JM,0.0,0,Gustavo A. Madero,0.83,departamento,gustavo a. madero,38352.0,19.5052162,-99.1257391,residencial zacatenco,7.150406675981706,0,7.022700332164712,0,7.010709996677243,0,6.969842029027392,0,8.517393171418904,0.0,1.6094379124341003,3.0,0.04974209189481407,7.820339205722479,0,5.259872537883401,42,7.404809259748552,0,3.8144109116873235,39,0.37790697674418605,0.006877498502278207,0.6818715939541351,0.12827369352065934,0.9287490347693819,0.0,1291.2766498273543,7.164160786674377,74,4.31748811353631,14.508845720854435,103.75,0.0,0.3136627906976744,2.4423470353692043,0.0,2.3749057545736716,10.526254779196078,39843.62801043482,50.907935536587516,0,4358351.826034681,-9.087362827812246
Casa,,5000000,5.0,2.0,240.0,Av 506,"Av 506, San Juan De Aragón, Gustavo A. Madero, Distrito Federal",False,https://casa.mercadolibre.com.mx/MLM-5218009446-casa-en-venta-en-san-juan-de-aragon-gam-_JM,0.0,0,Gustavo A. Madero,0.83,casa,gustavo a. madero,20833.333333333332,19.4557579,-99.0889779,san juan de aragon 2a seccion (u hab) i,6.811717549237808,0,7.338419260610388,0,8.632672078955615,0,6.409749043761939,0,8.517393171418904,0.0,1.0986122886681098,3.0,0.04974209189481407,6.938633884493201,0,5.405646134981252,51,6.083059592504098,2,4.760926098084875,35,0.4186046511627907,0.12736216096400696,0.6419017111475082,0.5788508308468341,0.8244076447277532,0.0,705.9898210647641,6.561016268430503,25,3.258096538021482,16.454390800471963,199.2,0.0,0.34744186046511627,2.6210388241125804,0.4054651081081644,2.277267285009756,10.39011615646126,33583.19601184761,56.98767723357043,2,6767471.150797872,35.349423015957434
Edificio,Venta Edificios Siete Maravillas T-df0213-0057,15600000,0.0,0.0,500.0,MIGUEL BERNARD,"MIGUEL BERNARD, Siete Maravillas, Gustavo A. Madero, Distrito Federal",False,https://inmueble.mercadolibre.com.mx/MLM-5079548630-venta-edificios-siete-maravillas-t-df0213-0057-_JM,0.0,0,Gustavo A. Madero,0.83,edificio,gustavo a. madero,31200.0,19.5055014,-99.1353444,pemex lindavista (u hab),7.346205557078228,0,7.3461502062066275,0,6.554766983896704,0,5.225961504982704,4,8.517393171418904,0.0,1.791759469228055,3.0,0.04974209189481407,7.467773195809448,0,4.165917214265089,53,6.9431226494363765,0,6.285402079394114,19,0.32558139534883723,0.030215273598688825,0.880818629754681,0.27424037025269987,0.40950750085879434,0.0,2103.756081046395,7.65195486341488,53,3.9889840465642745,18.649818303254595,415.0,0.0,0.2702325581395349,2.6567569067146595,0.0,1.749199854809259,10.350646221034122,31645.43754072808,64.34589044785172,0,15693569.283454947,0.5998030990701742
Departamento,Venta Departamentos San Bartolo Atepehuacan T-df0217-0111,3150000,3.0,1.0,94.0,EJE CENTRAL LAZARO CARDENAS,"EJE CENTRAL LAZARO CARDENAS, San Bartolo Atepehuacan, Gustavo A. Madero, Distrito Federal",False,https://departamento.mercadolibre.com.mx/MLM-5352903000-venta-departamentos-san-bartolo-atepehuacan-t-df0217-0111-_JM,0.0,0,Gustavo A. Madero,0.83,departamento,gustavo a. madero,33510.63829787234,19.5248604,-99.1586529,santiago atepetlac,7.956651001311637,0,6.637218858433042,0,7.546723610945224,0,7.768200225404355,0,8.517393171418904,0.0,1.6094379124341003,3.0,0.04974209189481407,8.225519101677357,0,4.4798701329439155,31,7.794543982436739,0,5.283406883472478,33,0.27906976744186046,0.000571001025886149,0.8399218482379849,0.04817558901977459,0.7212760269533295,0.0,5325.568693957928,8.580462537609025,34,3.5553480614894135,13.661630674801621,78.02,0.0,0.23162790697674418,2.169053700369523,0.0,2.224623551524334,10.099586302548802,23307.64813010076,45.99227267790234,0,2352981.061457341,-25.30218852516378
Departamento,Departamento Nuevo En Complejo Residencial De Lindavista,4300000,2.0,2.0,88.0,CIENFUEGOS,"CIENFUEGOS, Residencial Zacatenco, Gustavo A. Madero, Distrito Federal",False,https://departamento.mercadolibre.com.mx/MLM-2945579453-departamento-nuevo-en-complejo-residencial-de-lindavista-_JM,0.0,0,Gustavo A. Madero,0.83,departamento,gustavo a. madero,48863.63636363636,19.4915013,-99.1308691,lindavista i,6.362728558801043,0,5.405268494012679,2,6.912073005470728,0,6.360752397973334,0,8.517393171418904,0.0,2.4849066497880004,3.0,0.04974209189481407,7.2451631074866905,0,5.551072896120145,26,6.338736588841187,4,3.690199088735789,72,0.5,0.060772318402355564,0.5986803956944592,0.4934415664702464,0.9369849734785363,0.0,1470.6241194855427,7.294121913070172,70,4.2626798770413155,13.465909109196419,73.03999999999999,0.0,0.415,2.0149030205422647,0.6931471805599453,2.9444389791664403,10.64356742498133,44784.149777686376,47.77510384746745,1,3782476.2789874105,-12.035435372385802
Casa,Venta Casas Torres Lindavista T-df0213-0058,12749000,4.0,3.0,344.0,PUNTO FIJO,"PUNTO FIJO, Torres Lindavista, Gustavo A. Madero, Distrito Federal",False,https://casa.mercadolibre.com.mx/MLM-2821318405-venta-casas-torres-lindavista-t-df0213-0058-_JM,0.0,0,Gustavo A. Madero,0.83,casa,gustavo a. madero,37061.04651162791,19.5107413,-99.144289,torres lindavista (fracc),7.113298010067388,0,7.3600179210947365,0,7.008381326671813,0,6.270190285328138,0,8.517393171418904,0.0,1.9459101490553132,3.0,0.04974209189481407,7.576630482496712,0,4.969899618198592,52,6.636270456835614,2,4.214020791127588,17,0.31976744186046513,0.020199834367403295,0.7512439391621585,0.386138731594105,0.8948971179630957,0.0,3206.0986255998882,8.073121952447565,71,4.276666119016055,17.53063325109408,285.52,0.0,0.26540697674418606,2.6390573296152584,0.4054651081081644,1.6582280766035324,10.434179147264619,34599.01248097052,60.9725893023032,0,11603551.251762453,-8.984616426680889
Edificio,,20000000,0.0,10.0,390.0,Arequipa 702,"Arequipa 702, Lindavista, Gustavo A. Madero, Distrito Federal",False,https://inmueble.mercadolibre.com.mx/MLM-4676095078-edificio-en-venta-con-rentabilidad-inmediata-10-departamentos-_JM,0.0,0,Gustavo A. Madero,0.83,edificio,gustavo a. madero,51282.05128205128,19.4914538,-99.1220994,lindavista ii,6.233347552479329,0,5.348560803096162,2,6.0932288243815185,0,6.374751311783536,0,8.517393171418904,0.0,2.772588722239781,3.0,0.04974209189481407,7.004377631888105,0,3.759801175033091,38,6.731397761930047,3,4.973371794437593,76,0.5872093023255814,0.11070473403585705,0.9195418011638496,0.3511127890281772,0.7872661589055198,0.0,700.7933124826864,6.553638934010932,102,4.634728988229636,17.9061226799561,323.7,0.0,0.4873837209302326,2.3513752571634776,0.5596157879354227,2.995732273553991,10.419264216816558,31325.118507530122,62.18954110039799,1,10774060.818538321,-46.129695907308395
Casa,,6600000,6.0,4.0,460.0,Progreso Nacional,"Progreso Nacional, Progreso Nacional, Gustavo A. Madero, Distrito Federal",False,https://casa.mercadolibre.com.mx/MLM-5331600942-venta-de-casa-_JM,0.0,0,Gustavo A. Madero,0.83,casa,gustavo a. madero,14347.826086956522,19.5184262,-99.1563715,progreso nacional ii,7.651518797205815,0,6.504331370562847,0,7.55508766193506,0,7.3935318803852486,0,8.517393171418904,0.0,1.791759469228055,3.0,0.04974209189481407,8.001058210124297,0,5.9478196437296225,24,7.575940430832337,0,5.261128007737056,27,0.20348837209302326,0.002563893510871006,0.46587633149052377,0.0874124667556451,0.7265137348199743,0.0,4673.3896726096145,8.44985388188677,50,3.9318256327243257,18.400194128989945,381.79999999999995,0.0,0.1688953488372093,1.9459101490553132,0.0,2.0476928433652555,10.174698367999678,23061.129473742778,62.40547505837042,0,11461949.810135594,73.66590621417566
Casa,,5800000,3.0,2.0,180.0,Moctezuma 719,"Moctezuma 719, Santa Isabel Tola, Gustavo A. Madero, Distrito Federal",False,https://casa.mercadolibre.com.mx/MLM-5264337024-casa-en-venta-_JM,0.0,0,Gustavo A. Madero,0.83,casa,gustavo a. madero,32222.222222222223,19.5448571,-99.1279631,tlalpexco,8.589257440354924,0,8.443266698684386,0,5.090202107204248,1,8.435727437957844,0,8.517393171418904,0.0,0.6931471805599453,3.0,0.04974209189481407,8.702586535784429,0,5.594796190854551,5,7.284620415823845,0,5.648864767527978,11,0.0,5.9333705067059174e-06,0.5850572165942823,0.16188248126109486,0.6239937957296992,0.0,5477.835597392665,8.6086478751369,2,1.0986122886681098,15.595491093797477,149.4,0.0,0.0,0.8109302162163288,0.0,1.3217558399823195,10.24416822942114,28477.938535168836,53.25427812843349,0,4751152.037046045,-18.083585568171635
Departamento,,3420000,2.0,1.0,81.0,Fundidora De Monterrey,"Fundidora De Monterrey, Industrial, Gustavo A. Madero, Distrito Federal",False,https://departamento.mercadolibre.com.mx/MLM-2913887259-departamento-en-venta-en-industrial-gustavo-a-madero-cdmx-_JM,0.0,0,Gustavo A. Madero,0.83,departamento,gustavo a. madero,42222.22222222222,19.4755029,-99.1279861,industrial ii,6.138079560770458,1,6.190073415858622,2,7.7354094919379826,0,6.318550277065407,0,8.517393171418904,0.0,2.6390573296152584,3.0,0.04974209189481407,6.537779840209569,35,4.909764304577856,46,6.550498661222032,1,2.7384766839404033,38,0.6104651162790697,0.2517037213071725,0.7639790610656353,0.417595848663384,0.9761825356691732,0.0,1206.8301027321081,7.09658072516986,93,4.543294782270004,13.220157741792761,67.22999999999999,0.83,0.5066860465116279,2.5257286443082556,0.22314355131420976,2.3513752571634776,10.511516347040109,40251.99767951368,46.321301404434486,1,2872504.209462317,-16.008648846131077
Departamento,,2775000,2.0,1.0,72.0,Tres Estrellas,"Tres Estrellas, Gustavo A. Madero, Distrito Federal",False,https://departamento.mercadolibre.com.mx/MLM-4873946886-departamentos-en-venta-oniquina-col-tres-estrellas-gustavo-a-madero-_JM,0.0,0,Gustavo A. Madero,0.83,departamento,gustavo a. madero,38541.666666666664,19.4732606,-99.1114596,tres estrellas,5.947098300440068,1,7.004513897889631,0,7.902735457508902,0,6.741535898639718,0,8.517393171418904,0.0,2.302585092994046,3.0,0.04974209189481407,6.903619034269005,2,4.233996523716976,19,7.081023304278807,0,4.779112585914549,40,0.26744186046511625,0.13673034252699812,0.8728558793089308,0.22645002638226103,0.8214661861844653,0.0,245.98787041280804,5.509339227781704,99,4.605170185988092,12.871378323445173,59.76,0.83,0.2219767441860465,1.749199854809259,0.0,2.3978952727983707,10.493437011583554,37924.18700024379,45.02166589644462,2,2790971.8086183807,0.5755606709326374
Departamento,Venta Departamentos Guadalupe Tepeyac T-df0219-0095,2150000,2.0,1.0,54.0,AV.HENRY FORD,"AV.HENRY FORD, Guadalupe Tepeyac, Gustavo A. Madero, Distrito Federal",False,https://departamento.mercadolibre.com.mx/MLM-2865330921-venta-departamentos-guadalupe-tepeyac-t-df0219-0095-_JM,0.0,0,Gustavo A. Madero,0.83,departamento,gustavo a. madero,39814.81481481482,19.4682503,-99.1132738,bondojito,6.049663159232404,1,7.007708581973211,0,8.05654369897064,0,6.028689310281254,0,8.517393171418904,0.0,1.9459101490553132,3.0,0.04974209189481407,6.668872090579937,7,5.413812655895995,38,7.457726530412622,0,4.569130763829661,50,0.46511627906976744,0.20741913339056245,0.6395620134659609,0.11472079324363167,0.8529107414777619,0.0,822.1187685018705,6.7131005019320575,81,4.406719247264253,12.021999555697413,44.82,0.83,0.38604651162790693,2.3513752571634776,0.0,2.6026896854443837,10.476856802839567,37818.09132123145,41.98425594294756,2,1942337.1113257667,-9.658739008103877
Casa,Venta Casas Aragon La Villa T-df0207-0109,8950000,8.0,2.0,380.0,MOCTEZUMA,"MOCTEZUMA, Aragón La Villa, Gustavo A. Madero, Distrito Federal",False,https://casa.mercadolibre.com.mx/MLM-5325408520-venta-casas-aragon-la-villa-t-df0207-0109-_JM,0.0,0,Gustavo A. Madero,0.83,casa,gustavo a. madero,23552.63157894737,19.480687,-99.1185698,aragon la villa (aragon),4.778681089352667,1,5.6903220486804305,4,7.426064036564061,0,1.4516707128281154,5,8.517393171418904,0.0,2.4849066497880004,3.0,0.04974209189481407,2.303728153958873,29,5.651515109114756,26,6.3720616277651425,4,5.042563793211498,72,0.6744186046511628,0.9821385663788104,0.5669721754342808,0.4817504796761812,0.7737981296310045,0.0,1097.662501484423,7.0018488112294515,91,4.5217885770490405,17.828398125380104,315.4,0.83,0.5597674418604651,2.0149030205422647,0.6931471805599453,2.9444389791664403,10.505581661931862,38983.554863854384,62.432564135871196,1,9928811.47131939,10.936441020328386
Casa,,13900000,4.0,3.0,254.0,Ciudad De México,"Ciudad De México, CDMX, México, Gustavo A. Madero, Distrito Federal",False,https://casa.mercadolibre.com.mx/MLM-2872487249-casa-en-condominio-en-san-angel-alvaro-obregon-ciudad-de-mexico-ims-1319-cd-_JM,0.0,0,Gustavo A. Madero,0.83,casa,gustavo a. madero,54724.4094488189,19.504065208503686,-99.11586420887464,,6.946738000301497,0,6.797243601139101,0,7.062474679965817,0,7.47685518769043,0,8.517393171418904,0.0,1.3862943611198906,3.0,0.04974209189481407,7.797529328862601,0,5.8160386042987495,24,7.517648115489304,0,5.8168369051608355,27,0.20348837209302326,0.007695196382527996,0.512077330619351,0.1003548646719417,0.5722497415988451,0.0,882.9346189183946,6.784383099402877,58,4.07753744390572,16.623790635475277,210.82,0.0,0.1688953488372093,1.9459101490553132,0.0,2.0476928433652555,10.489161306545494,34093.74678759549,58.12320716724687,0,7771589.476282281,-44.089284343292945
Departamento,Venta Departamentos Lindavista Norte T-df0085-0618,2900000,2.0,1.0,65.0,INSURGENTES NORTE,"INSURGENTES NORTE, Lindavista Norte, Gustavo A. Madero, Distrito Federal",False,https://departamento.mercadolibre.com.mx/MLM-5352886342-venta-departamentos-lindavista-norte-t-df0085-0618-_JM,0.0,0,Gustavo A. Madero,0.83,departamento,gustavo a. madero,44615.38461538462,19.5009923,-99.1181434,residencial zacatenco,6.466041944568522,0,6.189685550467682,1,6.622229817064165,0,7.256280237489756,0,8.517393171418904,0.0,1.791759469228055,3.0,0.04974209189481407,7.640778364563422,0,4.053443338923205,36,7.348769206622653,0,4.329610836854658,40,0.3488372093023256,0.015596223283303531,0.8929801978547047,0.1434737859040453,0.882622317832567,0.0,520.4707588906796,6.256653201709969,70,4.2626798770413155,12.568964226079276,53.949999999999996,0.0,0.2895348837209302,2.302585092994046,0.0,2.3978952727983707,10.469276663182825,33216.943635279735,43.86265461749051,0,2506289.2140720873,-13.576233997514231
Casa,Venta Casa 6 Ambientes Mártires De Río Blanco,4963000,6.0,2.0,208.0,Norte 56 A,"Norte 56 A, 3824, Mártires De Río Blanco, Gustavo A. Madero, Distrito Federal",False,https://casa.mercadolibre.com.mx/MLM-5173546484-venta-casa-6-ambientes-martires-de-rio-blanco-_JM,0.0,0,Gustavo A. Madero,0.83,casa,gustavo a. madero,23860.576923076922,19.5129933,-99.1522732,nueva industrial vallejo (fracc),7.245050642651753,0,6.77724520989271,0,7.572656549520161,0,6.791589618796667,0,8.517393171418904,0.0,2.3978952727983707,3.0,0.04974209189481407,7.732257889819053,0,5.223867029672516,28,7.301746197227453,0,6.079711394644601,17,0.1686046511627907,0.01046737366333476,0.6912170260813673,0.1568667042536276,0.4835961410434163,0.0,3953.5762769742746,8.282628738425434,81,4.406719247264253,16.027002755894433,172.64,0.0,0.13994186046511628,2.0794415416798357,0.0,1.6582280766035324,10.317053121620326,31605.36995449489,55.11714627097274,0,5965828.78329064,20.206100811820278
Casa,,5000000,5.0,2.0,240.0,Av. 504,"Av. 504, San Juan De Aragón, Gustavo A. Madero, Distrito Federal",False,https://casa.mercadolibre.com.mx/MLM-5218007320-casa-en-venta-en-san-juan-de-aragon-_JM,0.0,0,Gustavo A. Madero,0.83,casa,gustavo a. madero,20833.333333333332,19.4509963,-99.0875815,san juan de aragon 2a seccion (u hab) i,6.378204915922286,0,7.487207255068064,0,8.719217495145445,0,5.935513423960835,0,8.517393171418904,0.0,2.302585092994046,3.0,0.04974209189481407,6.947479970822708,0,4.383571402606923,61,6.790303236549005,2,5.026306330049101,35,0.47674418604651164,0.1250491348808655,0.8536386050373733,0.32948351974770423,0.7770256240464504,0.0,1146.390208883673,7.045245258824471,21,3.091042453358316,16.454390800471963,199.2,0.0,0.39569767441860465,2.7880929087757464,0.4054651081081644,2.277267285009756,10.39008734263499,34165.36451564501,56.98751919558446,2,6969938.506977952,39.39877013955904
Departamento,,3962000,2.0,2.0,82.0,Residencial Zacatenco,"Residencial Zacatenco, Gustavo A. Madero, Distrito Federal",False,https://departamento.mercadolibre.com.mx/MLM-5186917264-departamento-en-venta-lindavista-_JM,0.0,0,Gustavo A. Madero,0.83,departamento,gustavo a. madero,48317.07317073171,19.5052162,-99.1257391,residencial zacatenco,7.150406675981706,0,7.022700332164712,0,7.010709996677243,0,6.969842029027392,0,8.517393171418904,0.0,1.6094379124341003,3.0,0.04974209189481407,7.820339205722479,0,5.259872537883401,42,7.404809259748552,0,3.8144109116873235,39,0.37790697674418605,0.006877498502278207,0.6818715939541351,0.12827369352065934,0.9287490347693819,0.0,1291.2766498273543,7.164160786674377,74,4.31748811353631,13.256521823389795,68.06,0.0,0.3136627906976744,2.4423470353692043,0.0,2.3749057545736716,10.526254779196078,39843.62801043482,46.51384206632464,0,2995144.9115057574,-24.403207685367054
Casa,,10500000,7.0,3.0,333.0,Granjas Modernas,"Granjas Modernas, Gustavo A. Madero, Distrito Federal",False,https://casa.mercadolibre.com.mx/MLM-2901614891-venta-casa-granjas-modernas-ciudad-de-mexico-_JM,0.0,0,Gustavo A. Madero,0.83,casa,gustavo a. madero,31531.53153153153,19.4787304,-99.1024687,granjas modernas-san juan de aragon (ampl),6.55547014242877,0,5.423151425235995,5,7.930892220248044,0,5.262588864599005,3,8.517393171418904,0.0,2.1972245773362196,3.0,0.04974209189481407,6.010951700548363,45,5.523587259446654,15,5.4025301158222065,3,4.134139882883432,24,0.4127906976744186,0.4431962459408122,0.6070984548837938,0.7586542517374895,0.9026746317707188,0.0,891.6821110852053,6.794230538873077,40,3.713572066704308,17.433422978930103,276.39,0.0,0.34261627906976744,1.55814461804655,0.5596157879354227,1.9459101490553132,10.45435423484915,34006.123317749596,60.75172644923147,2,8310520.3346485915,-20.852187289061032
Casa,Venta Casa 4 Ambientes Vallejo,6985000,4.0,3.0,383.0,JUAN SEBASTIAN BACH,"JUAN SEBASTIAN BACH, 253, Vallejo, Gustavo A. Madero, Distrito Federal",False,https://casa.mercadolibre.com.mx/MLM-4755963048-venta-casa-4-ambientes-vallejo-_JM,0.0,0,Gustavo A. Madero,0.83,casa,gustavo a. madero,18237.597911227153,19.4699485,-99.1355012,vallejo i,4.718028843351372,2,5.97131557682797,1,8.053846904609312,0,4.9031528915936216,1,8.517393171418904,0.0,2.4849066497880004,3.0,0.04974209189481407,4.293870431001054,54,4.8917337400742165,71,6.9115157003779535,0,5.44326433181728,26,0.7965116279069767,0.865455903497374,0.7676905460606088,0.28551538146189187,0.6813634460553929,0.0,1126.9836434054166,7.028186931425758,53,3.9889840465642745,17.85192765776318,317.89,1.66,0.6611046511627906,2.9311937524164198,0.0,2.0149030205422647,10.304277306216413,32266.343574110473,61.31707101203542,1,10140418.695617592,45.17421181986531
Departamento,Venta Departamentos La Purisima Ticoman T-df0213-0052,1795000,2.0,1.0,72.0,ESCUADRON 201,"ESCUADRON 201, La Purísima Ticoman, Gustavo A. Madero, Distrito Federal",False,https://departamento.mercadolibre.com.mx/MLM-2821264089-venta-departamentos-la-purisima-ticoman-t-df0213-0052-_JM,0.0,0,Gustavo A. Madero,0.83,departamento,gustavo a. madero,24930.555555555555,19.5163562,-99.1369246,la purisima ticoman (barr),7.678804520605247,0,7.821564741966251,0,6.420159117171943,0,7.202634077624107,0,8.517393171418904,0.0,2.0794415416798357,3.0,0.04974209189481407,7.912067264252159,0,5.347984290246849,43,5.4362609513042495,2,4.330125361000081,35,0.37209302325581395,0.004261829914016347,0.658119732135759,0.7514672147195643,0.8825648462571718,0.0,2992.0137462978937,8.00403610065802,30,3.4339872044851463,12.871378323445173,59.76,0.0,0.30883720930232555,2.463853240590168,0.4054651081081644,2.277267285009756,10.312555620169695,29719.532606718436,44.245601622924966,0,2529169.8156464784,40.90082538420493
Departamento,Frente A Mercado Gabriel Hernández,2469000,2.0,1.0,64.0,Av Centenario 2103,"Av Centenario 2103, Gabriel Hernández, Gustavo A. Madero, Distrito Federal",False,https://departamento.mercadolibre.com.mx/MLM-4660499692-frente-a-mercado-gabriel-hernandez-_JM,0.0,0,Gustavo A. Madero,0.83,departamento,gustavo a. madero,38578.125,19.5039724,-99.0933276,juan gonzalez romero,7.780979533537439,0,6.414496268480586,0,8.064674825365714,0,7.906368463952052,0,8.517393171418904,0.0,1.0986122886681098,3.0,0.04974209189481407,6.310087632893732,34,4.588137237697974,63,7.928738829405594,0,5.320163808738187,32,0.6569767441860465,0.33347535783409016,0.8231455356046311,0.031158923586280328,0.7124618294317283,0.0,2704.630524742866,7.903090260141165,31,3.4657359027997265,12.523161809686911,53.12,0.0,0.5452906976744185,2.8183982582710754,0.0,2.1972245773362196,10.441225556736004,36383.3310371494,43.58571904614776,2,2071409.4431736332,-16.10330323314568
Edificio,Venta Edificios Vallejo T-df0236-0031,6500000,0.0,0.0,430.0,DEBUSSY,"DEBUSSY, Vallejo, Gustavo A. Madero, Distrito Federal",False,https://inmueble.mercadolibre.com.mx/MLM-2763274593-venta-edificios-vallejo-t-df0236-0031-_JM,0.0,0,Gustavo A. Madero,0.83,edificio,gustavo a. madero,15116.279069767443,19.4703235,-99.139587,guadalupe victoria ii,5.08102350240466,2,5.254206832939544,4,8.108519015372458,0,5.631677833153038,1,8.517393171418904,0.0,2.0794415416798357,3.0,0.04974209189481407,5.373612141638791,57,4.746364883334047,79,6.501699686462531,3,4.209916926844901,19,0.8372093023255814,0.6509771270784053,0.7958617653601331,0.43535590576555183,0.8953103083689095,0.0,1042.7033721360713,6.950530601764613,42,3.7612001156935624,18.198324270311243,356.9,1.66,0.6948837209302325,3.0325462466767075,0.5596157879354227,1.749199854809259,10.28010480572657,28532.626317071616,62.36022692913236,1,9992477.092581766,53.730416808950245
Departamento,Venta Departamentos Lindavista Sur T-df0217-0098,3000000,2.0,1.0,59.0,MINA,"MINA, Lindavista Sur, Gustavo A. Madero, Distrito Federal",False,https://departamento.mercadolibre.com.mx/MLM-5042312264-venta-departamentos-lindavista-sur-t-df0217-0098-_JM,0.0,0,Gustavo A. Madero,0.83,departamento,gustavo a. madero,50847.457627118645,19.4845934,-99.1143646,villa gustavo a madero,6.267068380499421,0,4.831870642503257,8,7.286002274614716,0,4.69832365271684,5,8.517393171418904,0.0,2.1972245773362196,3.0,0.04974209189481407,6.194992449446873,15,5.184889576179192,19,5.62237739673131,2,4.220661270027759,63,0.48255813953488375,0.37584611571476223,0.7010980961918009,0.7086223276328815,0.8942253381685075,0.0,1156.1496802426605,7.053715088093836,76,4.343805421853684,12.2830336866663,48.97,0.0,0.4005232558139535,1.749199854809259,0.4054651081081644,2.8183982582710754,10.42647847150783,32537.113775160233,42.68959543294388,1,1951823.9861519937,-34.93920046160021
Departamento,,2775000,2.0,1.0,49.0,Oniquina,"Oniquina, Tres Estrellas, Gustavo A. Madero, Distrito Federal",True,https://departamento.mercadolibre.com.mx/MLM-2945984301-departamento-en-pre-venta-en-colonia-tres-estrellas-en-gustavo-a-madero-_JM,0.0,0,Gustavo A. Madero,0.83,departamento,gustavo a. madero,56632.65306122449,19.4721222,-99.1105347,tres estrellas,5.895397091643465,1,6.877454058159776,0,7.9585570751043715,0,6.81836953569941,0,8.517393171418904,0.0,2.1972245773362196,3.0,0.04974209189481407,6.742556634295685,21,4.39681150773176,24,7.105185522668562,0,4.642674192224517,35,0.37790697674418605,0.1838839213877787,0.8518173495569524,0.21836548132500755,0.842510326883592,0.0,323.34585394319924,5.7818103969141905,92,4.532599493153256,11.736069016284437,40.669999999999995,0.83,0.3136627906976744,1.9459101490553132,0.0,2.277267285009756,10.511501000065673,38010.99255579935,41.121233733837876,2,2012181.2732454275,-27.488963126290898
Edificio,,20000000,0.0,10.0,390.0,Arequipa 702,"Arequipa 702, Lindavista, Gustavo A. Madero, Distrito Federal",False,https://inmueble.mercadolibre.com.mx/MLM-2945604629-edificio-en-venta-con-rentabilidad-inmediata-10-departamentos-_JM,0.0,0,Gustavo A. Madero,0.83,edificio,gustavo a. madero,51282.05128205128,19.4914538,-99.1220994,lindavista ii,6.233347552479329,0,5.348560803096162,2,6.0932288243815185,0,6.374751311783536,0,8.517393171418904,0.0,2.772588722239781,3.0,0.04974209189481407,7.004377631888105,0,3.759801175033091,38,6.731397761930047,3,4.973371794437593,76,0.5872093023255814,0.11070473403585705,0.9195418011638496,0.3511127890281772,0.7872661589055198,0.0,700.7933124826864,6.553638934010932,102,4.634728988229636,17.9061226799561,323.7,0.0,0.4873837209302326,2.3513752571634776,0.5596157879354227,2.995732273553991,10.419264216816558,31325.118507530122,62.18954110039799,1,12521395.832630903,-37.39302083684549
Departamento,,2100000,1.0,1.0,40.0,Guadalupe Tepeyac,"Guadalupe Tepeyac, Mexico City, Guadalupe Tepeyac, Gustavo A. Madero, Distrito Federal",False,https://departamento.mercadolibre.com.mx/MLM-2926397383-departamento-en-venta-planta-baja-en-privada-1-recamara-guadalupe-tepeyac-gustavo-a-madero-cdmx-_JM,0.0,0,Gustavo A. Madero,0.83,departamento,gustavo a. madero,52500.0,19.4675479,-99.1205924,guadalupe tepeyac,6.868090228102709,0,6.179597934809932,2,8.036819566325962,0,4.5535922320885875,4,8.517393171418904,0.0,2.1972245773362196,3.0,0.04974209189481407,5.752539199161273,47,4.407367290964566,46,7.312000614851278,0,4.301367336990282,51,0.7441860465116279,0.5336692930014773,0.8503507958707023,0.15389814040650712,0.8857377266338726,0.0,1384.120667509458,7.23354253938188,95,4.564348191467836,11.140716200112923,33.199999999999996,0.0,0.6176744186046511,2.5257286443082556,0.0,2.6210388241125804,10.481580741498268,35216.378941980045,38.924105456533795,1,1722772.0190238035,-17.96323718934269
Casa,Venta Casas San Juan De Aragon Vi Seccion T-df0238-0039,7000000,4.0,3.0,280.0,AV. 414 - A,"AV. 414 - A, San Juan De Aragón VI Sección, Gustavo A. Madero, Distrito Federal",False,https://casa.mercadolibre.com.mx/MLM-2839083001-venta-casas-san-juan-de-aragon-vi-seccion-t-df0238-0039-_JM,0.0,0,Gustavo A. Madero,0.83,casa,gustavo a. madero,25000.0,19.4662432,-99.0637093,san juan de aragon 6a seccion (u hab) ii,6.332978455977878,0,5.379884866105938,3,8.845523377042614,0,7.5106659562070055,0,8.517393171418904,0.0,1.3862943611198906,3.0,0.04974209189481407,5.916514090781894,42,3.002842619860605,43,7.665436895286767,0,3.8624833747549845,21,0.5232558139534884,0.4770034473217193,0.9624381954575533,0.06957111777199061,0.9252984419933606,0.0,3391.2936979762444,8.129261578651766,17,2.8903717578961645,16.915064008001238,232.39999999999998,0.0,0.43430232558139537,2.463853240590168,0.0,1.8325814637483102,10.230813708147002,28188.454022501166,57.68495624241434,2,5110685.257091587,-26.99021061297732
Departamento,Venta Departamento 2 Ambientes Industrial,2031000,2.0,1.0,50.0,Unión,"Unión, 134, Industrial, Gustavo A. Madero, Distrito Federal",False,https://departamento.mercadolibre.com.mx/MLM-5147853928-venta-departamento-2-ambientes-industrial-_JM,0.0,0,Gustavo A. Madero,0.83,departamento,gustavo a. madero,40620.0,19.4634243,-99.1124864,tablas de san agustin,4.975773660110356,1,6.664573921520385,0,8.213259411679102,0,3.94367015987755,4,8.517393171418904,0.0,1.9459101490553132,3.0,0.04974209189481407,6.439004598034882,38,4.852958028247471,38,7.117714995867949,0,5.017472815011847,37,0.5697674418604651,0.28662883244447185,0.7755075057037363,0.2142127806808421,0.778762956961586,0.0,1307.2044938237088,7.176410860641002,81,4.406719247264253,11.795476898172977,41.5,0.83,0.472906976744186,2.3513752571634776,0.0,2.327277705584417,10.28531166750134,27866.01261819959,40.44005205484034,1,1648000.414544554,-18.857685152902313
Edificio,,9800000,0.0,0.0,420.0,Mártires De Río Blanco,"Mártires De Río Blanco, Gustavo A. Madero, Distrito Federal",False,https://inmueble.mercadolibre.com.mx/MLM-5347080730-venta-de-edificio-en-martires-de-rio-blanco-gustavo-a-madero-_JM,0.0,0,Gustavo A. Madero,0.83,edificio,gustavo a. madero,23333.333333333332,19.4617589,-99.1063622,martires de rio blanco (ampl),6.50806526954078,0,4.847543660046004,1,8.315003508052587,0,4.256866152077154,5,8.517393171418904,0.0,0.6931471805599453,3.0,0.04974209189481407,4.503228747965448,57,3.306440749890364,26,7.147647468400879,0,4.952140189202289,44,0.6453488372093024,0.8364266181383847,0.9487825368380997,0.2044074180463816,0.7912596990819138,0.0,1242.7175729385738,7.125860216123735,26,3.295836866004329,18.12789850104714,348.59999999999997,0.0,0.535639534883721,2.0149030205422647,0.0,2.4849066497880004,10.207511984954822,27294.421577939665,61.680247070494424,1,9219460.172154672,-5.923875794340077
Casa,Casa Con Uso De Suelo Mixto En El Corazon De Lindavista,9500000,0.0,3.0,200.0,Montiel 222,"Montiel 222, Lindavista, Gustavo A. Madero, Distrito Federal",False,https://casa.mercadolibre.com.mx/MLM-2935152663-casa-con-uso-de-suelo-mixto-en-el-corazon-de-lindavista-_JM,0.0,0,Gustavo A. Madero,0.83,casa,gustavo a. madero,47500.0,19.4871723,-99.1273749,lindavista i,5.710775793662421,2,5.156902213623095,4,6.968021579625078,0,6.839513275036641,0,8.517393171418904,0.0,2.6390573296152584,3.0,0.04974209189481407,7.005911716912212,0,5.646861139097843,35,6.052191400819205,6,4.549652250608637,67,0.5465116279069767,0.11033096170322486,0.5684732463594984,0.5885730013679534,0.8555598952468514,0.0,1424.6681768629953,7.26239587884956,85,4.454347296253507,15.909914724177227,166.0,1.66,0.45360465116279064,2.277267285009756,0.9162907318741551,2.8763855159214247,10.62503327921164,41540.45736049609,56.34779113793411,1,8014947.330776949,-15.632133360242637
Bodega,,5500000,0.0,3.0,370.0,Av. Rio De Los Remedios 939,"Av. Rio De Los Remedios 939, La Candelaria Ticoman, Gustavo A. Madero, Distrito Federal",False,https://inmueble.mercadolibre.com.mx/MLM-2691667825-bodega-con-casa-en-venta-en-ticoman-gustavo-a-madero-_JM,0.0,0,Gustavo A. Madero,0.83,bodega,gustavo a. madero,14864.864864864865,19.5114865,-99.0957625,ctm el risco (u hab),8.02720529861919,0,7.038951722306871,0,8.101571498624459,0,8.076882747135587,0,8.517393171418904,0.0,0.6931471805599453,3.0,0.04974209189481407,7.008715726123786,0,4.509950903418235,72,8.08978305921683,0,4.242450728870807,24,0.46511627906976744,0.10964956487318749,0.8354082851872788,0.01699263834238229,0.8919930536833516,0.0,2858.4948140352785,7.9584002497622865,15,2.772588722239781,17.748606187822304,307.09999999999997,0.0,0.38604651162790693,2.9444389791664403,0.0,1.9459101490553132,10.441181704473895,36552.161341984065,61.77214073606747,2,8003814.659009614,45.52390289108389
Edificio,Venta Edificios Lindavista Sur T-df0217-0079,12000000,0.0,0.0,490.0,SULLANA,"SULLANA, Lindavista Sur, Gustavo A. Madero, Distrito Federal",False,https://inmueble.mercadolibre.com.mx/MLM-2782080589-venta-edificios-lindavista-sur-t-df0217-0079-_JM,0.0,0,Gustavo A. Madero,0.83,edificio,gustavo a. madero,24489.79591836735,19.4930148,-99.1391242,lindavista i,6.537064042140503,0,4.764473775444264,1,7.490560285330749,0,5.684476412078045,1,8.517393171418904,0.0,2.302585092994046,3.0,0.04974209189481407,6.477999102154789,26,5.3253675377503695,34,6.692462681299534,3,4.559645580110114,36,0.48255813953488375,0.272712965182196,0.664335663887632,0.36544779081646306,0.8542061832894756,0.0,1474.361910563942,7.296658601771517,45,3.828641396489095,18.58933238338356,406.7,0.0,0.4005232558139535,2.2512917986064953,0.5596157879354227,2.302585092994046,10.362253871110623,30461.25666382401,64.20912715035945,0,14639239.902846603,21.99366585705502
Departamento,Venta Departamentos 7 De Noviembre T-df0219-0097,2300000,2.0,1.0,51.0,PORTUGAL,"PORTUGAL, 7 De Noviembre, Gustavo A. Madero, Distrito Federal",False,https://departamento.mercadolibre.com.mx/MLM-5188520022-venta-departamentos-7-de-noviembre-t-df0219-0097-_JM,0.0,0,Gustavo A. Madero,0.83,departamento,gustavo a. madero,45098.03921568627,19.4617461,-99.1241328,7 de noviembre,6.3678404396420545,0,5.851943401655135,2,8.225498387373632,0,5.588775630209079,2,8.517393171418904,0.0,2.4849066497880004,3.0,0.04974209189481407,5.2430435741713,50,5.303170798701711,69,7.346330139206756,0,5.204203149421864,48,0.877906976744186,0.6862656940001266,0.6703561828551593,0.1441544532550802,0.7395404744841111,0.0,2085.899081767684,7.643434550262453,67,4.219507705176107,11.853731155744283,42.33,0.0,0.7286627906976744,2.9041650800285006,0.0,2.5649493574615367,10.467659146117786,34305.99946608015,41.36027244934933,1,2023827.2528993492,-12.007510743506558
Departamento,Departamento Moderno En Vida Victoria,2625459,2.0,1.0,49.0,Avenida Ferrocarril Hidalgo 1375,"Avenida Ferrocarril Hidalgo 1375, Bondojito, Gustavo A. Madero, Distrito Federal",False,https://departamento.mercadolibre.com.mx/MLM-4785637274-departamento-moderno-en-vida-victoria-amenidades-premium-_JM,0.0,0,Gustavo A. Madero,0.83,departamento,gustavo a. madero,53580.795918367345,19.5004994,-99.0935907,del obrero,7.626271113261997,0,6.237067547832392,2,8.026438420478762,0,7.759054712369804,0,8.517393171418904,0.0,1.0986122886681098,3.0,0.04974209189481407,6.067533520157231,44,5.375122812351134,41,7.788603456850522,0,5.455188189669773,40,0.6337209302325582,0.422642083314351,0.6505528181805414,0.049049180181030945,0.6782213999418077,0.0,2582.497966049105,7.856899560441891,34,3.5553480614894135,11.736069016284437,40.669999999999995,0.0,0.5259883720930233,2.4203681286504293,0.0,2.3978952727983707,10.476168020092357,33332.73851091861,40.98301030333193,2,1679737.9671921295,-36.02116935773404
Departamento,,3000000,2.0,2.0,60.0,Misterios 218,"Misterios 218 ,vallejo, Vallejo, Gustavo A. Madero, Distrito Federal",False,https://departamento.mercadolibre.com.mx/MLM-5205809252-departamento-en-venta-en-colonia-vallejo-_JM,0.0,0,Gustavo A. Madero,0.83,departamento,gustavo a. madero,50000.0,19.4728838,-99.12316,industrial i,6.952089250620931,0,5.312574816603708,2,7.823711290515181,0,4.39837385312154,8,8.517393171418904,0.0,2.3978952727983707,3.0,0.04974209189481407,4.767437169228734,50,4.698715775380235,49,6.764894040639834,1,4.9068150940381345,50,0.7790697674418605,0.7919675631365877,0.804437396347328,0.3388008061296148,0.7995708190994271,0.0,1400.8329548547665,7.245535912746068,107,4.68213122712422,12.332621592519935,49.8,0.0,0.6466279069767442,2.583997552432231,0.22314355131420976,2.6026896854443837,10.452912028774728,31525.956678803574,42.97060286359285,1,2268858.8628165238,-24.371371239449207
Departamento,,1800000,2.0,1.0,50.0,Av. San Juan De Aragón 600,"Av. San Juan De Aragón 600, Constitución De La República, Gustavo A. Madero, Distrito Federal",False,https://departamento.mercadolibre.com.mx/MLM-2945624917-departamento-en-venta-en-san-juan-de-aragon-_JM,0.0,0,Gustavo A. Madero,0.83,departamento,gustavo a. madero,36000.0,19.4708142,-99.0934596,ejidos san juan de aragon 1a seccion (u hab),7.363809453452867,0,6.494538208641911,0,8.311553355612816,0,6.472733176078925,0,8.517393171418904,0.0,1.6094379124341003,3.0,0.04974209189481407,6.604458980307072,32,3.7862898759872587,42,6.8049845190208575,1,5.122134567979966,36,0.5523255813953488,0.22883351107539587,0.9174244777477827,0.3241116411754204,0.7574319607735844,0.0,1361.1796744278838,7.216841397559414,36,3.6109179126442243,11.795476898172977,41.5,0.0,0.45843023255813947,2.4423470353692043,0.22314355131420976,2.302585092994046,10.199468484942546,24564.66409573429,40.102531629261044,2,1763091.6428717035,-2.050464284905362
Bodega,,5500000,0.0,3.0,370.0,Av. Rio De Los Remedios 939,"Av. Rio De Los Remedios 939, La Candelaria Ticoman, Gustavo A. Madero, Distrito Federal",False,https://inmueble.mercadolibre.com.mx/MLM-2945581813-bodega-con-casa-en-venta-en-ticoman-gustavo-a-madero-_JM,0.0,0,Gustavo A. Madero,0.83,bodega,gustavo a. madero,14864.864864864865,19.5114865,-99.0957625,ctm el risco (u hab),8.02720529861919,0,7.038951722306871,0,8.101571498624459,0,8.076882747135587,0,8.517393171418904,0.0,0.6931471805599453,3.0,0.04974209189481407,7.008715726123786,0,4.509950903418235,72,8.08978305921683,0,4.242450728870807,24,0.46511627906976744,0.10964956487318749,0.8354082851872788,0.01699263834238229,0.8919930536833516,0.0,2858.4948140352785,7.9584002497622865,15,2.772588722239781,17.748606187822304,307.09999999999997,0.0,0.38604651162790693,2.9444389791664403,0.0,1.9459101490553132,10.441181704473895,38359.43604841066,61.77214073606747,2,8021115.092648763,45.83845622997752
Departamento,Venta Departamentos Dm Nacional T-df0234-0043,1300000,2.0,1.0,60.0,VASCO DE QUIROGA,"VASCO DE QUIROGA, DM Nacional, Gustavo A. Madero, Distrito Federal",False,https://departamento.mercadolibre.com.mx/MLM-4996658938-venta-departamentos-dm-nacional-t-df0234-0043-_JM,0.0,0,Gustavo A. Madero,0.83,departamento,gustavo a. madero,21666.666666666668,19.493309,-99.0920265,nueva atzacoalco iii,7.369336540087702,0,3.281666755447375,2,8.065341137800644,0,7.42596927102014,0,8.517393171418904,0.0,1.3862943611198906,3.0,0.04974209189481407,3.6906752238369314,50,4.681879018934808,16,7.480195781526781,0,2.327347519481532,37,0.5058139534883721,0.924831434872233,0.8073923625674435,0.10920977255857856,0.9847003873475817,0.0,2724.7190074804766,7.910487528249622,35,3.58351893845611,12.332621592519935,49.8,0.0,0.4198255813953488,1.6094379124341003,0.0,2.327277705584417,10.404108237245671,32164.160641863054,42.76997663252349,2,1941438.3695396872,49.3414130415144
Casa,,9700000,4.0,4.0,254.0,Moctezuma,"Moctezuma, Aragón La Villa(Aragón), Ciudad De México, Aragón La Villa, Gustavo A. Madero, Distrito Federal",False,https://casa.mercadolibre.com.mx/MLM-2943470091-casadepartamentolocal-en-venta-en-zona-estrategica-_JM,0.0,0,Gustavo A. Madero,0.83,casa,gustavo a. madero,38188.97637795276,19.480687,-99.1185698,aragon la villa (aragon),4.778681089352667,1,5.6903220486804305,4,7.426064036564061,0,1.4516707128281154,5,8.517393171418904,0.0,2.4849066497880004,3.0,0.04974209189481407,2.303728153958873,29,5.651515109114756,26,6.3720616277651425,4,5.042563793211498,72,0.6744186046511628,0.9821385663788104,0.5669721754342808,0.4817504796761812,0.7737981296310045,0.0,1097.662501484423,7.0018488112294515,91,4.5217885770490405,16.623790635475277,210.82,0.83,0.5597674418604651,2.0149030205422647,0.6931471805599453,2.9444389791664403,10.505581661931862,38983.554863854384,58.2141966839479,1,7226595.661988642,-25.499013793931525
Casa,Venta Casas Granjas Modernas T-df0234-0038,3500000,4.0,2.0,160.0,CASAS ALEMAN,"CASAS ALEMAN, Granjas Modernas, Gustavo A. Madero, Distrito Federal",False,https://casa.mercadolibre.com.mx/MLM-4837465136-venta-casas-granjas-modernas-t-df0234-0038-_JM,0.0,0,Gustavo A. Madero,0.83,casa,gustavo a. madero,21875.0,19.4746034,-99.0884909,el olivo,7.6151460729389395,0,3.5495748265911726,3,8.349711710267592,0,4.004918978372745,6,8.517393171418904,0.0,1.791759469228055,3.0,0.04974209189481407,6.967655156057599,0,4.971659345189304,30,6.910936920386643,0,4.919334206179918,38,0.3023255813953488,0.11985645322464705,0.7508629362671283,0.28572273819596355,0.7973041561129137,0.0,1898.0370521164566,7.549102222005015,36,3.6109179126442243,15.24421309495339,132.79999999999998,0.0,0.2509302325581395,2.1400661634962708,0.0,2.3513752571634776,10.17279375965576,25407.155243756977,51.69207861440148,2,4127483.3415679256,17.928095473369304
Casa,Casa Producto Con 4 Departamentos  Excelente Ubicación En Cdmx,4600000,1.0,1.0,297.0,Nueva Tenochtitlan,"Nueva Tenochtitlan, Gustavo A. Madero, Distrito Federal",False,https://casa.mercadolibre.com.mx/MLM-4766329690-casa-producto-con-4-departamentos-excelente-ubicacion-en-cdmx-_JM,0.0,0,Gustavo A. Madero,0.83,casa,gustavo a. madero,15488.215488215488,19.4567136,-99.103723,nueva tenochtitlan,6.416861675735964,0,5.99961394072065,3,8.456911373298352,0,6.047963847785292,0,8.517393171418904,0.0,0.6931471805599453,3.0,0.04974209189481407,5.769620810925328,56,4.641788068037415,33,7.013410249614964,0,3.9055435522390627,40,0.6569767441860465,0.5279084383313659,0.8142732225248993,0.24956199583682143,0.9220752361107629,0.0,939.0503146528845,6.845933400058045,22,3.1354942159291497,17.091280459516213,246.51,0.0,0.5452906976744185,2.224623551524334,0.0,2.3978952727983707,10.262258887099962,26989.722482200712,58.4650482625294,1,6964832.899200449,51.40941085218367
Edificio,Venta Edificios Aragon Inguaran T-df0234-0031,9000000,12.0,0.0,350.0,TEMACA,"TEMACA, Aragón Inguaran, Gustavo A. Madero, Distrito Federal",False,https://inmueble.mercadolibre.com.mx/MLM-4996720278-venta-edificios-aragon-inguaran-t-df0234-0031-_JM,0.0,0,Gustavo A. Madero,0.83,edificio,gustavo a. madero,25714.285714285714,19.4721754,-99.1074797,aragon inguaran,5.517168207633532,1,6.504251321244576,0,8.008635411334472,0,6.938578228558729,0,8.517393171418904,0.0,2.0794415416798357,3.0,0.04974209189481407,6.44436832682842,44,5.045560789868281,19,6.947412115632967,0,5.167407043104002,35,0.48255813953488375,0.28470598306842543,0.7344284024320626,0.2727179728675815,0.7476910050091573,0.0,409.4514165702644,6.017257570049775,56,4.04305126783455,17.582358670397596,290.5,0.83,0.4005232558139535,1.749199854809259,0.0,2.277267285009756,10.49262754539183,36808.11773714467,61.495046965990895,2,7440447.533109603,-17.32836074322663
Departamento,,1700000,2.0,1.0,49.0,Padre Juan Bosco,"Padre Juan Bosco, Vasco De Quiroga, Gustavo A. Madero, Distrito Federal",False,https://departamento.mercadolibre.com.mx/MLM-2811229953-departamento-en-venta-en-vasco-de-quiroga-gustavo-a-madero-cdmx-_JM,0.0,0,Gustavo A. Madero,0.83,departamento,gustavo a. madero,34693.87755102041,19.4919775,-99.0960219,vasco de quiroga,7.0608659761898975,0,6.150939333489105,2,7.9304948008813225,0,7.224823406126707,0,8.517393171418904,0.0,1.791759469228055,3.0,0.04974209189481407,5.783705389563783,47,5.9517339367163355,12,7.286890035140034,0,5.6090533465003825,38,0.47093023255813954,0.5231316428783451,0.4644791352035088,0.16121363310334952,0.6356272457738306,0.0,2334.812119164047,7.756114912273529,28,3.367295829986474,11.736069016284437,40.669999999999995,0.0,0.3908720930232558,1.3862943611198906,0.0,2.3513752571634776,10.363942294139045,34819.31501130314,40.5439806816017,2,1761290.5076265687,3.6053239780334505
Departamento,,2766500,2.0,1.0,58.0,Vallejo,"Vallejo, Mexico City, Vallejo, Gustavo A. Madero, Distrito Federal",False,https://departamento.mercadolibre.com.mx/MLM-4973709406-departamento-en-venta-en-vallejo-se-acepta-credito-infonavit-credito-bancario-y-efectivo-informes-55-8642-76048-_JM,0.0,0,Gustavo A. Madero,0.83,departamento,gustavo a. madero,47698.275862068964,19.5049574,-99.1536746,la patera-condomodulos (u hab),6.503311877357102,0,6.001871605675147,2,7.702687280344473,0,5.5947266124633765,1,8.517393171418904,0.0,2.302585092994046,3.0,0.04974209189481407,7.31772539685809,0,4.5876436881597105,27,7.568753081625403,0,5.570851494073683,9,0.11627906976744186,0.0492155564358942,0.8232254001375913,0.08895231863638041,0.6465555938225895,0.0,3211.454703092182,8.074790628899299,52,3.970291913552122,12.23261233171716,48.14,0.0,0.09651162790697673,2.0476928433652555,0.0,1.1786549963416462,10.380206377642889,30640.11179843851,42.325680180307835,0,2108294.141270521,-23.792006460490832
Departamento,Venta Departamentos Estrella T-df0207-0061,2700000,2.0,2.0,60.0,TALISMAN,"TALISMAN, Estrella, Gustavo A. Madero, Distrito Federal",False,https://departamento.mercadolibre.com.mx/MLM-2705311339-venta-departamentos-estrella-t-df0207-0061-_JM,0.0,0,Gustavo A. Madero,0.83,departamento,gustavo a. madero,45000.0,19.4743547,-99.1079675,granjas modernas-san juan de aragon (ampl),1.7426123447159394,1,6.681511307942426,0,7.928404899464183,0,6.785599581680343,0,8.517393171418904,0.0,2.3978952727983707,3.0,0.04974209189481407,6.640222012709052,31,4.878081044140047,21,6.756375161750074,2,5.4932387398364835,35,0.43023255813953487,0.2168542640334003,0.7704684093094679,0.3419293482571761,0.6680413910068702,0.0,224.94103032271218,5.420274037449102,56,4.04305126783455,12.332621592519935,49.8,0.83,0.35709302325581394,1.8325814637483102,0.4054651081081644,2.277267285009756,10.49567055016767,37971.685436122476,43.146377751657795,2,3030791.2081403513,12.25152622742042
Departamento,,1650000,2.0,1.0,51.0,Puerto Oporto,"Puerto Oporto, San Juan De Aragón, Gustavo A. Madero, Distrito Federal",False,https://departamento.mercadolibre.com.mx/MLM-5178859272-departamento-en-venta-en-san-juan-de-aragon-en-la-gam-_JM,0.0,0,Gustavo A. Madero,0.83,departamento,gustavo a. madero,32352.941176470587,19.4687165,-99.0911071,ejidos san juan de aragon 1a seccion (u hab),7.539997118666455,0,6.327522486190151,1,8.391503138462644,0,6.629271405984163,0,8.517393171418904,0.0,1.3862943611198906,3.0,0.04974209189481407,6.961550375317207,0,4.2178240323007445,45,6.817551715542174,1,5.77643613442634,37,0.38953488372093026,0.121415503413062,0.8747901822056741,0.31952126459154984,0.5850766880459136,0.0,1191.6596103084455,7.083941058928423,29,3.4011973816621555,11.853731155744283,42.33,0.0,0.3233139534883721,2.505525936990736,0.22314355131420976,2.327277705584417,10.385897372410064,29495.14345189648,41.03721175456662,2,2377059.957829508,44.06423986845503
Casa,,5750000,4.0,5.0,256.0,Nte. 3,"Nte. 3, Panamericana, Ciudad De México, Panamericana, Gustavo A. Madero, Distrito Federal",False,https://casa.mercadolibre.com.mx/MLM-2907742761-casa-en-venta-colonia-panamericana-gustavo-a-madero-_JM,0.0,0,Gustavo A. Madero,0.83,casa,gustavo a. madero,22460.9375,19.4700727,-99.1320852,guadalupe insurgentes,6.148786255966889,1,6.591177936701187,0,8.003638559069062,0,2.956271963368311,2,8.517393171418904,0.0,2.5649493574615367,3.0,0.04974209189481407,6.033837145858832,65,3.926895471750251,60,7.202474063356339,0,5.495059787963687,31,0.8197674418604651,0.43490550304751335,0.9052914334798886,0.1868991935156169,0.6675483398330511,0.0,1265.8296981964857,7.14427275786655,76,4.343805421853684,16.64722825468566,212.48,0.83,0.680406976744186,2.772588722239781,0.0,2.169053700369523,10.301863424547118,31896.04068772268,57.165823959011185,1,6560726.452476969,14.09959047786033
Departamento,,4200000,3.0,3.0,90.0,Residencial Zacatenco,"Residencial Zacatenco, Mexico City, Zacatenco, Gustavo A. Madero, Distrito Federal",False,https://departamento.mercadolibre.com.mx/MLM-4772697370-departamento-en-venta-en-zacatenco-gustavo-a-madero-_JM,0.0,0,Gustavo A. Madero,0.83,departamento,gustavo a. madero,46666.666666666664,19.5052162,-99.1257391,residencial zacatenco,7.150406675981706,0,7.022700332164712,0,7.010709996677243,0,6.969842029027392,0,8.517393171418904,0.0,1.6094379124341003,3.0,0.04974209189481407,7.820339205722479,0,5.259872537883401,42,7.404809259748552,0,3.8144109116873235,39,0.37790697674418605,0.006877498502278207,0.6818715939541351,0.12827369352065934,0.9287490347693819,0.0,1291.2766498273543,7.164160786674377,74,4.31748811353631,13.53257851955055,74.7,0.0,0.3136627906976744,2.4423470353692043,0.0,2.3749057545736716,10.526254779196078,39843.62801043482,47.48245643875505,0,3267154.7690874785,-22.210600736012417
Casa,Venta Casas Granjas Modernas T-df0234-0042,6500000,4.0,2.0,334.0,NORTE 70,"NORTE 70, Granjas Modernas, Gustavo A. Madero, Distrito Federal",False,https://casa.mercadolibre.com.mx/MLM-4996720208-venta-casas-granjas-modernas-t-df0234-0042-_JM,0.0,0,Gustavo A. Madero,0.83,casa,gustavo a. madero,19461.077844311378,19.462725,-99.108813,bondojito,5.977324998075237,1,5.992198046754179,1,8.265329067047379,0,2.1487890894542625,4,8.517393171418904,0.0,0.6931471805599453,3.0,0.04974209189481407,5.655974719717933,53,4.1430898978710475,32,7.125636273678301,0,3.214008863111018,44,0.6627906976744186,0.565530967318381,0.8833848304620269,0.21160184627902356,0.9609838240064987,0.0,1363.9743896983596,7.218890945317305,46,3.8501476017100584,17.4423915954752,277.21999999999997,0.83,0.5501162790697673,2.1972245773362196,0.0,2.4849066497880004,10.285270427337608,27808.57576007039,59.79990481966103,1,7984753.405121391,22.842360078790627
Departamento,Departamentos Con Estacionamiento En Preventa,2775000,2.0,1.0,72.0,Oniquina 6225,"Oniquina 6225, Aragón Inguaran, Gustavo A. Madero, Distrito Federal",False,https://departamento.mercadolibre.com.mx/MLM-5376519326-departamentos-con-estacionamiento-en-preventa-gam-_JM,0.0,0,Gustavo A. Madero,0.83,departamento,gustavo a. madero,38541.666666666664,19.4721222,-99.1105347,tres estrellas,5.895397091643465,1,6.877454058159776,0,7.9585570751043715,0,6.81836953569941,0,8.517393171418904,0.0,2.1972245773362196,3.0,0.04974209189481407,6.742556634295685,21,4.39681150773176,24,7.105185522668562,0,4.642674192224517,35,0.37790697674418605,0.1838839213877787,0.8518173495569524,0.21836548132500755,0.842510326883592,0.0,323.34585394319924,5.7818103969141905,92,4.532599493153256,12.871378323445173,59.76,0.83,0.3136627906976744,1.9459101490553132,0.0,2.277267285009756,10.511501000065673,38010.99255579935,45.09916870637252,2,2736312.8924520044,-1.3941300017295724
Departamento,Venta Departamentos La Purisima Ticoman T-df0213-0061,2490000,3.0,2.0,85.0,BLVD DEL TEMOLUCO,"BLVD DEL TEMOLUCO, La Purísima Ticoman, Gustavo A. Madero, Distrito Federal",False,https://departamento.mercadolibre.com.mx/MLM-5291772278-venta-departamentos-la-purisima-ticoman-t-df0213-0061-_JM,0.0,0,Gustavo A. Madero,0.83,departamento,gustavo a. madero,29294.117647058825,19.5253061,-99.1496944,acueducto de guadalupe (u hab),7.910814489605736,0,7.379920832681501,0,6.868544768351933,0,7.656181912361816,0,8.517393171418904,0.0,1.9459101490553132,3.0,0.04974209189481407,8.183039259531807,0,3.731378542750701,38,7.433829486345994,0,5.045861808149831,34,0.32558139534883723,0.00077904973300336,0.9217574048460918,0.12074255323896523,0.7731386249445045,0.0,4636.91690938315,8.44202060247241,41,3.7376696182833684,13.363041888760522,70.55,0.0,0.2702325581395349,2.3513752571634776,0.0,2.2512917986064953,10.102791466294294,24202.99255674755,45.00134185250099,0,2257547.2502683126,-9.335451796453308
Departamento,Venta Departamentos Pradera Ii Seccion T-df0238-0050,1600000,3.0,1.0,64.0,AV CONSTITUCION DE LA REPUBLICA,"AV CONSTITUCION DE LA REPUBLICA, Pradera II Sección, Gustavo A. Madero, Distrito Federal",False,https://departamento.mercadolibre.com.mx/MLM-5332135996-venta-departamentos-pradera-ii-seccion-t-df0238-0050-_JM,0.0,0,Gustavo A. Madero,0.83,departamento,gustavo a. madero,25000.0,19.504065208503686,-99.11586420887464,,6.946738000301497,0,6.797243601139101,0,7.062474679965817,0,7.47685518769043,0,8.517393171418904,0.0,1.3862943611198906,3.0,0.04974209189481407,7.797529328862601,0,5.8160386042987495,24,7.517648115489304,0,5.8168369051608355,27,0.20348837209302326,0.007695196382527996,0.512077330619351,0.1003548646719417,0.5722497415988451,0.0,882.9346189183946,6.784383099402877,58,4.07753744390572,12.523161809686911,53.12,0.0,0.1688953488372093,1.9459101490553132,0.0,2.0476928433652555,10.489161306545494,34851.55901989512,43.7858214299254,0,2501594.9909423026,56.34968693389391
Departamento,,2031100,2.0,1.0,50.0,Luis De La Rosa,"Luis De La Rosa, Constitución De La República, Ciudad De México, Constitución De La República, Gustavo A. Madero, Distrito Federal",False,https://departamento.mercadolibre.com.mx/MLM-2798265229-preventa-departamentos-50m2-metro-martin-carrera-_JM,0.0,0,Gustavo A. Madero,0.83,departamento,gustavo a. madero,40622.0,19.4819849,-99.1008683,constitucion de la republica,6.215791971804586,1,5.209694061878343,5,7.899094576793492,0,5.0516938054512535,3,8.517393171418904,0.0,2.0794415416798357,3.0,0.04974209189481407,5.938795678930614,45,6.256435499042495,13,5.647333069702763,3,4.703733995312784,31,0.4476744186046512,0.4690925090114503,0.3532022318454935,0.7024592665455933,0.8333811846534918,0.0,1231.170812913828,7.1165327813285195,28,3.367295829986474,11.795476898172977,41.5,0.83,0.3715697674418605,1.4469189829363254,0.5596157879354227,2.169053700369523,10.39928464601498,32800.03835613348,40.88817393319822,2,1702718.3190539442,-16.16767667500644
Departamento,Venta Departamento 2 Ambientes Aragón La Villa,2508000,2.0,2.0,50.0,Alberto Herrera 75,"Alberto Herrera 75, Aragón La Villa(Aragón),, 131, Aragón La Villa, Gustavo A. Madero, Distrito Federal",False,https://departamento.mercadolibre.com.mx/MLM-2733697065-venta-departamento-2-ambientes-aragon-la-villa-_JM,0.0,0,Gustavo A. Madero,0.83,departamento,gustavo a. madero,50160.0,19.4811544,-99.1139134,aragon la villa (aragon),6.159136586972803,1,5.582883877639341,2,7.500272920506772,0,4.889077660417433,4,8.517393171418904,0.0,2.3978952727983707,3.0,0.04974209189481407,6.139956737741192,21,4.923065892770001,25,6.489043165380956,2,5.340549665441896,63,0.5581395348837209,0.39610854942695134,0.7612095587866887,0.43993998536438267,0.7074802323178692,0.0,795.261978677805,6.67992825063859,82,4.418840607796598,11.795476898172977,41.5,0.83,0.46325581395348836,1.9810014688665833,0.4054651081081644,2.8183982582710754,10.467836193198009,34171.77797065385,41.15770666357536,1,1895405.9934063607,-24.42559834902868
Departamento,Venta Departamentos 7 De Noviembre T-df0219-0100,1200000,2.0,1.0,47.0,PEDRO MORENO,"PEDRO MORENO, 7 De Noviembre, Gustavo A. Madero, Distrito Federal",False,https://departamento.mercadolibre.com.mx/MLM-5199990162-venta-departamentos-7-de-noviembre-t-df0219-0100-_JM,0.0,0,Gustavo A. Madero,0.83,departamento,gustavo a. madero,25531.91489361702,19.4866053,-99.1192117,tepeyac insurgentes,6.304508152290956,0,4.924896639342732,8,6.937300934668495,0,4.636119269496386,3,8.517393171418904,0.0,2.302585092994046,3.0,0.04974209189481407,6.212676328042331,13,4.750071525502912,32,6.259753964321651,4,4.7742867143982,77,0.6395348837209303,0.3693280172080451,0.795181328562113,0.5206835654278017,0.8222509089810034,0.0,1082.936981538893,6.988355045197958,70,4.2626798770413155,11.613603032723674,39.01,0.0,0.5308139534883721,2.1972245773362196,0.6931471805599453,3.0081547935525483,10.27457506276043,30337.5217082023,39.77494536960719,1,1540919.689298507,28.409974108208925
Departamento,,4900000,3.0,2.0,98.0,Residencial Zacatenco,"Residencial Zacatenco, Gustavo A. Madero, Distrito Federal",False,https://departamento.mercadolibre.com.mx/MLM-5186792292-departamento-en-venta-lindavista-_JM,0.0,0,Gustavo A. Madero,0.83,departamento,gustavo a. madero,50000.0,19.5052162,-99.1257391,residencial zacatenco,7.150406675981706,0,7.022700332164712,0,7.010709996677243,0,6.969842029027392,0,8.517393171418904,0.0,1.6094379124341003,3.0,0.04974209189481407,7.820339205722479,0,5.259872537883401,42,7.404809259748552,0,3.8144109116873235,39,0.37790697674418605,0.006877498502278207,0.6818715939541351,0.12827369352065934,0.9287490347693819,0.0,1291.2766498273543,7.164160786674377,74,4.31748811353631,13.785359550403768,81.33999999999999,0.0,0.3136627906976744,2.4423470353692043,0.0,2.3749057545736716,10.526254779196078,39843.62801043482,48.369402283457994,0,3537709.0437893337,-27.80185624919727
Casa,Venta Casas Lindavista Sur T-df0217-0103,6750000,2.0,2.0,340.0,COBAN,"COBAN, Lindavista Sur, Gustavo A. Madero, Distrito Federal",False,https://casa.mercadolibre.com.mx/MLM-2833997889-venta-casas-lindavista-sur-t-df0217-0103-_JM,0.0,0,Gustavo A. Madero,0.83,casa,gustavo a. madero,19852.941176470587,19.488593,-99.1405139,valle del tepeyac,6.1069903605056854,1,5.996532210663571,1,7.631026064855772,0,5.899806731668849,0,8.517393171418904,0.0,2.302585092994046,3.0,0.04974209189481407,5.835128167684707,41,4.701395302705955,42,6.252180091152043,5,4.787805680034872,33,0.6162790697674418,0.5054949872400564,0.8039635246113512,0.5232587399051235,0.8200449438598959,0.0,1004.3333900033377,6.913074496829103,50,3.9318256327243257,17.49564743185055,282.2,0.83,0.5115116279069767,2.4423470353692043,0.8109302162163288,2.224623551524334,10.449691013568886,35663.748893976495,60.94136991505942,1,10145779.103686752,50.30783857313706
Departamento,,4480000,2.0,2.0,91.0,Lindavista Norte,"Lindavista Norte, Gustavo A. Madero, Distrito Federal",False,https://departamento.mercadolibre.com.mx/MLM-5187034478-departamento-en-venta-lindavista-_JM,0.0,0,Gustavo A. Madero,0.83,departamento,gustavo a. madero,49230.769230769234,19.5057393,-99.1480141,lindavista ii,6.353974952771635,0,6.906413995507988,0,7.396358427998668,0,3.687416913635111,5,8.517393171418904,0.0,2.3978952727983707,3.0,0.04974209189481407,7.2496344683501635,0,4.017943805365773,37,7.2551709795274295,0,6.520898519878087,9,0.1744186046511628,0.06001381635103018,0.8965749537370672,0.17067293160766214,0.3229318530836318,0.0,3045.9997173181214,8.021912686211868,60,4.110873864173311,13.565365731147121,75.53,0.0,0.1447674418604651,2.327277705584417,0.0,1.1786549963416462,10.4093234860922,33404.41928043346,47.068760034220006,0,3314885.8877719617,-26.00701143366157
Departamento,Venta De Departamento En Lindavista,5990000,6.0,3.0,138.0,CALI 627,"CALI 627, Lindavista, Gustavo A. Madero, Distrito Federal",False,https://departamento.mercadolibre.com.mx/MLM-5107293202-venta-de-departamento-en-lindavista-_JM,0.0,0,Gustavo A. Madero,0.83,departamento,gustavo a. madero,43405.79710144927,19.489093,-99.1249124,lindavista i,6.099291589252106,1,5.7501328316388545,4,6.629248464618407,0,6.6306355917195265,0,8.517393171418904,0.0,2.70805020110221,3.0,0.04974209189481407,6.9414216079175635,0,5.499105790520616,35,6.2763282819387705,4,4.14104608148218,73,0.563953488372093,0.1266308767617434,0.6144999394953321,0.5150246990698972,0.9020239073154435,0.0,1092.253530662386,6.996913419798345,87,4.477336814478207,14.803421799392074,114.53999999999999,0.83,0.4680813953488372,2.277267285009756,0.6931471805599453,2.9575110607337933,10.600002183977901,40475.521502569,52.30543446796735,1,5631531.378914159,-5.984451103269469
Casa,,7000000,3.0,4.0,161.0,Av 300 - 600,"Av 300 - 600, San Juan De Aragón I Secc, Ciudad De México, San Juan De Aragón, Gustavo A. Madero, Distrito Federal",True,https://casa.mercadolibre.com.mx/MLM-5402568226-casa-en-venta-cerca-del-aeropuerto-_JM,0.0,0,Gustavo A. Madero,0.83,casa,gustavo a. madero,43478.260869565216,19.468558,-99.0636906,san juan de aragon 6a seccion (u hab) ii,6.685467476599141,0,5.273570065130175,3,8.829008473040181,0,7.42498213506821,0,8.517393171418904,0.0,1.6094379124341003,3.0,0.04974209189481407,6.439414190543624,33,3.9535899146048457,44,7.68646109403304,0,5.3092839609294025,21,0.47674418604651164,0.28648190475425916,0.9028089767540959,0.06573895684344394,0.7150932566110061,0.0,3465.9029777803453,8.15101696080552,21,3.091042453358316,15.262789005697151,133.63,0.0,0.39569767441860465,2.4849066497880004,0.0,1.8325814637483102,10.193431897620634,26914.303451912496,51.86006676577562,2,4160163.4780792245,-40.569093170296796
Casa,,7500000,3.0,2.0,320.0,La Joya,"La Joya, Gustavo A. Madero, Distrito Federal",True,https://casa.mercadolibre.com.mx/MLM-5393023198-vendo-casa-en-la-gustavo-a-madero-_JM,0.0,0,Gustavo A. Madero,0.83,casa,gustavo a. madero,23437.5,19.460573,-99.1095538,cuchilla la joya,6.248165158825815,0,6.0643603443495095,2,8.314706474519898,0,5.532775840806781,4,8.517393171418904,0.0,1.0986122886681098,3.0,0.04974209189481407,5.889159151635214,54,1.9076812553642233,28,6.901371217033163,1,4.341987220613301,43,0.6395348837209303,0.48665343089387475,0.988590689022125,0.2891541502806108,0.8812327118225912,0.0,1543.0561663421704,7.342168107087707,36,3.6109179126442243,17.314323369390046,265.59999999999997,0.0,0.5308139534883721,2.0794415416798357,0.22314355131420976,2.463853240590168,10.262307068044148,27285.741022384114,59.228301030697814,1,8428385.551318008,12.378474017573446
Departamento,,1478000,3.0,1.0,70.0,La Patera Vallejo,"La Patera Vallejo, Gustavo A. Madero, Distrito Federal",False,https://departamento.mercadolibre.com.mx/MLM-2608165151-unidad-la-patera-departamento-venta-gustavo-a-madero-cdmx-_JM,0.0,0,Gustavo A. Madero,0.83,departamento,gustavo a. madero,21114.285714285714,19.5084773,-99.1579443,nueva industrial vallejo (fracc),7.13896365044968,0,4.922539094497554,2,7.8471353869467215,0,6.729567553410753,0,8.517393171418904,0.0,2.1972245773362196,3.0,0.04974209189481407,7.637931177149769,0,5.177797480442678,22,7.68447234721035,0,5.877798726715838,9,0.0872093023255814,0.015781904417786808,0.7028696784074706,0.06609560797462129,0.5524619113226719,0.0,3776.3017090994767,8.236765200141571,53,3.9889840465642745,12.788039631123947,58.099999999999994,0.0,0.07238372093023256,1.8718021769015913,0.0,1.1786549963416462,10.412522375465116,32352.777707994268,44.38524959913759,0,2367980.454242231,60.21518634927136
Casa,,1241000,3.0,1.0,61.0,La Pradera 1a Sección,"La Pradera 1a Sección, Gustavo A. Madero, Distrito Federal",True,https://casa.mercadolibre.com.mx/MLM-5395492194-la-pradera-casa-venta-gustavo-a-madero-cdmx-_JM,0.0,0,Gustavo A. Madero,0.83,casa,gustavo a. madero,20344.262295081968,19.4743409,-99.0682264,la pradera,7.271507979174943,0,4.959927112782595,3,8.721482666080286,0,6.7948309793256945,0,8.517393171418904,0.0,1.6094379124341003,3.0,0.04974209189481407,6.906845806903485,1,4.758544640798591,28,7.600156467778615,0,3.6992351302233417,33,0.26744186046511625,0.13585299693545122,0.7936186010689571,0.08234103309289521,0.9364173965250588,0.0,3306.022277127529,8.10380344931457,29,3.4011973816621555,12.381403155135274,50.629999999999995,0.0,0.2219767441860465,2.0794415416798357,0.0,2.224623551524334,10.216607353692002,28714.42025217587,42.1653115079268,2,1702747.8963500252,37.207727344885186
Departamento,,1880000,3.0,1.0,69.0,Av. Chalmita,"Av. Chalmita, Zona Escolar Oriente, Gustavo A. Madero, Distrito Federal",False,https://departamento.mercadolibre.com.mx/MLM-4835618958-venta-departamento-_JM,0.0,0,Gustavo A. Madero,0.83,departamento,gustavo a. madero,27246.376811594204,19.532774,-99.1479445,el arbolillo 1 (u hab),8.176096521718122,0,7.67683749431463,0,6.868115808101794,0,7.978360176253382,0,8.517393171418904,0.0,1.791759469228055,3.0,0.04974209189481407,8.387016128454094,0,4.9748477053032305,28,6.963583382237547,0,6.2312650720025164,30,0.2441860465116279,0.00015417848008084854,0.7501714003988141,0.26699646050575604,0.4292723432596778,0.0,5127.655117848646,8.542598743531384,22,3.1354942159291497,12.745485726148079,57.269999999999996,0.0,0.20267441860465116,2.0794415416798357,0.0,2.1400661634962708,10.193152885210036,26922.97049629663,43.30556153429654,0,1997777.0241083025,6.26473532490971
Departamento,,856422,2.0,1.0,46.0,El Arbolillo,"El Arbolillo, Gustavo A. Madero, Distrito Federal",False,https://departamento.mercadolibre.com.mx/MLM-2779182383-el-arbolillo-iii-croc-departamento-venta-gustavo-a-madero-cdmx-_JM,0.0,0,Gustavo A. Madero,0.83,departamento,gustavo a. madero,18617.869565217392,19.5304377,-99.1489895,el arbolillo 1 (u hab),8.099870525861009,0,7.56917561668988,0,6.830546696330838,0,7.888909844443282,0,8.517393171418904,0.0,1.6094379124341003,3.0,0.04974209189481407,8.328217559945601,0,5.062435063301282,32,7.188687246393253,0,5.76617331886973,28,0.2558139534883721,0.0002545363790917409,0.7305559541925474,0.19124415358347652,0.5882975226819456,0.0,4997.863142649753,8.516965794093377,34,3.5553480614894135,11.550442805130174,38.18,0.0,0.21232558139534882,2.1972245773362196,0.0,2.0794415416798357,10.160114585732368,25744.5063623754,39.11794080535686,0,1272138.6418189977,48.5410979422525
Casa,Amplia Casa Familiar Lindavista,8900000,5.0,2.0,297.0,Payta,"Payta, Lindavista Sur, Ciudad De México, Lindavista Norte, Gustavo A. Madero, Distrito Federal",False,https://casa.mercadolibre.com.mx/MLM-2940756749-amplia-casa-familiar-lindavista-_JM,0.0,0,Gustavo A. Madero,0.83,casa,gustavo a. madero,29966.329966329966,19.4896519,-99.1343709,lindavista i,5.228305275464122,1,5.302062171088789,2,7.261531360981438,0,6.381430682186345,0,8.517393171418904,0.0,2.4849066497880004,3.0,0.04974209189481407,6.89465469143414,4,4.231962919516359,31,5.686084938092783,5,5.235296218122947,53,0.45348837209302323,0.13918243793770813,0.8731005937788598,0.6926906275171019,0.7324883283279567,0.0,1187.2846312868123,7.080266059851082,54,4.007333185232471,17.091280459516213,246.51,0.83,0.37639534883720926,2.169053700369523,0.8109302162163288,2.6567569067146595,10.302148243312455,30001.91352955811,58.69230165398849,0,8994472.191717234,1.0614853001936349
Casa,,8900000,5.0,2.0,297.0,Payta 725,"Payta 725, Lindavista, Ciudad De México, Lindavista Sur, Gustavo A. Madero, Distrito Federal",False,https://casa.mercadolibre.com.mx/MLM-2940756453-casa-lindavista-5-recamaras-_JM,0.0,0,Gustavo A. Madero,0.83,casa,gustavo a. madero,29966.329966329966,19.4896519,-99.1343709,lindavista i,5.228305275464122,1,5.302062171088789,2,7.261531360981438,0,6.381430682186345,0,8.517393171418904,0.0,2.4849066497880004,3.0,0.04974209189481407,6.89465469143414,4,4.231962919516359,31,5.686084938092783,5,5.235296218122947,53,0.45348837209302323,0.13918243793770813,0.8731005937788598,0.6926906275171019,0.7324883283279567,0.0,1187.2846312868123,7.080266059851082,54,4.007333185232471,17.091280459516213,246.51,0.83,0.37639534883720926,2.169053700369523,0.8109302162163288,2.6567569067146595,10.302148243312455,30004.87882649379,58.69230165398849,0,9099895.068172118,2.2460120019339067
Departamento,,1083300,2.0,1.0,59.0,Santiago Atepetlac,"Santiago Atepetlac, Gustavo A. Madero, Distrito Federal",True,https://departamento.mercadolibre.com.mx/MLM-5395492056-santiago-atepetlac-departamento-en-venta-gustavo-a-madero-cdmx-_JM,0.0,0,Gustavo A. Madero,0.83,departamento,gustavo a. madero,18361.01694915254,19.5228371,-99.1605541,santiago atepetlac,7.910863183995,0,6.186526969769729,2,7.665380475897962,0,7.721017097297077,0,8.517393171418904,0.0,1.6094379124341003,3.0,0.04974209189481407,8.177108512978885,0,4.881399949349651,25,7.830030341292592,0,3.756052954591228,33,0.2441860465116279,0.0008127389967587521,0.7697956889306671,0.043174419471494904,0.9327369407001789,0.0,5300.12069188958,8.575673528487458,28,3.367295829986474,12.2830336866663,48.97,0.0,0.20267441860465116,1.9810014688665833,0.0,2.224623551524334,10.070867072661503,23174.23640248276,41.23359983581323,0,1530701.5716052628,41.29987737517426
Casa,,7875000,3.0,3.0,214.0,Lindavista Norte,"Lindavista Norte, Gustavo A. Madero, Distrito Federal",False,https://casa.mercadolibre.com.mx/MLM-4587954592-lindavista-casa-venta-gustavo-madero-cdmx-_JM,0.0,0,Gustavo A. Madero,0.83,casa,gustavo a. madero,36799.06542056075,19.5057393,-99.1480141,lindavista ii,6.353974952771635,0,6.906413995507988,0,7.396358427998668,0,3.687416913635111,5,8.517393171418904,0.0,2.3978952727983707,3.0,0.04974209189481407,7.2496344683501635,0,4.017943805365773,37,7.2551709795274295,0,6.520898519878087,9,0.1744186046511628,0.06001381635103018,0.8965749537370672,0.17067293160766214,0.3229318530836318,0.0,3045.9997173181214,8.021912686211868,60,4.110873864173311,16.111914084382988,177.62,0.0,0.1447674418604651,2.327277705584417,0.0,1.1786549963416462,10.4093234860922,33404.41928043346,55.90470856148918,0,6961664.255838061,-11.59791421158018
Casa,,3600000,3.0,2.0,233.0,Providencia,"Providencia, Gustavo A. Madero, Distrito Federal",False,https://casa.mercadolibre.com.mx/MLM-4632991256-la-providencia-gustavo-a-madero-cdmx-casa-en-venta-_JM,0.0,0,Gustavo A. Madero,0.83,casa,gustavo a. madero,15450.643776824034,19.4785468,-99.070034,providencia (ampl),7.459548686358742,0,5.7528352669590115,2,8.66417426868403,0,5.967793598569245,0,8.517393171418904,0.0,1.6094379124341003,3.0,0.04974209189481407,7.251220438019566,0,5.84276117216438,14,7.679140641303729,0,3.0697815227334107,32,0.1744186046511628,0.05974625284813211,0.5028518059674407,0.06705779076805572,0.9663505124190166,0.0,3425.9686065208966,8.139431361202623,26,3.295836866004329,16.365963346073105,193.39,0.0,0.1447674418604651,1.5040773967762742,0.0,2.1972245773362196,10.225102444940008,28795.749813703453,55.78121727457689,2,4879967.847039806,35.554662417772384
Departamento,,2090000,2.0,1.0,81.0,Granjas Modernas,"Granjas Modernas, Gustavo A. Madero, Distrito Federal",False,https://departamento.mercadolibre.com.mx/MLM-2608429395-granjas-modernas-departamento-venta-gustavo-madero-cdmx-_JM,0.0,0,Gustavo A. Madero,0.83,departamento,gustavo a. madero,25802.46913580247,19.4787304,-99.1024687,granjas modernas-san juan de aragon (ampl),6.55547014242877,0,5.423151425235995,5,7.930892220248044,0,5.262588864599005,3,8.517393171418904,0.0,2.1972245773362196,3.0,0.04974209189481407,6.010951700548363,45,5.523587259446654,15,5.4025301158222065,3,4.134139882883432,24,0.4127906976744186,0.4431962459408122,0.6070984548837938,0.7586542517374895,0.9026746317707188,0.0,891.6821110852053,6.794230538873077,40,3.713572066704308,13.220157741792761,67.22999999999999,0.0,0.34261627906976744,1.55814461804655,0.5596157879354227,1.9459101490553132,10.45435423484915,34006.123317749596,46.06940402442831,2,3556407.9005644796,70.16305744327653
Casa,,12900000,4.0,2.0,440.0,Manizales 0,"Manizales 0, Lindavista Norte, Gustavo A. Madero, Distrito Federal",False,https://casa.mercadolibre.com.mx/MLM-2845865615-casa-en-venta-en-colonia-lindavista-norte-gustavo-a-madero-ciudad-de-mexico-_JM,0.0,0,Gustavo A. Madero,0.83,casa,gustavo a. madero,29318.18181818182,19.5049216,-99.1249383,residencial zacatenco,7.094065996701243,0,6.955334585191394,0,6.990961120683581,0,7.041913647549939,0,8.517393171418904,0.0,1.6094379124341003,3.0,0.04974209189481407,7.841999988245856,0,5.479011846860377,42,7.455865622892893,0,4.824031357552313,39,0.37790697674418605,0.006166766819177476,0.6205062273831595,0.1151838106742889,0.8140150601125236,0.0,1212.9274313685871,7.101616193365368,74,4.31748811353631,18.26713462634054,365.2,0.0,0.3136627906976744,2.4423470353692043,0.0,2.3749057545736716,10.516387820967175,39937.60974228841,64.0347573694718,0,12571667.799777074,-2.5452108544412884
Departamento,,4700000,2.0,1.0,194.0,Chosica 655,"Chosica 655, Lindavista Norte, Gustavo A. Madero, Distrito Federal",False,https://departamento.mercadolibre.com.mx/MLM-4837300266-departamento-en-venta-en-colonia-lindavista-norte-gustavo-a-madero-ciudad-de-mexico-_JM,0.0,0,Gustavo A. Madero,0.83,departamento,gustavo a. madero,24226.80412371134,19.4883345,-99.1360549,churubusco tepeyac,4.673546009605286,1,6.056054643246513,2,7.407707295383355,0,6.5998769375946535,0,8.517393171418904,0.0,2.302585092994046,3.0,0.04974209189481407,6.649580306543223,29,5.3771014613838375,38,5.434996645706387,5,3.768779561592461,43,0.5813953488372093,0.21375599556715913,0.6499965150839996,0.7517397448179487,0.9318855638659539,0.0,992.0706420186252,6.900801801513459,50,3.9318256327243257,15.81899867569124,161.01999999999998,0.83,0.48255813953488375,2.3513752571634776,0.8109302162163288,2.463853240590168,10.503849826923105,37746.028714202606,55.38679550058542,1,6640372.414053969,41.28451944795679
Casa,,17680000,4.0,4.0,440.0,Lindavista 00,"Lindavista 00, Planetario Lindavista, Gustavo A. Madero, Distrito Federal",False,https://casa.mercadolibre.com.mx/MLM-2782249757-casa-en-venta-en-colonia-planetario-lindavista-gustavo-a-madero-ciudad-de-mexico-_JM,0.0,0,Gustavo A. Madero,0.83,casa,gustavo a. madero,40181.818181818184,19.5098825,-99.1458117,torres lindavista (fracc),6.984641854702541,0,7.23417162646081,0,7.151710539605088,0,5.957956154480269,0,8.517393171418904,0.0,2.1972245773362196,3.0,0.04974209189481407,7.523351363047319,0,3.785459036399089,47,6.854310176931265,2,5.126105734265386,14,0.27325581395348836,0.02473542238321835,0.9174916697839673,0.3061446808132576,0.7565900881765489,0.0,3301.2344681059694,8.10235462986524,68,4.23410650459726,18.26713462634054,365.2,0.0,0.22680232558139532,2.545531271604435,0.4054651081081644,1.5040773967762742,10.398238093929816,32177.20151746161,63.315338379519524,0,11763834.532721816,-33.46247436243317
Departamento,,1139500,2.0,1.0,59.0,Santiago Atepetlac,"Santiago Atepetlac, Gustavo A. Madero, Distrito Federal",False,https://departamento.mercadolibre.com.mx/MLM-4640970576-santiago-atepetlac-departamento-en-venta-gustavo-a-madero-cdmx-_JM,0.0,0,Gustavo A. Madero,0.83,departamento,gustavo a. madero,19313.5593220339,19.5228371,-99.1605541,santiago atepetlac,7.910863183995,0,6.186526969769729,2,7.665380475897962,0,7.721017097297077,0,8.517393171418904,0.0,1.6094379124341003,3.0,0.04974209189481407,8.177108512978885,0,4.881399949349651,25,7.830030341292592,0,3.756052954591228,33,0.2441860465116279,0.0008127389967587521,0.7697956889306671,0.043174419471494904,0.9327369407001789,0.0,5300.12069188958,8.575673528487458,28,3.367295829986474,12.2830336866663,48.97,0.0,0.20267441860465116,1.9810014688665833,0.0,2.224623551524334,10.070867072661503,23600.793139726695,41.23359983581323,0,1740450.515824924,52.73808826897095
Casa,,16700000,4.0,4.0,420.0,Torres Lindavista,". 0, Torres Lindavista, Gustavo A. Madero, Distrito Federal",False,https://casa.mercadolibre.com.mx/MLM-2740013967-casa-en-venta-en-colonia-torres-lindavista-gustavo-a-madero-ciudad-de-mexico-_JM,0.0,0,Gustavo A. Madero,0.83,casa,gustavo a. madero,39761.90476190476,19.506314,-99.1445042,lindavista ii,6.679769486264925,0,7.223941639777131,0,7.1472128030593325,0,4.678778369103367,7,8.517393171418904,0.0,2.302585092994046,3.0,0.04974209189481407,7.287560775184536,0,5.207770810799338,50,7.024704089587906,0,6.269422731361549,12,0.26744186046511625,0.05382590649371316,0.6953272207723313,0.24565495239178914,0.415355435526639,0.0,3009.414085044649,8.009832918063342,58,4.07753744390572,18.12789850104714,348.59999999999997,0.0,0.2219767441860465,2.6026896854443837,0.0,1.3862943611198906,10.403905139914237,32567.422943437126,62.866978796962655,0,12230422.981625117,-26.763934241765764
Departamento,,4800000,2.0,2.0,120.0,Av. Lindavista  S/N,"Av. Lindavista  S/N, Lindavista Norte, Gustavo A. Madero, Distrito Federal",False,https://departamento.mercadolibre.com.mx/MLM-2756606335-departamento-en-venta-en-lindavista-norte-_JM,0.0,0,Gustavo A. Madero,0.83,departamento,gustavo a. madero,40000.0,19.487434,-99.1207098,tepeyac insurgentes,6.337253943977485,0,5.301708931822215,6,6.804751628208869,0,5.6507192547859235,2,8.517393171418904,0.0,2.772588722239781,3.0,0.04974209189481407,6.45303087522099,11,5.543975812406267,33,6.300221925742728,4,3.8925664845649495,69,0.5872093023255814,0.2816061861614339,0.6008649167376121,0.506811584544761,0.9230600737276397,0.0,1027.4777775092593,6.935835102159787,79,4.382026634673881,14.387371636790224,99.6,0.0,0.4873837209302326,2.224623551524334,0.6931471805599453,2.9041650800285006,10.308499704778209,29131.84794933705,49.43740542346213,1,3501485.994224603,-27.052375120320775
Casa,,3672000,3.0,2.0,211.0,Ampliación Guadalupe Proletaria,"Ampliación Guadalupe Proletaria, Gustavo A. Madero, Distrito Federal",True,https://casa.mercadolibre.com.mx/MLM-5395527760-guadalupe-proletaria-casa-venta-gustavo-a-madero-cdmx-_JM,0.0,0,Gustavo A. Madero,0.83,casa,gustavo a. madero,17402.843601895736,19.5194858,-99.147971,santiago atepetlac (la selvita) (u hab),7.643059649457359,0,7.3334576297607486,0,7.0491662150505965,0,7.2800613522969275,0,8.517393171418904,0.0,2.1972245773362196,3.0,0.04974209189481407,7.980191243540624,0,5.754446008348491,34,7.054953986539339,0,4.634929678055232,37,0.31976744186046513,0.0029001876536702094,0.5330279970024119,0.23527971419460333,0.8436357484481591,0.0,4074.833361418853,8.312830510636145,56,4.04305126783455,16.069758824016038,175.13,0.0,0.26540697674418606,2.2512917986064953,0.0,2.327277705584417,10.13110063844675,26263.598818700262,54.26811462722472,0,5350165.949667142,45.701687082438504
Casa,,3700000,4.0,3.0,186.0,Ampliación Guadalupe Proletaria,"Ampliación Guadalupe Proletaria, Gustavo A. Madero, Distrito Federal",True,https://casa.mercadolibre.com.mx/MLM-5395527932-ampliacion-guadalupe-proletaria-casa-venta-gustavo-madero-cdmx-_JM,0.0,0,Gustavo A. Madero,0.83,casa,gustavo a. madero,19892.47311827957,19.5194858,-99.147971,santiago atepetlac (la selvita) (u hab),7.643059649457359,0,7.3334576297607486,0,7.0491662150505965,0,7.2800613522969275,0,8.517393171418904,0.0,2.1972245773362196,3.0,0.04974209189481407,7.980191243540624,0,5.754446008348491,34,7.054953986539339,0,4.634929678055232,37,0.31976744186046513,0.0029001876536702094,0.5330279970024119,0.23527971419460333,0.8436357484481591,0.0,4074.833361418853,8.312830510636145,56,4.04305126783455,15.69332585056376,154.38,0.0,0.26540697674418606,2.2512917986064953,0.0,2.327277705584417,10.13110063844675,26263.598818700262,52.9968878479998,0,4914356.175315354,32.820437170685246
Casa,Casa Con Local Comercial Y Potencial De Desarrollo,6300000,4.0,3.0,230.0,Tepeyac Insurgentes,"Tepeyac Insurgentes, Gustavo A. Madero, Distrito Federal",False,https://casa.mercadolibre.com.mx/MLM-2867471051-casa-con-local-comercial-y-potencial-de-desarrollo-230-m-tepeyac-insurgentes-_JM,0.0,0,Gustavo A. Madero,0.83,casa,gustavo a. madero,27391.304347826088,19.4807706,-99.1197036,tepeyac insurgentes,5.1767856233504075,1,5.6134892433027925,3,7.406507089914544,0,4.766239050705795,8,8.517393171418904,0.0,2.6390573296152584,3.0,0.04974209189481407,4.525807239532779,29,5.109190476016256,27,6.145140587710877,4,3.9041147363768625,72,0.6802325581395349,0.8329839358818352,0.7195907797309528,0.5588878085997093,0.922184245229411,0.0,1201.988349358411,7.092564031271432,91,4.5217885770490405,16.327253131565378,190.89999999999998,0.83,0.564593023255814,2.0476928433652555,0.6931471805599453,2.9444389791664403,10.471767271017976,38663.66546644782,56.9917316562507,1,6842609.938061621,8.61285615970827
Casa,,5925938,4.0,3.0,390.0,Acueducto De Guadalupe,"Acueducto De Guadalupe, Gustavo A. Madero, Distrito Federal",False,https://casa.mercadolibre.com.mx/MLM-2608238259-acueducto-de-guadalupe-casa-venta-gustavo-a-madero-cdmx-_JM,0.0,0,Gustavo A. Madero,0.83,casa,gustavo a. madero,15194.712820512821,19.4889617,-99.1171639,santa isabel tola (pblo),6.617722967364068,0,5.355419449992465,5,6.797533642851436,0,4.6215617957496375,2,8.517393171418904,0.0,2.3978952727983707,3.0,0.04974209189481407,6.632233293636945,7,5.194307647685458,33,5.912959641419291,3,4.399065533958849,71,0.5697674418604651,0.21951131861774165,0.6987329780153586,0.6306534579499847,0.8746268110645422,0.0,814.7508162754261,6.704108936117032,79,4.382026634673881,17.9061226799561,323.7,0.0,0.472906976744186,2.224623551524334,0.5596157879354227,2.9311937524164198,10.361742280289441,30007.744625598552,61.84620948298359,1,11140208.857021468,87.99064143130535
Casa,,3685000,6.0,2.0,216.0,La Pradera,"La Pradera, Gustavo A. Madero, Distrito Federal",False,https://casa.mercadolibre.com.mx/MLM-2936888763-la-pradera-1a-seccion-gustavo-a-madero-_JM,0.0,0,Gustavo A. Madero,0.83,casa,gustavo a. madero,17060.185185185186,19.4735352,-99.0779876,san juan de aragon 7 secc (u hab) i,7.569500495189828,0,5.222244728025829,2,8.564342577911308,0,4.897428923809958,4,8.517393171418904,0.0,1.791759469228055,3.0,0.04974209189481407,6.877831309418313,3,4.871543650720593,27,7.102926615254548,0,5.5923226751030075,38,0.3023255813953488,0.14384216750640716,0.7717886896897007,0.21911708902066768,0.6404418124318304,0.0,2432.9496841801047,7.79727060126318,36,3.6109179126442243,16.13969206062138,179.28,0.0,0.2509302325581395,2.0476928433652555,0.0,2.3513752571634776,10.141273131304436,26749.729525200677,54.559008480635704,2,5515742.586508905,49.68093857554693
Casa,,6176075,3.0,2.0,248.0,San Juan De Aragón II Sección,"San Juan De Aragón II Sección, Gustavo A. Madero, Distrito Federal",False,https://casa.mercadolibre.com.mx/MLM-2608212945-san-juan-de-aragon-casa-a-en-venta-gustavo-madero-cdmx-_JM,0.0,0,Gustavo A. Madero,0.83,casa,gustavo a. madero,24903.52822580645,19.4726553,-99.0872594,el olivo,7.690341593045449,0,5.330352894762376,2,8.402060179541309,0,5.398657908737819,5,8.517393171418904,0.0,1.3862943611198906,3.0,0.04974209189481407,7.141460370251681,0,4.909998421170687,30,6.918892068754222,0,4.071764679765349,39,0.3081395348837209,0.08009484574592488,0.7639305473832456,0.28287539084604363,0.9083725866305153,0.0,1754.668973948437,7.4706052450056655,30,3.4339872044851463,16.552358689394122,205.84,0.0,0.25575581395348834,2.1400661634962708,0.0,2.3749057545736716,10.1708947655046,26741.235981407164,56.11743278357109,2,4861228.681669749,-21.28935154333862
Departamento,,2324000,2.0,1.0,58.0,Santiago Atzacoalco,"Santiago Atzacoalco, Gustavo A. Madero, Distrito Federal",True,https://departamento.mercadolibre.com.mx/MLM-5395527964-nueva-atzacoalco-departamento-venta-gustavo-madero-cdmx-_JM,0.0,0,Gustavo A. Madero,0.83,departamento,gustavo a. madero,40068.96551724138,19.5004436,-99.0951455,santiago atzacoalco (pblo),7.581071756129889,0,6.462834281619142,0,7.972255581860801,0,7.733203254841019,0,8.517393171418904,0.0,1.0986122886681098,3.0,0.04974209189481407,6.364663581687403,40,3.9949245195463443,40,7.758942997184991,0,5.631459193311595,37,0.5872093023255814,0.31351793648610066,0.8988460720437672,0.05356902980904419,0.6291104799476241,0.0,2421.012783327392,7.792354202103812,30,3.4339872044851463,12.23261233171716,48.14,0.0,0.4873837209302326,2.3978952727983707,0.0,2.327277705584417,10.45484945009039,33329.0475069308,42.630040103140686,2,2140305.0956459404,-7.904255781155749
Casa,Amplia Casa Con Locales Cerca De Lindavista Norte,8750000,2.0,1.0,180.0,San Bartolo Atepehuacan,"San Bartolo Atepehuacan, Gustavo A. Madero, Distrito Federal",False,https://casa.mercadolibre.com.mx/MLM-2748895621-amplia-casa-con-locales-cerca-de-lindavista-norte-_JM,0.0,0,Gustavo A. Madero,0.83,casa,gustavo a. madero,48611.11111111111,19.4933278,-99.1413426,san bartolo atepehuacan (pblo),6.3392306434454175,0,5.633329815297284,2,7.609460650519145,0,5.761294144538326,0,8.517393171418904,0.0,2.4849066497880004,3.0,0.04974209189481407,6.096285779912863,27,3.6350436085459963,31,6.854646259732818,1,4.973052081934054,35,0.45348837209302323,0.4121327983048999,0.9288509340417841,0.30602276540425316,0.7873267746128081,0.0,1535.1899940823173,7.337060600122146,42,3.7612001156935624,15.595491093797477,149.4,0.0,0.37639534883720926,2.169053700369523,0.22314355131420976,2.277267285009756,10.370179728619696,30001.91352955811,53.90934853292254,0,5606217.329931837,-35.928944800779014
Casa,,9590000,8.0,4.0,429.0,MANUEL MORALES,"MANUEL MORALES, Ferrocarrilera, Gustavo A. Madero, Distrito Federal",False,https://casa.mercadolibre.com.mx/MLM-2855984089-casa-con-departamento-en-venta-en-ferrocarrilera-insurgentes-_JM,0.0,0,Gustavo A. Madero,0.83,casa,gustavo a. madero,22354.312354312355,19.4803948,-99.0983823,constitucion de la republica,6.700812867627843,0,4.698736650112735,5,8.009533044822653,0,5.040477328998583,2,8.517393171418904,0.0,2.0794415416798357,3.0,0.04974209189481407,4.284725579445526,50,6.06297491297814,20,5.63183277575859,3,5.290806243176213,23,0.46511627906976744,0.8666108481945336,0.42430470926021724,0.7062989855228946,0.719519005445913,0.0,1357.5276702295312,7.214156796880932,29,3.4011973816621555,18.191355626062823,356.07,0.0,0.38604651162790693,1.791759469228055,0.5596157879354227,1.9095425048844386,10.3378617637162,31708.67372936745,62.68657325227948,2,8571018.38379755,-10.625460022966104
Departamento,,1106000,2.0,1.0,59.0,Vasco De Quiroga,"Vasco De Quiroga, Gustavo A. Madero, Distrito Federal",True,https://departamento.mercadolibre.com.mx/MLM-5395527380-vasco-de-quiroga-departamento-venta-gustavo-a-madero-cdmx-_JM,0.0,0,Gustavo A. Madero,0.83,departamento,gustavo a. madero,18745.762711864405,19.493309,-99.0920265,nueva atzacoalco iii,7.369336540087702,0,3.281666755447375,2,8.065341137800644,0,7.42596927102014,0,8.517393171418904,0.0,1.3862943611198906,3.0,0.04974209189481407,3.6906752238369314,50,4.681879018934808,16,7.480195781526781,0,2.327347519481532,37,0.5058139534883721,0.924831434872233,0.8073923625674435,0.10920977255857856,0.9847003873475817,0.0,2724.7190074804766,7.910487528249622,35,3.58351893845611,12.2830336866663,48.97,0.0,0.4198255813953488,1.6094379124341003,0.0,2.327277705584417,10.404108237245671,32164.160641863054,42.59800398593698,2,1915879.825724568,73.22602402572947
Casa,,5635000,4.0,3.0,310.0,Lindavista Norte,"Lindavista Norte, Gustavo A. Madero, Distrito Federal",True,https://casa.mercadolibre.com.mx/MLM-5395504162-lindavista-casa-venta-gustavo-a-madero-cdmx-_JM,0.0,0,Gustavo A. Madero,0.83,casa,gustavo a. madero,18177.41935483871,19.5057393,-99.1480141,lindavista ii,6.353974952771635,0,6.906413995507988,0,7.396358427998668,0,3.687416913635111,5,8.517393171418904,0.0,2.3978952727983707,3.0,0.04974209189481407,7.2496344683501635,0,4.017943805365773,37,7.2551709795274295,0,6.520898519878087,9,0.1744186046511628,0.06001381635103018,0.8965749537370672,0.17067293160766214,0.3229318530836318,0.0,3045.9997173181214,8.021912686211868,60,4.110873864173311,17.219378736537703,257.3,0.0,0.1447674418604651,2.327277705584417,0.0,1.1786549963416462,10.4093234860922,33940.64613966151,59.74736116605284,0,10646323.210473323,88.93208891700662
Departamento,,2538000,2.0,2.0,66.0,Constitución De La República,"Constitución De La República, Gustavo A. Madero, Distrito Federal",True,https://departamento.mercadolibre.com.mx/MLM-5395528236-constitucion-de-la-republica-departamento-en-venta-gustavo-a-madero-cdmx-_JM,0.0,0,Gustavo A. Madero,0.83,departamento,gustavo a. madero,38454.545454545456,19.4823184,-99.0759029,providencia i,7.810774210612577,0,5.64095920523423,2,8.532623001786904,0,1.27364123737609,6,8.517393171418904,0.0,1.0986122886681098,3.0,0.04974209189481407,7.532809486158099,0,5.090597183193318,6,7.689216696926929,0,5.857162596411785,35,0.14534883720930233,0.023880466271791686,0.7239928697735367,0.06524679853376777,0.5592171903344245,0.0,3302.297489595939,8.102676487818831,31,3.4657359027997265,12.614077858172898,54.779999999999994,0.0,0.12063953488372094,0.9162907318741551,0.0,2.277267285009756,10.096556809280276,25972.419059154072,42.45291789724237,2,2436140.595526395,-4.01337291070154
Departamento,,1375000,2.0,1.0,58.0,Acueducto De Guadalupe,"Acueducto De Guadalupe, Gustavo A. Madero, Distrito Federal",False,https://departamento.mercadolibre.com.mx/MLM-2608238553-gam-acueducto-de-guadalupe-departamento-venta-ciudad-de-mexico-_JM,0.0,0,Gustavo A. Madero,0.83,departamento,gustavo a. madero,23706.896551724138,19.4889617,-99.1171639,santa isabel tola (pblo),6.617722967364068,0,5.355419449992465,5,6.797533642851436,0,4.6215617957496375,2,8.517393171418904,0.0,2.3978952727983707,3.0,0.04974209189481407,6.632233293636945,7,5.194307647685458,33,5.912959641419291,3,4.399065533958849,71,0.5697674418604651,0.21951131861774165,0.6987329780153586,0.6306534579499847,0.8746268110645422,0.0,814.7508162754261,6.704108936117032,79,4.382026634673881,12.23261233171716,48.14,0.0,0.472906976744186,2.224623551524334,0.5596157879354227,2.9311937524164198,10.361742280289441,30007.744625598552,42.25039213198123,1,2074460.5215453107,50.86985611238624
Departamento,,1207910,2.0,1.0,59.0,Santiago Atepetlac,"Santiago Atepetlac, Gustavo A. Madero, Distrito Federal",True,https://departamento.mercadolibre.com.mx/MLM-5395528072-santiago-atepetlac-departamento-venta-gustavo-a-madero-cdmx-_JM,0.0,0,Gustavo A. Madero,0.83,departamento,gustavo a. madero,20473.050847457627,19.5228371,-99.1605541,santiago atepetlac,7.910863183995,0,6.186526969769729,2,7.665380475897962,0,7.721017097297077,0,8.517393171418904,0.0,1.6094379124341003,3.0,0.04974209189481407,8.177108512978885,0,4.881399949349651,25,7.830030341292592,0,3.756052954591228,33,0.2441860465116279,0.0008127389967587521,0.7697956889306671,0.043174419471494904,0.9327369407001789,0.0,5300.12069188958,8.575673528487458,28,3.367295829986474,12.2830336866663,48.97,0.0,0.20267441860465116,1.9810014688665833,0.0,2.224623551524334,10.070867072661503,23600.793139726695,41.23359983581323,0,1740450.515824924,44.08776447127054
Departamento,,2560000,2.0,1.0,78.0,Villa Gustavo A. Madero,"Villa Gustavo A. Madero, Gustavo A. Madero, Distrito Federal",True,https://departamento.mercadolibre.com.mx/MLM-5395492572-villa-gustavo-madero-departamento-venta-gustavo-madero-cdmx-_JM,0.0,0,Gustavo A. Madero,0.83,departamento,gustavo a. madero,32820.51282051282,19.4616807,-99.061347,san juan de aragon 4a  y 5a seccion (u hab) ii,1.5748991829408199,1,6.010771832394488,2,8.909929053218864,0,7.739179669187155,0,8.517393171418904,0.0,1.0986122886681098,3.0,0.04974209189481407,5.190374754923506,32,4.133039727203216,56,7.776179153100703,0,5.514314289202446,22,0.5523255813953488,0.6997223646663253,0.8844985286905491,0.05091031717731637,0.6623025169143303,0.0,3548.5397513164794,8.174573226548011,15,2.772588722239781,13.108343557401064,64.74,0.83,0.45843023255813947,2.70805020110221,0.0,1.8718021769015913,10.204389198621215,28454.66898277943,44.587546469653134,2,2740982.7031499045,7.0696368417931446
Casa,,5300000,7.0,3.0,248.0,San Juan De Aragón II Sección,"San Juan De Aragón II Sección, Gustavo A. Madero, Distrito Federal",False,https://casa.mercadolibre.com.mx/MLM-2608377707-san-juan-de-aragon-casa-en-venta-gustavo-a-madero-cdmx-_JM,0.0,0,Gustavo A. Madero,0.83,casa,gustavo a. madero,21370.967741935485,19.4726553,-99.0872594,el olivo,7.690341593045449,0,5.330352894762376,2,8.402060179541309,0,5.398657908737819,5,8.517393171418904,0.0,1.3862943611198906,3.0,0.04974209189481407,7.141460370251681,0,4.909998421170687,30,6.918892068754222,0,4.071764679765349,39,0.3081395348837209,0.08009484574592488,0.7639305473832456,0.28287539084604363,0.9083725866305153,0.0,1754.668973948437,7.4706052450056655,30,3.4339872044851463,16.552358689394122,205.84,0.0,0.25575581395348834,2.1400661634962708,0.0,2.3749057545736716,10.1708947655046,26741.235981407164,56.11743278357109,2,4249938.194471491,-19.812486896764327
Departamento,,1600000,2.0,1.0,54.0,Nte. 94-A,"Nte. 94-A, Milagro, Ciudad De México, El Milagro, Gustavo A. Madero, Distrito Federal",False,https://departamento.mercadolibre.com.mx/MLM-5289079758-departamento-en-venta-en-pb-en-la-u-h-el-milagro-el-milagro-gustavo-a-madero-26-2948-avc-_JM,0.0,0,Gustavo A. Madero,0.83,departamento,gustavo a. madero,29629.62962962963,19.4858451,-99.1182589,villa gustavo a madero,6.122177865925744,1,4.888217719208094,8,7.041492592918038,0,3.3925575337739104,4,8.517393171418904,0.0,2.1972245773362196,3.0,0.04974209189481407,6.004435702712302,15,3.2762753873990906,28,6.091741753424743,4,4.854077269759965,77,0.6337209302325582,0.44555057393784203,0.950322436904331,0.5760915669906475,0.8088807245058446,0.0,1157.8776491740123,7.055207271912248,71,4.276666119016055,12.021999555697413,44.82,0.83,0.5259883720930233,2.0794415416798357,0.6931471805599453,3.0081547935525483,10.307586974573704,29032.540968812402,41.305935342879174,1,1781731.0251967981,11.358189074799883
Departamento,,1600000,2.0,1.0,54.0,Nte. 94-A 8519,"Nte. 94-A 8519, Milagro, Ciudad De México, El Milagro, Gustavo A. Madero, Distrito Federal",False,https://departamento.mercadolibre.com.mx/MLM-2916817603-departamento-en-venta-colonia-en-milagro-gustavo-a-madreo-planta-baja-ch26-2948-_JM,0.0,0,Gustavo A. Madero,0.83,departamento,gustavo a. madero,29629.62962962963,19.4725481,-99.087395,fovissste cuchilla (u hab),7.684326755833242,0,5.314725462226224,2,8.400941846374982,0,5.457880145372907,3,8.517393171418904,0.0,1.3862943611198906,3.0,0.04974209189481407,7.1343926463645175,0,4.877899146553011,30,6.912943844267588,0,4.303059565655709,38,0.3023255813953488,0.08153280565153245,0.7705052312209398,0.2850038581316193,0.8855532270809204,0.0,1737.580387763505,7.460824190104809,30,3.4339872044851463,12.021999555697413,44.82,0.0,0.2509302325581395,2.1400661634962708,0.0,2.3513752571634776,10.170895614043088,26500.536510721955,40.75816751769026,2,1788112.7710424762,11.75704819015476
Departamento,Venta Departamento Tipo Loft En Desarrollo Boutique De Solo 10 Departamentos En Oceanía Ch#26-1794,1920000,1.0,1.0,40.0,Av. Río Consulado 2608,"Av. Río Consulado 2608, San Juan De Aragón I Secc, Ciudad De México, San Juan De Aragón I Sección, Gustavo A. Madero, Distrito Federal",False,https://departamento.mercadolibre.com.mx/MLM-4694060244-venta-departamento-tipo-loft-en-desarrollo-boutique-de-solo-10-departamentos-en-oceania-ch26-1794-_JM,0.0,0,Gustavo A. Madero,0.83,departamento,gustavo a. madero,48000.0,19.4597924,-99.1217543,,5.558594181611297,1,6.454935496647771,0,8.280543845151177,0,6.2188341815916655,0,8.517393171418904,0.0,2.3978952727983707,3.0,0.04974209189481407,6.2112626696608055,66,4.639852373317574,62,7.106935348254964,0,5.872185022168501,42,0.9011627906976745,0.36984911236029305,0.8145999659186041,0.21778387028139826,0.55430523365641,0.0,2086.5325874896325,7.64373806737664,59,4.0943445622221,11.140716200112923,33.199999999999996,0.83,0.7479651162790698,2.803360380906535,0.0,2.4423470353692043,10.497149697779028,37538.24129494414,38.981921897685766,1,1676857.7970255963,-12.663656404916862
Departamento,Venta Departamento Tipo Loft En Oceanía Ch26-1792,2429000,1.0,1.0,49.0,Av. Río Consulado 2608,"Av. Río Consulado 2608, San Juan De Aragón I Secc, Ciudad De México, San Juan De Aragón I Sección, Gustavo A. Madero, Distrito Federal",False,https://departamento.mercadolibre.com.mx/MLM-4693996858-venta-departamento-tipo-loft-en-oceania-ch26-1792-_JM,0.0,0,Gustavo A. Madero,0.83,departamento,gustavo a. madero,49571.42857142857,19.4597924,-99.1217543,,5.558594181611297,1,6.454935496647771,0,8.280543845151177,0,6.2188341815916655,0,8.517393171418904,0.0,2.3978952727983707,3.0,0.04974209189481407,6.2112626696608055,66,4.639852373317574,62,7.106935348254964,0,5.872185022168501,42,0.9011627906976745,0.36984911236029305,0.8145999659186041,0.21778387028139826,0.55430523365641,0.0,2086.5325874896325,7.64373806737664,59,4.0943445622221,11.736069016284437,40.669999999999995,0.83,0.7479651162790698,2.803360380906535,0.0,2.4423470353692043,10.497149697779028,37538.24129494414,41.06509110913466,1,1858364.0572876856,-23.492628353738755
Departamento,Venta Departamento Tipo Loft Con Terraza Privada Ch #26-1795,2847831,1.0,1.0,79.0,Av. Río Consulado 2608,"Av. Río Consulado 2608, San Juan De Aragón I Secc, Ciudad De México, San Juan De Aragón I Sección, Gustavo A. Madero, Distrito Federal",False,https://departamento.mercadolibre.com.mx/MLM-4693610278-venta-departamento-tipo-loft-con-terraza-privada-ch-26-1795-_JM,0.0,0,Gustavo A. Madero,0.83,departamento,gustavo a. madero,36048.49367088608,19.4597924,-99.1217543,,5.558594181611297,1,6.454935496647771,0,8.280543845151177,0,6.2188341815916655,0,8.517393171418904,0.0,2.3978952727983707,3.0,0.04974209189481407,6.2112626696608055,66,4.639852373317574,62,7.106935348254964,0,5.872185022168501,42,0.9011627906976745,0.36984911236029305,0.8145999659186041,0.21778387028139826,0.55430523365641,0.0,2086.5325874896325,7.64373806737664,59,4.0943445622221,13.146079904021644,65.57,0.83,0.7479651162790698,2.803360380906535,0.0,2.4423470353692043,10.497149697779028,37538.24129494414,45.998789563826584,1,2885372.4294566647,1.318246393717349
Casa,"Conjunto De Casa, Departamento Y Local Comercial.",6000000,4.0,2.0,378.0,Santa Rosa,"Santa Rosa, Mexico City, Santa Rosa, Gustavo A. Madero, Distrito Federal",True,https://casa.mercadolibre.com.mx/MLM-2957278469-conjunto-de-casa-departamento-y-local-comercial-_JM,0.0,0,Gustavo A. Madero,0.83,casa,gustavo a. madero,15873.015873015873,19.4740027,-99.1255167,industrial i,6.644777384264102,0,5.874257887946703,2,7.782418164597115,0,5.591876702086099,3,8.517393171418904,0.0,2.6390573296152584,3.0,0.04974209189481407,5.966494292625667,46,5.312845351762613,46,6.6215094393165925,1,4.815315449258235,51,0.7441860465116279,0.4591992171245201,0.6677418636961266,0.3915674721981763,0.8154817684024203,0.0,1510.861870399538,7.321097197010444,98,4.59511985013459,17.812608615247278,313.74,0.0,0.6176744186046511,2.5257286443082556,0.22314355131420976,2.6210388241125804,10.457035085110736,34130.93344992401,62.08902441566219,1,10524056.555016875,75.40094258361458
Departamento,,2200000,2.0,1.0,55.0,Insurgentes Nte. 1249,"Insurgentes Nte. 1249, Guadalupe Insurgentes, Ciudad De México, Guadalupe Insurgentes, Gustavo A. Madero, Distrito Federal",True,https://departamento.mercadolibre.com.mx/MLM-2946308945-oportunidad-gam-departamento-en-venta-2-recamaras-excelentes-ubicacion-_JM,0.0,0,Gustavo A. Madero,0.83,departamento,gustavo a. madero,40000.0,19.48326,-99.0938507,51 legislatura,7.023202865361607,0,5.428515223942712,3,8.093405893412081,0,6.379765760906428,0,8.517393171418904,0.0,1.791759469228055,3.0,0.04974209189481407,5.21454806598622,48,5.311281008832515,15,6.517744160706991,1,6.126434358833793,39,0.5058139534883721,0.6936017314916583,0.6681656121244312,0.4295308624076162,0.4670425919334536,0.0,1925.5416252263985,7.563481770490668,30,3.4339872044851463,12.076055072205449,45.65,0.0,0.4198255813953488,1.55814461804655,0.22314355131420976,2.3749057545736716,10.198317803045542,27301.716585875172,41.051815811143754,2,1843321.1790000824,-16.212673681814437
Casa,,1785000,3.0,1.0,103.0,Gustavo A. Madero,"Gustavo A. Madero, Mexico City, Ampliación Arboledas, Gustavo A. Madero, Distrito Federal",False,https://casa.mercadolibre.com.mx/MLM-2932054337-la-mejor-casa-en-venta-de-pachuca-3-recamaras-equipada-con-cocina-y-closets-gratis-_JM,0.0,0,Gustavo A. Madero,0.83,casa,gustavo a. madero,17330.09708737864,19.4848583,-99.1178571,villa gustavo a madero,5.859848830133583,1,5.272419894181226,9,7.138978789465684,0,4.976861342034545,4,8.517393171418904,0.0,2.4849066497880004,3.0,0.04974209189481407,5.7015693176803826,17,3.778302959101088,25,6.112358574953023,4,4.961182466987488,70,0.5872093023255814,0.550640257006764,0.9180682962357292,0.5694964908370941,0.7895667933278194,0.0,1266.0832268887389,7.144472866315889,78,4.3694478524670215,13.933172697424117,85.49,0.83,0.4873837209302326,1.9810014688665833,0.6931471805599453,2.917770732084279,10.392094952086573,34558.84786125678,48.26495121848388,1,3178557.847646425,78.07046765526191
Casa,Bonita Casa Con Acabados Y Amplia,4999999,3.0,3.0,200.0,Nte 90 5911,"Nte 90 5911, Gertrudis Sánchez II Secc, Ciudad De México, Gertrudis Sánchez 2a Sección, Gustavo A. Madero, Distrito Federal",False,https://casa.mercadolibre.com.mx/MLM-2923109179-bonita-casa-con-acabados-y-amplia-_JM,0.0,0,Gustavo A. Madero,0.83,casa,gustavo a. madero,24999.995,19.4658938,-99.086824,camino a san juan de aragon (pblo),7.509789065880755,0,6.343271022364366,1,8.507713169896267,0,6.851467406935574,0,8.517393171418904,0.0,1.0986122886681098,3.0,0.04974209189481407,6.730553107400025,11,3.783328100783838,43,5.9039507050780955,1,4.727819020543878,23,0.36046511627906974,0.18764172493822745,0.917663771225797,0.6332733644402361,0.8296528706080727,0.0,1178.0302937473878,7.072447594649503,27,3.332204510175204,15.909914724177227,166.0,0.0,0.2991860465116279,2.463853240590168,0.22314355131420976,1.9095425048844386,10.396941514633495,35213.11184744738,55.138150963358974,2,5418667.047070302,8.373362616078564
Departamento,Hermoso Departamento En Residencial Acueducto De Guadalupe.,2950000,2.0,1.0,84.0,De La Borrasca 7,"De La Borrasca 7, Acueducto De Guadalupe, Ciudad De México, Acueducto De Guadalupe, Gustavo A. Madero, Distrito Federal",False,https://departamento.mercadolibre.com.mx/MLM-5363024488-hermoso-departamento-en-residencial-acueducto-de-guadalupe-_JM,0.0,0,Gustavo A. Madero,0.83,departamento,gustavo a. madero,35119.04761904762,19.5217511,-99.1457887,acueducto de guadalupe (rdcial),7.7664841925456995,0,7.512293157315843,0,6.700217676014042,0,7.435468179592737,0,8.517393171418904,0.0,1.9459101490553132,3.0,0.04974209189481407,8.05961390306814,0,5.834042930949325,37,7.024963104350641,0,4.464808334795494,38,0.3430232558139535,0.0017889319326502113,0.5058702719126087,0.24556555445665348,0.8666033081167734,0.0,4068.8861211140324,8.311370297974928,47,3.871201010907891,13.32795376947095,69.72,0.0,0.2847093023255814,2.327277705584417,0.0,2.3513752571634776,10.148780140984387,23294.999141834454,45.08749084518826,0,2271617.1882433794,-22.99602751717358
Casa,Cdmx. Lindavista. Norte. Excelente Oportunidad.  Casa Muy Amplia Con Buenos Espacios.  Portón Eléctrico Y Amplia Bodega Para Negocio Independiente. Documentos En Orden Y Sin Adeudos,8700000,4.0,4.0,425.0,Ramiriqui 900 - 1200,"Ramiriqui 900 - 1200, Lindavista, Ciudad De México, Lindavista, Gustavo A. Madero, Distrito Federal",False,https://casa.mercadolibre.com.mx/MLM-2918335685-cdmx-lindavista-norte-excelente-oportunidad-casa-muy-amplia-con-buenos-espacios-porton-electrico-y-amplia-bodega-para-negocio-independiente-documentos-en-orden-y-sin-adeudos-_JM,0.0,0,Gustavo A. Madero,0.83,casa,gustavo a. madero,20470.58823529412,19.5075242,-99.1249049,residencial zacatenco,7.288585871429958,0,7.171202179032336,0,6.948401395258372,0,7.098765365304844,0,8.517393171418904,0.0,1.3862943611198906,3.0,0.04974209189481407,7.9034880505059215,0,4.912328959029752,34,7.360439693910033,0,4.792573703979808,34,0.3023255813953488,0.004465321667833968,0.7634471614762366,0.1402386307048811,0.8192612064473538,0.0,1448.5765592456146,7.279026764659637,70,4.2626798770413155,18.163318038808114,352.75,0.0,0.2509302325581395,2.2512917986064953,0.0,2.2512917986064953,10.516382486010688,39704.46793237116,63.67079990372121,0,11971854.059279937,37.6075179227579
Casa,,8000000,4.0,3.0,305.0,Rebeca 180,"Rebeca 180, Guadalupe Tepeyac, Ciudad De México, Guadalupe Tepeyac, Gustavo A. Madero, Distrito Federal",False,https://casa.mercadolibre.com.mx/MLM-5352666364-casa-en-venta-calle-rebeca-180colonia-guadalupe-tepeyac-a-unos-metros-de-club-sams-se-muestra-con-previa-cita-toda-la-documentacion-en-orden-_JM,0.0,0,Gustavo A. Madero,0.83,casa,gustavo a. madero,26229.508196721312,19.4685885,-99.1178316,guadalupe tepeyac,6.627437335784195,0,6.549339920605652,0,8.009285731417691,0,5.712947705934884,0,8.517393171418904,0.0,2.0794415416798357,3.0,0.04974209189481407,6.305782624196519,41,4.288052725559758,42,7.307253062333018,0,4.488737461655103,55,0.7093023255813954,0.3350551363397029,0.8661916916054736,0.15526924831005637,0.8635688398144277,0.0,1085.7668585684735,6.990962382579012,95,4.564348191467836,17.170755305857142,253.14999999999998,0.0,0.5887209302325581,2.4423470353692043,0.0,2.691243082785829,10.481571682659702,39182.39190286043,59.99216752791702,1,8996444.679038212,12.455558487977646
Casa,"Amplio Jardín, Cuarto De Servicio Y Lavado En Construcción Independiente, Bien Iluminada, Amplia Terraza Con Acceso A Cocina, Grandes Ventanas. Jacuzzi En Habitación Principal Y Vestidor",10900000,0.0,45.0,291.0,Chiclayo 920,"Chiclayo 920, Lindavista Nte., Ciudad De México, Colonia Lindavista Norte, Gustavo A. Madero, Distrito Federal",False,https://casa.mercadolibre.com.mx/MLM-2906041039-amplio-jardin-cuarto-de-servicio-y-lavado-en-construccion-independiente-bien-iluminada-amplia-terraza-con-acceso-a-cocina-grandes-ventanas-jacuzzi-en-habitacion-principal-y-vestidor-_JM,0.0,0,Gustavo A. Madero,0.83,casa,gustavo a. madero,37457.044673539516,19.4878635,-99.1323827,lindavista i,5.650733852328141,1,5.658163792764567,2,7.211252090033223,0,6.7235587033856286,0,8.517393171418904,0.0,2.4849066497880004,3.0,0.04974209189481407,7.016528693838356,0,5.161830266753607,33,5.037947785514741,6,5.472100269587747,64,0.5116279069767442,0.10776316252126877,0.7068286321399392,0.8257677923029596,0.6737255733805404,0.0,1114.3130562232477,7.016890412399511,62,4.143134726391533,17.030261406804847,241.53,0.83,0.42465116279069764,2.224623551524334,0.9162907318741551,2.833213344056216,10.605612781314235,39891.288193365355,60.205452681710675,1,17997736.44878452,65.11684815398641
Casa,,4000000,2.0,2.0,260.0,Acoltzin 1 - 300,"Acoltzin 1 - 300, Santa Isabel Tola, Ciudad De México, Santa Isabel Tola, Gustavo A. Madero, Distrito Federal",False,https://casa.mercadolibre.com.mx/MLM-5376297764-casa-con-uso-de-suelo-mixto-distribucion-casa-principal-en-2-plantas-y-un-acceso-independiente-para-5-recamaras-adicionales-3-banos-en-total-cocina-comedor-sala-un-local-comercial-a-la-calle-_JM,0.0,0,Gustavo A. Madero,0.83,casa,gustavo a. madero,15384.615384615385,19.4943513,-99.1162266,santa isabel tola (pblo),5.892777403497202,1,6.13071597987201,2,6.469954509075978,0,6.548962503933876,0,8.517393171418904,0.0,2.0794415416798357,3.0,0.04974209189481407,7.217884055699395,0,5.24331508884377,41,6.675668901634399,2,5.443143607321666,46,0.43023255813953487,0.06553300266874286,0.686195163474076,0.3716335309585646,0.6813951407468846,0.0,271.5812016120457,5.607936557280962,81,4.406719247264253,16.693561221968082,215.79999999999998,0.83,0.35709302325581394,2.4203681286504293,0.4054651081081644,2.5257286443082556,10.469273851693957,34093.74678759549,58.256487997600885,0,8509776.440134736,112.74441100336841
Departamento,,1700000,2.0,1.0,65.0,Vallejo Poniente,"Vallejo Poniente, Mexico City, Santa Rosa, Gustavo A. Madero, Distrito Federal",False,https://departamento.mercadolibre.com.mx/MLM-5412127724-departamento-planta-baja-en-venta-santa-rosa-galaxia-vallejo-gustavo-a-madero-cdmx-_JM,0.0,0,Gustavo A. Madero,0.83,departamento,gustavo a. madero,26153.846153846152,19.5191857,-99.1630663,progreso nacional (ampl),7.829125928281416,0,4.539124720682225,3,7.826498162179395,0,7.62523908507074,0,8.517393171418904,0.0,1.3862943611198906,3.0,0.04974209189481407,8.06095073179229,0,5.202450000780607,20,7.884342045444516,0,5.008420695628222,30,0.19767441860465115,0.0017738520199282813,0.6966767096742273,0.036226236156827046,0.7805314100646941,0.0,5067.687436840979,8.530837174870848,28,3.367295829986474,12.568964226079276,53.949999999999996,0.0,0.16406976744186044,1.791759469228055,0.0,2.1400661634962708,10.070899034612317,24123.60024764972,42.19358989683284,0,1660812.2953828066,-2.3051590951290257
Departamento,"Departamento En Buenas Condiciones, Recién  Impermiabilizado,zona Con Buena Conexión A Transporte De Mbus , Cerca 3 Centros Comerciales Y Escuelas",1500000,2.0,1.0,65.0,San Juan De Aragón 544 DM Nacional,"San Juan De Aragón 544 DM Nacional, Torres De San Juan, Ciudad De México, DM Nacional, Gustavo A. Madero, Distrito Federal",False,https://departamento.mercadolibre.com.mx/MLM-2932302589-departamento-en-buenas-condiciones-recien-impermiabilizadozona-con-buena-conexion-a-transporte-de-mbus-cerca-3-centros-comerciales-y-escuelas-_JM,0.0,0,Gustavo A. Madero,0.83,departamento,gustavo a. madero,23076.923076923078,19.4788855,-99.097912,dm nacional,6.86908235543459,0,4.378069922475765,6,8.053586319036262,0,4.188715384769308,3,8.517393171418904,0.0,2.0794415416798357,3.0,0.04974209189481407,3.520240902617465,50,5.586905852439841,22,4.692022296853235,3,5.191179767052785,27,0.5,0.9365193114799715,0.5875364613658233,0.8736356034254396,0.7424493088049087,0.0,1339.4712439842428,7.20077650573704,29,3.4011973816621555,12.568964226079276,53.949999999999996,0.0,0.415,1.8718021769015913,0.5596157879354227,2.0476928433652555,10.322317067026738,31394.701875342234,43.24694464856887,2,2772396.067587723,84.8264045058482
Bodega,"Nave Industrial - Diseñada Para Albergar Procesos De Fabricación, Ensamblaje, Producción Y Almacenamiento De Materiales.",4200000,0.0,2.0,250.0,C. 1 62,"C. 1 62, San José De La Escalera, Ciudad De México, San José De La Escalera, Gustavo A. Madero, Distrito Federal",False,https://inmueble.mercadolibre.com.mx/MLM-2929768633-nave-industrial-disenada-para-albergar-procesos-de-fabricacion-ensamblaje-produccion-y-almacenamiento-de-materiales-_JM,0.0,0,Gustavo A. Madero,0.83,bodega,gustavo a. madero,16800.0,19.5217615,-99.1519851,guadalupe proletaria (ampl),7.763045143417804,0,7.133634127604389,0,7.19137599372,0,7.489920748835209,0,8.517393171418904,0.0,2.0794415416798357,3.0,0.04974209189481407,8.077841039455482,0,4.650635714830355,27,7.4078604299190856,0,5.071673647826434,37,0.27906976744186046,0.0015923602332613249,0.8127733538256925,0.1274707559867053,0.7679211244789333,0.0,4561.113537314217,8.42554129015284,55,4.02535169073515,16.576358817395352,207.5,0.0,0.23162790697674418,2.0476928433652555,0.0,2.327277705584417,10.102794044973129,24791.44493057034,55.82251304923985,0,5829491.806029273,38.79742395307793
Departamento,,1700000,2.0,1.0,65.0,Vallejo Poniente,"Vallejo Poniente, Mexico City, Santa Rosa, Gustavo A. Madero, Distrito Federal",False,https://departamento.mercadolibre.com.mx/MLM-5333342350-departamento-planta-baja-en-venta-santa-rosa-galaxia-gustavo-a-madero-cdmx-_JM,0.0,0,Gustavo A. Madero,0.83,departamento,gustavo a. madero,26153.846153846152,19.5191857,-99.1630663,progreso nacional (ampl),7.829125928281416,0,4.539124720682225,3,7.826498162179395,0,7.62523908507074,0,8.517393171418904,0.0,1.3862943611198906,3.0,0.04974209189481407,8.06095073179229,0,5.202450000780607,20,7.884342045444516,0,5.008420695628222,30,0.19767441860465115,0.0017738520199282813,0.6966767096742273,0.036226236156827046,0.7805314100646941,0.0,5067.687436840979,8.530837174870848,28,3.367295829986474,12.568964226079276,53.949999999999996,0.0,0.16406976744186044,1.791759469228055,0.0,2.1400661634962708,10.070899034612317,24123.60024764972,42.19358989683284,0,1660812.2953828066,-2.3051590951290257
Casa,"Casa Recién Remodelada Y Totalmente Habitable Ya. Ideal Para Inversión, En Hotel, Hostal U Hospedaje De Cualquier Tipo Ya Que Se Encuentra En Zona Turística. No Pierdas Esta Gran Oportunidaddeinvertir",7900000,6.0,3.0,237.0,Industria 1 - 300,"Industria 1 - 300, Tepeyac Insurgentes, Ciudad De México, Tepeyac Insurgentes, Gustavo A. Madero, Distrito Federal",False,https://casa.mercadolibre.com.mx/MLM-2904558335-casa-recien-remodelada-y-totalmente-habitable-ya-ideal-para-inversion-en-hotel-hostal-u-hospedaje-de-cualquier-tipo-ya-que-se-encuentra-en-zona-turistica-no-pierdas-esta-gran-oportunidaddeinvertir-_JM,0.0,0,Gustavo A. Madero,0.83,casa,gustavo a. madero,33333.333333333336,19.4904707,-99.1116816,estanzuela,6.850238895528776,0,6.033466645284425,2,7.122776029944891,0,5.8754052483826635,0,8.517393171418904,0.0,2.1972245773362196,3.0,0.04974209189481407,7.046903305313019,0,6.267530291438714,22,5.985809319889999,2,4.468619847307359,47,0.31976744186046513,0.1006014682556597,0.3491171965833863,0.6090040465341365,0.8661241091368841,0.0,910.1022443117064,6.814655124015765,64,4.174387269895637,16.416812021014426,196.70999999999998,0.0,0.26540697674418606,1.8718021769015913,0.4054651081081644,2.545531271604435,10.497675883909109,35226.58914348368,57.446123881224096,2,6096543.31740794,-22.828565602431144
Casa,,5750000,4.0,3.0,390.0,Nte. 70-A 6113,"Nte. 70-A 6113, Gertrudis Sánchez I Secc, Gustavo A. Madero, 7800 - 8100 Ciudad De México, CDMX, Mexico, Aragón Inguaran, Gustavo A. Madero, Distrito Federal",False,https://casa.mercadolibre.com.mx/MLM-5364334088-casa-en-venta-colonia-aragon-inguaran-_JM,0.0,0,Gustavo A. Madero,0.83,casa,gustavo a. madero,14743.589743589744,19.4919855,-99.0863449,el coyol (u hab),7.621922881564122,0,6.379723748658357,1,8.23987165275177,0,7.296681943320267,0,8.517393171418904,0.0,1.3862943611198906,3.0,0.04974209189481407,6.307759266056844,40,5.3885187777352,17,7.560066467307455,0,5.3663529757693125,49,0.5232558139534884,0.3343296995461157,0.6467743078954573,0.09083447310137481,0.7010791594754504,0.0,3113.6748020461114,8.043880028354785,37,3.6375861597263857,17.9061226799561,323.7,0.0,0.43430232558139537,1.6582280766035324,0.0,2.583997552432231,10.305485903123097,29346.81351891186,61.51043161929345,2,8216559.020040696,42.8966786094034
Departamento,Venta Depto Lindavista Sur Magnífica Ubicación Arequipa 750 Depto Tercer Piso Int Con Elevador 92mts,5150000,3.0,2.0,92.0,Arequipa 750,"Arequipa 750, Lindavista, Ciudad De México, Lindavista Sur, Gustavo A. Madero, Distrito Federal",False,https://departamento.mercadolibre.com.mx/MLM-5337056394-venta-depto-lindavista-sur-magnifica-ubicacion-arequipa-750-depto-tercer-piso-int-con-elevador-92mts-_JM,0.0,0,Gustavo A. Madero,0.83,departamento,gustavo a. madero,55978.260869565216,19.4861194,-99.1263566,lindavista i,4.970884395084372,2,5.264683113454861,4,7.020026356973767,0,6.6714423309893265,0,8.517393171418904,0.0,2.6390573296152584,3.0,0.04974209189481407,6.860162219307838,4,4.955074214982168,36,5.587231574150205,5,4.057951730404601,67,0.5697674418604651,0.14881617356699087,0.7544349102945047,0.7171327578140477,0.9095916868052751,0.0,1440.5878543800623,7.273500461721511,86,4.465908118654584,13.597798479459769,76.36,1.66,0.472906976744186,2.302585092994046,0.8109302162163288,2.8763855159214247,10.558695583278652,40337.307068073664,47.858338249128344,1,3651779.5415820293,-29.091659386756714
Departamento,,1950000,2.0,1.0,56.0,DM Nacional,"DM Nacional, Mexico City, DM Nacional, Gustavo A. Madero, Distrito Federal",False,https://departamento.mercadolibre.com.mx/MLM-5276503276-departamento-demtet-_JM,0.0,0,Gustavo A. Madero,0.83,departamento,gustavo a. madero,34821.42857142857,19.4778665,-99.094982,dm nacional,7.143965258628369,0,5.448251987690145,4,8.14952800601286,0,3.8088352399240994,6,8.517393171418904,0.0,1.791759469228055,3.0,0.04974209189481407,5.685586627575428,47,5.79827313053944,28,5.503837684719006,3,5.018764009700052,32,0.5465116279069767,0.5558920164047195,0.5181661497259639,0.7365405523579738,0.7785097262866009,0.0,1607.692531172171,7.383177035613166,35,3.58351893845611,12.129153803503652,46.48,0.0,0.45360465116279064,2.0794415416798357,0.5596157879354227,2.1972245773362196,10.226102135096033,27899.316366421583,41.34465520230562,2,2332053.5586547717,19.59249018742419
Casa,"Casa A Remodelar, Amplia Y Con Ambiente Muy Acogedor",3000000,6.0,4.0,168.0,Pte. 108 439,"Pte. 108 439, Defensores De La República, Gustavo A. Madero, 07780 Ciudad De México, CDMX, Mexico, Defensores De La República, Gustavo A. Madero, Distrito Federal",False,https://casa.mercadolibre.com.mx/MLM-5271788346-casa-a-remodelar-amplia-y-con-ambiente-muy-acogedor-_JM,0.0,0,Gustavo A. Madero,0.83,casa,gustavo a. madero,17857.14285714286,19.4821229,-99.0927692,ferrocarrilera insurgentes,7.139298993095201,0,5.907088870805999,4,8.13995198082287,0,6.229656457868379,0,8.517393171418904,0.0,1.791759469228055,3.0,0.04974209189481407,5.812617976231274,47,5.14682723339026,17,6.480562732411115,1,6.080508355556258,42,0.5290697674418605,0.5132524991722694,0.710511216484047,0.4430057991557042,0.4833154679914394,0.0,1972.6000869609961,7.587614609277264,38,3.6635616461296463,15.389696144769221,139.44,0.0,0.4391279069767442,1.6582280766035324,0.22314355131420976,2.4423470353692043,10.21145604621452,27860.686948213654,52.383735248969316,2,4279694.288724644,42.65647629082147
Casa,"La Casa Cuenta Con Una Buena Ubicación La Construcción Ya Tiene Sus Años De Antigüedad, Buena Oportunidad Para Remodelación !",3000000,3.0,2.0,150.0,Av Politécnico Nacional 3,"Av Politécnico Nacional 3, Zona Escolar, Gustavo A. Madero, 7200 - 7500 Ciudad De México, CDMX, Mexico, Zona Escolar, Gustavo A. Madero, Distrito Federal",False,https://casa.mercadolibre.com.mx/MLM-2911500339-la-casa-cuenta-con-una-buena-ubicacion-la-construccion-ya-tiene-sus-anos-de-antiguedad-buena-oportunidad-para-remodelacion--_JM,0.0,0,Gustavo A. Madero,0.83,casa,gustavo a. madero,20000.0,19.5034567,-99.1306842,juan de dios batiz (u hab),7.298550182317253,0,7.218592881880497,0,6.874363072696158,0,6.26966299790892,0,8.517393171418904,0.0,2.3978952727983707,3.0,0.04974209189481407,7.57639429216502,0,4.378583369436472,44,7.274465333079724,0,5.436330546445668,34,0.36046511627906974,0.020218467147889305,0.8543195071929003,0.16489038806619696,0.6831800118984306,0.0,1566.8240051500547,7.357443952997307,60,4.110873864173311,15.051839510444772,124.5,0.0,0.2991860465116279,2.4849066497880004,0.0,2.2512917986064953,10.49574035430909,35297.827712759,52.66006645211973,0,5072958.09661247,69.09860322041568
Casa,Se Vende Casa En Colonia Residencial Acueducto,5400000,3.0,2.0,160.0,De La Arena 33,"De La Arena 33, Acueducto De Guadalupe, Ciudad De México, Residencial Acueducto De Guadalupe, Gustavo A. Madero, Distrito Federal",False,https://casa.mercadolibre.com.mx/MLM-5413562374-se-vende-casa-en-colonia-residencial-acueducto-_JM,0.0,0,Gustavo A. Madero,0.83,casa,gustavo a. madero,33750.0,19.5208063,-99.1437298,acueducto de guadalupe (rdcial),7.741155441850899,0,7.600356884119019,0,6.669739217039883,0,7.387185604638487,0,8.517393171418904,0.0,1.791759469228055,3.0,0.04974209189481407,8.028472452643422,0,4.962812628585988,37,6.804049816514821,2,5.503891325215257,39,0.36046511627906974,0.0021720017987551642,0.7527735343081973,0.32445336178164413,0.6651496194708166,0.0,3841.3219198351644,8.25383212946831,42,3.7612001156935624,15.24421309495339,132.79999999999998,0.0,0.2991860465116279,2.327277705584417,0.4054651081081644,2.3749057545736716,10.154946122642725,24204.54133238932,51.60138755377879,0,4264741.538479175,-21.023304842978234
Departamento,"Gran Oportunidad, Muy Bien Ubicado, A Dos Cuadras Del Metro Potrero, Solo Cuatro Departamentos En El Edificio, Uno Por Nivel, Ubicado En El 1 Piso. En Una Colonia Muy Bonita Y Con Buena Plusvalía.",3475000,3.0,2.0,94.0,Pirineos 39,"Pirineos 39, Industrial, Gustavo A. Madero, 07800 Ciudad De México, CDMX, Mexico, Industrial, Gustavo A. Madero, Distrito Federal",False,https://departamento.mercadolibre.com.mx/MLM-2962583821-gran-oportunidad-muy-bien-ubicado-a-dos-cuadras-del-metro-potrero-solo-cuatro-departamentos-en-el-edificio-uno-por-nivel-ubicado-en-el-1-piso-en-una-colonia-muy-bonita-y-con-buena-plusvalia-_JM,0.0,0,Gustavo A. Madero,0.83,departamento,gustavo a. madero,36968.085106382976,19.477101,-99.1285336,industrial ii,5.903620216558796,1,6.033294793325191,1,7.666155590486196,0,6.523781273580792,0,8.517393171418904,0.0,2.4849066497880004,3.0,0.04974209189481407,6.692314858963368,29,5.2368474520115775,46,6.408805905224898,3,4.918420442768143,38,0.5872093023255814,0.1998131492674272,0.6878720068935177,0.46873847460517604,0.7974703415995722,0.0,1094.8709988242804,6.999304758777896,70,4.2626798770413155,13.661630674801621,78.02,0.83,0.4873837209302326,2.5257286443082556,0.5596157879354227,2.3513752571634776,10.606108175129288,40403.55341356819,48.29891092853685,1,4093894.1690866314,17.80990414637788
Casa,Venta De Casa En Avenida Principal,4200000,2.0,1.0,124.0,Providencia,"Providencia, Gustavo A. Madero, Distrito Federal",False,https://casa.mercadolibre.com.mx/MLM-5413720736-venta-de-casa-en-avenida-principal-_JM,0.0,0,Gustavo A. Madero,0.83,casa,gustavo a. madero,33870.967741935485,19.4785468,-99.070034,providencia (ampl),7.459548686358742,0,5.7528352669590115,2,8.66417426868403,0,5.967793598569245,0,8.517393171418904,0.0,1.6094379124341003,3.0,0.04974209189481407,7.251220438019566,0,5.84276117216438,14,7.679140641303729,0,3.0697815227334107,32,0.1744186046511628,0.05974625284813211,0.5028518059674407,0.06705779076805572,0.9663505124190166,0.0,3425.9686065208966,8.139431361202623,26,3.295836866004329,14.484941211906904,102.92,0.0,0.1447674418604651,1.5040773967762742,0.0,2.1972245773362196,10.225102444940008,28795.749813703453,49.37000260022719,2,3213836.0850047395,-23.48009321417287
