latitud,longitud,colonia_oficial,tipo_inmueble,price,area,rooms,bathrooms,price_m2_raw,gentrification_index,gentrif_local_presion,gentrif_map_score,marginalidad_score,score_15min,uso_mixto,dist_metro_m,dist_cable_m,density_metro,density_cable,acceso_salud_15m,acceso_educacion_15m,densidad_parques_15m,comercio_density,dist_centro_historico_m,dist_nearest_subcenter_m,cluster,cat_mean_valor_suelo_200m,cat_mean_vus_200m,cat_mean_antiguedad_200m,cat_std_valor_suelo_200m,cat_mean_ratio_construccion_200m,cat_density_predios_200m,precio_predicho,error_pct
19.4655649,-99.1193389,guadalupe tepeyac,Departamento,3800000,75.0,3.0,3.0,50666.666666666664,0.829803447501769,0.583130763604572,0.7681352765274698,2,0.6793478260869565,0.0,6.609012182451373,8.108144072744876,0,0,0,45,42,2.1972245773362196,2.227421744678074,1432.0062030807637,2,318573.54490938125,2809.6500000000005,28.684630738522955,928449.604876803,3.855079523594907,501,3514958.0791305974,-7.501103180773752
19.4878635,-99.1323827,lindavista i,Casa,9300000,255.0,8.0,5.0,36470.58823529412,0.829803447501769,0.49037554742103084,0.7449464724815845,2,0.5434782608695652,0.0,5.650733852328141,7.211252090033223,1,0,6,64,33,2.4849066497880004,2.2740600206609933,1114.3130562232477,2,1300504.0012168922,4246.832162162163,48.41554054054054,10106289.136581162,1.7821555869597192,296,8547320.796869103,-8.093324764848356
19.4817469,-99.1171968,aragon la villa (aragon),Casa,13650000,300.0,4.0,5.0,45500.0,0.829803447501769,0.5794339741039001,0.7672110791523018,2,0.625,0.0,4.820671630585478,7.382147427663786,1,0,4,66,23,2.4849066497880004,2.2666419924030174,1061.9810618148233,2,758847.0189015999,2589.1435999999994,46.58,1172130.7158047678,1.9311109441610645,250,9090505.950025747,-33.4028868129982
19.5037406,-99.1223025,san pedro zacatenco (pblo),Departamento,2643334,68.0,2.0,1.0,38872.55882352941,0.829803447501769,0.518658863233127,0.7520173014346085,2,0.44021739130434784,0.0,6.883364646195856,6.8233555541550075,0,0,0,42,43,1.6094379124341003,2.3007468092880297,949.2577675609901,1,514807.7062757575,2418.580468319559,37.44903581267218,511544.8214676611,1.864750380955437,363,2708424.25320966,2.462430143510424
19.4674527,-99.1279097,vallejo ii,Casa,6800000,360.0,8.0,7.0,18888.88888888889,0.829803447501769,0.38083754985137075,0.7175619730891695,3,0.8804347826086957,0.0,6.291491433061015,8.056617376044512,0,0,0,55,53,2.3978952727983707,2.2265730756122917,1759.355248986863,2,837078.941679842,4185.238932806325,43.07905138339921,2983030.1671379935,1.932468763016264,506,8033499.294508615,18.139695507479626
19.5189556,-99.1294855,san juan y guadalupe ticoman (barr),Departamento,2189000,50.0,2.0,1.0,43780.0,0.829803447501769,0.5437507258133794,0.7582902670796716,3,0.15217391304347827,0.0,7.943159490628919,6.830544888777104,0,0,0,23,9,1.3862943611198906,2.3190307254298235,2790.717892561265,1,424661.18866179243,1392.056462264151,42.485849056603776,540056.185149724,0.9560134771654416,212,1623987.2131926017,-25.81145668375506
19.506314,-99.1445042,lindavista ii,Casa,15000000,500.0,5.0,5.0,30000.0,0.829803447501769,0.4503017815935157,0.7349280310247057,1,0.31521739130434784,0.0,6.679769486264925,7.1472128030593325,0,0,0,12,50,2.302585092994046,2.304302364966303,3009.414085044649,1,1647816.5544275134,4678.422328042329,29.423280423280424,6202669.436354064,0.3818613076549083,189,16860706.658712823,12.404711058085487
19.4675479,-99.1205924,guadalupe tepeyac,Departamento,3150000,64.0,3.0,1.0,49218.75,0.829803447501769,0.5739257270706076,0.7658340173939787,2,0.7608695652173914,0.0,6.868090228102709,8.036819566325962,0,0,0,51,46,2.1972245773362196,2.231720078196288,1384.120667509458,2,325582.48673204426,2920.2900000000004,47.51381215469613,285835.5551222617,2.2114175576831294,543,2386043.1290287734,-24.252599078451638
19.5037406,-99.1223025,san pedro zacatenco (pblo),Departamento,2755817,70.0,2.0,1.0,39368.81428571429,0.829803447501769,0.5218250084728524,0.7528088377445399,2,0.44021739130434784,0.0,6.883364646195856,6.8233555541550075,0,0,0,42,43,1.6094379124341003,2.3007468092880297,949.2577675609901,1,514807.7062757575,2418.580468319559,37.44903581267218,511544.8214676611,1.864750380955437,363,2785799.559999012,1.0879735482803075
19.5037406,-99.1223025,san pedro zacatenco (pblo),Departamento,3070028,76.0,2.0,1.0,40395.10526315789,0.829803447501769,0.5282424500568685,0.754413198140544,2,0.44021739130434784,0.0,6.883364646195856,6.8233555541550075,0,0,0,42,43,1.6094379124341003,2.3007468092880297,949.2577675609901,1,514807.7062757575,2418.580468319559,37.44903581267218,511544.8214676611,1.864750380955437,363,3017154.499846308,-1.7222481408538284
19.5167815,-99.162361,progreso nacional (ampl),Departamento,2650000,60.0,2.0,2.0,44166.666666666664,0.829803447501769,0.6395721443364273,0.7822456217104337,4,0.18478260869565216,0.0,7.720875440616972,7.843064158979215,0,0,0,24,14,1.3862943611198906,2.321479063793836,4801.358168443002,1,387044.1588086466,2376.83,40.03383458646616,301259.52962332306,1.4138755986069063,266,1739835.3093488468,-34.34583738306238
19.5037406,-99.1223025,san pedro zacatenco (pblo),Departamento,3153688,77.0,2.0,1.0,40956.98701298701,0.829803447501769,0.5316834839861833,0.7552734566228726,2,0.44021739130434784,0.0,6.883364646195856,6.8233555541550075,0,0,0,42,43,1.6094379124341003,2.3007468092880297,949.2577675609901,1,514807.7062757575,2418.580468319559,37.44903581267218,511544.8214676611,1.864750380955437,363,3055601.4300321047,-3.1102179406426784
19.5037406,-99.1223025,san pedro zacatenco (pblo),Departamento,3072688,76.0,2.0,1.0,40430.10526315789,0.829803447501769,0.5284582705749523,0.7544671532700649,2,0.44021739130434784,0.0,6.883364646195856,6.8233555541550075,0,0,0,42,43,1.6094379124341003,2.3007468092880297,949.2577675609901,1,514807.7062757575,2418.580468319559,37.44903581267218,511544.8214676611,1.864750380955437,363,2817174.348931861,-8.315639305654818
19.4596866,-99.0917728,san juan de aragon 1a seccion (u hab) i,Departamento,1920000,40.0,1.0,1.0,48000.0,0.829803447501769,0.6193216656220999,0.7771830020318518,3,0.3967391304347826,0.0,6.950129804963883,8.534911385704143,0,0,3,27,47,0.6931471805599453,2.258855050529437,359.4276130285016,0,564438.5414094545,2878.2099999999996,44.53090909090909,98764.23944723845,0.9891515984187849,275,1434083.728919148,-25.308139118794376
19.4826486,-99.1217346,tepeyac insurgentes,Edificio,14500000,411.0,0.0,8.0,35279.80535279805,0.829803447501769,0.5203027839414813,0.7524282816116972,2,0.6793478260869565,0.0,5.908975960845551,7.256953482108748,3,0,4,68,29,2.772588722239781,2.266195301406382,1494.2807490655614,2,529725.2039366667,3405.0199999999986,50.420833333333334,370731.5945278467,1.8418351991770323,480,11275884.993002271,-22.235275910329165
19.5190987,-99.1363969,la candelaria ticoman (barr),Departamento,3650000,75.0,3.0,2.0,48666.666666666664,0.829803447501769,0.6140906377458515,0.7758752450627897,4,0.33152173913043476,0.0,7.800767590750964,6.764693684157431,0,0,2,33,30,1.6094379124341003,2.319172192960858,3189.357069850297,1,193757.04765053763,1357.7973548387092,25.746236559139785,441519.1476100937,1.8925432640974478,465,2304137.7155763283,-36.87293929927867
19.4856,-99.0797574,campestre aragon ii,Casa,5200000,260.0,6.0,3.0,20000.0,0.829803447501769,0.410234116636236,0.7249111147853857,5,0.2391304347826087,0.0,7.857307182311473,8.43209606378648,0,0,0,40,8,0.6931471805599453,2.302747536919613,3383.594137224889,0,369016.4944248927,2215.560000000001,34.09871244635193,311587.0812837769,1.6142497814977161,466,4735166.754038154,-8.93910088388165
19.4675479,-99.1205924,guadalupe tepeyac,Edificio,16000000,369.0,0.0,0.0,43360.433604336045,0.829803447501769,0.5426855983304345,0.7580239852089354,2,0.7608695652173914,0.0,6.868090228102709,8.036819566325962,0,0,0,51,46,2.1972245773362196,2.231720078196288,1384.120667509458,2,325582.48673204426,2920.2900000000004,47.51381215469613,285835.5551222617,2.2114175576831294,543,9889244.029419115,-38.19222481613053
19.4687923,-99.1308624,vallejo i,Casa,3500000,81.0,2.0,2.0,43209.87654320987,0.829803447501769,0.5873111393280463,0.7691803704583384,2,0.9347826086956522,0.0,6.400508533013394,8.034379780131843,0,0,0,42,63,2.5649493574615367,2.22973183970394,1454.7232939182738,2,376142.54222407815,4250.30079175705,38.844902386117134,713816.7545486558,2.9134111230663633,922,3087063.731212382,-11.798179108217651
19.4682311,-99.133367,vallejo i,Departamento,1302875,62.0,3.0,1.0,21014.112903225807,0.829803447501769,0.3992212657216159,0.7221579020567308,2,0.8913043478260869,0.0,5.90711653688192,8.080229913249369,1,0,0,31,71,2.70805020110221,2.2278492623213424,1382.8135639788263,2,439716.24168424815,4172.369105011934,38.62529832935561,721617.7303414005,2.4522093706748613,838,2013347.898370645,54.53116364736794
19.5208063,-99.1437298,acueducto de guadalupe (rdcial),Casa,6200000,245.0,3.0,3.0,25306.122448979593,0.829803447501769,0.4803312871213242,0.7424354074066578,5,0.40217391304347827,0.0,7.741155441850899,6.669739217039883,0,0,2,39,37,1.791759469228055,2.3216576108757114,3841.3219198351644,1,491267.3712070094,3345.5637383177564,39.271028037383175,196583.5703945667,1.467011805573685,428,6385218.080707499,2.9873883985080454
19.4682311,-99.133367,vallejo i,Departamento,1198750,54.0,2.0,1.0,22199.074074074073,0.829803447501769,0.41244801208092224,0.7254645886465574,2,0.8913043478260869,0.0,5.90711653688192,8.080229913249369,1,0,0,31,71,2.70805020110221,2.2278492623213424,1382.8135639788263,2,439716.24168424815,4172.369105011934,38.62529832935561,721617.7303414005,2.4522093706748613,838,1911006.8114115123,59.41662660367152
19.5049574,-99.1536746,la patera-condomodulos (u hab),Casa,4250000,178.0,4.0,4.0,23876.404494382023,0.829803447501769,0.40368501828913855,0.7232738401986114,2,0.17391304347826086,0.0,6.503311877357102,7.702687280344473,0,0,0,9,27,2.302585092994046,2.304874615690023,3211.454703092182,1,506655.91662869067,4574.498857938719,46.55849582172702,8203357.54352557,3.4155619026826027,718,5249110.114755522,23.508473288365234
19.4766156,-99.1306457,guadalupe insurgentes,Casa,8250000,281.0,3.0,2.0,29359.430604982208,0.829803447501769,0.4695193277539731,0.7397324175648201,2,0.592391304347826,0.0,5.063202233569404,7.724314681349551,1,0,3,25,55,2.302585092994046,2.250519494102322,901.8473939753264,2,479539.68913894234,3405.019999999999,50.47836538461539,1061730.1114502156,1.8653918872160462,416,7268948.804118998,-11.891529647042445
19.469308,-99.1201239,guadalupe tepeyac,Departamento,3750000,118.0,2.0,2.0,31779.661016949154,0.829803447501769,0.47191701106312145,0.7403318383921071,2,0.7608695652173914,0.0,6.908228626988997,7.9730573998922045,0,0,0,49,47,2.0794415416798357,2.236839402588288,1235.1540847182355,2,328961.86545974726,2920.2900000000004,48.871841155234655,220273.9039562547,2.098637035904904,554,3985217.8433730165,6.272475823280439
19.4682318,-99.1188878,guadalupe tepeyac,Casa,17999997,504.0,8.0,9.0,35714.27976190476,0.829803447501769,0.49077965803431906,0.7450475001349065,2,0.7391304347826086,0.0,6.7196842026141095,8.017256883565116,0,0,0,53,43,2.0794415416798357,2.235125689803863,1196.2270896173545,2,316978.8707119874,2920.2900000000004,34.064668769716086,662668.3353389587,3.124473865447043,634,14697975.671796266,-18.344565991892857
19.5208063,-99.1437298,acueducto de guadalupe (rdcial),Casa,6199994,245.0,3.0,3.0,25306.097959183673,0.829803447501769,0.480331045560107,0.7424353470163535,5,0.40217391304347827,0.0,7.741155441850899,6.669739217039883,0,0,2,39,37,1.791759469228055,2.3216576108757114,3841.3219198351644,1,491267.3712070094,3345.5637383177564,39.271028037383175,196583.5703945667,1.467011805573685,428,6589501.715305021,6.282388584650582
19.4823184,-99.0759029,providencia i,Departamento,1992500,51.0,2.0,1.0,39068.62745098039,0.829803447501769,0.6066773055835024,0.7740219120222024,5,0.20108695652173914,0.0,7.810774210612577,8.532623001786904,0,0,0,35,6,1.0986122886681098,2.303182458488089,3302.297489595939,0,443951.15919999994,2220.4390540540544,39.96756756756757,217201.0321550171,1.155477809197816,370,2367358.0070931315,18.813450795138344
19.4728505,-99.1452223,heroe de nacozari,Casa,4350000,226.0,4.0,3.0,19247.78761061947,0.829803447501769,0.40022047937713273,0.72240770547061,3,0.8315217391304348,0.0,6.612812071760705,8.152886788088523,0,0,3,27,82,1.791759469228055,2.244992986725285,1028.3292014364113,2,645480.5375096153,2943.749663461538,41.94230769230769,1457785.9393911904,1.8451109916141364,208,4635360.662709535,6.5600152347019565
19.4617797,-99.1241385,7 de noviembre,Departamento,2400000,63.0,2.0,2.0,38095.23809523809,0.829803447501769,0.5159440284870143,0.7513385927480803,3,0.8858695652173914,0.0,6.3721889720993365,8.224512297078217,0,0,0,48,69,2.4849066497880004,2.210665138917049,2083.7125291191765,2,695702.4079286128,2395.36789017341,50.43063583815029,2073983.704042085,1.9200477427187186,346,2199657.379860179,-8.34760917249254
19.5194858,-99.147971,santiago atepetlac (la selvita) (u hab),Departamento,1800000,65.0,3.0,1.0,27692.30769230769,0.829803447501769,0.5188715766347604,0.7520704797850168,3,0.3641304347826087,0.0,7.643059649457359,7.0491662150505965,0,0,0,37,34,2.1972245773362196,2.320811646274563,4074.833361418853,1,187834.64594137357,2358.341775544389,31.55276381909548,521445.64931428083,1.9674752119533057,597,1891330.9327118318,5.073940706212875
19.4682318,-99.1188878,guadalupe tepeyac,Casa,18000000,504.0,8.0,9.0,35714.28571428572,0.829803447501769,0.49077969968682017,0.7450475105480319,2,0.7391304347826086,0.0,6.7196842026141095,8.017256883565116,0,0,0,53,43,2.0794415416798357,2.235125689803863,1196.2270896173545,2,316978.8707119874,2920.2900000000004,34.064668769716086,662668.3353389587,3.124473865447043,634,14697975.671796266,-18.344579601131855
19.4668194,-99.1210265,guadalupe tepeyac,Casa,5000000,284.0,5.0,3.0,17605.6338028169,0.829803447501769,0.32001272274987064,0.7023557663137945,2,0.7934782608695652,0.0,6.796866597408775,8.061821602172362,0,0,0,54,48,2.1972245773362196,2.229301233503283,1469.220028701289,2,323570.1421422562,2920.290000000001,48.751434034416825,348968.254538454,2.2919622331149916,523,7935668.5532898,58.713371065796
19.4998868,-99.1156771,santa isabel tola (pblo),Departamento,2528297,68.0,2.0,1.0,37180.83823529412,0.829803447501769,0.5072187653121384,0.7491572769543614,2,0.2826086956521739,0.0,6.469754734760164,6.743775421445508,0,0,0,26,30,1.6094379124341003,2.2970810839089104,455.1348160030433,1,711775.0495772093,2451.7900000000004,41.06511627906977,712755.9642506089,0.9489483646157841,215,2579457.0002290593,2.0234964574596757
19.5009923,-99.1181434,residencial zacatenco,Departamento,2450000,50.0,2.0,1.0,49000.0,0.829803447501769,0.5744247342217051,0.7659587691817531,2,0.391304347826087,0.0,6.466041944568522,6.622229817064165,0,0,0,40,36,1.791759469228055,2.297887427854515,520.4707588906796,1,2919744.3020096766,2376.3377419354847,41.70967741935484,11606200.689029446,0.8700262068497812,62,1996853.0409288611,-18.495794247801587
19.4998868,-99.1156771,santa isabel tola (pblo),Departamento,2770368,76.0,2.0,1.0,36452.21052631579,0.829803447501769,0.5022713949874864,0.7479204343731984,2,0.2826086956521739,0.0,6.469754734760164,6.743775421445508,0,0,0,26,30,1.6094379124341003,2.2970810839089104,455.1348160030433,1,711775.0495772093,2451.7900000000004,41.06511627906977,712755.9642506089,0.9489483646157841,215,2967942.402323101,7.131702442531143
19.4658938,-99.086824,camino a san juan de aragon (pblo),Casa,5100000,206.0,3.0,1.0,24757.281553398057,0.829803447501769,0.4392690712402801,0.7321698534363968,4,0.40217391304347827,0.0,7.509789065880755,8.507713169896267,0,0,1,23,43,1.0986122886681098,2.273875747373374,1178.0302937473878,0,1054457.62312093,2612.6781395348835,38.01550387596899,4245091.634187664,1.3356589024143188,129,5441317.072591463,6.692491619440453
19.4998868,-99.1156771,santa isabel tola (pblo),Departamento,2817777,76.0,2.0,1.0,37076.01315789474,0.829803447501769,0.5065130704067344,0.7489808532280104,2,0.2826086956521739,0.0,6.469754734760164,6.743775421445508,0,0,0,26,30,1.6094379124341003,2.2970810839089104,455.1348160030433,1,711775.0495772093,2451.7900000000004,41.06511627906977,712755.9642506089,0.9489483646157841,215,2967942.402323101,5.329215275839826
19.5049574,-99.1536746,la patera-condomodulos (u hab),Departamento,1663000,60.0,2.0,1.0,27716.666666666668,0.829803447501769,0.4400421737803471,0.7323631290714135,2,0.17391304347826086,0.0,6.503311877357102,7.702687280344473,0,0,0,9,27,2.302585092994046,2.304874615690023,3211.454703092182,1,506655.91662869067,4574.498857938719,46.55849582172702,8203357.54352557,3.4155619026826027,718,2366026.6089779306,42.27460066012812
19.4998868,-99.1156771,santa isabel tola (pblo),Departamento,3008396,74.0,2.0,1.0,40654.0,0.829803447501769,0.5295108537008946,0.7547302990515504,2,0.2826086956521739,0.0,6.469754734760164,6.743775421445508,0,0,0,26,30,1.6094379124341003,2.2970810839089104,455.1348160030433,1,711775.0495772093,2451.7900000000004,41.06511627906977,712755.9642506089,0.9489483646157841,215,2906369.2893152996,-3.3913989609313537
19.4998868,-99.1156771,santa isabel tola (pblo),Departamento,2635884,70.0,2.0,1.0,37655.485714285714,0.829803447501769,0.5103890512579627,0.7499498484408175,2,0.2826086956521739,0.0,6.469754734760164,6.743775421445508,0,0,0,26,30,1.6094379124341003,2.2970810839089104,455.1348160030433,1,711775.0495772093,2451.7900000000004,41.06511627906977,712755.9642506089,0.9489483646157841,215,2782121.6350618745,5.547954123241937
19.4998868,-99.1156771,santa isabel tola (pblo),Departamento,2844360,74.0,2.0,1.0,38437.2972972973,0.829803447501769,0.51552296294213,0.7512333263618592,2,0.2826086956521739,0.0,6.469754734760164,6.743775421445508,0,0,0,26,30,1.6094379124341003,2.2970810839089104,455.1348160030433,1,711775.0495772093,2451.7900000000004,41.06511627906977,712755.9642506089,0.9489483646157841,215,2773315.7450139574,-2.4977237405266077
19.5189556,-99.1294855,san juan y guadalupe ticoman (barr),Departamento,2176000,50.0,2.0,1.0,43520.0,0.829803447501769,0.5422726240740019,0.7579207416448273,3,0.15217391304347827,0.0,7.943159490628919,6.830544888777104,0,0,0,23,9,1.3862943611198906,2.3190307254298235,2790.717892561265,1,424661.18866179243,1392.056462264151,42.485849056603776,540056.185149724,0.9560134771654416,212,1623987.2131926017,-25.368234687839998
19.5045678,-99.0874159,nueva atzacoalco i,Departamento,2895000,60.0,2.0,2.0,48250.0,0.829803447501769,0.5778848938184741,0.7668238090809453,5,0.5271739130434783,0.0,7.937229126196692,8.241169663821111,0,0,0,25,44,1.0986122886681098,2.3162880856178716,3316.910314575167,0,439637.0249491526,1814.3621468926553,41.76553672316384,1705755.150416025,1.1984066525179997,354,1959699.1105243491,-32.307457322129565
19.4740027,-99.1255167,industrial i,Departamento,1748500,60.0,0.0,1.0,29141.666666666668,0.829803447501769,0.46313552655083895,0.7381364672640365,2,0.7608695652173914,0.0,6.644777384264102,7.782418164597115,0,0,1,51,46,2.6390573296152584,2.2455090987023265,1510.861870399538,2,453252.75423211924,3405.02,49.11092715231788,247472.1759855274,1.7212311707064,604,2241483.4623151203,28.194650404067502
19.5217486,-99.1405578,jorge negrete,Casa,4495000,200.0,6.0,3.0,22475.0,0.829803447501769,0.451513924035779,0.7352310666352715,3,0.3532608695652174,0.0,7.825178297218545,6.432652372394014,0,0,2,39,28,1.791759469228055,2.322374657001779,3692.1286919142294,1,378959.1550377907,1070.040581395349,37.55813953488372,928929.6628980769,1.037690221406926,172,5469473.183026429,21.67904745331322
19.500714,-99.1283312,lindavista ii,Casa,8976900,397.0,3.0,2.0,22611.83879093199,0.829803447501769,0.3848776356999481,0.7185719945513138,1,0.47282608695652173,0.0,7.004279736907526,6.762431809190877,0,0,0,45,46,2.302585092994046,2.2955618384398435,1208.1949189058755,1,600482.565208413,4046.036978967495,43.64627151051625,331206.01487048826,1.9684288746466831,523,12905915.961529767,43.76807095466995
19.5057393,-99.1480141,lindavista ii,Edificio,20000000,390.0,0.0,0.0,51282.05128205128,0.829803447501769,0.576133688147234,0.7663860076631352,1,0.22826086956521738,0.0,6.353974952771635,7.396358427998668,0,0,0,9,37,2.3978952727983707,2.304285023335875,3045.9997173181214,1,7426225.352117143,4572.929999999999,37.371428571428574,4686886.571831015,0.8936733668367779,35,11065160.252292128,-44.67419873853936
19.5006923,-99.094593,santiago atzacoalco (pblo),Departamento,2040000,49.0,2.0,1.0,41632.65306122449,0.829803447501769,0.5464291115279346,0.7589598635083105,3,0.6413043478260869,0.0,7.607694327424611,7.9934825559800045,0,0,0,38,43,1.0986122886681098,2.308009975786696,2483.2007428663364,0,219115.0973217707,2083.4723367198844,26.269956458635704,653304.9169852263,3.7010924967777057,689,1746721.2599774443,-14.376408824635083
19.4933278,-99.1413426,san bartolo atepehuacan (pblo),Edificio,8400000,369.0,0.0,0.0,22764.227642276423,0.829803447501769,0.42270829974392427,0.7280296605623079,1,0.4891304347826087,0.0,6.3392306434454175,7.609460650519145,0,0,1,35,31,2.4849066497880004,2.2845206026886635,1535.1899940823173,1,837254.9226578033,3470.873179190751,40.445086705202314,1200100.0698275291,2.053923648762351,346,12060346.932706736,43.575558722699235
19.4848583,-99.1178571,villa gustavo a madero,Departamento,2604000,66.0,2.0,1.0,39454.545454545456,0.829803447501769,0.5629547605990122,0.7630912757760798,1,0.6141304347826086,0.0,5.859848830133583,7.138978789465684,1,0,4,70,25,2.4849066497880004,2.2721379182126946,1266.0832268887389,2,5132160.024784445,3673.2838888888887,46.388888888888886,37405928.79310981,2.0730832362283604,90,2249125.690969802,-13.62804566168195
19.4778665,-99.094982,dm nacional,Departamento,1890000,60.0,2.0,1.0,31500.0,0.829803447501769,0.5360879659504525,0.7563745771139398,1,0.5760869565217391,0.0,7.143965258628369,8.14952800601286,0,0,3,32,28,1.791759469228055,2.2789981161440065,1607.692531172171,0,83956.0020211121,2495.013661844484,19.205696202531644,178347.1298763833,2.38918242211679,2212,1991137.9201463968,5.351212706158563
19.5240112,-99.1481872,acueducto de guadalupe (rdcial),Casa,6590000,336.0,4.0,4.0,19613.095238095237,0.829803447501769,0.4357075996951195,0.7312794855501067,5,0.3967391304347826,0.0,7.857501662729059,6.756977239143686,0,0,0,37,40,1.9459101490553132,2.3256977645098558,4423.614695454241,1,275142.13396997,3674.604444444445,45.468468468468465,201318.1294998026,2.4413609669335283,666,6524467.370967346,-0.9944253267474015
19.4933278,-99.1413426,san bartolo atepehuacan (pblo),Departamento,3650000,110.0,3.0,2.0,33181.818181818184,0.829803447501769,0.5162808416715357,0.7514227960442107,1,0.4891304347826087,0.0,6.3392306434454175,7.609460650519145,0,0,1,35,31,2.4849066497880004,2.2845206026886635,1535.1899940823173,1,837254.9226578033,3470.873179190751,40.445086705202314,1200100.0698275291,2.053923648762351,346,3778789.1767270975,3.5284705952629447
19.460573,-99.1095538,cuchilla la joya,Casa,5900000,216.0,6.0,3.0,27314.814814814814,0.829803447501769,0.4896488966041061,0.7447648097773533,4,0.6630434782608695,0.0,6.248165158825815,8.314706474519898,0,0,1,43,28,1.0986122886681098,2.228524868995074,1543.0561663421704,2,320634.86551999993,2150.419999999999,48.90736842105263,243010.6595116212,1.6709833144690573,475,5083874.987280007,-13.832627334237163
19.4911559,-99.1343372,lindavista i,Casa,8800000,240.0,3.0,3.0,36666.666666666664,0.829803447501769,0.4956117931133327,0.7462555339046599,2,0.44021739130434784,0.0,5.847631990358284,7.211074598473689,1,0,4,57,23,2.3978952727983707,2.2800031015977145,1344.2575363629219,1,856347.4379828193,4698.272995594714,43.83259911894273,2387905.4104224104,1.3037731486716115,454,7515837.820697358,-14.592752037530024
19.5217486,-99.1405578,jorge negrete,Casa,3300000,120.0,4.0,2.0,27500.0,0.829803447501769,0.501806677754321,0.747804255064907,3,0.3532608695652174,0.0,7.825178297218545,6.432652372394014,0,0,2,39,28,1.791759469228055,2.322374657001779,3692.1286919142294,1,378959.1550377907,1070.040581395349,37.55813953488372,928929.6628980769,1.037690221406926,172,3498122.018763474,6.0036975382870965
19.5078245,-99.1470581,torres lindavista (fracc),Casa,20800000,550.0,6.0,7.0,37818.181818181816,0.829803447501769,0.49886442412881515,0.7470686916585305,1,0.30434782608695654,0.0,6.713205711654929,7.282973891892782,0,0,0,13,47,2.3978952727983707,2.3067800944123658,3236.180591322465,1,1414878.4957754167,4798.837916666668,35.32083333333333,2713132.87066357,1.2616470206212613,240,17260761.787703045,-17.015568328350746
19.473702,-99.1177252,estrella,Edificio,8950000,350.0,0.0,6.0,25571.428571428572,0.829803447501769,0.43925224879670544,0.7321656478255032,2,0.7608695652173914,0.0,6.794068093365246,7.805242835453992,0,0,0,63,36,2.3978952727983707,2.249467830621369,823.3702651183237,2,351846.4253611544,2920.2900000000004,51.56630265210608,228097.01496655613,1.8337501503407716,641,9058447.773713397,1.2117069688647695
19.4783568,-99.1336761,capultitlan,Departamento,2550000,58.0,2.0,2.0,43965.51724137931,0.829803447501769,0.5789884769192111,0.7670997048561295,2,0.6195652173913043,0.0,5.384082199063447,7.713966710775382,1,0,5,18,54,2.5649493574615367,2.2544437548670437,537.6908426332302,2,193194.67259380195,2833.73,19.455026455026456,976174.8621236755,3.4176160389597885,1323,2899551.9537969343,13.707919756742523
19.4883946,-99.1395261,valle del tepeyac,Casa,6900000,173.0,2.0,2.0,39884.39306358381,0.829803447501769,0.5575319844901053,0.7617355817488531,2,0.6521739130434783,0.0,6.151687538097643,7.587679845819157,1,0,5,33,43,2.3978952727983707,2.275624171778719,966.9879308943503,2,445491.50531465805,3221.3390716612375,44.741042345276874,270382.32593649824,1.9458192658792897,614,4720648.472365677,-31.584804748323513
19.5049574,-99.1536746,la patera-condomodulos (u hab),Departamento,1990000,50.0,2.0,1.0,39800.0,0.829803447501769,0.5301738145296766,0.7548960392587459,2,0.17391304347826086,0.0,6.503311877357102,7.702687280344473,0,0,0,9,27,2.302585092994046,2.304874615690023,3211.454703092182,1,506655.91662869067,4574.498857938719,46.55849582172702,8203357.54352557,3.4155619026826027,718,2012738.9990113953,1.1426632669042849
19.4617797,-99.1241385,7 de noviembre,Local Comercial,1698000,68.0,0.0,1.0,24970.58823529412,0.829803447501769,0.41130023161649704,0.725177643530451,3,0.8858695652173914,0.0,6.3721889720993365,8.224512297078217,0,0,0,48,69,2.4849066497880004,2.210665138917049,2083.7125291191765,2,695702.4079286128,2395.36789017341,50.43063583815029,2073983.704042085,1.9200477427187186,346,2280034.5467741885,34.277652931342075
19.4989858,-99.1307031,lindavista ii,Casa,8800000,225.0,3.0,4.0,39111.11111111111,0.829803447501769,0.5265434531558487,0.7539884489152889,1,0.44565217391304346,0.0,7.125263497869543,6.8771657820026375,0,0,0,46,40,2.4849066497880004,2.292803454322284,1386.1979697996023,1,620838.4662827004,4241.161392405063,44.69620253164557,997247.4387959652,2.2790715677209814,474,7939521.158384569,-9.778168654720806
19.5094917,-99.1248543,san pedro zacatenco (pblo),Casa,9000000,337.0,4.0,4.0,26706.231454005934,0.829803447501769,0.42217364562482945,0.7278959970325342,2,0.30978260869565216,0.0,7.417325515400128,6.877912947316195,0,0,0,36,25,1.3862943611198906,2.3079896120413252,1636.6660542285317,1,552383.3812498169,2471.041794871795,39.61172161172161,304629.41313003347,1.385380473659032,273,11244834.995006105,24.942611055623388
19.4823204,-99.1058514,granjas modernas-san juan de aragon (ampl),Departamento,1754000,60.0,3.0,1.0,29233.333333333332,0.829803447501769,0.46841423501589086,0.7394561443802995,2,0.44565217391304346,0.0,5.2184291941388405,7.72020461246865,2,0,2,48,14,2.302585092994046,2.2755591480326243,919.6200356428334,0,513113.77877414634,2432.2167317073163,29.346341463414635,1610834.469125843,3.132615668329337,205,1986979.9336406067,13.28277842876891
19.485081,-99.1219131,tepeyac insurgentes,Departamento,1500000,61.0,2.0,1.0,24590.16393442623,0.829803447501769,0.43679486908515464,0.7315513028976155,2,0.6847826086956522,0.0,5.932811284180442,7.046021396938975,2,0,4,74,32,2.833213344056216,2.2708271450711086,1314.3192666413338,2,589887.1165375587,3532.8298122065717,45.93896713615023,1116652.8912159991,2.328266126753035,426,2455118.226940348,63.67454846268985
19.4881116,-99.1416177,valle del tepeyac,Casa,7700000,240.0,3.0,2.0,32083.333333333332,0.829803447501769,0.5149964293742026,0.7511016929698775,2,0.6467391304347826,0.0,5.865810551027095,7.690963184534339,1,0,5,36,39,2.302585092994046,2.2755628992079897,983.1754235969726,2,422990.0277866426,3200.206299638989,45.064981949458485,202190.55122522524,1.7642104641096892,554,5428826.511257078,-29.495759594063927
19.4679344,-99.1422687,vallejo poniente,Bodega,15300000,558.0,0.0,0.0,27419.354838709678,0.829803447501769,0.5000160714429195,0.7473566034870567,3,0.9510869565217391,0.0,5.734103517829716,8.215837357273655,1,0,5,20,94,2.1972245773362196,2.2300466400151118,1342.6123986693096,2,369748.432183705,2833.336655231561,30.62092624356775,770584.3188189499,3.437552553539712,583,14780740.619973212,-3.393852157037827
19.4943897,-99.1378793,lindavista i,Casa,6200000,180.0,5.0,2.0,34444.444444444445,0.829803447501769,0.5085187347022768,0.749482269301896,2,0.41847826086956524,0.0,6.627327162467565,7.405047835807127,0,0,3,34,26,2.302585092994046,2.2857299253158065,1627.2320509934993,1,692628.2017608465,3970.10865079365,49.98412698412698,838892.6355675131,1.6461769169258778,378,5838329.379780062,-5.833397100321588
19.4657897,-99.0620636,san juan de aragon 6a seccion (u hab) ii,Casa,3600000,126.0,3.0,1.0,28571.428571428572,0.829803447501769,0.5191460600577766,0.7521391006407709,2,0.4782608695652174,0.0,6.136326426598363,8.870599933829839,1,0,0,21,41,1.3862943611198906,2.305248439707637,3547.236776141097,0,369500.48167910456,2775.5162046908313,39.95735607675906,137058.6037068497,1.0856270278191165,469,3497414.5548337903,-2.849595699061381
19.4889617,-99.1171639,santa isabel tola (pblo),Casa,6590000,336.0,4.0,4.0,19613.095238095237,0.829803447501769,0.42027050300488755,0.7274202113775486,2,0.5978260869565217,0.0,6.617722967364068,6.797533642851436,0,0,3,71,33,2.3978952727983707,2.2796746450448673,814.7508162754261,2,566415.6461217392,2934.74,40.5296442687747,1164940.9586257585,1.5228326136724684,253,8857613.324848756,34.409913882378696
19.506314,-99.1445042,lindavista ii,Casa,14900000,380.0,3.0,2.0,39210.52631578947,0.829803447501769,0.517067468261082,0.7516194526915972,1,0.31521739130434784,0.0,6.679769486264925,7.1472128030593325,0,0,0,12,50,2.302585092994046,2.304302364966303,3009.414085044649,1,1647816.5544275134,4678.422328042329,29.423280423280424,6202669.436354064,0.3818613076549083,189,12788621.606045311,-14.170324791642205
19.4506769,-99.068002,san juan de aragon 3a seccion (u hab) ii,Casa,5990000,370.0,8.0,5.0,16189.18918918919,0.829803447501769,0.3622079039415073,0.7129045616117036,2,0.4782608695652174,0.0,6.724852100071145,8.929086185745174,0,0,0,20,59,0.0,2.2897249808770583,2966.256304508707,0,541825.833817027,2878.1677297297297,41.74864864864865,275169.1811637713,1.0747437513035627,370,8555248.059827179,42.825510180754236
19.5098848,-99.1425268,torres lindavista (fracc),Casa,14900000,600.0,2.0,3.0,24833.333333333332,0.829803447501769,0.39484602308134475,0.7210640913966629,1,0.33152173913043476,0.0,7.120841297796577,6.842973980675183,0,0,2,16,47,2.0794415416798357,2.3086196166047026,2998.5809010439802,1,632123.2821051823,4280.140921305184,32.04222648752399,544339.9456808906,2.0829097236292897,521,18099653.652463704,21.474185587004726
19.4606085,-99.0893813,san juan de aragon 1a seccion (u hab) ii,Casa,6500000,320.0,4.0,4.0,20312.5,0.829803447501769,0.38186999006380756,0.7178200831422786,3,0.4076086956521739,0.0,7.138404354454775,8.551470969045656,0,0,3,27,47,0.6931471805599453,2.2639534598146844,630.2145311724987,0,540761.1329105556,2878.2099999999996,44.075,93936.12050213532,1.0489000838902747,360,7369172.762903818,13.371888660058737
19.4596866,-99.0917728,san juan de aragon 1a seccion (u hab) i,Departamento,3964953,71.0,2.0,2.0,55844.40845070423,0.829803447501769,0.6543099109562391,0.7859300633653865,3,0.3967391304347826,0.0,6.950129804963883,8.534911385704143,0,0,3,27,47,0.6931471805599453,2.258855050529437,359.4276130285016,0,564438.5414094545,2878.2099999999996,44.53090909090909,98764.23944723845,0.9891515984187849,275,2253194.2484792075,-43.17223310139597
19.4596866,-99.0917728,san juan de aragon 1a seccion (u hab) i,Departamento,3575613,65.0,2.0,1.0,55009.43076923077,0.829803447501769,0.6508945604006401,0.7850762257264868,3,0.3967391304347826,0.0,6.950129804963883,8.534911385704143,0,0,3,27,47,0.6931471805599453,2.258855050529437,359.4276130285016,0,564438.5414094545,2878.2099999999996,44.53090909090909,98764.23944723845,0.9891515984187849,275,2100486.2187206014,-41.255213617340544
19.4817469,-99.1171968,aragon la villa (aragon),Departamento,2350000,50.0,2.0,1.0,47000.0,0.829803447501769,0.5873171325844879,0.7691818687724488,2,0.625,0.0,4.820671630585478,7.382147427663786,1,0,4,66,23,2.4849066497880004,2.2666419924030174,1061.9810618148233,2,758847.0189015999,2589.1435999999994,46.58,1172130.7158047678,1.9311109441610645,250,1787867.1805276298,-23.920545509462563
19.4699485,-99.1355012,vallejo i,Edificio,5290000,294.0,0.0,4.0,17993.197278911564,0.829803447501769,0.3582098025697685,0.7119050362687689,2,0.8097826086956522,0.0,4.718028843351372,8.053846904609312,2,0,0,26,71,2.4849066497880004,2.233089572584364,1126.9836434054166,2,569227.4300077307,4072.0480049875314,35.795511221945134,947871.7634481408,3.108639274017441,401,9472664.233865956,79.06737682166268
19.4998868,-99.1156771,santa isabel tola (pblo),Departamento,3030440,77.0,2.0,1.0,39356.36363636364,0.829803447501769,0.5214221829967133,0.7527081313755051,2,0.2826086956521739,0.0,6.469754734760164,6.743775421445508,0,0,0,26,30,1.6094379124341003,2.2970810839089104,455.1348160030433,1,711775.0495772093,2451.7900000000004,41.06511627906977,712755.9642506089,0.9489483646157841,215,2869379.620623913,-5.314752292607241
19.4743339,-99.1245531,industrial i,Edificio,11000000,400.0,0.0,2.0,27500.0,0.829803447501769,0.4545076848017631,0.7359795068267676,2,0.7663043478260869,0.0,6.739844620393714,7.761867433577541,0,0,1,49,49,2.6390573296152584,2.246742431340747,1529.0970442883443,2,493155.69316164864,3474.937921146953,48.58064516129032,244157.33226164657,1.6874794954109182,558,9371549.445563674,-14.804095949421145
19.5006923,-99.094593,santiago atzacoalco (pblo),Departamento,2040000,49.0,2.0,1.0,41632.65306122449,0.829803447501769,0.5464291115279346,0.7589598635083105,3,0.6413043478260869,0.0,7.607694327424611,7.9934825559800045,0,0,0,38,43,1.0986122886681098,2.308009975786696,2483.2007428663364,0,219115.0973217707,2083.4723367198844,26.269956458635704,653304.9169852263,3.7010924967777057,689,1746721.2599774443,-14.376408824635083
19.5279605,-99.1443737,jorge negrete,Departamento,1620000,52.0,2.0,1.0,31153.846153846152,0.829803447501769,0.5282186840332121,0.7544072566346298,3,0.33152173913043476,0.0,8.026866120695834,5.945802209738872,0,1,0,33,32,1.791759469228055,2.329256491932111,4477.471467885869,1,277307.58933700516,2127.887108433735,33.641996557659205,144323.53102893865,1.7541653742867622,581,1638436.9727820617,1.1380847396334361
19.5509176,-99.136275,palmatitla,Departamento,2040000,49.0,2.0,1.0,41632.65306122449,0.829803447501769,0.603527010159499,0.7732343381662016,4,0.2554347826086957,0.0,8.652301502875112,6.696853715022907,0,0,0,37,14,1.0986122886681098,2.349484022708504,6346.901071033219,1,300402.5372195122,1018.3199999999999,38.26829268292683,1011049.714243808,0.8765866291083831,328,1493299.1942308415,-26.799059106331303
19.5036812,-99.1294773,juan de dios batiz (u hab),Departamento,2200000,65.0,3.0,1.0,33846.153846153844,0.829803447501769,0.48020168514036027,0.7424030069114168,1,0.4076086956521739,0.0,7.241434603183423,6.902665505782207,0,0,0,37,42,2.1972245773362196,2.299739813544375,1472.5844282039097,1,224253.73292941175,3416.8941844919786,45.49197860962567,1637707.3748669787,3.3260031420332066,748,2392304.052783176,8.741093308326175
19.5004436,-99.0951455,santiago atzacoalco (pblo),Departamento,2040000,49.0,2.0,1.0,41632.65306122449,0.829803447501769,0.545868956653909,0.758819824789804,3,0.6141304347826086,0.0,7.581071756129889,7.972255581860801,0,0,0,37,40,1.0986122886681098,2.3074079874702225,2421.012783327392,0,382165.0230849741,1977.671398963731,43.12176165803109,949488.740619838,1.7541336903454987,386,1562681.862978394,-23.397947893215985
19.5425743,-99.1524644,zona escolar i,Departamento,1390000,45.0,2.0,1.0,30888.88888888889,0.829803447501769,0.5138085565818749,0.7508047247717955,2,0.10869565217391304,0.0,8.444519750887828,7.031990843401398,0,0,1,15,8,1.0986122886681098,2.3437604167546633,6280.647696352531,1,202923.83731891893,1018.32,30.824324324324323,68254.46294623605,1.0815623771582867,222,1800330.4411791102,29.520175624396416
19.5088159,-99.1507629,nueva industrial vallejo (fracc),Departamento,2750000,84.0,2.0,2.0,32738.095238095237,0.829803447501769,0.4791801473356962,0.7421476224602508,1,0.20652173913043478,0.0,6.820142502111583,7.500074995087747,0,0,0,10,32,2.3978952727983707,2.3089074032724417,3465.392441178908,1,5116026.44834,4723.121999999999,22.022222222222222,14018053.21142308,2.2591407052619656,90,3737692.863109962,35.91610411308953
19.4866771,-99.1134061,villa gustavo a madero,Casa,9000000,437.0,0.0,7.0,20594.965675057207,0.829803447501769,0.41632119987697963,0.7264328855955717,1,0.46195652173913043,0.0,6.61781921391622,7.203536434192833,0,0,2,62,18,2.0794415416798357,2.2776650234039097,1160.354303960164,0,480878.10409770405,2697.016632653061,37.28061224489796,2086325.2883856334,3.3988246719601816,392,9260149.985057779,2.890555389530874
19.4848583,-99.1178571,villa gustavo a madero,Departamento,1526500,60.0,2.0,1.0,25441.666666666668,0.829803447501769,0.45373312266223664,0.7357858662918859,1,0.6141304347826086,0.0,5.859848830133583,7.138978789465684,1,0,4,70,25,2.4849066497880004,2.2721379182126946,1266.0832268887389,2,5132160.024784445,3673.2838888888887,46.388888888888886,37405928.79310981,2.0730832362283604,90,2077987.7188751632,36.1275937684352
19.4608321,-99.1053818,martires de rio blanco (ampl),Casa,6100000,206.0,3.0,1.0,29611.650485436894,0.829803447501769,0.5267646256503442,0.7540437420389128,3,0.7065217391304348,0.0,6.698067723460816,8.347746948037196,0,0,0,45,31,0.6931471805599453,2.23655657932557,1117.2909480836986,2,315845.4002715084,2150.4199999999996,49.659217877094974,193382.70562151397,1.713428423044312,358,4946057.73200382,-18.917086360593114
19.4998868,-99.1156771,santa isabel tola (pblo),Local Comercial,4900000,150.0,0.0,0.0,32666.666666666668,0.829803447501769,0.4748808472957633,0.7410727974502676,2,0.2826086956521739,0.0,6.469754734760164,6.743775421445508,0,0,0,26,30,1.6094379124341003,2.2970810839089104,455.1348160030433,1,711775.0495772093,2451.7900000000004,41.06511627906977,712755.9642506089,0.9489483646157841,215,5815947.968917894,18.692815692201922
19.4778547,-99.0684527,la pradera,Casa,4750000,291.0,7.0,5.0,16323.024054982818,0.829803447501769,0.35777924522454724,0.7117973969324636,1,0.20652173913043478,0.0,7.348588362819323,8.695085394066638,0,0,0,27,15,1.6094379124341003,2.306681061206099,3507.469513149652,0,366392.4199560748,2222.8100000000004,42.444859813084115,1522993.378248536,1.1136702642667595,535,6743321.800092543,41.964669475632476
19.5337832,-99.1536919,solidaridad nacional,Casa,3150000,134.0,3.0,1.0,23507.462686567163,0.829803447501769,0.4705772781429993,0.7399969051620766,2,0.14673913043478262,0.0,8.214538671152047,7.262387602051873,0,0,0,9,22,1.0986122886681098,2.3361689309644076,5602.22088763078,1,161140.26675642023,986.9400000000003,30.171206225680933,24280.930406568114,1.3930419043783668,257,3536258.0446982565,12.262160149151
19.5057393,-99.1480141,lindavista ii,Casa,6990000,199.0,3.0,2.0,35125.62814070352,0.829803447501769,0.4821355637205407,0.742886476556462,1,0.22826086956521738,0.0,6.353974952771635,7.396358427998668,0,0,0,9,37,2.3978952727983707,2.304285023335875,3045.9997173181214,1,7426225.352117143,4572.929999999999,37.371428571428574,4686886.571831015,0.8936733668367779,35,6556337.9798657,-6.204034622808297
19.5028863,-99.1311018,lindavista ii,Departamento,6210000,119.0,3.0,2.0,52184.87394957983,0.829803447501769,0.5906225847650883,0.7700082318175989,1,0.375,0.0,7.297463508233598,6.92129287090142,0,0,0,29,44,2.4849066497880004,2.2985280381144655,1574.6002291087543,1,138666.1255442786,3406.8399336650086,43.192371475953564,1064800.8202717642,3.408233262666179,603,3772786.7954781214,-39.24658944479676
19.5682242,-99.1310044,parque metropolitano,Casa,2500000,175.0,3.0,1.0,14285.714285714286,0.829803447501769,0.3219382416112137,0.7028371460291302,4,0.11413043478260869,0.0,8.95095871340589,7.077847401796515,0,0,0,18,7,0.6931471805599453,2.3624076437014008,8078.394525067228,1,134150.29706654412,711.6962132352941,29.977941176470587,72264.93330677366,0.7368945415417791,272,4939495.529669493,97.57982118677974
19.4948668,-99.1170794,santa isabel tola (pblo),Departamento,2200000,66.0,2.0,1.0,33333.333333333336,0.829803447501769,0.5066759331427138,0.7490215689120052,2,0.5163043478260869,0.0,5.565726022982914,6.306750501010763,1,0,2,55,41,1.9459101490553132,2.2892212564721577,175.69383328130473,2,628065.6021313916,2451.790000000001,38.3915857605178,1979719.1807620379,1.1309386380798179,309,2159549.6307931966,-1.83865314576379
19.4929832,-99.1334245,lindavista i,Casa,8000000,248.0,3.0,2.0,32258.064516129034,0.829803447501769,0.4660800796611441,0.7388726055416128,2,0.43478260869565216,0.0,6.340257156110069,7.093307182591206,0,0,4,59,21,2.3978952727983707,2.283124133246719,1566.973085560462,1,676636.5936950381,4714.676679389313,44.33015267175573,1542790.8168124203,1.798006950797665,524,8021984.551670334,0.2748068958791788
19.4955737,-99.1240139,lindavista ii,Casa,6850000,262.0,4.0,3.0,26145.038167938932,0.829803447501769,0.40868461522453514,0.7245237394324606,1,0.6793478260869565,0.0,6.161931113481777,5.2241766293370056,1,1,0,80,48,2.70805020110221,2.2883589333921517,656.9858437266748,2,1100423.2428993245,4039.1843243243247,44.0,1159350.6181233085,1.5725240329402126,296,10267968.471982282,49.89734995594572
19.4933278,-99.1413426,san bartolo atepehuacan (pblo),Casa,7300000,322.0,3.0,3.0,22670.80745341615,0.829803447501769,0.42170512187643955,0.7277788660954366,1,0.4891304347826087,0.0,6.3392306434454175,7.609460650519145,0,0,1,35,31,2.4849066497880004,2.2845206026886635,1535.1899940823173,1,837254.9226578033,3470.873179190751,40.445086705202314,1200100.0698275291,2.053923648762351,346,9807288.878798964,34.34642299724607
19.4929832,-99.1334245,lindavista i,Casa,6500000,148.0,3.0,2.0,43918.91891891892,0.829803447501769,0.5430652076155111,0.7581188875302045,2,0.43478260869565216,0.0,6.340257156110069,7.093307182591206,0,0,4,59,21,2.3978952727983707,2.283124133246719,1566.973085560462,1,676636.5936950381,4714.676679389313,44.33015267175573,1542790.8168124203,1.798006950797665,524,5157440.71469991,-20.654758235386
19.4848583,-99.1178571,villa gustavo a madero,Casa,7500000,261.0,3.0,3.0,28735.632183908045,0.829803447501769,0.48404321782068566,0.7433633900814982,1,0.6141304347826086,0.0,5.859848830133583,7.138978789465684,1,0,4,70,25,2.4849066497880004,2.2721379182126946,1266.0832268887389,2,5132160.024784445,3673.2838888888887,46.388888888888886,37405928.79310981,2.0730832362283604,90,5742252.7740169875,-23.4366296797735
19.5226835,-99.1655253,santa rosa,Departamento,1220000,49.0,1.0,1.0,24897.95918367347,0.829803447501769,0.49451571367750013,0.7459815140457018,4,0.2391304347826087,0.0,7.998910616408766,7.880927822809765,0,0,0,29,19,1.6094379124341003,2.3284512056669633,5532.157095111281,1,389696.2577829081,2144.9028571428576,41.87244897959184,161529.08962907532,1.3747599994527244,392,1414562.0934683233,15.947712579370766
19.5100608,-99.1477123,torres lindavista (fracc),Casa,22000000,433.0,5.0,5.0,50808.31408775981,0.829803447501769,0.5837983792943404,0.7683021804499119,1,0.29347826086956524,0.0,6.957433867086752,7.293761070982305,0,0,0,11,47,2.3978952727983707,2.3097430616814023,3488.546649573777,1,2367882.8598040817,4773.781581632654,34.433673469387756,5850654.0829250105,1.1710646148317723,196,13291150.90622725,-39.58567769896705
19.5577737,-99.1354215,cuautepec el alto (pblo),Casa,2500000,165.0,6.0,2.0,15151.515151515152,0.829803447501769,0.33881003391331654,0.707055094104656,4,0.32065217391304346,0.0,8.776818715812631,4.904958468467093,0,1,0,45,18,0.6931471805599453,2.354828792058264,7049.087882283066,1,305183.9456808765,916.0964940239044,40.06374501992032,376743.77779697534,0.8291396676159638,251,3935064.131049647,57.40256524198588
19.5364748,-99.1413736,el arbolillo,Departamento,2100000,48.0,2.0,1.0,43750.0,0.829803447501769,0.6167979092654472,0.7765520629426885,1,0.16847826086956522,0.0,8.305568666398319,6.05205393746852,0,0,2,18,15,1.0986122886681098,2.3372239201198117,5087.254253090707,1,209282.42294065934,1024.2923809523809,36.03663003663004,148854.63406594816,1.0109560822014396,273,1449396.148009994,-30.9811358090479
19.4753497,-99.1328779,guadalupe insurgentes,Casa,16000000,343.0,4.0,2.0,46647.23032069971,0.829803447501769,0.6004998102366343,0.7724775381854854,2,0.657608695652174,0.0,5.412199856134263,7.819285961097526,1,0,1,26,56,2.4849066497880004,2.247284108859816,769.6364182119338,2,529012.3354034188,3400.1371794871784,47.717948717948715,1539964.2687179851,2.157515675319715,234,8388634.731212623,-47.5710329299211
19.5006025,-99.1249854,residencial zacatenco,Casa,7765000,350.0,3.0,2.0,22185.714285714286,0.829803447501769,0.36702738951596925,0.714109433005319,2,0.5543478260869565,0.0,6.7083762537028635,6.460671546627994,0,0,0,52,54,2.3978952727983707,2.295822564110455,891.713107711226,2,582628.9784795454,3124.573914141413,39.906565656565654,457848.8644581429,1.768112738331832,396,9139997.874787273,17.707635219411113
19.5254925,-99.1541398,acueducto de guadalupe (rdcial),Casa,5838363,229.0,3.0,2.0,25495.034934497817,0.829803447501769,0.5318014847395631,0.7553029568112175,5,0.33695652173913043,0.0,7.935633342536604,7.255515234404671,0,0,0,40,26,1.6094379124341003,2.328281256315531,4997.32165910639,1,441936.10565111105,3381.9115555555554,39.44722222222222,190112.01001833234,1.7989863280579976,360,4491889.715453065,-23.062514005157524
19.5049574,-99.1536746,la patera-condomodulos (u hab),Departamento,2380000,55.0,2.0,2.0,43272.72727272727,0.829803447501769,0.5509470175155576,0.7600893400052162,2,0.17391304347826086,0.0,6.503311877357102,7.702687280344473,0,0,0,9,27,2.302585092994046,2.304874615690023,3211.454703092182,1,506655.91662869067,4574.498857938719,46.55849582172702,8203357.54352557,3.4155619026826027,718,2247123.172532292,-5.583059977634786
19.4823204,-99.1058514,granjas modernas-san juan de aragon (ampl),Casa,2350000,90.0,2.0,1.0,26111.11111111111,0.829803447501769,0.4404193800662553,0.7324574306428906,2,0.44565217391304346,0.0,5.2184291941388405,7.72020461246865,2,0,2,48,14,2.302585092994046,2.2755591480326243,919.6200356428334,0,513113.77877414634,2432.2167317073163,29.346341463414635,1610834.469125843,3.132615668329337,205,2748627.1857985896,16.96285897015275
19.5554419,-99.1421307,tlacaelel,Casa,11899000,425.0,6.0,4.0,27997.647058823528,0.829803447501769,0.4877603235856144,0.7442926665227304,3,0.22282608695652173,0.0,8.717041745607938,6.78227053864791,0,0,0,31,14,1.0986122886681098,2.3532545548823394,7024.53392205019,1,332410.1609201004,689.3699999999999,36.005025125628144,2642895.847943769,1.042592303902772,199,8867164.25195611,-25.479752483770813
19.4692214,-99.1225579,guadalupe tepeyac,Departamento,2370375,63.0,2.0,1.0,37625.0,0.829803447501769,0.521488208382534,0.7527246377219603,2,0.7934782608695652,0.0,6.959519648879714,7.973431408963013,0,0,0,50,50,2.302585092994046,2.2347229347922886,1464.8716277599785,2,453343.32567435456,3491.007160068847,47.24784853700516,1252342.6969052223,2.2015265003238644,581,2412973.476262133,1.797119707309312
19.5554419,-99.1421307,tlacaelel,Casa,11899000,425.0,6.0,4.0,27997.647058823528,0.829803447501769,0.4877603235856144,0.7442926665227304,3,0.22282608695652173,0.0,8.717041745607938,6.78227053864791,0,0,0,31,14,1.0986122886681098,2.3532545548823394,7024.53392205019,1,332410.1609201004,689.3699999999999,36.005025125628144,2642895.847943769,1.042592303902772,199,8867164.25195611,-25.479752483770813
19.4951406,-99.1428186,san bartolo atepehuacan (pblo),Casa,12900000,550.0,4.0,4.0,23454.545454545456,0.829803447501769,0.4254684601785959,0.7287197006709758,1,0.3858695652173913,0.0,6.511613869888886,7.630586583356108,0,0,0,30,23,2.302585092994046,2.287765086904005,1764.98534263309,1,752355.3215973105,3337.9712469437645,38.89731051344743,949735.3562331974,1.82056422625237,409,15319674.03533585,18.757163064618993
19.5084773,-99.1579443,nueva industrial vallejo (fracc),Departamento,3600000,114.0,3.0,2.0,31578.947368421053,0.829803447501769,0.4812142987898912,0.7426561603237996,1,0.14673913043478262,0.0,7.13896365044968,7.8471353869467215,0,0,0,9,22,2.1972245773362196,2.310684176627696,3776.3017090994767,1,500100.03938090237,4572.930000000001,28.455403987408186,10258528.07268658,4.036000439984132,953,4217784.645900374,17.16068460834373
19.5759934,-99.1282341,malacates (ampl),Departamento,3050000,65.0,2.0,1.0,46923.07692307692,0.829803447501769,0.6224905792100821,0.7779752304288473,4,0.0,0.0,9.061890571168327,7.646074988017565,0,0,0,3,1,0.0,2.3676800219398446,8886.111386223742,1,121568.8850673077,606.4359615384616,29.48076923076923,102819.50485390109,0.6373331443160141,156,1960367.0637954795,-35.72567003949247
19.4681464,-99.1243836,industrial i,Edificio,6000000,210.0,0.0,0.0,28571.428571428572,0.829803447501769,0.4541263134179533,0.7358841639808151,2,0.8315217391304348,0.0,6.722013186557097,8.016252554650283,0,0,0,55,52,2.302585092994046,2.230490351727227,1689.350288204188,2,642514.8356226666,4235.62231111111,47.25333333333333,993320.1904559877,2.193794983722996,450,5803059.165201,-3.282347246650001
19.4802926,-99.1078547,villa gustavo a madero,Departamento,3426400,64.0,2.0,1.0,53537.5,0.829803447501769,0.6100512771190426,0.7748654049060875,1,0.375,0.0,5.692076966749494,7.7224000343975785,1,0,2,50,17,2.0794415416798357,2.2705327907337702,627.4309845799838,0,374786.73768749996,2242.7609374999997,21.4375,1692466.2375002475,4.417510319258165,416,2085120.892687486,-39.14543273734864
19.4944821,-99.08776,nueva atzacoalco iii,Casa,6700000,195.0,3.0,2.0,34358.97435897436,0.829803447501769,0.5262614106704283,0.7539179382939338,4,0.6195652173913043,0.0,7.617216802624534,8.194979056215642,0,0,0,51,21,1.3862943611198906,2.305530083284389,3158.6491318694793,0,370240.9635113871,1956.4000000000003,39.80952380952381,82462.11893176129,1.2808420268319198,483,4951604.284921793,-26.09545843400309
19.4807706,-99.1197036,tepeyac insurgentes,Casa,9200000,190.0,3.0,2.0,48421.05263157895,0.829803447501769,0.5932163387049383,0.7706566703025614,2,0.7010869565217391,0.0,5.1767856233504075,7.406507089914544,1,0,4,72,27,2.6390573296152584,2.2633719778515897,1201.988349358411,2,637749.1441297234,3612.0316129032253,51.42857142857143,1309371.1395074422,1.696016265389372,434,5621946.37374485,-38.8918872419038
19.495379,-99.141747,planetario lindavista,Departamento,5490000,153.0,3.0,2.0,35882.35294117647,0.829803447501769,0.5360950474780423,0.7563763474958374,3,0.391304347826087,0.0,6.60406992993495,7.594441603760356,0,0,0,31,25,2.302585092994046,2.287921870018491,1766.0951086390992,1,842327.9349961537,3558.8150961538454,40.92307692307692,930755.1450521594,1.8274596420896558,312,5042939.399057014,-8.143180345045284
19.4750668,-99.1167561,estrella,Edificio,7900000,369.0,0.0,0.0,21409.214092140923,0.829803447501769,0.40703861735492863,0.7241122399650589,2,0.6413043478260869,0.0,6.630842990258747,7.753018625116488,0,0,1,57,25,2.302585092994046,2.2532480126436276,709.0764236223403,2,371372.4010172932,2920.2900000000004,50.78195488721804,183615.43069555453,1.7118709265294925,532,9004143.713272661,13.976502699653937
19.5129933,-99.1522732,nueva industrial vallejo (fracc),Casa,7230000,265.0,3.0,2.0,27283.01886792453,0.829803447501769,0.45525558302564806,0.7361664813827388,1,0.22282608695652173,0.0,7.245050642651753,7.572656549520161,0,0,0,17,28,2.3978952727983707,2.3143301928435305,3953.5762769742746,1,17858228.01825,4948.409999999999,36.8,8227567.696912364,0.6398703833346541,30,7620930.87471939,5.407066040378834
19.4689771,-99.1210216,guadalupe tepeyac,Casa,8900000,335.0,4.0,2.0,26567.16417910448,0.829803447501769,0.4244385274599544,0.7284622174913153,2,0.7608695652173914,0.0,6.970860407388876,7.983624758514085,0,0,0,47,49,2.1972245773362196,2.2352287843188674,1334.972702048983,2,332015.09297312977,2972.3452061068706,48.73587786259542,270237.550374942,2.133330167338714,655,9607739.616583694,7.95213052341229
19.4707656,-99.0862927,san juan de aragon (pblo),Casa,5100000,156.0,3.0,1.0,32692.30769230769,0.829803447501769,0.555259993779114,0.7611675840711053,4,0.33695652173913043,0.0,7.7277689148919375,8.446697713809435,0,0,1,33,32,1.3862943611198906,2.280099116095243,1627.0592571842776,0,380130.5293171053,2444.6199999999994,39.96052631578947,699012.7089867138,2.27032446615945,456,4207861.906720571,-17.49290378979272
19.4785468,-99.070034,providencia (ampl),Casa,7500000,480.0,9.0,3.0,15625.0,0.829803447501769,0.36846065737168837,0.7144677499692489,5,0.22826086956521738,0.0,7.459548686358742,8.66417426868403,0,0,0,32,14,1.6094379124341003,2.3056529264987504,3425.9686065208966,0,273207.42944166664,2222.81,42.42467948717949,1356349.7799412056,1.2068861219577633,624,9778411.120004745,30.378814933396605
19.5089708,-99.1530088,nueva industrial vallejo (fracc),Departamento,3090000,65.0,3.0,1.0,47538.46153846154,0.829803447501769,0.5897644314136927,0.76979369347975,1,0.22282608695652173,0.0,6.909318553420852,7.6197390201276844,0,0,0,12,33,2.3978952727983707,2.309709783322376,3574.467563542202,1,618806.9341975398,5692.849363241679,22.67438494934877,3989027.444079426,4.659380223599126,691,2045761.705076813,-33.79411957680217
19.5019691,-99.1210452,residencial zacatenco,Departamento,4536000,109.0,2.0,2.0,41614.678899082566,0.829803447501769,0.5273935300273866,0.7542009681331734,2,0.4945652173913043,0.0,6.623103244056202,6.598749554348688,0,0,0,46,49,1.791759469228055,2.298536704812479,713.7748283164511,1,279105.62810015667,2504.0485607196397,12.497751124437782,1573641.6998512547,3.886627517412343,667,4858291.693116834,7.105196056367601
19.4646793,-99.1195328,guadalupe tepeyac,Casa,7000000,185.0,4.0,3.0,37837.83783783784,0.829803447501769,0.506531114104243,0.7489853641523876,2,0.7065217391304348,0.0,6.467074406141365,8.136586254772498,0,0,0,44,48,2.302585092994046,2.2246796388354926,1518.2800060815596,2,315634.9952306968,2752.1074764595105,30.455743879472692,881697.24697213,3.7082418855307946,531,7408350.571323789,5.833579590339839
19.4698133,-99.0615124,villa de aragon (fracc),Departamento,2855070,58.0,2.0,1.0,49225.34482758621,0.829803447501769,0.6677352521126686,0.7892863986544939,2,0.32065217391304346,0.0,6.685731791597725,8.850566407101942,0,0,0,18,37,1.6094379124341003,2.3082713345835955,3727.269845252271,0,350950.30035297025,2576.641617161716,34.84158415841584,91629.76812009711,1.309898518349071,606,1910306.2743675099,-33.09073772735835
19.5184262,-99.1563715,progreso nacional ii,Casa,4400000,160.0,2.0,2.0,27500.0,0.829803447501769,0.5054801881965624,0.7487226326754673,1,0.2554347826086957,0.0,7.651518797205815,7.55508766193506,0,0,0,27,24,1.791759469228055,2.321464390457317,4673.3896726096145,1,440320.75840207376,2444.2804608294937,39.44239631336406,194598.34253237446,1.4150976432358344,434,3795013.7611436197,-13.749687246735917
19.5129933,-99.1522732,nueva industrial vallejo (fracc),Casa,7664000,263.0,8.0,3.0,29140.684410646387,0.829803447501769,0.4716337557447103,0.7402610245625043,1,0.22282608695652173,0.0,7.245050642651753,7.572656549520161,0,0,0,17,28,2.3978952727983707,2.3143301928435305,3953.5762769742746,1,17858228.01825,4948.409999999999,36.8,8227567.696912364,0.6398703833346541,30,5994712.596276417,-21.78088992332441
19.4732606,-99.1114596,tres estrellas,Edificio,6000000,288.0,0.0,0.0,20833.333333333332,0.829803447501769,0.40227792033750903,0.722922065710704,2,0.31521739130434784,0.0,5.947098300440068,7.902735457508902,1,0,0,40,19,2.302585092994046,2.2540581654851866,245.98787041280804,0,336533.8788535469,2205.0332036613268,50.02974828375286,190046.44930988154,1.7583776592927929,437,7990212.326814721,33.17020544691202
19.4655649,-99.1193389,guadalupe tepeyac,Departamento,2984315,54.0,3.0,2.0,55265.09259259259,0.829803447501769,0.6040842179172127,0.7733736401056299,2,0.6793478260869565,0.0,6.609012182451373,8.108144072744876,0,0,0,45,42,2.1972245773362196,2.227421744678074,1432.0062030807637,2,318573.54490938125,2809.6500000000005,28.684630738522955,928449.604876803,3.855079523594907,501,2630590.44401394,-11.852788863979164
19.5052162,-99.1257391,residencial zacatenco,Departamento,4191000,88.0,3.0,2.0,47625.0,0.829803447501769,0.5690365620827057,0.7646117261470032,2,0.41847826086956524,0.0,7.150406675981706,7.010709996677243,0,0,0,39,42,1.6094379124341003,2.302229360366228,1291.2766498273543,1,861419.1595823293,2531.1699999999996,40.46586345381526,3104811.938573224,1.4066164248920117,249,3455127.3534227703,-17.558402447559764
19.5052162,-99.1257391,residencial zacatenco,Departamento,4427098,98.0,3.0,2.0,45174.4693877551,0.829803447501769,0.5560375127760359,0.7613619638203357,2,0.41847826086956524,0.0,7.150406675981706,7.010709996677243,0,0,0,39,42,1.6094379124341003,2.302229360366228,1291.2766498273543,1,861419.1595823293,2531.1699999999996,40.46586345381526,3104811.938573224,1.4066164248920117,249,3759829.83612732,-15.072360355986703
19.4634243,-99.1124864,tablas de san agustin,Casa,6500000,386.0,3.0,3.0,16839.378238341968,0.829803447501769,0.3418983877005655,0.7078271825514681,3,0.5978260869565217,0.0,4.975773660110356,8.213259411679102,1,0,0,37,38,1.9459101490553132,2.2305999968152106,1307.2044938237088,2,270504.6837736211,2150.4199999999996,47.74820143884892,203662.3644896149,2.2802110859138462,417,10736598.192592956,65.17843373219932
19.4998868,-99.1156771,santa isabel tola (pblo),Bodega,5900000,281.0,0.0,0.0,20996.44128113879,0.829803447501769,0.36759144881159445,0.7142504478292254,2,0.2826086956521739,0.0,6.469754734760164,6.743775421445508,0,0,0,26,30,1.6094379124341003,2.2970810839089104,455.1348160030433,1,711775.0495772093,2451.7900000000004,41.06511627906977,712755.9642506089,0.9489483646157841,215,10325721.901879372,75.01223562507411
19.4746604,-99.1322337,guadalupe insurgentes,Departamento,2350000,50.0,2.0,1.0,47000.0,0.829803447501769,0.6033691230245746,0.7731948663824704,2,0.657608695652174,0.0,5.642199379607365,7.835104872784374,1,0,1,28,56,2.4849066497880004,2.245587440389521,870.2644891737912,2,455947.10691651655,3405.0199999999995,47.21621621621622,387949.11959519197,2.0430966903397763,333,1890067.749792536,-19.57158511521123
19.5058907,-99.1494723,lindavista ii,Casa,12500000,350.0,5.0,4.0,35714.28571428572,0.829803447501769,0.5086621677073194,0.7495181275531566,1,0.20652173913043478,0.0,6.360276825360411,7.475905885495891,0,0,0,10,32,2.3978952727983707,2.3048480749771008,3114.5915428651774,1,11836378.826468572,4766.034,39.4,12383483.377538158,0.7998615920518654,35,11115933.952724164,-11.072528378206686
19.5057393,-99.1480141,lindavista ii,Casa,7600000,338.0,5.0,3.0,22485.207100591717,0.829803447501769,0.37342260031845864,0.7157082357059414,1,0.22826086956521738,0.0,6.353974952771635,7.396358427998668,0,0,0,9,37,2.3978952727983707,2.304285023335875,3045.9997173181214,1,7426225.352117143,4572.929999999999,37.371428571428574,4686886.571831015,0.8936733668367779,35,10623549.622716015,39.783547667315986
19.4596866,-99.0917728,san juan de aragon 1a seccion (u hab) i,Departamento,2432700,77.0,3.0,1.0,31593.506493506495,0.829803447501769,0.5170984894957068,0.7516272080002535,3,0.3967391304347826,0.0,6.950129804963883,8.534911385704143,0,0,3,27,47,0.6931471805599453,2.258855050529437,359.4276130285016,0,564438.5414094545,2878.2099999999996,44.53090909090909,98764.23944723845,0.9891515984187849,275,2391809.3764265445,-1.68087407298292
19.4987054,-99.0854671,nueva atzacoalco ii,Departamento,3600000,110.0,3.0,1.0,32727.272727272728,0.829803447501769,0.49621810134902367,0.7464071109635827,5,0.5543478260869565,0.0,7.822012747112097,8.263213167182446,0,0,0,37,26,0.6931471805599453,2.3115526399874975,3403.222326820044,0,380953.5063187066,1956.4000000000003,40.685912240184756,75599.76565794194,1.1611781600746425,433,3020971.315330534,-16.084130129707393
19.5042067,-99.1209678,san pedro zacatenco (pblo),Casa,6500000,340.0,8.0,4.0,19117.647058823528,0.829803447501769,0.3180598750495931,0.7018675543887251,2,0.41847826086956524,0.0,6.901989517073172,6.887602127660087,0,0,0,42,39,1.6094379124341003,2.3016521600900752,935.9251863701621,1,561231.2822481781,2223.2955060728736,41.72874493927125,1552518.7380750955,1.1159458660567014,247,10930036.568168497,68.1544087410538
19.4741462,-99.0915049,heroes de chapultepec,Casa,7500000,426.0,8.0,3.0,17605.6338028169,0.829803447501769,0.39514033837911167,0.7211376702211048,1,0.5108695652173914,0.0,7.45794139885805,8.293359763372292,0,0,1,34,35,1.9459101490553132,2.2778754325011303,1758.9179005998126,0,456318.0385222615,2444.6199999999994,38.399293286219084,3370311.4147360334,1.0855986987493211,283,9093711.852880264,21.249491371736852
19.4616807,-99.061347,san juan de aragon 4a  y 5a seccion (u hab) ii,Departamento,2900000,60.0,2.0,1.0,48333.333333333336,0.829803447501769,0.640132212465371,0.7823856387426695,2,0.5815217391304348,0.0,1.5748991829408199,8.909929053218864,1,0,0,22,56,1.0986122886681098,2.3037840407464856,3548.5397513164794,0,11756664.930666665,2804.3250000000003,37.0,27782352.66386494,0.8988389698129075,6,1964854.1842962848,-32.246407438059144
19.5049574,-99.1536746,la patera-condomodulos (u hab),Edificio,9600000,461.0,0.0,0.0,20824.295010845988,0.829803447501769,0.37123915755414066,0.7151623750148619,2,0.17391304347826086,0.0,6.503311877357102,7.702687280344473,0,0,0,9,27,2.302585092994046,2.304874615690023,3211.454703092182,1,506655.91662869067,4574.498857938719,46.55849582172702,8203357.54352557,3.4155619026826027,718,13844986.660152784,44.21861104325816
19.5184262,-99.1563715,progreso nacional ii,Departamento,2000000,60.0,3.0,1.0,33333.333333333336,0.829803447501769,0.5533693028057934,0.7606949113277751,1,0.2554347826086957,0.0,7.651518797205815,7.55508766193506,0,0,0,27,24,1.791759469228055,2.321464390457317,4673.3896726096145,1,440320.75840207376,2444.2804608294937,39.44239631336406,194598.34253237446,1.4150976432358344,434,1646352.2844143324,-17.682385779283383
19.4987054,-99.0854671,nueva atzacoalco ii,Departamento,3500000,75.0,3.0,1.0,46666.666666666664,0.829803447501769,0.5841160666023458,0.7683816022769132,5,0.5543478260869565,0.0,7.822012747112097,8.263213167182446,0,0,0,37,26,0.6931471805599453,2.3115526399874975,3403.222326820044,0,380953.5063187066,1956.4000000000003,40.685912240184756,75599.76565794194,1.1611781600746425,433,2328681.7241043826,-33.466236454160494
19.4617797,-99.1241385,7 de noviembre,Casa,6500000,386.0,3.0,3.0,16839.378238341968,0.829803447501769,0.3202612510239556,0.7024178983823157,3,0.8858695652173914,0.0,6.3721889720993365,8.224512297078217,0,0,0,48,69,2.4849066497880004,2.210665138917049,2083.7125291191765,2,695702.4079286128,2395.36789017341,50.43063583815029,2073983.704042085,1.9200477427187186,346,9715829.67552284,49.47430270035138
19.5008197,-99.0882544,nueva atzacoalco ii,Departamento,1600000,59.0,2.0,1.0,27118.64406779661,0.829803447501769,0.4256614816687217,0.7287679560435072,5,0.6032608695652174,0.0,7.796225577528104,8.19379931594797,0,0,0,38,35,0.6931471805599453,2.311949117448342,3140.3767083767016,0,358354.1695879365,1992.9966349206352,43.06349206349206,91484.69378764808,1.2676954167278836,315,1862439.2131490568,16.402450821816046
19.4846368,-99.1080907,15 de agosto,Departamento,1600000,48.0,1.0,1.0,33333.333333333336,0.829803447501769,0.4904750873641068,0.7449713574673534,1,0.3695652173913043,0.0,5.296699247425975,7.554358786818039,2,0,4,52,14,2.302585092994046,2.277637502163356,1085.0101555777612,0,386049.18732314045,2632.07,38.84710743801653,429569.0798078257,1.6840187194729868,484,1663687.744331377,3.9804840207110685
19.4998377,-99.0906027,del obrero,Casa,5500000,250.0,5.0,5.0,22000.0,0.829803447501769,0.3713906547514073,0.7152002493141786,4,0.6141304347826086,0.0,7.689033150768894,8.119156812426404,0,0,0,36,35,1.0986122886681098,2.3094507194224083,2880.615352204279,0,348150.3674236659,2096.92078886311,41.269141531322504,116532.96679850745,1.2229429218899375,431,5956302.818781127,8.296414886929586
19.5057393,-99.1480141,lindavista ii,Departamento,3500000,90.0,3.0,1.0,38888.88888888889,0.829803447501769,0.5075717690418858,0.7492455278867982,1,0.22826086956521738,0.0,6.353974952771635,7.396358427998668,0,0,0,9,37,2.3978952727983707,2.304285023335875,3045.9997173181214,1,7426225.352117143,4572.929999999999,37.371428571428574,4686886.571831015,0.8936733668367779,35,3395266.9354423597,-2.9923732730754384
19.4788701,-99.1211501,tepeyac insurgentes,Departamento,4600000,83.0,2.0,2.0,55421.68674698795,0.829803447501769,0.6260778379972269,0.7788720451256335,2,0.7010869565217391,0.0,6.068315938351784,7.516789494712443,1,0,2,66,29,2.70805020110221,2.2587069563209194,1246.0644271644558,2,420413.91527309944,4108.151739766081,43.25,533543.8673039175,2.825432530551104,684,4214752.765241552,-8.374939886053214
19.4616807,-99.061347,san juan de aragon 4a  y 5a seccion (u hab) ii,Casa,9500000,560.0,0.0,3.0,16964.285714285714,0.829803447501769,0.3843622795900837,0.7184431555238477,2,0.5815217391304348,0.0,1.5748991829408199,8.909929053218864,1,0,0,22,56,1.0986122886681098,2.3037840407464856,3548.5397513164794,0,11756664.930666665,2804.3250000000003,37.0,27782352.66386494,0.8988389698129075,6,13022431.174958106,37.078222894295855
19.4529212,-99.0973491,cerro prieto,Edificio,7300000,274.0,0.0,5.0,26642.33576642336,0.829803447501769,0.4643585566399332,0.73844222478631,3,0.5,0.0,5.397176291536473,8.591144175344953,1,0,2,50,38,1.9459101490553132,2.2392094531077524,675.0204375698703,0,290115.30559248367,2150.42,46.97712418300654,306712.266829408,1.7032157032432353,612,7223887.529676781,-1.0426365797701227
19.4529212,-99.0973491,cerro prieto,Edificio,7300000,274.0,0.0,5.0,26642.33576642336,0.829803447501769,0.4643585566399332,0.73844222478631,3,0.5,0.0,5.397176291536473,8.591144175344953,1,0,2,50,38,1.9459101490553132,2.2392094531077524,675.0204375698703,0,290115.30559248367,2150.42,46.97712418300654,306712.266829408,1.7032157032432353,612,7223887.529676781,-1.0426365797701227
19.4529212,-99.0973491,cerro prieto,Edificio,7300000,274.0,0.0,5.0,26642.33576642336,0.829803447501769,0.4643585566399332,0.73844222478631,3,0.5,0.0,5.397176291536473,8.591144175344953,1,0,2,50,38,1.9459101490553132,2.2392094531077524,675.0204375698703,0,290115.30559248367,2150.42,46.97712418300654,306712.266829408,1.7032157032432353,612,7223887.529676781,-1.0426365797701227
19.4744209,-99.0961758,dm nacional,Casa,6000000,274.0,4.0,2.0,21897.810218978102,0.829803447501769,0.44515582825689337,0.7336415426905502,1,0.5706521739130435,0.0,7.125469803971415,8.186799079136765,0,0,1,28,34,1.791759469228055,2.272827498043231,1452.2363803226708,0,113138.8983652045,2422.9536277415527,21.21932424422051,1357177.9905834426,2.232322907270893,1687,6507304.458060777,8.455074301012946
19.4998868,-99.1156771,santa isabel tola (pblo),Local Comercial,18000000,330.0,0.0,0.0,54545.454545454544,0.829803447501769,0.6015956081151532,0.7727514876551151,2,0.2826086956521739,0.0,6.469754734760164,6.743775421445508,0,0,0,26,30,1.6094379124341003,2.2970810839089104,455.1348160030433,1,711775.0495772093,2451.7900000000004,41.06511627906977,712755.9642506089,0.9489483646157841,215,11885216.62729045,-33.97101873727528
19.4987054,-99.0854671,nueva atzacoalco ii,Departamento,1600000,57.0,2.0,2.0,28070.175438596492,0.829803447501769,0.4579423641261388,0.7368381766578614,5,0.5543478260869565,0.0,7.822012747112097,8.263213167182446,0,0,0,37,26,0.6931471805599453,2.3115526399874975,3403.222326820044,0,380953.5063187066,1956.4000000000003,40.685912240184756,75599.76565794194,1.1611781600746425,433,2105638.3087269757,31.60239429543598
19.4807706,-99.1197036,tepeyac insurgentes,Casa,7900000,297.0,5.0,5.0,26599.3265993266,0.829803447501769,0.44478333786335916,0.7335484200921666,2,0.7010869565217391,0.0,5.1767856233504075,7.406507089914544,1,0,4,72,27,2.6390573296152584,2.2633719778515897,1201.988349358411,2,637749.1441297234,3612.0316129032253,51.42857142857143,1309371.1395074422,1.696016265389372,434,9164509.80713573,16.006453254882647
19.5006923,-99.094593,santiago atzacoalco (pblo),Departamento,2200000,53.0,2.0,2.0,41509.43396226415,0.829803447501769,0.5456943847393025,0.7587761818111525,3,0.6413043478260869,0.0,7.607694327424611,7.9934825559800045,0,0,0,38,43,1.0986122886681098,2.308009975786696,2483.2007428663364,0,219115.0973217707,2083.4723367198844,26.269956458635704,653304.9169852263,3.7010924967777057,689,1858298.6473039696,-15.531879668001384
19.4671109,-99.1314027,vallejo i,Departamento,2190000,52.0,2.0,1.0,42115.38461538462,0.829803447501769,0.5801885214544367,0.767399715989936,2,0.9782608695652174,0.0,6.131231822942467,8.095515568491216,1,0,0,39,68,2.70805020110221,2.224532635506279,1584.6415873655087,2,425852.58671894274,4133.54,39.50330396475771,1140319.8617387412,2.6662827345033477,908,1946877.1385823078,-11.101500521355806
19.4679344,-99.1422687,vallejo poniente,Departamento,1300000,54.0,2.0,1.0,24074.074074074073,0.829803447501769,0.46753340503929636,0.7392359368861509,3,0.9510869565217391,0.0,5.734103517829716,8.215837357273655,1,0,5,20,94,2.1972245773362196,2.2300466400151118,1342.6123986693096,2,369748.432183705,2833.336655231561,30.62092624356775,770584.3188189499,3.437552553539712,583,2159510.445634258,66.11618812571216
19.4721222,-99.1105347,tres estrellas,Departamento,2700000,72.0,2.0,1.0,37500.0,0.829803447501769,0.557947479230975,0.7618394554340705,2,0.41847826086956524,0.0,5.895397091643465,7.9585570751043715,1,0,0,35,24,2.1972245773362196,2.252667521083517,323.34585394319924,0,335904.33391605504,2150.4199999999996,47.32339449541284,181745.33479258977,1.7908002677250776,436,2367052.138609746,-12.331402273713111
19.4845996,-99.0770254,campestre aragon i,Casa,5985000,202.0,3.0,2.0,29628.712871287127,0.829803447501769,0.526155576140954,0.7538914796615652,5,0.21739130434782608,0.0,7.896015413070511,8.496389674126982,0,0,0,38,6,1.0986122886681098,2.3042514743758433,3440.2714473438155,0,429704.6877410959,2216.2552054794523,39.23972602739726,236409.024880352,1.0938131916464369,438,5160254.080311454,-13.780215867811965
19.4787304,-99.1024687,granjas modernas-san juan de aragon (ampl),Casa,8900000,351.0,4.0,4.0,25356.125356125358,0.829803447501769,0.434795240930765,0.731051395859018,2,0.45108695652173914,0.0,6.55547014242877,7.930892220248044,0,0,3,24,15,2.1972245773362196,2.272747353100543,891.6821110852053,0,1968715.9476899998,2434.0499999999993,33.88,6087742.023469276,0.7314562792416491,150,7435093.408660518,-16.45962462179193
19.4986096,-99.1264844,lindavista ii,Casa,11000000,276.0,4.0,2.0,39855.07246376811,0.829803447501769,0.5343624156978739,0.7559431895507953,1,0.592391304347826,0.0,6.706271179318607,6.338699414309083,0,0,0,60,53,2.5649493574615367,2.292633327400981,946.4417581986396,2,700094.2698723142,4003.389752066115,44.8099173553719,390130.69226269674,1.609238215937398,484,8392256.449902764,-23.706759546338514
19.5009334,-99.1287797,lindavista ii,Casa,10600000,298.0,4.0,2.0,35570.469798657716,0.829803447501769,0.49320335635038326,0.7456534247139226,1,0.47282608695652173,0.0,7.051044570223255,6.819967723952113,0,0,0,44,47,2.302585092994046,2.295843893959687,1261.0579356182795,1,561096.6867273453,4045.334810379241,43.582834331337324,328984.71997365315,2.046116599072235,501,9912391.9024042,-6.486868845243393
19.4823204,-99.1058514,granjas modernas-san juan de aragon (ampl),Departamento,2390000,60.0,2.0,2.0,39833.333333333336,0.829803447501769,0.5455937291030326,0.7587510179020849,2,0.44565217391304346,0.0,5.2184291941388405,7.72020461246865,2,0,2,48,14,2.302585092994046,2.2755591480326243,919.6200356428334,0,513113.77877414634,2432.2167317073163,29.346341463414635,1610834.469125843,3.132615668329337,205,1972420.7929288808,-17.471933350256034
19.4642965,-99.1250052,7 de noviembre,Departamento,2580001,54.0,2.0,1.0,47777.7962962963,0.829803447501769,0.5828577266062979,0.7680670172779013,3,0.8586956521739131,0.0,6.338219318088084,8.14891351404538,0,0,0,50,61,2.4849066497880004,2.2183433488437667,1970.4827599348214,2,883270.0878476683,4540.07554404145,51.479274611398964,5363858.864785426,2.8835972438385427,386,2068785.6455194314,-19.81454094322322
19.4524617,-99.095663,fernando casas aleman,Casa,4260000,302.0,6.0,5.0,14105.960264900663,0.829803447501769,0.31026021552445593,0.6999176395074408,2,0.43478260869565216,0.0,4.982801034916233,8.615352257892724,1,0,2,44,36,2.302585092994046,2.242267057105827,682.7794252012551,0,320545.97741925286,2211.0691666666667,47.32471264367816,350848.1332333483,1.7006795212197943,348,7667693.508340673,79.99280536010968
19.471378,-99.1376357,guadalupe victoria ii,Departamento,2604000,66.0,2.0,1.0,39454.545454545456,0.829803447501769,0.5650636337404045,0.7636184940614279,3,0.7989130434782609,0.0,5.411210642946474,8.043906123331027,2,0,2,22,70,2.1972245773362196,2.2375494730572174,926.4053216943706,2,479969.1789871658,3349.990160427807,27.855614973262032,1237836.2653530203,3.0142036880239775,187,1768379.9541321252,-32.0898635125912
19.4933278,-99.1413426,san bartolo atepehuacan (pblo),Casa,5200000,103.0,3.0,1.0,50485.436893203885,0.829803447501769,0.618887577500667,0.7770744800014935,1,0.4891304347826087,0.0,6.3392306434454175,7.609460650519145,0,0,1,35,31,2.4849066497880004,2.2845206026886635,1535.1899940823173,1,837254.9226578033,3470.873179190751,40.445086705202314,1200100.0698275291,2.053923648762351,346,3548485.6491786055,-31.759891361949894
19.5167815,-99.162361,progreso nacional (ampl),Departamento,1663500,60.0,2.0,1.0,27725.0,0.829803447501769,0.5269418275182702,0.7540880425058943,4,0.18478260869565216,0.0,7.720875440616972,7.843064158979215,0,0,0,24,14,1.3862943611198906,2.321479063793836,4801.358168443002,1,387044.1588086466,2376.83,40.03383458646616,301259.52962332306,1.4138755986069063,266,1739835.3093488468,4.588837351899416
19.4691429,-99.1214847,guadalupe tepeyac,Departamento,2690000,78.0,2.0,1.0,34487.179487179485,0.829803447501769,0.4963081722713978,0.7464296286941763,2,0.7554347826086957,0.0,7.018223644169555,7.976750571503779,0,0,0,48,47,2.1972245773362196,2.2353070401484056,1368.5149449119501,2,328327.5870804034,3074.6982997118157,48.194524495677236,333949.4568967727,2.1749865853023613,694,2863033.2002189364,6.432460974681652
19.4709394,-99.0736351,san juan de aragon 7 secc (u hab) ii,Casa,6800000,257.0,5.0,2.0,26459.143968871595,0.829803447501769,0.49778164902738137,0.7467979978831721,1,0.483695652173913,0.0,7.309021214186628,8.662057561875598,0,0,0,28,36,1.791759469228055,2.2955777746392143,2625.3371406341034,0,360198.2245738758,2819.599999999999,41.41970021413276,109075.24984214516,1.1071851883189125,467,6106969.056399045,-10.191631523543462
19.4681539,-99.1372374,vallejo i,Departamento,1350000,44.0,2.0,1.0,30681.81818181818,0.829803447501769,0.505578413350995,0.7487471889640755,2,0.9184782608695652,0.0,5.218813331706849,8.133109319916093,2,0,3,29,83,2.5649493574615367,2.2282358811953786,1285.5980604755514,2,571684.8333245192,4351.852836538462,39.21634615384615,1204696.1045036532,2.8330051255846675,416,1833041.4472684418,35.7808479458105
19.5008197,-99.0882544,nueva atzacoalco ii,Departamento,2080000,65.0,2.0,2.0,32000.0,0.829803447501769,0.46653506695593344,0.7389863523653102,5,0.6032608695652174,0.0,7.796225577528104,8.19379931594797,0,0,0,38,35,0.6931471805599453,2.311949117448342,3140.3767083767016,0,358354.1695879365,1992.9966349206352,43.06349206349206,91484.69378764808,1.2676954167278836,315,2089223.1895008287,0.4434225721552279
19.493953,-99.1217684,lindavista ii,Casa,12900000,300.0,4.0,4.0,43000.0,0.829803447501769,0.5634631579260957,0.7632183751078507,1,0.6413043478260869,0.0,5.646171074003066,5.158080812170183,1,1,0,78,43,2.70805020110221,2.286310560837009,490.7700703600234,2,990992.7289301434,4244.644306220095,39.97607655502392,1599348.2009344895,2.2513407557101766,209,14340749.13474196,11.168597943736124
19.4848583,-99.1178571,villa gustavo a madero,Departamento,1200000,52.0,2.0,1.0,23076.923076923078,0.829803447501769,0.42968080266489594,0.7297727862925507,1,0.6141304347826086,0.0,5.859848830133583,7.138978789465684,1,0,4,70,25,2.4849066497880004,2.2721379182126946,1266.0832268887389,2,5132160.024784445,3673.2838888888887,46.388888888888886,37405928.79310981,2.0730832362283604,90,1571761.3101042751,30.98010917535626
19.5248273,-99.1579753,guadalupe proletaria,Casa,3400000,200.0,4.0,4.0,17000.0,0.829803447501769,0.4127365546325972,0.7255367242844761,5,0.32608695652173914,0.0,7.947014880335242,7.509215617031485,0,0,0,33,31,1.6094379124341003,2.3284675990504358,5266.316350793006,1,488090.128751579,2192.9214035087716,38.35087719298246,773990.5082965421,1.3354210186952173,285,4665685.452347703,37.22604271610892
19.5577737,-99.1354215,cuautepec el alto (pblo),Casa,3150000,108.0,3.0,1.0,29166.666666666668,0.829803447501769,0.49658114218161337,0.7464978711717302,4,0.32065217391304346,0.0,8.776818715812631,4.904958468467093,0,1,0,45,18,0.6931471805599453,2.354828792058264,7049.087882283066,1,305183.9456808765,916.0964940239044,40.06374501992032,376743.77779697534,0.8291396676159638,251,2947650.055510931,-6.42380776155774
19.479013,-99.098516,granjas modernas-san juan de aragon (ampl),Departamento,1300000,59.0,2.0,1.0,22033.898305084746,0.829803447501769,0.41212700776647926,0.7253843375679466,2,0.532608695652174,0.0,6.811290461952347,8.03444581321301,0,0,3,28,21,2.0794415416798357,2.2770306053247973,1284.4081289075468,0,422692.7096065089,2629.7265680473374,38.366863905325445,1754052.6404593692,1.451277121927148,169,3180070.203173071,144.62078485946702
19.5228371,-99.1605541,santiago atepetlac,Casa,1950000,108.0,2.0,1.0,18055.555555555555,0.829803447501769,0.41177713842966157,0.7252968702337421,5,0.29347826086956524,0.0,7.910863183995,7.665380475897962,0,0,0,33,25,1.6094379124341003,2.32714625895081,5300.12069188958,1,432600.4238378788,2244.247777777778,38.686868686868685,366910.76423483284,1.3172407753178104,396,2927924.821252188,50.14999083344554
19.4691831,-99.0725397,san juan de aragon 7 secc (u hab) ii,Casa,2940000,193.0,3.0,3.0,15233.160621761657,0.829803447501769,0.36739704808589285,0.7142018476478,1,0.592391304347826,0.0,7.15032671752055,8.695055545357146,0,0,0,24,38,1.791759469228055,2.295436610707986,2632.1711851855353,0,350356.01941767766,2819.5999999999995,41.1317157712305,46710.74308211645,1.1339341966918233,577,5030382.647100816,71.1014505816604
19.4870554,-99.0860933,la esmeralda ii,Departamento,1350000,44.0,2.0,1.0,30681.81818181818,0.829803447501769,0.5277991799705499,0.7543023806189643,2,0.44021739130434784,0.0,7.566198889655958,8.270780786988764,0,0,0,39,17,1.791759469228055,2.2987075971030397,2841.457445899951,0,175481.4570634361,2745.5299999999993,31.513215859030836,229616.12648706432,1.5671783846618659,908,1461142.3678009997,8.232767985259235
19.4889617,-99.1171639,santa isabel tola (pblo),Departamento,1270000,60.0,2.0,1.0,21166.666666666668,0.829803447501769,0.43894793498171314,0.7320895693717551,2,0.5978260869565217,0.0,6.617722967364068,6.797533642851436,0,0,3,71,33,2.3978952727983707,2.2796746450448673,814.7508162754261,2,566415.6461217392,2934.74,40.5296442687747,1164940.9586257585,1.5228326136724684,253,2053496.4494973691,61.69263381869048
19.4758795,-99.118427,estrella,Casa,7250000,217.0,4.0,3.0,33410.13824884793,0.829803447501769,0.5091355620065274,0.7496364761279586,2,0.6684782608695652,0.0,6.47551131507098,7.697538919625954,0,0,1,55,30,2.3978952727983707,2.2538284623301696,889.731514714489,2,389557.95929388085,2935.977214170693,46.35909822866345,467436.4416289157,2.0649975226494974,621,6456150.998653621,-10.949641397881084
19.4864481,-99.1279697,lindavista i,Casa,9850000,333.0,5.0,3.0,29579.57957957958,0.829803447501769,0.43786121220969315,0.7318178886787501,2,0.592391304347826,0.0,5.701942471216619,7.058670002935887,2,0,7,69,35,2.6390573296152584,2.2718129444116433,1342.4112512194192,2,634424.2826378676,3973.0600000000004,33.744485294117645,722295.9768928412,1.8504194717884384,544,10578390.645352518,7.394828886827595
19.4646793,-99.1195328,guadalupe tepeyac,Casa,6000000,320.0,3.0,1.0,18750.0,0.829803447501769,0.33715690039858237,0.7066418107259724,2,0.7065217391304348,0.0,6.467074406141365,8.136586254772498,0,0,0,44,48,2.302585092994046,2.2246796388354926,1518.2800060815596,2,315634.9952306968,2752.1074764595105,30.455743879472692,881697.24697213,3.7082418855307946,531,11204577.97833381,86.74296630556351
19.5129933,-99.1522732,nueva industrial vallejo (fracc),Departamento,1800000,56.0,2.0,1.0,32142.85714285714,0.829803447501769,0.49611708335392823,0.7463818564648088,1,0.22282608695652173,0.0,7.245050642651753,7.572656549520161,0,0,0,17,28,2.3978952727983707,2.3143301928435305,3953.5762769742746,1,17858228.01825,4948.409999999999,36.8,8227567.696912364,0.6398703833346541,30,1854020.262850531,3.001125713918384
19.4769764,-99.0725639,san juan de aragon 7 secc (u hab) i,Casa,2000000,72.0,2.0,1.0,27777.777777777777,0.829803447501769,0.5180297731984108,0.7518600289259295,5,0.29891304347826086,0.0,7.569664947103864,8.630899528024305,0,0,0,39,20,1.6094379124341003,2.301797252422147,3111.1877263364636,0,235231.91178984614,2222.81,40.90769230769231,78890.70499634361,1.0792508948239654,325,2164823.4749230063,8.241173746150313
19.4740027,-99.1255167,industrial i,Departamento,1650000,62.0,2.0,2.0,26612.90322580645,0.829803447501769,0.4406563376963231,0.7325166700504075,2,0.7608695652173914,0.0,6.644777384264102,7.782418164597115,0,0,1,51,46,2.6390573296152584,2.2455090987023265,1510.861870399538,2,453252.75423211924,3405.02,49.11092715231788,247472.1759855274,1.7212311707064,604,2312324.673292895,40.140889290478476
19.4536334,-99.0561139,c t m aragon (u),Casa,2280000,67.0,3.0,1.0,34029.850746268654,0.829803447501769,0.5528158422633459,0.7605565461921633,1,0.358695652173913,0.0,6.954863068763153,9.02920746555614,0,0,0,22,48,0.0,2.306422153264917,4118.314169661226,0,175701.9509894737,2423.4399999999996,39.50598086124402,178432.55857958965,1.6278466174118655,836,1688184.954584997,-25.956800237500133
19.4889617,-99.1171639,santa isabel tola (pblo),Casa,5100000,159.0,4.0,2.0,32075.471698113208,0.829803447501769,0.5424552991540502,0.7579664104148394,2,0.5978260869565217,0.0,6.617722967364068,6.797533642851436,0,0,3,71,33,2.3978952727983707,2.2796746450448673,814.7508162754261,2,566415.6461217392,2934.74,40.5296442687747,1164940.9586257585,1.5228326136724684,253,4700773.871240661,-7.827963309006655
19.5059253,-99.1483008,lindavista ii,Departamento,2100000,72.0,3.0,1.0,29166.666666666668,0.829803447501769,0.4396744411988907,0.7322711959260495,1,0.22826086956521738,0.0,6.378896169524759,7.408267829052997,0,0,0,10,36,2.3978952727983707,2.3045985318834137,3075.3031857655947,1,9081897.154555265,4602.573157894736,37.78947368421053,8838571.959964527,0.8408036417727462,38,2551631.6539775846,21.506269237027837
19.5248604,-99.1586529,santiago atepetlac,Departamento,2800000,154.0,3.0,2.0,18181.81818181818,0.829803447501769,0.4325194183344259,0.7304824402099332,5,0.32608695652173914,0.0,7.956651001311637,7.546723610945224,0,0,0,33,31,1.6094379124341003,2.32866467874165,5325.568693957928,1,483312.243962963,2176.7177777777774,38.88215488215488,723160.2379973528,1.3473884967911705,297,3888406.360549832,38.87165573392258
19.4682318,-99.1188878,guadalupe tepeyac,Casa,17999999,504.0,8.0,9.0,35714.28373015873,0.829803447501769,0.4907796858026538,0.7450475070769902,2,0.7391304347826086,0.0,6.7196842026141095,8.017256883565116,0,0,0,53,43,2.0794415416798357,2.235125689803863,1196.2270896173545,2,316978.8707119874,2920.2900000000004,34.064668769716086,662668.3353389587,3.124473865447043,634,14697975.671796266,-18.344575064719358
19.5057393,-99.1480141,lindavista ii,Casa,9000000,500.0,3.0,3.0,18000.0,0.829803447501769,0.32299377274858904,0.703101028813474,1,0.22826086956521738,0.0,6.353974952771635,7.396358427998668,0,0,0,9,37,2.3978952727983707,2.304285023335875,3045.9997173181214,1,7426225.352117143,4572.929999999999,37.371428571428574,4686886.571831015,0.8936733668367779,35,15166363.379214887,68.51514865794319
19.5208063,-99.1437298,acueducto de guadalupe (rdcial),Casa,6199998,245.0,3.0,3.0,25306.114285714284,0.829803447501769,0.4803312066009434,0.7424353872765627,5,0.40217391304347827,0.0,7.741155441850899,6.669739217039883,0,0,2,39,37,1.791759469228055,2.3216576108757114,3841.3219198351644,1,491267.3712070094,3345.5637383177564,39.271028037383175,196583.5703945667,1.467011805573685,428,6318493.78275871,1.9112229190833607
19.5057393,-99.1480141,lindavista ii,Casa,25000000,581.0,3.0,3.0,43029.259896729774,0.829803447501769,0.5328180404462014,0.7555570957378771,1,0.22826086956521738,0.0,6.353974952771635,7.396358427998668,0,0,0,9,37,2.3978952727983707,2.304285023335875,3045.9997173181214,1,7426225.352117143,4572.929999999999,37.371428571428574,4686886.571831015,0.8936733668367779,35,17243274.59821019,-31.02690160715924
19.5129933,-99.1522732,nueva industrial vallejo (fracc),Departamento,1750000,50.0,2.0,1.0,35000.0,0.829803447501769,0.5173994289311392,0.7517024428591116,1,0.22282608695652173,0.0,7.245050642651753,7.572656549520161,0,0,0,17,28,2.3978952727983707,2.3143301928435305,3953.5762769742746,1,17858228.01825,4948.409999999999,36.8,8227567.696912364,0.6398703833346541,30,1720743.8026697629,-1.6717827045849791
19.481292,-99.142124,panamericana,Casa,4600000,231.0,3.0,4.0,19913.41991341991,0.829803447501769,0.3896583105409005,0.7197671632615519,2,0.6793478260869565,0.0,5.674561658110983,7.866446561711286,1,0,3,26,47,2.4849066497880004,2.2624908616801744,409.63704574365966,2,561948.2555821561,3472.906208178439,44.28252788104089,481925.8607337029,1.8671817709631866,269,6476590.591784558,40.7954476474904
19.5107745,-99.1436624,torres lindavista (fracc),Casa,9490000,300.0,4.0,3.0,31633.333333333332,0.829803447501769,0.4556069237866115,0.7362543165729797,1,0.375,0.0,7.139269676368792,6.9470372670943625,0,0,2,17,54,1.9459101490553132,2.309903891480235,3151.1346100979376,1,1115919.7893090362,4807.949969879519,32.8644578313253,2067971.3817944345,1.601278329636411,332,9699390.945497213,2.20643778184629
19.5577737,-99.1354215,cuautepec el alto (pblo),Casa,3950000,160.0,4.0,2.0,24687.5,0.829803447501769,0.455020648774588,0.7361077478199738,4,0.32065217391304346,0.0,8.776818715812631,4.904958468467093,0,1,0,45,18,0.6931471805599453,2.354828792058264,7049.087882283066,1,305183.9456808765,916.0964940239044,40.06374501992032,376743.77779697534,0.8291396676159638,251,3914733.380500079,-0.892825810124579
19.4873951,-99.0910802,el coyol (u hab),Departamento,1690000,55.0,2.0,1.0,30727.272727272728,0.829803447501769,0.5376081146490282,0.7567546142885838,2,0.5597826086956522,0.0,7.25815848727462,8.129138020921287,0,0,0,41,18,1.9459101490553132,2.2948849914150196,2413.184936670238,0,565101.7136358423,2745.5299999999997,42.946236559139784,3069495.786411555,1.0575155846008084,279,1831670.1215965427,8.382847431748086
19.4876185,-99.0863827,la esmeralda i,Casa,2500000,120.0,2.0,3.0,20833.333333333332,0.829803447501769,0.4327404063065808,0.730537687202972,3,0.44565217391304346,0.0,7.5548141851949175,8.25947315279233,0,0,0,39,15,1.791759469228055,2.29908221957667,2844.733675866541,0,150637.54409098753,2745.5299999999993,35.29626078619367,210451.5374595327,1.8460334417681126,1043,3531379.123212467,41.25516492849868
19.4682318,-99.1188878,guadalupe tepeyac,Casa,17999996,504.0,8.0,9.0,35714.27777777778,0.829803447501769,0.4907796441501505,0.7450474966638644,2,0.7391304347826086,0.0,6.7196842026141095,8.017256883565116,0,0,0,53,43,2.0794415416798357,2.235125689803863,1196.2270896173545,2,316978.8707119874,2920.2900000000004,34.064668769716086,662668.3353389587,3.124473865447043,634,14697975.671796266,-18.344561455478843
19.4558726,-99.053896,c t m aragon ampliacion (u),Casa,3200000,180.0,7.0,5.0,17777.777777777777,0.829803447501769,0.3887869654369243,0.7195493269855578,1,0.32065217391304346,0.0,6.923025738934102,9.036721027398846,0,0,0,16,47,0.0,2.3098339668531738,4324.784303585613,0,162559.993999182,2423.4400000000005,39.13087934560327,97109.88988263042,1.6480323352975077,489,4659063.046571786,45.5957202053683
19.5208063,-99.1437298,acueducto de guadalupe (rdcial),Casa,6199994,245.0,3.0,3.0,25306.097959183673,0.829803447501769,0.480331045560107,0.7424353470163535,5,0.40217391304347827,0.0,7.741155441850899,6.669739217039883,0,0,2,39,37,1.791759469228055,2.3216576108757114,3841.3219198351644,1,491267.3712070094,3345.5637383177564,39.271028037383175,196583.5703945667,1.467011805573685,428,6385218.080707499,2.987488063819075
19.4878322,-99.1433216,valle del tepeyac,Casa,5000000,178.0,3.0,2.0,28089.887640449437,0.829803447501769,0.48599673683215033,0.7438517698343644,2,0.592391304347826,0.0,5.404615790602704,7.769081878886493,1,0,1,36,33,2.302585092994046,2.2755217140983395,1027.2602792123098,2,460872.16515589127,3556.7174320241693,46.30815709969789,334291.2186544501,1.8346974649978949,331,5615217.583072281,12.304351661445628
19.5085363,-99.1444212,torres lindavista (fracc),Casa,17650000,331.0,4.0,4.0,53323.26283987916,0.829803447501769,0.5841489786230973,0.7683898302821011,1,0.32065217391304346,0.0,6.912763096197191,7.062796351646644,0,0,2,13,48,1.9459101490553132,2.3071890085295315,3104.225503018594,1,1252653.190250413,4808.068636363638,32.13223140495868,4745558.523686549,1.4222436645432173,242,11316912.697217608,-35.88151446335633
19.4682318,-99.1188878,guadalupe tepeyac,Casa,17999994,504.0,8.0,9.0,35714.27380952381,0.829803447501769,0.49077961638181117,0.7450474897217796,2,0.7391304347826086,0.0,6.7196842026141095,8.017256883565116,0,0,0,53,43,2.0794415416798357,2.235125689803863,1196.2270896173545,2,316978.8707119874,2920.2900000000004,34.064668769716086,662668.3353389587,3.124473865447043,634,14697975.671796266,-18.34455238264932
19.4668194,-99.1210265,guadalupe tepeyac,Casa,5400000,263.0,8.0,5.0,20532.31939163498,0.829803447501769,0.354359231271369,0.710942393444169,2,0.7934782608695652,0.0,6.796866597408775,8.061821602172362,0,0,0,54,48,2.1972245773362196,2.229301233503283,1469.220028701289,2,323570.1421422562,2920.290000000001,48.751434034416825,348968.254538454,2.2919622331149916,523,8150085.51638862,50.92750956275223
19.4516205,-99.0620289,san juan de aragon 4a  y 5a seccion (u hab) i,Casa,4500000,100.0,3.0,2.0,45000.0,0.829803447501769,0.6251828488715988,0.7786482978442265,2,0.5217391304347826,0.0,6.953568398901294,8.98317215917656,0,0,0,27,73,0.0,2.298282641586543,3545.793729845828,0,290954.79870843375,2841.214922547332,38.506024096385545,60236.08970209767,1.2670836616610284,581,3262517.443479042,-27.499612367132396
19.5208063,-99.1437298,acueducto de guadalupe (rdcial),Casa,6199995,245.0,3.0,3.0,25306.102040816328,0.829803447501769,0.48033108582032547,0.7424353570814082,5,0.40217391304347827,0.0,7.741155441850899,6.669739217039883,0,0,2,39,37,1.791759469228055,2.3216576108757114,3841.3219198351644,1,491267.3712070094,3345.5637383177564,39.271028037383175,196583.5703945667,1.467011805573685,428,6589501.715305021,6.282371442316019
19.5040707,-99.0943649,gabriel hernandez (ampl) i,Casa,15000000,371.0,7.0,3.0,40431.266846361184,0.829803447501769,0.5403558050315712,0.7574415368842196,4,0.7010869565217391,0.0,7.7636989766093984,8.032589530029941,0,0,0,34,66,1.0986122886681098,2.311899767633715,2605.0801377260973,2,145405.01892378755,1772.0864203233257,33.78290993071594,433883.19544553716,3.60849926752127,866,9145375.712352825,-39.0308285843145
19.4682318,-99.1188878,guadalupe tepeyac,Casa,17999994,504.0,8.0,9.0,35714.27380952381,0.829803447501769,0.49077961638181117,0.7450474897217796,2,0.7391304347826086,0.0,6.7196842026141095,8.017256883565116,0,0,0,53,43,2.0794415416798357,2.235125689803863,1196.2270896173545,2,316978.8707119874,2920.2900000000004,34.064668769716086,662668.3353389587,3.124473865447043,634,15168866.388316667,-15.728491974404731
19.4889617,-99.1171639,santa isabel tola (pblo),Departamento,1800000,68.0,3.0,1.0,26470.58823529412,0.829803447501769,0.4945436465227023,0.7459884972570023,2,0.5978260869565217,0.0,6.617722967364068,6.797533642851436,0,0,3,71,33,2.3978952727983707,2.2796746450448673,814.7508162754261,2,566415.6461217392,2934.74,40.5296442687747,1164940.9586257585,1.5228326136724684,253,2287383.0221104696,27.07683456169276
19.4682318,-99.1188878,guadalupe tepeyac,Casa,17999997,504.0,8.0,9.0,35714.27976190476,0.829803447501769,0.49077965803431906,0.7450475001349065,2,0.7391304347826086,0.0,6.7196842026141095,8.017256883565116,0,0,0,53,43,2.0794415416798357,2.235125689803863,1196.2270896173545,2,316978.8707119874,2920.2900000000004,34.064668769716086,662668.3353389587,3.124473865447043,634,15168866.388316667,-15.728506019658411
19.5514649,-99.1392712,valle de madero,Casa,9405000,459.0,5.0,3.0,20490.196078431374,0.829803447501769,0.419424852981568,0.7272087988717187,4,0.22826086956521738,0.0,8.651123032724097,6.798615071063883,0,0,0,32,14,1.0986122886681098,2.350007043468235,6506.6338722481705,1,205579.48840507615,939.839543147208,38.32233502538071,480401.5320269959,0.8844642899385174,394,9745110.931998173,3.6162778521868453
19.4933278,-99.1413426,san bartolo atepehuacan (pblo),Departamento,3200000,108.0,3.0,2.0,29629.62962962963,0.829803447501769,0.48798210966992506,0.7443481130438081,1,0.4891304347826087,0.0,6.3392306434454175,7.609460650519145,0,0,1,35,31,2.4849066497880004,2.2845206026886635,1535.1899940823173,1,837254.9226578033,3470.873179190751,40.445086705202314,1200100.0698275291,2.053923648762351,346,3713126.032665194,16.035188520787315
19.4856846,-99.0853431,la esmeralda iii,Departamento,1480000,60.0,2.0,1.0,24666.666666666668,0.829803447501769,0.473871489167368,0.7408204579181688,2,0.358695652173913,0.0,7.600355464362701,8.299678767573376,0,0,0,39,15,1.791759469228055,2.297857497003545,2844.9071942494493,0,131571.88601380753,2745.5299999999997,54.72050209205021,220989.06895048704,3.138100678183555,1195,1972824.464638326,33.29895031340041
19.5015185,-99.0734791,san felipe de jesus iii,Casa,2980000,120.0,2.0,1.0,24833.333333333332,0.829803447501769,0.45749238792945507,0.7367256826086905,5,0.1793478260869565,0.0,8.022088970704772,8.549379607993883,0,0,0,23,14,0.0,2.322141869975723,4686.409255576326,0,408018.1082155251,2149.0400000000004,34.28310502283105,98507.97044526848,1.0348840087847475,219,3362736.832023801,12.843517853147679
19.4682311,-99.133367,vallejo i,Casa,4200000,190.0,2.0,1.0,22105.263157894737,0.829803447501769,0.4114221436849514,0.7252081215475646,2,0.8913043478260869,0.0,5.90711653688192,8.080229913249369,1,0,0,31,71,2.70805020110221,2.2278492623213424,1382.8135639788263,2,439716.24168424815,4172.369105011934,38.62529832935561,721617.7303414005,2.4522093706748613,838,4645571.343938992,10.608841522356961
19.5015185,-99.0734791,san felipe de jesus iii,Casa,4050000,200.0,2.0,1.0,20250.0,0.829803447501769,0.4074604102365008,0.724217688185452,5,0.1793478260869565,0.0,8.022088970704772,8.549379607993883,0,0,0,23,14,0.0,2.322141869975723,4686.409255576326,0,408018.1082155251,2149.0400000000004,34.28310502283105,98507.97044526848,1.0348840087847475,219,3894113.756427265,-3.8490430511786475
19.5006923,-99.094593,santiago atzacoalco (pblo),Departamento,2890000,68.0,2.0,2.0,42500.0,0.829803447501769,0.5515344167406689,0.760236189811494,3,0.6413043478260869,0.0,7.607694327424611,7.9934825559800045,0,0,0,38,43,1.0986122886681098,2.308009975786696,2483.2007428663364,0,219115.0973217707,2083.4723367198844,26.269956458635704,653304.9169852263,3.7010924967777057,689,2506246.7323932536,-13.278659778780153
19.4757601,-99.0812654,casas aleman (ampl) i,Casa,4000000,244.0,5.0,3.0,16393.44262295082,0.829803447501769,0.3655191784331693,0.7137323802346192,2,0.2717391304347826,0.0,7.7514771348160485,8.481126542782459,0,0,0,42,12,1.3862943611198906,2.2913744591807426,2383.992041952185,0,292856.06551690144,2163.5100000000007,45.42879499217528,81389.49827640227,1.330348701544141,639,5052029.636513452,26.3007409128363
19.4915013,-99.1308691,lindavista i,Departamento,4190000,84.0,2.0,2.0,49880.95238095238,0.829803447501769,0.5687584836265877,0.7645422065329737,2,0.532608695652174,0.0,6.362728558801043,6.912073005470728,0,0,4,72,26,2.4849066497880004,2.280658996815566,1470.6241194855427,2,1127271.4826297993,4014.3028653295123,43.66189111747851,1693446.5341466519,1.947044894866592,349,3415607.668818986,-18.481917211957374
19.5049574,-99.1536746,la patera-condomodulos (u hab),Departamento,1942500,50.0,2.0,1.0,38850.0,0.829803447501769,0.5241520044902312,0.7533905867488846,2,0.17391304347826086,0.0,6.503311877357102,7.702687280344473,0,0,0,9,27,2.302585092994046,2.304874615690023,3211.454703092182,1,506655.91662869067,4574.498857938719,46.55849582172702,8203357.54352557,3.4155619026826027,718,2012738.9990113953,3.6159072850139133
19.4880621,-99.1350725,lindavista i,Departamento,6499000,225.0,3.0,3.0,28884.444444444445,0.829803447501769,0.43997958981132734,0.7323474830791586,2,0.5434782608695652,0.0,1.8919185848989946,7.361551665676381,1,0,5,40,37,2.302585092994046,2.2744715900765278,996.6014183676193,2,1275039.0584720848,4154.035194346289,51.96466431095406,10712346.257345388,2.012127367834028,283,7922597.2198489085,21.904865669316948
19.497574,-99.0757547,san felipe de jesus iii,Casa,2900000,200.0,3.0,1.0,14500.0,0.829803447501769,0.3277904359364741,0.7043001946104454,5,0.2608695652173913,0.0,8.039923911376956,8.494245430058243,0,0,0,35,17,0.0,2.317154623737162,4376.564232125871,0,413139.30630537635,2149.0400000000004,33.456989247311824,296305.2719435807,1.1644105868177792,372,5031283.33038048,73.49252863380966
19.4921656,-99.1321048,lindavista i,Casa,10300000,240.0,4.0,3.0,42916.666666666664,0.829803447501769,0.5369944178476626,0.7566011900882424,2,0.4891304347826087,0.0,6.304273220645599,6.999434703897281,0,0,4,67,23,2.4849066497880004,2.2817481970934277,1538.5870638205665,2,867114.4301772357,4729.048699186992,40.41260162601626,2156792.385153699,1.9992928802869765,492,8037707.268277911,-21.964007104097956
19.5339758,-99.1471334,aidee solis cardenas-matias romero (u hab),Casa,8650000,247.0,3.0,4.0,35020.24291497975,0.829803447501769,0.5709950367376733,0.7651013448107451,2,0.25,0.0,8.213891524186703,6.784106112541292,0,0,2,24,24,1.791759469228055,2.335415664584349,5181.971212105124,1,84095.58215184405,1343.6636143308747,33.072708113804005,726862.0809761856,1.6966997117930787,949,5892897.759732978,-31.874014338347067
19.468822,-99.0596211,villa de aragon (fracc),Casa,5500000,289.0,4.0,2.0,19031.14186851211,0.829803447501769,0.42157459920058227,0.7277462354264723,2,0.29891304347826086,0.0,6.540556653123604,8.882435275559793,0,0,0,17,36,1.6094379124341003,2.309692910294359,3881.6472379361594,0,358774.0596839378,2599.6500000000005,35.020725388601036,106206.18119324591,1.3773880687592546,386,6318299.034093315,14.878164256242087
19.5129933,-99.1522732,nueva industrial vallejo (fracc),Casa,8250000,284.0,5.0,4.0,29049.295774647886,0.829803447501769,0.47085109197042224,0.7400653586189323,1,0.22282608695652173,0.0,7.245050642651753,7.572656549520161,0,0,0,17,28,2.3978952727983707,2.3143301928435305,3953.5762769742746,1,17858228.01825,4948.409999999999,36.8,8227567.696912364,0.6398703833346541,30,7041784.839691419,-14.645032246164616
19.4746604,-99.1322337,guadalupe insurgentes,Departamento,2350000,50.0,2.0,1.0,47000.0,0.829803447501769,0.6033691230245746,0.7731948663824704,2,0.657608695652174,0.0,5.642199379607365,7.835104872784374,1,0,1,28,56,2.4849066497880004,2.245587440389521,870.2644891737912,2,455947.10691651655,3405.0199999999995,47.21621621621622,387949.11959519197,2.0430966903397763,333,1660752.2624110992,-29.329690961229822
19.5261919,-99.1553286,acueducto de guadalupe (rdcial),Casa,5200000,268.0,4.0,3.0,19402.985074626864,0.829803447501769,0.4546788407812968,0.736022295821651,5,0.29891304347826086,0.0,7.9711939457316365,7.333642598747993,0,0,0,33,26,1.3862943611198906,2.329224611413965,5142.558858123221,1,377361.40371139895,3474.1152849740934,40.07772020725388,227737.97160443495,2.1378024502332207,386,5039841.8153284285,-3.0799650898379127
19.4634243,-99.1124864,tablas de san agustin,Departamento,1958905,45.0,2.0,1.0,43531.22222222222,0.829803447501769,0.5731983867000777,0.7656521823013462,3,0.5978260869565217,0.0,4.975773660110356,8.213259411679102,1,0,0,37,38,1.9459101490553132,2.2305999968152106,1307.2044938237088,2,270504.6837736211,2150.4199999999996,47.74820143884892,203662.3644896149,2.2802110859138462,417,1632461.2747189205,-16.664602177291883
19.506314,-99.1445042,lindavista ii,Departamento,4800000,92.0,2.0,2.0,52173.913043478264,0.829803447501769,0.5875711861295304,0.7692453821587094,1,0.31521739130434784,0.0,6.679769486264925,7.1472128030593325,0,0,0,12,50,2.302585092994046,2.304302364966303,3009.414085044649,1,1647816.5544275134,4678.422328042329,29.423280423280424,6202669.436354064,0.3818613076549083,189,3697361.8118443317,-22.971628919909755
19.4513954,-99.0780863,san juan de aragon 3a seccion (u hab) i,Casa,5200000,152.0,2.0,2.0,34210.52631578947,0.829803447501769,0.512734819026081,0.750536290382847,2,0.5271739130434783,0.0,4.932431756045031,8.81398914247543,1,0,0,14,50,0.0,2.274596848401032,1946.0580618650229,0,513097.332579,2905.109999999999,44.85,79216.68250224538,0.8721794063385755,100,4544997.44657012,-12.59620295057462
19.5057393,-99.1480141,lindavista ii,Casa,8900000,330.0,3.0,3.0,26969.696969696968,0.829803447501769,0.41685309062184206,0.7265658582817873,1,0.22826086956521738,0.0,6.353974952771635,7.396358427998668,0,0,0,9,37,2.3978952727983707,2.304285023335875,3045.9997173181214,1,7426225.352117143,4572.929999999999,37.371428571428574,4686886.571831015,0.8936733668367779,35,10631904.44736251,19.45960053216304
19.4807706,-99.1197036,tepeyac insurgentes,Casa,6000000,210.0,4.0,2.0,28571.428571428572,0.829803447501769,0.4625080503428718,0.7379795982120447,2,0.7010869565217391,0.0,5.1767856233504075,7.406507089914544,1,0,4,72,27,2.6390573296152584,2.2633719778515897,1201.988349358411,2,637749.1441297234,3612.0316129032253,51.42857142857143,1309371.1395074422,1.696016265389372,434,6099739.93593106,1.6623322655176747
19.4744209,-99.0961758,dm nacional,Casa,5790000,166.0,3.0,2.0,34879.51807228916,0.829803447501769,0.5610070785335249,0.762604355259708,1,0.5706521739130435,0.0,7.125469803971415,8.186799079136765,0,0,1,28,34,1.791759469228055,2.272827498043231,1452.2363803226708,0,113138.8983652045,2422.9536277415527,21.21932424422051,1357177.9905834426,2.232322907270893,1687,4107868.9636175325,-29.052349505742097
19.507229,-99.1549939,nueva industrial vallejo (fracc),Departamento,2200000,51.0,2.0,1.0,43137.25490196078,0.829803447501769,0.5717355251136775,0.7652864669047461,1,0.18478260869565216,0.0,6.852899863525963,7.731046547645072,0,0,0,10,28,2.1972245773362196,2.308170549211722,3498.3970332836407,1,253202.841119968,4572.93,24.6369460758142,4783671.472302328,3.446219956052782,1873,1537216.336781454,-30.126530146297544
19.4726553,-99.0872594,el olivo,Casa,5298000,241.0,5.0,2.0,21983.402489626555,0.829803447501769,0.4460560252384831,0.7338665919359475,1,0.3532608695652174,0.0,7.690341593045449,8.402060179541309,0,0,0,39,30,1.3862943611198906,2.281086353692094,1754.668973948437,0,186152.1169053521,2291.937746478873,45.105633802816904,452507.8480138538,2.6716001612588496,710,5846496.48951473,10.352897121833331
19.4772684,-99.0823275,casas aleman (ampl) i,Casa,3580000,192.0,5.0,2.0,18645.833333333332,0.829803447501769,0.4019253302341754,0.7228339181848706,2,0.2826086956521739,0.0,7.811571880753404,8.444424352884555,0,0,0,43,13,1.3862943611198906,2.291775904920269,2456.8559452276813,0,269769.3546827768,2163.51,45.478031634446396,106057.12536404475,1.5062128192815012,569,4904904.568460022,37.0085074988833
19.4524145,-99.0649245,san juan de aragon 4a  y 5a seccion (u hab) i,Casa,5100000,160.0,3.0,1.0,31875.0,0.829803447501769,0.535622536988263,0.7562582198733925,2,0.5869565217391305,0.0,6.657686114203409,8.945610538687315,0,0,0,31,70,0.0,2.2947626871810893,3230.082120341377,0,372346.1927145228,2807.689917012447,38.481327800829874,69823.53095583375,1.144668181225771,482,4249069.236187028,-16.684916937509257
19.4697938,-99.0707373,san juan de aragon 6a seccion (u hab) i,Casa,4444000,217.0,6.0,2.0,20479.26267281106,0.829803447501769,0.43912498466348043,0.7321338317921969,1,0.5869565217391305,0.0,7.173525614654723,8.71727847811012,0,0,0,29,41,1.791759469228055,2.2980162482122437,2831.747672607441,0,373954.43013708264,2819.599999999999,40.19156414762742,66232.73333733273,1.1327348263483306,569,5473105.919883314,23.15719891726628
19.4816342,-99.1427801,panamericana,Casa,5500000,330.0,4.0,4.0,16666.666666666668,0.829803447501769,0.3477375452792033,0.7092869719461277,2,0.6793478260869565,0.0,5.891900133435762,7.8791236082433675,1,0,3,27,47,2.302585092994046,2.2634270892470436,488.1039669389437,2,513293.0769605678,3321.8831861198746,44.77917981072555,416280.9959652982,1.8608288613937598,317,8712588.425775545,58.410698650464454
19.5268202,-99.1564514,acueducto de guadalupe (rdcial),Casa,6500000,366.0,7.0,6.0,17759.562841530056,0.829803447501769,0.4332089640694449,0.730654826643688,5,0.29891304347826086,0.0,8.003662880483743,7.405124204432222,0,0,0,32,27,1.3862943611198906,2.3300835289905995,5277.525562821346,1,373935.2766324074,3434.0424537037034,39.567129629629626,312412.398463317,2.138067087812914,432,7730395.4837860605,18.929161289016317
19.4744209,-99.0961758,dm nacional,Departamento,1800000,57.0,2.0,1.0,31578.947368421053,0.829803447501769,0.5363957944857479,0.7564515342477638,1,0.5706521739130435,0.0,7.125469803971415,8.186799079136765,0,0,1,28,34,1.791759469228055,2.272827498043231,1452.2363803226708,0,113138.8983652045,2422.9536277415527,21.21932424422051,1357177.9905834426,2.232322907270893,1687,1892427.711094516,5.1348728385842275
19.5057393,-99.1480141,lindavista ii,Casa,20000000,425.0,3.0,3.0,47058.82352941176,0.829803447501769,0.5550210833127455,0.7611078564545132,1,0.22826086956521738,0.0,6.353974952771635,7.396358427998668,0,0,0,9,37,2.3978952727983707,2.304285023335875,3045.9997173181214,1,7426225.352117143,4572.929999999999,37.371428571428574,4686886.571831015,0.8936733668367779,35,13199133.884701628,-34.00433057649186
19.5024772,-99.1250429,residencial zacatenco,Casa,11500000,300.0,3.0,3.0,38333.333333333336,0.829803447501769,0.49927822860749055,0.7471721427781994,2,0.45108695652173914,0.0,6.888998132130474,6.724157935518281,0,0,0,39,48,1.791759469228055,2.298513375086658,1022.1722286086188,1,501789.9865934641,2589.1783442265787,38.13943355119826,424393.1690241836,2.01557387340964,459,9220001.128110686,-19.826077146863597
19.5011793,-99.1292105,lindavista ii,Casa,6900000,242.0,3.0,2.0,28512.396694214876,0.829803447501769,0.43851214916164194,0.7319806229167373,1,0.4673913043478261,0.0,7.09573547595333,6.875101379124393,0,0,0,43,47,2.302585092994046,2.2961693190583246,1313.435952842033,1,558129.229079918,3969.729672131147,42.83196721311475,1152731.9065103845,2.304928430767766,488,8400414.587282125,21.745138946117752
19.4891543,-99.1324907,lindavista i,Casa,8300000,357.0,5.0,2.0,23249.299719887957,0.829803447501769,0.3758260114708576,0.7163090884940412,2,0.5271739130434783,0.0,5.688031608961527,7.155024096997166,1,0,6,66,28,2.5649493574615367,2.2764296595410634,1226.9789724165444,2,1112967.4708193147,4337.876199376947,46.8816199376947,2619782.8479090906,1.8566974948454773,321,12337235.492011566,48.64139147001886
19.5011793,-99.1292105,lindavista ii,Departamento,2950000,81.0,3.0,2.0,36419.753086419754,0.829803447501769,0.4993924280180419,0.7472006926308372,1,0.4673913043478261,0.0,7.09573547595333,6.875101379124393,0,0,0,43,47,2.302585092994046,2.2961693190583246,1313.435952842033,1,558129.229079918,3969.729672131147,42.83196721311475,1152731.9065103845,2.304928430767766,488,3003481.1404130887,1.8129200140030075
19.5128075,-99.1256184,la laguna ticoman (barr),Casa,7100000,209.0,3.0,3.0,33971.29186602871,0.829803447501769,0.4652011936256231,0.7386528840327325,2,0.24456521739130435,0.0,7.619529716814845,6.767448451303591,0,0,0,32,17,1.0986122886681098,2.3120539115578556,2002.3902237570128,1,423079.654630179,3254.6361892583122,56.1764705882353,4803827.171429607,2.2729710404699337,391,6120864.297716134,-13.790643694138954
19.5093378,-99.1384861,residencial la escalera (fracc),Casa,8500000,400.0,4.0,6.0,21250.0,0.829803447501769,0.36374842900777277,0.7132896928782699,1,0.3695652173913043,0.0,7.298852799668012,6.320644608193215,0,0,2,25,45,1.9459101490553132,2.307477876406587,2606.3022581489213,1,482095.3129252669,2981.7200000000003,37.58362989323843,157947.69829338157,1.5478783261830313,281,13668308.99964348,60.8036352899233
19.4944265,-99.1231373,lindavista ii,Departamento,4950000,105.0,3.0,2.0,47142.857142857145,0.829803447501769,0.5788450746534018,0.7670638542896773,1,0.6521739130434783,0.0,5.978285495386059,4.9870400873694,1,1,0,79,44,2.70805020110221,2.2867257539785686,597.2050729152721,2,1030750.023227211,4169.453741496598,41.04761904761905,1189045.5797051291,1.97638654518864,294,4251006.963657372,-14.121071441265217
19.493309,-99.0920265,nueva atzacoalco iii,Departamento,1300000,60.0,2.0,1.0,21666.666666666668,0.829803447501769,0.3978520452669642,0.7218155969430678,4,0.5380434782608695,0.0,7.369336540087702,8.065341137800644,0,0,0,37,16,1.3862943611198906,2.3011609296632165,2724.7190074804766,0,327455.19021783135,2067.472578313254,38.06987951807229,189919.10245672966,1.4233548357362105,415,1961169.735297703,50.85921040751561
19.4662505,-99.0601527,villa de aragon (fracc),Casa,4700000,315.0,3.0,3.0,14920.63492063492,0.829803447501769,0.354685886101018,0.7110240571515812,2,0.3858695652173913,0.0,6.261350642974853,8.892240794172443,0,0,0,20,41,1.3862943611198906,2.307644322862978,3754.121509586375,0,347642.85956261185,2662.605277280859,35.8819320214669,131805.8372042911,1.3596317123975517,559,7012289.842155429,49.19765621607295
19.4525779,-99.0747928,san juan de aragon 3a seccion (u hab) i,Casa,5000000,240.0,5.0,2.0,20833.333333333332,0.829803447501769,0.4266952519254329,0.729026398607685,2,0.5978260869565217,0.0,6.230934134954153,8.836305672078996,0,0,0,9,56,0.0,2.280581538934169,2223.169688816282,0,532063.7129552728,2905.11,43.93090909090909,73160.8115657539,0.9763929598251995,275,6281387.647798445,25.6277529559689
19.4787952,-99.1460154,panamericana,Casa,4230000,285.0,5.0,5.0,14842.105263157895,0.829803447501769,0.3370722109533807,0.7066206383646719,2,0.5652173913043478,0.0,6.3365115331658695,8.039425233211874,0,0,0,24,40,1.9459101490553132,2.2589410033049613,784.624593705192,2,420615.68350833334,2833.73,43.65196078431372,569140.841102665,1.8743272063879528,408,7441922.18134439,75.93196646204231
19.506314,-99.1445042,lindavista ii,Casa,18800000,493.0,3.0,3.0,38133.87423935091,0.829803447501769,0.5101121567203225,0.7498806248064074,1,0.31521739130434784,0.0,6.679769486264925,7.1472128030593325,0,0,0,12,50,2.302585092994046,2.304302364966303,3009.414085044649,1,1647816.5544275134,4678.422328042329,29.423280423280424,6202669.436354064,0.3818613076549083,189,16243441.809990466,-13.59871377664646
19.500714,-99.1283312,lindavista ii,Casa,9200000,210.0,4.0,4.0,43809.52380952381,0.829803447501769,0.5479724451186969,0.7593456969060011,1,0.47282608695652173,0.0,7.004279736907526,6.762431809190877,0,0,0,45,46,2.302585092994046,2.2955618384398435,1208.1949189058755,1,600482.565208413,4046.036978967495,43.64627151051625,331206.01487048826,1.9684288746466831,523,6562278.866453635,-28.67088188637354
19.4790329,-99.1480358,magdalena de las salinas,Departamento,2800000,70.0,2.0,1.0,40000.0,0.829803447501769,0.5916978668466584,0.7702770523379914,2,0.4891304347826087,0.0,6.654202976404435,8.089187172304689,0,0,0,28,32,1.791759469228055,2.260568298192523,992.9887777708758,2,355867.41863125,2833.73,40.79044117647059,268511.4138989129,2.0372442280390706,272,1973791.4360349674,-29.507448713036876
19.5413674,-99.1521051,zona escolar i,Casa,3200000,126.0,4.0,1.0,25396.825396825396,0.829803447501769,0.4806004833995743,0.7425027064762204,2,0.11413043478260869,0.0,8.414860955352117,6.977595247437062,0,0,1,14,10,1.3862943611198906,2.342681003623568,6150.123215610226,1,221563.42100776124,1018.32,30.892537313432836,83109.06214998405,1.1157307250548527,335,3630604.181913165,13.456380684786403
19.4616807,-99.061347,san juan de aragon 4a  y 5a seccion (u hab) ii,Casa,6000000,287.0,6.0,3.0,20905.923344947736,0.829803447501769,0.4348350451376484,0.7310613469107389,2,0.5815217391304348,0.0,1.5748991829408199,8.909929053218864,1,0,0,22,56,1.0986122886681098,2.3037840407464856,3548.5397513164794,0,11756664.930666665,2804.3250000000003,37.0,27782352.66386494,0.8988389698129075,6,6905545.541406892,15.092425690114872
19.4674444,-99.1257821,vallejo ii,Casa,4799999,319.0,4.0,3.0,15047.01880877743,0.829803447501769,0.3013426390055624,0.6976882453777173,3,0.8532608695652174,0.0,6.508507204606113,8.04598745282268,0,0,0,57,55,2.302585092994046,2.227595917903849,1855.3803557934355,2,597685.080594403,4598.666194029851,37.32462686567164,989952.7788361413,2.750997962853011,536,10165724.835010087,111.78597818478895
19.4687165,-99.0911071,ejidos san juan de aragon 1a seccion (u hab),Departamento,1400000,47.0,2.0,1.0,29787.23404255319,0.829803447501769,0.48513883862776536,0.7436372952832682,1,0.42934782608695654,0.0,7.539997118666455,8.391503138462644,0,0,1,37,45,1.3862943611198906,2.2713602764776666,1191.6596103084455,0,198814.49539530388,2444.619999999999,29.415745856353592,204696.9064199578,1.8736221879928585,724,1623568.6948359916,15.969192488285113
19.4969835,-99.1445186,san bartolo atepehuacan (pblo),Casa,8750000,306.0,4.0,4.0,28594.771241830065,0.829803447501769,0.4663043561818196,0.7389286746717817,1,0.3423913043478261,0.0,6.462440196721793,7.589432551307729,0,0,0,25,26,2.6390573296152584,2.291029939630258,2010.813072091126,1,469104.2460307693,3041.0341282051277,37.96410256410256,337220.29378665314,1.8612139960007743,390,8611365.025178941,-1.5843997122406746
19.5079707,-99.1051266,ctm atzacoalco (u hab),Local Comercial,5850000,241.0,0.0,2.0,24273.858921161827,0.829803447501769,0.40537483937973606,0.7236962954712608,4,0.3423913043478261,0.0,7.629575495003903,7.727997889586637,0,0,0,15,52,0.6931471805599453,2.3113209266848536,1853.6916252463498,1,176001.53119233175,1754.9263693270739,41.95148669796557,185735.84141528653,1.1265867892151429,639,7548657.493038164,29.036880222874608
19.5129933,-99.1522732,nueva industrial vallejo (fracc),Casa,6250000,322.0,6.0,4.0,19409.937888198758,0.829803447501769,0.37286695717727675,0.715569324920646,1,0.22282608695652173,0.0,7.245050642651753,7.572656549520161,0,0,0,17,28,2.3978952727983707,2.3143301928435305,3953.5762769742746,1,17858228.01825,4948.409999999999,36.8,8227567.696912364,0.6398703833346541,30,8867742.054377835,41.883872870045366
19.4891543,-99.1324907,lindavista i,Casa,13900000,575.0,3.0,3.0,24173.91304347826,0.829803447501769,0.38501779223342075,0.7186070336846819,2,0.5271739130434783,0.0,5.688031608961527,7.155024096997166,1,0,6,66,28,2.5649493574615367,2.2764296595410634,1226.9789724165444,2,1112967.4708193147,4337.876199376947,46.8816199376947,2619782.8479090906,1.8566974948454773,321,18064374.020106692,29.959525324508572
19.4680003,-99.1185239,guadalupe tepeyac,Departamento,4900000,119.0,3.0,2.0,41176.470588235294,0.829803447501769,0.5281771823622764,0.7543968812168959,2,0.75,0.0,6.662825026935871,8.027131628609963,0,0,0,52,46,2.0794415416798357,2.2348693526412977,1183.299130459705,2,338418.38667305704,2920.2900000000004,32.81347150259067,853108.3861659957,3.2587464474687207,579,4701020.996077845,-4.060795998411329
19.4888349,-99.1170112,rosas del tepeyac,Casa,6600000,400.0,5.0,4.0,16500.0,0.829803447501769,0.368882470262073,0.714573203191845,3,0.592391304347826,0.0,6.642275933873192,6.820532116121739,0,0,3,70,33,2.3978952727983707,2.2795265811114573,830.1796458298661,2,602766.115732422,2923.4940234375,40.859375,1206898.3024889654,1.5051135837161218,256,9090898.442049524,37.740885485598845
19.4881116,-99.1416177,valle del tepeyac,Casa,5490000,203.0,3.0,1.0,27044.334975369457,0.829803447501769,0.47231449261428554,0.7404312087798982,2,0.6467391304347826,0.0,5.865810551027095,7.690963184534339,1,0,5,36,39,2.302585092994046,2.2755628992079897,983.1754235969726,2,422990.0277866426,3200.206299638989,45.064981949458485,202190.55122522524,1.7642104641096892,554,5811911.653813309,5.863600251608544
19.4700727,-99.1320852,guadalupe insurgentes,Casa,3700000,200.0,6.0,3.0,18500.0,0.829803447501769,0.3592501259370247,0.712165117110583,2,0.8315217391304348,0.0,6.148786255966889,8.003638559069062,1,0,0,31,60,2.5649493574615367,2.2333052670569034,1265.8296981964857,2,429427.86613717425,4030.726419753086,43.839506172839506,577949.8051921721,2.3393328658195665,729,4855981.411403155,31.24274084873392
19.513845,-99.1418557,la purisima ticoman (barr),Departamento,3200000,94.0,3.0,2.0,34042.55319148936,0.829803447501769,0.5064359384589484,0.7489615702410639,1,0.375,0.0,7.408199059003395,6.779141235734785,0,0,2,22,49,2.0794415416798357,2.3134325967433336,3184.3939983616215,1,517477.30364665407,2987.2616061185468,42.202676864244744,5084734.600728735,1.671466923159123,523,3742777.732132005,16.961804129125156
19.546829,-99.1247492,tlalpexco,Departamento,900000,65.0,2.0,1.0,13846.153846153846,0.829803447501769,0.32042471980735737,0.7024587655781661,4,0.06521739130434782,0.0,8.651046862793539,5.665785959641335,0,1,0,11,5,0.0,2.3463289399506655,5638.588424278377,1,158946.69432413793,730.1400000000002,36.48029556650246,426281.32205532346,0.7667415469732451,406,2127629.967551831,136.40332972798123
19.5146249,-99.1430217,siete maravillas,Departamento,5850000,185.0,3.0,2.0,31621.62162162162,0.829803447501769,0.5036684425438751,0.7482696962622956,1,0.375,0.0,7.423618309669451,6.929329693531833,0,0,2,25,46,2.0794415416798357,2.3145083504216917,3333.987567352604,1,423518.65873724,2948.13,44.60113421550095,3543405.3682304923,1.4958053514784944,529,5462767.167046442,-6.619364665872792
19.4460728,-99.0869393,san juan de aragon 2a seccion (u hab) i,Departamento,3360000,112.0,3.0,2.0,30000.0,0.829803447501769,0.4913081723694524,0.7451796287186899,2,0.5706521739130435,0.0,3.951227338718291,8.795274965589215,2,0,0,31,76,2.3978952727983707,2.2547811032310308,1623.983097948508,0,556965.6601535212,2878.2099999999987,43.098591549295776,82161.18431117496,0.9355413212134461,71,3446732.7600377556,2.5813321439808212
19.4998868,-99.1156771,santa isabel tola (pblo),Departamento,2997274,80.0,2.0,1.0,37465.925,0.829803447501769,0.5091278341917184,0.7496345441742563,2,0.2826086956521739,0.0,6.469754734760164,6.743775421445508,0,0,0,26,30,1.6094379124341003,2.2970810839089104,455.1348160030433,1,711775.0495772093,2451.7900000000004,41.06511627906977,712755.9642506089,0.9489483646157841,215,2964901.020681291,-1.080080743993012
19.4716154,-99.0707492,san juan de aragon 7 secc (u hab) ii,Casa,7650000,290.0,3.0,1.0,26379.310344827587,0.829803447501769,0.5066075848547534,0.7490044818400151,1,0.5054347826086957,0.0,7.297502520399073,8.70206912030848,0,0,0,34,39,1.791759469228055,2.2994063171260954,2924.4360638784715,0,380562.2247450111,2819.599999999999,40.43680709534368,60199.383874144165,1.1068863966238482,451,6127968.340498054,-19.895838686299943
19.4807542,-99.1202125,tepeyac insurgentes,Departamento,3090000,80.0,3.0,2.0,38625.0,0.829803447501769,0.5374976630733587,0.7567270013946664,2,0.7119565217391305,0.0,5.406481377151866,7.402822988708723,1,0,3,72,28,2.6390573296152584,2.263084310080421,1246.6309206847452,2,626377.3671041036,3697.96656587473,52.17494600431966,1262877.5472751695,1.7077909988593192,463,2795278.901266434,-9.537899635390477
19.4679344,-99.1422687,vallejo poniente,Casa,6550000,200.0,5.0,3.0,32750.0,0.829803447501769,0.544312956378866,0.7584308247210433,3,0.9510869565217391,0.0,5.734103517829716,8.215837357273655,1,0,5,20,94,2.1972245773362196,2.2300466400151118,1342.6123986693096,2,369748.432183705,2833.336655231561,30.62092624356775,770584.3188189499,3.437552553539712,583,5327628.191107551,-18.66216502125877
19.473702,-99.1177252,estrella,Edificio,8950000,322.0,0.0,7.0,27795.03105590062,0.829803447501769,0.4598824947778612,0.7373232093207921,2,0.7608695652173914,0.0,6.794068093365246,7.805242835453992,0,0,0,63,36,2.3978952727983707,2.249467830621369,823.3702651183237,2,351846.4253611544,2920.2900000000004,51.56630265210608,228097.01496655613,1.8337501503407716,641,9073291.949714437,1.3775636839601912
19.453111,-99.0922279,san juan de aragon 1a seccion (u hab) i,Casa,6500000,315.0,6.0,3.0,20634.920634920636,0.829803447501769,0.40126455539309863,0.7226687244746014,3,0.391304347826087,0.0,6.14443977590716,8.638858793920189,1,0,2,37,36,1.9459101490553132,2.250196129899882,673.4716466424609,0,541975.1867619753,2878.21,43.461728395061726,105299.89443377359,1.0614948486565767,405,7742368.832179953,19.11336664892236
19.4817469,-99.1171968,aragon la villa (aragon),Departamento,4100000,143.0,3.0,1.0,28671.328671328672,0.829803447501769,0.46471762013527484,0.7385319906601455,2,0.625,0.0,4.820671630585478,7.382147427663786,1,0,4,66,23,2.4849066497880004,2.2666419924030174,1061.9810618148233,2,758847.0189015999,2589.1435999999994,46.58,1172130.7158047678,1.9311109441610645,250,4928677.405723813,20.21164404204422
19.477859,-99.078336,casas aleman (ampl) i,Casa,8500000,310.0,3.0,3.0,27419.354838709678,0.829803447501769,0.5046886745510648,0.7485247542640929,2,0.28804347826086957,0.0,7.777046561605707,8.518030597352457,0,0,0,42,15,1.791759469228055,2.2965858130455215,2756.8491014572564,0,309802.5604257042,2167.908591549296,42.274647887323944,192229.86052272725,1.2973372204497247,284,6538979.382061745,-23.070830799273587
19.4640799,-99.1057341,emiliano zapata (ampl),Casa,5300000,220.0,2.0,1.0,24090.909090909092,0.829803447501769,0.4570857469457545,0.7366240223627654,2,0.6847826086956522,0.0,6.490772162191279,8.263775630792912,0,0,0,44,29,0.6931471805599453,2.242500781711983,1279.431499942637,2,249111.08943129255,2150.4199999999996,49.095238095238095,116345.11562020604,1.9372523088409008,441,5479641.509849946,3.389462449998981
19.4717132,-99.1348104,guadalupe insurgentes,Casa,7200000,158.0,4.0,3.0,45569.620253164554,0.829803447501769,0.5866223004249675,0.7690081607325687,2,0.7445652173913043,0.0,5.668690378041085,7.985736622089262,1,0,0,25,65,2.4849066497880004,2.2379246250237483,969.1344777256439,2,431543.63793408574,3595.171422121895,37.44469525959368,584950.3890427476,3.0137668052228603,443,5570229.190295668,-22.63570569033794
19.4514408,-99.0876518,san juan de aragon 2a seccion (u hab) i,Casa,7200000,200.0,7.0,4.0,36000.0,0.829803447501769,0.5392331707581685,0.7571608783158689,2,0.4782608695652174,0.0,6.459034639920039,8.712020234415743,0,0,2,35,55,2.1972245773362196,2.257552343565259,1105.6332169293912,0,559684.3937248501,2878.2099999999996,43.83233532934132,119154.58220005615,1.06299559419277,334,5003241.931894877,-30.510528723682263
19.4508263,-99.0862504,san juan de aragon 2a seccion (u hab) i,Casa,5200000,130.0,3.0,2.0,40000.0,0.829803447501769,0.566881601377152,0.7640729859706148,2,0.4945652173913043,0.0,6.359251744136153,8.735272566810123,0,0,1,34,59,2.0794415416798357,2.2597140675986847,1258.2985454268412,0,568427.3725943451,2878.2099999999996,42.720238095238095,124136.59446714279,1.0330635999075959,336,3289731.5446090074,-36.73593183444216
19.4712595,-99.126584,industrial i,Departamento,2300000,86.0,1.0,1.0,26744.18604651163,0.829803447501769,0.46402563516958334,0.7383589944187227,2,0.7608695652173914,0.0,6.768814162667202,7.9066668789475125,0,0,0,51,47,2.302585092994046,2.2379860365743443,1569.252689841063,2,427251.52707999997,3405.0200000000004,47.545901639344265,243100.76102530697,1.8627065981888598,610,2977234.9595860853,29.44499824287327
19.4728505,-99.1452223,heroe de nacozari,Casa,8740000,320.0,5.0,3.0,27312.5,0.829803447501769,0.48635384464164444,0.7439410467867379,3,0.8315217391304348,0.0,6.612812071760705,8.152886788088523,0,0,3,27,82,1.791759469228055,2.244992986725285,1028.3292014364113,2,645480.5375096153,2943.749663461538,41.94230769230769,1457785.9393911904,1.8451109916141364,208,7150700.26329002,-18.184207513844168
19.4682318,-99.1188878,guadalupe tepeyac,Casa,17999998,504.0,8.0,9.0,35714.281746031746,0.829803447501769,0.4907796719184868,0.7450475036059485,2,0.7391304347826086,0.0,6.7196842026141095,8.017256883565116,0,0,0,53,43,2.0794415416798357,2.235125689803863,1196.2270896173545,2,316978.8707119874,2920.2900000000004,34.064668769716086,662668.3353389587,3.124473865447043,634,16062230.531521745,-10.765376021032086
19.462891,-99.109876,belisario dominguez,Bodega,4890000,180.0,0.0,0.0,27166.666666666668,0.829803447501769,0.4921869392124226,0.7453993204294325,3,0.657608695652174,0.0,5.682678258576939,8.25071442486282,1,0,0,40,34,1.0986122886681098,2.2333715188160994,1339.9680887458485,2,263373.4901882979,2150.4199999999996,48.666666666666664,300128.5867459052,2.1783830339323513,564,4648665.016522524,-4.935275735735707
19.480687,-99.1185698,aragon la villa (aragon),Departamento,2140000,75.0,3.0,1.0,28533.333333333332,0.829803447501769,0.44941972210823106,0.7347075161533846,2,0.6956521739130435,0.0,4.778681089352667,7.426064036564061,1,0,4,72,26,2.4849066497880004,2.2638021554619656,1097.662501484423,2,721030.0839669467,3343.9293277310926,52.03921568627451,1448920.909691578,1.5892696934659711,357,2100717.178582641,-1.8356458606242603
19.5036993,-99.1298892,juan de dios batiz (u hab),Casa,6100000,223.0,4.0,2.0,27354.2600896861,0.829803447501769,0.4281920831025218,0.7294006064019573,1,0.3967391304347826,0.0,7.265486193465112,6.8815358206996695,0,0,0,35,42,2.1972245773362196,2.299739489911741,1509.824022740945,1,205989.84248702397,3416.079647390691,45.36812411847673,1674983.0513319273,3.4005371277835392,709,5908287.881533334,-3.1428216142076386
19.4763883,-99.0841141,casas aleman (ampl) i,Edificio,8000000,476.0,0.0,0.0,16806.722689075632,0.829803447501769,0.376393014683403,0.7164508392971776,2,0.30434782608695654,0.0,7.754697442679764,8.417451239259506,0,0,0,41,19,1.6094379124341003,2.288904131665607,2275.8891216245456,0,299919.0176448336,2163.51,44.24343257443082,77404.3528365579,1.4413226842633402,571,10323149.435163062,29.039367939538273
19.5042067,-99.1209678,san pedro zacatenco (pblo),Casa,6500000,340.0,8.0,4.0,19117.647058823528,0.829803447501769,0.3180598750495931,0.7018675543887251,2,0.41847826086956524,0.0,6.901989517073172,6.887602127660087,0,0,0,42,39,1.6094379124341003,2.3016521600900752,935.9251863701621,1,561231.2822481781,2223.2955060728736,41.72874493927125,1552518.7380750955,1.1159458660567014,247,9752094.346545141,50.03222071607909
19.5193376,-99.1457953,progreso nacional ii,Casa,4000000,150.0,3.0,2.0,26666.666666666668,0.829803447501769,0.49939862486245373,0.7472022418419402,1,0.3804347826086957,0.0,7.648011292831357,6.938754273471967,0,0,2,39,33,2.0794415416798357,2.3203063755178057,3889.3576220746822,1,197343.65510016834,2540.101666666667,31.414141414141415,178153.7403413858,2.017716186068737,594,4130876.856956852,3.2719214239213033
19.4596866,-99.0917728,san juan de aragon 1a seccion (u hab) i,Departamento,4847268,102.0,2.0,2.0,47522.23529411765,0.829803447501769,0.6169604660281609,0.776592702133367,3,0.3967391304347826,0.0,6.950129804963883,8.534911385704143,0,0,3,27,47,0.6931471805599453,2.258855050529437,359.4276130285016,0,564438.5414094545,2878.2099999999996,44.53090909090909,98764.23944723845,0.9891515984187849,275,3004484.853623074,-38.01694369646832
19.4908019,-99.1252331,lindavista i,Casa,10200000,300.0,6.0,2.0,34000.0,0.829803447501769,0.45712010926551133,0.7366326129427047,2,0.5760869565217391,0.0,6.447281984178078,6.400330944271943,0,0,3,70,37,2.772588722239781,2.280220376294315,989.208214736935,2,1167264.247850658,3973.06,38.766447368421055,1516044.5278138868,2.3173315765494134,304,10329817.869636666,1.2727242121241769
19.454637,-99.1006412,nueva tenochtitlan,Casa,6000000,385.0,3.0,3.0,15584.415584415585,0.829803447501769,0.3437823372852837,0.7082981699476477,4,0.625,0.0,6.3939031110412445,8.528006329761183,0,0,2,35,35,0.6931471805599453,2.2345942941790926,736.8037077620286,2,386269.96264014085,2166.9698591549295,47.25352112676056,951325.803110162,1.499364482439839,284,8105068.774263857,35.08447957106428
19.4858451,-99.1182589,villa gustavo a madero,Casa,5800000,250.0,4.0,3.0,23200.0,0.829803447501769,0.44650770753237445,0.7339795125094204,1,0.657608695652174,0.0,6.122177865925744,7.041492592918038,1,0,4,77,28,2.1972245773362196,2.2737429240113842,1157.8776491740123,2,2223798.9560149573,3473.3208547008535,43.05128205128205,23235819.797424365,1.645814258797622,234,5673946.562864769,-2.1733351230212197
19.5119387,-99.1404822,siete maravillas,Departamento,3650000,94.0,3.0,2.0,38829.78723404255,0.829803447501769,0.5158204673589676,0.7513077024660687,1,0.375,0.0,7.344117991282631,6.554295416640082,0,0,2,23,48,2.0794415416798357,2.3109520604730722,2942.634166491146,1,339511.0284687411,3086.4267043847244,32.90523338048091,1165268.5883276975,2.6838500933576794,707,3372466.146612535,-7.603667216094926
19.4807706,-99.1197036,tepeyac insurgentes,Departamento,10290000,419.0,8.0,5.0,24558.472553699285,0.829803447501769,0.4251663652356073,0.7286441769352286,2,0.7010869565217391,0.0,5.1767856233504075,7.406507089914544,1,0,4,72,27,2.6390573296152584,2.2633719778515897,1201.988349358411,2,637749.1441297234,3612.0316129032253,51.42857142857143,1309371.1395074422,1.696016265389372,434,12039671.598579882,17.003611259279705
19.473702,-99.1177252,estrella,Edificio,8950000,322.0,0.0,7.0,27795.03105590062,0.829803447501769,0.4598824947778612,0.7373232093207921,2,0.7608695652173914,0.0,6.794068093365246,7.805242835453992,0,0,0,63,36,2.3978952727983707,2.249467830621369,823.3702651183237,2,351846.4253611544,2920.2900000000004,51.56630265210608,228097.01496655613,1.8337501503407716,641,8877604.898261657,-0.8088838183055086
19.4834076,-99.1102877,villa gustavo a madero,Departamento,2550000,55.0,2.0,1.0,46363.63636363636,0.829803447501769,0.5743632911904945,0.7659434084239504,1,0.44565217391304346,0.0,5.705989453653588,7.51308832615376,1,0,4,56,18,2.0794415416798357,2.2740445553709696,930.8223791179006,0,1144084.7555861538,2423.3726153846155,41.33846153846154,5725088.690432377,1.441689867607027,130,1834240.4271986212,-28.069002854956032
19.5580048,-99.1341732,cuautepec el alto (pblo),Casa,3150000,108.0,3.0,1.0,29166.666666666668,0.829803447501769,0.49848187038729397,0.7469730532231502,4,0.31521739130434784,0.0,8.785311576482151,2.0388582404840947,0,1,0,44,18,0.6931471805599453,2.354992960248157,7040.674787442718,1,303925.78692857147,1018.3199999999999,38.964285714285715,363546.41900595825,0.8797507429519198,280,3035763.6602270743,-3.6265504689817685
19.4740027,-99.1255167,industrial i,Departamento,1748000,55.0,2.0,1.0,31781.81818181818,0.829803447501769,0.48475458125293275,0.7435412309395599,2,0.7608695652173914,0.0,6.644777384264102,7.782418164597115,0,0,1,51,46,2.6390573296152584,2.2455090987023265,1510.861870399538,2,453252.75423211924,3405.02,49.11092715231788,247472.1759855274,1.7212311707064,604,1915694.9606494019,9.593533217929169
19.4944265,-99.1231373,lindavista ii,Casa,17950000,407.0,3.0,3.0,44103.1941031941,0.829803447501769,0.5625170746162877,0.7629818542803988,1,0.6521739130434783,0.0,5.978285495386059,4.9870400873694,1,1,0,79,44,2.70805020110221,2.2867257539785686,597.2050729152721,2,1030750.023227211,4169.453741496598,41.04761904761905,1189045.5797051291,1.97638654518864,294,15864959.109537091,-11.615826687815648
19.5189166,-99.1292412,san juan y guadalupe ticoman (barr),Departamento,4600000,94.0,3.0,2.0,48936.17021276596,0.829803447501769,0.5729345355356662,0.7655862195102433,3,0.15217391304347827,0.0,7.938372600250565,6.840349526244248,0,0,0,23,9,1.0986122886681098,2.3189974778891678,2775.6593722090993,1,402695.9704904545,1396.7949999999996,43.07727272727273,483535.73751438,0.9679135062645043,220,3536349.981793827,-23.12282648274289
19.5377176,-99.1438737,el arbolillo 3 (u hab),Departamento,1350000,52.0,2.0,1.0,25961.53846153846,0.829803447501769,0.4811006936269981,0.7426277590330763,1,0.1793478260869565,0.0,8.32785307094491,5.849950228694612,0,1,2,20,15,1.3862943611198906,2.3385493866319336,5337.426905657013,1,62059.65078444278,1267.6449065071056,31.024682124158563,699605.1157316442,1.4439069543525787,1337,1876214.9211786184,38.97888305026803
19.493309,-99.0920265,nueva atzacoalco iii,Departamento,1999000,62.0,3.0,2.0,32241.935483870966,0.829803447501769,0.4957675940285231,0.7462944841334576,4,0.5380434782608695,0.0,7.369336540087702,8.065341137800644,0,0,0,37,16,1.3862943611198906,2.3011609296632165,2724.7190074804766,0,327455.19021783135,2067.472578313254,38.06987951807229,189919.10245672966,1.4233548357362105,415,1793997.7241330207,-10.255241414055991
19.5129933,-99.1522732,nueva industrial vallejo (fracc),Casa,6700000,400.0,7.0,4.0,16750.0,0.829803447501769,0.33909630657724454,0.7071266622706379,1,0.22282608695652173,0.0,7.245050642651753,7.572656549520161,0,0,0,17,28,2.3978952727983707,2.3143301928435305,3953.5762769742746,1,17858228.01825,4948.409999999999,36.8,8227567.696912364,0.6398703833346541,30,10394457.5157625,55.141156951679115
19.4633133,-99.0612,san juan de aragon 4a  y 5a seccion (u hab) ii,Edificio,10700000,540.0,0.0,0.0,19814.814814814814,0.829803447501769,0.41595428154715247,0.7263411560131149,2,0.5163043478260869,0.0,5.213575307766038,8.8996081834019,1,0,0,23,48,1.0986122886681098,2.304832657741918,3585.6714630376896,0,750584.8246632123,2819.599999999999,40.64248704663213,4901344.273720023,0.8117522094828049,193,11544205.991326971,7.889775619878233
19.473702,-99.1177252,estrella,Edificio,8950000,322.0,0.0,7.0,27795.03105590062,0.829803447501769,0.4598824947778612,0.7373232093207921,2,0.7608695652173914,0.0,6.794068093365246,7.805242835453992,0,0,0,63,36,2.3978952727983707,2.249467830621369,823.3702651183237,2,351846.4253611544,2920.2900000000004,51.56630265210608,228097.01496655613,1.8337501503407716,641,9073291.949714437,1.3775636839601912
19.473702,-99.1177252,estrella,Edificio,8950000,322.0,0.0,7.0,27795.03105590062,0.829803447501769,0.4598824947778612,0.7373232093207921,2,0.7608695652173914,0.0,6.794068093365246,7.805242835453992,0,0,0,63,36,2.3978952727983707,2.249467830621369,823.3702651183237,2,351846.4253611544,2920.2900000000004,51.56630265210608,228097.01496655613,1.8337501503407716,641,8877604.898261657,-0.8088838183055086
19.4931366,-99.1398889,lindavista i,Casa,10200000,347.0,3.0,5.0,29394.812680115272,0.829803447501769,0.4852510754017161,0.7436653544767557,2,0.4782608695652174,0.0,6.4901631527717765,7.532911319742641,0,0,2,35,29,2.3978952727983707,2.2839386981205814,1492.9526449357843,1,719704.3611196559,3681.2528255528255,42.93120393120393,929841.7911490194,1.8373129621177549,407,10493668.836433817,2.8791062395472227
19.4827579,-99.0666077,providencia ii,Casa,6370000,391.0,9.0,3.0,16291.56010230179,0.829803447501769,0.35546548317272425,0.7112189564195078,5,0.125,0.0,7.4191876900530955,8.700733784998892,0,0,0,23,4,1.3862943611198906,2.3122116039256224,4003.111614512741,0,383802.92804925685,2222.8100000000004,41.77070063694268,79111.7079740663,0.9933264291820411,471,8049074.938689931,26.3591042180523
19.462891,-99.109876,belisario dominguez,Casa,5100000,179.0,4.0,2.0,28491.620111731845,0.829803447501769,0.5040910322260221,0.7483753436828323,3,0.657608695652174,0.0,5.682678258576939,8.25071442486282,1,0,0,40,34,1.0986122886681098,2.2333715188160994,1339.9680887458485,2,263373.4901882979,2150.4199999999996,48.666666666666664,300128.5867459052,2.1783830339323513,564,5219150.943794213,2.3362930155728083
19.473702,-99.1177252,estrella,Edificio,8950000,322.0,0.0,7.0,27795.03105590062,0.829803447501769,0.4598824947778612,0.7373232093207921,2,0.7608695652173914,0.0,6.794068093365246,7.805242835453992,0,0,0,63,36,2.3978952727983707,2.249467830621369,823.3702651183237,2,351846.4253611544,2920.2900000000004,51.56630265210608,228097.01496655613,1.8337501503407716,641,9073291.949714437,1.3775636839601912
19.5015185,-99.0734791,san felipe de jesus iii,Departamento,1350000,76.0,3.0,1.0,17763.157894736843,0.829803447501769,0.3762485108767367,0.716414713345511,5,0.1793478260869565,0.0,8.022088970704772,8.549379607993883,0,0,0,23,14,0.0,2.322141869975723,4686.409255576326,0,408018.1082155251,2149.0400000000004,34.28310502283105,98507.97044526848,1.0348840087847475,219,2332613.9051906406,72.78621519930671
19.4940713,-99.1369816,lindavista i,Casa,7500000,249.0,4.0,2.0,30120.481927710844,0.829803447501769,0.4792880646118027,0.7421746017792774,2,0.4076086956521739,0.0,6.536849604346571,7.348180405156135,0,0,3,38,25,2.302585092994046,2.2851155646468806,1599.284614324697,1,739948.3263149484,3973.0599999999995,50.5180412371134,842392.5339090585,1.6187639099250881,388,7726804.997260653,3.0240666301420456
19.4827949,-99.1133606,villa gustavo a madero,Casa,9100000,500.0,12.0,12.0,18200.0,0.829803447501769,0.3420118343772694,0.7078555442206441,1,0.5543478260869565,0.0,6.2907000543457725,7.428671648826814,0,0,2,66,21,2.3978952727983707,2.2709131555251303,931.8526222749308,2,827118.3310792745,2242.0890673575127,45.512953367875646,4117182.799054078,1.4250179356915542,193,12022701.259449469,32.11759625768647
19.4994284,-99.1032894,gabriel hernandez,Casa,5300000,264.0,4.0,2.0,20075.757575757576,0.829803447501769,0.3373222822357345,0.7066831561852605,4,0.1793478260869565,0.0,7.375696916645292,7.620600376489544,0,0,0,24,13,1.0986122886681098,2.3017353252765984,1561.496933519929,1,197280.20347142857,1557.35,33.923809523809524,53564.07345662551,0.763616807911919,105,8839223.58572854,66.77780350431206
19.460573,-99.1095538,cuchilla la joya,Casa,6800000,347.0,5.0,3.0,19596.541786743517,0.829803447501769,0.4076988438649906,0.7242772965925744,4,0.6630434782608695,0.0,6.248165158825815,8.314706474519898,0,0,1,43,28,1.0986122886681098,2.228524868995074,1543.0561663421704,2,320634.86551999993,2150.419999999999,48.90736842105263,243010.6595116212,1.6709833144690573,475,7157537.368666635,5.25790248039169
19.4679344,-99.1422687,vallejo poniente,Edificio,9200000,301.0,0.0,0.0,30564.784053156145,0.829803447501769,0.5271392105188639,0.7541373882560427,3,0.9510869565217391,0.0,5.734103517829716,8.215837357273655,1,0,5,20,94,2.1972245773362196,2.2300466400151118,1342.6123986693096,2,369748.432183705,2833.336655231561,30.62092624356775,770584.3188189499,3.437552553539712,583,7110891.753640348,-22.70769832999622
19.4570658,-99.0916841,san juan de aragon 1a seccion (u hab) i,Casa,5500000,170.0,6.0,3.0,32352.941176470587,0.829803447501769,0.5114453433901596,0.7502139214738667,3,0.41847826086956524,0.0,6.684489567701648,8.579911183339277,0,0,2,32,47,1.0986122886681098,2.2558190441242947,387.2298157025198,0,542342.4924912429,2878.2099999999996,44.728813559322035,100738.94773963303,1.0907189666271453,354,4737836.112366395,-13.857525229701908
19.4675479,-99.1205924,guadalupe tepeyac,Departamento,3150000,58.0,3.0,2.0,54310.34482758621,0.829803447501769,0.5978047154606377,0.7718037644914862,2,0.7608695652173914,0.0,6.868090228102709,8.036819566325962,0,0,0,51,46,2.1972245773362196,2.231720078196288,1384.120667509458,2,325582.48673204426,2920.2900000000004,47.51381215469613,285835.5551222617,2.2114175576831294,543,2122652.369099496,-32.61421050477791
19.5243614,-99.1517115,acueducto de guadalupe (rdcial),Casa,6200000,160.0,4.0,3.0,38750.0,0.829803447501769,0.6245685254045348,0.7784947169774605,5,0.33152173913043476,0.0,7.876542170827041,7.084214341677838,0,0,0,37,28,1.9459101490553132,2.3266601293148077,4722.530095525681,1,321658.9489387179,3362.333435897436,47.82051282051282,138010.2626777157,1.4743717212694158,780,3805218.6593870753,-38.62550549375685
19.4634243,-99.1124864,tablas de san agustin,Casa,5400000,202.0,4.0,2.0,26732.673267326732,0.829803447501769,0.45197864655993114,0.7353472472663096,3,0.5978260869565217,0.0,4.975773660110356,8.213259411679102,1,0,0,37,38,1.9459101490553132,2.2305999968152106,1307.2044938237088,2,270504.6837736211,2150.4199999999996,47.74820143884892,203662.3644896149,2.2802110859138462,417,6289803.9508863855,16.47785094234047
19.4889617,-99.1171639,santa isabel tola (pblo),Departamento,4800000,120.0,3.0,2.0,40000.0,0.829803447501769,0.5965279630855674,0.7714845763977186,2,0.5978260869565217,0.0,6.617722967364068,6.797533642851436,0,0,3,71,33,2.3978952727983707,2.2796746450448673,814.7508162754261,2,566415.6461217392,2934.74,40.5296442687747,1164940.9586257585,1.5228326136724684,253,3726100.7338693207,-22.372901377722485
19.5215525,-99.1453363,acueducto de guadalupe (rdcial),Casa,8400000,492.0,4.0,3.0,17073.170731707316,0.829803447501769,0.3924374234159492,0.7204619414803141,5,0.391304347826087,0.0,7.760548509222438,6.685036273513708,0,0,0,39,37,1.9459101490553132,2.322673247456693,4019.4520041048117,1,526374.3727040964,3356.4600000000005,40.07710843373494,1637999.4851957504,1.7789929143740024,415,11341046.481219722,35.01245810975859
19.4880621,-99.1350725,lindavista i,Departamento,5100000,119.0,3.0,2.0,42857.142857142855,0.829803447501769,0.5382561443142404,0.7569166217048868,2,0.5434782608695652,0.0,1.8919185848989946,7.361551665676381,1,0,5,40,37,2.302585092994046,2.2744715900765278,996.6014183676193,2,1275039.0584720848,4154.035194346289,51.96466431095406,10712346.257345388,2.012127367834028,283,4758189.687479315,-6.702162990601661
19.5009923,-99.1181434,residencial zacatenco,Departamento,4550000,94.0,3.0,2.0,48404.255319148935,0.829803447501769,0.5714316612235594,0.7652105009322167,2,0.391304347826087,0.0,6.466041944568522,6.622229817064165,0,0,0,40,36,1.791759469228055,2.297887427854515,520.4707588906796,1,2919744.3020096766,2376.3377419354847,41.70967741935484,11606200.689029446,0.8700262068497812,62,3709033.8098178986,-18.482773410595634
19.4711584,-99.1100247,tres estrellas,Casa,8300000,536.0,11.0,9.0,15485.074626865671,0.829803447501769,0.3289932907920808,0.704600908324347,2,0.483695652173913,0.0,6.024147734085105,7.999425391139908,1,0,0,35,25,2.0794415416798357,2.2512398886169236,425.0951102327009,0,363523.7582190476,2150.4199999999996,48.473684210526315,183005.34297479325,1.6744909594747241,399,10941130.295487238,31.82084693358118
19.4710045,-99.1223853,guadalupe tepeyac,Departamento,1970000,65.0,2.0,1.0,30307.69230769231,0.829803447501769,0.4744656902360574,0.7409690081853412,2,0.8097826086956522,0.0,7.091670128253646,7.902989278556837,0,0,0,53,50,2.3978952727983707,2.23956714589187,1372.9588705381548,2,490322.307039375,3928.5062916666657,44.2375,1371919.3736137461,2.1659037948139788,480,2204751.2633291935,11.91630778320779
19.4891543,-99.1324907,lindavista i,Departamento,3900000,74.0,2.0,2.0,52702.7027027027,0.829803447501769,0.5771510197892455,0.7666403405736382,2,0.5271739130434783,0.0,5.688031608961527,7.155024096997166,1,0,6,66,28,2.5649493574615367,2.2764296595410634,1226.9789724165444,2,1112967.4708193147,4337.876199376947,46.8816199376947,2619782.8479090906,1.8566974948454773,321,3022616.905004988,-22.497002435769538
19.4933278,-99.1413426,san bartolo atepehuacan (pblo),Local Comercial,7990000,360.0,0.0,1.0,22194.444444444445,0.829803447501769,0.4165350727183475,0.7264863538059136,1,0.4891304347826087,0.0,6.3392306434454175,7.609460650519145,0,0,1,35,31,2.4849066497880004,2.2845206026886635,1535.1899940823173,1,837254.9226578033,3470.873179190751,40.445086705202314,1200100.0698275291,2.053923648762351,346,9909240.359912515,24.020530161608445
19.4668194,-99.1210265,guadalupe tepeyac,Edificio,11000000,502.0,0.0,0.0,21912.350597609562,0.829803447501769,0.3693789942535815,0.7146973341897221,2,0.7934782608695652,0.0,6.796866597408775,8.061821602172362,0,0,0,54,48,2.1972245773362196,2.229301233503283,1469.220028701289,2,323570.1421422562,2920.290000000001,48.751434034416825,348968.254538454,2.2919622331149916,523,12756295.798110036,15.966325437363965
19.5167815,-99.162361,progreso nacional (ampl),Departamento,2950000,59.0,2.0,1.0,50000.0,0.829803447501769,0.66764662934807,0.7892642429633443,4,0.18478260869565216,0.0,7.720875440616972,7.843064158979215,0,0,0,24,14,1.3862943611198906,2.321479063793836,4801.358168443002,1,387044.1588086466,2376.83,40.03383458646616,301259.52962332306,1.4138755986069063,266,1590113.684723286,-46.09784119582081
19.4663071,-99.1305462,vallejo ii,Departamento,2535000,63.0,2.0,1.0,40238.09523809524,0.829803447501769,0.5906227975584674,0.7700082850159436,3,0.9891304347826086,0.0,5.874901600383775,8.113830480842429,1,0,0,43,65,2.70805020110221,2.2221513508088866,1706.071551150794,2,438487.3485586207,4133.54,39.076354679802954,1174450.4824812622,2.2800521195300627,812,1892275.681616663,-25.354016504273645
19.4762375,-99.0838386,casas aleman (ampl) i,Departamento,2432700,77.0,3.0,1.0,31593.506493506495,0.829803447501769,0.5382244334991274,0.7569086940011086,2,0.29891304347826086,0.0,7.7688383487039765,8.424795561802682,0,0,0,42,17,1.6094379124341003,2.289043144177438,2276.217708167323,0,298825.1260752166,2163.51,44.29809358752166,76720.5819382795,1.4402075249085786,577,2400077.0490512354,-1.3410182492195737
19.4732388,-99.1165418,estrella,Departamento,1570000,47.0,2.0,2.0,33404.255319148935,0.829803447501769,0.5249303716884332,0.7535851785484351,2,0.7065217391304348,0.0,6.807599434308377,7.836085798327155,0,0,0,59,33,2.3978952727983707,2.249366802603535,713.6752552644007,2,400035.65525277774,2920.29,50.75370370370371,334121.6415970647,1.575407694833501,540,1623945.2929593148,3.4360059209754628
19.4743339,-99.1245531,industrial i,Departamento,2490000,55.0,2.0,1.0,45272.72727272727,0.829803447501769,0.5783600636389661,0.7669426015360683,2,0.7663043478260869,0.0,6.739844620393714,7.761867433577541,0,0,1,49,49,2.6390573296152584,2.246742431340747,1529.0970442883443,2,493155.69316164864,3474.937921146953,48.58064516129032,244157.33226164657,1.6874794954109182,558,1811316.0913698263,-27.256381872697737
19.4718252,-99.1121944,tres estrellas,Edificio,16800000,590.0,0.0,6.0,28474.57627118644,0.829803447501769,0.4851810517519386,0.7436478485643114,2,0.358695652173913,0.0,6.257247553944215,7.944444435679821,0,0,0,38,23,2.302585092994046,2.2503127604961564,420.0619222281311,0,349943.1128273782,2152.2062412993037,50.31554524361949,231029.50188765884,1.7085531000234269,431,14921436.570442256,-11.181925175938954
19.4728505,-99.1452223,heroe de nacozari,Casa,9900000,450.0,2.0,1.0,22000.0,0.829803447501769,0.43268611065508167,0.7305241132900973,3,0.8315217391304348,0.0,6.612812071760705,8.152886788088523,0,0,3,27,82,1.791759469228055,2.244992986725285,1028.3292014364113,2,645480.5375096153,2943.749663461538,41.94230769230769,1457785.9393911904,1.8451109916141364,208,7826426.756860165,-20.94518427413975
19.4718252,-99.1121944,tres estrellas,Edificio,16800000,590.0,0.0,6.0,28474.57627118644,0.829803447501769,0.4851810517519386,0.7436478485643114,2,0.358695652173913,0.0,6.257247553944215,7.944444435679821,0,0,0,38,23,2.302585092994046,2.2503127604961564,420.0619222281311,0,349943.1128273782,2152.2062412993037,50.31554524361949,231029.50188765884,1.7085531000234269,431,14921436.570442256,-11.181925175938954
19.5049574,-99.1536746,la patera-condomodulos (u hab),Departamento,2711500,58.0,2.0,1.0,46750.0,0.829803447501769,0.5699848742919749,0.7648488041993204,2,0.17391304347826086,0.0,6.503311877357102,7.702687280344473,0,0,0,9,27,2.302585092994046,2.304874615690023,3211.454703092182,1,506655.91662869067,4574.498857938719,46.55849582172702,8203357.54352557,3.4155619026826027,718,1865368.1233943345,-31.20530616284955
19.4927502,-99.1342708,lindavista i,Casa,22000000,589.0,6.0,8.0,37351.44312393888,0.829803447501769,0.5045165158422844,0.7484817145868978,2,0.42934782608695654,0.0,6.255670461862165,7.167216289337453,0,0,4,58,21,2.3978952727983707,2.2827438052522395,1513.834520804593,1,676657.4653334608,4722.37105162524,45.118546845124285,1494968.0871618586,1.4466056779537724,523,14967519.239636317,-31.965821638016738
19.5036666,-99.1264059,residencial zacatenco,Casa,11950000,560.0,6.0,4.0,21339.285714285714,0.829803447501769,0.3615369638938298,0.7127368265997842,2,0.42934782608695654,0.0,7.067114701343387,6.917274091249417,0,0,0,39,44,1.791759469228055,2.300006156378084,1216.5226355780787,1,834022.9725416382,2795.5282252559728,39.23549488054608,2382545.495100344,1.6528304902235358,293,16684982.732620075,39.62328646543996
19.4764273,-99.0793716,casas aleman (ampl) i,Casa,6400000,165.0,3.0,3.0,38787.878787878784,0.829803447501769,0.5865889578198572,0.768999825081291,2,0.29347826086956524,0.0,7.735865801109382,8.511027648718478,0,0,0,46,12,1.6094379124341003,2.2941034288116797,2565.492943343972,0,305755.60807741934,2163.5100000000007,45.236559139784944,54660.784329883594,1.2703825390734778,372,3913216.1225264827,-38.85599808552371
19.4634243,-99.1124864,tablas de san agustin,Departamento,2031105,45.0,2.0,1.0,45135.666666666664,0.829803447501769,0.5820286827070891,0.7678597563030991,3,0.5978260869565217,0.0,4.975773660110356,8.213259411679102,1,0,0,37,38,1.9459101490553132,2.2305999968152106,1307.2044938237088,2,270504.6837736211,2150.4199999999996,47.74820143884892,203662.3644896149,2.2802110859138462,417,1632461.2747189205,-19.626938306049148
19.4823184,-99.0759029,providencia i,Departamento,2172400,51.0,2.0,1.0,42596.07843137255,0.829803447501769,0.6271031177936709,0.7791283650747445,5,0.20108695652173914,0.0,7.810774210612577,8.532623001786904,0,0,0,35,6,1.0986122886681098,2.303182458488089,3302.297489595939,0,443951.15919999994,2220.4390540540544,39.96756756756757,217201.0321550171,1.155477809197816,370,1736664.5923117783,-20.057788974784646
19.4576242,-99.0618129,san juan de aragon 4a  y 5a seccion (u hab) ii,Departamento,2600000,87.0,3.0,2.0,29885.05747126437,0.829803447501769,0.5222087170726307,0.7529047648944844,2,0.7010869565217391,0.0,6.111573114877915,8.935991381306275,1,0,0,27,74,0.6931471805599453,2.3011729884779237,3484.944865137397,0,404220.6672314815,2801.2699999999995,38.07037037037037,29173.340306583035,1.086618500637304,270,2561332.367100385,-1.4872166499851915
19.4763121,-99.1202885,estrella,Casa,14000000,400.0,5.0,3.0,35000.0,0.829803447501769,0.5236662942930645,0.7532691591995929,2,0.6739130434782609,0.0,6.452128272919927,7.662982127412575,0,0,2,56,27,2.5649493574615367,2.2536063854159947,1089.4691470658968,2,672152.0141479999,3949.72107368421,37.88421052631579,4855561.967008039,3.3881224048348226,475,11501362.154472418,-17.84741318233987
19.4718252,-99.1121944,tres estrellas,Edificio,16800000,590.0,0.0,6.0,28474.57627118644,0.829803447501769,0.4851810517519386,0.7436478485643114,2,0.358695652173913,0.0,6.257247553944215,7.944444435679821,0,0,0,38,23,2.302585092994046,2.2503127604961564,420.0619222281311,0,349943.1128273782,2152.2062412993037,50.31554524361949,231029.50188765884,1.7085531000234269,431,12230856.421107795,-27.197283207691697
19.5220523,-99.1670306,santa rosa,Casa,4500000,189.0,4.0,2.0,23809.52380952381,0.829803447501769,0.4828132029081489,0.7430558863533641,4,0.23369565217391305,0.0,8.01175174254682,7.9427588832049505,0,0,0,28,19,1.3862943611198906,2.328323284904211,5555.424862278594,1,341192.35688317753,2081.6500000000005,41.257009345794394,127816.82047337834,1.2843039232579367,428,4809770.266863437,6.883783708076387
19.4658479,-99.1429492,vallejo poniente,Departamento,1980000,53.0,2.0,1.0,37358.49056603773,0.829803447501769,0.5739108860949999,0.7658303071500767,3,0.9565217391304348,0.0,6.202747933380984,8.276482086506338,1,0,5,18,95,2.302585092994046,2.224398434337464,1105.28584805061,2,232172.67728984772,2833.7299999999996,25.6497461928934,677199.9227527981,3.5163162674972437,197,2015937.8916771533,1.8150450341996613
19.4762147,-99.1446777,defensores de la republica,Departamento,2100001,46.0,2.0,1.0,45652.19565217391,0.829803447501769,0.6215724546799689,0.777745699296319,1,0.625,0.0,6.270461893179234,8.062474985603403,0,0,0,23,51,1.9459101490553132,2.252577638244638,745.3608830101398,2,372237.9660441281,2833.7300000000005,43.120996441281136,208705.2296935876,1.8805985171087194,562,1744184.0514532267,-16.943656148105323
19.5098075,-99.1382342,residencial la escalera (fracc),Departamento,6950000,195.0,4.0,3.0,35641.02564102564,0.829803447501769,0.49559891208300055,0.7462523136470769,1,0.3804347826086957,0.0,7.334714291452048,6.233370335454988,0,0,2,26,46,2.0794415416798357,2.3080628710847546,2613.698091713578,1,229608.14469029126,2981.7200000000003,41.57645631067961,217377.51237715635,2.5181152289971442,824,6395511.415353422,-7.978253016497525
19.4880621,-99.1350725,lindavista i,Casa,11000000,220.0,4.0,4.0,50000.0,0.829803447501769,0.5762687981375904,0.7664197851607244,2,0.5434782608695652,0.0,1.8919185848989946,7.361551665676381,1,0,5,40,37,2.302585092994046,2.2744715900765278,996.6014183676193,2,1275039.0584720848,4154.035194346289,51.96466431095406,10712346.257345388,2.012127367834028,283,6961413.476414336,-36.71442294168786
19.5042067,-99.1209678,san pedro zacatenco (pblo),Casa,4300000,200.0,5.0,3.0,21500.0,0.829803447501769,0.34405822797580216,0.7083671426202773,2,0.41847826086956524,0.0,6.901989517073172,6.887602127660087,0,0,0,42,39,1.6094379124341003,2.3016521600900752,935.9251863701621,1,561231.2822481781,2223.2955060728736,41.72874493927125,1552518.7380750955,1.1159458660567014,247,7203767.438802312,67.529475320984
19.5351421,-99.1446075,el arbolillo 2 (u hab),Departamento,1597133,52.0,2.0,1.0,30714.096153846152,0.829803447501769,0.5294448529321347,0.7547137988593604,4,0.1956521739130435,0.0,8.254509553207589,6.449526046600748,0,0,2,21,17,1.791759469228055,2.336242621742869,5136.574511772741,1,106723.66079999998,1292.68,56.505405405405405,1.456175758000165e-11,0.7313468992248061,740,1518347.5130428874,-4.93293213258461
19.5052459,-99.1216092,san pedro zacatenco (pblo),Casa,8690000,168.0,9.0,5.0,51726.19047619047,0.829803447501769,0.5917650732928679,0.7702938539495437,2,0.3858695652173913,0.0,7.0204596623152815,6.9918769018555595,0,0,0,37,38,1.6094379124341003,2.302929708248034,1067.5512513414535,1,517037.19643433334,2285.5033333333336,41.95,361691.7943386521,1.0354499686865197,300,5669915.785197993,-34.7535582831071
19.4764273,-99.0793716,casas aleman (ampl) i,Departamento,7500000,177.0,3.0,2.0,42372.8813559322,0.829803447501769,0.6078497675799946,0.7743150275213254,2,0.29347826086956524,0.0,7.735865801109382,8.511027648718478,0,0,0,46,12,1.6094379124341003,2.2941034288116797,2565.492943343972,0,305755.60807741934,2163.5100000000007,45.236559139784944,54660.784329883594,1.2703825390734778,372,4462350.173450307,-40.501997687329236
19.5280058,-99.1426827,jorge negrete,Casa,4950000,203.0,5.0,3.0,24384.23645320197,0.829803447501769,0.46403791670887423,0.7383620648035454,3,0.30434782608695654,0.0,8.039594391416061,5.354286420996913,0,1,0,32,28,1.791759469228055,2.329135892801461,4373.2102822879315,1,321272.1797361305,1812.5779020979019,32.773892773892776,249748.93666647552,1.402520037059717,429,4984277.850890418,0.6924818361700522
19.4848583,-99.1178571,villa gustavo a madero,Departamento,4713900,100.0,2.0,2.0,47139.0,0.829803447501769,0.6061396453910115,0.7738874969740797,1,0.6141304347826086,0.0,5.859848830133583,7.138978789465684,1,0,4,70,25,2.4849066497880004,2.2721379182126946,1266.0832268887389,2,5132160.024784445,3673.2838888888887,46.388888888888886,37405928.79310981,2.0730832362283604,90,2661598.6196794477,-43.53722777998159
19.5129933,-99.1522732,nueva industrial vallejo (fracc),Departamento,2900000,60.0,2.0,2.0,48333.333333333336,0.829803447501769,0.5968601294308853,0.771567617984048,1,0.22282608695652173,0.0,7.245050642651753,7.572656549520161,0,0,0,17,28,2.3978952727983707,2.3143301928435305,3953.5762769742746,1,17858228.01825,4948.409999999999,36.8,8227567.696912364,0.6398703833346541,30,2058200.5494061988,-29.027567261855214
19.5178348,-99.1595042,progreso nacional (ampl),Departamento,2600000,92.0,2.0,2.0,28260.869565217392,0.829803447501769,0.5304159475619089,0.754956572516804,4,0.23369565217391305,0.0,7.68954279977563,7.709075998618523,0,0,0,26,21,1.3862943611198906,2.321702899203238,4755.846968412093,1,380216.01707276196,2376.8300000000004,40.42476190476191,127602.38971695215,1.365326869487655,525,2621514.550989422,0.8274827303623852
19.4570658,-99.0916841,san juan de aragon 1a seccion (u hab) i,Casa,5250000,190.0,4.0,2.0,27631.57894736842,0.829803447501769,0.47204012886137015,0.7403626178416693,3,0.41847826086956524,0.0,6.684489567701648,8.579911183339277,0,0,2,32,47,1.0986122886681098,2.2558190441242947,387.2298157025198,0,542342.4924912429,2878.2099999999996,44.728813559322035,100738.94773963303,1.0907189666271453,354,5326093.367306003,1.4493974724953018
19.5039724,-99.0933276,juan gonzalez romero,Departamento,2765000,72.0,2.0,2.0,38402.77777777778,0.829803447501769,0.522515974467901,0.752981579243302,3,0.6793478260869565,0.0,7.780979533537439,8.064674825365714,0,0,0,32,63,1.0986122886681098,2.3123527299445064,2704.630524742866,0,156821.74535858343,1796.8451380552222,33.644657863145255,447742.0802757341,3.6567385745969077,833,3651625.1565562994,32.06600927870884
19.4672272,-99.1271126,vallejo ii,Departamento,3200000,87.0,2.0,1.0,36781.6091954023,0.829803447501769,0.5544997351562714,0.7609775194153946,3,0.8695652173913043,0.0,6.332011610119488,8.059772843097152,0,0,0,59,52,2.3978952727983707,2.2262454680413697,1832.565201773558,2,656437.8736302857,4361.682133333334,41.55619047619047,917443.4394007834,2.1941438967298517,525,2392917.8925706726,-25.22131585716648
19.4700241,-99.1402186,guadalupe victoria ii,Departamento,2290000,70.0,3.0,1.0,32714.285714285714,0.829803447501769,0.5479792027126114,0.7593473863044796,3,0.8532608695652174,0.0,4.997309843582018,8.127661693316876,2,0,3,20,79,2.0794415416798357,2.234791689987978,1084.0668875667745,2,379914.43937996484,2926.4994376098416,39.24780316344464,568468.9396960303,2.915220534435139,569,2036656.4577198294,-11.063036780793475
19.4944265,-99.1231373,lindavista ii,Casa,26000000,570.0,6.0,3.0,45614.0350877193,0.829803447501769,0.5707880406568384,0.7650495957905363,1,0.6521739130434783,0.0,5.978285495386059,4.9870400873694,1,1,0,79,44,2.70805020110221,2.2867257539785686,597.2050729152721,2,1030750.023227211,4169.453741496598,41.04761904761905,1189045.5797051291,1.97638654518864,294,16708794.186310153,-35.73540697573018
19.4886805,-99.1311344,lindavista i,Casa,11000000,236.0,4.0,3.0,46610.16949152543,0.829803447501769,0.5545218978310988,0.7609830600841014,2,0.5597826086956522,0.0,6.037615694503197,7.086568320480245,1,0,6,68,32,2.70805020110221,2.2756211985522605,1265.423211593679,2,822735.9610157249,4127.784078624078,45.877149877149876,821873.7955127032,1.904861193451837,407,7552090.123116969,-31.34463524439119
19.480049,-99.124437,tepeyac insurgentes,Departamento,1690000,55.0,2.0,1.0,30727.272727272728,0.829803447501769,0.48280328171802295,0.7430534060558325,2,0.657608695652174,0.0,5.970272893829155,7.449952390366007,1,0,2,57,32,2.6390573296152584,2.2598195895671727,1486.8341832335666,2,453361.8886382354,3405.0200000000004,49.161764705882355,218940.58967757766,1.7437246794108754,612,2018107.6116461174,19.414651576693338
19.4748679,-99.1126823,estrella,Casa,5200000,129.0,2.0,1.0,40310.07751937985,0.829803447501769,0.5692824291208229,0.7646731929065325,2,0.5380434782608695,0.0,6.203237599240562,7.819942637267578,1,0,0,51,24,2.302585092994046,2.2562026516049034,281.88092109482415,2,423398.7585603448,2792.5314008620694,44.0926724137931,698379.2710251894,2.2627266612583457,464,3901891.862594484,-24.963618027029156
19.5052162,-99.1257391,residencial zacatenco,Departamento,4794000,125.0,3.0,2.0,38352.0,0.829803447501769,0.5153377557446869,0.7511870245624985,2,0.41847826086956524,0.0,7.150406675981706,7.010709996677243,0,0,0,39,42,1.6094379124341003,2.302229360366228,1291.2766498273543,1,861419.1595823293,2531.1699999999996,40.46586345381526,3104811.938573224,1.4066164248920117,249,3996489.7702127933,-16.635590942578364
19.4557579,-99.0889779,san juan de aragon 2a seccion (u hab) i,Casa,5000000,240.0,5.0,2.0,20833.333333333332,0.829803447501769,0.39995795066020373,0.7223420732913777,2,0.45652173913043476,0.0,6.811717549237808,8.632672078955615,0,0,2,35,51,1.0986122886681098,2.2592672371484084,705.9898210647641,0,547090.4070791305,2878.2099999999996,43.38550724637681,97235.88457610719,1.0602082300243307,345,5861977.730513296,17.239554610265923
19.5055014,-99.1353444,pemex lindavista (u hab),Edificio,15600000,500.0,0.0,0.0,31200.0,0.829803447501769,0.47830971540338096,0.741930014477172,1,0.3695652173913043,0.0,7.346205557078228,6.554766983896704,0,0,0,19,53,1.791759469228055,2.3021876683833935,2103.756081046395,1,725896.1871790575,3007.074541884817,40.86649214659686,14248428.413727539,3.2815471161997785,764,13985322.648226274,-10.35049584470337
19.5248604,-99.1586529,santiago atepetlac,Departamento,3150000,94.0,3.0,1.0,33510.63829787234,0.829803447501769,0.5841568908017065,0.7683918083267534,5,0.32608695652173914,0.0,7.956651001311637,7.546723610945224,0,0,0,33,31,1.6094379124341003,2.32866467874165,5325.568693957928,1,483312.243962963,2176.7177777777774,38.88215488215488,723160.2379973528,1.3473884967911705,297,2593284.173044726,-17.67351831604045
19.4915013,-99.1308691,lindavista i,Departamento,4300000,88.0,2.0,2.0,48863.63636363636,0.829803447501769,0.5636974787499263,0.7632769553138083,2,0.532608695652174,0.0,6.362728558801043,6.912073005470728,0,0,4,72,26,2.4849066497880004,2.280658996815566,1470.6241194855427,2,1127271.4826297993,4014.3028653295123,43.66189111747851,1693446.5341466519,1.947044894866592,349,3549302.287972305,-17.458086326225466
19.5107413,-99.144289,torres lindavista (fracc),Casa,12749000,344.0,4.0,3.0,37061.04651162791,0.829803447501769,0.49687997509954274,0.7465725794012125,1,0.3641304347826087,0.0,7.113298010067388,7.008381326671813,0,0,2,17,52,1.9459101490553132,2.309959471288829,3206.0986255998882,1,1119147.745245993,4807.838641114982,32.65505226480836,2226835.687877099,1.6291735398209888,287,11762501.837799905,-7.737847377834302
19.4914538,-99.1220994,lindavista ii,Edificio,20000000,390.0,0.0,10.0,51282.05128205128,0.829803447501769,0.6110400562672057,0.7751125996931282,1,0.6141304347826086,0.0,6.233347552479329,6.0932288243815185,0,0,3,76,38,2.772588722239781,2.2821134158250613,700.7933124826864,2,996737.3522394737,3982.717631578948,28.276315789473685,3339945.0314853485,4.663683339059765,304,16537283.661383212,-17.313581693083943
19.5184262,-99.1563715,progreso nacional ii,Casa,6600000,460.0,6.0,4.0,14347.826086956522,0.829803447501769,0.34781309438387,0.7093058592222943,1,0.2554347826086957,0.0,7.651518797205815,7.55508766193506,0,0,0,27,24,1.791759469228055,2.321464390457317,4673.3896726096145,1,440320.75840207376,2444.2804608294937,39.44239631336406,194598.34253237446,1.4150976432358344,434,8608757.899536042,30.435725750546084
19.5448571,-99.1279631,tlalpexco,Casa,5800000,180.0,3.0,2.0,32222.222222222223,0.829803447501769,0.5311138536273595,0.7551310490331666,4,0.06521739130434782,0.0,8.589257440354924,5.090202107204248,0,1,0,11,5,0.6931471805599453,2.344519207668811,5477.835597392665,1,116695.68895717345,734.4066809421842,33.6745182012848,51485.699368974994,0.7722009161864105,467,4303483.690713397,-25.802005332527635
19.4755029,-99.1279861,industrial ii,Departamento,3420000,81.0,2.0,1.0,42222.22222222222,0.829803447501769,0.5451762283304329,0.758646642708935,2,0.6358695652173914,0.0,6.138079560770458,7.7354094919379826,1,0,1,38,46,2.6390573296152584,2.248356250961281,1206.8301027321081,2,400842.98242050473,3405.0199999999995,51.47791798107256,197755.68910690676,1.5591044733384956,634,2875883.130774798,-15.909849977345091
19.4732606,-99.1114596,tres estrellas,Departamento,2775000,72.0,2.0,1.0,38541.666666666664,0.829803447501769,0.5545823525132241,0.7609981737546327,2,0.31521739130434784,0.0,5.947098300440068,7.902735457508902,1,0,0,40,19,2.302585092994046,2.2540581654851866,245.98787041280804,0,336533.8788535469,2205.0332036613268,50.02974828375286,190046.44930988154,1.7583776592927929,437,2361392.2555950796,-14.904783582159292
19.4682503,-99.1132738,bondojito,Departamento,2150000,54.0,2.0,1.0,39814.81481481482,0.829803447501769,0.5486181847169795,0.7595071318055717,2,0.5,0.0,6.049663159232404,8.05654369897064,1,0,0,50,38,1.9459101490553132,2.241161379564293,822.1187685018705,2,3006930.4427828565,2150.4199999999996,9.638095238095238,17406331.59105895,4.532320201521279,105,3180334.279814268,47.922524642524095
19.480687,-99.1185698,aragon la villa (aragon),Casa,8950000,380.0,8.0,2.0,23552.63157894737,0.829803447501769,0.4025500772170273,0.7229901049305836,2,0.6956521739130435,0.0,4.778681089352667,7.426064036564061,1,0,4,72,26,2.4849066497880004,2.2638021554619656,1097.662501484423,2,721030.0839669467,3343.9293277310926,52.03921568627451,1448920.909691578,1.5892696934659711,357,9690201.793191765,8.270411097114687
19.5009923,-99.1181434,residencial zacatenco,Departamento,2900000,65.0,2.0,1.0,44615.38461538462,0.829803447501769,0.5513645852480208,0.760193731938332,2,0.391304347826087,0.0,6.466041944568522,6.622229817064165,0,0,0,40,36,1.791759469228055,2.297887427854515,520.4707588906796,1,2919744.3020096766,2376.3377419354847,41.70967741935484,11606200.689029446,0.8700262068497812,62,2528825.233636347,-12.79912987460872
19.5129933,-99.1522732,nueva industrial vallejo (fracc),Casa,4963000,208.0,6.0,2.0,23860.576923076922,0.829803447501769,0.42226196783552983,0.7279180775852092,1,0.22282608695652173,0.0,7.245050642651753,7.572656549520161,0,0,0,17,28,2.3978952727983707,2.3143301928435305,3953.5762769742746,1,17858228.01825,4948.409999999999,36.8,8227567.696912364,0.6398703833346541,30,5027094.2104957,1.2914408723695372
19.4509963,-99.0875815,san juan de aragon 2a seccion (u hab) i,Casa,5000000,240.0,5.0,2.0,20833.333333333332,0.829803447501769,0.3979385770255798,0.7218372298827217,2,0.5108695652173914,0.0,6.378204915922286,8.719217495145445,0,0,2,35,61,2.302585092994046,2.2572980033961354,1146.390208883673,0,566091.771758982,2878.2099999999996,43.74850299401198,121516.50007656927,1.0617760421529394,334,6444060.769578345,28.8812153915669
19.5052162,-99.1257391,residencial zacatenco,Departamento,3962000,82.0,2.0,2.0,48317.07317073171,0.829803447501769,0.5725710066480284,0.7654953372883339,2,0.41847826086956524,0.0,7.150406675981706,7.010709996677243,0,0,0,39,42,1.6094379124341003,2.302229360366228,1291.2766498273543,1,861419.1595823293,2531.1699999999996,40.46586345381526,3104811.938573224,1.4066164248920117,249,2813337.168065068,-28.9919947484839
19.4787304,-99.1024687,granjas modernas-san juan de aragon (ampl),Casa,10500000,333.0,7.0,3.0,31531.53153153153,0.829803447501769,0.4889155295884473,0.7445814680234386,2,0.45108695652173914,0.0,6.55547014242877,7.930892220248044,0,0,3,24,15,2.1972245773362196,2.272747353100543,891.6821110852053,0,1968715.9476899998,2434.0499999999993,33.88,6087742.023469276,0.7314562792416491,150,6792166.088740846,-35.31270391675385
19.4699485,-99.1355012,vallejo i,Casa,6985000,383.0,4.0,3.0,18237.597911227153,0.829803447501769,0.3613173414730203,0.7126819209945818,2,0.8097826086956522,0.0,4.718028843351372,8.053846904609312,2,0,0,26,71,2.4849066497880004,2.233089572584364,1126.9836434054166,2,569227.4300077307,4072.0480049875314,35.795511221945134,947871.7634481408,3.108639274017441,401,11551136.713657819,65.37060434728444
19.5163562,-99.1369246,la purisima ticoman (barr),Departamento,1795000,72.0,2.0,1.0,24930.555555555555,0.829803447501769,0.4340722944643848,0.730870659242423,1,0.41304347826086957,0.0,7.678804520605247,6.420159117171943,0,0,2,35,43,2.0794415416798357,2.316025664670561,2992.0137462978937,1,587489.6653178191,2542.345718085107,37.46808510638298,484471.59547980677,0.9494050566292879,376,2495779.424496028,39.04063646217427
19.5039724,-99.0933276,juan gonzalez romero,Departamento,2469000,64.0,2.0,1.0,38578.125,0.829803447501769,0.5236524491368516,0.7532656979105397,3,0.6793478260869565,0.0,7.780979533537439,8.064674825365714,0,0,0,32,63,1.0986122886681098,2.3123527299445064,2704.630524742866,0,156821.74535858343,1796.8451380552222,33.644657863145255,447742.0802757341,3.6567385745969077,833,3334056.2333696657,35.03670447021732
19.4703235,-99.139587,guadalupe victoria ii,Edificio,6500000,430.0,0.0,0.0,15116.279069767443,0.829803447501769,0.35169054742454636,0.7102752224824633,3,0.8478260869565217,0.0,5.08102350240466,8.108519015372458,2,0,3,19,79,2.0794415416798357,2.235339651156845,1042.7033721360713,2,359972.7675691699,3000.972826086957,37.401185770750985,630112.284006781,2.9627520165296377,506,12199063.041400192,87.67789294461834
19.4845934,-99.1143646,villa gustavo a madero,Departamento,3000000,59.0,2.0,1.0,50847.457627118645,0.829803447501769,0.6275493292362139,0.7792399179353803,1,0.5163043478260869,0.0,6.267068380499421,7.286002274614716,0,0,2,63,19,2.1972245773362196,2.2735155907410856,1156.1496802426605,2,1896939.2941062502,2708.9138749999997,52.7875,7927481.523908765,2.1011520790459115,80,1822328.3657164427,-39.25572114278524
19.4914538,-99.1220994,lindavista ii,Edificio,20000000,390.0,0.0,10.0,51282.05128205128,0.829803447501769,0.6110400562672057,0.7751125996931282,1,0.6141304347826086,0.0,6.233347552479329,6.0932288243815185,0,0,3,76,38,2.772588722239781,2.2821134158250613,700.7933124826864,2,996737.3522394737,3982.717631578948,28.276315789473685,3339945.0314853485,4.663683339059765,304,17340764.005645942,-13.296179971770291
19.4675479,-99.1205924,guadalupe tepeyac,Departamento,2100000,40.0,1.0,1.0,52500.0,0.829803447501769,0.5896272907715332,0.7697594083192101,2,0.7608695652173914,0.0,6.868090228102709,8.036819566325962,0,0,0,51,46,2.1972245773362196,2.231720078196288,1384.120667509458,2,325582.48673204426,2920.2900000000004,47.51381215469613,285835.5551222617,2.2114175576831294,543,1606163.6085217271,-23.516018641822516
19.4662432,-99.0637093,san juan de aragon 6a seccion (u hab) ii,Casa,7000000,280.0,4.0,3.0,25000.0,0.829803447501769,0.49304048008542484,0.745612705647683,2,0.5543478260869565,0.0,6.332978455977878,8.845523377042614,0,0,0,21,43,1.3862943611198906,2.3036529528053222,3391.2936979762444,0,390880.0226607539,2819.599999999999,40.38137472283814,229762.92479322036,1.0278591853947843,451,6650647.436355024,-4.990750909213948
19.4634243,-99.1124864,tablas de san agustin,Departamento,2031000,50.0,2.0,1.0,40620.0,0.829803447501769,0.5561853805060953,0.7613989307528506,3,0.5978260869565217,0.0,4.975773660110356,8.213259411679102,1,0,0,37,38,1.9459101490553132,2.2305999968152106,1307.2044938237088,2,270504.6837736211,2150.4199999999996,47.74820143884892,203662.3644896149,2.2802110859138462,417,1775748.3313083388,-12.567782801165004
19.4617589,-99.1063622,martires de rio blanco (ampl),Edificio,9800000,420.0,0.0,0.0,23333.333333333332,0.829803447501769,0.4544754265412771,0.735971442261646,3,0.6684782608695652,0.0,6.50806526954078,8.315003508052587,0,0,0,44,26,0.6931471805599453,2.236733927383618,1242.7175729385738,2,292239.174933,2150.4199999999996,48.9975,245612.13577822613,1.7397726951214034,400,9165325.597876884,-6.476269409419551
19.4871723,-99.1273749,lindavista i,Casa,9500000,200.0,0.0,3.0,47500.0,0.829803447501769,0.5547755104740384,0.7610464632448364,2,0.5760869565217391,0.0,5.710775793662421,6.968021579625078,2,0,6,67,35,2.6390573296152584,2.273279354024659,1424.6681768629953,2,848196.7768043795,4126.278248175182,45.18248175182482,589683.6206912664,1.7559283656131768,411,7530299.087264969,-20.733693818263486
19.5114865,-99.0957625,ctm el risco (u hab),Bodega,5500000,370.0,0.0,3.0,14864.864864864865,0.829803447501769,0.29339112831315123,0.6957003677046146,0,0.5,0.0,8.02720529861919,8.101571498624459,0,0,0,24,72,0.6931471805599453,2.3191238585955953,2858.4948140352785,0,133273.97132506597,1861.5700000000002,46.23746701846966,220597.7798318263,1.833802087229685,379,8261427.743854706,50.20777716099466
19.4930148,-99.1391242,lindavista i,Edificio,12000000,490.0,0.0,0.0,24489.79591836735,0.829803447501769,0.4365390250035177,0.7314873418772062,2,0.5163043478260869,0.0,6.537064042140503,7.490560285330749,0,0,3,36,34,2.302585092994046,2.2836158034225953,1474.361910563942,2,597994.1883592886,3667.4576877470354,41.92292490118577,580333.1009903554,2.01966462936566,506,13660993.89086499,13.841615757208256
19.4617461,-99.1241328,7 de noviembre,Departamento,2300000,51.0,2.0,1.0,45098.03921568627,0.829803447501769,0.5678004663294522,0.7643027022086899,3,0.8858695652173914,0.0,6.3678404396420545,8.225498387373632,0,0,0,48,69,2.4849066497880004,2.2105544744687355,2085.899081767684,2,645217.2587921739,2386.7871304347823,50.50144927536232,1851885.8853074776,1.9248451796747044,345,1702981.1843134405,-25.95733981245911
19.5004994,-99.0935907,del obrero,Departamento,2625459,49.0,2.0,1.0,53580.795918367345,0.829803447501769,0.6057207861815935,0.7737827821717251,4,0.657608695652174,0.0,7.626271113261997,8.026438420478762,0,0,0,40,41,1.0986122886681098,2.308377024469273,2582.497966049105,0,299914.4004307407,2061.670814814815,39.35740740740741,615141.3879976148,1.8060611941122446,540,1899611.5743223922,-27.646496314648516
19.4728838,-99.12316,industrial i,Departamento,3000000,60.0,2.0,2.0,50000.0,0.829803447501769,0.622572659998348,0.7779957506259138,2,0.7934782608695652,0.0,6.952089250620931,7.823711290515181,0,0,1,50,49,2.3978952727983707,2.2438710630036134,1400.8329548547665,2,568786.9672768736,4173.608094218414,46.62740899357602,506151.3182240265,1.7514140466582109,467,2177119.6351904906,-27.429345493650313
19.4708142,-99.0934596,ejidos san juan de aragon 1a seccion (u hab),Departamento,1800000,50.0,2.0,1.0,36000.0,0.829803447501769,0.580220532409958,0.7674077187288163,1,0.5815217391304348,0.0,7.363809453452867,8.311553355612816,0,0,1,36,42,1.6094379124341003,2.2710511665634936,1361.1796744278838,0,506948.97949946515,2383.2627807486624,42.49732620320856,89203.25482923347,0.8678564925035454,187,2147498.2520601954,19.305458447788634
19.5114865,-99.0957625,ctm el risco (u hab),Bodega,5500000,370.0,0.0,3.0,14864.864864864865,0.829803447501769,0.29339112831315123,0.6957003677046146,0,0.5,0.0,8.02720529861919,8.101571498624459,0,0,0,24,72,0.6931471805599453,2.3191238585955953,2858.4948140352785,0,133273.97132506597,1861.5700000000002,46.23746701846966,220597.7798318263,1.833802087229685,379,8496757.387319926,54.48649795127138
19.493309,-99.0920265,nueva atzacoalco iii,Departamento,1300000,60.0,2.0,1.0,21666.666666666668,0.829803447501769,0.3978520452669642,0.7218155969430678,4,0.5380434782608695,0.0,7.369336540087702,8.065341137800644,0,0,0,37,16,1.3862943611198906,2.3011609296632165,2724.7190074804766,0,327455.19021783135,2067.472578313254,38.06987951807229,189919.10245672966,1.4233548357362105,415,1961169.735297703,50.85921040751561
19.480687,-99.1185698,aragon la villa (aragon),Casa,9700000,254.0,4.0,4.0,38188.97637795276,0.829803447501769,0.5221001845403513,0.7528776317614146,2,0.6956521739130435,0.0,4.778681089352667,7.426064036564061,1,0,4,72,26,2.4849066497880004,2.2638021554619656,1097.662501484423,2,721030.0839669467,3343.9293277310926,52.03921568627451,1448920.909691578,1.5892696934659711,357,5619806.977152468,-42.06384559636631
19.4746034,-99.0884909,el olivo,Casa,3500000,160.0,4.0,2.0,21875.0,0.829803447501769,0.45346186103252695,0.7357180508844585,1,0.34782608695652173,0.0,7.6151460729389395,8.349711710267592,0,0,0,38,30,1.791759469228055,2.2819446181245464,1898.0370521164566,0,236323.51597836538,2241.9483173076924,41.10096153846154,254798.79488627295,1.177773888057234,624,4246168.666829805,21.319104766565854
19.4567136,-99.103723,nueva tenochtitlan,Casa,4600000,297.0,1.0,1.0,15488.215488215488,0.829803447501769,0.36567719857267833,0.7137718852694963,4,0.6793478260869565,0.0,6.416861675735964,8.456911373298352,0,0,0,40,33,0.6931471805599453,2.231679636702928,939.0503146528845,2,316279.32614045456,2150.419999999999,48.67272727272727,144634.3436092885,1.6379093693429871,440,6719703.634840773,46.08051380088638
19.4721754,-99.1074797,aragon inguaran,Edificio,9000000,350.0,12.0,0.0,25714.285714285714,0.829803447501769,0.44932334017448833,0.7346834206699489,3,0.5163043478260869,0.0,5.517168207633532,8.008635411334472,1,0,0,35,19,2.0794415416798357,2.2561080554207877,409.4514165702644,0,358893.8941310925,2150.4199999999996,50.070028011204485,183714.11208954838,1.5374258275032302,357,7947902.294237732,-11.689974508469644
19.4919775,-99.0960219,vasco de quiroga,Departamento,1700000,49.0,2.0,1.0,34693.87755102041,0.829803447501769,0.5248562043483492,0.7535666367134141,4,0.5054347826086957,0.0,7.0608659761898975,7.9304948008813225,0,0,0,38,12,1.791759469228055,2.296718371126156,2334.812119164047,0,52316.57537162458,2594.4088310129623,21.164426308209315,81962.95235135063,2.7836624770282996,4166,1668628.6451959326,-1.8453738120039653
19.5049574,-99.1536746,la patera-condomodulos (u hab),Departamento,2766500,58.0,2.0,1.0,47698.275862068964,0.829803447501769,0.5748996966643531,0.7660775097924151,2,0.17391304347826086,0.0,6.503311877357102,7.702687280344473,0,0,0,9,27,2.302585092994046,2.304874615690023,3211.454703092182,1,506655.91662869067,4574.498857938719,46.55849582172702,8203357.54352557,3.4155619026826027,718,1865368.1233943345,-32.57299391309111
19.4743547,-99.1079675,granjas modernas-san juan de aragon (ampl),Departamento,2700000,60.0,2.0,2.0,45000.0,0.829803447501769,0.5888574348646557,0.7695669443424907,2,0.4673913043478261,0.0,1.7426123447159394,7.928404899464183,1,0,2,35,21,2.3978952727983707,2.2597254789938805,224.94103032271218,0,1308057.729122807,2162.8599122807013,46.96491228070175,5534351.171020864,1.4499380584060826,114,2087418.6110161946,-22.688199591992795
19.4687165,-99.0911071,ejidos san juan de aragon 1a seccion (u hab),Departamento,1650000,51.0,2.0,1.0,32352.941176470587,0.829803447501769,0.5057904562896363,0.7488001996987359,1,0.42934782608695654,0.0,7.539997118666455,8.391503138462644,0,0,1,37,45,1.3862943611198906,2.2713602764776666,1191.6596103084455,0,198814.49539530388,2444.619999999999,29.415745856353592,204696.9064199578,1.8736221879928585,724,1876551.1070157813,13.730370122168567
19.4700727,-99.1320852,guadalupe insurgentes,Casa,5750000,256.0,4.0,5.0,22460.9375,0.829803447501769,0.4050147001585809,0.723606260665972,2,0.8315217391304348,0.0,6.148786255966889,8.003638559069062,1,0,0,31,60,2.5649493574615367,2.2333052670569034,1265.8296981964857,2,429427.86613717425,4030.726419753086,43.839506172839506,577949.8051921721,2.3393328658195665,729,5968838.284176522,3.8058832030699463
19.5052162,-99.1257391,residencial zacatenco,Departamento,4200000,90.0,3.0,3.0,46666.666666666664,0.829803447501769,0.5640446864966996,0.7633637572505017,2,0.41847826086956524,0.0,7.150406675981706,7.010709996677243,0,0,0,39,42,1.6094379124341003,2.302229360366228,1291.2766498273543,1,861419.1595823293,2531.1699999999996,40.46586345381526,3104811.938573224,1.4066164248920117,249,3015064.9465732016,-28.212739367304724
19.462725,-99.108813,bondojito,Casa,6500000,334.0,4.0,2.0,19461.077844311378,0.829803447501769,0.40286157673132234,0.7230679798091574,2,0.6847826086956522,0.0,5.977324998075237,8.265329067047379,1,0,0,44,32,0.6931471805599453,2.234709445063245,1363.9743896983596,2,269680.2659324771,2150.4199999999996,50.88073394495413,345081.5817604992,1.905291113761501,545,7764090.464658661,19.447545610133243
19.4721222,-99.1105347,tres estrellas,Departamento,2775000,72.0,2.0,1.0,38541.666666666664,0.829803447501769,0.5646940858283748,0.7635261070834205,2,0.41847826086956524,0.0,5.895397091643465,7.9585570751043715,1,0,0,35,24,2.1972245773362196,2.252667521083517,323.34585394319924,0,335904.33391605504,2150.4199999999996,47.32339449541284,181745.33479258977,1.7908002677250776,436,2367052.138609746,-14.700823833883025
19.5253061,-99.1496944,acueducto de guadalupe (u hab),Departamento,2490000,85.0,3.0,2.0,29294.117647058825,0.829803447501769,0.5436909606079255,0.7582753257783081,3,0.3695652173913043,0.0,7.910814489605736,6.868544768351933,0,0,0,34,38,1.9459101490553132,2.327275327915766,4636.91690938315,1,184496.22028794212,3688.8237620578775,49.23231511254019,256145.42015676474,2.415432348035712,1244,1960138.0132383278,-21.279597861914546
19.4819849,-99.1008683,constitucion de la republica,Departamento,2031100,50.0,2.0,1.0,40622.0,0.829803447501769,0.5608672728576537,0.7625694038407402,2,0.483695652173913,0.0,6.215791971804586,7.899094576793492,1,0,3,31,13,2.0794415416798357,2.2792432086939804,1231.170812913828,0,295638.43202654726,2632.07,28.262214983713356,243271.68941739475,2.4042670795972954,614,2084998.3281380944,2.65365211649325
19.4811544,-99.1139134,aragon la villa (aragon),Departamento,2508000,50.0,2.0,2.0,50160.0,0.829803447501769,0.6033148737206127,0.7731813040564799,2,0.5869565217391305,0.0,6.159136586972803,7.500272920506772,1,0,2,63,25,2.3978952727983707,2.267541811659972,795.261978677805,2,482028.7236227758,2246.195017793594,46.09964412811388,400811.8924945858,1.3653722242001989,281,1537342.9571715388,-38.70243392457979
19.4866053,-99.1192117,tepeyac insurgentes,Departamento,1200000,47.0,2.0,1.0,25531.91489361702,0.829803447501769,0.46843654491818376,0.7394617218558728,2,0.6630434782608695,0.0,6.304508152290956,6.937300934668495,0,0,4,77,32,2.302585092994046,2.2746951345532658,1082.936981538893,2,728203.8422436261,3531.7218696883847,42.447592067988666,1059934.3137071724,1.679440069209381,353,1665818.2719179622,38.81818932649686
19.5594809,-99.1452898,tlacaelel,Bodega,12500000,250.0,0.0,0.0,50000.0,0.829803447501769,0.6385479560334044,0.7819895746346779,3,0.1358695652173913,0.0,8.782735233499237,7.074113208923275,0,0,0,18,11,0.6931471805599453,2.3564854670117366,7562.75938550151,1,89030.80801115619,787.2796146044624,26.45841784989858,115694.66661176913,0.789209873248694,493,5933303.198801041,-52.53357440959168
19.5052162,-99.1257391,residencial zacatenco,Departamento,4900000,98.0,3.0,2.0,50000.0,0.829803447501769,0.5809286142396245,0.7675847391862329,2,0.41847826086956524,0.0,7.150406675981706,7.010709996677243,0,0,0,39,42,1.6094379124341003,2.302229360366228,1291.2766498273543,1,861419.1595823293,2531.1699999999996,40.46586345381526,3104811.938573224,1.4066164248920117,249,3243603.8234593924,-33.80400360286954
19.488593,-99.1405139,valle del tepeyac,Casa,6750000,340.0,2.0,2.0,19852.941176470587,0.829803447501769,0.378898826988094,0.7170772923733503,2,0.6413043478260869,0.0,6.1069903605056854,7.631026064855772,1,0,5,33,42,2.302585092994046,2.276180409338779,1004.3333900033377,2,443573.2756353983,3143.7736283185836,41.35221238938053,313440.2426186044,2.10998769173779,565,9433627.45934801,39.75744384219274
19.5057393,-99.1480141,lindavista ii,Departamento,4480000,91.0,2.0,2.0,49230.769230769234,0.829803447501769,0.5661351212368595,0.7638863659355417,1,0.22826086956521738,0.0,6.353974952771635,7.396358427998668,0,0,0,9,37,2.3978952727983707,2.304285023335875,3045.9997173181214,1,7426225.352117143,4572.929999999999,37.371428571428574,4686886.571831015,0.8936733668367779,35,3625076.86115076,-19.083105777884818
19.489093,-99.1249124,lindavista i,Departamento,5990000,138.0,6.0,3.0,43405.79710144927,0.829803447501769,0.5268264096096493,0.7540591880287391,2,0.592391304347826,0.0,6.099291589252106,6.629248464618407,1,0,4,73,35,2.70805020110221,2.2772948247509897,1092.253530662386,2,1061720.101899698,4076.338489425982,37.34441087613293,1587351.9743686027,2.596886404909794,331,5426419.905281901,-9.408682716495804
19.468558,-99.0636906,san juan de aragon 6a seccion (u hab) ii,Casa,7000000,161.0,3.0,4.0,43478.260869565216,0.829803447501769,0.6369496364227557,0.7815899947320157,2,0.5108695652173914,0.0,6.685467476599141,8.829008473040181,0,0,0,21,44,1.6094379124341003,2.305119908960527,3465.9029777803453,0,824106.3188807971,2628.8401449275357,37.52536231884058,4826803.04295178,1.1897078319663983,276,4311180.3759917505,-38.41170891440356
19.460573,-99.1095538,cuchilla la joya,Casa,7500000,320.0,3.0,2.0,23437.5,0.829803447501769,0.45152715675604416,0.7352343748153378,4,0.6630434782608695,0.0,6.248165158825815,8.314706474519898,0,0,1,43,28,1.0986122886681098,2.228524868995074,1543.0561663421704,2,320634.86551999993,2150.419999999999,48.90736842105263,243010.6595116212,1.6709833144690573,475,7077959.733329479,-5.627203555606951
19.5084773,-99.1579443,nueva industrial vallejo (fracc),Departamento,1478000,70.0,3.0,1.0,21114.285714285714,0.829803447501769,0.3827908925421529,0.718050308761865,1,0.14673913043478262,0.0,7.13896365044968,7.8471353869467215,0,0,0,9,22,2.1972245773362196,2.310684176627696,3776.3017090994767,1,500100.03938090237,4572.930000000001,28.455403987408186,10258528.07268658,4.036000439984132,953,2772621.59602611,87.59280081367457
19.4743409,-99.0682264,la pradera,Casa,1241000,61.0,3.0,1.0,20344.262295081968,0.829803447501769,0.4279938762011009,0.729351054676602,1,0.31521739130434784,0.0,7.271507979174943,8.721482666080286,0,0,0,33,28,1.6094379124341003,2.304230384775537,3306.022277127529,0,396049.63645363884,2293.588328840971,42.59568733153639,385190.86771149293,1.1629455551192678,371,1991461.7529800017,60.472341094278946
19.532774,-99.1479445,el arbolillo 1 (u hab),Departamento,1880000,69.0,3.0,1.0,27246.376811594204,0.829803447501769,0.5050602612497944,0.7486176509387754,2,0.29347826086956524,0.0,8.176096521718122,6.868115808101794,0,0,0,30,28,1.791759469228055,2.3343797255191907,5127.655117848646,1,74027.03781564765,1725.86792746114,45.509844559585495,693658.6308225369,2.5762365832172125,965,1869668.7735126866,-0.5495333237932658
19.5304377,-99.1489895,el arbolillo 1 (u hab),Departamento,856422,46.0,2.0,1.0,18617.869565217392,0.829803447501769,0.40942766515948387,0.7247095019161978,2,0.30434782608695654,0.0,8.099870525861009,6.830546696330838,0,0,0,28,32,1.6094379124341003,2.3322785203783756,4997.863142649753,1,54883.40169737533,2154.59,58.67804024496938,45552.11541091669,3.301174463087373,1143,1405705.677781697,64.13703498762257
19.4896519,-99.1343709,lindavista i,Casa,8900000,297.0,5.0,2.0,29966.329966329966,0.829803447501769,0.4413998107931683,0.7327025383246188,2,0.4891304347826087,0.0,5.228305275464122,7.261531360981438,1,0,5,53,31,2.4849066497880004,2.2773405181012865,1187.2846312868123,2,787016.4347828358,4252.87487562189,49.73880597014925,2124395.4765883377,2.0059796621304824,402,9776785.37172329,9.85152103059877
19.4896519,-99.1343709,lindavista i,Casa,8900000,297.0,5.0,2.0,29966.329966329966,0.829803447501769,0.4413998107931683,0.7327025383246188,2,0.4891304347826087,0.0,5.228305275464122,7.261531360981438,1,0,5,53,31,2.4849066497880004,2.2773405181012865,1187.2846312868123,2,787016.4347828358,4252.87487562189,49.73880597014925,2124395.4765883377,2.0059796621304824,402,8589138.348463537,-3.492827545353515
19.5228371,-99.1605541,santiago atepetlac,Departamento,1083300,59.0,2.0,1.0,18361.01694915254,0.829803447501769,0.41584657823779303,0.726314230185775,5,0.29347826086956524,0.0,7.910863183995,7.665380475897962,0,0,0,33,25,1.6094379124341003,2.32714625895081,5300.12069188958,1,432600.4238378788,2244.247777777778,38.686868686868685,366910.76423483284,1.3172407753178104,396,1739761.2493459724,60.59828757924605
19.5057393,-99.1480141,lindavista ii,Casa,7875000,214.0,3.0,3.0,36799.06542056075,0.829803447501769,0.49376363923031696,0.745793495433906,1,0.22826086956521738,0.0,6.353974952771635,7.396358427998668,0,0,0,9,37,2.3978952727983707,2.304285023335875,3045.9997173181214,1,7426225.352117143,4572.929999999999,37.371428571428574,4686886.571831015,0.8936733668367779,35,7188030.903949548,-8.723417092704159
19.4785468,-99.070034,providencia (ampl),Casa,3600000,233.0,3.0,2.0,15450.643776824034,0.829803447501769,0.3658533137118622,0.7138159140542923,5,0.22826086956521738,0.0,7.459548686358742,8.66417426868403,0,0,0,32,14,1.6094379124341003,2.3056529264987504,3425.9686065208966,0,273207.42944166664,2222.81,42.42467948717949,1356349.7799412056,1.2068861219577633,624,6207311.703722275,72.42532510339652
19.4787304,-99.1024687,granjas modernas-san juan de aragon (ampl),Departamento,2090000,81.0,2.0,1.0,25802.46913580247,0.829803447501769,0.43908829032091024,0.7321246582065544,2,0.45108695652173914,0.0,6.55547014242877,7.930892220248044,0,0,3,24,15,2.1972245773362196,2.272747353100543,891.6821110852053,0,1968715.9476899998,2434.0499999999993,33.88,6087742.023469276,0.7314562792416491,150,2438646.8366223983,16.6816668240382
19.5049216,-99.1249383,residencial zacatenco,Casa,12900000,440.0,4.0,2.0,29318.18181818182,0.829803447501769,0.4500038848544903,0.7348535568399494,2,0.41847826086956524,0.0,7.094065996701243,6.990961120683581,0,0,0,39,42,1.6094379124341003,2.3019336999401356,1212.9274313685871,1,677150.6018865979,2531.17,41.74226804123711,1257553.907722298,1.4754397982832232,291,11905345.583682466,-7.710499351298711
19.4883345,-99.1360549,churubusco tepeyac,Departamento,4700000,194.0,2.0,1.0,24226.80412371134,0.829803447501769,0.40416712266886234,0.7233943662935424,3,0.6086956521739131,0.0,4.673546009605286,7.407707295383355,1,0,5,43,38,2.302585092994046,2.275043792756555,992.0706420186252,2,560572.2687191846,3697.1294724220616,50.354916067146284,500240.806127713,1.7408368183951612,417,6184402.844096463,31.58303923609496
19.5098825,-99.1458117,torres lindavista (fracc),Casa,17680000,440.0,4.0,4.0,40181.818181818184,0.829803447501769,0.513609751837194,0.7507550235856253,1,0.32065217391304346,0.0,6.984641854702541,7.151710539605088,0,0,2,14,47,2.1972245773362196,2.309146144561728,3301.2344681059694,1,1011058.5168416383,4795.787372013651,33.89078498293515,494180.91990233905,1.3127899590369654,293,14126358.014499938,-20.09978498586008
19.5228371,-99.1605541,santiago atepetlac,Departamento,1139500,59.0,2.0,1.0,19313.5593220339,0.829803447501769,0.4281826818673406,0.7293982560931619,5,0.29347826086956524,0.0,7.910863183995,7.665380475897962,0,0,0,33,25,1.6094379124341003,2.32714625895081,5300.12069188958,1,432600.4238378788,2244.247777777778,38.686868686868685,366910.76423483284,1.3172407753178104,396,1739761.2493459724,52.67759976708841
19.506314,-99.1445042,lindavista ii,Casa,16700000,420.0,4.0,4.0,39761.90476190476,0.829803447501769,0.5205535250519405,0.7524909668893119,1,0.31521739130434784,0.0,6.679769486264925,7.1472128030593325,0,0,0,12,50,2.302585092994046,2.304302364966303,3009.414085044649,1,1647816.5544275134,4678.422328042329,29.423280423280424,6202669.436354064,0.3818613076549083,189,13065232.149475949,-21.765076949245817
19.487434,-99.1207098,tepeyac insurgentes,Departamento,4800000,120.0,2.0,2.0,40000.0,0.829803447501769,0.5791137807314413,0.7671310308091871,2,0.6141304347826086,0.0,6.337253943977485,6.804751628208869,0,0,4,69,33,2.772588722239781,2.2755928440394046,1027.4777775092593,2,648857.3425886139,3504.632425742573,41.07920792079208,772963.4766926762,1.9783892154025338,404,4117548.7257624925,-14.217734879948074
19.5194858,-99.147971,santiago atepetlac (la selvita) (u hab),Casa,3672000,211.0,3.0,2.0,17402.843601895736,0.829803447501769,0.4039583246300397,0.7233421667838367,3,0.3641304347826087,0.0,7.643059649457359,7.0491662150505965,0,0,0,37,34,2.1972245773362196,2.320811646274563,4074.833361418853,1,187834.64594137357,2358.341775544389,31.55276381909548,521445.64931428083,1.9674752119533057,597,5395271.196612774,46.93004348074004
19.5194858,-99.147971,santiago atepetlac (la selvita) (u hab),Casa,3700000,186.0,4.0,3.0,19892.47311827957,0.829803447501769,0.4365216184477226,0.7314829902382575,3,0.3641304347826087,0.0,7.643059649457359,7.0491662150505965,0,0,0,37,34,2.1972245773362196,2.320811646274563,4074.833361418853,1,187834.64594137357,2358.341775544389,31.55276381909548,521445.64931428083,1.9674752119533057,597,4704309.40523796,27.143497438863772
19.4807706,-99.1197036,tepeyac insurgentes,Casa,6300000,230.0,4.0,3.0,27391.304347826088,0.829803447501769,0.4520400461948114,0.7353625971750296,2,0.7010869565217391,0.0,5.1767856233504075,7.406507089914544,1,0,4,72,27,2.6390573296152584,2.2633719778515897,1201.988349358411,2,637749.1441297234,3612.0316129032253,51.42857142857143,1309371.1395074422,1.696016265389372,434,6660801.973873346,5.727015458307081
19.4889617,-99.1171639,santa isabel tola (pblo),Casa,5925938,390.0,4.0,3.0,15194.712820512821,0.829803447501769,0.35964322295530315,0.7122633913651526,2,0.5978260869565217,0.0,6.617722967364068,6.797533642851436,0,0,3,71,33,2.3978952727983707,2.2796746450448673,814.7508162754261,2,566415.6461217392,2934.74,40.5296442687747,1164940.9586257585,1.5228326136724684,253,9820764.33717233,65.72506052497224
19.4735352,-99.0779876,san juan de aragon 7 secc (u hab) i,Casa,3685000,216.0,6.0,2.0,17060.185185185186,0.829803447501769,0.3850744325946441,0.7186211937749878,5,0.34782608695652173,0.0,7.569500495189828,8.564342577911308,0,0,0,38,27,1.791759469228055,2.2928705537312766,2432.9496841801047,0,388204.22021849995,2705.72045,42.52,277225.64023912797,0.9828612321719083,200,5764980.781093674,56.44452594555423
19.4726553,-99.0872594,el olivo,Casa,6176075,248.0,3.0,2.0,24903.52822580645,0.829803447501769,0.47704184500412067,0.741613046877357,1,0.3532608695652174,0.0,7.690341593045449,8.402060179541309,0,0,0,39,30,1.3862943611198906,2.281086353692094,1754.668973948437,0,186152.1169053521,2291.937746478873,45.105633802816904,452507.8480138538,2.6716001612588496,710,5888953.5395237645,-4.6489309225719495
19.5004436,-99.0951455,santiago atzacoalco (pblo),Departamento,2324000,58.0,2.0,1.0,40068.96551724138,0.829803447501769,0.5363633006992232,0.7564434108011326,3,0.6141304347826086,0.0,7.581071756129889,7.972255581860801,0,0,0,37,40,1.0986122886681098,2.3074079874702225,2421.012783327392,0,382165.0230849741,1977.671398963731,43.12176165803109,949488.740619838,1.7541336903454987,386,1778294.4999564118,-23.48130378845044
19.4933278,-99.1413426,san bartolo atepehuacan (pblo),Casa,8750000,180.0,2.0,1.0,48611.11111111111,0.829803447501769,0.6099248749808689,0.774833804371544,1,0.4891304347826087,0.0,6.3392306434454175,7.609460650519145,0,0,1,35,31,2.4849066497880004,2.2845206026886635,1535.1899940823173,1,837254.9226578033,3470.873179190751,40.445086705202314,1200100.0698275291,2.053923648762351,346,5500926.03246649,-37.13227391466869
19.4803948,-99.0983823,constitucion de la republica,Casa,9590000,429.0,8.0,4.0,22354.312354312355,0.829803447501769,0.4224068883320872,0.7279543077093485,2,0.5,0.0,6.700812867627843,8.009533044822653,0,0,3,23,20,2.0794415416798357,2.2791777343803505,1357.5276702295312,0,227761.9856348148,2632.07,37.992592592592594,243275.75443649766,1.5914774020897144,405,9219483.28886684,-3.8635736301685055
19.493309,-99.0920265,nueva atzacoalco iii,Departamento,1106000,59.0,2.0,1.0,18745.762711864405,0.829803447501769,0.3637255861377678,0.7132839821607687,4,0.5380434782608695,0.0,7.369336540087702,8.065341137800644,0,0,0,37,16,1.3862943611198906,2.3011609296632165,2724.7190074804766,0,327455.19021783135,2067.472578313254,38.06987951807229,189919.10245672966,1.4233548357362105,415,1935328.6001117718,74.98450272258334
19.5057393,-99.1480141,lindavista ii,Casa,5635000,310.0,4.0,3.0,18177.41935483871,0.829803447501769,0.3251422703166613,0.7036381532054921,1,0.22826086956521738,0.0,6.353974952771635,7.396358427998668,0,0,0,9,37,2.3978952727983707,2.304285023335875,3045.9997173181214,1,7426225.352117143,4572.929999999999,37.371428571428574,4686886.571831015,0.8936733668367779,35,9405383.161346614,66.91008272132413
19.4823184,-99.0759029,providencia i,Departamento,2538000,66.0,2.0,2.0,38454.545454545456,0.829803447501769,0.6028905596137927,0.7730752255297749,5,0.20108695652173914,0.0,7.810774210612577,8.532623001786904,0,0,0,35,6,1.0986122886681098,2.303182458488089,3302.297489595939,0,443951.15919999994,2220.4390540540544,39.96756756756757,217201.0321550171,1.155477809197816,370,2132525.3813961614,-15.976147305115784
19.4889617,-99.1171639,santa isabel tola (pblo),Departamento,1375000,58.0,2.0,1.0,23706.896551724138,0.829803447501769,0.46702430548980617,0.7391086619987783,2,0.5978260869565217,0.0,6.617722967364068,6.797533642851436,0,0,3,71,33,2.3978952727983707,2.2796746450448673,814.7508162754261,2,566415.6461217392,2934.74,40.5296442687747,1164940.9586257585,1.5228326136724684,253,2001402.5465325888,45.55654883873373
19.5228371,-99.1605541,santiago atepetlac,Departamento,1207910,59.0,2.0,1.0,20473.050847457627,0.829803447501769,0.4425134269521339,0.7329809423643603,5,0.29347826086956524,0.0,7.910863183995,7.665380475897962,0,0,0,33,25,1.6094379124341003,2.32714625895081,5300.12069188958,1,432600.4238378788,2244.247777777778,38.686868686868685,366910.76423483284,1.3172407753178104,396,1622924.7133630149,34.35808242029744
19.4616807,-99.061347,san juan de aragon 4a  y 5a seccion (u hab) ii,Departamento,2560000,78.0,2.0,1.0,32820.51282051282,0.829803447501769,0.5470777085750421,0.7591220127700873,2,0.5815217391304348,0.0,1.5748991829408199,8.909929053218864,1,0,0,22,56,1.0986122886681098,2.3037840407464856,3548.5397513164794,0,11756664.930666665,2804.3250000000003,37.0,27782352.66386494,0.8988389698129075,6,2501135.254784147,-2.299404109994266
19.4726553,-99.0872594,el olivo,Casa,5300000,248.0,7.0,3.0,21370.967741935485,0.829803447501769,0.4390857358975114,0.7321240196007046,1,0.3532608695652174,0.0,7.690341593045449,8.402060179541309,0,0,0,39,30,1.3862943611198906,2.281086353692094,1754.668973948437,0,186152.1169053521,2291.937746478873,45.105633802816904,452507.8480138538,2.6716001612588496,710,5794601.939168742,9.332112059787583
19.4858451,-99.1182589,villa gustavo a madero,Departamento,1600000,54.0,2.0,1.0,29629.62962962963,0.829803447501769,0.5074573015534518,0.7492169110146898,1,0.657608695652174,0.0,6.122177865925744,7.041492592918038,1,0,4,77,28,2.1972245773362196,2.2737429240113842,1157.8776491740123,2,2223798.9560149573,3473.3208547008535,43.05128205128205,23235819.797424365,1.645814258797622,234,1657609.6102220565,3.6006006388785314
19.4725481,-99.087395,fovissste cuchilla (u hab),Departamento,1600000,54.0,2.0,1.0,29629.62962962963,0.829803447501769,0.522624914551281,0.753008814264147,1,0.34782608695652173,0.0,7.684326755833242,8.400941846374982,0,0,0,38,30,1.3862943611198906,2.2807972717336673,1737.580387763505,0,229219.7063515942,2310.0712463768114,44.80724637681159,1191467.4498746593,2.708715560020597,690,1811519.9497271199,13.219996857944993
19.4740027,-99.1255167,industrial i,Casa,6000000,378.0,4.0,2.0,15873.015873015873,0.829803447501769,0.319673122799534,0.7022708663262103,2,0.7608695652173914,0.0,6.644777384264102,7.782418164597115,0,0,1,51,46,2.6390573296152584,2.2455090987023265,1510.861870399538,2,453252.75423211924,3405.02,49.11092715231788,247472.1759855274,1.7212311707064,604,9739898.65707349,62.33164428455817
19.48326,-99.0938507,51 legislatura,Departamento,2200000,55.0,2.0,1.0,40000.0,0.829803447501769,0.5950628929112082,0.7711183088541288,1,0.5380434782608695,0.0,7.023202865361607,8.093405893412081,0,0,1,39,15,1.791759469228055,2.2873179525293783,1925.5416252263985,0,381587.302177044,2620.6089622641507,45.01729559748428,7104322.31482392,2.5390112106725007,636,1839966.3624954447,-16.36516534111615
19.4848583,-99.1178571,villa gustavo a madero,Casa,1785000,103.0,3.0,1.0,17330.09708737864,0.829803447501769,0.3613425133736113,0.7126882139697296,1,0.6141304347826086,0.0,5.859848830133583,7.138978789465684,1,0,4,70,25,2.4849066497880004,2.2721379182126946,1266.0832268887389,2,5132160.024784445,3673.2838888888887,46.388888888888886,37405928.79310981,2.0730832362283604,90,3062837.107800283,71.58751304203265
19.4658938,-99.086824,camino a san juan de aragon (pblo),Casa,4999999,200.0,3.0,3.0,24999.995,0.829803447501769,0.4416734880646132,0.7327709576424801,4,0.40217391304347827,0.0,7.509789065880755,8.507713169896267,0,0,1,23,43,1.0986122886681098,2.273875747373374,1178.0302937473878,0,1054457.62312093,2612.6781395348835,38.01550387596899,4245091.634187664,1.3356589024143188,129,5383527.821393469,7.670577961984979
19.5217511,-99.1457887,acueducto de guadalupe (rdcial),Departamento,2950000,84.0,2.0,1.0,35119.04761904762,0.829803447501769,0.5790536124297158,0.7671159887337557,5,0.3858695652173913,0.0,7.7664841925456995,6.700217676014042,0,0,0,38,37,1.9459101490553132,2.322949154218145,4068.8861211140324,1,528923.461651095,3356.46,39.97080291970803,1645911.865251211,1.8039876824225516,411,2532048.593771415,-14.16784427893509
19.5075242,-99.1249049,residencial zacatenco,Casa,8700000,425.0,4.0,4.0,20470.58823529412,0.829803447501769,0.3570346546376347,0.7116112492857355,2,0.34782608695652173,0.0,7.288585871429958,6.948401395258372,0,0,0,34,34,1.3862943611198906,2.3054296116625923,1448.5765592456146,1,582974.7857066444,2531.17,42.524916943521596,263174.35256457515,1.2629955010020066,301,13627202.598895572,56.63451263098359
19.4685885,-99.1178316,guadalupe tepeyac,Casa,8000000,305.0,4.0,3.0,26229.508196721312,0.829803447501769,0.4113789656811189,0.7251973270466066,2,0.7282608695652174,0.0,6.627437335784195,8.009285731417691,0,0,0,55,42,2.0794415416798357,2.2370652452864674,1085.7668585684735,2,251854.82335086341,2914.2470643642077,26.74882260596546,743228.8066730127,3.521686908445895,637,9708519.679026505,21.356495987831313
19.4878635,-99.1323827,lindavista i,Casa,10900000,291.0,0.0,45.0,37457.044673539516,0.829803447501769,0.49704655958768124,0.7466142255232471,2,0.5434782608695652,0.0,5.650733852328141,7.211252090033223,1,0,6,64,33,2.4849066497880004,2.2740600206609933,1114.3130562232477,2,1300504.0012168922,4246.832162162163,48.41554054054054,10106289.136581162,1.7821555869597192,296,15952134.12582988,46.34985436541174
19.4943513,-99.1162266,santa isabel tola (pblo),Casa,4000000,260.0,2.0,2.0,15384.615384615385,0.829803447501769,0.31566610662334016,0.7012691122821618,2,0.4673913043478261,0.0,5.892777403497202,6.469954509075978,1,0,2,46,41,2.0794415416798357,2.288743911412203,271.5812016120457,0,518251.93658138294,2451.790000000001,39.226063829787236,229320.9254398953,1.1320824813741994,376,6291621.856203422,57.29054640508555
19.5191857,-99.1630663,progreso nacional (ampl),Departamento,1700000,65.0,2.0,1.0,26153.846153846152,0.829803447501769,0.5074351483248906,0.7492113727075495,4,0.25,0.0,7.829125928281416,7.826498162179395,0,0,0,30,20,1.3862943611198906,2.3241976995634603,5067.687436840979,1,383999.155292437,2335.488263305322,39.14565826330532,314172.8657120295,1.6592377141759698,357,1713165.7480956633,0.7744557703331333
19.4788855,-99.097912,dm nacional,Departamento,1500000,65.0,2.0,1.0,23076.923076923078,0.829803447501769,0.43297527445187545,0.7305964042392956,1,0.532608695652174,0.0,6.86908235543459,8.053586319036262,0,0,3,27,22,2.0794415416798357,2.2774441331223922,1339.4712439842428,0,174037.544535,2632.07,38.66428571428571,128788.57450390299,1.4924768956149461,140,2511712.2271148055,67.4474818076537
19.5217615,-99.1519851,guadalupe proletaria (ampl),Bodega,4200000,250.0,0.0,2.0,16800.0,0.829803447501769,0.4074469871632566,0.724214332417141,4,0.32608695652173914,0.0,7.763045143417804,7.19137599372,0,0,0,37,27,2.0794415416798357,2.3240071267343803,4561.113537314217,1,325868.1181585831,2128.0825885558584,41.53405994550409,116811.4693088542,1.4256665329847005,367,5938347.467435735,41.38922541513656
19.5191857,-99.1630663,progreso nacional (ampl),Departamento,1700000,65.0,2.0,1.0,26153.846153846152,0.829803447501769,0.5074351483248906,0.7492113727075495,4,0.25,0.0,7.829125928281416,7.826498162179395,0,0,0,30,20,1.3862943611198906,2.3241976995634603,5067.687436840979,1,383999.155292437,2335.488263305322,39.14565826330532,314172.8657120295,1.6592377141759698,357,1820629.616244816,7.0958597791068225
19.4904707,-99.1116816,estanzuela,Casa,7900000,237.0,6.0,3.0,33333.333333333336,0.829803447501769,0.5414628018303438,0.7577182860839127,4,0.3641304347826087,0.0,6.850238895528776,7.122776029944891,0,0,2,47,22,2.1972245773362196,2.284765660101013,910.1022443117064,0,341236.0781216157,2366.730458515284,37.9235807860262,416785.8058147055,1.8692664581774883,458,5766521.011748411,-27.00606314242518
19.4919855,-99.0863449,el coyol (u hab),Casa,5750000,390.0,4.0,3.0,14743.589743589744,0.829803447501769,0.3331224212971601,0.7056331909506168,2,0.5543478260869565,0.0,7.621922881564122,8.23987165275177,0,0,0,49,17,1.3862943611198906,2.303878170835289,3113.6748020461114,0,361264.4994385965,2016.8183859649123,36.95087719298245,150786.59986465622,1.2904497962394779,285,8502173.226153454,47.86388219397311
19.4778665,-99.094982,dm nacional,Departamento,1950000,56.0,2.0,1.0,34821.42857142857,0.829803447501769,0.5609081932946292,0.7625796339499841,1,0.5760869565217391,0.0,7.143965258628369,8.14952800601286,0,0,3,32,28,1.791759469228055,2.2789981161440065,1607.692531172171,0,83956.0020211121,2495.013661844484,19.205696202531644,178347.1298763833,2.38918242211679,2212,1834180.473177806,-5.939462913958666
19.4821229,-99.0927692,ferrocarrilera insurgentes,Casa,3000000,168.0,6.0,4.0,17857.14285714286,0.829803447501769,0.38665155325111394,0.7190154739391053,2,0.5597826086956522,0.0,7.139298993095201,8.13995198082287,0,0,1,42,17,1.791759469228055,2.286850604801452,1972.6000869609961,0,211960.2483039655,2621.280183908046,24.998850574712645,4295171.936647632,2.0161787922893835,1740,4392596.026768581,46.419867558952696
19.5034567,-99.1306842,juan de dios batiz (u hab),Casa,3000000,150.0,3.0,2.0,20000.0,0.829803447501769,0.3515148205923302,0.7102312907744093,1,0.40217391304347827,0.0,7.298550182317253,6.874363072696158,0,0,0,34,44,2.3978952727983707,2.2993558111710235,1566.8240051500547,1,177065.94344219653,3402.8400000000006,41.53395953757225,248369.63711580206,2.4897940838304002,1384,5029762.033738197,67.6587344579399
19.5208063,-99.1437298,acueducto de guadalupe (rdcial),Casa,5400000,160.0,3.0,2.0,33750.0,0.829803447501769,0.5521146862861087,0.760381257197854,5,0.40217391304347827,0.0,7.741155441850899,6.669739217039883,0,0,2,39,37,1.791759469228055,2.3216576108757114,3841.3219198351644,1,491267.3712070094,3345.5637383177564,39.271028037383175,196583.5703945667,1.467011805573685,428,4380655.912031016,-18.87674236979599
19.477101,-99.1285336,industrial ii,Departamento,3475000,94.0,3.0,2.0,36968.085106382976,0.829803447501769,0.5077468949255803,0.7492893093577219,2,0.6141304347826086,0.0,5.903620216558796,7.666155590486196,1,0,3,38,46,2.4849066497880004,2.25203259937736,1094.8709988242804,2,454846.5421180212,3405.0199999999995,52.10424028268551,907152.3786346792,1.6488245949029021,566,3478243.7611187496,0.0933456437050251
19.4785468,-99.070034,providencia (ampl),Casa,4200000,124.0,2.0,1.0,33870.967741935485,0.829803447501769,0.5584465279800913,0.7619642176213496,5,0.22826086956521738,0.0,7.459548686358742,8.66417426868403,0,0,0,32,14,1.6094379124341003,2.3056529264987504,3425.9686065208966,0,273207.42944166664,2222.81,42.42467948717949,1356349.7799412056,1.2068861219577633,624,3890844.158802217,-7.360853361851979
