SKU,Titulo,Renta_MXN,Area_m2,Recamaras,Banos,Estacionamientos,Ubicacion,Alcaldia,Pagina_Origen,URL
RENTOLA-715169,Cookie Consent Solution for GDPR & CCPA Compliance,0,0,0,0,0,N/A,CDMX,1,https://www.cookieyes.com/product/cookie-consent/?ref=cypbcyb&utm_source=cookie-banner&utm_medium=powered-by-cookieyes
RENTOLA-15,departamento de 2 habitaciones de 97 m² en Ciudad de México,2500,26,2,0,1,"Calle José María Lafragua 16, Tabacalera, 06030 Mexico City, CMX, Mexico",Tabacalera,1,https://rentola.mx/listings/lafragua-departamento-en-renta-amueblado-pb71c15
RENTOLA-408439,departamento de 2 habitaciones de 85 m² en Ciudad de México,4250,50,2,0,1,"Pemex, Calle Veracruz 50, Condesa, 06700 Mexico City, CMX, Mexico",Condesa,1,https://rentola.mx/listings/departamentos-de-lujo-amueblados-en-calle-veracruz-edificio-art-deco-p64a6ab
RENTOLA-350661,departamento de 2 habitaciones de 112 m² en Guadalajara,2800,25,2,0,1,"Calle Valparaíso 2432, Jardines de Providencia, 45170 Guadalajara, JAL, Mexico",45170 Guadalajara,1,https://rentola.mx/listings/departamento-en-renta-providencia-guadalajara-guadalajara-jalisco-p6dc30b
RENTOLA-447291,1 habitación de 11m² en Ciudad de México,3200,291,1,0,0,"unnamed road, Tacubaya, 11870 Mexico City, CMX, Mexico",11870 Mexico City,1,https://rentola.mx/listings/habitacion-amueblada-p447291
RENTOLA-74222,casa de 4 habitaciones de 150 m² en Guadalajara,11000,73,4,0,0,"Calle Concordia, Las Lomas Independencia, 44300 Guadalajara, JAL, Mexico",44300 Guadalajara,1,https://rentola.mx/listings/casa-en-renta-la-federacha-guadalajara-jalisco-pb74222
RENTOLA-3,departamento de 3 habitaciones de 65 m² en Ciudad de México,7250,112,3,0,1,"Avenida Morelos, Jardín Balbuena, 15900 Mexico City, CMX, Mexico",15900 Mexico City,1,https://rentola.mx/listings/departamento-en-renta-jardin-balbuena-pc6d2c3
RENTOLA-826032,1 habitación de 7m² en Ciudad de México,1600,229,1,0,0,"Calle Amores, Colonia Santa Inés, 02200 Mexico City, CMX, Mexico",02200 Mexico City,1,https://rentola.mx/listings/estancia-estudiantil-p29501c
RENTOLA-760,casa de 1 habitación de 51 m² en Guadalajara,5100,100,1,0,1,"Guadalajara, Jalisco, Mexico",Guadalajara,1,https://rentola.mx/listings/casa-en-renta-col-jardines-del-sur-guadalajara-jal-dv-exahg-pabb760
RENTOLA-89,departamento de 1 habitación de 112 m² en Guadalajara,8000,71,1,0,1,"Cuidado con el Perro, Calle Colomos 1133, Providencia 2a Sección, 44648 Guadalajara, JAL, Mexico",44648 Guadalajara,1,https://rentola.mx/listings/departamento-en-renta-circunvalacion-americas-guadalajara-jalisco-pb7ed89
RENTOLA-2,casa de 3 habitaciones de 149 m² en Guadalajara,10300,69,3,0,1,"Calle Pedro Castera, Santa Tere, 44600 Guadalajara, JAL, Mexico",44600 Guadalajara,1,https://rentola.mx/listings/casa-en-renta-colonia-ladron-de-guevara-guadalajara-jalisco-p5cb3d2
RENTOLA-288780,departamento de 2 habitaciones de 150 m² en Ciudad de México,3300,22,2,0,1,"Calle Alfredo Tennyson, Polanco 4ª Sección, 11550 Mexico City, CMX, Mexico",Polanco,1,https://rentola.mx/listings/departamento-en-2-niveles-amueblado-equipado-a-media-cuadra-del-parque-lincoln-p2953bb
RENTOLA-548029,casa de 3 habitaciones de 120 m² en Tlalnepantla,8000,67,3,0,1,"Tlalnepantla, México, Mexico",Tlalnepantla,1,https://rentola.mx/listings/casa-en-renta-en-habitacional-izcalli-piramide-tlalnepantla-p548029
RENTOLA-179423,departamento de 2 habitaciones de 90 m² en Ciudad de México,8500,94,2,0,1,"Calle Duna, Colonia Torres de Maurel, 04530 Mexico City, CMX, Mexico",04530 Mexico City,1,https://rentola.mx/listings/renta-en-calle-duna-insurgentes-cuicuilco-coyoacan-p6bf0fe
RENTOLA-157461,1 habitación de 7m² en Monterrey,1600,229,1,0,0,"Avenida Adolfo Ruíz Cortines 5226, 64150 Monterrey, NLE, Mexico",64150 Monterrey,1,https://rentola.mx/listings/cuarto-amueblado-con-internet-pdb321f
RENTOLA-7522,departamento de 2 habitaciones de 80 m² en Ciudad de México,8000,100,2,0,1,"Coyoacán, Mexico City, Mexico",Coyoacán,1,https://rentola.mx/listings/departamento-en-renta-en-olimpica-coyoacan-p2c7522
RENTOLA-99,casa de 4 habitaciones de 50 m² en Tlalnepantla,7500,150,4,0,1,"Adolfo López Mateos, 54110 Tlalnepantla, MEX, Mexico",54110 Tlalnepantla,1,https://rentola.mx/listings/casa-en-renta-en-adolfo-lopez-mateos-tlalnepantla-de-baz-estado-de-mexico-pf5fe99
RENTOLA-369951,1 habitación de 28m² en Monterrey,6500,232,1,0,1,"Radisson Hotel Monterrey San Jeronimo, Avenida Insurgentes 4001, San Jerónimo, 64630 Monterrey, NLE, Mexico",64630 Monterrey,1,https://rentola.mx/listings/departamento-loft-p964f1b
RENTOLA-384242,casa de 2 habitaciones de 76 m² en Zapopan,7900,104,2,0,1,"Privada Santa Verónica, Las Palomas, 45210 Zapopan, JAL, Mexico",45210 Zapopan,1,https://rentola.mx/listings/casa-en-renta-el-colli-urbano-2a-seccion-zapopan-jalisco-p1bc6ad
RENTOLA-15,1 habitación de 3m² en Ciudad de México,1500,500,1,0,0,"Calle Manuela Sáenz, Unidad Obrero CTM Culhuacán Sección 6, 04480 Mexico City, CMX, Mexico",04480 Mexico City,1,https://rentola.mx/listings/busco-roomie-compartir-depto-p406e15
RENTOLA-628379,1 habitación de 10m² en Ciudad de México,4000,400,1,0,0,"Avenida Centenario, Colonia Sociedad Cooperativa Poder popular, 01480 Mexico City, CMX, Mexico",01480 Mexico City,2,https://rentola.mx/listings/habitacion-amueblada-con-pantalla-smart-a-20-min-de-metro-mixcoac-y-barranca-del-muerto-p4e889a
RENTOLA-0,1 habitación de 12m² en Ciudad de México,4000,333,1,0,1,"unnamed road, San Ángel, 01089 Mexico City, CMX, Mexico",01089 Mexico City,2,https://rentola.mx/listings/renta-recamaras-por-el-itam-televisa-san-angel-y-fepade-p625fc0
RENTOLA-775003,"10,000 estudios disponibles en renta en México",0,0,0,0,0,N/A,CDMX,2,https://rentola.mx/renta/departamento-estudio
RENTOLA-383725,Toda la renta de cuartos para estudiantes disponible en México,0,0,0,0,0,N/A,CDMX,2,https://rentola.mx/renta/departamento-estudiantil
RENTOLA-863024,Viviendas en renta en Ciudad de México,0,0,0,0,0,N/A,CDMX,2,https://rentola.mx/renta/ciudad-de-mexico
RENTOLA-471428,Viviendas en renta en Santiago de Querétaro,0,0,0,0,0,N/A,CDMX,2,https://rentola.mx/renta/santiago-de-queretaro
RENTOLA-734404,Viviendas en renta en Ciudad del Carmen,0,0,0,0,0,N/A,CDMX,2,https://rentola.mx/renta/ciudad-del-carmen
RENTOLA-452112,Viviendas en renta en Huixquilucan de Degollado,0,0,0,0,0,N/A,CDMX,2,https://rentola.mx/renta/huixquilucan-de-degollado
RENTOLA-467411,Viviendas en renta en Playa del Carmen,0,0,0,0,0,N/A,CDMX,2,https://rentola.mx/renta/playa-del-carmen
RENTOLA-249511,Viviendas en renta en Puebla de Zaragoza,0,0,0,0,0,N/A,CDMX,2,https://rentola.mx/renta/puebla-de-zaragoza
RENTOLA-436093,"1,258 casas disponibles en renta en Ciudad de México",0,0,0,0,0,N/A,CDMX,2,https://rentola.mx/renta/casa/ciudad-de-mexico
RENTOLA-221532,"6,511 departamentos disponibles en renta en Ciudad de México",0,0,0,0,0,N/A,CDMX,2,https://rentola.mx/renta/departamento/ciudad-de-mexico
RENTOLA-394777,472 habitaciones disponibles en renta en Ciudad de México,0,0,0,0,0,N/A,CDMX,2,https://rentola.mx/renta/habitacion/ciudad-de-mexico
RENTOLA-747613,"2,535 estudios disponibles en renta en Ciudad de México",0,0,0,0,0,N/A,CDMX,2,https://rentola.mx/renta/departamento-estudio/ciudad-de-mexico
RENTOLA-248158,388 estudios disponibles en renta en Tijuana,0,0,0,0,0,N/A,CDMX,2,https://rentola.mx/renta/departamento-estudio/tijuana
RENTOLA-271657,18 renta de cuartos para estudiantes disponible en Tijuana,0,0,0,0,0,N/A,CDMX,2,https://rentola.mx/renta/departamento-estudiantil/tijuana
RENTOLA-294791,25 casas disponibles en renta en Ecatepec de Morelos,0,0,0,0,0,N/A,CDMX,2,https://rentola.mx/renta/casa/ecatepec-de-morelos
RENTOLA-218523,13 departamentos disponibles en renta en Ecatepec de Morelos,0,0,0,0,0,N/A,CDMX,2,https://rentola.mx/renta/departamento/ecatepec-de-morelos
RENTOLA-903836,342 estudios disponibles en renta en León,0,0,0,0,0,N/A,CDMX,2,https://rentola.mx/renta/departamento-estudio/leon
RENTOLA-980309,494 casas disponibles en renta en Puebla de Zaragoza,0,0,0,0,0,N/A,CDMX,2,https://rentola.mx/renta/casa/puebla-de-zaragoza
RENTOLA-722736,780 departamentos disponibles en renta en Puebla de Zaragoza,0,0,0,0,0,N/A,CDMX,3,https://rentola.mx/renta/departamento/puebla-de-zaragoza
RENTOLA-872668,26 habitaciones disponibles en renta en Puebla de Zaragoza,0,0,0,0,0,N/A,CDMX,3,https://rentola.mx/renta/habitacion/puebla-de-zaragoza
RENTOLA-491784,171 estudios disponibles en renta en Puebla de Zaragoza,0,0,0,0,0,N/A,CDMX,3,https://rentola.mx/renta/departamento-estudio/puebla-de-zaragoza
RENTOLA-139072,179 casas disponibles en renta en Ciudad Juárez,0,0,0,0,0,N/A,CDMX,3,https://rentola.mx/renta/casa/ciudad-juarez
RENTOLA-359304,108 departamentos disponibles en renta en Ciudad Juárez,0,0,0,0,0,N/A,CDMX,3,https://rentola.mx/renta/departamento/ciudad-juarez
RENTOLA-978970,65 estudios disponibles en renta en Ciudad Juárez,0,0,0,0,0,N/A,CDMX,3,https://rentola.mx/renta/departamento-estudio/ciudad-juarez
RENTOLA-983692,Llevemos tu tráfico al siguiente nivel en el mercado de alquiler.,0,0,0,0,0,N/A,CDMX,3,https://rentola.mx/partnerships-portal
RENTOLA-731923,Permítenos enviarte inquilinos adecuados para tus propiedades.,0,0,0,0,0,N/A,CDMX,3,https://rentola.mx/partnerships-landlord
RENTOLA-916303,"Alquiler simple, sin estrés y confiable",0,0,0,0,0,N/A,CDMX,3,https://rentola.mx/about-us
RENTOLA-908479,Términos y condiciones,0,0,0,0,0,N/A,CDMX,3,https://rentola.mx/terms-and-conditions
RENTOLA-315539,Política de privacidad,0,0,0,0,0,N/A,CDMX,3,https://rentola.mx/privacy-policy
RENTOLA-497738,Viviendas en alquiler en México: consulta todas las propiedades disponibles en renta en México aquí,0,0,0,0,0,N/A,CDMX,3,https://rentola.mx/en/for-rent
RENTOLA-542,1 habitación de 13m² en Ciudad de México,5200,400,1,0,0,"Calle Mariposa 103, Pedro María Anaya, 03340 Mexico City, CMX, Mexico",03340 Mexico City,3,https://rentola.mx/listings/renta-cuarto-independiente-pa9d542
RENTOLA-952611,1 habitación de 6m² en Ciudad de México,3000,500,1,0,0,"Calle Doctor Miguel Francisco Jiménez, Roma, 06720 Mexico City, CMX, Mexico",06720 Mexico City,3,https://rentola.mx/listings/rento-bonita-recamara-para-mujer-p101dbd
RENTOLA-67,departamento de 3 habitaciones de 150 m² en Ciudad de México,22500,150,3,0,1,"Calzada del Hueso, Fraccionamiento Residencial Hacienda Coapa, 14325 Mexico City, CMX, Mexico",14325 Mexico City,3,https://rentola.mx/listings/departamento-en-renta-en-granjas-coapa-pfe3c67
RENTOLA-460273,departamento de 1 habitación de 25 m² en Ciudad de México,2500,100,1,0,0,"Calle Esterlinas, Aquiles Serdán, 15430 Mexico City, Mexico",Aquiles Serdán,3,https://rentola.mx/listings/esterlinas-239-depto-10-col-aquiles-serdan-p460273
RENTOLA-7,departamento de 3 habitaciones de 180 m² en Ciudad de México,5900,33,3,0,1,"Carso Moliere, Prolongación Moliere 255, Granada, 11520 Mexico City, CMX, Mexico",11520 Mexico City,3,https://rentola.mx/listings/departamento-en-renta-en-polanco-p78f1a7
RENTOLA-579290,1 habitación de 6m² en Ciudad de México,2900,483,1,0,0,"Calle Felipe Carrillo Puerto 195, Popotla, 11400 Mexico City, CMX, Mexico",11400 Mexico City,3,https://rentola.mx/listings/rec-individual-amueblada-pef759d
RENTOLA-05,departamento de 3 habitaciones de 300 m² en Ciudad de México,4500,15,3,0,0,"Monte Camerún 54, Lomas de Chapultepec, 11000 Mexico City, CMX, Mexico",11000 Mexico City,3,https://rentola.mx/listings/departamento-amueblado-con-areas-comunes-en-parte-baja-de-las-lomas-pcb0f05
RENTOLA-866,1 habitación de 10m² en Ciudad de México,5300,530,1,0,0,"Calle de Parras 10A, Condesa, 06100 Mexico City, CMX, Mexico",Condesa,3,https://rentola.mx/listings/se-renta-cuarto-a-senorita-en-la-condesa-p1ca866
RENTOLA-2,departamento de 1 habitación de 22 m² en Ciudad de México,5000,227,1,0,1,"Obrera, Avenida Lázaro Cárdenas, 06800 Mexico City, CMX, Mexico",06800 Mexico City,4,https://rentola.mx/listings/obrera-p21e2f2
RENTOLA-208361,1 habitación de 11m² en Ciudad de México,2500,227,1,0,0,"Avenida Aquiles Serdán, Colonia Presidente Madero, 02420 Mexico City, CMX, Mexico",02420 Mexico City,4,https://rentola.mx/listings/promocion-mujer-cuarto-compartido-cerca-metros-aquiles-y-tezozomoc-p38a69e
RENTOLA-31,1 habitación de 9m² en Ciudad de México,5000,556,1,0,0,"Calle Nueva York 120, Del Valle, 03810 Mexico City, CMX, Mexico",03810 Mexico City,4,https://rentola.mx/listings/rento-habitaciones-2-en-col-napoles-exclusivo-p086d31
RENTOLA-344979,1 habitación de 11m² en Ciudad de México,6000,545,1,0,0,"Calle Malintzin, Colonia Del Carmen, 04100 Mexico City, Mexico",Colonia Del Carmen,4,https://rentola.mx/listings/rento-recamara-amueblada-en-la-mejor-zona-de-coyoacan-pcdc97f
RENTOLA-0870,casa de 4 habitaciones de 450 m² en Ciudad de México,12000,27,4,0,1,"Plaza Oasis Coyoacán, Transbordo Intermodal Metro Miguel Ángel de Quevedo, Barrio Oxtopulco, 04310 Mexico City, Mexico",Coyoacán,4,https://rentola.mx/listings/casa-en-renta-en-lomas-de-chapultepec-miguel-hidalgo-ciudad-de-mexico-p7f0870
RENTOLA-8,casa de 3 habitaciones de 259 m² en Ciudad de México,22000,85,3,0,0,"Calle Hacienda Coyotepec, Colonia Potrero Acoxpa, 14358 Mexico City, Mexico",Colonia Potrero Acoxpa,4,https://rentola.mx/listings/casa-en-renta-prado-coapa-2a-seccion-tlalpan-cdmx-p3801f8
RENTOLA-4,departamento de 2 habitaciones de 65 m² en Ciudad de México,12000,185,2,0,1,"Dulcería Lemar, Avenida Clavería 172, Colonia Clavería, 02080 Mexico City, Mexico",Colonia Clavería,4,https://rentola.mx/listings/av-claveria-224-depto-106-col-claveria-pa493b4
RENTOLA-89,1 habitación de 7m² en Ciudad de México,3500,500,1,0,0,"Calle Checoslovacos, Colonia Zenón Delgado, 01130 Mexico City, CMX, Mexico",01130 Mexico City,4,https://rentola.mx/listings/renta-recamara-bano-independiente-3-500-zona-santa-fe-p12dc89
RENTOLA-257956,1 habitación de 10m² en Ciudad de México,3500,350,1,0,0,"Calle Colector 13, Colonia Churubusco Tepeyac, 07730 Mexico City, Mexico",Colonia Churubusco Tepeyac,4,https://rentola.mx/listings/rento-habitacion-compartida-para-dama-lindavista-todo-incluido-p1c97db
RENTOLA-563634,departamento de 1 habitación de 18 m² en Ciudad de México,3200,178,1,0,0,"Cerrada Nicolás Bravo, Iztapalapa, 09210 Mexico City, CMX, Mexico",Iztapalapa,4,https://rentola.mx/listings/departamento-col-tepalcates-p849e3f
RENTOLA-421120,1 habitación de 19m² en Ciudad de México,5500,289,1,0,1,"Calle Doctor Atl 278, Santa María la Ribera, 06400 Mexico City, CMX, Mexico",06400 Mexico City,4,https://rentola.mx/listings/excelente-ubicacion-amueblado-y-ambiente-agradable-mujer-pac25eb
RENTOLA-0,departamento de 3 habitaciones de 40 m² en Ciudad de México,13000,325,3,0,1,"Benito Juárez, Mexico City, Mexico",Benito Juárez,4,https://rentola.mx/listings/penthouse-en-renta-en-col-del-valle-nte-benito-juarez-pd6dfb0
RENTOLA-207,departamento de 2 habitaciones de 166 m² en Ciudad de México,54000,325,2,0,1,"Calle Colima 383, Condesa, 06700 Mexico City, Mexico",Condesa,4,https://rentola.mx/listings/garden-duplex-con-terraza-y-estudio-en-el-corazon-de-condesa-pb1d207
RENTOLA-908758,Viviendas en renta en Ciudad de México,0,0,0,0,0,N/A,CDMX,4,https://rentola.mx/renta?location=ciudad-de-mexico&property_types=room&property_types=house&property_types=apartment&property_types=studio
RENTOLA-2,Viviendas en renta en Ciudad de México,0,0,0,0,0,N/A,CDMX,4,https://rentola.mx/renta?location=ciudad-de-mexico&property_types=room&property_types=house&property_types=apartment&property_types=studio&page=2
RENTOLA-3,Viviendas en renta en Ciudad de México,0,0,0,0,0,N/A,CDMX,4,https://rentola.mx/renta?location=ciudad-de-mexico&property_types=room&property_types=house&property_types=apartment&property_types=studio&page=3
RENTOLA-947944,Viviendas en renta en Ciudad de México,0,0,0,0,0,N/A,CDMX,4,https://rentola.mx/renta/ciudad-de-mexico-region
RENTOLA-2,¡Ups!,0,0,0,0,0,N/A,CDMX,4,https://rentola.mx/en/for-rent?location=mexico-city&property_types=room&property_types=house&property_types=apartment&property_types=studio&page=2
RENTOLA-234821,1 habitación de 7m² en Ciudad de México,3800,543,1,0,0,"Cerrada Cerrito, Pueblo La Candelaria, 04380 Mexico City, CMX, Mexico",04380 Mexico City,4,https://rentola.mx/listings/recamara-amueblada-pd7c1de
RENTOLA-82750,1 habitación de 13m² en Ciudad de México,3000,231,1,0,0,"Calle Ingenieros Civiles, Colonia Nueva Rosita, 09420 Mexico City, CMX, Mexico",09420 Mexico City,4,https://rentola.mx/listings/rento-cuarto-amueblado-pc82750
RENTOLA-870914,casa de 3 habitaciones de 561 m² en Ciudad de México,4000,7,3,0,0,"Calle Bosque de Castaños, Miguel Hidalgo, 11700 Mexico City, MEX, Mexico",Miguel Hidalgo,5,https://rentola.mx/listings/casa-en-renta-en-bosques-de-las-lomas-cuajimalpa-de-morelos-ciudad-de-mexico-pd94fcb
RENTOLA-287856,1 habitación de 6m² en Ciudad de México,2900,483,1,0,0,"Calle 10, Colonia Cristo Rey, 01160 Mexico City, CMX, Mexico",01160 Mexico City,5,https://rentola.mx/listings/se-renta-habitacion-solo-para-mujeres-pd88ebf
RENTOLA-285012,departamento de 1 habitación de 8 m² en Ciudad de México,2500,313,1,0,0,"Calle Esterlinas, Aquiles Serdán, 15430 Mexico City, Mexico",Aquiles Serdán,5,https://rentola.mx/listings/departamento-en-renta-calle-esterlinas-235-aquiles-serdan-venustiano-carranza-ciudad-de-mexico-15430-mex-p9cf67d
RENTOLA-60,1 habitación de 42m² en Ciudad de México,9500,226,1,0,0,"Calle Aristóteles, Polanco, 11550 Mexico City, CMX, Mexico",Polanco,5,https://rentola.mx/listings/espacios-con-arte-polanco-p9a9f60
RENTOLA-773630,1 habitación de 22m² en Ciudad de México,6750,307,1,0,1,"Party City, Calle Luis Barragán, Santa Fe, 05348 Mexico City, Mexico",Santa Fe,5,https://rentola.mx/listings/urge-rentar-cuarto-en-av-santa-fe-pbf177f
RENTOLA-1233,departamento de 2 habitaciones de 63 m² en Ciudad de México,10000,159,2,0,0,"Calle Río Mixcoac, Colonia La Cascada, 01490 Mexico City, Mexico",Colonia La Cascada,5,https://rentola.mx/listings/departamento-col-lomas-de-plateros-p3b1233
RENTOLA-69,casa de 4 habitaciones de 126 m² en Ciudad de México,17000,135,4,0,1,"Lindavista, Calle Colector 13, Colonia Churubusco Tepeyac, 07730 Mexico City, Mexico",Colonia Churubusco Tepeyac,5,https://rentola.mx/listings/linares-659-casa-c-col-lindavista-p17bd69
RENTOLA-3,departamento de 1 habitación de 85 m² en Ciudad de México,4250,50,1,0,1,"Vecchio Forno, Calle Veracruz 38, Condesa, 06700 Mexico City, CMX, Mexico",Condesa,5,https://rentola.mx/listings/departamentos-de-lujo-amueblados-en-calle-veracruz-edificio-art-deco-p3482b3
RENTOLA-520228,departamento de 1 habitación de 15 m² en Ciudad de México,4400,293,1,0,0,"Calle Santa Úrsula 81, Colonia Santa Úrsula Xitla, 14420 Mexico City, CMX, Mexico",14420 Mexico City,5,https://rentola.mx/listings/departamento-col-santa-ursula-xitla-p947f1e
RENTOLA-704920,1 habitación de 6m² en Ciudad de México,3300,550,1,0,0,"Poniente 112, Barrio de Coltongo, 02330 Mexico City, Mexico",Barrio de Coltongo,5,https://rentola.mx/listings/en-renta-cuarto-con-estancia-y-bano-privado-p704920
RENTOLA-131862,departamento de 1 habitación de 35 m² en Ciudad de México,5600,160,1,0,0,"Calle Norte 64 A, Colonia Belisario Domínguez Sección XVI, 07880 Mexico City, CMX, Mexico",07880 Mexico City,5,https://rentola.mx/listings/norte-64a-no-3655-depto-3-rio-blanco-p249f6c
RENTOLA-4,departamento de 1 habitación de 60 m² en Ciudad de México,3500,58,1,0,0,"Grupo Bavaria, Calle Lago Zurich, Miguel Hidalgo, 11529 Mexico City, Mexico",Miguel Hidalgo,5,https://rentola.mx/listings/hermoso-departamento-en-venta-polanco-p7092f4
RENTOLA-1969,1 habitación de 31m² en Ciudad de México,7000,226,1,0,0,"Calle Dinamarca 86, Roma, 06600 Mexico City, CMX, Mexico",06600 Mexico City,5,https://rentola.mx/listings/habitaciones-en-comodo-departamento-amueblado-pba1969
RENTOLA-45,departamento de 3 habitaciones de 80 m² en Ciudad de México,7000,88,3,0,1,"Plaza Volador, Colonia Dr. Alfonso Ortiz Tirado, 09020 Mexico City, CMX, Mexico",09020 Mexico City,5,https://rentola.mx/listings/departamento-col-dr-alfonso-ortiz-tirado-pf45d45
RENTOLA-29,1 habitación de 9m² en Ciudad de México,4800,533,1,0,0,"Calle Shakespeare 68, Anzures, 11590 Mexico City, CMX, Mexico",11590 Mexico City,5,https://rentola.mx/listings/cuarto-amueblado-para-mujer-a-5-minutos-de-la-torre-bbva-reforma-p5eba29
RENTOLA-0,casa de 2 habitaciones de 200 m² en Ciudad de México,8500,43,2,0,0,"Privada Segunda Matapulgas, Tlalpan, 14460 Mexico City, Mexico",Tlalpan,5,https://rentola.mx/listings/casa-en-renta-privada-segunda-matapulgas-tlalpuente-tlalpan-ciudad-de-mexico-14460-mex-p0ee3a0
RENTOLA-29,departamento de 2 habitaciones de 180 m² en Ciudad de México,4500,25,2,0,1,"BTM Polanco, Calle Lope de Vega 318, Colonia Rincón del Bosque, 11560 Mexico City, CMX, Mexico",Polanco,5,https://rentola.mx/listings/renta-de-departamento-amueblado-en-lope-de-vega-pfdeb29
RENTOLA-8,1 habitación de 21m² en Ciudad de México,6000,286,1,0,0,"Avenida Miguel Hidalgo 84, Coyoacán, 04030 Mexico City, CMX, Mexico",Coyoacán,5,https://rentola.mx/listings/residencia-en-hospedaje-para-mujeres-p85afc8
RENTOLA-885562,departamento de 3 habitaciones de 187 m² en Ciudad de México,8000,43,3,0,1,"Calle Emerson, Polanco, 11560 Mexico City, CMX, Mexico",Polanco,5,https://rentola.mx/listings/renta-departamento-nuevo-en-polanco-p23d2ec
RENTOLA-4,Viviendas en renta en Ciudad de México,0,0,0,0,0,N/A,CDMX,5,https://rentola.mx/renta?location=ciudad-de-mexico&property_types=room&property_types=house&property_types=apartment&property_types=studio&page=4
RENTOLA-3,¡Ups!,0,0,0,0,0,N/A,CDMX,6,https://rentola.mx/en/for-rent?location=mexico-city&property_types=room&property_types=house&property_types=apartment&property_types=studio&page=3
RENTOLA-441060,1 habitación de 11m² en Ciudad de México,3850,350,1,0,0,"Calle Felipe Carrillo Puerto 192, Popotla, 11400 Mexico City, CMX, Mexico",11400 Mexico City,6,https://rentola.mx/listings/habitacion-amueblada-solo-mujeres-p7acb2c
RENTOLA-891571,casa de 4 habitaciones de 435 m² en Ciudad de México,10000,23,4,0,0,"Calle Loma de Vista Hermosa, Colonia Lomas de Vista Hermosa, 05100 Mexico City, Mexico",Colonia Lomas de Vista Hermosa,6,https://rentola.mx/listings/casa-en-renta-en-lomas-de-vista-hermosa-cuajimalpa-de-morelos-ciudad-de-mexico-p86d74a
RENTOLA-08,departamento de 2 habitaciones de 102 m² en Ciudad de México,10000,98,2,0,1,"Benito Juárez, Mexico City, Mexico",Benito Juárez,6,https://rentola.mx/listings/departamento-en-renta-en-col-del-valle-sur-benito-juarez-p0a5a08
RENTOLA-2,1 habitación de 5m² en Ciudad de México,2600,520,1,0,0,"unnamed road, Colonia La Salle, 07707 Mexico City, CMX, Mexico",07707 Mexico City,6,https://rentola.mx/listings/se-renta-depa-amueblado-estudiantes-o-profe-sionistas-pa7f1f2
RENTOLA-773237,departamento de 1 habitación de 30 m² en Ciudad de México,6200,207,1,0,0,"El Café Shabo, Avenida Repúblicas 30, Colonia Miravalle, 03580 Mexico City, CMX, Mexico",03580 Mexico City,6,https://rentola.mx/listings/republicas-39a-depto-24-col-portales-pf08b0d
RENTOLA-715868,departamento de 1 habitación de 100 m² en Ciudad de México,6000,60,1,0,1,"Avenida Paseo de la Reforma, Condesa, 06500 Mexico City, CMX, Mexico",Condesa,6,https://rentola.mx/listings/residencia-de-lujo-dentro-del-ritz-carlton-paseo-de-la-reforma-p25490a
RENTOLA-1,departamento de 2 habitaciones de 97 m² en Ciudad de México,7000,72,2,0,1,"Moctezuma, Calzada General Ignacio Zaragoza, Jardín Balbuena, 15900 Mexico City, CMX, Mexico",15900 Mexico City,6,https://rentola.mx/listings/moctezuma-pa3dce1
RENTOLA-577969,1 habitación de 10m² en Ciudad de México,2300,230,1,0,0,"Calzada Puente de Guerra, Colonia Presidente Madero, 02420 Mexico City, CMX, Mexico",02420 Mexico City,6,https://rentola.mx/listings/mujer-cuarto-compartido-cerca-normal-cch-uam-esime-azcapo-metro-rosario-aquiles-tezozomoc-pcb697b
RENTOLA-601123,departamento de 1 habitación de 45 m² en Ciudad de México,6000,133,1,0,0,"Calle Icacos, La Piedad, 03023 Mexico City, CMX, Mexico",03023 Mexico City,6,https://rentola.mx/listings/departamento-col-narvarte-oriente-p3dc48c
RENTOLA-65,departamento de 2 habitaciones de 52 m² en Ciudad de México,9000,173,2,0,1,"Andador Primero, Unidad Habitacional Obrero CTM Culhuacán 9, 04909 Mexico City, Mexico",Unidad Habitacional Obrero CTM Culhuacán 9,6,https://rentola.mx/listings/departamento-en-renta-en-col-coapa-coyoacan-cdmx-p341e65
RENTOLA-723648,1 habitación de 15m² en Ciudad de México,5500,367,1,0,1,"Calle José Simón Bolívar, Colonia Miguel Alemán, 03420 Mexico City, Mexico",Colonia Miguel Alemán,6,https://rentola.mx/listings/habitacion-en-la-departamento-en-la-col-alamos-pc8e91a
RENTOLA-731304,departamento de 1 habitación de 20 m² en Ciudad de México,5000,250,1,0,1,"Calle C Manzana II, Colonia Quetzalcóatl, 04400 Mexico City, CMX, Mexico",04400 Mexico City,6,https://rentola.mx/listings/departamento-col-educacion-pb2820e
RENTOLA-676041,1 habitación de 14m² en Ciudad de México,4800,343,1,0,0,"Avenida Cuitláhuac, Colonia Sector Naval, 02080 Mexico City, CMX, Mexico",Tláhuac,6,https://rentola.mx/listings/se-renta-cuarto-a-15min-de-unitec-cuitlahuac-y-30min-de-polanco-p03db2e
RENTOLA-11133,1 habitación de 1m² en Ciudad de México,396,396,1,0,0,"Parroquia San Antonio de Padua, Calle Pennsylvania 228, Del Valle, 03840 Mexico City, CMX, Mexico",03840 Mexico City,6,https://rentola.mx/listings/mexico-city-napoles-women-only-pa11133
RENTOLA-810241,casa de 3 habitaciones de 296 m² en Ciudad de México,65000,220,3,0,1,"Calle Monte Everest, Lomas de Chapultepec, 11000 Mexico City, Mexico",Lomas de Chapultepec,6,https://rentola.mx/listings/casa-en-renta-lomas-de-chapultepec-miguel-hidalgo-cdmx-p2d3a6c
RENTOLA-5,departamento de 1 habitación de 20 m² en Ciudad de México,3500,175,1,0,0,"Calle 3 123, Colonia Agrícola Pantitlán, 08100 Mexico City, Mexico",Colonia Agrícola Pantitlán,6,https://rentola.mx/listings/departamento-en-renta-agricola-pantitlan-iztacalco-p151be5
RENTOLA-389238,departamento de 2 habitaciones de 77 m² en Ciudad de México,8000,104,2,0,0,"Centro, 06000 Mexico City, CMX, Mexico",Centro,6,https://rentola.mx/listings/anillo-de-circunvalacion-307-depto-2-col-centro-p863e0e
RENTOLA-2,casa de 3 habitaciones de 120 m² en Ciudad de México,9500,79,3,0,1,"Cuauhtémoc, Mexico City, Mexico",Cuauhtémoc,6,https://rentola.mx/listings/casa-en-renta-en-alfareros-san-jacinto-amilpas-p5e8fa2
RENTOLA-159565,departamento de 1 habitación de 50 m² en Ciudad de México,5500,110,1,0,1,"unnamed road, Unidad Habitacional Nativitas, 16090 Mexico City, CMX, Mexico",16090 Mexico City,6,https://rentola.mx/listings/departamento-col-nativitas-pf6689a
RENTOLA-808797,1 habitación de 14m² en Ciudad de México,4500,321,1,0,0,"Privada Prolongación Espíritu Santo, Coyoacán, 04320 Mexico City, Mexico",Coyoacán,7,https://rentola.mx/listings/se-renta-cuarto-en-coyoacan-en-casa-compartida-p18f11e
RENTOLA-524578,casa de 3 habitaciones de 213 m² en Ciudad de México,32000,150,3,0,1,"Calle Tres Cruces 99, Coyoacán, 04010 Mexico City, Mexico",Coyoacán,7,https://rentola.mx/listings/casa-en-renta-calle-tres-cruces-112-coyoacan-ciudad-de-mexico-cdmx-mexico-p18ff0c
RENTOLA-5,Viviendas en renta en Ciudad de México,0,0,0,0,0,N/A,CDMX,7,https://rentola.mx/renta?location=ciudad-de-mexico&property_types=room&property_types=house&property_types=apartment&property_types=studio&page=5
RENTOLA-4,¡Ups!,0,0,0,0,0,N/A,CDMX,7,https://rentola.mx/en/for-rent?location=mexico-city&property_types=room&property_types=house&property_types=apartment&property_types=studio&page=4
RENTOLA-566604,departamento de 1 habitación de 20 m² en Ciudad de México,5000,250,1,0,0,"Calle San Raúl, Colonia Textitlán 222, 04600 Mexico City, CMX, Mexico",04600 Mexico City,7,https://rentola.mx/listings/departamento-col-pueblo-de-santa-ursula-coapa-p00266a
RENTOLA-1,departamento de 4 habitaciones de 85 m² en Ciudad de México,13000,153,4,0,1,"Avenida Ing. Juan de Dios Batíz Paredes 523, Colonia Zacatenco, 07340 Mexico City, Mexico",Colonia Zacatenco,7,https://rentola.mx/listings/departamento-en-renta-lindavista-sur-gustavo-a-madero-p5639c1
RENTOLA-666410,departamento de 2 habitaciones de 67 m² en Ciudad de México,12500,187,2,0,1,"Calle Serafín Olarte, Narvarte, 03630 Mexico City, CMX, Mexico",03630 Mexico City,7,https://rentola.mx/listings/departamento-en-renta-colonia-independencia-p5bda6c
RENTOLA-7,1 habitación de 14m² en Ciudad de México,4500,321,1,0,0,"Calle San Joaquín, Colonia México nuevo, 11260 Mexico City, Mexico",Colonia México nuevo,7,https://rentola.mx/listings/recamara-para-hombre-p0793e7
RENTOLA-511082,departamento de 2 habitaciones de 60 m² en Ciudad de México,6800,113,2,0,0,"Avenida Tláhuac, Colonia Santa Ana Centro, 13400 Mexico City, CMX, Mexico",Tláhuac,7,https://rentola.mx/listings/departamento-col-zapotitla-pc69bdf
RENTOLA-220704,departamento de 1 habitación de 32 m² en Ciudad de México,6000,188,1,0,0,"Ángel Zimbrón, 02099 Mexico City, CMX, Mexico",02099 Mexico City,7,https://rentola.mx/listings/jose-f-gutierrez-154-depto-9-col-angel-zimbron-p6d111a
RENTOLA-8767,1 habitación de 15m² en Ciudad de México,5000,333,1,0,0,"Avenida División del Norte, Colonia División del Norte 3533, 04610 Mexico City, CMX, Mexico",04610 Mexico City,7,https://rentola.mx/listings/rento-recamara-amueblada-para-mujer-pbd8767
RENTOLA-0008,departamento de 1 habitación de 5 m² en Ciudad de México,2500,500,1,0,1,"Calle José María Lafragua 16, Tabacalera, 06030 Mexico City, CMX, Mexico",Tabacalera,7,https://rentola.mx/listings/lafragua-departamento-en-renta-amueblado-p2b0008
RENTOLA-192572,departamento de 1 habitación de 20 m² en Ciudad de México,4500,225,1,0,1,"Calle Francisco I. Madero, Colonia Minerva, 09810 Mexico City, Mexico",Colonia Minerva,7,https://rentola.mx/listings/departamento-en-renta-los-reyes-culhuacan-iztapalapa-pda0d3d
RENTOLA-9,departamento de 2 habitaciones de 53 m² en Ciudad de México,10000,189,2,0,0,"C26, Avenida Panamericana C26, Unidad Habitacional Villa Panamericana, 04700 Mexico City, Mexico",Unidad Habitacional Villa Panamericana,7,https://rentola.mx/listings/departamento-col-villa-panamericana-p5e5cd9
RENTOLA-119462,departamento de 1 habitación de 38 m² en Ciudad de México,6000,158,1,0,0,"Calle Norte 26, Colonia Vallejo La Patera, 07800 Mexico City, CMX, Mexico",07800 Mexico City,7,https://rentola.mx/listings/departamento-col-industrial-pac008b
RENTOLA-490990,departamento de 1 habitación de 5 m² en Ciudad de México,6900,1380,1,0,1,"Calle Pisagua 599, Colonia Valle del Tepeyac, 07740 Mexico City, Mexico",Colonia Valle del Tepeyac,7,https://rentola.mx/listings/departamento-en-renta-pisagua-569-valle-del-tepeyac-ciudad-de-mexico-cdmx-mexico-pdfecbe
RENTOLA-332625,departamento de 3 habitaciones de 90 m² en Ciudad de México,14000,156,3,0,1,"Calle Jovas, Colonia Media Luna, 04737 Mexico City, Mexico",Colonia Media Luna,7,https://rentola.mx/listings/departamento-col-el-caracol-pd934bf
RENTOLA-377232,departamento de 2 habitaciones de 50 m² en Ciudad de México,12900,258,2,0,1,"1ª Cerrada Venustiano Carranza, Viejo Ejido Santa Úrsula Coapa, 04980 Mexico City, CMX, Mexico",Venustiano Carranza,7,https://rentola.mx/listings/departamento-col-viejo-ejido-de-santa-ursula-coapa-p6dd2fe
RENTOLA-8,1 habitación de 17m² en Ciudad de México,4000,235,1,0,0,"Calle Libertad, Colonia San Álvaro, 02090 Mexico City, CMX, Mexico",02090 Mexico City,7,https://rentola.mx/listings/casa-de-roomins-para-mujeres-pb26cd8
RENTOLA-8,departamento de 1 habitación de 25 m² en Ciudad de México,5500,220,1,0,0,"Calle Sur 111 A, Colonia Juventino Rosas, 08700 Mexico City, Mexico",Colonia Juventino Rosas,7,https://rentola.mx/listings/departamento-col-gabriel-ramos-millan-p1479e8
RENTOLA-04,departamento de 3 habitaciones de 140 m² en Ciudad de México,15000,107,3,0,1,"Torre Revolución de 1910, Avenida Lázaro Cárdenas 466, Nonoalco Tlatelolco, 06900 Mexico City, Mexico",Nonoalco Tlatelolco,8,https://rentola.mx/listings/departamento-en-renta-nonoalco-tlatelolco-cuauhtemoc-cdmx-pe5eb04
RENTOLA-931836,departamento de 1 habitación de 10 m² en Ciudad de México,5000,500,1,0,1,"Calle Alfredo Tennyson, Polanco, 11550 Mexico City, CMX, Mexico",Polanco,8,https://rentola.mx/listings/departamento-en-renta-en-polanco-3r-2-5b-2e-terraza-balcon-200m2-p73217a
RENTOLA-721053,departamento de 1 habitación de 18 m² en Ciudad de México,3500,194,1,0,0,"Calle Aldama, Unidad Habitacional Ejército Constitucionalista, 09220 Mexico City, Mexico",Unidad Habitacional Ejército Constitucionalista,8,https://rentola.mx/listings/departamento-col-tepalcates-p23525f
RENTOLA-353814,casa de 3 habitaciones de 106 m² en Ciudad de México,17000,160,3,0,0,"DIF Miguel Hidalgo, Avenida de las Torres, Colonia Miguel Hidalgo 2a. Sección, 14250 Mexico City, CMX, Mexico",Miguel Hidalgo,8,https://rentola.mx/listings/casa-en-renta-en-miguel-hidalgo-2a-seccion-tlalpan-ciudad-de-mexico-pfa9a5e
RENTOLA-948381,departamento de 2 habitaciones de 85 m² en Ciudad de México,4250,50,2,0,1,"Vecchio Forno, Calle Veracruz 38, Condesa, 06700 Mexico City, CMX, Mexico",Condesa,8,https://rentola.mx/listings/departamentos-de-lujo-amueblados-en-calle-veracruz-edificio-art-deco-p948381
RENTOLA-6,Viviendas en renta en Ciudad de México,0,0,0,0,0,N/A,CDMX,8,https://rentola.mx/renta?location=ciudad-de-mexico&property_types=room&property_types=house&property_types=apartment&property_types=studio&page=6
RENTOLA-5,¡Ups!,0,0,0,0,0,N/A,CDMX,8,https://rentola.mx/en/for-rent?location=mexico-city&property_types=room&property_types=house&property_types=apartment&property_types=studio&page=5
RENTOLA-298471,departamento de 1 habitación de 58 m² en Ciudad de México,3988,69,1,0,0,"Calle Ángel del Campo, Roma, 06880 Mexico City, Mexico",Roma,8,https://rentola.mx/listings/habitacion-para-roomie-en-renta-en-obrera-cuauhtemoc-cdmx-p747ccc
RENTOLA-4,1 habitación de 37m² en Ciudad de México,7300,197,1,0,0,"Calle Río Atoyac 13, Condesa, 06500 Mexico City, CMX, Mexico",Condesa,8,https://rentola.mx/listings/habitaciones-en-comodo-departamento-amueblado-pa856a4
RENTOLA-22,casa de 3 habitaciones de 500 m² en Ciudad de México,25000,50,3,0,1,"Callejón Heliótropo, Coyoacán, 04330 Mexico City, CMX, Mexico",Coyoacán,8,https://rentola.mx/listings/casa-en-renta-en-barrio-del-nino-jesus-coyoacan-p9c7b22
RENTOLA-377962,1 habitación de 13m² en Ciudad de México,7000,538,1,0,0,"Calle Lago Meru, Polanco, 11520 Mexico City, CMX, Mexico",Polanco,8,https://rentola.mx/listings/ultimo-cuarto-disponible-en-coliving-pd95a3b
RENTOLA-611,departamento de 2 habitaciones de 55 m² en Ciudad de México,8000,145,2,0,1,"Cerrada Quinta Volcanes, Tlalpan, 14100 Mexico City, CMX, Mexico",Tlalpan,8,https://rentola.mx/listings/departamento-col-pedregal-de-san-nicolas-1a-seccion-p01c611
RENTOLA-58,1 habitación de 6m² en Ciudad de México,3000,500,1,0,0,"Calle Acero, Maza, 06270 Mexico City, CMX, Mexico",06270 Mexico City,8,https://rentola.mx/listings/rento-recamara-chica-a-15-min-metro-hidalgo-p06bd58
RENTOLA-781881,departamento de 2 habitaciones de 40 m² en Ciudad de México,7000,175,2,0,0,"Calle Toscanos, Presidentes, 01160 Mexico City, Mexico",Presidentes,8,https://rentola.mx/listings/departamento-col-maria-g-de-garcia-ruiz-p781881
RENTOLA-1,departamento de 2 habitaciones de 121 m² en Ciudad de México,3600,30,2,0,0,"Oficina Comercial Telcel, Ferrocarril a Cuernavaca, Ampliación Granada, 11529 Mexico City, CMX, Mexico",11529 Mexico City,8,https://rentola.mx/listings/departamento-amueblado-en-polanco-pd4fbd1
RENTOLA-15,casa de 3 habitaciones de 104 m² en Ciudad de México,13500,130,3,0,1,"Prolongación Ahuejotes, Colonia Paseos del Sur, 16010 Mexico City, Mexico",Colonia Paseos del Sur,8,https://rentola.mx/listings/casa-en-renta-barrio-18-xochimilco-p251d15
RENTOLA-957675,1 habitación de 10m² en Ciudad de México,4100,410,1,0,0,"Calle Luis Moya 39, Barrio Chino, 06050 Mexico City, CMX, Mexico",06050 Mexico City,8,https://rentola.mx/listings/rento-bonita-mini-recamarita-muy-economica-calle-independencia-p78414f
RENTOLA-39,1 habitación de 15m² en Ciudad de México,4950,330,1,0,0,"Calle Tomás Alva Edison 106, Tabacalera, 06030 Mexico City, CMX, Mexico",Tabacalera,8,https://rentola.mx/listings/habitacion-en-tabacalera-pa97e39
RENTOLA-6362,departamento de 1 habitación de 22 m² en Ciudad de México,5000,227,1,0,0,"Calle Leandro Valle, Presidentes, 01110 Mexico City, Mexico",Presidentes,8,https://rentola.mx/listings/departamento-en-renta-leandro-valle-5-liberales-de-1857-ciudad-de-mexico-cdmx-mexico-p1d6362
RENTOLA-1,departamento de 2 habitaciones de 48 m² en Ciudad de México,6500,135,2,0,0,"Calle Manuel M. Flores, Colonia Gutiérrez Nájera, 13300 Mexico City, Mexico",Colonia Gutiérrez Nájera,8,https://rentola.mx/listings/departamento-col-zapotitla-p4a96d1
RENTOLA-16,departamento de 1 habitación de 8 m² en Ciudad de México,4000,500,1,0,0,"Calle Monrovia, Colonia Portales Sur, 03300 Mexico City, Mexico",Colonia Portales Sur,9,https://rentola.mx/listings/departamento-col-portales-sur-pc07c16
RENTOLA-9,departamento de 3 habitaciones de 58 m² en Ciudad de México,12000,207,3,0,1,"Avenida del Regidor, Colonia Residencial Villa Coapa Supermanzana 8, 14390 Mexico City, Mexico",Colonia Residencial Villa Coapa Supermanzana 8,9,https://rentola.mx/listings/departamento-en-renta-villa-coapa-tlalpan-cdmx-p0e44b9
RENTOLA-604361,1 habitación de 20m² en Ciudad de México,6500,325,1,0,0,"Unidad de Medicina Familiar 13, Calle Aztecas, San Francisco Tetecala, 02000 Mexico City, CMX, Mexico",02000 Mexico City,9,https://rentola.mx/listings/estrena-habitacion-en-azcapo-vive-con-gym-seguridad-24-7-paca12d
RENTOLA-446589,departamento de 3 habitaciones de 80 m² en Ciudad de México,13310,166,3,0,1,"Calle Ingenieros Civiles, Colonia Nueva Rosita, 09420 Mexico City, CMX, Mexico",09420 Mexico City,9,https://rentola.mx/listings/departamento-en-renta-nueva-rosita-iztapalapa-cdmx-pa85afe
RENTOLA-0,departamento de 3 habitaciones de 198 m² en Ciudad de México,60000,303,3,0,1,"Banco del Bajío, Calle Prado Sur, Lomas de Chapultepec, 11000 Mexico City, CMX, Mexico",11000 Mexico City,9,https://rentola.mx/listings/departamento-en-venta-en-lomas-de-chapultepec-p998bc0
RENTOLA-884806,1 habitación de 7m² en Ciudad de México,3500,500,1,0,0,"Calle Neptuno, San Simón Tolnahuac, 06420 Mexico City, CMX, Mexico",06420 Mexico City,9,https://rentola.mx/listings/renta-cuarto-peba5ae
RENTOLA-036,casa de 3 habitaciones de 121 m² en Ciudad de México,25000,207,3,0,1,"Calle Ingenio San Gabriel 102, Colonia Rinconada Coapa 2a. Sección, 14325 Mexico City, Mexico",Colonia Rinconada Coapa 2a. Sección,9,https://rentola.mx/listings/casa-en-renta-colonia-villa-coapa-tlalpan-ciudad-de-mexico-p7ab036
RENTOLA-39,departamento de 2 habitaciones de 97 m² en Ciudad de México,7000,72,2,0,1,"Moctezuma, Calzada General Ignacio Zaragoza, Jardín Balbuena, 15900 Mexico City, CMX, Mexico",15900 Mexico City,9,https://rentola.mx/listings/moctezuma-p247c39
RENTOLA-7,Viviendas en renta en Ciudad de México,0,0,0,0,0,N/A,CDMX,9,https://rentola.mx/renta?location=ciudad-de-mexico&property_types=room&property_types=house&property_types=apartment&property_types=studio&page=7
RENTOLA-6,¡Ups!,0,0,0,0,0,N/A,CDMX,9,https://rentola.mx/en/for-rent?location=mexico-city&property_types=room&property_types=house&property_types=apartment&property_types=studio&page=6
RENTOLA-858403,departamento de 3 habitaciones de 60 m² en Ciudad de México,14000,233,3,0,1,"Calzada México Tacuba 1411, Argentina Poniente, 11230 Mexico City, CMX, Mexico",11230 Mexico City,9,https://rentola.mx/listings/departamento-col-pensil-norte-pbeacbd
RENTOLA-6,casa de 3 habitaciones de 28 m² en Ciudad de México,9000,321,3,0,0,"Calle Apango, Barrio Cuautepec El Alto, 07100 Mexico City, Mexico",Barrio Cuautepec El Alto,9,https://rentola.mx/listings/casa-en-renta-en-lomas-de-atizapan-atizapan-de-zaragoza-estado-de-mexico-p92eda6
RENTOLA-9,1 habitación de 12m² en Ciudad de México,6800,567,1,0,0,"Calle Vicente Suárez, Condesa, 06140 Mexico City, CMX, Mexico",Condesa,9,https://rentola.mx/listings/se-renta-cuarto-amueblado-pa42dd9
RENTOLA-163509,departamento de 2 habitaciones de 97 m² en Ciudad de México,2500,26,2,0,1,"Calle José María Lafragua 16, Tabacalera, 06030 Mexico City, CMX, Mexico",Tabacalera,9,https://rentola.mx/listings/lafragua-departamento-en-renta-amueblado-p07618e
RENTOLA-680205,casa de 3 habitaciones de 220 m² en Ciudad de México,24900,113,3,0,1,"unnamed road, Colonia Tepepan, 16029 Mexico City, Mexico",Colonia Tepepan,9,https://rentola.mx/listings/casa-en-renta-santa-maria-tepepan-xochimilco-p62a0cc
RENTOLA-673754,1 habitación de 17m² en Ciudad de México,5600,329,1,0,0,"Calle Independencia, Barrio Chino, 06050 Mexico City, Mexico",Barrio Chino,9,https://rentola.mx/listings/centro-calle-independencia-zona-verde-alameda-espaldas-avenida-juarez-rento-bonitas-recamaras-p92989b
RENTOLA-119616,1 habitación de 8m² en Ciudad de México,4300,538,1,0,0,"Calle Tejamanil, Colonia Pedregal de Santo Domingo, 04369 Mexico City, CMX, Mexico",04369 Mexico City,9,https://rentola.mx/listings/recamara-en-preciosa-casa-amueblada-p5f9e1e
RENTOLA-561448,departamento de 1 habitación de 20 m² en Ciudad de México,4100,205,1,0,0,"Calle Contadores, Colonia Jardines de Churubusco, 09410 Mexico City, CMX, Mexico",09410 Mexico City,9,https://rentola.mx/listings/departamento-col-aculco-p767e9d
RENTOLA-668112,departamento de 1 habitación de 32 m² en Ciudad de México,6100,191,1,0,0,"Calle José F. Gutiérrez 154, Ángel Zimbrón, 02099 Mexico City, Mexico",Ángel Zimbrón,9,https://rentola.mx/listings/departamento-en-renta-avenida-jose-f-gutierrez-127-angel-zimbron-azcapotzalco-ciudad-de-mexico-02099-mex-pbe56bb
RENTOLA-325845,departamento de 3 habitaciones de 65 m² en Ciudad de México,12000,185,3,0,0,"Calle Silos, Unidad Habitacional Narciso Mendoza 5 Villa Coapa, 14390 Mexico City, Mexico",Unidad Habitacional Narciso Mendoza 5 Villa Coapa,9,https://rentola.mx/listings/departamento-col-villa-coapa-p37436b
RENTOLA-4,1 habitación de 10m² en Ciudad de México,3300,330,1,0,0,"Calle Rada, Colonia Vallejo La Patera, 07700 Mexico City, CMX, Mexico",07700 Mexico City,10,https://rentola.mx/listings/habitacion-amueblada-en-la-patera-vallejo-pb68aa4
RENTOLA-612826,1 habitación de 14m² en Ciudad de México,4500,321,1,0,1,"unnamed road, Colonia Sears Roebuck, 01140 Mexico City, CMX, Mexico",01140 Mexico City,10,https://rentola.mx/listings/rec-amueblada-c-bano-x-observatorio-p40a2ff
RENTOLA-18,departamento de 3 habitaciones de 200 m² en Ciudad de México,5000,25,3,0,1,"Calle Alfredo Tennyson, Polanco, 11550 Mexico City, CMX, Mexico",Polanco,10,https://rentola.mx/listings/departamento-en-renta-en-polanco-3r-2-5b-2e-terraza-balcon-200m2-p1e5f18
RENTOLA-426825,casa de 1 habitación de 8 m² en Ciudad de México,3800,475,1,0,0,"Calle Ignacio Chávez, Conjunto INFONAVIT Cuemanco, 14330 Mexico City, CMX, Mexico",14330 Mexico City,10,https://rentola.mx/listings/casa-col-granjas-coapa-pc4539a
RENTOLA-76,departamento de 3 habitaciones de 493 m² en Ciudad de México,6500,13,3,0,1,"Avenida Paseo Bosque de la Reforma, Colonia Bosques de Reforma, 05129 Mexico City, Mexico",Colonia Bosques de Reforma,10,https://rentola.mx/listings/ph-royal-reforma-pb2ca76
RENTOLA-573302,1 habitación de 20m² en Ciudad de México,4500,225,1,0,0,"Calle Mar de las Nubes, Fraccionamiento Los Olivos, 04890 Mexico City, Mexico",Fraccionamiento Los Olivos,10,https://rentola.mx/listings/rento-recamara-amueblada-p22981f
RENTOLA-66,departamento de 2 habitaciones de 55 m² en Ciudad de México,6000,109,2,0,1,"Avenida Aquiles Serdán 75, San Diego Ocoyac, 02099 Mexico City, CMX, Mexico",02099 Mexico City,10,https://rentola.mx/listings/departamento-en-renta-san-diego-ocoyoacac-p070a66
RENTOLA-1,departamento de 1 habitación de 35 m² en Ciudad de México,5000,143,1,0,0,"Calle Avena 171, Colonia Granjas Esmeralda, 09810 Mexico City, Mexico",Colonia Granjas Esmeralda,10,https://rentola.mx/listings/departamento-col-granjas-esmeralda-p84cdc1
RENTOLA-04486,departamento de 1 habitación de 50 m² en Ciudad de México,7500,150,1,0,0,"Calle Aile, Coyoacán, 04320 Mexico City, Mexico",Coyoacán,10,https://rentola.mx/listings/departamento-col-pedregal-de-santo-domingo-pf04486
RENTOLA-233033,1 habitación de 6m² en Ciudad de México,3200,533,1,0,1,"Calle Riflero de San Luis Potosí, Unidad Habitacional Ejército de Oriente, 09230 Mexico City, CMX, Mexico",09230 Mexico City,10,https://rentola.mx/listings/cuarto-para-varon-p233033
RENTOLA-40,departamento de 1 habitación de 25 m² en Ciudad de México,4500,180,1,0,0,"Calle Aile, Coyoacán, 04320 Mexico City, Mexico",Coyoacán,10,https://rentola.mx/listings/departamento-col-pedregal-de-santo-domingo-p5f4b40
RENTOLA-8,Viviendas en renta en Ciudad de México,0,0,0,0,0,N/A,CDMX,10,https://rentola.mx/renta?location=ciudad-de-mexico&property_types=room&property_types=house&property_types=apartment&property_types=studio&page=8
RENTOLA-7,¡Ups!,0,0,0,0,0,N/A,CDMX,10,https://rentola.mx/en/for-rent?location=mexico-city&property_types=room&property_types=house&property_types=apartment&property_types=studio&page=7
RENTOLA-69,departamento de 3 habitaciones de 480 m² en Ciudad de México,6300,13,3,0,1,"Cerrada Palo Alto, Granjas Palo Alto, 05118 Mexico City, CMX, Mexico",05118 Mexico City,10,https://rentola.mx/listings/estrena-penthouse-en-bosques-de-tamarindos-p3d2c69
RENTOLA-688815,1 habitación de 25m² en Ciudad de México,630,25,1,0,0,"Calle Presa Rodríguez, Irrigación, 11500 Mexico City, CMX, Mexico",11500 Mexico City,10,https://rentola.mx/listings/everything-you-need-to-live-well-all-you-have-to-p9be07c
RENTOLA-903,casa de 3 habitaciones de 40 m² en Ciudad de México,14000,350,3,0,1,"Universidad Autónoma Metropolitana Unidad Xochimilco, Calzada del Hueso 1100, Fraccionamiento Residencial Hacienda Coapa, 04960 Mexico City, CMX, Mexico",Xochimilco,10,https://rentola.mx/listings/casa-en-renta-al-norte-en-residencial-universidad-p8eb903
RENTOLA-5,departamento de 3 habitaciones de 180 m² en Ciudad de México,30000,167,3,0,1,"Cerrada de Amargura, San Ángel, 01000 Mexico City, CMX, Mexico",01000 Mexico City,10,https://rentola.mx/listings/departamento-en-renta-en-residencial-privilege-interlomas-pb07bb5
RENTOLA-127,1 habitación de 19m² en Ciudad de México,6000,316,1,0,0,"Calle Cuautla 121, Condesa, 06170 Mexico City, CMX, Mexico",Condesa,10,https://rentola.mx/listings/cuarto-habitacion-en-la-hipodromo-condesa-p3fc127
RENTOLA-341,departamento de 1 habitación de 17 m² en Ciudad de México,7000,412,1,0,0,"Centro Cultural de la Ciudad de México, Calle Sor Juana Inés de la Cruz 99, Santa María la Ribera, 06400 Mexico City, Mexico",Centro,10,https://rentola.mx/listings/habitacion-en-renta-en-cdmx-col-santa-maria-la-ribera-cuauhtemoc-p04a341
RENTOLA-599098,1 habitación de 25m² en Ciudad de México,8000,320,1,0,0,"Calle Aristóteles, Polanco, 11550 Mexico City, CMX, Mexico",Polanco,10,https://rentola.mx/listings/renta-de-habitaciones-en-polanco-pbe77cd
RENTOLA-4,1 habitación de 14m² en Ciudad de México,5500,393,1,0,0,"Calle Rancho Miradores, Coapa, 04920 Mexico City, CMX, Mexico",04920 Mexico City,11,https://rentola.mx/listings/vive-bonito-frente-plaza-galerias-coapa-a-super-precio-habitaciones-con-bano-privado-pf50ff4
RENTOLA-15,1 habitación de 28m² en Ciudad de México,6500,232,1,0,0,"Avenida Chapultepec, San Miguel Chapultepec 2ª Sección, 11850 Mexico City, CMX, Mexico",11850 Mexico City,11,https://rentola.mx/listings/vive-en-la-ciudad-frente-al-bosque-ubicacion-magnifica-pfeac15
RENTOLA-766693,departamento de 1 habitación de 60 m² en Ciudad de México,3500,58,1,0,0,"Grupo Bavaria, Calle Lago Zurich, Ampliación Granada, 11529 Mexico City, CMX, Mexico",11529 Mexico City,11,https://rentola.mx/listings/hermoso-departamento-en-venta-polanco-p94deaf
RENTOLA-6417,casa de 4 habitaciones de 600 m² en Ciudad de México,9000,15,4,0,1,"Avenida Altavista 192, Colonia Altavista, 01060 Mexico City, CMX, Mexico",01060 Mexico City,11,https://rentola.mx/listings/espectacular-residencia-en-san-angel-con-o-sin-muebles-pfa6417
RENTOLA-503485,departamento de 1 habitación de 58 m² en Ciudad de México,10500,181,1,0,0,"Calle Jilosúchil, Colonia Pedregal de Santo Domingo, 04369 Mexico City, CMX, Mexico",04369 Mexico City,11,https://rentola.mx/listings/departamento-col-pedregal-de-santo-domingo-p3c3b0c
RENTOLA-1651,casa de 2 habitaciones de 75 m² en Ciudad de México,13500,180,2,0,0,"Andador 7, Colonia Narciso Mendoza Súper Manzana 2 Villa Coapa, 14390 Mexico City, Mexico",Colonia Narciso Mendoza Súper Manzana 2 Villa Coapa,11,https://rentola.mx/listings/casa-duplex-col-narciso-mendoza-pff1651
RENTOLA-65,departamento de 1 habitación de 10 m² en Ciudad de México,7250,725,1,0,1,"Viaducto Río de la Piedad, Colonia Viaducto Troncoso, 15900 Mexico City, Mexico",Colonia Viaducto Troncoso,11,https://rentola.mx/listings/departamento-en-renta-viaducto-rio-de-la-piedad-596-jardin-balbuena-venustiano-carranza-ciudad-de-mexico-15900-mex-p282c65
RENTOLA-3,1 habitación de 13m² en Ciudad de México,6000,462,1,0,0,"Avenida Copilco, Colonia Copilco El Bajo, 04340 Mexico City, CMX, Mexico",04340 Mexico City,11,https://rentola.mx/listings/cuarto-en-insurgentes-san-angel-copilco-p4ad7c3
RENTOLA-48,casa de 3 habitaciones de 200 m² en Ciudad de México,9500,48,3,0,1,"Cerrada Mirador, Colonia 2a. Sección Los Cerrillos, 16780 Mexico City, Mexico",Colonia 2a. Sección Los Cerrillos,11,https://rentola.mx/listings/casa-en-renta-cerrada-mirador-215-santa-cruz-tulyehualco-cerrillos-ii-ciudad-de-mexico-cdmx-mexico-pdc9b48
RENTOLA-56,1 habitación de 8m² en Ciudad de México,4200,525,1,0,0,"Calle Gioacchino Rossini, Ex Hipódromo de Peralvillo, 06250 Mexico City, CMX, Mexico",06250 Mexico City,11,https://rentola.mx/listings/medicos-residentes-rento-habitacion-amuebladas-pc4ce56
RENTOLA-68,departamento de 3 habitaciones de 105 m² en Ciudad de México,18500,176,3,0,1,"Calle Norte 89, Colonia Sindicato Mexicano de Electricistas, 02060 Mexico City, Mexico",Colonia Sindicato Mexicano de Electricistas,11,https://rentola.mx/listings/departamento-en-renta-sindicato-mexicano-de-electricistas-ciudad-de-mexico-cdmx-mexico-pce6a68
RENTOLA-8,departamento de 1 habitación de 20 m² en Ciudad de México,6000,300,1,0,1,"Calle Tres Zapotes 132, Colonia Independencia, 03650 Mexico City, CMX, Mexico",03650 Mexico City,11,https://rentola.mx/listings/habitacion-amueblada-en-renta-en-letran-valle-cerca-de-up-y-hospital-20-de-nov-pd405a8
RENTOLA-05,departamento de 1 habitación de 30 m² en Ciudad de México,7000,233,1,0,0,"Heroica Escuela Naval Militar, Colonia Magdalena Culhuacán, 04260 Mexico City, CMX, Mexico",04260 Mexico City,11,https://rentola.mx/listings/departamento-col-paseos-de-taxquena-p938a05
RENTOLA-8,departamento de 3 habitaciones de 230 m² en Ciudad de México,75000,326,3,0,1,"Calle Rubén Darío 17, Polanco, 11570 Mexico City, Mexico",Polanco,11,https://rentola.mx/listings/renta-de-departamento-en-polanco-paa45e8
RENTOLA-9,Viviendas en renta en Ciudad de México,0,0,0,0,0,N/A,CDMX,11,https://rentola.mx/renta?location=ciudad-de-mexico&property_types=room&property_types=house&property_types=apartment&property_types=studio&page=9
RENTOLA-8,¡Ups!,0,0,0,0,0,N/A,CDMX,11,https://rentola.mx/en/for-rent?location=mexico-city&property_types=room&property_types=house&property_types=apartment&property_types=studio&page=8
RENTOLA-13,departamento de 2 habitaciones de 77 m² en Ciudad de México,10000,130,2,0,1,"Cerrada Cuarta Avenida Central, Colonia Agrícola Pantitlán, 08100 Mexico City, CMX, Mexico",08100 Mexico City,11,https://rentola.mx/listings/departamento-en-renta-en-la-agricola-pantitlan-pc42a13
RENTOLA-86,departamento de 3 habitaciones de 110 m² en Ciudad de México,14600,133,3,0,1,"Calzada de Tlalpan, Colonia San Diego Churubusco, 04040 Mexico City, CMX, Mexico",Tlalpan,11,https://rentola.mx/listings/departamento-col-parque-san-andres-p04bd86
RENTOLA-280905,1 habitación de 9m² en Ciudad de México,4500,500,1,0,0,"Calle Izcoátl 20, Anahuác 2ª Sección, 11370 Mexico City, CMX, Mexico",11370 Mexico City,11,https://rentola.mx/listings/habitacion-muy-cerca-de-polanco-anzures-marina-nacional-p280905
RENTOLA-244,departamento de 1 habitación de 50 m² en Ciudad de México,5000,100,1,0,0,"Calle Poniente 116 605, Colonia Panamericana, 07770 Mexico City, Mexico",Colonia Panamericana,11,https://rentola.mx/listings/departamento-en-renta-norte-9-a-panamericana-ciudad-de-mexico-cdmx-mexico-p76c244
RENTOLA-5613,1 habitación de 27m² en Ciudad de México,6300,233,1,0,0,"José María Rico, Actipan, 03230 Mexico City, CMX, Mexico",03230 Mexico City,12,https://rentola.mx/listings/departamento-compartido-para-mujeres-p6d5613
RENTOLA-890264,1 habitación de 17m² en Ciudad de México,5500,324,1,0,0,"Circuito Interior, Condesa, 06140 Mexico City, CMX, Mexico",Condesa,12,https://rentola.mx/listings/recamara-chica-condesa-caballeros-pfedbec
RENTOLA-987239,1 habitación de 7m² en Ciudad de México,3700,529,1,0,1,"unnamed road, Colonia Lomas de Belvedere, 14250 Mexico City, CMX, Mexico",14250 Mexico City,12,https://rentola.mx/listings/hospital-ajusco-medio-sixflags-colmex-2-habitaciones-privadas-p67af8f
RENTOLA-37,1 habitación de 6m² en Ciudad de México,3300,550,1,0,0,"Calle 4, Colonia La Purísima, 09310 Mexico City, CMX, Mexico",09310 Mexico City,12,https://rentola.mx/listings/habitaciones-amuebladas-uam-iztapalapa-p9f4a37
RENTOLA-182201,casa de 4 habitaciones de 715 m² en Ciudad de México,10000,14,4,0,1,"Calle Monte Tauro, Lomas de Chapultepec, 11000 Mexico City, CMX, Mexico",11000 Mexico City,12,https://rentola.mx/listings/renta-casa-lomas-de-chapultepec-virreyes-p924bce
RENTOLA-174047,1 habitación de 14m² en Ciudad de México,4500,321,1,0,0,"Calle Tepetlapa, Coapa, 04800 Mexico City, Mexico",Coapa,12,https://rentola.mx/listings/renta-de-habitaciones-al-sur-de-la-cdmx-p1bccaa
RENTOLA-603,departamento de 2 habitaciones de 70 m² en Ciudad de México,12500,179,2,0,0,"Calle Piedra del Sol 57, Colonia Avante, 04460 Mexico City, Mexico",Colonia Avante,12,https://rentola.mx/listings/departamento-col-avante-p65c603
RENTOLA-1761,departamento de 1 habitación de 39 m² en Ciudad de México,6000,154,1,0,0,"Juárez, Avenida Balderas, Centro, 06050 Mexico City, CMX, Mexico",Centro,12,https://rentola.mx/listings/hamburgo-274-depto-1-col-juarez-paa1761
RENTOLA-89,departamento de 2 habitaciones de 189 m² en Ciudad de México,8900,47,2,0,0,"Torre Libertad, Avenida Paseo de la Reforma 439, Condesa, 06500 Mexico City, CMX, Mexico",Condesa,12,https://rentola.mx/listings/residencia-en-el-hotel-st-regis-p0f7b89
RENTOLA-944269,1 habitación de 16m² en Ciudad de México,8000,500,1,0,0,"unnamed road, Polanco, 11510 Mexico City, CMX, Mexico",Polanco,12,https://rentola.mx/listings/se-renta-amplia-recamara-bastante-iluminada-pd4b3cb
RENTOLA-51237,departamento de 2 habitaciones de 65 m² en Ciudad de México,10000,154,2,0,1,"Calle Sisal, Colonia Sector 17, 14100 Mexico City, CMX, Mexico",14100 Mexico City,12,https://rentola.mx/listings/departamento-col-pedregal-de-san-nicolas-1a-seccion-pa51237
RENTOLA-54,departamento de 3 habitaciones de 240 m² en Ciudad de México,9000,38,3,0,0,"Calle Indianápolis, Del Valle, 03810 Mexico City, Mexico",Del Valle,12,https://rentola.mx/listings/departamento-en-renta-napoles-ciudad-de-mexico-cdmx-mexico-pba9a54
RENTOLA-77849,casa de 3 habitaciones de 138 m² en Ciudad de México,13000,94,3,0,1,"Fresnos, Colonia Minerva, 09810 Mexico City, Mexico",Colonia Minerva,12,https://rentola.mx/listings/casa-col-valle-del-sur-pd77849
RENTOLA-8,departamento de 2 habitaciones de 70 m² en Ciudad de México,1488,21,2,0,0,"El burro hermoso, Calle Río Lerma 310, Cuauhtémoc, 06500 Mexico City, CMX, Mexico",Cuauhtémoc,12,https://rentola.mx/listings/casa-de-chiles-2-bedroom-apartment-p1821c8
RENTOLA-4,departamento de 1 habitación de 78 m² en Ciudad de México,5500,71,1,0,1,"Calle Río Atoyac, Condesa, 06500 Mexico City, CMX, Mexico",Condesa,12,https://rentola.mx/listings/en-renta-ritz-carlton-branded-residence-no-4802-p0084c4
RENTOLA-3078,casa de 3 habitaciones de 43 m² en Ciudad de México,14000,326,3,0,1,"Perisur, Boulevard Adolfo Ruiz Cortines, Fraccionamiento Insurgentes Cuicuilco, 04530 Mexico City, CMX, Mexico",04530 Mexico City,12,https://rentola.mx/listings/casa-nueva-en-renta-en-perisur-p1f3078
RENTOLA-94,casa de 3 habitaciones de 220 m² en Ciudad de México,23000,105,3,0,1,"Avenida Toluca, Las Águilas, 01789 Mexico City, Mexico",Las Águilas,12,https://rentola.mx/listings/casa-en-renta-colonia-olivar-de-los-padres-alvaro-obregon-cdmx-p897b94
RENTOLA-10,Viviendas en renta en Ciudad de México,0,0,0,0,0,N/A,CDMX,12,https://rentola.mx/renta?location=ciudad-de-mexico&property_types=room&property_types=house&property_types=apartment&property_types=studio&page=10
RENTOLA-9,¡Ups!,0,0,0,0,0,N/A,CDMX,12,https://rentola.mx/en/for-rent?location=mexico-city&property_types=room&property_types=house&property_types=apartment&property_types=studio&page=9
RENTOLA-39,casa de 2 habitaciones de 150 m² en Ciudad de México,28500,190,2,0,1,"Cerrada Callejón de la Torre, El Yaqui, 01330 Mexico City, Mexico",El Yaqui,12,https://rentola.mx/listings/casa-en-renta-santa-fe-cuajimalpa-cuajimalpa-de-morelos-pe65b39
RENTOLA-45,departamento de 1 habitación de 60 m² en Ciudad de México,11000,183,1,0,0,"Avenida Insurgentes Sur, Condesa, 06760 Mexico City, CMX, Mexico",Condesa,13,https://rentola.mx/listings/insurgentes-sur-402-depto-9-col-roma-sur-p2e1c45
RENTOLA-6,casa de 4 habitaciones de 126 m² en Ciudad de México,39500,313,4,0,0,"Calle Xochicalco, Narvarte, 03600 Mexico City, Mexico",Narvarte,13,https://rentola.mx/listings/casa-en-renta-narvarte-oriente-benito-juarez-cdmx-pc10ad6
RENTOLA-6,casa de 4 habitaciones de 355 m² en Ciudad de México,4500,13,4,0,1,"Hotel City Express Suites Anzures, Calle Leibnitz 120, Colonia Nueva Anzures, 11590 Mexico City, Mexico",Colonia Nueva Anzures,13,https://rentola.mx/listings/casa-en-renta-en-anzures-miguel-hidalgo-ciudad-de-mexico-pef2dc6
RENTOLA-412679,1 habitación de 17m² en Ciudad de México,5500,324,1,0,0,"Avenida Baja California, Centro Urbano Benito Juárez, 06760 Mexico City, CMX, Mexico",Benito Juárez,13,https://rentola.mx/listings/cuarto-independiente-con-bano-propio-pbd86ad
RENTOLA-610728,departamento de 3 habitaciones de 70 m² en Ciudad de México,15000,214,3,0,1,"Avenida Pacífico 350, Unidad Habitacional del Pacífico, 04330 Mexico City, Mexico",Unidad Habitacional del Pacífico,13,https://rentola.mx/listings/departamento-col-pueblo-de-los-reyes-pdce62f
RENTOLA-6,departamento de 1 habitación de 10 m² en Ciudad de México,5000,500,1,0,0,"Calle Alejandría, Colonia Clavería, 02080 Mexico City, CMX, Mexico",02080 Mexico City,13,https://rentola.mx/listings/departamento-en-renta-en-claveria-azcapotzalco-p0365f6
RENTOLA-5,1 habitación de 12m² en Ciudad de México,5000,417,1,0,0,"Andador 3, Colonia Narciso Mendoza Súper Manzana 3 Villa Coapa, 14390 Mexico City, CMX, Mexico",14390 Mexico City,13,https://rentola.mx/listings/vive-bonito-en-coapa-a-buen-precio-habitacion-con-bano-privado-p7b09c5
RENTOLA-792559,1 habitación de 9m² en Ciudad de México,3000,333,1,0,0,"Calle Acero, Maza, 06270 Mexico City, CMX, Mexico",06270 Mexico City,13,https://rentola.mx/listings/dormitorio-amueblado-e-individual-en-renta-con-areas-comunes-compartidas-por-calz-de-guadalupe-y-e-pc572ae
RENTOLA-24,departamento de 2 habitaciones de 100 m² en Ciudad de México,36000,360,2,0,1,"Café Toscano, Avenida Emilio Castelar, Polanco, 11550 Mexico City, CMX, Mexico",Polanco,13,https://rentola.mx/listings/departamento-renta-polanco-p0d6e24
RENTOLA-5425,1 habitación de 21m² en Ciudad de México,5500,262,1,0,0,"Calle Cuitláhuac, Colonia San Pedro Apóstol, 14050 Mexico City, CMX, Mexico",Tláhuac,13,https://rentola.mx/listings/renta-de-habitaciones-en-zona-de-hospitales-p2d5425
RENTOLA-40,departamento de 2 habitaciones de 55 m² en Ciudad de México,12000,218,2,0,1,"unnamed road, Colonia La Preciosa, 02460 Mexico City, Mexico",Colonia La Preciosa,13,https://rentola.mx/listings/en-6to-piso-con-elevador-a-media-cuadra-de-av-aquiles-serdan-pdfeb40
RENTOLA-263290,1 habitación de 14m² en Ciudad de México,5000,357,1,0,0,"Retorno 11 de Avenida del Taller, Jardín Balbuena, 15900 Mexico City, CMX, Mexico",15900 Mexico City,13,https://rentola.mx/listings/habitacion-para-dama-en-la-colonia-jardin-balbuena-p79eb5f
RENTOLA-6,1 habitación de 18m² en Ciudad de México,5800,322,1,0,0,"Calle Norte 87 403, Colonia Sindicato Mexicano de Electricistas, 02060 Mexico City, CMX, Mexico",02060 Mexico City,13,https://rentola.mx/listings/rento-recamara-en-depa-compartido-p661fe6
RENTOLA-458884,casa de 4 habitaciones de 190 m² en Ciudad de México,22500,118,4,0,1,"Calle Real Madrid, Conjunto Residencial Villa Prado Coapa, 14358 Mexico City, Mexico",Conjunto Residencial Villa Prado Coapa,13,https://rentola.mx/listings/casa-en-renta-calle-real-madrid-5-6-prado-coapa-tercera-seccion-tlalpan-ciudad-de-mexico-14376-mex-p22c94c
RENTOLA-630503,1 habitación de 15m² en Ciudad de México,5000,333,1,0,0,"Edificio 15, Ferrocarril Central 15, Colonia Hogares Ferrocarrileros, 02540 Mexico City, Mexico",Colonia Hogares Ferrocarrileros,13,https://rentola.mx/listings/se-busca-companero-a-de-depa-p4cdc6a
RENTOLA-539,1 habitación de 15m² en Ciudad de México,5000,333,1,0,0,"Calle Juan E. Hernández y Dávalos, Ampliación Asturias, 06850 Mexico City, Mexico",Ampliación Asturias,13,https://rentola.mx/listings/habitacion-individual-disponible-para-una-dama-p05c539
RENTOLA-46,departamento de 2 habitaciones de 54 m² en Ciudad de México,14000,259,2,0,1,"Calle Lago Constanza, Polanco, 11460 Mexico City, Mexico",Polanco,13,https://rentola.mx/listings/departamento-en-renta-lago-constanza-155-lago-sur-ciudad-de-mexico-cdmx-mexico-pfbdd46
RENTOLA-102292,departamento de 3 habitaciones de 73 m² en Ciudad de México,10500,144,3,0,1,"Calzada Ticomán, Colonia La Escalera, 07340 Mexico City, CMX, Mexico",07340 Mexico City,13,https://rentola.mx/listings/departamento-frente-a-esime-ticoman-ideal-para-estudiantes-o-profesionistas-p7b335c
RENTOLA-671599,departamento de 2 habitaciones de 60 m² en Ciudad de México,10000,167,2,0,0,"Calle Mieses, Barrio San Antonio Culhuacán, 09810 Mexico City, CMX, Mexico",09810 Mexico City,13,https://rentola.mx/listings/departamento-col-progreso-del-sur-p721dcf
RENTOLA-121274,departamento de 2 habitaciones de 70 m² en Ciudad de México,7000,100,2,0,0,"Calle Cristóbal Morales, Colonia La Nopalera, 13220 Mexico City, Mexico",Colonia La Nopalera,13,https://rentola.mx/listings/departamento-col-los-olivos-p121274
RENTOLA-11,Viviendas en renta en Ciudad de México,0,0,0,0,0,N/A,CDMX,14,https://rentola.mx/renta?location=ciudad-de-mexico&property_types=room&property_types=house&property_types=apartment&property_types=studio&page=11
RENTOLA-10,¡Ups!,0,0,0,0,0,N/A,CDMX,14,https://rentola.mx/en/for-rent?location=mexico-city&property_types=room&property_types=house&property_types=apartment&property_types=studio&page=10
RENTOLA-551816,departamento de 1 habitación de 18 m² en Ciudad de México,4200,233,1,0,0,"Calle Antropólogos 70, Colonia San Juanico Nextipac, 09400 Mexico City, Mexico",Colonia San Juanico Nextipac,14,https://rentola.mx/listings/departamento-col-ampliacion-el-triunfo-pdd4f8d
RENTOLA-537,departamento de 3 habitaciones de 210 m² en Ciudad de México,99000,471,3,0,1,"Peatonal Calzada de los Ciruelos, 1a. Sección del Bosque de Chapultepec, 11580 Mexico City, CMX, Mexico",11580 Mexico City,14,https://rentola.mx/listings/departamento-amueblado-en-renta-en-bosque-de-chapultepec-p18a537
RENTOLA-6,1 habitación de 17m² en Ciudad de México,5500,324,1,0,0,"LUNA ""Benita Galeana"", Avenida Gabriel Ramos Millán 95, Colonia Américas Unidas, 03440 Mexico City, CMX, Mexico",03440 Mexico City,14,https://rentola.mx/listings/cuarto-amueblado-con-todos-los-servicios-incluidos-cerca-metro-nativitas-p1c62d6
RENTOLA-7685,departamento de 2 habitaciones de 50 m² en Ciudad de México,7200,144,2,0,0,"Calle Jardineros, Morelos, 15270 Mexico City, Mexico",Morelos,14,https://rentola.mx/listings/departamento-en-renta-jardineros-46-morelos-ciudad-de-mexico-cdmx-mexico-pef7685
RENTOLA-63,casa de 3 habitaciones de 159 m² en Ciudad de México,24000,151,3,0,1,"Calle Santa Úrsula, Colonia Santa Úrsula Xitla, 14420 Mexico City, Mexico",Colonia Santa Úrsula Xitla,14,https://rentola.mx/listings/casa-en-renta-pedregal-de-santa-ursula-xitla-tlalpan-cdmx-p5d8b63
RENTOLA-96,1 habitación de 30m² en Ciudad de México,9000,300,1,0,1,"Calle Juan Sordo Madaleno, Santa Fe, 05348 Mexico City, CMX, Mexico",05348 Mexico City,14,https://rentola.mx/listings/preciosisimo-cuarto-en-av-santa-fe-p7bdb96
RENTOLA-4549,casa de 3 habitaciones de 664 m² en Ciudad de México,12000,18,3,0,0,"Avenida Paseo de la Reforma, Lomas de Chapultepec 7ª Sección, 11000 Mexico City, CMX, Mexico",11000 Mexico City,14,https://rentola.mx/listings/casa-lomas-altas-pfc4549
RENTOLA-662215,departamento de 1 habitación de 25 m² en Ciudad de México,7000,280,1,0,0,"unnamed road, San Ángel, 01030 Mexico City, Mexico",San Ángel,14,https://rentola.mx/listings/departamento-col-florida-p7f5c3b
RENTOLA-7,departamento de 1 habitación de 42 m² en Ciudad de México,20600,490,1,0,0,"Sports World, Calle Lago Alberto 369, Polanco, 11320 Mexico City, CMX, Mexico",Polanco,14,https://rentola.mx/listings/loft-en-renta-cercano-a-polanco-alberca-gym-zona-pet-y-mas-p6e8bf7
RENTOLA-64,casa de 4 habitaciones de 661 m² en Ciudad de México,8000,12,4,0,1,"Calle Bosque de Perales, Colonia Bosques de las Lomas, 11700 Mexico City, CMX, Mexico",11700 Mexico City,14,https://rentola.mx/listings/residencia-en-renta-bosque-de-perales-bosques-de-las-lomas-miguel-hidalgo-cdmx-p29be64
RENTOLA-834171,departamento de 1 habitación de 17 m² en Ciudad de México,8000,471,1,0,0,"Centro Cultural de la Ciudad de México, Calle Sor Juana Inés de la Cruz 99, Santa María la Ribera, 06400 Mexico City, CMX, Mexico",Centro,14,https://rentola.mx/listings/habitacion-en-renta-en-cdmx-col-santa-maria-la-riberaibera-cuauhtemoc-p1f613f
RENTOLA-5199,1 habitación de 9m² en Ciudad de México,4800,533,1,0,0,"Calle Antillas, Colonia Albert, 03303 Mexico City, CMX, Mexico",03303 Mexico City,14,https://rentola.mx/listings/recamara-muy-iluminada-y-comoda-p1c5199
RENTOLA-7,1 habitación de 13m² en Ciudad de México,4800,369,1,0,0,"Calle Giacomo Puccini, Peralvillo, 06220 Mexico City, Mexico",Peralvillo,14,https://rentola.mx/listings/dormitorio-para-estudiantes-o-residentes-pe72be7
RENTOLA-971,casa de 3 habitaciones de 48 m² en Ciudad de México,15000,313,3,0,1,"Calle Hacienda Texmelucan, Coapa, 04960 Mexico City, Mexico",Coapa,14,https://rentola.mx/listings/casa-en-renta-villa-quietud-coyoacan-cdmx-p97a971
RENTOLA-347527,departamento de 1 habitación de 75 m² en Ciudad de México,15500,207,1,0,0,"Calle Mariposa 908, Santa Cruz Atoyac, 03340 Mexico City, Mexico",Santa Cruz Atoyac,14,https://rentola.mx/listings/departamento-col-santa-cruz-atoyac-p347527
RENTOLA-242364,departamento de 3 habitaciones de 322 m² en Ciudad de México,6800,21,3,0,1,"Embassy of India, Calle Alfredo de Musset 325, Polanco, 11540 Mexico City, CMX, Mexico",Polanco,14,https://rentola.mx/listings/departamento-de-lujo-a-estrenar-en-renta-en-la-calle-aristoteles-en-polanco-p93dfdd
RENTOLA-791044,departamento de 1 habitación de 100 m² en Ciudad de México,8000,80,1,0,0,"unnamed road, Colonia Equipamiento Fábrica FISISA, 14060 Mexico City, Mexico",Colonia Equipamiento Fábrica FISISA,14,https://rentola.mx/listings/departamento-col-isidro-fabela-p64053f
RENTOLA-240871,departamento de 2 habitaciones de 44 m² en Ciudad de México,11000,250,2,0,1,"Calle Segovia, Narvarte, 03400 Mexico City, CMX, Mexico",03400 Mexico City,14,https://rentola.mx/listings/departamento-en-renta-en-alamos-benito-juarez-ciudad-de-mexico-p0dac2c
RENTOLA-423332,departamento de 1 habitación de 30 m² en Ciudad de México,7200,240,1,0,0,"Calle Veracruz, Colonia Héroes de Padierna, 10700 Mexico City, Mexico",Colonia Héroes de Padierna,15,https://rentola.mx/listings/departamento-en-renta-teocelo-39-a-san-jeronimo-aculco-la-magdalena-contreras-ciudad-de-mexico-san-jeronimo-aculco-ciudad-d-pbed9fc
RENTOLA-9,departamento de 2 habitaciones de 46 m² en Ciudad de México,15000,326,2,0,1,"Calle Indianápolis 85, Del Valle, 03810 Mexico City, Mexico",Del Valle,15,https://rentola.mx/listings/departamento-en-renta-indianapolis-69-napoles-ciudad-de-mexico-cdmx-mexico-p393fc9
RENTOLA-12,casa de 3 habitaciones de 250 m² en Ciudad de México,25000,100,3,0,1,"Universidad Latina, Privada Griselda, Unidad Habitacional USCOVI Las Torres, 04330 Mexico City, Mexico",Unidad Habitacional USCOVI Las Torres,15,https://rentola.mx/listings/casa-en-renta-los-reyes-coyoacan-cdmx-p5c5f12
RENTOLA-12,Viviendas en renta en Ciudad de México,0,0,0,0,0,N/A,CDMX,15,https://rentola.mx/renta?location=ciudad-de-mexico&property_types=room&property_types=house&property_types=apartment&property_types=studio&page=12
RENTOLA-11,¡Ups!,0,0,0,0,0,N/A,CDMX,15,https://rentola.mx/en/for-rent?location=mexico-city&property_types=room&property_types=house&property_types=apartment&property_types=studio&page=11
RENTOLA-2,1 habitación de 12m² en Ciudad de México,6500,542,1,0,0,"Calle Cabrío, San Ángel, 01790 Mexico City, CMX, Mexico",01790 Mexico City,15,https://rentola.mx/listings/suite-amueblada-p61fff2
RENTOLA-98,1 habitación de 13m² en Ciudad de México,3200,246,1,0,0,"Calle Lago Ilopango, Torre Blanca, 11280 Mexico City, CMX, Mexico",11280 Mexico City,15,https://rentola.mx/listings/renta-de-recamara-para-mujer-sola-p6a7b98
RENTOLA-276955,1 habitación de 9m² en Ciudad de México,4800,533,1,0,0,"Lima, Colonia Revolución IMSS, 07300 Mexico City, CMX, Mexico",07300 Mexico City,15,https://rentola.mx/listings/habitacion-por-zona-hospitales-y-el-ipn-pbbec1a
RENTOLA-192275,casa de 3 habitaciones de 80 m² en Ciudad de México,14000,175,3,0,0,"Andador 5, Colonia Narciso Mendoza Súper Manzana 2 Villa Coapa, 14390 Mexico City, CMX, Mexico",14390 Mexico City,15,https://rentola.mx/listings/casa-col-villa-coapa-p0ea09d
RENTOLA-85,departamento de 1 habitación de 20 m² en Ciudad de México,5000,250,1,0,1,"Calle C Manzana VI, Colonia Quetzalcóatl, 04400 Mexico City, CMX, Mexico",04400 Mexico City,15,https://rentola.mx/listings/departamento-col-educacion-p0bac85
RENTOLA-32,casa de 3 habitaciones de 772 m² en Ciudad de México,14000,18,3,0,1,"Calle Prado Sur, Lomas de Chapultepec, 11000 Mexico City, Mexico",Lomas de Chapultepec,15,https://rentola.mx/listings/casa-prado-sur-p534c32
RENTOLA-308832,casa de 2 habitaciones de 45 m² en Ciudad de México,7500,167,2,0,0,"Calle Pomarrosa, Colonia San Bernabé, 02830 Mexico City, Mexico",Colonia San Bernabé,15,https://rentola.mx/listings/casa-en-renta-nueva-santa-maria-azcapotzalco-p9484ef
RENTOLA-970734,departamento de 3 habitaciones de 75 m² en Ciudad de México,10100,135,3,0,1,"Calle 27, Presidentes, 01430 Mexico City, CMX, Mexico",01430 Mexico City,15,https://rentola.mx/listings/departamento-en-renta-colina-del-sur-alvaro-obregon-pfd237f
RENTOLA-422837,departamento de 2 habitaciones de 230 m² en Ciudad de México,75000,326,2,0,0,"Avenida Nuevo León 44, Condesa, 06140 Mexico City, Mexico",Condesa,15,https://rentola.mx/listings/departamento-en-renta-amueblado-condesa-amsterdam-p5ee53c
RENTOLA-11112,1 habitación de 17m² en Ciudad de México,5500,324,1,0,0,"Calle Campeche 288, Condesa, 06100 Mexico City, Mexico",Condesa,15,https://rentola.mx/listings/condesa-agradable-habitacion-amueblada-mujeres-pf11112
RENTOLA-597840,casa de 3 habitaciones de 150 m² en Ciudad de México,20000,133,3,0,1,"Calle Hacienda de San Nicolás Tolentino, Colonia Potrero Acoxpa, 14357 Mexico City, CMX, Mexico",14357 Mexico City,15,https://rentola.mx/listings/casa-en-renta-en-prado-coapa-tlalpan-p8ffe4c
RENTOLA-39796,departamento de 1 habitación de 45 m² en Ciudad de México,8500,189,1,0,0,"Calle 30, Colonia El Rodeo, 08510 Mexico City, Mexico",Colonia El Rodeo,15,https://rentola.mx/listings/departamento-col-el-rodeo-pc39796
RENTOLA-8,departamento de 2 habitaciones de 85 m² en Ciudad de México,35000,412,2,0,0,"Calle Lago Andrómaco, Ampliación Granada, 11529 Mexico City, Mexico",Ampliación Granada,15,https://rentola.mx/listings/departamento-en-renta-torres-oslo-y-estocolmo-polarea-presa-falcon-granada-ciudad-de-mexico-cdmx-mexico-pb0c9c8
RENTOLA-51,casa de 2 habitaciones de 140 m² en Ciudad de México,19000,136,2,0,0,"Boulevard Adolfo Ruiz Cortines, Colonia Bosques Residencial Sur, 16010 Mexico City, Mexico",Colonia Bosques Residencial Sur,15,https://rentola.mx/listings/casa-col-hacienda-san-juan-pff3a51
RENTOLA-3,departamento de 1 habitación de 35 m² en Ciudad de México,7000,200,1,0,0,"2ª Cerrada 16 de Septiembre, La Cruz, 08310 Mexico City, CMX, Mexico",08310 Mexico City,15,https://rentola.mx/listings/departamento-col-la-cruz-pcceca3
RENTOLA-24363,1 habitación de 27m² en Ciudad de México,9000,333,1,0,1,"Calle Nayarit 62, Roma, 06760 Mexico City, CMX, Mexico",06760 Mexico City,16,https://rentola.mx/listings/habitacion-amplia-en-la-roma-sur-pa24363
RENTOLA-6,departamento de 1 habitación de 20 m² en Ciudad de México,8500,425,1,0,0,"Avenida Pacífico, Unidad Habitacional Rosedal, 04380 Mexico City, CMX, Mexico",04380 Mexico City,16,https://rentola.mx/listings/departamento-col-pueblo-la-candelaria-pd5d6e6
RENTOLA-879961,departamento de 2 habitaciones de 123 m² en Ciudad de México,63000,512,2,0,1,"Calle Alfonso Reyes 189, Condesa, 06100 Mexico City, Mexico",Condesa,16,https://rentola.mx/listings/departamento-en-renta-alfonso-reyes-193-hipodromo-ciudad-de-mexico-cdmx-mexico-p22792c
RENTOLA-74,departamento de 1 habitación de 46 m² en Ciudad de México,9000200,195657,1,0,0,"Colonia Villa Coapa, 14390 Mexico City, Mexico",Colonia Villa Coapa,16,https://rentola.mx/listings/departamento-en-renta-en-villa-coapa-tlalpan-ciudad-de-mexico-p563b74
RENTOLA-6889,departamento de 2 habitaciones de 80 m² en Ciudad de México,11000,138,2,0,1,"Paseo de Girasol, Colonia Verano, 14275 Mexico City, CMX, Mexico",14275 Mexico City,16,https://rentola.mx/listings/departamento-amueblado-en-planta-baja-en-renta-en-col-primavera-tlalpan-p5d6889
RENTOLA-4,departamento de 2 habitaciones de 62 m² en Ciudad de México,11000,177,2,0,1,"Calle 47 10, General Ignacio Zaragoza, 15730 Mexico City, Mexico",General Ignacio Zaragoza,16,https://rentola.mx/listings/departamento-col-general-ignacio-zaragoza-p9968c4
RENTOLA-13,Viviendas en renta en Ciudad de México,0,0,0,0,0,N/A,CDMX,16,https://rentola.mx/renta?location=ciudad-de-mexico&property_types=room&property_types=house&property_types=apartment&property_types=studio&page=13
RENTOLA-12,¡Ups!,0,0,0,0,0,N/A,CDMX,16,https://rentola.mx/en/for-rent?location=mexico-city&property_types=room&property_types=house&property_types=apartment&property_types=studio&page=12
RENTOLA-986722,casa de 2 habitaciones de 63 m² en Ciudad de México,8000,127,2,0,0,"Calle Joaquín Velázquez de León 63, San Rafael, 11370 Mexico City, Mexico",San Rafael,16,https://rentola.mx/listings/casa-en-renta-san-rafael-cuauhtemoc-cdmx-p174afc
RENTOLA-908022,departamento de 2 habitaciones de 45 m² en Ciudad de México,13000,289,2,0,0,"Polanco, 11490 Mexico City, CMX, Mexico",Polanco,16,https://rentola.mx/listings/departamento-en-renta-en-cuauhtemoc-pensil-miguel-hidalgo-ciudad-de-mexico-p0e472a
RENTOLA-0,departamento de 3 habitaciones de 240 m² en Ciudad de México,65000,271,3,0,1,"Avenida Mazatlán 59, Condesa, 06140 Mexico City, CMX, Mexico",Condesa,16,https://rentola.mx/listings/espacio-luz-y-ubicacion-privilegiada-en-mazatlan-pf65fe0
RENTOLA-145910,1 habitación de 9m² en Ciudad de México,4500,500,1,0,1,"Camino Real a Belén, Colonia Sears Roebuck, 01120 Mexico City, CMX, Mexico",01120 Mexico City,16,https://rentola.mx/listings/rec-amueblada-x-observatorio-p19268e
RENTOLA-352673,1 habitación de 9m² en Ciudad de México,4700,522,1,0,0,"Calle 11, Moctezuma 1ª. Sección, 15500 Mexico City, CMX, Mexico",15500 Mexico City,16,https://rentola.mx/listings/recamara-con-bano-propio-cerca-del-aicm-y-camara-de-diputados-p352673
RENTOLA-98,1 habitación de 13m² en Ciudad de México,6800,523,1,0,0,"Privada Rinconada de los Poetas, Unidad Habitacional Villa Panamericana, 04700 Mexico City, CMX, Mexico",04700 Mexico City,16,https://rentola.mx/listings/habitacion-en-depa-compartido-en-el-sur-cerca-estadio-azteca-gran-sur-pc2de98
RENTOLA-21,casa de 2 habitaciones de 45 m² en Ciudad de México,7500,167,2,0,0,"Calle Pomarrosa, Colonia San Bernabé, 02830 Mexico City, Mexico",Colonia San Bernabé,16,https://rentola.mx/listings/casa-en-renta-nueva-santa-maria-azcapotzalco-pd4fa21
RENTOLA-42,1 habitación de 9m² en Ciudad de México,3000,333,1,0,0,"Calle Venecia, Colonia San Álvaro, 02090 Mexico City, CMX, Mexico",02090 Mexico City,16,https://rentola.mx/listings/cuarto-de-servicio-en-renta-azcapotzalco-planta-baja-p763d42
RENTOLA-995610,departamento de 1 habitación de 15 m² en Ciudad de México,5800,387,1,0,0,"Escuela Secundaria Diurna No. 34 Eugenia León Puig, Calle Altamira 923, Colonia Miravalle, 03580 Mexico City, Mexico",Colonia Miravalle,16,https://rentola.mx/listings/departamento-col-miravalle-p12206a
RENTOLA-2,1 habitación de 20m² en Ciudad de México,6500,325,1,0,1,"Bar de Vinos Chidos, Calle Choapan 381, Condesa, 06100 Mexico City, Mexico",Condesa,16,https://rentola.mx/listings/condesa-centrico-seguro-solo-mujeres-pafeae2
RENTOLA-283730,departamento de 2 habitaciones de 75 m² en Ciudad de México,19000,253,2,0,0,"Calle Cerro del Hombre, Colonia Copilco Universidad ISSSTE, 04310 Mexico City, CMX, Mexico",04310 Mexico City,16,https://rentola.mx/listings/departamento-col-romero-de-terreros-p896aee
RENTOLA-168634,departamento de 2 habitaciones de 80 m² en Ciudad de México,16000,200,2,0,1,"Calle Hacienda de Xalpa, Coapa, 04960 Mexico City, Mexico",Coapa,16,https://rentola.mx/listings/departamento-en-renta-hacienda-xalpa-16-coapa-villa-quietud-ciudad-de-mexico-cdmx-mexico-p32722d
RENTOLA-888067,departamento de 1 habitación de 55 m² en Ciudad de México,5500,100,1,0,1,"Calle Yucalpetén, Colonia Héroes de Padierna, 14200 Mexico City, Mexico",Colonia Héroes de Padierna,17,https://rentola.mx/listings/departamento-en-renta-colonia-heroes-de-padierna-tlalpan-cdmx-p9092be
RENTOLA-924631,casa de 4 habitaciones de 130 m² en Ciudad de México,17000,131,4,0,0,"Andador 12, Colonia Narciso Mendoza Súper Manzana 3 Villa Coapa, 14390 Mexico City, CMX, Mexico",14390 Mexico City,17,https://rentola.mx/listings/casa-col-narciso-mendoza-p284ecf
RENTOLA-586742,1 habitación de 14m² en Ciudad de México,2500,179,1,0,0,"Calle Manuel María Contreras, San Rafael, 06470 Mexico City, CMX, Mexico",06470 Mexico City,17,https://rentola.mx/listings/cuarto-en-renta-san-rafael-azotea-c023-p7c389b
RENTOLA-676807,1 habitación de 14m² en Ciudad de México,7499,536,1,0,1,"Calle San Felipe, Colonia Xoco, 03330 Mexico City, Mexico",Colonia Xoco,17,https://rentola.mx/listings/experimenta-el-vivir-en-un-oasis-en-el-sur-de-la-ciudad-p0bcfda
RENTOLA-1,departamento de 1 habitación de 50 m² en Ciudad de México,7000,140,1,0,0,"Avenida Ingeniero Alfredo Robles Domínguez, Colonia Vallejo La Patera, 07870 Mexico City, Mexico",Colonia Vallejo La Patera,17,https://rentola.mx/listings/departamento-en-renta-vallejo-gustavo-a-madero-p65c5a1
RENTOLA-150613,departamento de 1 habitación de 24 m² en Ciudad de México,5900,246,1,0,0,"Calle Arneses, Colonia Progreso del Sur, 09810 Mexico City, Mexico",Colonia Progreso del Sur,17,https://rentola.mx/listings/departamento-col-minerva-p4cbc5d
RENTOLA-390498,departamento de 3 habitaciones de 130 m² en Ciudad de México,20000,154,3,0,0,"Avenida Colonia del Valle, Insurgentes San Borja, 03100 Mexico City, CMX, Mexico",03100 Mexico City,17,https://rentola.mx/listings/una-joya-a-tu-alcance-departamento-con-toda-la-onda-de-la-condesa-y-roma-p390498
RENTOLA-180635,departamento de 2 habitaciones de 55 m² en Ciudad de México,14000,255,2,0,0,"Calle Cerro Alfa, Coyoacán, 04310 Mexico City, CMX, Mexico",Coyoacán,17,https://rentola.mx/listings/departamento-col-cuadrante-de-san-francisco-p9e26fe
RENTOLA-0,departamento de 2 habitaciones de 200 m² en Ciudad de México,6000,30,2,0,0,"Calle Veracruz 63, Condesa, 06140 Mexico City, CMX, Mexico",Condesa,17,https://rentola.mx/listings/penthouse-veracruz-roma-norte-pe56cc0
RENTOLA-14,Viviendas en renta en Ciudad de México,0,0,0,0,0,N/A,CDMX,17,https://rentola.mx/renta?location=ciudad-de-mexico&property_types=room&property_types=house&property_types=apartment&property_types=studio&page=14
RENTOLA-13,¡Ups!,0,0,0,0,0,N/A,CDMX,17,https://rentola.mx/en/for-rent?location=mexico-city&property_types=room&property_types=house&property_types=apartment&property_types=studio&page=13
RENTOLA-181782,departamento de 2 habitaciones de 74 m² en Ciudad de México,17600,238,2,0,0,"Avenida Vasco de Quiroga, El Cuernito, 01250 Mexico City, Mexico",El Cuernito,17,https://rentola.mx/listings/departamento-en-renta-camino-a-santa-fe-606-boscoso-ciudad-de-mexico-cdmx-mexico-pdc236b
RENTOLA-47,departamento de 2 habitaciones de 46 m² en Ciudad de México,12700,276,2,0,1,"Oxxo, Calle Cañito 39, San Diego Ocoyac, 11290 Mexico City, Mexico",San Diego Ocoyac,17,https://rentola.mx/listings/departamento-en-renta-calle-canito-col-san-diego-ocoyoacac-pe91e47
RENTOLA-505264,departamento de 1 habitación de 21 m² en Ciudad de México,6500,310,1,0,0,"Centro, Mexico City, Mexico",Centro,17,https://rentola.mx/listings/peru-43-depto-18-col-centro-p7a048e
RENTOLA-9,departamento de 2 habitaciones de 60 m² en Ciudad de México,8000,133,2,0,1,"unnamed road, Unidad Habitacional La Colmena, 09170 Mexico City, Mexico",Unidad Habitacional La Colmena,17,https://rentola.mx/listings/departamento-en-renta-santa-martha-acatitla-iztapalapa-pdb39e9
RENTOLA-3,casa de 3 habitaciones de 200 m² en Ciudad de México,20000,100,3,0,0,"Parroquia de Nuestra Señora de Fátima, Calle Teniente José Espinosa Fuentes 507, Colonia Escuadrón 201, 09060 Mexico City, CMX, Mexico",09060 Mexico City,17,https://rentola.mx/listings/casa-col-escuadron-201-p7825e3
RENTOLA-924621,departamento de 2 habitaciones de 50 m² en Ciudad de México,7900,158,2,0,1,"unnamed road, Colonia Gutiérrez Nájera, 13300 Mexico City, CMX, Mexico",13300 Mexico City,17,https://rentola.mx/listings/departamento-en-renta-pa7e45d
RENTOLA-20584,departamento de 3 habitaciones de 145 m² en Ciudad de México,40000,276,3,0,1,"Calle Iglesia 270, San Ángel, 01090 Mexico City, Mexico",San Ángel,17,https://rentola.mx/listings/departamento-en-renta-iglesia-270-sn-angel-la-otra-banda-alvaro-obregon-ciudad-de-mexico-01090-mex-pa20584
RENTOLA-492641,casa de 2 habitaciones de 120 m² en Ciudad de México,22400,187,2,0,1,"Calle San León, Conjunto Buenavista, 04600 Mexico City, Mexico",Conjunto Buenavista,17,https://rentola.mx/listings/casa-en-renta-san-leon-santa-ursula-coapa-pgal-de-santa-ursula-coapa-ciudad-de-mexico-cdmx-mexico-p40a9fc
RENTOLA-672,1 habitación de 29m² en Ciudad de México,15000,517,1,0,0,"Avenida Ejército Nacional Oriente 209, Verónica Anzures, 11300 Mexico City, CMX, Mexico",11300 Mexico City,17,https://rentola.mx/listings/busco-roomie-para-compartir-departamento-increible-en-hares-polanco-pa6e672
RENTOLA-42,departamento de 2 habitaciones de 62 m² en Ciudad de México,9850,159,2,0,0,"unnamed road, Colonia Hipódromo Textil, 02100 Mexico City, Mexico",Colonia Hipódromo Textil,18,https://rentola.mx/listings/renta-de-departamento-condominio-03-croc-iii-tlalnepantla-de-baz-pa4ef42
RENTOLA-621133,departamento de 3 habitaciones de 158 m² en Ciudad de México,16500,104,3,0,1,"Boulevard del Temoluco, Colonia Los Remedios, 07670 Mexico City, Mexico",Colonia Los Remedios,18,https://rentola.mx/listings/departamento-en-renta-residencial-acueducto-de-guadalupe-gustavo-a-madero-pd4a6ef
RENTOLA-581,departamento de 2 habitaciones de 53 m² en Ciudad de México,7000,132,2,0,1,"Emiliano Zapata, Guadalupe Yecahuizotl, 13100 Mexico City, Mexico",Guadalupe Yecahuizotl,18,https://rentola.mx/listings/departamento-en-renta-emiliano-zapata-santiago-santa-catarina-yecahuitzotl-cdmx-mexico-p70c581
RENTOLA-51,departamento de 4 habitaciones de 110 m² en Ciudad de México,13500,123,4,0,1,"Privada Plaza Mitla, Colonia INFONAVIT Culhuacán Zona 1, 04440 Mexico City, CMX, Mexico",04440 Mexico City,18,https://rentola.mx/listings/departamento-col-culhuacan-ctm-seccion-v-p91de51
RENTOLA-0,departamento de 2 habitaciones de 69 m² en Ciudad de México,41000,594,2,0,1,"Calle Juan de la Barrera 120, Condesa, 06140 Mexico City, Mexico",Condesa,18,https://rentola.mx/listings/departamento-en-renta-condesa-cuauhtemoc-cdmx-p1155d0
RENTOLA-226586,1 habitación de 16m² en Ciudad de México,8000,500,1,0,0,"Calle Francisco Díaz Covarrubias 53, San Rafael, 06470 Mexico City, CMX, Mexico",06470 Mexico City,18,https://rentola.mx/listings/rento-habitacion-p55d27e
RENTOLA-453068,departamento de 1 habitación de 50 m² en Ciudad de México,8000,160,1,0,0,"Calle Sisal, Colonia Sector 17, 14100 Mexico City, CMX, Mexico",14100 Mexico City,18,https://rentola.mx/listings/departamento-col-pedregal-de-san-nicolas-1a-seccion-pc142cb
RENTOLA-879251,departamento de 3 habitaciones de 101 m² en Ciudad de México,20500,203,3,0,1,"Calle Odesa, Colonia Portales Sur, 03300 Mexico City, Mexico",Colonia Portales Sur,18,https://rentola.mx/listings/departamento-col-portales-sur-p879251
RENTOLA-727289,departamento de 2 habitaciones de 65 m² en Ciudad de México,17000,262,2,0,1,"Calle Nueva York, Del Valle, 03810 Mexico City, Mexico",Del Valle,18,https://rentola.mx/listings/departamento-en-renta-calle-nueva-york-33-b-edif-e-napoles-benito-juarez-ciudad-de-mexico-03810-mex-p7289eb
RENTOLA-531022,departamento de 2 habitaciones de 150 m² en Ciudad de México,5500,37,2,0,1,"Calle Pedro Calderón de la Barca 71, Polanco, 11540 Mexico City, Mexico",Polanco,18,https://rentola.mx/listings/pent-house-en-renta-150m2-amueblado-cerca-de-parque-lincoln-nuevo-p8bdafc
RENTOLA-2,departamento de 2 habitaciones de 160 m² en Ciudad de México,50000,313,2,0,0,"Calle Mexicali 40, Condesa, 06100 Mexico City, CMX, Mexico",Condesa,18,https://rentola.mx/listings/garden-house-en-renta-condesa-p17adc2
RENTOLA-979347,casa de 1 habitación de 27 m² en Ciudad de México,6500,241,1,0,0,"Calle Pomarrosa, Colonia San Bernabé, 02830 Mexico City, Mexico",Colonia San Bernabé,18,https://rentola.mx/listings/casa-en-renta-nueva-santa-maria-azcapotzalco-p5aefdf
RENTOLA-15,Viviendas en renta en Ciudad de México,0,0,0,0,0,N/A,CDMX,18,https://rentola.mx/renta?location=ciudad-de-mexico&property_types=room&property_types=house&property_types=apartment&property_types=studio&page=15
RENTOLA-14,¡Ups!,0,0,0,0,0,N/A,CDMX,18,https://rentola.mx/en/for-rent?location=mexico-city&property_types=room&property_types=house&property_types=apartment&property_types=studio&page=14
RENTOLA-81,departamento de 2 habitaciones de 52 m² en Ciudad de México,10000,192,2,0,0,"Calle Smetana, Colonia Vallejo La Patera, 07870 Mexico City, Mexico",Colonia Vallejo La Patera,18,https://rentola.mx/listings/departamento-col-vallejo-p4d4b81
RENTOLA-66,departamento de 1 habitación de 13 m² en Ciudad de México,4500,346,1,0,1,"Iztapalapa, Mexico City, Mexico",Iztapalapa,18,https://rentola.mx/listings/recamara-con-bano-propio-a-unos-pasos-del-metro-culhuacan-p0f2d66
RENTOLA-6169,departamento de 3 habitaciones de 82 m² en Ciudad de México,15000,183,3,0,1,"unnamed road, Barrio Nextengo, 02070 Mexico City, CMX, Mexico",02070 Mexico City,18,https://rentola.mx/listings/se-renta-departamento-en-av-centenario-p2f6169
RENTOLA-0104,departamento de 1 habitación de 18 m² en Ciudad de México,9800,544,1,0,0,"El Rey De Los Mariscos, Avenida Chapultepec 464, Condesa, 06700 Mexico City, Mexico",Condesa,18,https://rentola.mx/listings/departamento-col-roma-norte-p6f0104
RENTOLA-865,1 habitación de 17m² en Ciudad de México,5500,324,1,0,0,"Calle Lago Cuitzeo 46, Anahuác 2ª Sección, 11320 Mexico City, CMX, Mexico",11320 Mexico City,18,https://rentola.mx/listings/se-busca-roomie-p71e865
RENTOLA-9,1 habitación de 15m² en Ciudad de México,4800,320,1,0,0,"Cerrada de la Romería, Presidentes, 01450 Mexico City, Mexico",Presidentes,18,https://rentola.mx/listings/busco-roomie-a-15-minutos-de-mixcoac-o-barranca-del-muerto-pff72f9
RENTOLA-68095,departamento de 3 habitaciones de 400 m² en Ciudad de México,10000,25,3,0,1,"Embassy of France, Avenida Campos Elíseos 339, Polanco, 11560 Mexico City, CMX, Mexico",Polanco,19,https://rentola.mx/listings/departamento-ph-en-renta-torre-nivada-polanco-pf68095
RENTOLA-900017,departamento de 1 habitación de 180 m² en Ciudad de México,4800,27,1,0,0,"Calle Espuelas 32, Colonia Ampliación Piloto Adolfo López Mateos, 01430 Mexico City, Mexico",Colonia Ampliación Piloto Adolfo López Mateos,19,https://rentola.mx/listings/se-renta-cuarto-en-colina-del-sur-p90677a
RENTOLA-7,casa de 3 habitaciones de 256 m² en Ciudad de México,25000,98,3,0,0,"Calle Xaltocan, Colonia Belén, 16070 Mexico City, Mexico",Colonia Belén,19,https://rentola.mx/listings/casa-en-renta-calle-xaltocan-xaltocan-xochimilco-ciudad-de-mexico-16090-mex-p6a90d7
RENTOLA-89907,departamento de 1 habitación de 60 m² en Ciudad de México,6000,100,1,0,1,"Cafeleería, Calzada Taxqueña 1832-B, Colonia San Francisco Culhuacán, 04260 Mexico City, Mexico",Colonia San Francisco Culhuacán,19,https://rentola.mx/listings/departamento-en-renta-paseos-de-taxquena-coyoacan-cdmx-pc89907
RENTOLA-8,departamento de 1 habitación de 12 m² en Ciudad de México,4200,350,1,0,0,"Calzada de Tlalpan, Colonia Belisario Domínguez Sección XVI, 14080 Mexico City, Mexico",Tlalpan,19,https://rentola.mx/listings/departamento-en-renta-calzada-de-tlalpan-5031-tlalpan-centro-ii-ciudad-de-mexico-cdmx-mexico-pc446d8
RENTOLA-15,departamento de 2 habitaciones de 34 m² en Ciudad de México,11000,324,2,0,1,"Jardín de Niños Eva Sámano de López Mateos, Guerrero, San Simón Tolnáhuac, 06920 Mexico City, Mexico",San Simón Tolnáhuac,19,https://rentola.mx/listings/departamento-renta-en-unidad-habitacional-tlatelolco-p14ec15
RENTOLA-59,casa de 3 habitaciones de 100 m² en Ciudad de México,12500,125,3,0,1,"unnamed road, Colonia Lomas Estrella, 09890 Mexico City, Mexico",Colonia Lomas Estrella,19,https://rentola.mx/listings/casa-en-renta-lomas-estrella-iztapalapa-p4f6f59
RENTOLA-296867,departamento de 3 habitaciones de 83 m² en Ciudad de México,34000,410,3,0,1,"Calle San Felipe, Colonia Xoco, 03330 Mexico City, Mexico",Colonia Xoco,19,https://rentola.mx/listings/departamento-en-renta-city-towers-grand-avenida-popocatepetl-xoco-ciudad-de-mexico-cdmx-mexico-pf0c02f
RENTOLA-985683,casa de 2 habitaciones de 85 m² en Ciudad de México,13900,164,2,0,1,"Calle Porto Alegre, Colonia Chilero II, 09440 Mexico City, Mexico",Colonia Chilero II,19,https://rentola.mx/listings/casa-en-renta-calle-porto-alegre-el-retooo-iztapalapa-ciudad-de-mexico-09440-mex-pff158b
RENTOLA-180912,departamento de 1 habitación de 13 m² en Ciudad de México,5500,423,1,0,1,"Calle Pedro Calderón de la Barca 71, Polanco, 11540 Mexico City, Mexico",Polanco,19,https://rentola.mx/listings/pent-house-en-renta-150m2-amueblado-cerca-de-parque-lincoln-nuevo-pcc962c
RENTOLA-120536,departamento de 2 habitaciones de 65 m² en Ciudad de México,15000,231,2,0,1,"Napoleón 23, Narvarte, 03510 Mexico City, CMX, Mexico",03510 Mexico City,19,https://rentola.mx/listings/departamento-col-moderna-p229dcb
RENTOLA-9,1 habitación de 12m² en Ciudad de México,3800,317,1,0,0,"Calle Oriente 65 A, Asturias, 06850 Mexico City, CMX, Mexico",06850 Mexico City,19,https://rentola.mx/listings/habitacion-individual-para-dama-pc96fa9
RENTOLA-951806,1 habitación de 21m² en Ciudad de México,6800,324,1,0,1,"El Botanero, Calle Lucas Alamán 44bis, Obrera, 06800 Mexico City, CMX, Mexico",06800 Mexico City,19,https://rentola.mx/listings/habitacion-amueblada-con-todos-los-servicios-rommie-pe79dca
RENTOLA-184517,departamento de 2 habitaciones de 43 m² en Ciudad de México,10500,244,2,0,0,"Avenida Presidente Plutarco Elías Calles, Colonia Zacahuitzco, 09440 Mexico City, CMX, Mexico",09440 Mexico City,19,https://rentola.mx/listings/departamento-col-zacahuitzco-p5f7b4e
RENTOLA-62631,casa de 2 habitaciones de 120 m² en Ciudad de México,12500,104,2,0,1,"Calle Conkal 442, Colonia Torres de Padierna, 14209 Mexico City, Mexico",Colonia Torres de Padierna,19,https://rentola.mx/listings/casa-en-condominio-en-renta-calle-conkal-347-347-pedregal-de-san-nicolas-cuarta-seccion-tlalpan-ciudad-de-mexico-14100-mex-pa62631
RENTOLA-16,Viviendas en renta en Ciudad de México,0,0,0,0,0,N/A,CDMX,19,https://rentola.mx/renta?location=ciudad-de-mexico&property_types=room&property_types=house&property_types=apartment&property_types=studio&page=16
RENTOLA-15,¡Ups!,0,0,0,0,0,N/A,CDMX,19,https://rentola.mx/en/for-rent?location=mexico-city&property_types=room&property_types=house&property_types=apartment&property_types=studio&page=15
RENTOLA-24,departamento de 2 habitaciones de 70 m² en Ciudad de México,37000,529,2,0,1,"Calle Iztaccihuatl 17, Condesa, 06760 Mexico City, Mexico",Condesa,19,https://rentola.mx/listings/departamento-en-renta-hipodromo-condesa-cuauhtemoc-cdmx-pe7ee24
RENTOLA-562917,1 habitación de 31m² en Ciudad de México,9900,319,1,0,0,"Calle Bahía de Pescadores 11, Verónica Anzures, 11300 Mexico City, CMX, Mexico",11300 Mexico City,19,https://rentola.mx/listings/anzures-rento-recamara-amueblada-p72271f
RENTOLA-3,departamento de 1 habitación de 45 m² en Ciudad de México,7500,167,1,0,0,"Calle Mariano Abasolo, Colonia Maestros de Iztacalco, 08800 Mexico City, CMX, Mexico",Iztacalco,19,https://rentola.mx/listings/departamento-col-santiago-p50cee3
RENTOLA-24,1 habitación de 15m² en Ciudad de México,4900,327,1,0,0,"Escuela Primaria General Lázaro Cárdenas, Calle Club América, Colonia Villa Lázaro Cárdenas, 14370 Mexico City, CMX, Mexico",14370 Mexico City,20,https://rentola.mx/listings/confortable-habitacion-tlalpan-coyoacan-p93dc24
RENTOLA-624642,1 habitación de 17m² en Ciudad de México,9300,547,1,0,0,"Avenida Ejército Nacional Mexicano, Polanco, 11560 Mexico City, CMX, Mexico",Polanco,20,https://rentola.mx/listings/se-renta-habitacion-en-ejercito-nacional-p70258e
RENTOLA-852296,departamento de 4 habitaciones de 278 m² en Ciudad de México,4459,16,4,0,1,"Plaza Scotiabank, Calle Monte Elbruz 264, Polanco, 11000 Mexico City, CMX, Mexico",Polanco,20,https://rentola.mx/listings/quiet-4-bed-4-bath-apartment-in-polanco-p926d2a
RENTOLA-33315,casa de 4 habitaciones de 37 m² en Ciudad de México,12000,324,4,0,1,"unnamed road, Las Águilas, 01759 Mexico City, Mexico",Las Águilas,20,https://rentola.mx/listings/casa-en-renta-san-angel-inn-alvaro-obregon-cdmx-pc33315
RENTOLA-11,departamento de 3 habitaciones de 152 m² en Ciudad de México,29000,191,3,0,1,"San Ángel by Agatha, Avenida Insurgentes Sur 2239, San Ángel, 01090 Mexico City, Mexico",San Ángel,20,https://rentola.mx/listings/departamento-en-renta-avenida-insurgentes-sur-2239-tizapan-san-angel-san-angel-ciudad-de-mexico-cdmx-mexico-pb8df11
RENTOLA-0,departamento de 1 habitación de 40 m² en Ciudad de México,23000,575,1,0,1,"Calle Veracruz 93, Condesa, 06140 Mexico City, Mexico",Condesa,20,https://rentola.mx/listings/departamento-en-renta-avenida-veracruz-93-condesa-cuauhtemoc-ciudad-de-mexico-06140-mex-p4902c0
RENTOLA-743375,departamento de 2 habitaciones de 71 m² en Ciudad de México,21000,296,2,0,1,"Calle Veracruz 151, San Ángel, 01080 Mexico City, Mexico",San Ángel,20,https://rentola.mx/listings/departamento-en-renta-veracruz-151-lomas-de-san-angel-inn-ciudad-de-mexico-cdmx-mexico-p76d1eb
RENTOLA-66,departamento de 1 habitación de 12 m² en Ciudad de México,5000,417,1,0,0,"unnamed road, Colonia Copilco IV, 04369 Mexico City, CMX, Mexico",04369 Mexico City,20,https://rentola.mx/listings/departamento-col-pedregal-de-santo-domingo-p7c8a66
RENTOLA-8,departamento de 1 habitación de 78 m² en Ciudad de México,5500,71,1,0,1,"Calle Río Atoyac, Cuauhtémoc, 06500 Mexico City, Mexico",Cuauhtémoc,20,https://rentola.mx/listings/en-renta-ritz-carlton-branded-residence-no-4802-pd879e8
RENTOLA-7,casa de 1 habitación de 40 m² en Ciudad de México,5300,133,1,0,0,"Avenida Ricardo Flores Magón, Guerrero, 06900 Mexico City, Mexico",Guerrero,20,https://rentola.mx/listings/casa-en-renta-nonoalco-tlatelolco-cuauhtemoc-cdmx-pb557f7
RENTOLA-319395,departamento de 1 habitación de 42 m² en Ciudad de México,10700,255,1,0,0,"Avenida Cerro de las Torres, Colonia Campestre Churubusco, 04200 Mexico City, Mexico",Colonia Campestre Churubusco,20,https://rentola.mx/listings/departamento-en-renta-avenida-cerro-de-las-torres-302-306-campestre-churubusco-coyoacan-ciudad-de-mexico-04200-mex-p4a365e
RENTOLA-0,departamento de 2 habitaciones de 95 m² en Ciudad de México,16600,175,2,0,1,"Prolongación Santa Tecla, Colonia Copilco III, 04330 Mexico City, Mexico",Colonia Copilco III,20,https://rentola.mx/listings/departamento-en-renta-pde69c0
RENTOLA-502230,departamento de 2 habitaciones de 160 m² en Ciudad de México,47500,297,2,0,1,"Condesa, 06140 Mexico City, Mexico",Condesa,20,https://rentola.mx/listings/departamento-en-renta-en-condesa-cuauhtemoc-ciudad-de-mexico-p2b1fcc
RENTOLA-841536,departamento de 1 habitación de 50 m² en Ciudad de México,5000,100,1,0,0,"Calle Chabacano, Colonia La Palma, 14476 Mexico City, Mexico",Colonia La Palma,20,https://rentola.mx/listings/departamento-en-renta-viveros-coatectlan-tlalpan-cdmx-p841536
RENTOLA-046644,departamento de 2 habitaciones de 77 m² en Ciudad de México,15000,195,2,0,1,"Paseo de las Bugambilias, Colonia Paraje 38, 14275 Mexico City, Mexico",Colonia Paraje 38,20,https://rentola.mx/listings/departamento-en-renta-amueblado-en-tlalpan-zona-picacho-ajusco-p046644
RENTOLA-46618,casa de 2 habitaciones de 140 m² en Ciudad de México,15500,111,2,0,1,"Privada Cuauhtémoc, Colonia Santa María Tepepan, 16020 Mexico City, CMX, Mexico",Cuauhtémoc,20,https://rentola.mx/listings/casa-col-santa-maria-tepepan-pc46618
RENTOLA-98,departamento de 2 habitaciones de 34 m² en Ciudad de México,10950,322,2,0,1,"unnamed road, Unidad Cuitláhuac, 02540 Mexico City, Mexico",Tláhuac,20,https://rentola.mx/listings/departamento-en-renta-nueva-santa-maria-azcapotzalco-p260e98
RENTOLA-17,Viviendas en renta en Ciudad de México,0,0,0,0,0,N/A,CDMX,20,https://rentola.mx/renta?location=ciudad-de-mexico&property_types=room&property_types=house&property_types=apartment&property_types=studio&page=17
RENTOLA-16,¡Ups!,0,0,0,0,0,N/A,CDMX,20,https://rentola.mx/en/for-rent?location=mexico-city&property_types=room&property_types=house&property_types=apartment&property_types=studio&page=16
RENTOLA-46,departamento de 3 habitaciones de 67 m² en Ciudad de México,12500,187,3,0,1,"unnamed road, Colonia Azcapotzalco 2000, 02420 Mexico City, Mexico",Azcapotzalco,20,https://rentola.mx/listings/departamento-en-renta-avenida-manuel-salazar-230-ex-el-rosario-azcapotzalco-ciudad-de-mexico-02420-mex-p05aa46
RENTOLA-745382,departamento de 1 habitación de 36 m² en Ciudad de México,5800,161,1,0,0,"Cerrada San Miguel, Xalapa, 05710 Mexico City, Mexico",Xalapa,21,https://rentola.mx/listings/habitacion-amueblada-en-renta-con-servicios-incluidos-en-xalpa-cuajimalpa-p745382
RENTOLA-5065,1 habitación de 17m² en Ciudad de México,9000,529,1,0,0,"Calle Saltillo 19, Condesa, 06100 Mexico City, CMX, Mexico",Condesa,21,https://rentola.mx/listings/saltillo-15-condesa-ubicadisimo-pca5065
RENTOLA-969577,departamento de 3 habitaciones de 100 m² en Ciudad de México,16000,160,3,0,1,"Calle Central, Coapa, 04800 Mexico City, CMX, Mexico",04800 Mexico City,21,https://rentola.mx/listings/departamento-col-alianza-popular-revolucionaria-paafd9c
RENTOLA-5,departamento de 2 habitaciones de 40 m² en Ciudad de México,7000,175,2,0,0,"Calle Toscanos, Presidentes, 01160 Mexico City, Mexico",Presidentes,21,https://rentola.mx/listings/departamento-col-maria-g-de-garcia-ruiz-p8397d5
RENTOLA-675074,departamento de 1 habitación de 40 m² en Ciudad de México,14800,370,1,0,0,"Missink Laser Tattoo Removal Studio, Avenida Miguel Ángel de Quevedo 542, Coyoacán, 04020 Mexico City, Mexico",Coyoacán,21,https://rentola.mx/listings/departamento-en-renta-avenida-miguel-angel-de-quevedo-544-santa-catarina-ciudad-de-mexico-cdmx-mexico-pe9033d
RENTOLA-258789,casa de 3 habitaciones de 158 m² en Ciudad de México,22500,142,3,0,1,"Calle Centenario 12, Colonia San Simón Ticumac, 03660 Mexico City, Mexico",Colonia San Simón Ticumac,21,https://rentola.mx/listings/casa-en-condominio-en-renta-centenario-29-san-simon-03660-ciudad-de-mexico-cdmx-mexico-p258789
RENTOLA-576074,casa de 3 habitaciones de 350 m² en Ciudad de México,45000,129,3,0,0,"Cerrada Segunda Zampapano, Colonia San Agustín, 01700 Mexico City, Mexico",Colonia San Agustín,21,https://rentola.mx/listings/casa-en-renta-tetelpan-alvaro-obregon-cdmx-p8ed66d
RENTOLA-26921,departamento de 2 habitaciones de 92 m² en Ciudad de México,31500,342,2,0,1,"Calle San Borja 713, Del Valle, 03100 Mexico City, Mexico",Del Valle,21,https://rentola.mx/listings/departamento-en-renta-del-valle-centro-benito-juarez-cdmx-pc26921
RENTOLA-684139,departamento de 2 habitaciones de 58 m² en Ciudad de México,9500,164,2,0,0,"San Martín Xochináhuac, 02120 Mexico City, CMX, Mexico",02120 Mexico City,21,https://rentola.mx/listings/departamento-en-renta-en-san-martin-xochinahuac-azcapotzalco-ciudad-de-mexico-pa3824f
RENTOLA-3941,casa de 4 habitaciones de 564 m² en Ciudad de México,22500,40,4,0,1,"Calle Alfredo de Musset, Polanco, 11540 Mexico City, CMX, Mexico",Polanco,21,https://rentola.mx/listings/casa-californiana-en-polanco-p9c3941
RENTOLA-5,departamento de 1 habitación de 30 m² en Ciudad de México,9500,317,1,0,0,"Calle José Joaquín Pesado, Obrera, 06800 Mexico City, CMX, Mexico",06800 Mexico City,21,https://rentola.mx/listings/departamento-col-vista-alegre-p45e9a5
RENTOLA-5,casa de 1 habitación de 18 m² en Ciudad de México,5500,306,1,0,1,"Paseo de los Laureles, Bosques de las Lomas, 05119 Mexico City, Mexico",Bosques de las Lomas,21,https://rentola.mx/listings/casa-en-renta-bosques-de-las-lomas-cuajimalpa-de-morelos-pd5f9d5
RENTOLA-473541,departamento de 2 habitaciones de 70 m² en Ciudad de México,11000,157,2,0,1,"unnamed road, Colonia La Viga, 09400 Mexico City, CMX, Mexico",09400 Mexico City,21,https://rentola.mx/listings/funcional-departamento-en-la-viga-colonia-asturias-p013c5c
RENTOLA-5362,departamento de 1 habitación de 40 m² en Ciudad de México,11000,275,1,0,1,"Avenida Lázaro Cárdenas, Narvarte, 03400 Mexico City, Mexico",Narvarte,21,https://rentola.mx/listings/departamento-en-renta-en-narvarte-oriente-benito-juarez-cdmx-p1e5362
RENTOLA-72,casa de 2 habitaciones de 50 m² en Ciudad de México,13500,270,2,0,0,"Calle Graciano Sánchez, Coapa, 04480 Mexico City, Mexico",Coapa,21,https://rentola.mx/listings/departamento-en-renta-presidentes-ejidales-pd6af72
RENTOLA-3,1 habitación de 16m² en Ciudad de México,4800,300,1,0,0,"Calle Libertad, Colonia San Álvaro, 02090 Mexico City, CMX, Mexico",02090 Mexico City,21,https://rentola.mx/listings/hospedaje-para-mujeres-pd8e9e3
RENTOLA-443406,casa de 3 habitaciones de 111 m² en Ciudad de México,31680,285,3,0,1,"Lomas de Chapultepec, 11000 Mexico City, CMX, Mexico",11000 Mexico City,21,https://rentola.mx/listings/en-renta-casa-en-lomas-de-chapultepec-p443406
RENTOLA-0,casa de 1 habitación de 35 m² en Ciudad de México,7500,214,1,0,0,"Calle Dolores Jiménez y Muro, Periodista, 11220 Mexico City, CMX, Mexico",11220 Mexico City,21,https://rentola.mx/listings/casa-col-periodista-p0ac6e0
RENTOLA-9103,departamento de 1 habitación de 29 m² en Ciudad de México,9100,314,1,0,0,"Calle Balboa, Colonia Portales Sur, 03300 Mexico City, Mexico",Colonia Portales Sur,21,https://rentola.mx/listings/departamento-en-renta-calle-balboa-1002-portales-sur-benito-juarez-ciudad-de-mexico-03300-mex-p2d9103
RENTOLA-150738,departamento de 2 habitaciones de 97 m² en Ciudad de México,37000,381,2,0,1,"Calzada General Mariano Escobedo, Polanco, 11320 Mexico City, Mexico",Polanco,21,https://rentola.mx/listings/departamento-en-renta-calzada-general-mariano-escobedo-300-anahuac-i-seccion-ciudad-de-mexico-cdmx-mexico-p698ebd
RENTOLA-18,Viviendas en renta en Ciudad de México,0,0,0,0,0,N/A,CDMX,22,https://rentola.mx/renta?location=ciudad-de-mexico&property_types=room&property_types=house&property_types=apartment&property_types=studio&page=18
RENTOLA-17,¡Ups!,0,0,0,0,0,N/A,CDMX,22,https://rentola.mx/en/for-rent?location=mexico-city&property_types=room&property_types=house&property_types=apartment&property_types=studio&page=17
RENTOLA-2,departamento de 1 habitación de 45 m² en Ciudad de México,14200,316,1,0,1,"Calle Hortensia 108, San Ángel, 01030 Mexico City, CMX, Mexico",01030 Mexico City,22,https://rentola.mx/listings/departamento-tipo-loft-florida-pb76cf2
RENTOLA-153347,departamento de 2 habitaciones de 73 m² en Ciudad de México,12500,171,2,0,1,"Avenida del Taller, Lorenzo Boturini, 15830 Mexico City, Mexico",Lorenzo Boturini,22,https://rentola.mx/listings/departamento-col-lorenzo-boturini-p153347
RENTOLA-9613,departamento de 3 habitaciones de 80 m² en Ciudad de México,12000,150,3,0,1,"Calle Piñanona 59, Colonia Lomas de Belvedere, 14248 Mexico City, Mexico",Colonia Lomas de Belvedere,22,https://rentola.mx/listings/departamento-en-renta-pinanona-miguel-hidalgo-4ta-seccion-ciudad-de-mexico-cdmx-mexico-pae9613
RENTOLA-8226,1 habitación de 34m² en Ciudad de México,13800,406,1,0,1,"Calle Colima 288, Condesa, 06700 Mexico City, CMX, Mexico",Condesa,22,https://rentola.mx/listings/roma-norte-bano-privado-estacionamiento-pbc8226
RENTOLA-3,departamento de 2 habitaciones de 80 m² en Ciudad de México,17000,213,2,0,0,"La Quemada, Narvarte, 06780 Mexico City, Mexico",Narvarte,22,https://rentola.mx/listings/departamento-col-narvarte-oriente-p2892b3
RENTOLA-6,casa de 3 habitaciones de 130 m² en Ciudad de México,25500,196,3,0,0,"Andador 68, Colonia Narciso Mendoza Súper Manzana 6 Villa Coapa, 14390 Mexico City, CMX, Mexico",14390 Mexico City,22,https://rentola.mx/listings/casa-en-renta-colonia-narciso-mendoza-villa-coapa-tlalpan-ciudad-de-mexico-pb19ee6
RENTOLA-702343,departamento de 1 habitación de 25 m² en Ciudad de México,12700,508,1,0,0,"Bruselas 109, Calle Bruselas 109, Coyoacán, 04100 Mexico City, Mexico",Coyoacán,22,https://rentola.mx/listings/coyoacan-departamento-en-renta-tipo-loft-pdb6c9c
RENTOLA-2,casa de 2 habitaciones de 100 m² en Ciudad de México,13500,135,2,0,1,"Avenida 20 de Noviembre, Colonia La Enramada, 16030 Mexico City, Mexico",Colonia La Enramada,22,https://rentola.mx/listings/casa-en-renta-ampliacion-san-marcos-norte-xochimilco-p2b9cf2
RENTOLA-498593,departamento de 2 habitaciones de 70 m² en Ciudad de México,21650,309,2,0,1,"Calle Sabino 66, Santa María la Ribera, 06400 Mexico City, Mexico",Santa María la Ribera,22,https://rentola.mx/listings/departamento-en-renta-calle-sabino-74-santa-maria-la-ribera-ciudad-de-mexico-cdmx-mexico-pd3260c
RENTOLA-166,casa de 1 habitación de 60 m² en Ciudad de México,8000,133,1,0,0,"Calle Bakkola, Colonia Ampliación Tepepan, 16029 Mexico City, CMX, Mexico",16029 Mexico City,22,https://rentola.mx/listings/casa-en-condominio-col-ampliacion-tepepan-p42b166
RENTOLA-76,departamento de 2 habitaciones de 82 m² en Ciudad de México,30000,366,2,0,1,"Calle Lorenzo Rodríguez, Colonia San José Insurgentes, 03900 Mexico City, Mexico",Colonia San José Insurgentes,22,https://rentola.mx/listings/departamento-en-renta-direccion-general-de-educacion-tecnologica-agropecuaria-san-jose-insurgentes-benito-juarez-ciudad-de-me-p14eb76
RENTOLA-0,departamento de 2 habitaciones de 53 m² en Ciudad de México,12500,236,2,0,1,"Calle Los Volcanes, Unidad Habitacional Villa Panamericana, 04700 Mexico City, CMX, Mexico",04700 Mexico City,22,https://rentola.mx/listings/departamento-col-villa-panamericana-pd7b2c0
RENTOLA-662395,1 habitación de 37m² en Ciudad de México,8750,236,1,0,0,"Calle Juan Sordo Madaleno, Santa Fe, 05348 Mexico City, Mexico",Santa Fe,22,https://rentola.mx/listings/habitacion-en-avenida-santa-fe-pf054bc
RENTOLA-01617,departamento de 1 habitación de 40 m² en Ciudad de México,11500,288,1,0,1,"Calle Aniceto Ortega, Del Valle, 03104 Mexico City, CMX, Mexico",03104 Mexico City,22,https://rentola.mx/listings/departamento-col-del-valle-sur-pb01617
RENTOLA-937155,casa de 2 habitaciones de 120 m² en Ciudad de México,12500,104,2,0,1,"Calle Conkal 442, Colonia Torres de Padierna, 14209 Mexico City, Mexico",Colonia Torres de Padierna,22,https://rentola.mx/listings/casa-en-condominio-en-renta-conkal-144-pedregal-de-san-nicolas-4ta-seccion-ciudad-de-mexico-cdmx-mexico-pddf5aa
RENTOLA-473953,casa de 3 habitaciones de 320 m² en Ciudad de México,40000,125,3,0,0,"Cerrada 5 de Mayo, Colonia San Juan Tepepan, 16020 Mexico City, Mexico",Colonia San Juan Tepepan,22,https://rentola.mx/listings/casa-en-renta-cerrada-5-de-mayo-1-83-santa-maria-tepepan-xochimilco-ciudad-de-mexico-16020-mex-p94e16c
RENTOLA-37930,departamento de 2 habitaciones de 65 m² en Ciudad de México,12500,192,2,0,0,"Calle Paseo del Río 258, Colonia Magdalena Culhuacán, 04260 Mexico City, Mexico",Colonia Magdalena Culhuacán,22,https://rentola.mx/listings/departamento-en-renta-paseos-de-taxquena-coyoacan-cdmx-pa37930
RENTOLA-6,casa de 2 habitaciones de 110 m² en Ciudad de México,12000,109,2,0,0,"Calle La Morena 305, Benito Juárez, 03000 Mexico City, Mexico",Benito Juárez,22,https://rentola.mx/listings/casa-en-renta-narvarte-poniente-benito-juarez-cdmx-p83b8a6
RENTOLA-970930,departamento de 2 habitaciones de 85 m² en Ciudad de México,23500,276,2,0,1,"Avenida de las Torres, Olivar de los Padres, 01770 Mexico City, Mexico",Olivar de los Padres,23,https://rentola.mx/listings/departamento-en-renta-citta-san-jeronimo-avenida-de-las-torres-san-jose-del-olivar-torres-de-potrero-ciudad-de-mexico-cdmx-p3fd66b
RENTOLA-675032,casa de 4 habitaciones de 110 m² en Ciudad de México,15000,136,4,0,0,"Andador 28, Colonia Narciso Mendoza Súper Manzana 2 Villa Coapa, 14390 Mexico City, CMX, Mexico",14390 Mexico City,23,https://rentola.mx/listings/casa-en-condominio-col-villa-coapa-pb938ca
RENTOLA-2,1 habitación de 12m² en Ciudad de México,5000,417,1,0,0,"Avenida Ricardo Flores Magón, Nonoalco Tlatelolco, 06450 Mexico City, Mexico",Nonoalco Tlatelolco,23,https://rentola.mx/listings/renta-de-habitaciones-en-1era-seccion-de-tlatelolco-p300bf2
RENTOLA-19,Viviendas en renta en Ciudad de México,0,0,0,0,0,N/A,CDMX,23,https://rentola.mx/renta?location=ciudad-de-mexico&property_types=room&property_types=house&property_types=apartment&property_types=studio&page=19
RENTOLA-18,¡Ups!,0,0,0,0,0,N/A,CDMX,23,https://rentola.mx/en/for-rent?location=mexico-city&property_types=room&property_types=house&property_types=apartment&property_types=studio&page=18
RENTOLA-895324,departamento de 1 habitación de 55 m² en Ciudad de México,6200,113,1,0,0,"Calle Sur 8 B, Iztacalco, 08510 Mexico City, Mexico",Iztacalco,23,https://rentola.mx/listings/departamento-col-agricola-oriental-p3fc94d
RENTOLA-36732,casa de 3 habitaciones de 300 m² en Ciudad de México,31000,103,3,0,1,"Farmacias Especializadas, Avenida División del Norte, Coyoacán, 04040 Mexico City, Mexico",Coyoacán,23,https://rentola.mx/listings/casa-en-renta-parque-san-andres-coyoacan-cdmx-pd36732
RENTOLA-7,departamento de 3 habitaciones de 173 m² en Ciudad de México,60000,347,3,0,0,"Prolongación Paseo de la Reforma, Santa Fe Cuajimalpa, 04349 Mexico City, Mexico",Cuajimalpa,23,https://rentola.mx/listings/departamento-en-av-santa-fe-3-cuartos-torre-300-p5d2af7
RENTOLA-06,departamento de 1 habitación de 20 m² en Ciudad de México,8500,425,1,0,0,"Calle Cuauhtémoc 31, Coyoacán, 04100 Mexico City, Mexico",Coyoacán,23,https://rentola.mx/listings/departamento-col-del-carmen-pe72c06
RENTOLA-5,casa de 4 habitaciones de 800 m² en Ciudad de México,8000,10,4,0,0,"Agencia Traqs, Calle Prado Sur 430, Lomas de Chapultepec, 11000 Mexico City, Mexico",Lomas de Chapultepec,23,https://rentola.mx/listings/casa-en-renta-en-lomas-de-chapultepec-miguel-hidalgo-ciudad-de-mexico-pa50cf5
RENTOLA-83,departamento de 1 habitación de 20 m² en Ciudad de México,4800,240,1,0,0,"Calle Espuelas 32, Colonia Ampliación Piloto Adolfo López Mateos, 01430 Mexico City, Mexico",Colonia Ampliación Piloto Adolfo López Mateos,23,https://rentola.mx/listings/se-renta-cuarto-en-colina-del-sur-p6e7b83
RENTOLA-8,casa de 4 habitaciones de 210 m² en Ciudad de México,43000,205,4,0,0,"Calle Hacienda Coyotepec, Colonia Potrero Acoxpa, 14358 Mexico City, Mexico",Colonia Potrero Acoxpa,23,https://rentola.mx/listings/casa-col-prado-coapa-3a-seccion-p22b5b8
RENTOLA-33482,departamento de 2 habitaciones de 48 m² en Ciudad de México,13700,285,2,0,1,"Avenida Lázaro Cárdenas, Roma, 06800 Mexico City, Mexico",Roma,23,https://rentola.mx/listings/departamento-en-renta-zona-centro-cuauhtemoc-cdmx-pb33482
RENTOLA-921012,1 habitación de 13m² en Ciudad de México,5200,400,1,0,0,"Calle Los Colorines, Colonia Ampliación La Candelaria, 04309 Mexico City, Mexico",Colonia Ampliación La Candelaria,23,https://rentola.mx/listings/rento-bonita-habitacion-en-coyoacan-p0a32fd
RENTOLA-743493,departamento de 3 habitaciones de 300 m² en Ciudad de México,6000,20,3,0,1,"Escada, Avenida Presidente Masaryk 420 A, Polanco, 11560 Mexico City, CMX, Mexico",Polanco,23,https://rentola.mx/listings/depa-en-renta-en-calle-masaryk-polanco-p1748bd
RENTOLA-286224,departamento de 1 habitación de 20 m² en Ciudad de México,5000,250,1,0,0,"Calle Oriente 11, Colonia Cantera Puente de Piedra, 14030 Mexico City, CMX, Mexico",14030 Mexico City,23,https://rentola.mx/listings/habitacion-en-renta-en-isidro-fabela-tlalpan-cdmx-p74312d
RENTOLA-596496,departamento de 4 habitaciones de 300 m² en Ciudad de México,16000,53,4,0,0,"Calle Ejido San Antonio, Ejido Culhuacán, 04440 Mexico City, Mexico",Ejido Culhuacán,23,https://rentola.mx/listings/departamento-col-ex-ejido-de-san-francisco-culhuacan-pa6645f
RENTOLA-452369,1 habitación de 9m² en Ciudad de México,4600,511,1,0,0,"Camino Rojo 4ta, Unidad Habitacional Villa Panamericana, 04700 Mexico City, CMX, Mexico",04700 Mexico City,23,https://rentola.mx/listings/cuarto-sin-amueblar-en-rinconada-las-monedas-p452369
RENTOLA-154,departamento de 2 habitaciones de 120 m² en Ciudad de México,60000,500,2,0,0,"Calle Solòn, Polanco, 11530 Mexico City, CMX, Mexico",Polanco,23,https://rentola.mx/listings/moderno-ph-con-terraza-en-polanco-p6cc154
RENTOLA-1,1 habitación de 14m² en Ciudad de México,4500,321,1,0,0,"Calle Continental, Colonia Tepeyac Insurgentes, 07020 Mexico City, Mexico",Colonia Tepeyac Insurgentes,23,https://rentola.mx/listings/renta-de-cuarto-con-bano-pe1bbd1
RENTOLA-2689,departamento de 1 habitación de 50 m² en Ciudad de México,23000,460,1,0,1,"Calle Vicente Suárez 24, Condesa, 06100 Mexico City, Mexico",Condesa,24,https://rentola.mx/listings/departamento-en-renta-av-vicente-suarez-24-hipodromo-ciudad-de-mexico-cdmx-mexico-p0c2689
RENTOLA-748851,departamento de 2 habitaciones de 48 m² en Ciudad de México,10000,208,2,0,0,"Calle Juan Aldama, Ex Hipódromo de Peralvillo, 06250 Mexico City, CMX, Mexico",06250 Mexico City,24,https://rentola.mx/listings/departamento-col-nonoalco-tlatelolco-p4c81da
RENTOLA-379417,departamento de 2 habitaciones de 215 m² en Ciudad de México,6000,28,2,0,1,"Calle Sierra Gamón 116, Lomas de Chapultepec, 11000 Mexico City, CMX, Mexico",11000 Mexico City,24,https://rentola.mx/listings/departamento-en-renta-palmas-park-amueblado-pf74f3e
RENTOLA-501927,departamento de 2 habitaciones de 120 m² en Ciudad de México,18820,157,2,0,1,"Calle Ejido La Candelaria, Colonia Ampliación San Francisco Culhuacán, 04420 Mexico City, CMX, Mexico",04420 Mexico City,24,https://rentola.mx/listings/casa-en-renta-en-col-ex-ejido-de-san-francisco-coyoacan-cdmx-p928ddd
RENTOLA-879062,casa de 3 habitaciones de 49 m² en Ciudad de México,16000,327,3,0,0,"Calle Monte Líbano, Lomas de Chapultepec, 11000 Mexico City, CMX, Mexico",11000 Mexico City,24,https://rentola.mx/listings/casa-en-renta-en-lomas-de-chapultepec-viii-secc-miguel-hidalgo-p97f2be
RENTOLA-20,Viviendas en renta en Ciudad de México,0,0,0,0,0,N/A,CDMX,24,https://rentola.mx/renta?location=ciudad-de-mexico&property_types=room&property_types=house&property_types=apartment&property_types=studio&page=20
RENTOLA-19,¡Ups!,0,0,0,0,0,N/A,CDMX,24,https://rentola.mx/en/for-rent?location=mexico-city&property_types=room&property_types=house&property_types=apartment&property_types=studio&page=19
RENTOLA-64,1 habitación de 9m² en Ciudad de México,4550,506,1,0,0,"Calle Sur 177, Colonia Ampliación Gabriel Ramos Millán, 08030 Mexico City, CMX, Mexico",08030 Mexico City,24,https://rentola.mx/listings/casa-blanca-sera-tu-hogar-para-vivir-y-descansar-pac7e64
RENTOLA-897269,departamento de 3 habitaciones de 330 m² en Ciudad de México,6700,20,3,0,1,"Calle Aristóteles, Polanco, 11550 Mexico City, CMX, Mexico",Polanco,24,https://rentola.mx/listings/se-vende-o-renta-ph-de-dos-pisos-en-polanco-pcb79fe
RENTOLA-908903,departamento de 2 habitaciones de 70 m² en Ciudad de México,14500,207,2,0,1,"unnamed road, Conjunto Magdalena, 04650 Mexico City, Mexico",Conjunto Magdalena,24,https://rentola.mx/listings/departamento-en-renta-ex-ejido-de-santa-ursula-coapa-coyoacan-cdmx-pdef44f
RENTOLA-55,departamento de 2 habitaciones de 110 m² en Ciudad de México,26000,236,2,0,0,"Calle Laguna de Mayrán, Polanco, 11320 Mexico City, Mexico",Polanco,24,https://rentola.mx/listings/departamento-en-renta-anahuac-i-seccion-miguel-hidalgo-cdmx-pf1bf55
RENTOLA-555330,1 habitación de 21m² en Ciudad de México,5000,238,1,0,0,"Calle Tulipán 28, Colonia El Centinela, 04370 Mexico City, CMX, Mexico",04370 Mexico City,24,https://rentola.mx/listings/renta-de-habitaciones-cd-jardin-taxquena-p79bbef
RENTOLA-291038,casa de 3 habitaciones de 120 m² en Ciudad de México,14500,121,3,0,0,"Privada Estacionamiento, San Jerónimo Aculco-Lídice, 10130 Mexico City, Mexico",San Jerónimo Aculco-Lídice,24,https://rentola.mx/listings/casa-en-renta-san-jeronimo-lidice-la-magdalena-contreras-p291038
RENTOLA-181232,departamento de 2 habitaciones de 170 m² en Ciudad de México,4500,26,2,0,1,"Calle Edgar Allan Poe 64, Polanco, 11540 Mexico City, Mexico",Polanco,24,https://rentola.mx/listings/polanco-edgar-allan-poe-departamento-en-renta-p66b7fc
RENTOLA-15,departamento de 3 habitaciones de 230 m² en Ciudad de México,75000,326,3,0,1,"Calle Alejandro Dumas, Polanco, 11550 Mexico City, Mexico",Polanco,24,https://rentola.mx/listings/departamento-en-renta-polanco-iv-seccion-polanco-pbe2c15
RENTOLA-59,departamento de 3 habitaciones de 52 m² en Ciudad de México,17000,327,3,0,1,"Calle Amores 1066, Del Valle, 03100 Mexico City, CMX, Mexico",03100 Mexico City,24,https://rentola.mx/listings/departamento-en-renta-amores-1116-colonia-del-valle-centro-ciudad-de-mexico-cdmx-mexico-pa2ee59
RENTOLA-471301,departamento de 2 habitaciones de 65 m² en Ciudad de México,16490,254,2,0,1,"Calle Anáhuac, Coapa, 04950 Mexico City, CMX, Mexico",04950 Mexico City,24,https://rentola.mx/listings/departamento-en-renta-el-mirador-coyoacan-cdmx-p1daa0a
RENTOLA-795290,1 habitación de 16m² en Ciudad de México,5000,313,1,0,0,"Calle Uno 129, Colonia Agrícola Pantitlán, 08100 Mexico City, CMX, Mexico",08100 Mexico City,24,https://rentola.mx/listings/se-renta-recamara-amueblada-pa583ea
RENTOLA-5137,casa de 3 habitaciones de 200 m² en Ciudad de México,36500,183,3,0,1,"Calle Cruz Verde 41, Colonia Real de Los Reyes, 04330 Mexico City, Mexico",Colonia Real de Los Reyes,24,https://rentola.mx/listings/casa-en-condominio-en-renta-calle-cruz-verde-63-barrio-del-nino-jesus-ciudad-de-mexico-cdmx-mexico-p2f5137
RENTOLA-01597,departamento de 1 habitación de 48 m² en Ciudad de México,8000,167,1,0,0,"Calle Waldo Martín de Campo, Moctezuma 1ª. Sección, 15500 Mexico City, Mexico",Moctezuma 1ª. Sección,24,https://rentola.mx/listings/departamento-en-renta-moctezuma-venustiano-carranza-pd01597
RENTOLA-26,departamento de 2 habitaciones de 95 m² en Ciudad de México,27500,289,2,0,1,"Avenida Fresno, Colonia Los Fresnos, 04650 Mexico City, Mexico",Colonia Los Fresnos,25,https://rentola.mx/listings/departamento-en-renta-calzada-de-tlalpan-2971-santa-ursula-coapa-coyoacan-ciudad-de-mexico-04650-mex-pde3f26
RENTOLA-1,casa de 4 habitaciones de 338 m² en Ciudad de México,40000,118,4,0,0,"Cerrada de Reforma, San Ángel, 01040 Mexico City, Mexico",San Ángel,25,https://rentola.mx/listings/casa-en-renta-san-angel-inn-alvaro-obregon-cdmx-p3596b1
RENTOLA-8,casa de 3 habitaciones de 200 m² en Ciudad de México,28000,140,3,0,0,"unnamed road, Las Águilas, 01789 Mexico City, Mexico",Las Águilas,25,https://rentola.mx/listings/casa-en-renta-colonia-olivar-de-los-padres-alvaro-obregon-cdmx-p7a05c8
RENTOLA-143,departamento de 2 habitaciones de 112 m² en Ciudad de México,35000,313,2,0,1,"Calle Salamanca 18, Condesa, 06700 Mexico City, Mexico",Condesa,25,https://rentola.mx/listings/departamento-en-renta-roma-norte-cuauhtemoc-cdmx-p8ff143
RENTOLA-62,departamento de 2 habitaciones de 97 m² en Ciudad de México,19500,201,2,0,0,"Avenida Vasco de Quiroga, El Cuernito, 01250 Mexico City, Mexico",El Cuernito,25,https://rentola.mx/listings/departamento-en-renta-camino-a-santa-fe-606-boscoso-ciudad-de-mexico-cdmx-mexico-pf2ab62
RENTOLA-5,departamento de 1 habitación de 25 m² en Ciudad de México,5000,200,1,0,0,"Cerrada Saucillo, Colonia Paraje 38, 14248 Mexico City, CMX, Mexico",14248 Mexico City,25,https://rentola.mx/listings/departamento-col-cruz-del-farol-p04edb5
RENTOLA-356345,casa de 5 habitaciones de 95 m² en Ciudad de México,20000,211,5,0,0,"Andador Zacapu, Unidad Habitacional Obrero CTM Culhuacán 5, 04440 Mexico City, Mexico",Unidad Habitacional Obrero CTM Culhuacán 5,25,https://rentola.mx/listings/casa-col-culhuacan-ctm-seccion-v-p43dded
RENTOLA-905602,departamento de 2 habitaciones de 90 m² en Ciudad de México,12500,139,2,0,1,"Privada 1, Las Águilas, 01619 Mexico City, CMX, Mexico",01619 Mexico City,25,https://rentola.mx/listings/departamento-en-renta-la-martinica-alvaro-obregon-p905602
RENTOLA-21,Viviendas en renta en Ciudad de México,0,0,0,0,0,N/A,CDMX,25,https://rentola.mx/renta?location=ciudad-de-mexico&property_types=room&property_types=house&property_types=apartment&property_types=studio&page=21
RENTOLA-20,¡Ups!,0,0,0,0,0,N/A,CDMX,25,https://rentola.mx/en/for-rent?location=mexico-city&property_types=room&property_types=house&property_types=apartment&property_types=studio&page=20
RENTOLA-547,departamento de 2 habitaciones de 51 m² en Ciudad de México,9700300,190202,2,0,1,"Santa María Nativitas, 16457 Mexico City, Mexico",Santa María Nativitas,25,https://rentola.mx/listings/departamento-en-renta-en-santa-maria-nativitas-xochimilco-ciudad-de-mexico-p81e547
RENTOLA-8,casa de 3 habitaciones de 99 m² en Ciudad de México,17600,178,3,0,1,"Calzada de las Carretas 131, Presidentes, 01566 Mexico City, Mexico",Presidentes,25,https://rentola.mx/listings/casa-en-renta-colina-del-sur-alvaro-obregon-cdmx-p8be4c8
RENTOLA-741069,casa de 1 habitación de 25 m² en Ciudad de México,5000,200,1,0,0,"Calle Caleta, Narvarte, 06780 Mexico City, Mexico",Narvarte,25,https://rentola.mx/listings/casa-en-renta-narvarte-poniente-benito-juarez-cdmx-p768f3b
RENTOLA-156457,departamento de 2 habitaciones de 233 m² en Ciudad de México,100000,429,2,0,1,"Avenida Paseo de las Palmas, Lomas de Chapultepec, 11650 Mexico City, Mexico",Lomas de Chapultepec,25,https://rentola.mx/listings/departamento-en-renta-lomas-de-chapultepec-miguel-hidalgo-cdmx-p043d4a
RENTOLA-468673,casa de 2 habitaciones de 100 m² en Ciudad de México,17500,175,2,0,1,"Avenida Arboledas, Colonia Maestro Justo Sierra, 09460 Mexico City, Mexico",Colonia Maestro Justo Sierra,25,https://rentola.mx/listings/casa-en-renta-avenida-arboledas-190-ampliacion-sinatel-iztapalapa-ciudad-de-mexico-09479-mex-p85c0fa
RENTOLA-3,departamento de 2 habitaciones de 45 m² en Ciudad de México,11600,258,2,0,1,"Avenida Aquiles Serdán, Colonia Presidente Madero, 02459 Mexico City, Mexico",Colonia Presidente Madero,25,https://rentola.mx/listings/departamento-en-renta-av-aquiles-serdan-675-santo-domingo-ciudad-de-mexico-cdmx-mexico-p3eefd3
RENTOLA-525785,departamento de 2 habitaciones de 65 m² en Ciudad de México,12700,195,2,0,1,"Calle Homún, Colonia Héroes de Padierna, 14200 Mexico City, Mexico",Colonia Héroes de Padierna,25,https://rentola.mx/listings/departamento-en-renta-akil-territorio-torres-heroes-de-padierna-ciudad-de-mexico-cdmx-mexico-p7f081b
RENTOLA-400,casa de 4 habitaciones de 398 m² en Ciudad de México,100000,251,4,0,1,"Calle Monte Himalaya, Lomas de Chapultepec, 11000 Mexico City, Mexico",Lomas de Chapultepec,25,https://rentola.mx/listings/casa-en-renta-lomas-de-chapultepec-miguel-hidalgo-cdmx-p9ba400
RENTOLA-0,departamento de 3 habitaciones de 130 m² en Ciudad de México,29000,223,3,0,0,"Gabriel Mancera, Del Valle, 03100 Mexico City, CMX, Mexico",03100 Mexico City,25,https://rentola.mx/listings/departamento-en-col-del-valle-130m2-pea42b0
RENTOLA-1423,departamento de 1 habitación de 69 m² en Ciudad de México,8500,123,1,0,1,"Calle Barra de Nautla, Colonia INFONAVIT Camino San Juan de Aragón, 07580 Mexico City, CMX, Mexico",07580 Mexico City,25,https://rentola.mx/listings/departamento-en-renta-en-barra-de-nautla-casas-aleman-gam-p6b1423
RENTOLA-623274,casa de 3 habitaciones de 164 m² en Ciudad de México,20000,122,3,0,1,"Calle Plan de Guadalupe, Colonia Ticomán II, 07320 Mexico City, Mexico",Colonia Ticomán II,26,https://rentola.mx/listings/casa-en-renta-plan-de-guadalupe-65-ticoman-i-la-purisima-ticoman-ciudad-de-mexico-cdmx-mexico-p3f55ad
RENTOLA-65,departamento de 1 habitación de 75 m² en Ciudad de México,8500,113,1,0,0,"Calle Ejido, Fraccionamiento Belisario Domínguez, 14340 Mexico City, Mexico",Fraccionamiento Belisario Domínguez,26,https://rentola.mx/listings/departamento-en-renta-ejido-4-coapa-ejido-viejo-de-santa-ursula-coapa-ciudad-de-mexico-cdmx-mexico-p41cf65
RENTOLA-59,departamento de 2 habitaciones de 76 m² en Ciudad de México,33000,434,2,0,1,"Calle Temístocles, Polanco, 11520 Mexico City, Mexico",Polanco,26,https://rentola.mx/listings/departamento-en-renta-temistocles-315-temistocles-polanco-polanco-iv-seccion-ciudad-de-mexico-cdmx-mexico-p2ddd59
RENTOLA-624104,departamento de 2 habitaciones de 50 m² en Ciudad de México,15000,300,2,0,0,"Retorno 52, Lateral Poniente Jesús Galindo y Villa, Colonia Pino, 15900 Mexico City, Mexico",Colonia Pino,26,https://rentola.mx/listings/departamento-col-jardin-balbuena-p624104
RENTOLA-2,departamento de 1 habitación de 23 m² en Ciudad de México,5300,230,1,0,1,"Calle 21, Colonia Euzkadi, 02660 Mexico City, CMX, Mexico",02660 Mexico City,26,https://rentola.mx/listings/departamento-en-renta-pro-hogar-azcapotzalco-p79b7e2
RENTOLA-49,departamento de 2 habitaciones de 50 m² en Ciudad de México,8000,160,2,0,0,"Calle Ángel del Campo, Roma, 06880 Mexico City, CMX, Mexico",06880 Mexico City,26,https://rentola.mx/listings/departamento-en-renta-algarin-cuauhtemoc-cdmx-pefbe49
RENTOLA-216030,casa de 3 habitaciones de 180 m² en Ciudad de México,22500,125,3,0,0,"unnamed road, Colonia Miguel Hidalgo, 14000 Mexico City, Mexico",Miguel Hidalgo,26,https://rentola.mx/listings/casa-en-condominio-en-renta-guadalajara-4-miguel-hidalgo-1ra-seccion-ciudad-de-mexico-cdmx-mexico-p216030
RENTOLA-870725,departamento de 1 habitación de 60 m² en Ciudad de México,11500,192,1,0,0,"Calle Eureka, Colonia Guadalupe Insurgentes, 07800 Mexico City, CMX, Mexico",07800 Mexico City,26,https://rentola.mx/listings/excelente-departamento-loft-en-renta-en-la-colonia-industrial-cuidad-de-mexico-p3ea92d
RENTOLA-612166,departamento de 2 habitaciones de 60 m² en Ciudad de México,12000,200,2,0,0,"Avenida 513, Aragón, 07969 Mexico City, Mexico",Aragón,26,https://rentola.mx/listings/departamento-col-san-juan-de-aragon-i-seccion-p426cce
RENTOLA-234601,1 habitación de 22m² en Ciudad de México,7000,318,1,0,1,"Calle Rancho El Palmar, Coapa, 04938 Mexico City, Mexico",Coapa,26,https://rentola.mx/listings/cuartos-amplios-en-residencia-p05a22b
RENTOLA-40,departamento de 2 habitaciones de 98 m² en Ciudad de México,31000,316,2,0,1,"Tencüi, Calle Eligio Ancona 191, Santa María la Ribera, 06400 Mexico City, CMX, Mexico",06400 Mexico City,26,https://rentola.mx/listings/departamento-en-impulso-santa-fe-p048b40
RENTOLA-22,Viviendas en renta en Ciudad de México,0,0,0,0,0,N/A,CDMX,26,https://rentola.mx/renta?location=ciudad-de-mexico&property_types=room&property_types=house&property_types=apartment&property_types=studio&page=22
RENTOLA-21,¡Ups!,0,0,0,0,0,N/A,CDMX,26,https://rentola.mx/en/for-rent?location=mexico-city&property_types=room&property_types=house&property_types=apartment&property_types=studio&page=21
RENTOLA-701088,departamento de 2 habitaciones de 100 m² en Ciudad de México,32000,320,2,0,0,"Calle Durango 325, Condesa, 06700 Mexico City, Mexico",Condesa,26,https://rentola.mx/listings/departamento-en-renta-calle-durango-325-roma-norte-cuauhtemoc-ciudad-de-mexico-06700-mex-pa250aa
RENTOLA-943835,Bad gatewayError code 502,0,0,0,0,0,N/A,CDMX,26,https://rentola.mx/listings/depto-loft-en-pb-a-metros-de-av-santa-lucia-colinas-del-sur-p7d6c4b
RENTOLA-612709,departamento de 1 habitación de 35 m² en Ciudad de México,18000,514,1,0,1,"SIGEA, Avenida Revolución 1472, San Ángel, 01020 Mexico City, Mexico",San Ángel,26,https://rentola.mx/listings/departamento-en-renta-av-revolucion-1470-guadalupe-inn-ciudad-de-mexico-cdmx-mexico-p630f8b
RENTOLA-900784,departamento de 1 habitación de 20 m² en Ciudad de México,7200,360,1,0,0,"Monserrat, Conjunto Mariana, 04330 Mexico City, CMX, Mexico",04330 Mexico City,26,https://rentola.mx/listings/departamento-col-pueblo-de-los-reyes-p7e456d
RENTOLA-527383,departamento de 1 habitación de 20 m² en Ciudad de México,5700,285,1,0,1,"Retorno 30 de Avenida del Taller, Colonia Jardín Balbuena, 15900 Mexico City, CMX, Mexico",15900 Mexico City,26,https://rentola.mx/listings/departamento-en-renta-el-col-jardin-balbuena-venustiano-carranza-cdmx-p125ddb
RENTOLA-814760,departamento de 3 habitaciones de 85 m² en Ciudad de México,12000,141,3,0,1,"Circuito Río Mixteco, Colonia Real del Moral, 09010 Mexico City, CMX, Mexico",09010 Mexico City,26,https://rentola.mx/listings/departamento-en-renta-paseos-de-churubusco-iztapalapa-p28a65b
RENTOLA-829447,casa de 3 habitaciones de 130 m² en Ciudad de México,17999,138,3,0,1,"Magdalena de las Salinas, 07760 Mexico City, CMX, Mexico",07760 Mexico City,26,https://rentola.mx/listings/casa-en-renta-en-magdalena-de-las-salinas-gustavo-a-madero-ciudad-de-mexico-p678e2b
RENTOLA-4,departamento de 2 habitaciones de 54 m² en Ciudad de México,12000,222,2,0,1,"Calle Crisantema, Atlampa, 06450 Mexico City, CMX, Mexico",06450 Mexico City,27,https://rentola.mx/listings/renta-departamento-ricardo-flores-magon-pb6c7f4
RENTOLA-370971,casa de 3 habitaciones de 100 m² en Ciudad de México,24000,240,3,0,1,"Cerrada Segunda Magnolia, Ejidos de San Pedro Mártir, 14640 Mexico City, Mexico",Ejidos de San Pedro Mártir,27,https://rentola.mx/listings/casa-col-ejidos-de-san-pedro-martir-pf0883d
RENTOLA-385,casa de 3 habitaciones de 64 m² en Ciudad de México,14500,227,3,0,0,"Colonia Narciso Mendoza Súper Manzana 3 Villa Coapa, 14390 Mexico City, CMX, Mexico",14390 Mexico City,27,https://rentola.mx/listings/casa-en-renta-en-narciso-mendoza-tlalpan-ciudad-de-mexico-pb0a385
RENTOLA-960534,1 habitación de 21m² en Ciudad de México,7000,333,1,0,0,"Calle Augustin Delgado 275, Tránsito, 06820 Mexico City, Mexico",Tránsito,27,https://rentola.mx/listings/comparto-depa-ubicadisimo-y-super-equipado-p960534
RENTOLA-76,departamento de 1 habitación de 46 m² en Ciudad de México,26900,585,1,0,1,"Calle Lago Iseo, Polanco, 11320 Mexico City, Mexico",Polanco,27,https://rentola.mx/listings/departamento-en-renta-calle-lago-iseo-305-3-305-3-anahuac-miguel-hidalgo-ciudad-de-mexico-11320-mex-p5beb76
RENTOLA-847554,departamento de 2 habitaciones de 150 m² en Ciudad de México,5500,37,2,0,1,"Calle Pedro Calderón de la Barca 71, Polanco, 11540 Mexico City, Mexico",Polanco,27,https://rentola.mx/listings/pent-house-en-renta-150m2-amueblado-cerca-de-parque-lincoln-nuevo-pb1e4be
RENTOLA-215801,1 habitación de 25m² en Ciudad de México,8000,320,1,0,0,"Calle Tula, Unidad Habitacional San Antonio Culhuacán, 09800 Mexico City, Mexico",Unidad Habitacional San Antonio Culhuacán,27,https://rentola.mx/listings/estudio-listo-para-habitar-p4babbf
RENTOLA-1,departamento de 2 habitaciones de 60 m² en Ciudad de México,11500,192,2,0,1,"Prolongación 16 de Septiembre, Colonia Tablas de San Lorenzo, 16090 Mexico City, CMX, Mexico",16090 Mexico City,27,https://rentola.mx/listings/departamento-col-tablas-de-san-lorenzo-pfa31a1
RENTOLA-393331,departamento de 1 habitación de 37 m² en Ciudad de México,16700,451,1,0,1,"Calle Gas Solvente, Colonia Santa Lucía, 02760 Mexico City, Mexico",Colonia Santa Lucía,27,https://rentola.mx/listings/departamento-en-renta-industrial-vallejo-azcapotzalco-p06e1de
RENTOLA-5134,1 habitación de 8m² en Ciudad de México,4500,563,1,0,0,"Explanada del Puma, Nonoalco Tlatelolco, 06900 Mexico City, CMX, Mexico",06900 Mexico City,27,https://rentola.mx/listings/medicos-residentes-estudiantes-y-personas-que-trabajen-en-el-d-f-ped5134
RENTOLA-4,departamento de 3 habitaciones de 120 m² en Ciudad de México,29000,242,3,0,1,"Cerrada de Amargura, San Ángel, 01000 Mexico City, CMX, Mexico",01000 Mexico City,27,https://rentola.mx/listings/departamento-en-renta-en-residencial-privilege-interlomas-p3d19f4
RENTOLA-158794,1 habitación de 11m² en Ciudad de México,6000,545,1,0,0,"Farmacias del Ahorro, Avenida Miguel Ángel de Quevedo 427, Coyoacán, 04310 Mexico City, CMX, Mexico",Coyoacán,27,https://rentola.mx/listings/habitacion-capsula-coliving-p8b8b4e
RENTOLA-352842,departamento de 1 habitación de 204 m² en Ciudad de México,100000,490,1,0,1,"Avenida Tamaulipas, Santa Fe Cuajimalpa, 05348 Mexico City, CMX, Mexico",Cuajimalpa,27,https://rentola.mx/listings/lujoso-departamento-en-santa-fe-p5b601f
RENTOLA-608344,departamento de 3 habitaciones de 250 m² en Ciudad de México,65000,260,3,0,1,"Calle Arquímedes 130, Polanco, 11550 Mexico City, CMX, Mexico",Polanco,27,https://rentola.mx/listings/renta-de-departamento-en-polanco-p1a961f
RENTOLA-23,Viviendas en renta en Ciudad de México,0,0,0,0,0,N/A,CDMX,27,https://rentola.mx/renta?location=ciudad-de-mexico&property_types=room&property_types=house&property_types=apartment&property_types=studio&page=23
RENTOLA-22,¡Ups!,0,0,0,0,0,N/A,CDMX,27,https://rentola.mx/en/for-rent?location=mexico-city&property_types=room&property_types=house&property_types=apartment&property_types=studio&page=22
RENTOLA-800,casa de 3 habitaciones de 102 m² en Ciudad de México,30000,294,3,0,0,"Azcapotzalco, Mexico City, Mexico",Azcapotzalco,27,https://rentola.mx/listings/casa-en-condominio-linda-y-funcional-roof-garden-privado-fresnos-azcapo-peae800
RENTOLA-2767,1 habitación de 16m² en Ciudad de México,4800,300,1,0,0,"Calle Libertad, Colonia San Álvaro, 02090 Mexico City, CMX, Mexico",02090 Mexico City,27,https://rentola.mx/listings/casa-compartida-para-mujeres-p1f2767
RENTOLA-1,departamento de 3 habitaciones de 450 m² en Ciudad de México,6500,14,3,0,0,"Calle Prado Norte, Lomas de Chapultepec, 11000 Mexico City, CMX, Mexico",11000 Mexico City,27,https://rentola.mx/listings/departamento-de-lujo-en-palmas-park-3-recamaras-con-bano-y-vestidor-450-m-pf0c9b1
RENTOLA-110585,1 habitación de 14m² en Ciudad de México,4500,321,1,0,0,"Calle Miguel Lerdo de Tejada 101, Colonia San Mateo Tlaltenango, 02490 Mexico City, Mexico",Colonia San Mateo Tlaltenango,27,https://rentola.mx/listings/rento-bonito-cuarto-azcapotzalco-p110585
RENTOLA-235827,departamento de 1 habitación de 42 m² en Ciudad de México,20000,476,1,0,1,"Calle Alpes, San Ángel, 01010 Mexico City, Mexico",San Ángel,28,https://rentola.mx/listings/departamento-en-renta-calle-alpes-32-los-alpes-alvaro-obregon-ciudad-de-mexico-01010-mex-p235827
RENTOLA-702358,1 habitación de 15m² en Ciudad de México,5000,333,1,0,0,"Calzada de Guadalupe 167, Valle Gómez, 06240 Mexico City, Mexico",Valle Gómez,28,https://rentola.mx/listings/busco-roomie-en-dpto-por-misterios-p6ba76e
RENTOLA-224,casa de 3 habitaciones de 120 m² en Ciudad de México,11000,92,3,0,1,"Avenida 29 de Octubre, Lomas de la Era, 01849 Mexico City, Mexico",Lomas de la Era,28,https://rentola.mx/listings/casa-col-torres-de-potrero-pe8e224
RENTOLA-66,casa de 1 habitación de 800 m² en Ciudad de México,6500,8,1,0,0,"Avenida de las Fuentes 360, Jardines del Pedregal, 01900 Mexico City, CMX, Mexico",01900 Mexico City,28,https://rentola.mx/listings/renta-hermosos-recamara-amueblada-pedregal-san-angel-p2f4a66
RENTOLA-256511,departamento de 3 habitaciones de 84 m² en Ciudad de México,15000,179,3,0,1,"Calle Matagalpa, San Pedro Zacatenco, 07369 Mexico City, Mexico",San Pedro Zacatenco,28,https://rentola.mx/listings/departamento-en-renta-residencial-zacatenco-gustavo-a-madero-p37fcdf
RENTOLA-992496,departamento de 2 habitaciones de 55 m² en Ciudad de México,9000,164,2,0,1,"Cerrada Quinta Volcanes, Tlalpan, 14100 Mexico City, CMX, Mexico",Tlalpan,28,https://rentola.mx/listings/departamento-col-pedregal-de-san-nicolas-1a-seccion-p5882cd
RENTOLA-09795,departamento de 1 habitación de 35 m² en Ciudad de México,7000,200,1,0,0,"Calle Popocatépetl, Colonia Adolfo Ruíz Cortines, 04630 Mexico City, Mexico",Colonia Adolfo Ruíz Cortines,28,https://rentola.mx/listings/departamento-col-pedregal-de-santa-ursula-pb09795
RENTOLA-4,1 habitación de 42m² en Ciudad de México,6470,154,1,0,0,"Calzada de los Misterios, Colonia Guadalupe Tepeyac, 07870 Mexico City, Mexico",Colonia Guadalupe Tepeyac,28,https://rentola.mx/listings/single-room-in-coliving-p6686c4
RENTOLA-163676,casa de 2 habitaciones de 84 m² en Ciudad de México,14300,170,2,0,0,"Colonia Narciso Mendoza Súper Manzana 3 Villa Coapa, 14390 Mexico City, CMX, Mexico",14390 Mexico City,28,https://rentola.mx/listings/casa-en-renta-en-narciso-mendoza-tlalpan-ciudad-de-mexico-p163676
RENTOLA-157926,departamento de 1 habitación de 42 m² en Ciudad de México,19250,458,1,0,0,"Sports World, Calle Lago Alberto 369, Polanco, 11320 Mexico City, CMX, Mexico",Polanco,28,https://rentola.mx/listings/departamentos-en-renta-desde-19-250-en-polanco-con-alberca-y-gym-p29643a
RENTOLA-408,1 habitación de 22m² en Ciudad de México,7000,318,1,0,0,"Calle Nicolás San Juan 1450, Colonia Santa Cruz Atoyac, 03310 Mexico City, Mexico",Colonia Santa Cruz Atoyac,28,https://rentola.mx/listings/se-renta-habitacion-en-col-del-valle-sur-benito-juarez-cdmx-a-7000-mensuales-p1cd408
RENTOLA-75,departamento de 1 habitación de 6 m² en Ciudad de México,6500,1083,1,0,1,"Calle Cuicuilco 77, Colonia Letrán Valle, 03650 Mexico City, Mexico",Colonia Letrán Valle,28,https://rentola.mx/listings/departamento-en-renta-calle-3-zapotes-49-2345-letran-valle-benito-juarez-ciudad-de-mexico-03650-mex-p08de75
RENTOLA-705015,casa de 4 habitaciones de 130 m² en Ciudad de México,11500,88,4,0,1,"Andador Huizapotillo, Lomas de Vista Hermosa, 05249 Mexico City, Mexico",Lomas de Vista Hermosa,28,https://rentola.mx/listings/casa-en-renta-and-yondino-196-huizachito-cuajimalpa-de-morelos-cdmx-mexico-p14d3be
RENTOLA-595444,departamento de 1 habitación de 65 m² en Ciudad de México,9000,138,1,0,1,"Calle Pirámides, Colonia Clavería, 02080 Mexico City, Mexico",Colonia Clavería,28,https://rentola.mx/listings/departamento-en-renta-piramides-no-81-claveria-ciudad-de-mexico-cdmx-mexico-p9fdb8f
RENTOLA-904933,departamento de 2 habitaciones de 60 m² en Ciudad de México,12500,208,2,0,1,"Arcos de Aragón Oriente, Colonia San Pedro El Chico, 07450 Mexico City, CMX, Mexico",07450 Mexico City,28,https://rentola.mx/listings/depto-en-renta-san-juan-de-aragon-gam-2-hab-1-bano-1-estac-pf28d3f
RENTOLA-334,departamento de 3 habitaciones de 110 m² en Ciudad de México,15000,136,3,0,1,"Pergoleros, Unidad Habitacional ISSFAM, 14620 Mexico City, Mexico",Unidad Habitacional ISSFAM,28,https://rentola.mx/listings/departamento-en-renta-club-de-golf-mexico-tlalpan-cdmx-pf8e334
RENTOLA-6,departamento de 1 habitación de 20 m² en Ciudad de México,9500,475,1,0,1,"Cerrada Tepetates, Colonia La Joyita, 01700 Mexico City, Mexico",Colonia La Joyita,28,https://rentola.mx/listings/departamento-en-renta-callejon-fresnotitla-29-tetelpan-ciudad-de-mexico-cdmx-mexico-p5641c6
RENTOLA-24,Viviendas en renta en Ciudad de México,0,0,0,0,0,N/A,CDMX,28,https://rentola.mx/renta?location=ciudad-de-mexico&property_types=room&property_types=house&property_types=apartment&property_types=studio&page=24
RENTOLA-23,¡Ups!,0,0,0,0,0,N/A,CDMX,28,https://rentola.mx/en/for-rent?location=mexico-city&property_types=room&property_types=house&property_types=apartment&property_types=studio&page=23
RENTOLA-98,1 habitación de 10m² en Ciudad de México,5000,500,1,0,0,"Calle Malintzin, Colonia Del Carmen, 04100 Mexico City, CMX, Mexico",04100 Mexico City,28,https://rentola.mx/listings/rento-linda-recamara-amueblada-mejor-zona-de-coyoacan-pf10a98
RENTOLA-370513,departamento de 3 habitaciones de 80 m² en Ciudad de México,12000,150,3,0,1,"Cerrada Bellota, Colonia Lomas de Belvedere, 14250 Mexico City, CMX, Mexico",14250 Mexico City,29,https://rentola.mx/listings/departamento-en-renta-en-tlalpan-pinanona-pd4572b
RENTOLA-590682,departamento de 1 habitación de 25 m² en Ciudad de México,9000,360,1,0,0,"Calle Presa Santa Teresa, Nuevo Polanco, 11500 Mexico City, Mexico",Polanco,29,https://rentola.mx/listings/recamara-amueblada-frente-plaza-carzo-polanco-pcacd0c
RENTOLA-0760,departamento de 1 habitación de 48 m² en Ciudad de México,36680,764,1,0,0,"Calle Pachuca 96, Condesa, 06140 Mexico City, Mexico",Condesa,29,https://rentola.mx/listings/departamento-en-renta-hipodromo-cuauhtemoc-cdmx-p4e0760
RENTOLA-72,departamento de 1 habitación de 40 m² en Ciudad de México,10650,266,1,0,1,"Abarrotes Maximiliano, Calle Naranjo 98, Santa María la Ribera, 06400 Mexico City, CMX, Mexico",06400 Mexico City,29,https://rentola.mx/listings/departamento-tipo-loft-nuevo-en-renta-en-santa-maria-la-ribera-pf83f72
RENTOLA-704406,departamento de 3 habitaciones de 114 m² en Ciudad de México,14700,129,3,0,1,"Calle Chimalcoyotl, Barrio El Truenito, 14430 Mexico City, Mexico",Barrio El Truenito,29,https://rentola.mx/listings/departamento-en-renta-chimalcoyotl-chimalcoyoc-14630-ciudad-de-mexico-mexico-p07995f
RENTOLA-153545,casa de 3 habitaciones de 127 m² en Ciudad de México,40000,315,3,0,0,"Cerrada Mazatlán 14, Condesa, 06140 Mexico City, Mexico",Condesa,29,https://rentola.mx/listings/casa-en-renta-avenida-mazatlan-18-condesa-cuauhtemoc-ciudad-de-mexico-06140-mex-p1e1b6f
RENTOLA-373143,casa de 3 habitaciones de 290 m² en Ciudad de México,29700,102,3,0,1,"Banco Inbursa, Avenida Toluca 1185, Colonia Tetelpan, 01700 Mexico City, Mexico",Colonia Tetelpan,29,https://rentola.mx/listings/casa-en-condominio-en-renta-colonia-olivar-de-los-padres-alvaro-obregon-cdmx-p373143
RENTOLA-614389,departamento de 2 habitaciones de 64 m² en Ciudad de México,22500,352,2,0,1,"Avenida Revolución 757, Colonia Nonoalco, 03700 Mexico City, Mexico",Colonia Nonoalco,29,https://rentola.mx/listings/departamento-en-renta-nonoalco-benito-juarez-p21f54a
RENTOLA-873,departamento de 1 habitación de 50 m² en Ciudad de México,12500,250,1,0,0,"Avenida Miguel Hidalgo 213, Coyoacán, 04100 Mexico City, Mexico",Coyoacán,29,https://rentola.mx/listings/departamento-col-del-carmen-p9ec873
RENTOLA-54,departamento de 1 habitación de 39 m² en Ciudad de México,11000,282,1,0,1,"Calle Lago Ammer, Pensil Norte, 11430 Mexico City, Mexico",Pensil Norte,29,https://rentola.mx/listings/departamento-en-renta-pensil-norte-miguel-hidalgo-cdmx-p6ddd54
RENTOLA-03,casa de 3 habitaciones de 210 m² en Ciudad de México,49000,233,3,0,0,"Dentista - Odontopediatra, Plaza Hidalgo 14D, Coyoacán, 04000 Mexico City, Mexico",Coyoacán,29,https://rentola.mx/listings/casa-en-renta-villa-coyoacan-coyoacan-cdmx-p00ad03
RENTOLA-83,departamento de 2 habitaciones de 60 m² en Ciudad de México,15200,253,2,0,1,"Calle Licenciado Francisco Benítez, Colonia Progreso, 01080 Mexico City, Mexico",Colonia Progreso,29,https://rentola.mx/listings/departamento-en-renta-calle-licenciado-francisco-benitez-105-113-progreso-tizapan-alvaro-obregon-ciudad-de-mexico-01080-mex-pe86a83
RENTOLA-5,departamento de 2 habitaciones de 61 m² en Ciudad de México,12000,197,2,0,0,"Sur 111, Aeronáutica Militar, 15980 Mexico City, Mexico",Aeronáutica Militar,29,https://rentola.mx/listings/departamento-en-renta-colonia-jardin-balbuena-venustiano-carranza-pdb42a5
RENTOLA-863131,departamento de 2 habitaciones de 76 m² en Ciudad de México,26000,342,2,0,0,"Sports World, Calle Lago Alberto 369, Polanco, 11320 Mexico City, Mexico",Polanco,29,https://rentola.mx/listings/departamento-de-2-recamaras-1-bano-en-vitant-polanco-pe5ecfd
RENTOLA-48,casa de 1 habitación de 22 m² en Ciudad de México,7000,318,1,0,1,"Calle Cuitláhuac, Colonia Isidro Fabela Sección Cantil, 14039 Mexico City, Mexico",Tláhuac,29,https://rentola.mx/listings/casa-en-renta-por-habitaciones-ideal-para-doctores-foraneos-p139e48
RENTOLA-3,departamento de 1 habitación de 22 m² en Ciudad de México,7000,318,1,0,0,"Avenida México-Contreras, San Jerónimo Aculco-Lídice, 10200 Mexico City, Mexico",San Jerónimo Aculco-Lídice,29,https://rentola.mx/listings/departamento-en-renta-san-jeronimo-lidice-la-magdalena-contreras-pad81b3
RENTOLA-7,1 habitación de 17m² en Ciudad de México,5300,312,1,0,0,"Calle Miravalle 319, Colonia Albert, 03560 Mexico City, Mexico",Colonia Albert,29,https://rentola.mx/listings/gym-ludoteca-y-roof-garden-pfcaad7
RENTOLA-182752,departamento de 1 habitación de 80 m² en Ciudad de México,12000,150,1,0,1,"Cerrada Bellota, Colonia Lomas de Belvedere, 14250 Mexico City, CMX, Mexico",14250 Mexico City,29,https://rentola.mx/listings/departamento-en-renta-en-tlalpan-pinanona-pb6c02f
RENTOLA-315121,departamento de 2 habitaciones de 56 m² en Ciudad de México,11000,196,2,0,1,"Calle Sur 77, Colonia Sinatel, 09470 Mexico City, Mexico",Colonia Sinatel,29,https://rentola.mx/listings/departamento-en-renta-sur-77-240-sinatel-ciudad-de-mexico-cdmx-mexico-p49248f
RENTOLA-707222,departamento de 2 habitaciones de 165 m² en Ciudad de México,63000,382,2,0,1,"Calle Tenancingo 15 A, Condesa, 06140 Mexico City, Mexico",Condesa,29,https://rentola.mx/listings/departamento-en-renta-calle-tenancingo-7-43-condesa-cuauhtemoc-ciudad-de-mexico-06140-mex-p3ae42d
RENTOLA-25,Viviendas en renta en Ciudad de México,0,0,0,0,0,N/A,CDMX,30,https://rentola.mx/renta?location=ciudad-de-mexico&property_types=room&property_types=house&property_types=apartment&property_types=studio&page=25
RENTOLA-24,¡Ups!,0,0,0,0,0,N/A,CDMX,30,https://rentola.mx/en/for-rent?location=mexico-city&property_types=room&property_types=house&property_types=apartment&property_types=studio&page=24
RENTOLA-5,departamento de 2 habitaciones de 61 m² en Ciudad de México,14500,238,2,0,1,"Calle Paseo de las Magnolias, Colonia Paseos de Taxqueña, 04250 Mexico City, Mexico",Colonia Paseos de Taxqueña,30,https://rentola.mx/listings/departamento-col-paseos-de-taxquena-pf072b5
RENTOLA-255,departamento de 2 habitaciones de 91 m² en Ciudad de México,40000,440,2,0,0,"GIA, Calle Aguascalientes 237, Condesa, 06100 Mexico City, Mexico",Condesa,30,https://rentola.mx/listings/departamento-en-renta-calle-aguascalientes-214-234-hipodromo-cuauhtemoc-ciudad-de-mexico-06100-mex-p49c255
RENTOLA-644828,departamento de 1 habitación de 25 m² en Ciudad de México,7000,280,1,0,0,"Prolongación Repúblicas, Santa Cruz Atoyac, 03310 Mexico City, CMX, Mexico",03310 Mexico City,30,https://rentola.mx/listings/departamento-col-santa-cruz-atoyac-pb136aa
RENTOLA-638,1 habitación de 9m² en Ciudad de México,5000,556,1,0,1,"Heroica Escuela Naval Militar 608, Unidad Habitacional San Francisco Culhuacán, 04470 Mexico City, CMX, Mexico",04470 Mexico City,30,https://rentola.mx/listings/renta-de-habitacion-nueva-todo-incluido-pd0a638
RENTOLA-5,casa de 2 habitaciones de 168 m² en Ciudad de México,29990,179,2,0,0,"unnamed road, Lomas de Vista Hermosa, 05249 Mexico City, Mexico",Lomas de Vista Hermosa,30,https://rentola.mx/listings/casa-en-condominio-en-renta-granjas-navidad-cuajimalpa-de-morelos-p4c13c5
RENTOLA-450502,departamento de 2 habitaciones de 81 m² en Ciudad de México,14250,176,2,0,1,"Calle Inglaterra 113, Coyoacán, 04040 Mexico City, CMX, Mexico",Coyoacán,30,https://rentola.mx/listings/departamento-col-parque-san-andres-pdabfef
RENTOLA-2477,departamento de 2 habitaciones de 88 m² en Ciudad de México,19200,218,2,0,1,"Dulcería Laposse, Avenida México-Coyoacán 375, Colonia Xoco, 03330 Mexico City, CMX, Mexico",Coyoacán,30,https://rentola.mx/listings/departamento-en-renta-en-colonia-xoco-alcaldia-benito-juarez-cdmx-pef2477
RENTOLA-6,departamento de 1 habitación de 13 m² en Ciudad de México,4500,346,1,0,1,"Calle Edgar Allan Poe 64, Polanco, 11540 Mexico City, Mexico",Polanco,30,https://rentola.mx/listings/polanco-edgar-allan-poe-departamento-en-renta-p63edb6
RENTOLA-07,departamento de 1 habitación de 26 m² en Ciudad de México,10000,385,1,0,1,"Calzada General Ignacio Zaragoza, Colonia Agua caliente, 08160 Mexico City, Mexico",Colonia Agua caliente,30,https://rentola.mx/listings/departamento-en-renta-pe5fc07
RENTOLA-29,1 habitación de 14m² en Ciudad de México,4500,321,1,0,0,"Calle Itzcoatl, Colonia San Pablo Tepetlapa, 04620 Mexico City, Mexico",Colonia San Pablo Tepetlapa,30,https://rentola.mx/listings/renta-de-recamara-para-mujer-pc07c29
RENTOLA-415716,departamento de 2 habitaciones de 60 m² en Ciudad de México,16000,267,2,0,1,"Calle Monrovia, Colonia Portales Sur, 03300 Mexico City, CMX, Mexico",03300 Mexico City,30,https://rentola.mx/listings/departamento-col-portales-sur-pee15dd
RENTOLA-911,departamento de 2 habitaciones de 78 m² en Ciudad de México,27000,346,2,0,1,"Calle Laguna de Términos, Polanco, 11320 Mexico City, Mexico",Polanco,30,https://rentola.mx/listings/departamento-en-renta-calzada-general-mariano-escobedo-194-anahuac-mariano-escobedo-miguel-hidalgo-ciudad-de-mexico-11520-m-p8ee911
RENTOLA-558754,departamento de 2 habitaciones de 65 m² en Ciudad de México,15500,238,2,0,1,"Calle Callot, Colonia Santa María Nonoalco, 01420 Mexico City, Mexico",Colonia Santa María Nonoalco,30,https://rentola.mx/listings/departamento-col-santa-maria-nonoalco-p93b51a
RENTOLA-482635,casa de 3 habitaciones de 250 m² en Ciudad de México,38500,154,3,0,1,"Coyoacán, Mexico City, Mexico",Coyoacán,30,https://rentola.mx/listings/magnifica-casa-en-condominio-con-amenidades-pccf5fa
RENTOLA-869152,departamento de 2 habitaciones de 160 m² en Ciudad de México,6000,38,2,0,0,"Calle Lope de Vega, Colonia Bosques de Chapultepec, 11560 Mexico City, Mexico",Colonia Bosques de Chapultepec,30,https://rentola.mx/listings/renta-de-departamento-amueblado-en-campos-eliseos-p078d2e
RENTOLA-577976,departamento de 3 habitaciones de 80 m² en Ciudad de México,9000,113,3,0,1,"Calle Molino, Colonia Ex Hacienda San Nicolás Tolentino, 09960 Mexico City, CMX, Mexico",09960 Mexico City,30,https://rentola.mx/listings/departamento-col-el-molino-tezonco-pd1377d
RENTOLA-3,casa de 1 habitación de 42 m² en Ciudad de México,7000,167,1,0,0,"Calle La Morena 305, Benito Juárez, 03000 Mexico City, Mexico",Benito Juárez,30,https://rentola.mx/listings/casa-en-renta-narvarte-poniente-benito-juarez-cdmx-pa67ac3
RENTOLA-549896,departamento de 1 habitación de 35 m² en Ciudad de México,22000,629,1,0,0,"Avenida Chapultepec, Condesa, 06700 Mexico City, Mexico",Condesa,30,https://rentola.mx/listings/departamento-en-renta-avenida-chapultepec-442-roma-norte-cuauhtemoc-ciudad-de-mexico-06700-mex-p8edb6b
RENTOLA-6,departamento de 2 habitaciones de 42 m² en Ciudad de México,13500,321,2,0,1,"Calzada San Isidro Tecpatl 610, Colonia San Bartolo, 02720 Mexico City, Mexico",Colonia San Bartolo,31,https://rentola.mx/listings/departamento-renta-priva-san-isidro-azcapotzalco-san-pedro-xalpa-cdmx-p91ceb6
RENTOLA-7,departamento de 3 habitaciones de 160 m² en Ciudad de México,63000,394,3,0,1,"Calle Iglesia 270, San Ángel, 01090 Mexico City, Mexico",San Ángel,31,https://rentola.mx/listings/departamento-en-renta-calle-iglesia-270-tizapan-san-angel-loreto-y-campamento-01090-ciudad-de-mexico-cdmx-mexico-p3811d7
RENTOLA-716916,casa de 4 habitaciones de 350 m² en Ciudad de México,20000,57,4,0,1,"Camino Viejo a San Francisco, Colonia Guadalupe, 16840 Mexico City, Mexico",Colonia Guadalupe,31,https://rentola.mx/listings/casa-en-condominio-en-renta-camino-viejo-a-san-francisco-7903-san-francisco-tlalnepantla-ciudad-de-mexico-cdmx-mexico-p716916
RENTOLA-26,Viviendas en renta en Ciudad de México,0,0,0,0,0,N/A,CDMX,31,https://rentola.mx/renta?location=ciudad-de-mexico&property_types=room&property_types=house&property_types=apartment&property_types=studio&page=26
RENTOLA-25,¡Ups!,0,0,0,0,0,N/A,CDMX,31,https://rentola.mx/en/for-rent?location=mexico-city&property_types=room&property_types=house&property_types=apartment&property_types=studio&page=25
RENTOLA-262638,departamento de 1 habitación de 84 m² en Ciudad de México,27000,321,1,0,0,"Escuela Secundaria Técnica No. 5 ""Rafael Dondé"", Calle Lago Alberto 431, Polanco, 11320 Mexico City, CMX, Mexico",Polanco,31,https://rentola.mx/listings/loft-amueblado-en-renta-b-grand-polanco-amenidades-de-lujo-p262638
RENTOLA-1,departamento de 1 habitación de 40 m² en Ciudad de México,7500,188,1,0,1,"Calle Estefanía Castañeda, San Jerónimo Aculco-Lídice, 10100 Mexico City, Mexico",San Jerónimo Aculco-Lídice,31,https://rentola.mx/listings/departamento-en-renta-san-jeronimo-lidice-la-magdalena-contreras-p8ef2c1
RENTOLA-9,1 habitación de 33m² en Ciudad de México,9500,288,1,0,0,"Calle Frontera, San Ángel, 01000 Mexico City, CMX, Mexico",01000 Mexico City,31,https://rentola.mx/listings/casa-luna-3-p7c67d9
RENTOLA-123619,departamento de 2 habitaciones de 57 m² en Ciudad de México,14000,246,2,0,0,"Calle José F. Gutiérrez 154, Ángel Zimbrón, 02099 Mexico City, Mexico",Ángel Zimbrón,31,https://rentola.mx/listings/departamento-col-angel-zimbron-p6934bc
RENTOLA-5,1 habitación de 24m² en Ciudad de México,8000,333,1,0,0,"Calle Atlixco 108, Condesa, 06170 Mexico City, CMX, Mexico",Condesa,31,https://rentola.mx/listings/rento-habitacion-amueblada-p5dd2c5
RENTOLA-7,departamento de 4 habitaciones de 100 m² en Ciudad de México,17000,170,4,0,1,"City Express, Boulevard Puerto Aéreo, Santa Cruz Aviación, 15540 Mexico City, CMX, Mexico",15540 Mexico City,31,https://rentola.mx/listings/departamento-col-moctezuma-2a-seccion-pc4d3e7
RENTOLA-72,departamento de 1 habitación de 35 m² en Ciudad de México,15500,443,1,0,0,"Calle Tetla, Polanco, 11040 Mexico City, CMX, Mexico",Polanco,31,https://rentola.mx/listings/departamento-amueblado-p5a3c72
RENTOLA-956050,departamento de 2 habitaciones de 53 m² en Ciudad de México,12900,243,2,0,1,"Calle Faisán, Colonia Granjas Modernas, 07460 Mexico City, CMX, Mexico",07460 Mexico City,31,https://rentola.mx/listings/departamento-en-renta-en-granjas-modernas-gustavo-a-madero-cdmex-p91ef4d
RENTOLA-795776,1 habitación de 13m² en Ciudad de México,6700,515,1,0,0,"Avenida Lázaro Cárdenas, Narvarte, 03440 Mexico City, CMX, Mexico",03440 Mexico City,31,https://rentola.mx/listings/recamara-alta-con-escritorio-y-closet-p56e79b
RENTOLA-90,1 habitación de 17m² en Ciudad de México,5500,324,1,0,0,"LUNA ""Benita Galeana"", Avenida Gabriel Ramos Millán 95, Colonia Américas Unidas, 03610 Mexico City, Mexico",Colonia Américas Unidas,31,https://rentola.mx/listings/cuarto-amueblado-moderno-metro-nativitas-p4fdc90
RENTOLA-91,departamento de 2 habitaciones de 45 m² en Ciudad de México,14500,322,2,0,0,"Calle Felipe Carrillo Puerto 410, Polanco, 11440 Mexico City, Mexico",Polanco,31,https://rentola.mx/listings/departamento-en-renta-anahuac-ii-seccion-miguel-hidalgo-cdmx-p7d8e91
RENTOLA-419205,departamento de 1 habitación de 87 m² en Ciudad de México,27500,316,1,0,1,"Avenida Alpes, Lomas de Chapultepec, 11000 Mexico City, Mexico",Lomas de Chapultepec,31,https://rentola.mx/listings/suite-amueblada-av-de-los-alpes-lomas-de-chapultepec-miguel-hidalgo-p30edea
RENTOLA-7,departamento de 1 habitación de 30 m² en Ciudad de México,14000,467,1,0,1,"Calle Giacomo Puccini, Peralvillo, 06220 Mexico City, Mexico",Peralvillo,31,https://rentola.mx/listings/loft-amueblado-para-1-o-2-personas-en-col-peralvillo-p5610e7
RENTOLA-30,casa de 3 habitaciones de 200 m² en Ciudad de México,13500,68,3,0,0,"unnamed road, Colonia Ampliación Emiliano Zapata, 09638 Mexico City, Mexico",Colonia Ampliación Emiliano Zapata,31,https://rentola.mx/listings/casa-en-renta-ampliacion-emiliano-zapata-iztapalapa-ciudad-de-mexico-mex-p9dbf30
RENTOLA-8,departamento de 2 habitaciones de 90 m² en Ciudad de México,27000,300,2,0,1,"Carretera México - Toluca, Contadero, 05530 Mexico City, Mexico",Contadero,31,https://rentola.mx/listings/departamento-en-renta-carretera-mexico-toluca-5860-5860-el-contadero-cuajimalpa-de-morelos-ciudad-de-mexico-05500-mex-pc44eb8
RENTOLA-1984,departamento de 3 habitaciones de 106 m² en Ciudad de México,42000,396,3,0,1,"Avenida México-Coyoacán, Colonia Xoco, 03330 Mexico City, Mexico",Coyoacán,32,https://rentola.mx/listings/departamento-amueblado-en-renta-en-city-towers-park-grand-p3d1984
RENTOLA-785143,departamento de 2 habitaciones de 104 m² en Ciudad de México,30000,288,2,0,1,"Multiforo Cultural Alicia, Calle Eligio Ancona 145, Santa María la Ribera, 06400 Mexico City, CMX, Mexico",06400 Mexico City,32,https://rentola.mx/listings/depto-en-impulso-de-dos-alcobas-p6c720f
RENTOLA-06,departamento de 2 habitaciones de 120 m² en Ciudad de México,12000,100,2,0,1,"Calle Monte de las Cruces, Las Maromas, 05410 Mexico City, Mexico",Las Maromas,32,https://rentola.mx/listings/departamento-en-renta-av-monte-de-las-cruces-461-cruz-blanca-san-lorenzo-acopilco-cdmx-mexico-p254b06
RENTOLA-27,Viviendas en renta en Ciudad de México,0,0,0,0,0,N/A,CDMX,32,https://rentola.mx/renta?location=ciudad-de-mexico&property_types=room&property_types=house&property_types=apartment&property_types=studio&page=27
RENTOLA-26,¡Ups!,0,0,0,0,0,N/A,CDMX,32,https://rentola.mx/en/for-rent?location=mexico-city&property_types=room&property_types=house&property_types=apartment&property_types=studio&page=26
RENTOLA-456402,departamento de 2 habitaciones de 45 m² en Ciudad de México,10500,233,2,0,1,"Calle Fundidora de Monterrey, Colonia Peñón de los Baños, 15520 Mexico City, Mexico",Colonia Peñón de los Baños,32,https://rentola.mx/listings/departamento-en-renta-calle-fundidora-monterrey-29-penon-de-los-banos-venustiano-carranza-ciudad-de-mexico-15520-mex-p3baeaf
RENTOLA-33,casa de 2 habitaciones de 167 m² en Ciudad de México,29000,174,2,0,1,"Calle Magnolia 205, Colonia San Jerónimo Aculco, 10400 Mexico City, Mexico",Colonia San Jerónimo Aculco,32,https://rentola.mx/listings/casa-en-renta-calle-magnolia-260-san-jeronimo-lidice-la-magdalena-contreras-ciudad-de-mexico-10200-mex-p346f33
RENTOLA-517,departamento de 3 habitaciones de 80 m² en Ciudad de México,12000,150,3,0,1,"Cerrada Bellota, Colonia Lomas de Belvedere, 14250 Mexico City, CMX, Mexico",14250 Mexico City,32,https://rentola.mx/listings/departamento-en-renta-en-tlalpan-pinanona-p8ed517
RENTOLA-7472,departamento de 2 habitaciones de 65 m² en Ciudad de México,16000,246,2,0,1,"Calle 19, Colonia San Pedro de los Pinos, 03800 Mexico City, Mexico",Colonia San Pedro de los Pinos,32,https://rentola.mx/listings/departamento-col-san-pedro-de-los-pinos-p2a7472
RENTOLA-40,departamento de 1 habitación de 15 m² en Ciudad de México,5000,333,1,0,0,"Calle Salaverry, San Pedro Zacatenco, 07369 Mexico City, CMX, Mexico",07369 Mexico City,32,https://rentola.mx/listings/habitacion-en-pb-en-renta-en-san-pedro-zacatenco-pc63c40
RENTOLA-6,1 habitación de 32m² en Ciudad de México,16500,516,1,0,1,"Calle Lago Neuchatel, Polanco, 11529 Mexico City, CMX, Mexico",Polanco,32,https://rentola.mx/listings/busco-roomie-p-renta-de-recamara-amueblada-en-residencial-grand-tower-polanco-pe192f6
RENTOLA-285738,departamento de 1 habitación de 65 m² en Ciudad de México,12700,195,1,0,1,"Calle Akil, Colonia Héroes de Padierna, 14200 Mexico City, Mexico",Colonia Héroes de Padierna,32,https://rentola.mx/listings/rento-depto-heroes-de-padierna-akil-tlalpan-p285738
RENTOLA-77,departamento de 3 habitaciones de 65 m² en Ciudad de México,12000,185,3,0,0,"Avenida El Fortín, Colonia Narciso Mendoza Súper Manzana 3 Villa Coapa, 14390 Mexico City, Mexico",Colonia Narciso Mendoza Súper Manzana 3 Villa Coapa,32,https://rentola.mx/listings/departamento-en-renta-colonia-villa-coapa-tlalpan-ciudad-de-mexico-p469b77
RENTOLA-7,1 habitación de 14m² en Ciudad de México,4500,321,1,0,0,"Calle Belisario Domínguez 165, Coyoacán, 04100 Mexico City, CMX, Mexico",Coyoacán,32,https://rentola.mx/listings/cuarto-entre-el-centro-de-coyoacan-y-los-viveros-pbbebf7
RENTOLA-81,1 habitación de 42m² en Ciudad de México,6470,154,1,0,0,"Calzada de los Misterios, Colonia Guadalupe Tepeyac, 07870 Mexico City, Mexico",Colonia Guadalupe Tepeyac,32,https://rentola.mx/listings/single-room-in-coliving-p66ce81
RENTOLA-955247,departamento de 1 habitación de 50 m² en Ciudad de México,14500,290,1,0,1,"Cerrada 1er Retorno, Lomas de Chamizal, 05129 Mexico City, Mexico",Lomas de Chamizal,32,https://rentola.mx/listings/excelente-departamento-en-secretaria-de-marina-p2122eb
RENTOLA-4,departamento de 1 habitación de 24 m² en Ciudad de México,7300,304,1,0,0,"Calle José Balbuena Vera, Coapa, 04830 Mexico City, CMX, Mexico",04830 Mexico City,32,https://rentola.mx/listings/en-renta-linda-mini-loft-en-miramontes-pad9ea4
RENTOLA-2,casa de 3 habitaciones de 310 m² en Ciudad de México,71000,229,3,0,1,"Calle Minerva 151, San Ángel, 01030 Mexico City, Mexico",San Ángel,32,https://rentola.mx/listings/casa-en-renta-florida-alvaro-obregon-cdmx-pc853a2
RENTOLA-129051,departamento de 2 habitaciones de 67 m² en Ciudad de México,16000,239,2,0,1,"Calzada Candelaria 58, Unidad Habitacional Rosedal, 04330 Mexico City, Mexico",Unidad Habitacional Rosedal,32,https://rentola.mx/listings/departamento-en-renta-los-reyes-coyoacan-cdmx-pb2c25b
RENTOLA-834193,departamento de 2 habitaciones de 47 m² en Ciudad de México,11000,234,2,0,1,"Calle Pablo L. Sidar, Moctezuma 2ª. Sección, 15400 Mexico City, Mexico",Moctezuma 2ª. Sección,32,https://rentola.mx/listings/departamento-en-renta-en-oceania-moctezuma-aeropuerto-p4be9af
RENTOLA-820360,1 habitación de 13m² en Ciudad de México,4500,346,1,0,0,"El Mundo Feliz de los Bukis, Calle Augusto Ingres 120, Colonia Nonoalco, 03700 Mexico City, CMX, Mexico",03700 Mexico City,33,https://rentola.mx/listings/rento-habitacion-super-ubicada-pe92b9b
RENTOLA-84,departamento de 2 habitaciones de 44 m² en Ciudad de México,7500,170,2,0,0,"Calle Maravilla, Colonia Los Ángeles, 09830 Mexico City, CMX, Mexico",09830 Mexico City,33,https://rentola.mx/listings/departamento-col-los-angeles-pcfce84
RENTOLA-780023,departamento de 3 habitaciones de 172 m² en Ciudad de México,65000,378,3,0,1,"Paseo de los Arquitectos, Santa Fe Cuajimalpa, 04349 Mexico City, Mexico",Cuajimalpa,33,https://rentola.mx/listings/departamento-en-renta-organic-babies-world-santa-fe-cuajimalpa-cuajimalpa-de-morelos-ciudad-de-mexico-05348-mex-pc9c8aa
RENTOLA-129060,departamento de 1 habitación de 76 m² en Ciudad de México,24500,322,1,0,0,"Sports World, Calle Lago Alberto 369, Polanco, 11320 Mexico City, Mexico",Polanco,33,https://rentola.mx/listings/departamento-en-renta-vitant-polanco-by-be-grand-lago-alberto-369-anahuac-i-seccion-ciudad-de-mexico-cdmx-mexico-p26f29d
RENTOLA-817136,departamento de 1 habitación de 60 m² en Ciudad de México,25000,417,1,0,1,"Calle Lago Alberto, Polanco, 11460 Mexico City, Mexico",Polanco,33,https://rentola.mx/listings/departamento-en-renta-lago-alberto-320-granada-ciudad-de-mexico-cdmx-mexico-p77e4bc
RENTOLA-417023,departamento de 2 habitaciones de 90 m² en Ciudad de México,35000,389,2,0,1,"Integra Soluciones, Calle Hamburgo 290, Condesa, 06600 Mexico City, Mexico",Condesa,33,https://rentola.mx/listings/departamento-en-renta-calle-hamburgo-290-juarez-cuauhtemoc-ciudad-de-mexico-06600-mex-p417023
RENTOLA-28,Viviendas en renta en Ciudad de México,0,0,0,0,0,N/A,CDMX,33,https://rentola.mx/renta?location=ciudad-de-mexico&property_types=room&property_types=house&property_types=apartment&property_types=studio&page=28
RENTOLA-27,¡Ups!,0,0,0,0,0,N/A,CDMX,33,https://rentola.mx/en/for-rent?location=mexico-city&property_types=room&property_types=house&property_types=apartment&property_types=studio&page=27
RENTOLA-8,departamento de 1 habitación de 21 m² en Ciudad de México,6500,310,1,0,0,"Viaducto Miguel Alemán, Escandón 2ª Sección, 11800 Mexico City, Mexico",Escandón 2ª Sección,33,https://rentola.mx/listings/departamento-en-renta-escandon-ii-seccion-miguel-hidalgo-cdmx-p2e65b8
RENTOLA-711,departamento de 1 habitación de 70 m² en Ciudad de México,9850,141,1,0,0,"Avenida Tláhuac, Colonia Santa Ana Sur, 13360 Mexico City, CMX, Mexico",Tláhuac,33,https://rentola.mx/listings/departamento-col-santa-ana-poniente-pa2a711
RENTOLA-7,departamento de 5 habitaciones de 680 m² en Ciudad de México,15000,22,5,0,0,"Calle Rubén Darío, Polanco, 11580 Mexico City, CMX, Mexico",Polanco,33,https://rentola.mx/listings/glamoroso-departamento-en-ruben-dario-p7850e7
RENTOLA-713,casa de 3 habitaciones de 150 m² en Ciudad de México,25000,167,3,0,0,"Retorno 813, Colonia El Centinela, 04450 Mexico City, Mexico",Colonia El Centinela,33,https://rentola.mx/listings/casa-en-condominio-col-educacion-pbce713
RENTOLA-0,departamento de 3 habitaciones de 323 m² en Ciudad de México,75000,232,3,0,0,"Calle Edgar Allan Poe, Polanco, 11540 Mexico City, CMX, Mexico",Polanco,33,https://rentola.mx/listings/vta-moderno-garden-en-polanco-pa0eba0
RENTOLA-220116,departamento de 1 habitación de 40 m² en Ciudad de México,5800,145,1,0,0,"Calle Oaxaca, Colonia Chalma de Guadalupe, 07210 Mexico City, Mexico",Colonia Chalma de Guadalupe,33,https://rentola.mx/listings/departamento-en-renta-loma-la-palma-gustavo-a-madero-p106a8c
RENTOLA-61,casa de 2 habitaciones de 64 m² en Ciudad de México,20000,313,2,0,0,"Calle Madrid 108, Coyoacán, 04110 Mexico City, Mexico",Coyoacán,33,https://rentola.mx/listings/casa-en-renta-colonia-del-carmen-coyoacan-cdmx-pe07b61
RENTOLA-742,departamento de 2 habitaciones de 85 m² en Ciudad de México,15000,176,2,0,1,"Avenida Municipio Libre 154, Colonia Portales Norte, 03303 Mexico City, Mexico",Colonia Portales Norte,33,https://rentola.mx/listings/departamento-en-renta-portales-norte-benito-juarez-cdmx-p1bc742
RENTOLA-269,departamento de 1 habitación de 45 m² en Ciudad de México,12000,267,1,0,0,"Calle Cumbres de Maltrata, Narvarte, 03023 Mexico City, Mexico",Narvarte,33,https://rentola.mx/listings/departamento-en-renta-cumbres-de-maltrata-263-narvarte-poniente-ciudad-de-mexico-cdmx-mexico-p16b269
RENTOLA-9,casa de 4 habitaciones de 260 m² en Ciudad de México,25000,96,4,0,1,"Calle de los Farallones, Colonia Guadalupe Proletaria, 07670 Mexico City, Mexico",Colonia Guadalupe Proletaria,33,https://rentola.mx/listings/casa-col-acueducto-de-guadalupe-pbab2c9
RENTOLA-212659,departamento de 1 habitación de 8 m² en Ciudad de México,5000,625,1,0,0,"Calle Lauro Aguirre, Agricultura, 11360 Mexico City, CMX, Mexico",11360 Mexico City,33,https://rentola.mx/listings/departamento-col-agricultura-p57996a
RENTOLA-04,departamento de 1 habitación de 50 m² en Ciudad de México,8000,160,1,0,0,"Calle Sisal, Colonia Sector 17, 14100 Mexico City, CMX, Mexico",14100 Mexico City,33,https://rentola.mx/listings/departamento-col-pedregal-de-san-nicolas-1a-seccion-p2f1f04
RENTOLA-26828,1 habitación de 18m² en Ciudad de México,9000,500,1,0,0,"Calle Culiacán 29, Condesa, 06100 Mexico City, Mexico",Condesa,34,https://rentola.mx/listings/rento-cuarto-sin-amueblar-en-hipodromo-condesa-pa26828
RENTOLA-911957,departamento de 2 habitaciones de 130 m² en Ciudad de México,41500,319,2,0,1,"Calle Alejandro Dumas, Polanco, 11550 Mexico City, Mexico",Polanco,34,https://rentola.mx/listings/departamento-en-renta-polanco-iv-seccion-polanco-p948a6f
RENTOLA-75,departamento de 2 habitaciones de 100 m² en Ciudad de México,26000,260,2,0,1,"Calle Sierra Santa Rosa 62, Lomas de Chapultepec, 11010 Mexico City, Mexico",Lomas de Chapultepec,34,https://rentola.mx/listings/departamento-en-renta-calle-sierra-santa-rosa-71-79-reforma-social-miguel-hidalgo-ciudad-de-mexico-11650-mex-p568e75
RENTOLA-135810,departamento de 4 habitaciones de 171 m² en Ciudad de México,40000,234,4,0,1,"Calle Pitágoras 936, Colonia Narvarte Poniente, 03020 Mexico City, Mexico",Colonia Narvarte Poniente,34,https://rentola.mx/listings/departamento-en-renta-narvarte-poniente-benito-juarez-cdmx-pddadaf
RENTOLA-753854,departamento de 2 habitaciones de 200 m² en Ciudad de México,65000,325,2,0,1,"Calle Monte Blanco, Lomas de Chapultepec, 11000 Mexico City, Mexico",Lomas de Chapultepec,34,https://rentola.mx/listings/divino-departamento-en-renta-lomas-de-chapultepec-p90076c
RENTOLA-649448,departamento de 3 habitaciones de 65 m² en Ciudad de México,15000,231,3,0,1,"Calle Oriente 237, Colonia Agua caliente, 08500 Mexico City, CMX, Mexico",08500 Mexico City,34,https://rentola.mx/listings/departamento-col-agricola-oriental-pd62f0c
RENTOLA-9541,departamento de 2 habitaciones de 28 m² en Ciudad de México,9000,321,2,0,0,"Calle Durazno, San Jerónimo Aculco-Lídice, 10010 Mexico City, CMX, Mexico",10010 Mexico City,34,https://rentola.mx/listings/departamento-en-renta-san-jeronimo-lidice-la-magdalena-contreras-p9c9541
RENTOLA-452871,departamento de 3 habitaciones de 114 m² en Ciudad de México,12900,113,3,0,1,"Andador 6, Colonia Estanzuela, 07060 Mexico City, CMX, Mexico",07060 Mexico City,34,https://rentola.mx/listings/departamento-en-renta-vasco-de-quiroga-gustavo-a-madero-p452871
RENTOLA-219,departamento de 1 habitación de 55 m² en Ciudad de México,13500,245,1,0,1,"Calle Mariano Abasolo, Colonia Santa María Tepepan, 16020 Mexico City, Mexico",Colonia Santa María Tepepan,34,https://rentola.mx/listings/departamento-en-renta-calle-mariano-abasolo-242-santa-maria-tepepan-xochimilco-ciudad-de-mexico-16020-mex-p7bd219
RENTOLA-29,Viviendas en renta en Ciudad de México,0,0,0,0,0,N/A,CDMX,34,https://rentola.mx/renta?location=ciudad-de-mexico&property_types=room&property_types=house&property_types=apartment&property_types=studio&page=29
RENTOLA-28,¡Ups!,0,0,0,0,0,N/A,CDMX,34,https://rentola.mx/en/for-rent?location=mexico-city&property_types=room&property_types=house&property_types=apartment&property_types=studio&page=28
RENTOLA-3,departamento de 1 habitación de 83 m² en Ciudad de México,26000,313,1,0,1,"Calle Filadelfia, Del Valle, 03810 Mexico City, Mexico",Del Valle,34,https://rentola.mx/listings/departamento-en-renta-filadelfia-42-napoles-ciudad-de-mexico-cdmx-mexico-pa963e3
RENTOLA-651535,1 habitación de 12m² en Ciudad de México,5000,417,1,0,0,"Viaducto Tlalpan, Fraccionamiento Residencial Chimali, 14370 Mexico City, CMX, Mexico",Tlalpan,34,https://rentola.mx/listings/linda-habitacion-comoda-y-limpia-con-bano-privado-pcf868f
RENTOLA-827,1 habitación de 37m² en Ciudad de México,14500,392,1,0,1,"Avenida Ejército Nacional Mexicano 453, Polanco, 11520 Mexico City, CMX, Mexico",Polanco,34,https://rentola.mx/listings/habitacion-en-polanco-moderno-edificio-p5aa827
RENTOLA-584420,casa de 3 habitaciones de 46 m² en Ciudad de México,14800,322,3,0,1,"Perisur, Boulevard Adolfo Ruiz Cortines, Fraccionamiento Insurgentes Cuicuilco, 04530 Mexico City, CMX, Mexico",04530 Mexico City,34,https://rentola.mx/listings/casa-en-renta-en-perisur-p73eb1f
RENTOLA-532,departamento de 3 habitaciones de 140 m² en Ciudad de México,60000,429,3,0,1,"Avenida Amsterdam 188, Condesa, 06100 Mexico City, Mexico",Condesa,34,https://rentola.mx/listings/departamento-en-renta-avenida-amsterdam-192-hipodromo-cuauhtemoc-ciudad-de-mexico-06100-mex-pb7d532
RENTOLA-1,casa de 3 habitaciones de 350 m² en Ciudad de México,35000,100,3,0,0,"Lomas de Memetla, 05330 Mexico City, Mexico",Lomas de Memetla,34,https://rentola.mx/listings/casa-en-renta-lomas-de-memetla-cuajimalpa-de-morelos-p04e0d1
RENTOLA-703713,departamento de 2 habitaciones de 40 m² en Ciudad de México,13500,338,2,0,1,"Calle Tepalcatitlán, Colonia Industrial, 07800 Mexico City, Mexico",Colonia Industrial,34,https://rentola.mx/listings/departamento-en-renta-tepalcatitlan-13-industrial-07800-ciudad-de-mexico-cdmx-mexico-pa387bc
RENTOLA-899425,1 habitación de 16m² en Ciudad de México,5250,328,1,0,0,"Calle San Gabriel, Conjunto Buenavista, 04600 Mexico City, Mexico",Conjunto Buenavista,34,https://rentola.mx/listings/habitacion-amueblada-bano-privado-p2e291a
RENTOLA-723,1 habitación de 17m² en Ciudad de México,5500,324,1,0,0,"Sur 132, Colonia Las Américas, 01120 Mexico City, Mexico",Colonia Las Américas,34,https://rentola.mx/listings/habitacion-amueblada-en-hospital-abc-observatorio-tren-interurbano-mex-toluca-pdbf723
RENTOLA-7,departamento de 2 habitaciones de 45 m² en Ciudad de México,10000,222,2,0,1,"Calzada General Ignacio Zaragoza, Colonia Agua caliente, 08160 Mexico City, Mexico",Colonia Agua caliente,35,https://rentola.mx/listings/departamento-en-renta-p46d4e7
RENTOLA-082,casa de 3 habitaciones de 205 m² en Ciudad de México,23000,112,3,0,1,"unnamed road, Colonia Cuchilla de Padierna, 14220 Mexico City, Mexico",Colonia Cuchilla de Padierna,35,https://rentola.mx/listings/casa-en-renta-calle-kinchil-488-heroes-de-padierna-tlalpan-ciudad-de-mexico-14200-mex-pe7a082
RENTOLA-146236,casa de 3 habitaciones de 138 m² en Ciudad de México,36000,261,3,0,1,"Calle Manzanillo, Roma Sur, 06760 Mexico City, Mexico",Roma Sur,35,https://rentola.mx/listings/casa-de-3-recamaras-en-roma-sur-cuauhtemoc-cdmx-p702b9d
RENTOLA-76,departamento de 1 habitación de 50 m² en Ciudad de México,14000,280,1,0,1,"Avenida Arteaga y Salazar, Contadero, 05370 Mexico City, Mexico",Contadero,35,https://rentola.mx/listings/departamento-en-renta-avenida-arteaga-y-salazar-803-contadero-cuajimalpa-de-morelos-ciudad-de-mexico-05500-mex-paf7b76
RENTOLA-1,departamento de 2 habitaciones de 120 m² en Ciudad de México,19000,158,2,0,1,"Calle Sur 16, Colonia Agrícola Oriental, 08500 Mexico City, Mexico",Colonia Agrícola Oriental,35,https://rentola.mx/listings/departamento-en-renta-oriente-park-1-sur-16-101-agricola-oriental-ciudad-de-mexico-cdmx-mexico-pebeef1
RENTOLA-4,1 habitación de 14m² en Ciudad de México,4600,329,1,0,0,"Calle Lago Chapala 26, Anahuác 2ª Sección, 11310 Mexico City, CMX, Mexico",11310 Mexico City,35,https://rentola.mx/listings/recamara-todos-los-servicios-p8976e4
RENTOLA-490,casa de 3 habitaciones de 242 m² en Ciudad de México,37000,153,3,0,1,"Cuajimalpa de Morelos, Mexico City, Mexico",Cuajimalpa,35,https://rentola.mx/listings/casa-en-renta-en-cuajimalpa-cuajimalpa-de-morelos-ciudad-de-mexico-pfed490
RENTOLA-784736,departamento de 3 habitaciones de 156 m² en Ciudad de México,58000,372,3,0,0,"Paseo de los Arquitectos, Santa Fe Cuajimalpa, 04349 Mexico City, Mexico",Cuajimalpa,35,https://rentola.mx/listings/departamento-en-renta-avenida-santa-fe-santa-fe-cuajimalpa-cuajimalpa-de-morelos-ciudad-de-mexico-05348-mex-p8d5a9d
RENTOLA-36,1 habitación de 17m² en Ciudad de México,5500,324,1,0,0,"Fralugio electronics wholesaler, Avenida Baja California 33, Centro Urbano Benito Juárez, 06760 Mexico City, CMX, Mexico",Benito Juárez,35,https://rentola.mx/listings/cuarto-roma-sur-con-bano-independiente-pbfcf36
RENTOLA-69,departamento de 1 habitación de 30 m² en Ciudad de México,12800,427,1,0,0,"Calle Nebraska 23, Del Valle, 03840 Mexico City, CMX, Mexico",03840 Mexico City,35,https://rentola.mx/listings/departamento-col-ampliacion-napoles-p572f69
RENTOLA-3,departamento de 3 habitaciones de 130 m² en Ciudad de México,22000,169,3,0,1,"Calle Celestún, Colonia Ampliación Miguel Hidalgo 4a. Sección, 14250 Mexico City, Mexico",Miguel Hidalgo,35,https://rentola.mx/listings/se-renta-departamento-en-heroes-de-padierna-p45dbf3
RENTOLA-5,casa de 4 habitaciones de 170 m² en Ciudad de México,18000,106,4,0,0,"Calle Santa María, Colonia Paraje Zacatepec, 09520 Mexico City, Mexico",Colonia Paraje Zacatepec,35,https://rentola.mx/listings/casa-col-santa-maria-tomatlan-p789da5
RENTOLA-30,Viviendas en renta en Ciudad de México,0,0,0,0,0,N/A,CDMX,35,https://rentola.mx/renta?location=ciudad-de-mexico&property_types=room&property_types=house&property_types=apartment&property_types=studio&page=30
RENTOLA-29,¡Ups!,0,0,0,0,0,N/A,CDMX,35,https://rentola.mx/en/for-rent?location=mexico-city&property_types=room&property_types=house&property_types=apartment&property_types=studio&page=29
RENTOLA-1,departamento de 3 habitaciones de 190 m² en Ciudad de México,48000,253,3,0,1,"Avenida Horacio, Polanco, 11570 Mexico City, Mexico",Polanco,35,https://rentola.mx/listings/departamento-en-renta-emerson-polanco-polanco-v-seccion-ciudad-de-mexico-cdmx-mexico-p0da5f1
RENTOLA-10,casa de 4 habitaciones de 380 m² en Ciudad de México,45000,118,4,0,1,"Calle Ocotepec, San Jerónimo Aculco-Lídice, 10200 Mexico City, Mexico",San Jerónimo Aculco-Lídice,35,https://rentola.mx/listings/casa-en-fraccionamiento-en-renta-san-jeronimo-lidice-ciudad-de-mexico-cdmx-mexico-pa3ce10
RENTOLA-326519,departamento de 1 habitación de 47 m² en Ciudad de México,16600,353,1,0,1,"Prolongación Santa Tecla, Colonia Copilco III, 04330 Mexico City, Mexico",Colonia Copilco III,35,https://rentola.mx/listings/departamento-en-renta-pee368a
RENTOLA-145574,departamento de 2 habitaciones de 68 m² en Ciudad de México,23000,338,2,0,1,"Calle Laguna de Mayrán, Polanco, 11320 Mexico City, Mexico",Polanco,35,https://rentola.mx/listings/departamento-en-renta-anahuac-i-seccion-miguel-hidalgo-cdmx-p1b26da
RENTOLA-87,casa de 2 habitaciones de 178 m² en Ciudad de México,16000,90,2,0,1,"Cerrada Abedul, Colonia Chimilli, 14749 Mexico City, Mexico",Colonia Chimilli,35,https://rentola.mx/listings/casa-en-renta-5-de-mayo-21-chimilli-ciudad-de-mexico-cdmx-mexico-pbfce87
RENTOLA-866988,casa de 2 habitaciones de 130 m² en Ciudad de México,26000,200,2,0,1,"Calle B Manzana II, Colonia Quetzalcóatl, 04400 Mexico City, CMX, Mexico",04400 Mexico City,35,https://rentola.mx/listings/casa-col-educacion-pf7938c
RENTOLA-327173,departamento de 2 habitaciones de 56 m² en Ciudad de México,12500,223,2,0,1,"Calle Oriente 237, Colonia Agua caliente, 08160 Mexico City, Mexico",Colonia Agua caliente,36,https://rentola.mx/listings/departamento-col-agricola-oriental-p35ff3f
RENTOLA-2,departamento de 2 habitaciones de 41 m² en Ciudad de México,13000,317,2,0,1,"Calle Manuel Acuña, Colonia San Francisco Tetecala, 02730 Mexico City, Mexico",Colonia San Francisco Tetecala,36,https://rentola.mx/listings/departamento-en-renta-azcapotzalco-metro-camarones-pf5b6c2
RENTOLA-833,departamento de 2 habitaciones de 80 m² en Ciudad de México,24650,308,2,0,1,"Avenida de las Torres, Olivar de los Padres, 01770 Mexico City, Mexico",Olivar de los Padres,36,https://rentola.mx/listings/departamento-en-renta-avenida-las-torres-584-707-olivar-de-los-padres-alvaro-obregon-ciudad-de-mexico-01780-mex-p0fa833
RENTOLA-648781,casa de 1 habitación de 86 m² en Ciudad de México,28000,326,1,0,0,"Calle Guillermo Prieto 28, San Jerónimo Aculco-Lídice, 10000 Mexico City, Mexico",San Jerónimo Aculco-Lídice,36,https://rentola.mx/listings/casa-en-renta-lomas-quebradas-la-magdalena-contreras-p648781
RENTOLA-16705,departamento de 3 habitaciones de 255 m² en Ciudad de México,115000,451,3,0,0,"Avenida Carlos Lazo, Santa Fe Cuajimalpa, 01389 Mexico City, Mexico",Cuajimalpa,36,https://rentola.mx/listings/departamento-en-renta-en-parque-reforma-cumbres-de-santa-fe-pf16705
RENTOLA-0,departamento de 3 habitaciones de 79 m² en Ciudad de México,19000,241,3,0,1,"FONDA ""Dorita"", Calzada Casa del Obrero Mundial, Narvarte, 03023 Mexico City, CMX, Mexico",03023 Mexico City,36,https://rentola.mx/listings/departamento-col-narvarte-poniente-p5fb4b0
RENTOLA-99,departamento de 3 habitaciones de 182 m² en Ciudad de México,6000,33,3,0,1,"Instituto Nacional de Migración (INM) - HQ, Avenida Homero 1832, Polanco 1ª Sección, 11510 Mexico City, CMX, Mexico",Polanco,36,https://rentola.mx/listings/renta-departamento-amueblado-polanco-residencial-avenue-polanco-pbfaf99
RENTOLA-63,casa de 4 habitaciones de 1000 m² en Ciudad de México,8500,9,4,0,0,"Calle Loma de Vista Hermosa, Colonia Lomas de Vista Hermosa, 05100 Mexico City, Mexico",Colonia Lomas de Vista Hermosa,36,https://rentola.mx/listings/casa-en-renta-en-bosques-de-las-lomas-cuajimalpa-de-morelos-ciudad-de-mexico-p917c63
RENTOLA-2,departamento de 1 habitación de 24 m² en Ciudad de México,11500,479,1,0,0,"Calle Luis Vives, Polanco 1ª Sección, 11510 Mexico City, CMX, Mexico",Polanco,36,https://rentola.mx/listings/renta-recamara-polanco-p3b0bf2
RENTOLA-244859,1 habitación de 31m² en Ciudad de México,10000,323,1,0,0,"Marina Nacional 385, Avenida Marina Nacional 385, Verónica Anzures, 11300 Mexico City, Mexico",Verónica Anzures,36,https://rentola.mx/listings/rento-linda-y-comoda-habitacion-en-marina-nacional-pb2030f
RENTOLA-764356,departamento de 1 habitación de 12 m² en Ciudad de México,6000,500,1,0,1,"Avenida Campos Elíseos, Polanco 5ª Sección, 11560 Mexico City, CMX, Mexico",Polanco,36,https://rentola.mx/listings/departamento-amueblado-en-polanco-p38bcfb
RENTOLA-632740,1 habitación de 21m² en Ciudad de México,8500,405,1,0,0,"Avenida Baja California, Roma Sur, 06760 Mexico City, CMX, Mexico",Roma Sur,36,https://rentola.mx/listings/habitacion-con-bano-propio-en-roma-sur-p72ab8b
RENTOLA-561,departamento de 1 habitación de 66 m² en Ciudad de México,20800,315,1,0,1,"Hipódromo de las Américas, Colonia Lomas de Sotelo, 11200 Mexico City, Mexico",Colonia Lomas de Sotelo,36,https://rentola.mx/listings/departamento-en-renta-lomas-de-sotelo-miguel-hidalgo-cdmx-p8af561
RENTOLA-4307,departamento de 3 habitaciones de 95 m² en Ciudad de México,35000,368,3,0,1,"Avenida Cuauhtémoc, Colonia Narvarte Poniente, 03020 Mexico City, Mexico",Cuauhtémoc,36,https://rentola.mx/listings/departamento-en-renta-avenida-cuauhtemoc-1168-letran-valle-benito-juarez-ciudad-de-mexico-03650-mex-p0f4307
RENTOLA-335005,casa de 1 habitación de 70 m² en Ciudad de México,10000,143,1,0,0,"Calle Guadalupe Victoria, Colonia Miguel Hidalgo 2a. Sección, 14250 Mexico City, Mexico",Miguel Hidalgo,36,https://rentola.mx/listings/casa-en-condominio-en-renta-guadalupe-victoria-10-miguel-hidalgo-3ra-seccion-ciudad-de-mexico-cdmx-mexico-p098fcf
RENTOLA-31,Viviendas en renta en Ciudad de México,0,0,0,0,0,N/A,CDMX,36,https://rentola.mx/renta?location=ciudad-de-mexico&property_types=room&property_types=house&property_types=apartment&property_types=studio&page=31
RENTOLA-30,¡Ups!,0,0,0,0,0,N/A,CDMX,36,https://rentola.mx/en/for-rent?location=mexico-city&property_types=room&property_types=house&property_types=apartment&property_types=studio&page=30
RENTOLA-542071,departamento de 1 habitación de 60 m² en Ciudad de México,16000,267,1,0,1,"Calle Adolfo Prieto 708, Del Valle, 03103 Mexico City, Mexico",Del Valle,36,https://rentola.mx/listings/en-renta-col-del-valle-1-rec-con-posibilidad-de-2-p17b43c
RENTOLA-869914,departamento de 2 habitaciones de 50 m² en Ciudad de México,14000,280,2,0,1,"Calle Francisco J. Clavijero, Tránsito, 06820 Mexico City, Mexico",Tránsito,36,https://rentola.mx/listings/departamento-col-esperanza-pd5bfcc
RENTOLA-649,casa de 4 habitaciones de 460 m² en Ciudad de México,38500,84,4,0,1,"Calle la Tortuga, Colonia Fuentes de Tepepan, 14646 Mexico City, Mexico",Colonia Fuentes de Tepepan,36,https://rentola.mx/listings/casa-en-renta-fuentes-de-tepepan-ciudad-de-mexico-cdmx-mexico-p9cc649
RENTOLA-9,departamento de 2 habitaciones de 100 m² en Ciudad de México,37000,370,2,0,0,"Prolongación Paseo de la Reforma, Santa Fe Peña Blanca, 05119 Mexico City, Mexico",Santa Fe Peña Blanca,37,https://rentola.mx/listings/departamento-en-renta-prolongacion-paseo-de-la-reforma-zedec-santa-fe-ciudad-de-mexico-cdmx-mexico-p1b82d9
RENTOLA-480619,departamento de 2 habitaciones de 155 m² en Ciudad de México,45000,290,2,0,1,"Paseo de los Arquitectos, Santa Fe Cuajimalpa, 04349 Mexico City, Mexico",Cuajimalpa,37,https://rentola.mx/listings/departamento-en-renta-av-santa-fe-546-santa-fe-cuajimalpa-ciudad-de-mexico-cdmx-mexico-p69bd4a
RENTOLA-518246,departamento de 2 habitaciones de 105 m² en Ciudad de México,32000,305,2,0,1,"Starbucks, Calle Lago Alberto, Polanco, 11460 Mexico City, Mexico",Polanco,37,https://rentola.mx/listings/departamento-en-renta-avenida-lago-alberto-320-granada-miguel-hidalgo-ciudad-de-mexico-11520-mex-p3b046e
RENTOLA-59,departamento de 1 habitación de 45 m² en Ciudad de México,13500,300,1,0,1,"Biblioteca Tec, Boulevard Adolfo Ruiz Cortines 666, Colonia Glorieta de Vaqueritos, 14380 Mexico City, CMX, Mexico",14380 Mexico City,37,https://rentola.mx/listings/departamento-en-renta-san-bartolo-el-chico-tlalpan-ciudad-de-mexico-14380-mex-pb40f59
RENTOLA-594672,1 habitación de 15m² en Ciudad de México,4800,320,1,0,0,"Calle de la Constitución, Escandón 1ª Sección, 11850 Mexico City, CMX, Mexico",11850 Mexico City,37,https://rentola.mx/listings/casa-mary-p5dfc3f
RENTOLA-384,1 habitación de 15m² en Ciudad de México,4000,267,1,0,0,"Calle Mártires de la Conquista, Tacubaya, 11870 Mexico City, CMX, Mexico",11870 Mexico City,37,https://rentola.mx/listings/cuarto-en-renta-tacubaya-azotea-e-p9ea384
RENTOLA-728653,departamento de 2 habitaciones de 97 m² en Ciudad de México,65000,670,2,0,1,"Avenida Nuevo León 213, Condesa, 06100 Mexico City, Mexico",Condesa,37,https://rentola.mx/listings/departamento-en-renta-avenida-nuevo-leon-217-hipodromo-cuauhtemoc-ciudad-de-mexico-06100-mex-p6bb32a
RENTOLA-999309,casa de 3 habitaciones de 207 m² en Ciudad de México,115000,556,3,0,0,"Calle Sierra Mojada, Lomas de Chapultepec, 11010 Mexico City, Mexico",Lomas de Chapultepec,37,https://rentola.mx/listings/casa-en-renta-sierra-mojada-110-lomas-virreyes-lomas-de-chapultepec-ciudad-de-mexico-cdmx-mexico-pc3c28f
RENTOLA-8,departamento de 1 habitación de 30 m² en Ciudad de México,8500,283,1,0,1,"Calle Cerro de la Juvencia, Colonia Campestre Churubusco, 04200 Mexico City, CMX, Mexico",04200 Mexico City,37,https://rentola.mx/listings/a-15-minutos-caminando-del-metro-taxquena-pc90da8
RENTOLA-807547,1 habitación de 15m² en Ciudad de México,5000,333,1,0,0,"unnamed road, San Jerónimo Aculco-Lídice, 10130 Mexico City, CMX, Mexico",10130 Mexico City,37,https://rentola.mx/listings/cuarto-para-estudiante-o-persona-sola-peb2aeb
RENTOLA-714108,departamento de 1 habitación de 50 m² en Ciudad de México,8000,160,1,0,0,"Calle Litografía, 20 de Noviembre, 15300 Mexico City, CMX, Mexico",15300 Mexico City,37,https://rentola.mx/listings/departamento-col-20-de-noviembre-p678ccb
RENTOLA-03,departamento de 2 habitaciones de 60 m² en Ciudad de México,10000,167,2,0,0,"Calle Estampado, 20 de Noviembre, 15340 Mexico City, CMX, Mexico",15340 Mexico City,37,https://rentola.mx/listings/departamento-col-20-de-noviembre-pf73d03
RENTOLA-345,casa de 1 habitación de 160 m² en Ciudad de México,13000,81,1,0,1,"Avenida Desierto de los Leones, Cuajimalpa de Morelos, 05740 Mexico City, Mexico",Cuajimalpa,37,https://rentola.mx/listings/casa-en-renta-avenida-desierto-de-los-leones-840-santa-rosa-xochiac-alvaro-obregon-ciudad-de-mexico-05610-mex-pf4a345
RENTOLA-6,1 habitación de 16m² en Ciudad de México,4998,312,1,0,1,"Andador José Clemente Orozco, Argentina Poniente, 11230 Mexico City, Mexico",Argentina Poniente,37,https://rentola.mx/listings/recamara-individual-toreo-polanco-pd69db6
RENTOLA-103793,departamento de 1 habitación de 22 m² en Ciudad de México,5000,227,1,0,1,"Obrera, Avenida Lázaro Cárdenas, 06800 Mexico City, CMX, Mexico",06800 Mexico City,37,https://rentola.mx/listings/obrera-pbce72b
RENTOLA-956848,1 habitación de 10m² en Ciudad de México,5000,500,1,0,0,"Calzada Santa Cruz, Colonia Albert, 03560 Mexico City, Mexico",Colonia Albert,37,https://rentola.mx/listings/m-portales-recamara-en-depa-habitado-x-1-persona-pdb942c
RENTOLA-614733,departamento de 1 habitación de 21 m² en Ciudad de México,5000,238,1,0,0,"Calle Dragón 30, Coyoacán, 03310 Mexico City, CMX, Mexico",Coyoacán,37,https://rentola.mx/listings/se-renta-habitacion-amueblada-p84a1ff
RENTOLA-3,departamento de 1 habitación de 72 m² en Ciudad de México,23000,319,1,0,0,"unnamed road, Lomas de Chapultepec, 11000 Mexico City, CMX, Mexico",11000 Mexico City,37,https://rentola.mx/listings/hermoso-loft-en-renta-amueblado-en-lomas-altas-p139cf3
RENTOLA-32,Viviendas en renta en Ciudad de México,0,0,0,0,0,N/A,CDMX,37,https://rentola.mx/renta?location=ciudad-de-mexico&property_types=room&property_types=house&property_types=apartment&property_types=studio&page=32
RENTOLA-31,¡Ups!,0,0,0,0,0,N/A,CDMX,37,https://rentola.mx/en/for-rent?location=mexico-city&property_types=room&property_types=house&property_types=apartment&property_types=studio&page=31
RENTOLA-4,departamento de 3 habitaciones de 422 m² en Ciudad de México,6200,15,3,0,1,"Avenida Secretaría de Marina, Colonia Lomas del Chamizal 2a. Sección, 05129 Mexico City, CMX, Mexico",05129 Mexico City,38,https://rentola.mx/listings/casa-de-jardin-p1ec4b4
RENTOLA-4,1 habitación de 27m² en Ciudad de México,8500,315,1,0,0,"Calle Lago Chapala 26, Colonia Anáhuac, 11320 Mexico City, CMX, Mexico",11320 Mexico City,38,https://rentola.mx/listings/rento-cuarto-p4799b4
RENTOLA-229944,departamento de 2 habitaciones de 180 m² en Ciudad de México,29500,164,2,0,0,"Avenida Vasco de Quiroga, Santa Fe Peña Blanca, 01376 Mexico City, CMX, Mexico",01376 Mexico City,38,https://rentola.mx/listings/renta-departamento-en-scala-santa-fe-pbe9f5f
RENTOLA-904,casa de 3 habitaciones de 312 m² en Ciudad de México,35000,112,3,0,0,"Calle Hacienda Santa Cecilia, Coapa, 04950 Mexico City, Mexico",Coapa,38,https://rentola.mx/listings/casa-en-renta-santa-cecilia-coyoacan-cdmx-pebc904
RENTOLA-265275,casa de 3 habitaciones de 286 m² en Ciudad de México,37000,129,3,0,1,"Cerrada Xóchitl, Colonia Miguel Hidalgo, 14000 Mexico City, Mexico",Miguel Hidalgo,38,https://rentola.mx/listings/casa-en-renta-cerrada-xochitl-30-miguel-hidalgo-1-ra-seccion-tlalpan-ciudad-de-mexico-14250-mex-p54fe6d
RENTOLA-634,departamento de 3 habitaciones de 206 m² en Ciudad de México,65000,316,3,0,0,"Calle Polanco, Polanco, 11570 Mexico City, Mexico",Polanco,38,https://rentola.mx/listings/departamento-en-renta-polanco-iv-seccion-polanco-p7af634
RENTOLA-73,departamento de 2 habitaciones de 68 m² en Ciudad de México,12000,176,2,0,1,"Avenida Europa, Colonia 8 de Agosto, 01180 Mexico City, Mexico",Colonia 8 de Agosto,38,https://rentola.mx/listings/departamento-en-renta-unidad-demet-san-pedro-de-los-pinos-c-canario-175-san-pedro-de-los-pinos-01180-ciudad-de-mexico-cdmx-p5fbc73
RENTOLA-682474,casa de 4 habitaciones de 550 m² en Ciudad de México,29000,53,4,0,1,"Calle Pinos, Tlalpan, 14760 Mexico City, Mexico",Tlalpan,38,https://rentola.mx/listings/casa-en-renta-eduardo-hay-ciudad-de-mexico-cdmx-mexico-p1f43dc
RENTOLA-7,departamento de 2 habitaciones de 120 m² en Ciudad de México,35000,292,2,0,1,"Calle Alpes, San Ángel, 01010 Mexico City, Mexico",San Ángel,38,https://rentola.mx/listings/departamento-en-renta-los-alpes-alvaro-obregon-cdmx-pd75da7
RENTOLA-885051,departamento de 1 habitación de 35 m² en Ciudad de México,5600,160,1,0,0,"Calle Norte 64 A, Colonia Belisario Domínguez Sección XVI, 07860 Mexico City, Mexico",Colonia Belisario Domínguez Sección XVI,38,https://rentola.mx/listings/departamento-en-renta-calle-norte-72-a-martires-de-rio-blanco-gustavo-a-madero-ciudad-de-mexico-07890-mex-p885051
RENTOLA-1,departamento de 2 habitaciones de 120 m² en Ciudad de México,32000,267,2,0,1,"Avenida Horacio, Polanco, 11570 Mexico City, CMX, Mexico",Polanco,38,https://rentola.mx/listings/departamento-en-renta-calle-emerson-polanco-miguel-hidalgo-ciudad-de-mexico-11560-mex-p251cc1
RENTOLA-908,departamento de 2 habitaciones de 85 m² en Ciudad de México,35000,412,2,0,1,"Escuela Secundaria Técnica No. 5 ""Rafael Dondé"", Calle Lago Alberto 431, Polanco, 11320 Mexico City, CMX, Mexico",Polanco,38,https://rentola.mx/listings/departamento-en-renta-lago-alberto-300-anahuac-ciudad-de-mexico-cdmx-mexico-p39e908
RENTOLA-263097,casa de 3 habitaciones de 570 m² en Ciudad de México,110000,193,3,0,1,"Paseo de la Cañada, Santa Fe Cuajimalpa, 01580 Mexico City, Mexico",Cuajimalpa,38,https://rentola.mx/listings/casa-en-condominio-en-renta-san-mateo-tlaltenango-cuajimalpa-de-morelos-p018d2e
RENTOLA-336997,1 habitación de 19m² en Ciudad de México,6000,316,1,0,0,"Pan comido, Calle Tonalá 91, Roma Norte, 06700 Mexico City, Mexico",Roma Norte,38,https://rentola.mx/listings/6000-amplio-cuarto-para-mujer-en-la-roma-norte-pd2a0db
RENTOLA-685607,departamento de 1 habitación de 65 m² en Ciudad de México,24500,377,1,0,0,"Carretera México - Toluca (Cuota), Santa Fe Peña Blanca, 01330 Mexico City, Mexico",Santa Fe Peña Blanca,38,https://rentola.mx/listings/departamento-en-renta-santa-fe-alvaro-obregon-ciudad-de-mexico-01376-mex-p5aabcc
RENTOLA-120,departamento de 2 habitaciones de 60 m² en Ciudad de México,17500,292,2,0,1,"Calle Lago Ammer, Pensil Norte, 11430 Mexico City, Mexico",Pensil Norte,38,https://rentola.mx/listings/departamento-en-renta-calle-lago-ammer-48-pensil-norte-miguel-hidalgo-ciudad-de-mexico-11430-mex-p52d120
RENTOLA-385481,casa de 2 habitaciones de 180 m² en Ciudad de México,35000,194,2,0,1,"Calle Manuel M. Ponce, San Ángel, 01020 Mexico City, CMX, Mexico",01020 Mexico City,38,https://rentola.mx/listings/casa-en-guadalupe-inn-p385481
RENTOLA-2,departamento de 2 habitaciones de 150 m² en Ciudad de México,45000,300,2,0,1,"Avenida Santa Fe, Jalalpa, 01376 Mexico City, Mexico",Jalalpa,38,https://rentola.mx/listings/departamento-aaa-en-santa-fe-terre-p98d3a2
RENTOLA-18,departamento de 2 habitaciones de 164 m² en Ciudad de México,52000,317,2,0,1,"Avenida Nuevo León 18, Condesa, 06140 Mexico City, Mexico",Condesa,38,https://rentola.mx/listings/renta-en-condesa-frente-a-parque-espana-p25bd18
RENTOLA-944,casa de 3 habitaciones de 1000 m² en Ciudad de México,15000,15,3,0,1,"Calle Bosque de Castaños, Miguel Hidalgo, 11700 Mexico City, MEX, Mexico",Miguel Hidalgo,38,https://rentola.mx/listings/casa-en-renta-en-bosques-de-las-lomas-cuajimalpa-de-morelos-ciudad-de-mexico-pe3e944
RENTOLA-153624,departamento de 2 habitaciones de 77 m² en Ciudad de México,16123,209,2,0,0,"Avenida Lomas de Sotelo, Lomas Hermosa, 11200 Mexico City, CMX, Mexico",11200 Mexico City,39,https://rentola.mx/listings/departamento-en-renta-av-lomas-de-sotelo-miguel-hidalgo-cdmx-p56f05a
RENTOLA-33,Viviendas en renta en Ciudad de México,0,0,0,0,0,N/A,CDMX,39,https://rentola.mx/renta?location=ciudad-de-mexico&property_types=room&property_types=house&property_types=apartment&property_types=studio&page=33
RENTOLA-32,¡Ups!,0,0,0,0,0,N/A,CDMX,39,https://rentola.mx/en/for-rent?location=mexico-city&property_types=room&property_types=house&property_types=apartment&property_types=studio&page=32
RENTOLA-151,departamento de 2 habitaciones de 115 m² en Ciudad de México,35000,304,2,0,1,"Calle Lago Como 236, Polanco, 11460 Mexico City, Mexico",Polanco,39,https://rentola.mx/listings/departamento-en-renta-cerca-de-polanco-2-estacionamientos-pet-friendly-p85f151
RENTOLA-38,departamento de 2 habitaciones de 150 m² en Ciudad de México,5000,33,2,0,1,"unnamed road, Polanco, 11560 Mexico City, CMX, Mexico",Polanco,39,https://rentola.mx/listings/departamento-amueblado-en-campos-eliseos-polanco-v-seccion-p5f9e38
RENTOLA-908417,departamento de 3 habitaciones de 102 m² en Ciudad de México,15000,147,3,0,1,"Calle Antiguo Canal, Zona Escolar - Arbolillo - Jorge Negrete, 07268 Mexico City, CMX, Mexico",07268 Mexico City,39,https://rentola.mx/listings/exclusivo-departamento-en-renta-solidaridad-nacional-gustavo-a-madero-p0324bc
RENTOLA-725698,departamento de 2 habitaciones de 54 m² en Ciudad de México,14200,263,2,0,1,"Calle Clavel, Colonia Díaz Ordaz, 04390 Mexico City, Mexico",Colonia Díaz Ordaz,39,https://rentola.mx/listings/departamento-col-pueblo-la-candelaria-p1080ac
RENTOLA-0,departamento de 3 habitaciones de 584 m² en Ciudad de México,87000,149,3,0,1,"Avenida Paseo de la Reforma, Lomas de Chapultepec, 11000 Mexico City, Mexico",Lomas de Chapultepec,39,https://rentola.mx/listings/departamento-en-renta-avenida-paseo-de-la-reforma-lomas-de-chapultepec-ciudad-de-mexico-cdmx-mexico-p21beb0
RENTOLA-8,departamento de 1 habitación de 12 m² en Ciudad de México,6500,542,1,0,0,"Calle Tlaxcaltecas 59, Colonia San Francisco Xocotitla, 02960 Mexico City, Mexico",Colonia San Francisco Xocotitla,39,https://rentola.mx/listings/departamento-en-renta-calle-tlaxcaltecas-50-la-raza-azcapotzalco-ciudad-de-mexico-02990-mex-p9785d8
RENTOLA-103628,1 habitación de 34m² en Ciudad de México,11000,324,1,0,0,"Avenida Fresno, Colonia Los Fresnos, 04650 Mexico City, Mexico",Colonia Los Fresnos,39,https://rentola.mx/listings/be-grand-coyoacan-cuarto-en-renta-pf54c3a
RENTOLA-920046,departamento de 3 habitaciones de 46 m² en Ciudad de México,15000,326,3,0,1,"Calle Constitución de 1857 9, Colonia La Escalera, 07320 Mexico City, CMX, Mexico",07320 Mexico City,39,https://rentola.mx/listings/departamento-en-renta-sta-maria-ticoman-gustavo-a-madero-cdmx-p3f68ca
RENTOLA-02794,departamento de 2 habitaciones de 59 m² en Ciudad de México,7800,132,2,0,1,"Avenida Ingeniero Eduardo Molina, Colonia Del Obrero, 07430 Mexico City, CMX, Mexico",07430 Mexico City,39,https://rentola.mx/listings/departamento-en-renta-vasco-de-quiroga-gustavo-a-madero-pf02794
RENTOLA-746986,departamento de 1 habitación de 20 m² en Ciudad de México,5000,250,1,0,1,"Calle Panticosa, Colonia Cerro de la Estrella, 09860 Mexico City, CMX, Mexico",09860 Mexico City,39,https://rentola.mx/listings/departamento-en-renta-calle-panticosa-2-38-cerro-de-la-estrella-iztapalapa-ciudad-de-mexico-09860-mex-pc777bc
RENTOLA-9090,casa de 3 habitaciones de 120 m² en Ciudad de México,14500,121,3,0,0,"Privada Estacionamiento, San Jerónimo Aculco-Lídice, 10130 Mexico City, Mexico",San Jerónimo Aculco-Lídice,39,https://rentola.mx/listings/casa-en-renta-san-jeronimo-lidice-la-magdalena-contreras-p3b9090
RENTOLA-476318,departamento de 1 habitación de 30 m² en Ciudad de México,14000500,466683,1,0,0,"Avenida Colonia del Valle, Del Valle, 03100 Mexico City, CMX, Mexico",03100 Mexico City,39,https://rentola.mx/listings/departamento-en-renta-en-del-valle-sur-benito-juarez-ciudad-de-mexico-pdea9ad
RENTOLA-752047,departamento de 2 habitaciones de 130 m² en Ciudad de México,47000,362,2,0,1,"Centro Santa Fe, Avenida Santa Fe, Santa Fe Cuajimalpa, 05348 Mexico City, CMX, Mexico",Cuajimalpa,39,https://rentola.mx/listings/departamento-de-lujo-en-origina-santa-fe-pcb3f0e
RENTOLA-394395,departamento de 2 habitaciones de 61 m² en Ciudad de México,12000,197,2,0,0,"Avenida Fray Servando Teresa de Mier, Aeronáutica Militar, 15950 Mexico City, Mexico",Aeronáutica Militar,39,https://rentola.mx/listings/departamento-en-renta-sur-111-aeronautica-militar-ciudad-de-mexico-cdmx-mexico-p59b08d
RENTOLA-16831,departamento de 1 habitación de 50 m² en Ciudad de México,9100,182,1,0,0,"Portales, Calzada de Tlalpan, Colonia Albert, 03560 Mexico City, CMX, Mexico",Tlalpan,39,https://rentola.mx/listings/balboa-1002-depto-6-col-portales-pd16831
RENTOLA-372,departamento de 1 habitación de 90 m² en Ciudad de México,31000,344,1,0,1,"Garabatos, Prolongación Paseo de la Reforma, Santa Fe Cuajimalpa, 05348 Mexico City, CMX, Mexico",Cuajimalpa,39,https://rentola.mx/listings/departamento-en-renta-en-torre-300-con-balcon-p06f372
RENTOLA-992471,departamento de 3 habitaciones de 120 m² en Ciudad de México,12000,100,3,0,1,"Calle Coahuila, San Pedro Cuajimalpa, 05000 Mexico City, CMX, Mexico",Cuajimalpa,39,https://rentola.mx/listings/departamento-en-renta-en-cuajimalpa-cuajimalpa-de-morelos-pc5fb1b
RENTOLA-416426,casa de 3 habitaciones de 147 m² en Ciudad de México,32000,218,3,0,1,"Calle Mirador, Colonia La Nopalera, 14646 Mexico City, Mexico",Colonia La Nopalera,40,https://rentola.mx/listings/casa-en-condominio-en-renta-mirador-63-fuentes-de-tepepan-ciudad-de-mexico-cdmx-mexico-pa0479b
RENTOLA-493327,departamento de 2 habitaciones de 60 m² en Ciudad de México,16000,267,2,0,1,"Calle José Simón Bolívar, Colonia Miguel Alemán, 03420 Mexico City, Mexico",Colonia Miguel Alemán,40,https://rentola.mx/listings/departamento-col-alamos-p12135d
RENTOLA-341928,departamento de 2 habitaciones de 63 m² en Ciudad de México,10000,159,2,0,0,"Calzada Ermita Iztapalapa 1514, Colonia 8a. Ampliación San Miguel, 09837 Mexico City, Mexico",Iztapalapa,40,https://rentola.mx/listings/renta-de-departamento-en-ermita-iztapalapa-p8dd28c
RENTOLA-34,Viviendas en renta en Ciudad de México,0,0,0,0,0,N/A,CDMX,40,https://rentola.mx/renta?location=ciudad-de-mexico&property_types=room&property_types=house&property_types=apartment&property_types=studio&page=34
RENTOLA-33,¡Ups!,0,0,0,0,0,N/A,CDMX,40,https://rentola.mx/en/for-rent?location=mexico-city&property_types=room&property_types=house&property_types=apartment&property_types=studio&page=33
RENTOLA-4,1 habitación de 11m² en Ciudad de México,5500,500,1,0,0,"Avenida La Garita, Colonia Narciso Mendoza Súper Manzana 6 Villa Coapa, 14390 Mexico City, CMX, Mexico",14390 Mexico City,40,https://rentola.mx/listings/coliving-estudiantes-y-residentes-p0248e4
RENTOLA-948407,departamento de 1 habitación de 115 m² en Ciudad de México,22000,191,1,0,0,"Calle Fernández Leal 62, Coyoacán, 04020 Mexico City, Mexico",Coyoacán,40,https://rentola.mx/listings/departamento-en-renta-calle-manuel-fernandez-leal-62-82-la-concepcion-coyoacan-ciudad-de-mexico-04020-mex-p9ce0ea
RENTOLA-970310,departamento de 2 habitaciones de 51 m² en Ciudad de México,16000,314,2,0,0,"Cerrada Doctor José Ignacio Bartolache 1057, Del Valle, 03100 Mexico City, Mexico",Del Valle,40,https://rentola.mx/listings/departamento-en-renta-acm-cine-cerrada-doctor-jose-ignacio-bartoloche-del-valle-centro-benito-juarez-ciudad-de-mexico-03100-p5e56aa
RENTOLA-30,casa de 3 habitaciones de 630 m² en Ciudad de México,70000,111,3,0,0,"Calle Alcázar de Toledo, Lomas de Chapultepec, 11930 Mexico City, Mexico",Lomas de Chapultepec,40,https://rentola.mx/listings/casa-en-renta-calle-del-alcazar-de-toledo-245-352-lomas-de-reforma-miguel-hidalgo-ciudad-de-mexico-11930-mex-p7e2c30
RENTOLA-9,departamento de 2 habitaciones de 75 m² en Ciudad de México,10300,137,2,0,1,"3ra Cerrada de Oriente 358, Iztacalco, 57460 Mexico City, Mexico",Iztacalco,40,https://rentola.mx/listings/departamento-en-renta-calle-tercera-cerrada-oriente-259-33-agricola-oriental-iztacalco-ciudad-de-mexico-08500-mex-p7b88b9
RENTOLA-474976,departamento de 1 habitación de 74 m² en Ciudad de México,19000,257,1,0,0,"Avenida Vasco de Quiroga, El Cuernito, 01250 Mexico City, Mexico",El Cuernito,40,https://rentola.mx/listings/departamento-en-renta-camino-a-santa-fe-606-boscoso-ciudad-de-mexico-cdmx-mexico-p5ba21e
RENTOLA-183,casa de 4 habitaciones de 434 m² en Ciudad de México,48000,111,4,0,1,"Centro Comunitario Carrasco, Calle Carrasco 67, Colonia Comuneros Santa Úrsula, 14049 Mexico City, Mexico",Centro,40,https://rentola.mx/listings/casa-en-condominio-en-renta-toriello-guerra-tlalpan-ciudad-de-mexico-14050-mex-p3ec183
RENTOLA-3,casa de 1 habitación de 96 m² en Ciudad de México,30500,318,1,0,1,"Calle Parque del Castillo, Colonia Los Robles, 04870 Mexico City, Mexico",Colonia Los Robles,40,https://rentola.mx/listings/casa-en-renta-jardines-de-coyoacan-coyoacan-cdmx-p559af3
RENTOLA-79,casa de 2 habitaciones de 186 m² en Ciudad de México,24000,129,2,0,1,"Calle Bajada de la Peñita, Colonia La Joyita, 01700 Mexico City, Mexico",Colonia La Joyita,40,https://rentola.mx/listings/casa-en-renta-tetelpan-alvaro-obregon-cdmx-p8dea79
RENTOLA-27,departamento de 2 habitaciones de 63 m² en Ciudad de México,16000,254,2,0,1,"Calzada México Tacuba, Argentina Poniente, 11230 Mexico City, CMX, Mexico",11230 Mexico City,40,https://rentola.mx/listings/departamento-moderno-en-puerta-toreo-con-roof-garden-y-seguridad-24-7-p2dbe27
RENTOLA-109192,departamento de 3 habitaciones de 120 m² en Ciudad de México,19800,165,3,0,1,"Calle Guadalupe, San Ángel, 01790 Mexico City, CMX, Mexico",01790 Mexico City,40,https://rentola.mx/listings/departamento-en-renta-periferico-boulevard-adolfo-lopez-mateos-2545-lomas-de-san-angel-inn-ciudad-de-mexico-cdmx-mexico-p54bc7f
RENTOLA-532356,departamento de 1 habitación de 56 m² en Ciudad de México,40000,714,1,0,1,"Calle Zamora 75, Condesa, 11850 Mexico City, Mexico",Condesa,40,https://rentola.mx/listings/departamento-en-renta-calle-zamora-73-condesa-cuauhtemoc-ciudad-de-mexico-06140-mex-p2522dc
RENTOLA-85,casa de 3 habitaciones de 170 m² en Ciudad de México,27000,159,3,0,1,"Avenida División del Norte 46, Locaxco, 05330 Mexico City, Mexico",Locaxco,40,https://rentola.mx/listings/casa-en-condominio-en-renta-avenida-division-del-norte-lomas-de-memetla-cuajimalpa-de-morelos-ciudad-de-mexico-05360-mex-p809f85
RENTOLA-30142,departamento de 3 habitaciones de 160 m² en Ciudad de México,67000,419,3,0,1,"Paseo de los Arquitectos, Santa Fe Cuajimalpa, 04349 Mexico City, Mexico",Cuajimalpa,40,https://rentola.mx/listings/departamento-en-renta-amueblado-avenida-santa-fe-pd30142
RENTOLA-5,departamento de 1 habitación de 50 m² en Ciudad de México,18000,360,1,0,1,"Calle San Jorge, Conjunto Buenavista, 04600 Mexico City, Mexico",Conjunto Buenavista,40,https://rentola.mx/listings/departamento-en-renta-ciudad-de-mexico-santa-ursula-coapa-pedregal-de-santa-ursula-coapa-coyoacan-ciudad-de-mexico-04600-me-p2123d5
RENTOLA-082,casa de 3 habitaciones de 257 m² en Ciudad de México,35000,136,3,0,1,"Starbucks, Gabriel Mancera 1357, Del Valle, 03100 Mexico City, Mexico",Del Valle,41,https://rentola.mx/listings/casa-en-renta-gabriel-mancera-1340-col-del-valle-sur-03104-ciudad-de-mexico-cdmx-mexico-p19c082
RENTOLA-581251,departamento de 1 habitación de 43 m² en Ciudad de México,24300,565,1,0,0,"Calle Tampico 6, Condesa, 06700 Mexico City, Mexico",Condesa,41,https://rentola.mx/listings/departamento-en-renta-calle-tampico-3-11-roma-norte-cuauhtemoc-ciudad-de-mexico-06700-mex-pff44ed
RENTOLA-231244,departamento de 1 habitación de 90 m² en Ciudad de México,17500,194,1,0,1,"Calle Bahía Magdalena 37, Polanco, 11300 Mexico City, Mexico",Polanco,41,https://rentola.mx/listings/departamento-en-renta-bahia-magdalena-32-veronica-anzures-ciudad-de-mexico-cdmx-mexico-p13aa5b
RENTOLA-578065,departamento de 4 habitaciones de 500 m² en Ciudad de México,6500,13,4,0,1,"Prolongación Paseo de la Reforma, Colonia Lomas de Bezares, 11910 Mexico City, CMX, Mexico",11910 Mexico City,41,https://rentola.mx/listings/rento-departamento-en-lomas-altas-con-gran-vista-p83a4bc
RENTOLA-2411,departamento de 3 habitaciones de 60 m² en Ciudad de México,17500,292,3,0,1,"Toltecas, Colonia Carola, 01180 Mexico City, Mexico",Colonia Carola,41,https://rentola.mx/listings/departamento-en-renta-en-toltecas-p7b2411
RENTOLA-35,Viviendas en renta en Ciudad de México,0,0,0,0,0,N/A,CDMX,41,https://rentola.mx/renta?location=ciudad-de-mexico&property_types=room&property_types=house&property_types=apartment&property_types=studio&page=35
RENTOLA-34,¡Ups!,0,0,0,0,0,N/A,CDMX,41,https://rentola.mx/en/for-rent?location=mexico-city&property_types=room&property_types=house&property_types=apartment&property_types=studio&page=34
RENTOLA-8512,casa de 2 habitaciones de 230 m² en Ciudad de México,2725,12,2,0,0,"Calle Gobernador Protasio Pérez de Tagle, San Miguel Chapultepec 2ª Sección, 11850 Mexico City, CMX, Mexico",11850 Mexico City,41,https://rentola.mx/listings/house-in-the-heart-of-cdmx-p2e8512
RENTOLA-543648,1 habitación de 17m² en Ciudad de México,6200,365,1,0,0,"Calle Bruno Traven, Pedro María Anaya, 03340 Mexico City, CMX, Mexico",03340 Mexico City,41,https://rentola.mx/listings/hospedaje-para-mujeres-peb63ac
RENTOLA-6190,1 habitación de 16m² en Ciudad de México,4800,300,1,0,0,"Calle Grecia, Colonia San Álvaro, 02090 Mexico City, CMX, Mexico",02090 Mexico City,41,https://rentola.mx/listings/casa-de-roomies-para-mujeres-p8b6190
RENTOLA-421,departamento de 3 habitaciones de 181 m² en Ciudad de México,5900,33,3,0,1,"Publico, Avenida Moliere 50, Polanco 3ª Sección, 11560 Mexico City, CMX, Mexico",Polanco,41,https://rentola.mx/listings/departamento-en-renta-en-ampliacion-granada-miguel-hidalgo-cdmx-paab421
RENTOLA-294335,casa de 3 habitaciones de 200 m² en Ciudad de México,20000,100,3,0,1,"Cerrada Primera del Rincón, San Nicolás Totolapan, 10900 Mexico City, Mexico",San Nicolás Totolapan,41,https://rentola.mx/listings/casa-en-renta-san-nicolas-totolapan-la-magdalena-contreras-pbb7d4e
RENTOLA-528,departamento de 3 habitaciones de 320 m² en Ciudad de México,120000,375,3,0,1,"Calle Sierra Gorda 15, Lomas de Chapultepec, 11650 Mexico City, Mexico",Lomas de Chapultepec,41,https://rentola.mx/listings/departamento-en-renta-calle-sierra-gorda-1-19-lomas-de-chapultepec-miguel-hidalgo-ciudad-de-mexico-11000-mex-pc3a528
RENTOLA-001105,departamento de 2 habitaciones de 60 m² en Ciudad de México,6900,115,2,0,1,"Calle Oaxaca, Colonia Chalma de Guadalupe, 07210 Mexico City, Mexico",Colonia Chalma de Guadalupe,41,https://rentola.mx/listings/departamento-en-renta-loma-la-palma-gustavo-a-madero-p001105
RENTOLA-0,departamento de 2 habitaciones de 79 m² en Ciudad de México,15000,190,2,0,1,"Boulevard Adolfo Ruiz Cortines 5240, Bosques de Tetlameya, 04710 Mexico City, Mexico",Bosques de Tetlameya,41,https://rentola.mx/listings/departamento-en-renta-bluess-piano-online-boulevard-adolfo-ruiz-cortines-5238-del-pedregal-coyoacan-ciudad-de-mexico-04700-p0f86a0
RENTOLA-65,departamento de 2 habitaciones de 46 m² en Ciudad de México,15000,326,2,0,1,"Calle Amores, Colonia Santa Inés, 02140 Mexico City, Mexico",Colonia Santa Inés,41,https://rentola.mx/listings/lts-departamento-en-renta-en-santa-ines-azcapotzalco-p23ee65
RENTOLA-366857,1 habitación de 18m² en Ciudad de México,6000,333,1,0,0,"Clinica Centro Médico del Valle, Calle Manuel López Cotilla 942, Del Valle, 03100 Mexico City, CMX, Mexico",Centro,41,https://rentola.mx/listings/excelente-ubicaciob-p21f64e
RENTOLA-23060,1 habitación de 8m² en Ciudad de México,3999,500,1,0,0,"Calle Miguel Ángel 112, Narvarte, 03510 Mexico City, Mexico",Narvarte,41,https://rentola.mx/listings/recamara-sin-deposito-en-hostal-pb23060
RENTOLA-404095,departamento de 3 habitaciones de 140 m² en Ciudad de México,25000,179,3,0,1,"Calle Ocaso 79, Colonia Torres de Maurel, 04535 Mexico City, Mexico",Colonia Torres de Maurel,41,https://rentola.mx/listings/departamento-en-renta-ocaso-58-insurgentes-cuicuilco-ciudad-de-mexico-cdmx-mexico-p8d993b
RENTOLA-144644,1 habitación de 24m² en Ciudad de México,7500,313,1,0,0,"Centro Corporativo Automotriz, Avenida Coyoacán 1827, Colonia Acacias, 03100 Mexico City, CMX, Mexico",Coyoacán,41,https://rentola.mx/listings/recamara-estudio-y-bano-privados-pd9c4bd
RENTOLA-92,1 habitación de 19m² en Ciudad de México,10000,526,1,0,1,"Avenida Horacio, Polanco 5ª Sección, 11560 Mexico City, CMX, Mexico",Polanco,42,https://rentola.mx/listings/habitacion-amueblada-en-polanco-p-mujer-p877a92
RENTOLA-3,departamento de 3 habitaciones de 160 m² en Ciudad de México,22500,141,3,0,1,"Calle Reforma, Coyoacán, 04320 Mexico City, Mexico",Coyoacán,42,https://rentola.mx/listings/departamento-en-renta-reforma-52-santa-catarina-ciudad-de-mexico-cdmx-mexico-pf20da3
RENTOLA-6,departamento de 2 habitaciones de 233 m² en Ciudad de México,70000,300,2,0,1,"Avenida Nuevo León 106, Condesa, 06100 Mexico City, Mexico",Condesa,42,https://rentola.mx/listings/departamento-en-renta-avenida-nuevo-leon-106-hipodromo-ciudad-de-mexico-cdmx-mexico-p2af3d6
RENTOLA-587962,departamento de 2 habitaciones de 75 m² en Ciudad de México,23500,313,2,0,1,"Calle Monterrey 59, Colonia Ermita Tizapán, 01089 Mexico City, Mexico",Colonia Ermita Tizapán,42,https://rentola.mx/listings/departamento-en-renta-monterrey-60-tizapan-san-angel-ermita-tizapan-ciudad-de-mexico-cdmx-mexico-pca626f
RENTOLA-531846,departamento de 2 habitaciones de 85 m² en Ciudad de México,21000,247,2,0,1,"Boulevard Adolfo López Mateos, San Ángel, 01480 Mexico City, CMX, Mexico",01480 Mexico City,42,https://rentola.mx/listings/departamento-en-renta-en-col-los-alpes-pad76df
RENTOLA-74,departamento de 1 habitación de 50 m² en Ciudad de México,7000,140,1,0,0,"Calle Huexotitla, Ejidos de San Pedro Mártir, 14640 Mexico City, CMX, Mexico",14640 Mexico City,42,https://rentola.mx/listings/departamento-col-ejidos-de-san-pedro-martir-pd4ea74
RENTOLA-2,departamento de 3 habitaciones de 430 m² en Ciudad de México,90000,209,3,0,1,"Calle Monte Himalaya 235, Lomas de Chapultepec, 11000 Mexico City, CMX, Mexico",11000 Mexico City,42,https://rentola.mx/listings/departamento-en-renta-en-lomas-de-chapultepec-p6f7ce2
RENTOLA-36,Viviendas en renta en Ciudad de México,0,0,0,0,0,N/A,CDMX,42,https://rentola.mx/renta?location=ciudad-de-mexico&property_types=room&property_types=house&property_types=apartment&property_types=studio&page=36
RENTOLA-35,¡Ups!,0,0,0,0,0,N/A,CDMX,42,https://rentola.mx/en/for-rent?location=mexico-city&property_types=room&property_types=house&property_types=apartment&property_types=studio&page=35
RENTOLA-104771,departamento de 2 habitaciones de 90 m² en Ciudad de México,30000,333,2,0,0,"Calle Tampico 33, Condesa, 06700 Mexico City, CMX, Mexico",Condesa,42,https://rentola.mx/listings/departamento-en-renta-amueblado-en-roma-norte-pbab0bd
RENTOLA-63974,departamento de 1 habitación de 40 m² en Ciudad de México,9000,225,1,0,0,"Calle Rosa Carmesí, Colonia Alfalfar, 01470 Mexico City, CMX, Mexico",01470 Mexico City,42,https://rentola.mx/listings/departamento-en-molino-de-rosas-alvaro-obregon-pc63974
RENTOLA-752664,departamento de 2 habitaciones de 215 m² en Ciudad de México,6000,28,2,0,1,"Calle Sierra Gamón 116, Colonia Del Bosque, 11000 Mexico City, CMX, Mexico",11000 Mexico City,42,https://rentola.mx/listings/departamento-en-renta-palmas-park-amueblado-pdb00fc
RENTOLA-734712,departamento de 2 habitaciones de 164 m² en Ciudad de México,63000,384,2,0,0,"Avenida Michoacán, Condesa, 06140 Mexico City, CMX, Mexico",Condesa,42,https://rentola.mx/listings/departamento-unico-en-condesa-con-balcon-abierto-y-gran-bano-principal-p9c50fc
RENTOLA-7,departamento de 3 habitaciones de 70 m² en Ciudad de México,15000,214,3,0,1,"Calle Botánicos, Colonia El Retoño, 09440 Mexico City, CMX, Mexico",09440 Mexico City,42,https://rentola.mx/listings/departamento-col-el-sifon-p6044d7
RENTOLA-137091,departamento de 3 habitaciones de 187 m² en Ciudad de México,8000,43,3,0,1,"Calle Emerson, Polanco, 11560 Mexico City, CMX, Mexico",Polanco,42,https://rentola.mx/listings/renta-departamento-nuevo-en-polanco-padeeae
RENTOLA-685,departamento de 1 habitación de 64 m² en Ciudad de México,30000,469,1,0,1,"Calle Guillermo González Camarena, Santa Fe Centro Ciudad, 01219 Mexico City, Mexico",Centro,42,https://rentola.mx/listings/city-blue-depto-en-renta-a-1-cuadra-de-la-ibero-p6dc685
RENTOLA-226994,departamento de 3 habitaciones de 164 m² en Ciudad de México,48000,293,3,0,1,"Avenida Centenario, Tarango, 01580 Mexico City, Mexico",Tarango,42,https://rentola.mx/listings/departamento-en-renta-1a-ampliacion-presidentes-alvaro-obregon-cdmx-p226994
RENTOLA-2,departamento de 1 habitación de 90 m² en Ciudad de México,20000,222,1,0,1,"Calle Alcázar de Toledo, Lomas de Chapultepec, 11930 Mexico City, Mexico",Lomas de Chapultepec,42,https://rentola.mx/listings/departamento-en-renta-lomas-de-reforma-ciudad-de-mexico-cdmx-mexico-p10cdc2
RENTOLA-215091,departamento de 1 habitación de 189 m² en Ciudad de México,60000,317,1,0,0,"Paseo de los Arquitectos, Santa Fe Cuajimalpa, 04349 Mexico City, Mexico",Cuajimalpa,42,https://rentola.mx/listings/renta-departamento-amueblado-av-santa-fe-parque-de-la-mexicana-p479b0e
RENTOLA-7,casa de 1 habitación de 120 m² en Ciudad de México,15000,125,1,0,1,"Privada Diligencias, Colonia San Pedro Mártir, 14650 Mexico City, Mexico",Colonia San Pedro Mártir,42,https://rentola.mx/listings/casa-en-renta-san-pedro-martir-tlalpan-cdmx-p10fda7
RENTOLA-17805,departamento de 1 habitación de 57 m² en Ciudad de México,23500,412,1,0,1,"Hotel San Isidro, Calle San Isidro 63, Reforma Social, 11650 Mexico City, Mexico",Reforma Social,43,https://rentola.mx/listings/departamento-col-reforma-social-pf17805
RENTOLA-6,casa de 4 habitaciones de 250 m² en Ciudad de México,29000,116,4,0,0,"Colonia Isidro Fabela, 14030 Mexico City, Mexico",Colonia Isidro Fabela,43,https://rentola.mx/listings/casa-en-renta-en-isidro-fabela-tlalpan-ciudad-de-mexico-p9001c6
RENTOLA-486716,casa de 4 habitaciones de 311 m² en Ciudad de México,30000,96,4,0,1,"Calle Miguel Hidalgo, Barrio Niño Jesús, 14080 Mexico City, Mexico",Miguel Hidalgo,43,https://rentola.mx/listings/casa-en-renta-miguel-hidalgo-tlalpan-cdmx-p8cb75d
RENTOLA-3873,departamento de 3 habitaciones de 246 m² en Ciudad de México,54000,220,3,0,1,"Calle Sierra Vertientes, Lomas de Chapultepec, 11930 Mexico City, Mexico",Lomas de Chapultepec,43,https://rentola.mx/listings/departamento-en-renta-sierra-vertientes-lomas-de-chapultepec-ciudad-de-mexico-cdmx-mexico-p0a3873
RENTOLA-7,departamento de 1 habitación de 50 m² en Ciudad de México,16000,320,1,0,1,"Avenida Carlos Lazo, Santa Fe, 01219 Mexico City, Mexico",Santa Fe,43,https://rentola.mx/listings/departamento-en-renta-avenida-de-los-poetas-santa-fe-alvaro-obregon-ciudad-de-mexico-01376-mex-p7227b7
RENTOLA-104642,departamento de 1 habitación de 61 m² en Ciudad de México,29500,484,1,0,1,"Félix Cuevas 133, Colonia Tlacoquemecatl, 03200 Mexico City, Mexico",Colonia Tlacoquemecatl,43,https://rentola.mx/listings/departamento-en-renta-del-valle-centro-benito-juarez-cdmx-p258b6d
RENTOLA-069,casa de 3 habitaciones de 400 m² en Ciudad de México,54000,135,3,0,1,"Prolongación Lomas de Vista Hermosa 32, El Yaqui, 05420 Mexico City, Mexico",El Yaqui,43,https://rentola.mx/listings/casa-en-renta-prolongacion-vista-hermosa-la-rosita-cuajimalpa-de-morelos-ciudad-de-mexico-05320-mex-p89e069
RENTOLA-68,departamento de 1 habitación de 39 m² en Ciudad de México,12500,321,1,0,1,"Calzada Vallejo, San Andrés de las Salinas, 07720 Mexico City, Mexico",San Andrés de las Salinas,43,https://rentola.mx/listings/departamento-en-renta-calzada-vallejo-lindavista-vallejo-iii-seccion-ciudad-de-mexico-cdmx-mexico-p978e68
RENTOLA-37,Viviendas en renta en Ciudad de México,0,0,0,0,0,N/A,CDMX,43,https://rentola.mx/renta?location=ciudad-de-mexico&property_types=room&property_types=house&property_types=apartment&property_types=studio&page=37
RENTOLA-36,¡Ups!,0,0,0,0,0,N/A,CDMX,43,https://rentola.mx/en/for-rent?location=mexico-city&property_types=room&property_types=house&property_types=apartment&property_types=studio&page=36
RENTOLA-4,departamento de 2 habitaciones de 68 m² en Ciudad de México,45200,665,2,0,0,"Avenida Chapultepec 546, Condesa, 06700 Mexico City, Mexico",Condesa,43,https://rentola.mx/listings/departamento-en-renta-roma-norte-cuauhtemoc-cdmx-p818af4
RENTOLA-2,1 habitación de 19m² en Ciudad de México,6000,316,1,0,0,"Calle Salvador Díaz Mirón, Santa María la Ribera, 06350 Mexico City, Mexico",Santa María la Ribera,43,https://rentola.mx/listings/cuarto-en-sta-ma-la-ribera-p50a5c2
RENTOLA-7,casa de 4 habitaciones de 350 m² en Ciudad de México,68000,194,4,0,1,"Calle Amealco 49, Roma Sur, 06760 Mexico City, CMX, Mexico",Roma Sur,43,https://rentola.mx/listings/casa-en-renta-roma-norte-cuauhtemoc-cdmx-pf89fb7
RENTOLA-551480,casa de 2 habitaciones de 145 m² en Ciudad de México,23500,162,2,0,1,"Cerrada Cuauhtémoc, San Pedro, 05030 Mexico City, CMX, Mexico",Cuauhtémoc,43,https://rentola.mx/listings/casa-en-condominio-en-renta-manzanastitla-cuajimalpa-de-morelos-p5d2c4c
RENTOLA-844232,departamento de 2 habitaciones de 90 m² en Ciudad de México,24000,267,2,0,1,"Beer bros, Calle Luz Saviñón, Narvarte, 03100 Mexico City, CMX, Mexico",03100 Mexico City,43,https://rentola.mx/listings/departamento-en-renta-italia-liquida-luz-savinon-10244-narvarte-poniente-benito-juarez-ciudad-de-mexico-03020-mex-p8b4edc
RENTOLA-555,departamento de 3 habitaciones de 116 m² en Ciudad de México,25000,216,3,0,1,"Calle Licenciado Castillo Ledón 201, Adolfo López Mateos, 05030 Mexico City, CMX, Mexico",05030 Mexico City,43,https://rentola.mx/listings/departamento-en-renta-lic-castillo-ledon-225-adolfo-lopez-mateos-ciudad-de-mexico-cdmx-mexico-p55c555
RENTOLA-866447,departamento de 1 habitación de 40 m² en Ciudad de México,13000,325,1,0,1,"Calle Hacienda Vista Hermosa, Unidad Habitacional Hueso Periférico, 14338 Mexico City, Mexico",Unidad Habitacional Hueso Periférico,43,https://rentola.mx/listings/renta-de-departamento-en-clzda-del-hueso-pf14fbb
RENTOLA-221225,casa de 3 habitaciones de 200 m² en Ciudad de México,58000,290,3,0,1,"HSBC, Avenida Altavista 44, San Ángel, 01000 Mexico City, Mexico",San Ángel,43,https://rentola.mx/listings/casa-en-renta-avenida-altavista-san-angel-alvaro-obregon-ciudad-de-mexico-01000-mex-p221225
RENTOLA-175574,departamento de 3 habitaciones de 162 m² en Ciudad de México,35000,216,3,0,1,"Muebles Dico, Avenida Barranca del Muerto, Álvaro Obregón, 01030 Mexico City, CMX, Mexico",Álvaro Obregón,43,https://rentola.mx/listings/departamento-col-florida-p39a28a
RENTOLA-717302,departamento de 1 habitación de 45 m² en Ciudad de México,14000,311,1,0,1,"BBVA Bancomer, Calle Matías Romero, Del Valle, 03100 Mexico City, CMX, Mexico",03100 Mexico City,43,https://rentola.mx/listings/departamento-col-del-valle-centro-pead08b
RENTOLA-4,departamento de 1 habitación de 40 m² en Ciudad de México,6000,150,1,0,0,"Calle Huexotitla, Ejidos de San Pedro Mártir, 14640 Mexico City, CMX, Mexico",14640 Mexico City,44,https://rentola.mx/listings/departamento-col-ejidos-de-san-pedro-martir-pf35be4
RENTOLA-862659,departamento de 3 habitaciones de 60 m² en Ciudad de México,19500,325,3,0,1,"Calle Lago Chapala 26, Anahuác 2ª Sección, 11320 Mexico City, CMX, Mexico",11320 Mexico City,44,https://rentola.mx/listings/departamento-en-renta-en-anahuac-miguel-hidalgo-cdmx-pb0eabf
RENTOLA-01,departamento de 2 habitaciones de 80 m² en Ciudad de México,23500,294,2,0,1,"Avenida 1, Colonia San Pedro de los Pinos, 03800 Mexico City, Mexico",Colonia San Pedro de los Pinos,44,https://rentola.mx/listings/departamento-en-renta-san-pedro-de-los-pinos-benito-juarez-cdmx-p9e2a01
RENTOLA-720133,departamento de 3 habitaciones de 260 m² en Ciudad de México,105000,404,3,0,1,"Paseo de la Cañada, Santa Fe Cuajimalpa, 01580 Mexico City, Mexico",Cuajimalpa,44,https://rentola.mx/listings/departamento-en-renta-calle-paseo-de-la-canada-san-mateo-tlaltenango-cuajimalpa-de-morelos-ciudad-de-mexico-05348-mex-p720133
RENTOLA-31,departamento de 1 habitación de 60 m² en Ciudad de México,26000,433,1,0,0,"Avenida Campos Elíseos, Polanco, 11570 Mexico City, Mexico",Polanco,44,https://rentola.mx/listings/renta-departamento-en-campos-eliseos-polanco-pf05a31
RENTOLA-491405,casa de 4 habitaciones de 320 m² en Ciudad de México,50000,156,4,0,0,"Calle Fujiyama 49, Las Águilas, 01710 Mexico City, CMX, Mexico",01710 Mexico City,44,https://rentola.mx/listings/exclusiva-residencia-en-renta-en-la-calle-de-fujiyama-las-aguilas-p16b71c
RENTOLA-432467,casa de 3 habitaciones de 400 m² en Ciudad de México,39000,98,3,0,0,"Calle San Macario, Colonia Pedregal Santa Úrsula, 04600 Mexico City, Mexico",Colonia Pedregal Santa Úrsula,44,https://rentola.mx/listings/casa-en-renta-calle-san-benito-313-pedregal-de-santa-ursula-coyoacan-ciudad-de-mexico-04600-mex-p432467
RENTOLA-674163,casa de 2 habitaciones de 66 m² en Ciudad de México,13000,197,2,0,0,"Andador 59, Colonia Narciso Mendoza Súper Manzana 6 Villa Coapa, 14390 Mexico City, CMX, Mexico",14390 Mexico City,44,https://rentola.mx/listings/departamento-en-renta-tipo-duplex-p78603e
RENTOLA-6,departamento de 3 habitaciones de 198 m² en Ciudad de México,60000,303,3,0,1,"Banco del Bajío, Calle Prado Sur, Lomas de Chapultepec, 11000 Mexico City, CMX, Mexico",11000 Mexico City,44,https://rentola.mx/listings/departamento-en-venta-en-lomas-de-chapultepec-pe3a0e6
RENTOLA-2,departamento de 1 habitación de 28 m² en Ciudad de México,10000,357,1,0,1,"Cerrada Cuarta Avenida Central, Colonia Agrícola Pantitlán, 08100 Mexico City, CMX, Mexico",08100 Mexico City,44,https://rentola.mx/listings/departamento-en-renta-en-la-agricola-pantitlan-p5a4ee2
RENTOLA-756,1 habitación de 25m² en Ciudad de México,5950,238,1,0,1,"Calle Gobernador Agustín Vicente Eguía, Colonia San Miguel Chapultepec, 11850 Mexico City, Mexico",Colonia San Miguel Chapultepec,44,https://rentola.mx/listings/buscamos-roomies-p2ee756
RENTOLA-38,Viviendas en renta en Ciudad de México,0,0,0,0,0,N/A,CDMX,44,https://rentola.mx/renta?location=ciudad-de-mexico&property_types=room&property_types=house&property_types=apartment&property_types=studio&page=38
RENTOLA-37,¡Ups!,0,0,0,0,0,N/A,CDMX,44,https://rentola.mx/en/for-rent?location=mexico-city&property_types=room&property_types=house&property_types=apartment&property_types=studio&page=37
RENTOLA-939365,departamento de 3 habitaciones de 200 m² en Ciudad de México,5000,25,3,0,1,"Calle Alfredo Tennyson, Polanco, 11550 Mexico City, CMX, Mexico",Polanco,44,https://rentola.mx/listings/departamento-en-renta-en-polanco-3r-2-5b-2e-terraza-balcon-200m2-p11399b
RENTOLA-261908,casa de 1 habitación de 10 m² en Ciudad de México,3800,380,1,0,0,"Calle Ignacio Chávez, Conjunto INFONAVIT Cuemanco, 14330 Mexico City, CMX, Mexico",14330 Mexico City,44,https://rentola.mx/listings/casa-col-granjas-coapa-pac2b6e
RENTOLA-813590,casa de 4 habitaciones de 310 m² en Ciudad de México,55000,177,4,0,1,"Calle Cuadrante San Francisco, Coyoacán, 04320 Mexico City, CMX, Mexico",Coyoacán,44,https://rentola.mx/listings/casa-en-renta-en-cuadrante-de-san-francisco-coyoacan-ciudad-de-mexico-p44892a
RENTOLA-134713,departamento de 3 habitaciones de 108 m² en Ciudad de México,38000,352,3,0,0,"Palacio de Hierro, Calle Durango 230, Condesa, 06700 Mexico City, CMX, Mexico",Condesa,44,https://rentola.mx/listings/se-renta-departamento-en-fuente-de-cibeles-roma-norte-cuauhtemoc-p72074b
RENTOLA-683,departamento de 3 habitaciones de 150 m² en Ciudad de México,27000,180,3,0,1,"Calle Lamartine, Polanco, 11560 Mexico City, CMX, Mexico",Polanco,44,https://rentola.mx/listings/departamento-en-renta-en-polanco-miguel-hidalgo-pbde683
RENTOLA-100904,departamento de 2 habitaciones de 220 m² en Ciudad de México,63000,286,2,0,1,"Privada Emerson, Polanco, 11560 Mexico City, CMX, Mexico",Polanco,44,https://rentola.mx/listings/departamento-en-renta-en-polanco-2r-2b-1e-terraza-amueblado-220m2-p100904
RENTOLA-5955,departamento de 3 habitaciones de 245 m² en Ciudad de México,85000,347,3,0,1,"Calle Edgar Allan Poe 60, Polanco, 11540 Mexico City, CMX, Mexico",Polanco,44,https://rentola.mx/listings/departamento-en-renta-en-polanco-seccion-iii-p2f5955
RENTOLA-255944,departamento de 2 habitaciones de 110 m² en Ciudad de México,39000,355,2,0,1,"Avenida Nuevo León 104, Condesa, 06100 Mexico City, CMX, Mexico",Condesa,45,https://rentola.mx/listings/renta-departamento-hipodromo-condesa-p9c3ffa
RENTOLA-29,departamento de 2 habitaciones de 46 m² en Ciudad de México,15000,326,2,0,1,"Calle Felipe Carrillo Puerto 398, Tacuba, 11410 Mexico City, CMX, Mexico",11410 Mexico City,45,https://rentola.mx/listings/departamento-nuevo-en-renta-en-san-juanico-miguel-hidalgo-cdmx-pe08e29
RENTOLA-980795,departamento de 1 habitación de 73 m² en Ciudad de México,26000,356,1,0,1,"Escuela Secundaria Técnica No. 5 ""Rafael Dondé"", Calle Lago Alberto 431, Polanco, 11320 Mexico City, Mexico",Polanco,45,https://rentola.mx/listings/departamento-en-renta-lago-alberto-300-anahuac-i-seccion-ciudad-de-mexico-cdmx-mexico-p980795
RENTOLA-333610,casa de 3 habitaciones de 222 m² en Ciudad de México,70000,315,3,0,1,"unnamed road, Colonia Fortín Chimalistac, 04319 Mexico City, Mexico",Colonia Fortín Chimalistac,45,https://rentola.mx/listings/casa-en-renta-copilco-el-bajo-coyoacan-cdmx-p621afe
RENTOLA-452085,departamento de 2 habitaciones de 118 m² en Ciudad de México,40000,339,2,0,1,"Calle Cholula 34, Condesa, 06100 Mexico City, Mexico",Condesa,45,https://rentola.mx/listings/departamento-en-renta-condesa-cuauhtemoc-cdmx-p93b82c
RENTOLA-47,departamento de 1 habitación de 20 m² en Ciudad de México,16570,829,1,0,0,"Avenida Secretaría de Marina, Lomas de Chamizal, 05129 Mexico City, Mexico",Lomas de Chamizal,45,https://rentola.mx/listings/departamento-en-renta-lomas-del-chamizal-cuajimalpa-de-morelos-p656c47
RENTOLA-21,departamento de 2 habitaciones de 65 m² en Ciudad de México,16500,254,2,0,1,"Unidad Deportiva La Salle, Caoba, Jalalpa, 01510 Mexico City, Mexico",Jalalpa,45,https://rentola.mx/listings/departamento-en-renta-av-tamaulipas-1217-casa-la-salle-ciudad-de-mexico-cdmx-mexico-pa17c21
RENTOLA-942,departamento de 1 habitación de 20 m² en Ciudad de México,9000,450,1,0,0,"Calle Olivo, Colonia Patrimonio Familiar, 02980 Mexico City, Mexico",Colonia Patrimonio Familiar,45,https://rentola.mx/listings/loft-moderno-equipado-excelente-ubicacion-vallejo-y-circuito-p41c942
RENTOLA-2,departamento de 2 habitaciones de 60 m² en Ciudad de México,11000,183,2,0,1,"Calle Carlos Gounod, Ex Hipódromo de Peralvillo, 06250 Mexico City, Mexico",Ex Hipódromo de Peralvillo,45,https://rentola.mx/listings/departamento-en-planta-baja-en-renta-en-ex-hipodromo-de-peralvillo-cuauhtemoc-p5651d2
RENTOLA-183837,departamento de 2 habitaciones de 103 m² en Ciudad de México,55000,534,2,0,1,"Calle Saltillo 85, Condesa, 06100 Mexico City, Mexico",Condesa,45,https://rentola.mx/listings/departamento-en-venta-en-condesa-pf7a16e
RENTOLA-710196,1 habitación de 22m² en Ciudad de México,7000,318,1,0,0,"Avenida Municipio Libre, Fraccionamiento Residencial Emperadores, 03320 Mexico City, Mexico",Fraccionamiento Residencial Emperadores,45,https://rentola.mx/listings/cuarto-amueblado-en-renta-en-portales-norte-solo-mujer-servicios-incluidos-p53ef0b
RENTOLA-430247,departamento de 2 habitaciones de 73 m² en Ciudad de México,30000,411,2,0,1,"Rinconada del Valle, Colonia Xoco, 03330 Mexico City, Mexico",Colonia Xoco,45,https://rentola.mx/listings/departamento-en-renta-2-recamaras-av-cuauhtemoc-p430247
RENTOLA-446581,casa de 3 habitaciones de 335 m² en Ciudad de México,35000,104,3,0,0,"unnamed road, Barranca Seca, 10580 Mexico City, Mexico",Barranca Seca,45,https://rentola.mx/listings/casa-en-renta-barranca-seca-la-magdalena-contreras-p446581
RENTOLA-958171,departamento de 3 habitaciones de 270 m² en Ciudad de México,125000,463,3,0,1,"Embassy of India, Calle Alfredo de Musset 325, Polanco, 11520 Mexico City, Mexico",Polanco,45,https://rentola.mx/listings/renta-depto-polanco-3-recs-p7df06f
RENTOLA-39,Viviendas en renta en Ciudad de México,0,0,0,0,0,N/A,CDMX,45,https://rentola.mx/renta?location=ciudad-de-mexico&property_types=room&property_types=house&property_types=apartment&property_types=studio&page=39
RENTOLA-38,¡Ups!,0,0,0,0,0,N/A,CDMX,45,https://rentola.mx/en/for-rent?location=mexico-city&property_types=room&property_types=house&property_types=apartment&property_types=studio&page=38
RENTOLA-342207,departamento de 2 habitaciones de 72 m² en Ciudad de México,30000,417,2,0,0,"Prolongación Paseo de la Reforma, San Gabriel, 01310 Mexico City, CMX, Mexico",01310 Mexico City,45,https://rentola.mx/listings/estrena-depa-en-blum-santa-fe-pbba32b
RENTOLA-103328,casa de 3 habitaciones de 240 m² en Ciudad de México,52000,217,3,0,1,"Callejón Heliótropo, Coyoacán, 04330 Mexico City, Mexico",Coyoacán,45,https://rentola.mx/listings/casa-en-renta-callejon-heliotropo-cuadrante-de-san-francisco-coyoacan-ciudad-de-mexico-04330-mex-p1fa0ad
RENTOLA-0,casa de 3 habitaciones de 350 m² en Ciudad de México,50000,143,3,0,1,"Calle Pirules, Pedregal de San Ángel, 01904 Mexico City, Mexico",Pedregal de San Ángel,45,https://rentola.mx/listings/casa-en-renta-jardines-del-pedregal-alvaro-obregon-cdmx-p9f24f0
RENTOLA-4,departamento de 2 habitaciones de 60 m² en Ciudad de México,14000,233,2,0,1,"Calzada Ermita Iztapalapa, Colonia Granjas Esmeralda, 09810 Mexico City, Mexico",Iztapalapa,45,https://rentola.mx/listings/departamento-col-heroes-de-churubusco-pef68f4
RENTOLA-84,departamento de 3 habitaciones de 260 m² en Ciudad de México,150000,577,3,0,0,"Bagatelle Mexico City, Calle Alfredo Tennyson 117 alto, Polanco, 11550 Mexico City, Mexico",Polanco,46,https://rentola.mx/listings/renta-depa-en-polanco-tennyson-pe88d84
RENTOLA-365884,departamento de 1 habitación de 120 m² en Ciudad de México,27000,225,1,0,1,"Avenida Paseo de la Reforma, Lomas de Chapultepec, 11930 Mexico City, Mexico",Lomas de Chapultepec,46,https://rentola.mx/listings/departamento-en-renta-paseo-de-la-reforma-lomas-altas-miguel-hidalgo-ciudad-de-mexico-11950-mex-pb05ced
RENTOLA-299921,departamento de 2 habitaciones de 23 m² en Ciudad de México,7400,322,2,0,1,"Avenida Oceanía, Romero Rubio, 15410 Mexico City, CMX, Mexico",15410 Mexico City,46,https://rentola.mx/listings/departamento-en-renta-cerca-de-la-plaza-ikea-pca9cda
RENTOLA-481076,casa de 3 habitaciones de 180 m² en Ciudad de México,19000,106,3,0,1,"Calle Norte 84, Aragón, 07480 Mexico City, CMX, Mexico",07480 Mexico City,46,https://rentola.mx/listings/casa-en-renta-san-pedro-el-chico-gustavo-a-madero-p12682d
RENTOLA-740129,departamento de 2 habitaciones de 45 m² en Ciudad de México,11000,244,2,0,0,"San Simón Tolnáhuac, 06420 Mexico City, CMX, Mexico",06420 Mexico City,46,https://rentola.mx/listings/departamento-en-renta-en-san-simon-tolnahuac-cuauhtemoc-ciudad-de-mexico-p740129
RENTOLA-903704,departamento de 3 habitaciones de 76 m² en Ciudad de México,9800,129,3,0,0,"Calle Nicolás Romero, Magdalena Mixiuhca, 15850 Mexico City, CMX, Mexico",15850 Mexico City,46,https://rentola.mx/listings/departamento-en-renta-en-magdalena-mixihuca-p60535d
RENTOLA-583196,departamento de 2 habitaciones de 40 m² en Ciudad de México,13000,325,2,0,1,"Calzada del Hueso, Fraccionamiento Residencial Hacienda Coapa, 14330 Mexico City, CMX, Mexico",14330 Mexico City,46,https://rentola.mx/listings/renta-de-departamento-en-calzada-del-hueso-p277cca
RENTOLA-3,casa de 1 habitación de 80 m² en Ciudad de México,10000,125,1,0,1,"Privada Diligencias, Magdalena Petlacalco, 14480 Mexico City, Mexico",Magdalena Petlacalco,46,https://rentola.mx/listings/casa-en-renta-privada-diligencias-2-2-la-magdalena-petlacalco-tlalpan-ciudad-de-mexico-14480-mex-pa6d4d3
RENTOLA-60,1 habitación de 17m² en Ciudad de México,5000,294,1,0,1,"Calle Bismarck 62, Colonia Moderna, 03510 Mexico City, CMX, Mexico",03510 Mexico City,46,https://rentola.mx/listings/recamara-cerca-metro-xola-p725c60
RENTOLA-9,1 habitación de 17m² en Ciudad de México,5500,324,1,0,0,"Privada del Bosque, Colonia Bosques del Sur, 16010 Mexico City, CMX, Mexico",16010 Mexico City,46,https://rentola.mx/listings/busco-roomie-p1535e9
RENTOLA-781755,departamento de 3 habitaciones de 340 m² en Ciudad de México,68000,200,3,0,1,"Calle Arquímedes 130, Polanco, 11520 Mexico City, Mexico",Polanco,46,https://rentola.mx/listings/departamento-en-renta-polanco-iv-seccion-polanco-pbf95ea
RENTOLA-95656,departamento de 2 habitaciones de 107 m² en Ciudad de México,37000,346,2,0,1,"Calle General Francisco Murguía, Hipódromo Condesa, 11850 Mexico City, Mexico",Condesa,46,https://rentola.mx/listings/departamento-en-renta-hipodromo-condesa-cuauhtemoc-cdmx-pe95656
RENTOLA-391756,departamento de 2 habitaciones de 100 m² en Ciudad de México,22000,220,2,0,1,"Cerrada Primera del Moral, Colonia Segunda Del Moral, 01700 Mexico City, Mexico",Colonia Segunda Del Moral,46,https://rentola.mx/listings/departamento-en-renta-tetelpan-ciudad-de-mexico-cdmx-mexico-p89429d
RENTOLA-9678,casa de 3 habitaciones de 206 m² en Ciudad de México,31000,150,3,0,0,"Retorno 25, Colonia Avante, 04460 Mexico City, Mexico",Colonia Avante,46,https://rentola.mx/listings/casa-en-renta-avante-coyoacan-cdmx-p0f9678
RENTOLA-811731,casa de 1 habitación de 30 m² en Ciudad de México,7500,250,1,0,0,"Calle San Isidro, Colonia Textitlán 222, 04650 Mexico City, Mexico",Colonia Textitlán 222,46,https://rentola.mx/listings/casa-en-renta-ex-ejido-de-santa-ursula-coapa-coyoacan-cdmx-pbf363f
RENTOLA-31804,departamento de 2 habitaciones de 115 m² en Ciudad de México,35000,304,2,0,1,"Clinicas De Cirugias Ambulatorias Daam, Prolongación Vasco de Quiroga, Santa Fe, 05348 Mexico City, CMX, Mexico",05348 Mexico City,46,https://rentola.mx/listings/tu-nuevo-hogar-de-lujo-en-santa-fe-exclusividad-y-confort-a-tu-alcance-pc31804
RENTOLA-0481,1 habitación de 36m² en Ciudad de México,12500,347,1,0,0,"Calle Veracruz 11, Condesa, 06140 Mexico City, CMX, Mexico",Condesa,46,https://rentola.mx/listings/se-renta-amplia-habitacion-condesa-nivel-ejecutivo-pea0481
RENTOLA-40,Viviendas en renta en Ciudad de México,0,0,0,0,0,N/A,CDMX,46,https://rentola.mx/renta?location=ciudad-de-mexico&property_types=room&property_types=house&property_types=apartment&property_types=studio&page=40
RENTOLA-39,¡Ups!,0,0,0,0,0,N/A,CDMX,46,https://rentola.mx/en/for-rent?location=mexico-city&property_types=room&property_types=house&property_types=apartment&property_types=studio&page=39
RENTOLA-447548,departamento de 3 habitaciones de 64 m² en Ciudad de México,18000,281,3,0,1,"Prolongación Calle 10, Colonia San Pedro de los Pinos, 01180 Mexico City, CMX, Mexico",01180 Mexico City,46,https://rentola.mx/listings/departamento-en-renta-san-pedro-de-lo-pinos-p69ac8a
RENTOLA-668250,departamento de 3 habitaciones de 450 m² en Ciudad de México,6500,14,3,0,0,"Calle Prado Norte, Lomas de Chapultepec, 11000 Mexico City, CMX, Mexico",11000 Mexico City,47,https://rentola.mx/listings/departamento-de-lujo-en-palmas-park-3-recamaras-con-bano-y-vestidor-450-m-p8deb3d
RENTOLA-351055,1 habitación de 18m² en Ciudad de México,9500,528,1,0,1,"Avenida Progreso, Colonia Escandón, 11800 Mexico City, CMX, Mexico",11800 Mexico City,47,https://rentola.mx/listings/renta-de-habitacion-a-2-cuadras-de-condesa-p340adb
RENTOLA-0,casa de 2 habitaciones de 150 m² en Ciudad de México,36000,240,2,0,1,"Calle Luz Saviñón, Colonia Narvarte Poniente, 03103 Mexico City, CMX, Mexico",03103 Mexico City,47,https://rentola.mx/listings/casa-en-condominio-col-del-valle-norte-p8858f0
RENTOLA-18561,1 habitación de 24m² en Ciudad de México,10000,417,1,0,0,"Calle Cuicuilco 77, Colonia Letrán Valle, 03650 Mexico City, Mexico",Colonia Letrán Valle,47,https://rentola.mx/listings/hermoso-departamento-vertiz-narvarte-pf18561
RENTOLA-694963,departamento de 2 habitaciones de 60 m² en Ciudad de México,15000,250,2,0,1,"Calzada Santa Anita, Colonia Nueva Santa Anita, 08210 Mexico City, Mexico",Colonia Nueva Santa Anita,47,https://rentola.mx/listings/departamento-col-nueva-santa-anita-p22faca
RENTOLA-50910,1 habitación de 12m² en Ciudad de México,6500,542,1,0,0,"Avenida Colonia del Valle, Del Valle, 03100 Mexico City, CMX, Mexico",03100 Mexico City,47,https://rentola.mx/listings/renta-de-habitacion-amueblada-pb50910
RENTOLA-478040,1 habitación de 31m² en Ciudad de México,10000,323,1,0,1,"Calle Atlixco 163, Condesa, 06170 Mexico City, CMX, Mexico",Condesa,47,https://rentola.mx/listings/cozy-apartment-in-atlixco-condesa-p89552d
RENTOLA-804790,1 habitación de 10m² en Ciudad de México,5000,500,1,0,0,"Andador 5, Unidad Habitacional Narciso Mendoza 5 Villa Coapa, 14390 Mexico City, Mexico",Unidad Habitacional Narciso Mendoza 5 Villa Coapa,47,https://rentola.mx/listings/habitaciones-super-comodas-en-villa-coapa-pe8e22c
RENTOLA-4,departamento de 2 habitaciones de 90 m² en Ciudad de México,29000,322,2,0,1,"Avenida México-Coyoacán, San Sebastián Xoco, 03340 Mexico City, Mexico",Coyoacán,47,https://rentola.mx/listings/renta-hermoso-departamento-p843dc4
RENTOLA-294772,1 habitación de 27m² en Ciudad de México,8000,296,1,0,0,"Nagaoka, Calle Arkansas 38, Del Valle, 03810 Mexico City, CMX, Mexico",03810 Mexico City,47,https://rentola.mx/listings/renta-habitacion-en-la-colonia-napoles-pa3610f
RENTOLA-997669,1 habitación de 15m² en Ciudad de México,8000,533,1,0,0,"Avenida Doctor José María Vértiz 847, Narvarte, 03023 Mexico City, CMX, Mexico",03023 Mexico City,47,https://rentola.mx/listings/renta-de-habitacion-p377d8d
RENTOLA-63249,departamento de 2 habitaciones de 230 m² en Ciudad de México,75000,326,2,0,0,"Avenida Nuevo León 44, Condesa, 06140 Mexico City, Mexico",Condesa,47,https://rentola.mx/listings/departamento-en-renta-amueblado-condesa-amsterdam-pd63249
RENTOLA-515823,1 habitación de 17m² en Ciudad de México,5500,324,1,0,0,"Calle Campeche 288, Condesa, 06100 Mexico City, Mexico",Condesa,47,https://rentola.mx/listings/condesa-agradable-habitacion-amueblada-mujeres-p0981cb
RENTOLA-503091,casa de 3 habitaciones de 260 m² en Ciudad de México,35000,135,3,0,1,"Calle Mitla 255, Narvarte, 03023 Mexico City, Mexico",Narvarte,47,https://rentola.mx/listings/casa-en-renta-calle-mitla-260-narvarte-poniente-ciudad-de-mexico-cdmx-mexico-p2ff34c
RENTOLA-6,casa de 3 habitaciones de 117 m² en Ciudad de México,60000,513,3,0,1,"Calle Villahermosa 23, Condesa, 06100 Mexico City, Mexico",Condesa,47,https://rentola.mx/listings/casa-en-renta-hipodromo-condesa-cuauhtemoc-cdmx-p61edf6
RENTOLA-7411,departamento de 1 habitación de 26 m² en Ciudad de México,10800,415,1,0,1,"Farmacias Capuchinas, Calle Luz Saviñón 767, Colonia Narvarte Poniente, 03020 Mexico City, Mexico",Colonia Narvarte Poniente,47,https://rentola.mx/listings/departamento-en-renta-calle-luz-savinon-1354-1356-narvarte-poniente-benito-juarez-ciudad-de-mexico-03020-mex-pdf7411
RENTOLA-9,departamento de 3 habitaciones de 103 m² en Ciudad de México,42780,415,3,0,1,"Calle Cholula 23, Condesa, 06100 Mexico City, Mexico",Condesa,47,https://rentola.mx/listings/departamento-en-renta-calle-cholula-21-hipodromo-cuauhtemoc-ciudad-de-mexico-06100-mex-pc8c9d9
RENTOLA-3,departamento de 2 habitaciones de 52 m² en Ciudad de México,16500,317,2,0,1,"unnamed road, Manzanastitla, 05270 Mexico City, MEX, Mexico",05270 Mexico City,47,https://rentola.mx/listings/departamento-en-renta-manzanastitla-cuajimalpa-de-morelos-pb658e3
RENTOLA-47,departamento de 3 habitaciones de 138 m² en Ciudad de México,52000,377,3,0,1,"Carretera México - Toluca, Cooperativa Palo Alto, 05110 Mexico City, CMX, Mexico",05110 Mexico City,47,https://rentola.mx/listings/estrena-departamento-en-renta-en-agwa-bosques-p709e47
RENTOLA-9,1 habitación de 16m² en Ciudad de México,5000,313,1,0,0,"Circuito Río Acaponeta, Iztapalapa, 09030 Mexico City, CMX, Mexico",Iztapalapa,47,https://rentola.mx/listings/tu-nuevo-espacio-te-espera-habitaciones-en-renta-comodas-y-accesibles-p1ebbb9
RENTOLA-41,Viviendas en renta en Ciudad de México,0,0,0,0,0,N/A,CDMX,48,https://rentola.mx/renta?location=ciudad-de-mexico&property_types=room&property_types=house&property_types=apartment&property_types=studio&page=41
RENTOLA-40,¡Ups!,0,0,0,0,0,N/A,CDMX,48,https://rentola.mx/en/for-rent?location=mexico-city&property_types=room&property_types=house&property_types=apartment&property_types=studio&page=40
RENTOLA-28,departamento de 2 habitaciones de 75 m² en Ciudad de México,18000,240,2,0,1,"Calle Guipuzcoa, Colonia Josefa Ortiz de Domínguez, 03430 Mexico City, Mexico",Colonia Josefa Ortiz de Domínguez,48,https://rentola.mx/listings/departamento-en-renta-guipuzcoa-108-ninos-heroes-de-chapultepec-ninos-heroes-ciudad-de-mexico-cdmx-mexico-p6deb28
RENTOLA-566460,departamento de 2 habitaciones de 61 m² en Ciudad de México,12000,197,2,0,1,"Escuela Superior de Turismo IPN, Privada Segunda Plan de San Luis 39, Colonia La Salle, 07630 Mexico City, CMX, Mexico",07630 Mexico City,48,https://rentola.mx/listings/departamento-col-la-purisima-ticoman-p566460
RENTOLA-781910,departamento de 3 habitaciones de 76 m² en Ciudad de México,16000,211,3,0,1,"RIS 1 Edificio 14, Avenida Insurgentes Sur 4411, Calvario Camisetas, 14430 Mexico City, CMX, Mexico",14430 Mexico City,48,https://rentola.mx/listings/departamento-en-renta-calle-mayas-4411-tlalcoligia-tlalpan-ciudad-de-mexico-14420-mex-p7c117c
RENTOLA-478463,departamento de 1 habitación de 60 m² en Ciudad de México,12950,216,1,0,1,"Asistencia Técnica Médica, Calle Clavelinas 217, Colonia Nueva Santa María, 02800 Mexico City, CMX, Mexico",02800 Mexico City,48,https://rentola.mx/listings/departamento-en-renta-nueva-santa-maria-ciudad-de-mexico-cdmx-mexico-p05e26d
RENTOLA-467447,departamento de 2 habitaciones de 64 m² en Ciudad de México,14500,227,2,0,1,"Ermita, Transbordo Intermodal Metro Ermita, Colonia Miravalle, 03580 Mexico City, CMX, Mexico",03580 Mexico City,48,https://rentola.mx/listings/departamento-en-renta-calzada-de-tlalpan-1535-portales-sur-ciudad-de-mexico-cdmx-mexico-p8efa5a
RENTOLA-981210,casa de 3 habitaciones de 280 m² en Ciudad de México,45000,161,3,0,0,"Calle Emiliano Zapata, Colonia San Jerónimo Aculco, 10400 Mexico City, Mexico",Colonia San Jerónimo Aculco,48,https://rentola.mx/listings/casa-en-renta-calle-emiliano-zapata-15-san-jeronimo-aculco-la-magdalena-contreras-ciudad-de-mexico-10400-mex-pb620cc
RENTOLA-661450,casa de 5 habitaciones de 299 m² en Ciudad de México,40000,134,5,0,1,"Circuito Río Macuspana n, 20, Colonia Real del Moral, 09010 Mexico City, Mexico",Colonia Real del Moral,48,https://rentola.mx/listings/casa-en-renta-circuito-rio-macuspana-1-21-paseos-de-churubusco-iztapalapa-ciudad-de-mexico-09030-mex-p661450
RENTOLA-867589,casa de 4 habitaciones de 500 m² en Ciudad de México,80000,160,4,0,1,"Calle Árbol, San Ángel, 01000 Mexico City, Mexico",San Ángel,48,https://rentola.mx/listings/casa-en-renta-san-angel-alvaro-obregon-cdmx-p05bebd
RENTOLA-218233,1 habitación de 42m² en Ciudad de México,6470,154,1,0,0,"Calzada de los Misterios, Colonia Guadalupe Tepeyac, 07870 Mexico City, Mexico",Colonia Guadalupe Tepeyac,48,https://rentola.mx/listings/single-room-in-coliving-p8d315e
RENTOLA-7,casa de 3 habitaciones de 112 m² en Ciudad de México,13000,116,3,0,1,"Cerrada Quinta Yautle, Colonia La Cantera, 04369 Mexico City, CMX, Mexico",04369 Mexico City,48,https://rentola.mx/listings/house-for-rent-in-quinta-cantera-pd821e7
RENTOLA-7,departamento de 2 habitaciones de 75 m² en Ciudad de México,13000,173,2,0,1,"Calle Majuelos, Colonia Aldama, 16010 Mexico City, Mexico",Colonia Aldama,48,https://rentola.mx/listings/departamento-en-renta-colonia-paseos-del-sur-xocchimilco-ciudad-de-mexico-peae4a7
RENTOLA-350369,departamento de 1 habitación de 240 m² en Ciudad de México,40000,167,1,0,1,"Calle Guillermo Prieto 28, San Jerónimo Aculco-Lídice, 10000 Mexico City, Mexico",San Jerónimo Aculco-Lídice,48,https://rentola.mx/listings/departamento-en-renta-calle-guillermo-prieto-14-28-lomas-quebradas-la-magdalena-contreras-ciudad-de-mexico-10000-mex-p614cef
RENTOLA-902876,departamento de 1 habitación de 75 m² en Ciudad de México,36000,480,1,0,1,"Calle Ferrocarril de Cuernavaca, Ampliación Granada, 11529 Mexico City, Mexico",Ampliación Granada,48,https://rentola.mx/listings/departamento-en-renta-calle-de-ferrocaril-779-ampliacion-granada-miguel-hidalgo-ciudad-de-mexico-11529-mex-pc7334f
RENTOLA-3,1 habitación de 16m² en Ciudad de México,6500,406,1,0,0,"Calle San Felipe, Colonia Xoco, 03330 Mexico City, Mexico",Colonia Xoco,48,https://rentola.mx/listings/se-renta-habitacion-amueblada-p579ae3
RENTOLA-903953,departamento de 2 habitaciones de 97 m² en Ciudad de México,50000,515,2,0,0,"Paseo de los Arquitectos, Santa Fe Cuajimalpa, 04349 Mexico City, Mexico",Cuajimalpa,48,https://rentola.mx/listings/renta-departamento-2-recamaras-av-santa-fe-parque-de-la-mexicana-p903953
RENTOLA-42,Viviendas en renta en Ciudad de México,0,0,0,0,0,N/A,CDMX,48,https://rentola.mx/renta?location=ciudad-de-mexico&property_types=room&property_types=house&property_types=apartment&property_types=studio&page=42
RENTOLA-41,¡Ups!,0,0,0,0,0,N/A,CDMX,48,https://rentola.mx/en/for-rent?location=mexico-city&property_types=room&property_types=house&property_types=apartment&property_types=studio&page=41
RENTOLA-01,departamento de 1 habitación de 40 m² en Ciudad de México,21000,525,1,0,1,"Calle Veracruz 95, Condesa, 06140 Mexico City, Mexico",Condesa,48,https://rentola.mx/listings/departamento-en-renta-avenida-veracruz-93-condesa-cuauhtemoc-ciudad-de-mexico-06140-mex-pe40f01
RENTOLA-935431,departamento de 3 habitaciones de 420 m² en Ciudad de México,8000,19,3,0,0,"Avenida Paseo Bosque de la Reforma, Colonia Cumbres Reforma, 05120 Mexico City, CMX, Mexico",05120 Mexico City,49,https://rentola.mx/listings/vidalta-de-lujo-en-renta-bosques-de-las-lomas-p578b1a
RENTOLA-147046,departamento de 1 habitación de 45 m² en Ciudad de México,24000,533,1,0,1,"Centro Santa Fe, Avenida Santa Fe, Santa Fe Cuajimalpa, 05348 Mexico City, CMX, Mexico",Cuajimalpa,49,https://rentola.mx/listings/renta-departamento-en-city-blue-santa-fe-pc011ae
RENTOLA-846554,departamento de 2 habitaciones de 170 m² en Ciudad de México,4500,26,2,0,1,"Calle Edgar Allan Poe 64, Polanco, 11540 Mexico City, Mexico",Polanco,49,https://rentola.mx/listings/polanco-edgar-allan-poe-departamento-en-renta-p846554
RENTOLA-96799,casa de 3 habitaciones de 180 m² en Ciudad de México,18000,100,3,0,1,"Los Andes, Camino Rojo 1, Rinconada de los Continentes 3a Sección, 04700 Mexico City, CMX, Mexico",04700 Mexico City,49,https://rentola.mx/listings/casa-en-venta-y-o-renta-en-rinconada-de-los-andes-san-luis-potosi-pe96799
RENTOLA-829786,1 habitación de 18m² en Ciudad de México,8500,472,1,0,0,"Torre Libertad, Avenida Paseo de la Reforma 439, Cuauhtémoc, 06500 Mexico City, Mexico",Cuauhtémoc,49,https://rentola.mx/listings/habitaciones-en-comodo-departamento-amueblado-p829786
RENTOLA-942398,departamento de 1 habitación de 30 m² en Ciudad de México,8000,267,1,0,0,"Calle Transmisiones, Las Águilas, 01780 Mexico City, CMX, Mexico",01780 Mexico City,49,https://rentola.mx/listings/departamento-col-lomas-de-san-angel-inn-p7e527d
RENTOLA-4375,1 habitación de 24m² en Ciudad de México,11000,458,1,0,0,"Calle Culiacán 29, Condesa, 06100 Mexico City, Mexico",Condesa,49,https://rentola.mx/listings/rento-cuarto-sin-amueblar-en-hipodromo-condesa-p9e4375
RENTOLA-9,departamento de 3 habitaciones de 380 m² en Ciudad de México,130000,342,3,0,1,"Outlaw, Calle Alejandro Dumas 135, Polanco, 11550 Mexico City, CMX, Mexico",Polanco,49,https://rentola.mx/listings/mdv-renta-de-ph-con-fantastica-vista-polanco-p7de6e9
RENTOLA-55,departamento de 1 habitación de 25 m² en Ciudad de México,12000,480,1,0,0,"Calle Alejandro Allori 81, Colonia Alfonso XIII, 01460 Mexico City, CMX, Mexico",01460 Mexico City,49,https://rentola.mx/listings/renta-loft-amueblado-pa19e55
RENTOLA-2,departamento de 1 habitación de 8 m² en Ciudad de México,4500,563,1,0,0,"Calle Lauro Aguirre, Agricultura, 11360 Mexico City, CMX, Mexico",11360 Mexico City,49,https://rentola.mx/listings/departamento-col-agricultura-pfdded2
RENTOLA-55,departamento de 2 habitaciones de 77 m² en Ciudad de México,12500,162,2,0,0,"Retorno 18 de Avenida del Taller, Colonia Jardín Balbuena, 15900 Mexico City, CMX, Mexico",15900 Mexico City,49,https://rentola.mx/listings/departamento-col-jardin-balbuena-pd79a55
RENTOLA-615639,departamento de 2 habitaciones de 50 m² en Ciudad de México,10498,210,2,0,0,"Calle Bismarck 62, Colonia Moderna, 03510 Mexico City, CMX, Mexico",03510 Mexico City,49,https://rentola.mx/listings/departamento-col-moderna-p22a93b
RENTOLA-51,casa de 3 habitaciones de 300 m² en Ciudad de México,40000,133,3,0,0,"Calle Glaciar, Las Águilas, 01789 Mexico City, Mexico",Las Águilas,49,https://rentola.mx/listings/casa-en-renta-glaciar-olivar-de-los-padres-alvaro-obregon-ciudad-de-mexico-01780-mex-pd66d51
RENTOLA-156449,casa de 4 habitaciones de 72 m² en Ciudad de México,14200,197,4,0,1,"Cerrada Chilam Balam, San Jerónimo Aculco-Lídice, 10100 Mexico City, Mexico",San Jerónimo Aculco-Lídice,49,https://rentola.mx/listings/casa-en-renta-san-jeronimo-lidice-la-magdalena-contreras-p814aba
RENTOLA-7,departamento de 2 habitaciones de 80 m² en Ciudad de México,16000,200,2,0,1,"Calle Lago Cuitzeo, Anahuác 2ª Sección, 11330 Mexico City, Mexico",Anahuác 2ª Sección,49,https://rentola.mx/listings/departamento-en-renta-lago-cuitzeo-248-anahuac-i-seccion-ciudad-de-mexico-cdmx-mexico-p8b37d7
RENTOLA-2350,casa de 3 habitaciones de 360 m² en Ciudad de México,39900,111,3,0,1,"Calle Nicolás San Juan, Del Valle, 03100 Mexico City, Mexico",Del Valle,49,https://rentola.mx/listings/casa-en-renta-del-valle-centro-benito-juarez-cdmx-pba2350
RENTOLA-0,departamento de 2 habitaciones de 110 m² en Ciudad de México,33000,300,2,0,1,"Calle Alcázar de Toledo, Lomas de Chapultepec, 11930 Mexico City, Mexico",Lomas de Chapultepec,49,https://rentola.mx/listings/departamento-en-renta-lomas-de-reforma-ciudad-de-mexico-cdmx-mexico-pd9b1a0
RENTOLA-4,departamento de 1 habitación de 6 m² en Ciudad de México,7800,1300,1,0,1,"Consulado de China, Avenida Río de la Magdalena 172, Colonia Ermita Tizapán, 01090 Mexico City, Mexico",Colonia Ermita Tizapán,49,https://rentola.mx/listings/departamento-en-renta-rio-de-la-magdalena-tizapan-san-angel-progreso-tizapan-ciudad-de-mexico-cdmx-mexico-p216fb4
RENTOLA-902463,departamento de 1 habitación de 45 m² en Ciudad de México,14500,322,1,0,1,"Calle Taller de Espoletas, Lomas de Chamizal, 05129 Mexico City, Mexico",Lomas de Chamizal,49,https://rentola.mx/listings/departamento-en-renta-avenida-fabrica-de-cartuchos-11-17-lomas-del-chamizal-cuajimalpa-de-morelos-ciudad-de-mexico-05129-me-p61f49e
RENTOLA-43,Viviendas en renta en Ciudad de México,0,0,0,0,0,N/A,CDMX,49,https://rentola.mx/renta?location=ciudad-de-mexico&property_types=room&property_types=house&property_types=apartment&property_types=studio&page=43
RENTOLA-42,¡Ups!,0,0,0,0,0,N/A,CDMX,50,https://rentola.mx/en/for-rent?location=mexico-city&property_types=room&property_types=house&property_types=apartment&property_types=studio&page=42
RENTOLA-474395,departamento de 3 habitaciones de 289 m² en Ciudad de México,100000,346,3,0,1,"Calle Isaac Newton 16, Polanco, 11550 Mexico City, Mexico",Polanco,50,https://rentola.mx/listings/departamento-en-renta-en-polanco-pb4ab9b
RENTOLA-82802,departamento de 2 habitaciones de 78 m² en Ciudad de México,15000,192,2,0,1,"Avenida Río de la Piedad, Colonia Viaducto Piedad, 08200 Mexico City, Mexico",Colonia Viaducto Piedad,50,https://rentola.mx/listings/departamento-col-viaducto-piedad-pe82802
RENTOLA-982,casa de 3 habitaciones de 147 m² en Ciudad de México,23000,156,3,0,1,"Calle Acueducto, Colonia Canal 11, 16200 Mexico City, Mexico",Colonia Canal 11,50,https://rentola.mx/listings/casa-en-condominio-en-renta-prolongacion-del-acueducto-santiago-tepalcatlalpan-xochimilco-ciudad-de-mexico-16200-mex-p68e982
RENTOLA-5,departamento de 2 habitaciones de 86 m² en Ciudad de México,25000,291,2,0,1,"unnamed road, Las Águilas, 01708 Mexico City, Mexico",Las Águilas,50,https://rentola.mx/listings/departamento-en-renta-tio-juarez-av-toluca-669-olivar-de-los-padres-alvaro-obregon-ciudad-de-mexico-01780-mex-p5691a5
RENTOLA-020893,departamento de 1 habitación de 80 m² en Ciudad de México,25900,324,1,0,1,"Calle Fernando Espinosa Gutiérrez, Jalalpa, 01210 Mexico City, Mexico",Jalalpa,50,https://rentola.mx/listings/departamento-en-renta-av-javier-barros-sierra-225-santa-fe-alameda-poniente-ciudad-de-mexico-cdmx-mexico-p020893
RENTOLA-704259,departamento de 3 habitaciones de 120 m² en Ciudad de México,35000,292,3,0,1,"Carretera México - Toluca, Paseo de las Lomas, 01330 Mexico City, Mexico",Paseo de las Lomas,50,https://rentola.mx/listings/departamento-en-renta-santa-fe-alvaro-obregon-cdmx-p18f65c
RENTOLA-7,casa de 1 habitación de 70 m² en Ciudad de México,7500,107,1,0,1,"Boulevard de los Arcos, Colonia Paraje Tetenco, 14658 Mexico City, CMX, Mexico",14658 Mexico City,50,https://rentola.mx/listings/casa-en-renta-calle-campanario-46-46-paraje-tetenco-tlalpan-ciudad-de-mexico-14650-mex-p89fab7
RENTOLA-0,casa de 1 habitación de 600 m² en Ciudad de México,150000,250,1,0,1,"Avenida Azcapotzalco, Barrio Nextengo, 02070 Mexico City, Mexico",Azcapotzalco,50,https://rentola.mx/listings/casa-en-renta-avenida-azcapotzalco-del-recreo-azcapotzalco-ciudad-de-mexico-02070-mex-p1eece0
RENTOLA-693074,casa de 2 habitaciones de 60 m² en Ciudad de México,14000,233,2,0,1,"Calle Ignacio Zaragoza, Colonia San Juan Tepepan, 16020 Mexico City, Mexico",Colonia San Juan Tepepan,50,https://rentola.mx/listings/casa-en-renta-calle-ignacio-zaragoza-3-san-juan-tepepan-xochimilco-ciudad-de-mexico-16020-mex-pe6766c
RENTOLA-901938,departamento de 3 habitaciones de 126 m² en Ciudad de México,25000,198,3,0,1,"Sexta Cerrada del IMAN, Ex-ejido de Santa Úrsula Coapa, 04739 Mexico City, Mexico",Ex-ejido de Santa Úrsula Coapa,50,https://rentola.mx/listings/departamento-en-renta-sexta-cerrada-de-avenida-del-iman-no-10-la-zorra-ciudad-de-mexico-cdmx-mexico-p6320de
RENTOLA-718144,casa de 3 habitaciones de 263 m² en Ciudad de México,39500,150,3,0,1,"Calle Canope, Barrio San Lucas, 04870 Mexico City, Mexico",Barrio San Lucas,50,https://rentola.mx/listings/casa-en-renta-calle-canope-21-prado-coyoacan-coyoacan-ciudad-de-mexico-04810-mex-pa3387f
RENTOLA-753322,departamento de 1 habitación de 85 m² en Ciudad de México,27000,318,1,0,0,"Tencüi, Calle Eligio Ancona 191, Santa María la Ribera, 06400 Mexico City, CMX, Mexico",06400 Mexico City,50,https://rentola.mx/listings/loft-amueblado-en-av-santa-fe-p01251f
RENTOLA-268811,departamento de 2 habitaciones de 57 m² en Ciudad de México,11000,193,2,0,1,"Calle Norte 79 B, Colonia Libertad, 02060 Mexico City, CMX, Mexico",02060 Mexico City,50,https://rentola.mx/listings/se-renta-departamento-aquiles-elorduy-p268811
RENTOLA-93,departamento de 3 habitaciones de 80 m² en Ciudad de México,12000,150,3,0,1,"Cerrada Bellota, Colonia Lomas de Belvedere, 14250 Mexico City, CMX, Mexico",14250 Mexico City,50,https://rentola.mx/listings/departamento-en-renta-en-tlalpan-pinanona-pdf4c93
RENTOLA-40,departamento de 2 habitaciones de 86 m² en Ciudad de México,25000,291,2,0,1,"Avenida de las Torres, Olivar de los Padres, 01780 Mexico City, CMX, Mexico",01780 Mexico City,50,https://rentola.mx/listings/departamento-en-renta-2-recamaras-citta-san-jeronimo-p4d5b40
RENTOLA-44,Viviendas en renta en Ciudad de México,0,0,0,0,0,N/A,CDMX,50,https://rentola.mx/renta?location=ciudad-de-mexico&property_types=room&property_types=house&property_types=apartment&property_types=studio&page=44
RENTOLA-43,¡Ups!,0,0,0,0,0,N/A,CDMX,50,https://rentola.mx/en/for-rent?location=mexico-city&property_types=room&property_types=house&property_types=apartment&property_types=studio&page=43
RENTOLA-12,departamento de 3 habitaciones de 110 m² en Ciudad de México,29000,264,3,0,1,"Avenida Revolución 1412, San Ángel, 01020 Mexico City, Mexico",San Ángel,50,https://rentola.mx/listings/espectacular-departamento-de-dos-niveles-en-av-revolucion-1400-p0fde12
RENTOLA-5,departamento de 2 habitaciones de 65 m² en Ciudad de México,12500,192,2,0,0,"Calle Francisco P. Miranda 183, Las Águilas, 01600 Mexico City, Mexico",Las Águilas,50,https://rentola.mx/listings/departamento-en-renta-restaurante-las-cazuelas-de-la-abuela-calle-francisco-de-p-miranda-167-merced-gomez-alvaro-obregon-ci-p2d09f5
RENTOLA-521416,departamento de 2 habitaciones de 90 m² en Ciudad de México,17000,189,2,0,1,"unnamed road, Colonia Valle Tepepan, 14646 Mexico City, Mexico",Colonia Valle Tepepan,51,https://rentola.mx/listings/departamento-en-renta-valle-de-tepepan-tlalpan-cdmx-p73b3ec
RENTOLA-31,departamento de 1 habitación de 70 m² en Ciudad de México,30000,429,1,0,1,"7-Eleven, Calle Lago Zurich 168, Ampliación Granada, 11500 Mexico City, Mexico",Ampliación Granada,51,https://rentola.mx/listings/departamento-en-renta-ampliacion-granada-miguel-hidalgo-cdmx-pf59c31
RENTOLA-761538,1 habitación de 21m² en Ciudad de México,5000,238,1,0,0,"Calle José Sánchez Trujillo, Colonia San Álvaro, 02090 Mexico City, CMX, Mexico",02090 Mexico City,51,https://rentola.mx/listings/departamento-compartido-p00e1ee
RENTOLA-4,departamento de 1 habitación de 64 m² en Ciudad de México,29000,453,1,0,1,"Avenida Paseo de la Reforma, Tabacalera, 06030 Mexico City, Mexico",Tabacalera,51,https://rentola.mx/listings/departamento-en-renta-paseo-de-la-reforma-norte-77-tabacalera-ciudad-de-mexico-cdmx-mexico-p20d2d4
RENTOLA-032,departamento de 3 habitaciones de 276 m² en Ciudad de México,65000,236,3,0,0,"Avenida Santa Fe - Juan O'Gorman, Calle Juan O'Gorman, Santa Fe Cuajimalpa, 04349 Mexico City, Mexico",Cuajimalpa,51,https://rentola.mx/listings/departamento-en-renta-av-santa-fe-471-santa-fe-contadero-ciudad-de-mexico-cdmx-mexico-pead032
RENTOLA-928,departamento de 2 habitaciones de 110 m² en Ciudad de México,56000,509,2,0,1,"Calle Pachuca 96, Condesa, 06140 Mexico City, CMX, Mexico",Condesa,51,https://rentola.mx/listings/departamento-en-la-condesa-pbed928
RENTOLA-93,departamento de 3 habitaciones de 100 m² en Ciudad de México,12500,125,3,0,1,"Calle Sisal, Colonia Sector 17, 14100 Mexico City, CMX, Mexico",14100 Mexico City,51,https://rentola.mx/listings/departamento-col-pedregal-de-san-nicolas-1a-seccion-p783a93
RENTOLA-31,departamento de 1 habitación de 90 m² en Ciudad de México,33000,367,1,0,1,"Avenida de los Alpes 1220, Lomas de Chapultepec, 11000 Mexico City, CMX, Mexico",11000 Mexico City,51,https://rentola.mx/listings/departamento-amueblado-en-alpes-lomas-de-chapultepec-p369b31
RENTOLA-474,departamento de 3 habitaciones de 180 m² en Ciudad de México,5900,33,3,0,1,"Avenida Moliere 80, Polanco, 11560 Mexico City, CMX, Mexico",Polanco,51,https://rentola.mx/listings/departamento-amueblado-en-renta-en-molier-p19f474
RENTOLA-52,departamento de 1 habitación de 432 m² en Ciudad de México,142000,329,1,0,1,"Calle Arquímedes 11, Polanco, 11560 Mexico City, CMX, Mexico",Polanco,51,https://rentola.mx/listings/departamento-en-renta-en-la-calle-de-arquimedes-pe84e52
RENTOLA-662261,casa de 5 habitaciones de 290 m² en Ciudad de México,29900,103,5,0,1,"Calle John F. Kennedy, Colonia Rómulo Sánchez Mireles, 14030 Mexico City, CMX, Mexico",14030 Mexico City,51,https://rentola.mx/listings/casa-col-isidro-fabela-p2edbdd
RENTOLA-201984,1 habitación de 19m² en Ciudad de México,5700,300,1,0,0,"Calle Petazol, Barrio San Fernando, 14070 Mexico City, CMX, Mexico",14070 Mexico City,51,https://rentola.mx/listings/recamara-independiente-amueblada-con-bano-cerca-de-unam-perisur-zona-hospitales-la-salle-medicina-pcc019b
RENTOLA-1,departamento de 3 habitaciones de 370 m² en Ciudad de México,130000,351,3,0,1,"Mifel, Avenida Presidente Masaryk 219, Polanco, 11560 Mexico City, Mexico",Polanco,51,https://rentola.mx/listings/departamento-en-renta-o-venta-en-polanco-3r-3-5b-4e-terraza-370m2-pef30e1
RENTOLA-797416,departamento de 3 habitaciones de 180 m² en Ciudad de México,5900,33,3,0,1,"Instituto Nacional de Migracion - Oficina CDMX, Calle Platón 862, Polanco 2ª Sección, 11591 Mexico City, Mexico",Polanco,51,https://rentola.mx/listings/departamento-en-renta-en-residencial-moliere-p24b9ea
RENTOLA-438944,departamento de 2 habitaciones de 229 m² en Ciudad de México,75000,328,2,0,1,"Calle Pachuca 96, Condesa, 06140 Mexico City, Mexico",Condesa,51,https://rentola.mx/listings/departamento-en-renta-condesa-ciudad-de-mexico-cdmx-mexico-p438944
RENTOLA-155391,casa de 3 habitaciones de 220 m² en Ciudad de México,24000,109,3,0,0,"Cerrada Chabacano, Colonia San Mateo Tlaltenango, 05600 Mexico City, Mexico",Colonia San Mateo Tlaltenango,51,https://rentola.mx/listings/casa-en-renta-santa-rosa-xochiac-alvaro-obregon-cdmx-p05558a
RENTOLA-948488,casa de 2 habitaciones de 200 m² en Ciudad de México,25000,125,2,0,1,"Calle Ocotepec, San Jerónimo Aculco-Lídice, 10200 Mexico City, Mexico",San Jerónimo Aculco-Lídice,51,https://rentola.mx/listings/casa-en-renta-san-jeronimo-lidice-la-magdalena-contreras-paae72f
RENTOLA-716758,casa de 3 habitaciones de 250 m² en Ciudad de México,26000,104,3,0,0,"Cerrada Chabacano, Colonia San Mateo Tlaltenango, 05600 Mexico City, Mexico",Colonia San Mateo Tlaltenango,51,https://rentola.mx/listings/casa-en-renta-santa-rosa-xochiac-alvaro-obregon-cdmx-p47539f
RENTOLA-937985,casa de 3 habitaciones de 243 m² en Ciudad de México,41000,169,3,0,1,"Centro Corporativo Automotriz, Avenida Coyoacán 1827, Colonia Acacias, 03100 Mexico City, Mexico",Coyoacán,51,https://rentola.mx/listings/casa-en-renta-acacias-benito-juarez-cdmx-p937985
RENTOLA-45,Viviendas en renta en Ciudad de México,0,0,0,0,0,N/A,CDMX,51,https://rentola.mx/renta?location=ciudad-de-mexico&property_types=room&property_types=house&property_types=apartment&property_types=studio&page=45
RENTOLA-44,¡Ups!,0,0,0,0,0,N/A,CDMX,52,https://rentola.mx/en/for-rent?location=mexico-city&property_types=room&property_types=house&property_types=apartment&property_types=studio&page=44
RENTOLA-1,departamento de 1 habitación de 35 m² en Ciudad de México,4500,129,1,0,0,"Calle General Antonio Cárdenas Rodíguez, Colonia Sifón, 09400 Mexico City, CMX, Mexico",09400 Mexico City,52,https://rentola.mx/listings/departamento-col-sector-popular-p2e74a1
RENTOLA-6,departamento de 2 habitaciones de 58 m² en Ciudad de México,16000,276,2,0,1,"Calzada México Tacuba, Argentina Poniente, 11230 Mexico City, CMX, Mexico",11230 Mexico City,52,https://rentola.mx/listings/renta-puerta-toreo-miguel-hidalgo-pcb6cb6
RENTOLA-2,departamento de 2 habitaciones de 60 m² en Ciudad de México,13000,217,2,0,1,"Avenida Aztecas, Colonia Monserrat Universidad, 04330 Mexico City, Mexico",Colonia Monserrat Universidad,52,https://rentola.mx/listings/departamento-col-ajusco-p75faf2
RENTOLA-86,casa de 3 habitaciones de 420 m² en Ciudad de México,98000,233,3,0,1,"Calle Cumbres de Acultzingo, Lomas de Chapultepec, 11950 Mexico City, Mexico",Lomas de Chapultepec,52,https://rentola.mx/listings/casa-en-renta-calle-cumbres-de-acultzingo-185-220-lomas-altas-miguel-hidalgo-ciudad-de-mexico-11950-mex-pcbfa86
RENTOLA-386705,departamento de 3 habitaciones de 190 m² en Ciudad de México,38000,200,3,0,1,"Avenida Tamaulipas 117, Condesa, 06170 Mexico City, Mexico",Condesa,52,https://rentola.mx/listings/departamento-en-renta-calle-campeche-396-hipodromo-condesa-cuauhtemoc-ciudad-de-mexico-06170-mex-p3c81db
RENTOLA-1,departamento de 2 habitaciones de 90 m² en Ciudad de México,22000,244,2,0,1,"PAN Comité Delegacional Benito Juarez, Calle Anaxágoras 865, Colonia Narvarte Poniente, 03020 Mexico City, Mexico",Colonia Narvarte Poniente,52,https://rentola.mx/listings/departamento-col-narvarte-poniente-pecbef1
RENTOLA-4,departamento de 1 habitación de 82 m² en Ciudad de México,36000,439,1,0,1,"Tencüi, Calle Eligio Ancona 191, Santa María la Ribera, 06400 Mexico City, CMX, Mexico",06400 Mexico City,52,https://rentola.mx/listings/renta-depa-high-park-santa-fe-p6650d4
RENTOLA-9,departamento de 1 habitación de 39 m² en Ciudad de México,17400,446,1,0,1,"Calle Licenciado Rafael Reyes Espíndola, Periodista, 11220 Mexico City, Mexico",Periodista,52,https://rentola.mx/listings/departamento-en-renta-periodista-miguel-hidalgo-cdmx-p2a61d9
RENTOLA-197956,departamento de 3 habitaciones de 220 m² en Ciudad de México,48000,218,3,0,0,"Avenida Homero, Polanco 1ª Sección, 11510 Mexico City, Mexico",Polanco,52,https://rentola.mx/listings/departamento-en-renta-calle-blas-pascal-135-polanco-miguel-hidalgo-ciudad-de-mexico-11510-mex-p197956
RENTOLA-998519,departamento de 3 habitaciones de 163 m² en Ciudad de México,44000,270,3,0,1,"Calle Julián Adame 114, San José de los Cedros, 05240 Mexico City, Mexico",San José de los Cedros,52,https://rentola.mx/listings/departamento-en-renta-julian-adame-91-huizachito-ciudad-de-mexico-cdmx-mexico-p998519
RENTOLA-416715,departamento de 2 habitaciones de 68 m² en Ciudad de México,14500,213,2,0,1,"Calle Juan José Eguiara y Egurén 110, Colonia Viaducto Piedad, 08200 Mexico City, CMX, Mexico",08200 Mexico City,52,https://rentola.mx/listings/departamento-col-viaducto-piedad-p9e970d
RENTOLA-781608,departamento de 2 habitaciones de 74 m² en Ciudad de México,22000,297,2,0,1,"unnamed road, Las Águilas, 01750 Mexico City, Mexico",Las Águilas,52,https://rentola.mx/listings/departamento-amueblado-en-renta-en-grand-tower-centenario-p341f2c
RENTOLA-529,casa de 4 habitaciones de 248 m² en Ciudad de México,50000,202,4,0,1,"Calle Ejido Los Reyes, Colonia Ampliación San Francisco Culhuacán, 04470 Mexico City, Mexico",Colonia Ampliación San Francisco Culhuacán,52,https://rentola.mx/listings/casa-en-renta-calle-ejido-de-los-reyes-124-ex-ejido-de-san-francisco-culhuacan-coyoacan-ciudad-de-mexico-04420-mex-pdbb529
RENTOLA-397525,departamento de 2 habitaciones de 90 m² en Ciudad de México,32000,356,2,0,1,"Avenida Nuevo León 219, Condesa, 06100 Mexico City, Mexico",Condesa,52,https://rentola.mx/listings/departamento-en-renta-avenida-nuevo-leon-219-hipodromo-ciudad-de-mexico-cdmx-mexico-p1234fa
RENTOLA-210193,departamento de 2 habitaciones de 210 m² en Ciudad de México,37150,177,2,0,1,"Autopista Urbana Poniente, Olivar de los Padres, 01770 Mexico City, Mexico",Olivar de los Padres,52,https://rentola.mx/listings/departamento-en-renta-supervia-poniente-olivar-de-los-padres-alvaro-obregon-ciudad-de-mexico-01780-mex-pe46eec
RENTOLA-1,departamento de 2 habitaciones de 75 m² en Ciudad de México,27000,360,2,0,1,"Avenida José María Castorena, San Pedro Cuajimalpa, 05310 Mexico City, Mexico",Cuajimalpa,52,https://rentola.mx/listings/renta-departamento-en-santa-fe-amueblado-p9262c1
RENTOLA-38376,departamento de 2 habitaciones de 111 m² en Ciudad de México,27000,243,2,0,1,"Calle Juan Salvador Agraz, Santa Fe Cuajimalpa, 05348 Mexico City, Mexico",Cuajimalpa,52,https://rentola.mx/listings/departamento-en-renta-calle-juan-salvador-agraz-65-contadero-cuajimalpa-de-morelos-ciudad-de-mexico-05348-mex-pd38376
RENTOLA-4,departamento de 2 habitaciones de 54 m² en Ciudad de México,19000,352,2,0,1,"Avenida División del Norte 45, Locaxco, 05330 Mexico City, Mexico",Locaxco,52,https://rentola.mx/listings/departamento-en-renta-avenida-division-del-norte-30-30-lomas-de-memetla-cuajimalpa-de-morelos-ciudad-de-mexico-05360-mex-p5e7ca4
RENTOLA-46,Viviendas en renta en Ciudad de México,0,0,0,0,0,N/A,CDMX,52,https://rentola.mx/renta?location=ciudad-de-mexico&property_types=room&property_types=house&property_types=apartment&property_types=studio&page=46
RENTOLA-45,¡Ups!,0,0,0,0,0,N/A,CDMX,53,https://rentola.mx/en/for-rent?location=mexico-city&property_types=room&property_types=house&property_types=apartment&property_types=studio&page=45
RENTOLA-770559,departamento de 2 habitaciones de 145 m² en Ciudad de México,37000,255,2,0,0,"Calle Julián Adame 114, San José de los Cedros, 05240 Mexico City, Mexico",San José de los Cedros,53,https://rentola.mx/listings/departamento-en-renta-julian-adame-91-huizachito-ciudad-de-mexico-cdmx-mexico-p07274b
RENTOLA-23,1 habitación de 31m² en Ciudad de México,10000,323,1,0,0,"unnamed road, San Ángel, 01760 Mexico City, Mexico",San Ángel,53,https://rentola.mx/listings/renta-habitacion-atlamaya-desierto-de-los-leones-p881c23
RENTOLA-3231,departamento de 2 habitaciones de 96 m² en Ciudad de México,27500,286,2,0,1,"Calle Amores, Del Valle, 03100 Mexico City, CMX, Mexico",03100 Mexico City,53,https://rentola.mx/listings/departamento-en-colonia-del-valle-pfc3231
RENTOLA-70,departamento de 2 habitaciones de 60 m² en Ciudad de México,17000,283,2,0,0,"Calle Cedro 235, Santa María la Ribera, 06400 Mexico City, CMX, Mexico",06400 Mexico City,53,https://rentola.mx/listings/departamento-en-renta-santa-maria-de-ribera-pb81b70
RENTOLA-169019,departamento de 1 habitación de 56 m² en Ciudad de México,36800,657,1,0,1,"Avenida Río San Joaquín 406, Colonia Ampliación Popo, 11529 Mexico City, CMX, Mexico",11529 Mexico City,53,https://rentola.mx/listings/depa-en-renta-de-1-recamara-en-nuevo-polanco-polanco-cdmx-pc0ae7d
RENTOLA-3792,departamento de 2 habitaciones de 197 m² en Ciudad de México,70000,355,2,0,0,"Calle Monte Grampians, Lomas de Chapultepec, 11000 Mexico City, CMX, Mexico",11000 Mexico City,53,https://rentola.mx/listings/departamento-semi-amueblado-en-palmas-park-fz-p5a3792
RENTOLA-8,departamento de 1 habitación de 34 m² en Ciudad de México,12500,368,1,0,0,"Calle Wisconsin, Del Valle, 03840 Mexico City, CMX, Mexico",03840 Mexico City,53,https://rentola.mx/listings/departamento-col-ampliacion-napoles-p63b6d8
RENTOLA-51,departamento de 2 habitaciones de 150 m² en Ciudad de México,75000,500,2,0,1,"Santander, Calle Anatole France 109, Polanco, 11550 Mexico City, CMX, Mexico",Polanco,53,https://rentola.mx/listings/departamento-amueblado-en-renta-en-polanco-p978f51
RENTOLA-441706,departamento de 3 habitaciones de 180 m² en Ciudad de México,53000,294,3,0,0,"Paseo de los Arquitectos, Colonia Santa Lucía Reacomodo, 05348 Mexico City, CMX, Mexico",05348 Mexico City,53,https://rentola.mx/listings/citi-santa-fe-torre-barcelona-excelente-departamento-3-recamaras-amueblado-p441706
RENTOLA-5665,1 habitación de 18m² en Ciudad de México,10000,556,1,0,0,"Calle Michelet, Colonia Anzures, 11590 Mexico City, CMX, Mexico",11590 Mexico City,53,https://rentola.mx/listings/anzures-todo-incluido-p1f5665
RENTOLA-591671,departamento de 2 habitaciones de 138 m² en Ciudad de México,38000,275,2,0,1,"Calle Cuautla 101, Condesa, 06140 Mexico City, CMX, Mexico",Condesa,53,https://rentola.mx/listings/renta-departamento-condesa-p65f8cb
RENTOLA-476,departamento de 3 habitaciones de 278 m² en Ciudad de México,85000,306,3,0,1,"Calle Juan de Lafontaine 159, Polanco, 11540 Mexico City, CMX, Mexico",Polanco,53,https://rentola.mx/listings/renta-de-departamento-en-polanco-pfdb476
RENTOLA-9,departamento de 2 habitaciones de 80 m² en Ciudad de México,18100,226,2,0,0,"Avenida Pedro Henríquez Ureña 312, Colonia Pedregal de Coyoacán, 04369 Mexico City, CMX, Mexico",Coyoacán,53,https://rentola.mx/listings/departamento-en-renta-en-pedregal-de-santo-domingo-coyoacan-cdmx-p77c2e9
RENTOLA-46,departamento de 1 habitación de 37 m² en Ciudad de México,18000,486,1,0,1,"SIGEA, Avenida Revolución 1472, San Ángel, 01020 Mexico City, CMX, Mexico",01020 Mexico City,53,https://rentola.mx/listings/departamento-amueblado-en-renta-en-guadalupe-inn-pe42f46
RENTOLA-2,1 habitación de 38m² en Ciudad de México,15000,395,1,0,1,"Avenida Parque Lira, Colonia Ampliación Daniel Garza, 11850 Mexico City, CMX, Mexico",11850 Mexico City,53,https://rentola.mx/listings/hermosa-habitacion-en-penthouse-bano-privado-terraza-increible-vista-a-parque-p26f3b2
RENTOLA-7,1 habitación de 26m² en Ciudad de México,7000,269,1,0,0,"Boulevard Picacho Ajusco, Colonia Emilio Portes Gil, 14110 Mexico City, CMX, Mexico",14110 Mexico City,53,https://rentola.mx/listings/alegre-y-comoda-habitacion-con-vista-y-salida-al-jardin-p103fd7
RENTOLA-605532,1 habitación de 11m² en Ciudad de México,5800,527,1,0,0,"Calle Sabana, Fraccionamiento Rincón de San Juan, 14377 Mexico City, CMX, Mexico",14377 Mexico City,53,https://rentola.mx/listings/residencia-con-habitaciones-disponibles-hacienda-de-san-juan-pedcfae
RENTOLA-877374,departamento de 1 habitación de 20 m² en Ciudad de México,7800,390,1,0,0,"Avenida Luis Espinoza, Zona Escolar - Arbolillo - Jorge Negrete, 07268 Mexico City, MEX, Mexico",07268 Mexico City,53,https://rentola.mx/listings/departamento-en-renta-excelente-ubicacion-sobre-av-para-parejas-sin-mascotas-p877374
RENTOLA-3742,casa de 2 habitaciones de 190 m² en Ciudad de México,40000,211,2,0,1,"Calle Tonatiuh, Colonia Santa Isabel Industrial, 09820 Mexico City, Mexico",Colonia Santa Isabel Industrial,53,https://rentola.mx/listings/casa-col-san-francisco-culhuacan-barrio-de-santa-ana-pdd3742
RENTOLA-283,1 habitación de 14m² en Ciudad de México,5000,357,1,0,1,"Calle Francisco Tamagno, Peralvillo, 06220 Mexico City, Mexico",Peralvillo,54,https://rentola.mx/listings/rento-recamara-en-concepto-roomy-pf3a283
RENTOLA-244,casa de 3 habitaciones de 240 m² en Ciudad de México,135000,563,3,0,1,"BMW Servicio Central Polanco, Calle Francisco Petrarca 258, Polanco, 11570 Mexico City, CMX, Mexico",Polanco,54,https://rentola.mx/listings/renta-casa-polanco-pd5b244
RENTOLA-47,Viviendas en renta en Ciudad de México,0,0,0,0,0,N/A,CDMX,54,https://rentola.mx/renta?location=ciudad-de-mexico&property_types=room&property_types=house&property_types=apartment&property_types=studio&page=47
RENTOLA-46,¡Ups!,0,0,0,0,0,N/A,CDMX,54,https://rentola.mx/en/for-rent?location=mexico-city&property_types=room&property_types=house&property_types=apartment&property_types=studio&page=46
RENTOLA-76,departamento de 2 habitaciones de 56 m² en Ciudad de México,12700,227,2,0,1,"Calle Santa Rosa, Valle Gómez, 15210 Mexico City, CMX, Mexico",15210 Mexico City,54,https://rentola.mx/listings/departamento-en-renta-en-valle-gomez-venustiano-carranza-p320c76
RENTOLA-98592,casa de 4 habitaciones de 400 m² en Ciudad de México,50000,125,4,0,0,"Camino Diligencias, Colonia Mirador del Valle, 14659 Mexico City, Mexico",Colonia Mirador del Valle,54,https://rentola.mx/listings/casa-en-renta-camino-diligencias-6316-san-andres-totoltepec-tlalpan-ciudad-de-mexico-14400-mex-pa98592
RENTOLA-94,departamento de 2 habitaciones de 72 m² en Ciudad de México,18000,250,2,0,1,"Avenida Antonio Valeriano, Colonia Del Gas, 02950 Mexico City, Mexico",Colonia Del Gas,54,https://rentola.mx/listings/departamento-en-renta-calle-pino-622-a-arenal-azcapotzalco-ciudad-de-mexico-02980-mex-pec8e94
RENTOLA-575,departamento de 1 habitación de 34 m² en Ciudad de México,16600,488,1,0,1,"2o. Retorno Avenida de las Torres, Polanco, 53390 Mexico City, Mexico",Polanco,54,https://rentola.mx/listings/departamento-en-renta-lomas-de-sotelo-miguel-hidalgo-cdmx-p4fb575
RENTOLA-76531,departamento de 3 habitaciones de 120 m² en Ciudad de México,38000,317,3,0,1,"Calle Patricio Sanz, Del Valle, 03100 Mexico City, Mexico",Del Valle,54,https://rentola.mx/listings/departamento-en-renta-del-valle-norte-benito-juarez-cdmx-pc76531
RENTOLA-578461,departamento de 1 habitación de 48 m² en Ciudad de México,20800,433,1,0,1,"Avenida Industria Militar, Lomas de Chapultepec, 11200 Mexico City, Mexico",Lomas de Chapultepec,54,https://rentola.mx/listings/departamento-en-renta-avenida-industria-militar-lomas-de-sotelo-miguel-hidalgo-ciudad-de-mexico-11600-mex-p469b9b
RENTOLA-2749,casa de 4 habitaciones de 325 m² en Ciudad de México,32000,98,4,0,0,"Cerrada Maguey, Jesús del Monte, 05620 Mexico City, Mexico",Jesús del Monte,54,https://rentola.mx/listings/casa-en-renta-andador-jose-maria-castorena-27-119-cuajimalpa-cuajimalpa-de-morelos-ciudad-de-mexico-05260-mex-p3b2749
RENTOLA-99,departamento de 2 habitaciones de 76 m² en Ciudad de México,26900,354,2,0,1,"Ángel Urraza, Del Valle, 03100 Mexico City, Mexico",Del Valle,54,https://rentola.mx/listings/departamento-en-renta-calle-amores-937-949-del-valle-centro-benito-juarez-ciudad-de-mexico-03100-mex-p6c7a99
RENTOLA-417039,departamento de 3 habitaciones de 253 m² en Ciudad de México,63000,249,3,0,1,"unnamed road, San Bartolo Ameyalco, 01849 Mexico City, Mexico",San Bartolo Ameyalco,54,https://rentola.mx/listings/departamento-en-renta-01849-alvaro-obregon-ciudad-de-mexico-mex-p9cd36b
RENTOLA-610184,casa de 3 habitaciones de 180 m² en Ciudad de México,21000,117,3,0,1,"unnamed road, Colonia El Capulín, 14000 Mexico City, Mexico",Colonia El Capulín,54,https://rentola.mx/listings/casa-en-renta-miguel-hidalgo-tlalpan-cdmx-p08e28b
RENTOLA-1,casa de 3 habitaciones de 180 m² en Ciudad de México,25000,139,3,0,1,"Los Andes, Camino Rojo 1, Rinconada de los Continentes 3a Sección, 04700 Mexico City, Mexico",Rinconada de los Continentes 3a Sección,54,https://rentola.mx/listings/casa-en-renta-en-rinconada-de-los-andes-san-luis-potosi-pcaa3f1
RENTOLA-971355,casa de 3 habitaciones de 275 m² en Ciudad de México,40000,145,3,0,1,"Calle Pino, Colonia San Francisco, 10500 Mexico City, Mexico",Colonia San Francisco,54,https://rentola.mx/listings/casa-en-renta-calle-pino-24-lomas-quebradas-la-magdalena-contreras-ciudad-de-mexico-10000-mex-pf62f8d
RENTOLA-563009,casa de 5 habitaciones de 266 m² en Ciudad de México,25000,94,5,0,1,"Estacionamiento Plaza Oriente, Avenida Canal de Tezontle, Colonia Cuchillas del Moral II y III, 09020 Mexico City, Mexico",Colonia Cuchillas del Moral II y III,54,https://rentola.mx/listings/casa-en-renta-leyes-de-reforma-1a-seccion-iztapalapa-pa4915a
RENTOLA-8182,departamento de 2 habitaciones de 110 m² en Ciudad de México,33000,300,2,0,1,"Calle Alcázar de Toledo, Lomas de Chapultepec, 11930 Mexico City, Mexico",Lomas de Chapultepec,54,https://rentola.mx/listings/departamento-en-renta-alcazar-de-toledo-lomas-de-reforma-ciudad-de-mexico-cdmx-mexico-p1c8182
RENTOLA-98,departamento de 3 habitaciones de 222 m² en Ciudad de México,103969,468,3,0,1,"Santander, Calle Anatole France 109, Polanco, 11550 Mexico City, Mexico",Polanco,54,https://rentola.mx/listings/departamento-en-renta-anatole-france-polanco-polanco-iii-seccion-ciudad-de-mexico-cdmx-mexico-p3bfd98
RENTOLA-603674,departamento de 2 habitaciones de 75 m² en Ciudad de México,21000,280,2,0,1,"Calle Yosemite, Del Valle, 03810 Mexico City, Mexico",Del Valle,54,https://rentola.mx/listings/departamento-en-renta-napoles-benito-juarez-cdmx-p603674
RENTOLA-84,departamento de 2 habitaciones de 50 m² en Ciudad de México,12500,250,2,0,0,"Avenida Ingeniero Eduardo Molina, Colonia Vasco de Quiroga, 07440 Mexico City, Mexico",Colonia Vasco de Quiroga,55,https://rentola.mx/listings/departamento-en-renta-residencial-eduardo-molina-urbania-eduardo-molina-vasco-de-quiroga-salvador-diaz-miron-ciudad-de-mexic-p944c84
RENTOLA-4,departamento de 2 habitaciones de 75 m² en Ciudad de México,17500,233,2,0,1,"Cerrada Primera San José, Olivar de los Padres, 01729 Mexico City, Mexico",Olivar de los Padres,55,https://rentola.mx/listings/departamento-en-renta-segunda-cerrada-de-san-jose-7-7-olivar-de-los-padres-alvaro-obregon-ciudad-de-mexico-01780-mex-pe7e2d4
RENTOLA-48,Viviendas en renta en Ciudad de México,0,0,0,0,0,N/A,CDMX,55,https://rentola.mx/renta?location=ciudad-de-mexico&property_types=room&property_types=house&property_types=apartment&property_types=studio&page=48
RENTOLA-47,¡Ups!,0,0,0,0,0,N/A,CDMX,55,https://rentola.mx/en/for-rent?location=mexico-city&property_types=room&property_types=house&property_types=apartment&property_types=studio&page=47
RENTOLA-233559,departamento de 3 habitaciones de 78 m² en Ciudad de México,17000,218,3,0,1,"unnamed road, Colonia San Bartolo, 02720 Mexico City, CMX, Mexico",02720 Mexico City,55,https://rentola.mx/listings/departamento-en-renta-en-azcapotzalco-p233559
RENTOLA-164526,departamento de 2 habitaciones de 73 m² en Ciudad de México,10000,137,2,0,0,"Cerrada Río Churubusco, Colonia Agrícola Pantitlán, 15670 Mexico City, CMX, Mexico",15670 Mexico City,55,https://rentola.mx/listings/departamento-a-la-renta-iztacalco-cdmx-p187ebb
RENTOLA-567,1 habitación de 18m² en Ciudad de México,6000,333,1,0,1,"Calle Gorostiza, Morelos, 06280 Mexico City, CMX, Mexico",06280 Mexico City,55,https://rentola.mx/listings/renta-de-cuarto-amueblado-pa2c567
RENTOLA-3,departamento de 2 habitaciones de 80 m² en Ciudad de México,19500,244,2,0,1,"Avenida Secretaría de Marina, Lomas de Chamizal, 05129 Mexico City, CMX, Mexico",05129 Mexico City,55,https://rentola.mx/listings/departamento-en-renta-avenida-secretaria-de-marina-lomas-del-chamizal-cuajimalpa-de-morelos-ciudad-de-mexico-05129-mex-p379ae3
RENTOLA-93,departamento de 3 habitaciones de 110 m² en Ciudad de México,39000,355,3,0,1,"Boulevard Gran Sur, Colonia El Caracol, 04739 Mexico City, CMX, Mexico",04739 Mexico City,55,https://rentola.mx/listings/departamento-en-renta-pedregal-de-carrasco-coyoacan-cdmx-p3f9b93
RENTOLA-197243,departamento de 2 habitaciones de 53 m² en Ciudad de México,10000,189,2,0,1,"Calle Tenochtitlán 89, Arenal Puerto Aéreo, 15600 Mexico City, CMX, Mexico",15600 Mexico City,55,https://rentola.mx/listings/departamento-en-renta-remodelado-col-arenal-venustiano-carranza-cdmx-p3617bc
RENTOLA-4,departamento de 2 habitaciones de 100 m² en Ciudad de México,25000,250,2,0,0,"Avenida Monterrey, Roma, 06760 Mexico City, CMX, Mexico",06760 Mexico City,55,https://rentola.mx/listings/roma-sur-departamento-renta-cuauhtemoc-cdmx-p84abc4
RENTOLA-455333,departamento de 2 habitaciones de 55 m² en Ciudad de México,15800,287,2,0,1,"Avenida Ingeniero Eduardo Molina, Colonia Vasco de Quiroga, 07440 Mexico City, Mexico",Colonia Vasco de Quiroga,55,https://rentola.mx/listings/departamento-en-renta-vasco-de-quiroga-gustavo-a-madero-p455333
RENTOLA-321328,departamento de 2 habitaciones de 67 m² en Ciudad de México,31000,463,2,0,1,"unnamed road, Colonia Xoco, 03330 Mexico City, Mexico",Colonia Xoco,55,https://rentola.mx/listings/departamento-en-renta-en-urbano-park-coyoacan-p329d9b
RENTOLA-8625,departamento de 2 habitaciones de 90 m² en Ciudad de México,16500,183,2,0,1,"Viaducto Tlalpan, Viejo Ejido Santa Úrsula Coapa, 04980 Mexico City, CMX, Mexico",Tlalpan,55,https://rentola.mx/listings/departamento-en-renta-colonia-viejo-ejido-de-santa-ursula-coapa-coyoacan-cdmx-pcb8625
RENTOLA-57,departamento de 2 habitaciones de 50 m² en Ciudad de México,10000,200,2,0,1,"Calle 6 de Agosto de 1919, Colonia San Lorenzo La Cebada, 16035 Mexico City, Mexico",Colonia San Lorenzo La Cebada,55,https://rentola.mx/listings/departamento-col-san-lorenzo-la-cebada-pfe7d57
RENTOLA-900959,casa de 1 habitación de 120 m² en Ciudad de México,48000,400,1,0,0,"Escuela Primaria Estefanía Castañeda, Andador 19, Unidad Obrero CTM Culhuacán Sección 7, 04489 Mexico City, CMX, Mexico",04489 Mexico City,55,https://rentola.mx/listings/casa-col-culhuacan-ctm-seccion-vii-p900959
RENTOLA-980731,departamento de 3 habitaciones de 65 m² en Ciudad de México,12500,192,3,0,1,"Avenida Refinería Azcapotzalco, Colonia San Marcos, 02200 Mexico City, CMX, Mexico",Azcapotzalco,55,https://rentola.mx/listings/departamento-centro-azcapotzalco-p980731
RENTOLA-7196,departamento de 2 habitaciones de 59 m² en Ciudad de México,19000,322,2,0,1,"Cerro del Sombrero, Colonia Multifamiliar Tlalpan, 04200 Mexico City, CMX, Mexico",Tlalpan,55,https://rentola.mx/listings/departamento-en-renta-en-campestre-churubusco-p3e7196
RENTOLA-3119,1 habitación de 18m² en Ciudad de México,7400,411,1,0,1,"Calle Cerro de Loreto, Coyoacán, 04200 Mexico City, CMX, Mexico",Coyoacán,55,https://rentola.mx/listings/departamento-hermoso-y-amplio-campestre-churubusco-cerca-de-metro-taxquena-y-cenart-pbc3119
RENTOLA-026942,casa de 4 habitaciones de 280 m² en Ciudad de México,50000,179,4,0,1,"Calle Xochicalco, Colonia Letrán Valle, 03650 Mexico City, Mexico",Colonia Letrán Valle,55,https://rentola.mx/listings/vertiz-narvarte-se-renta-casa-de-4-habitaciones-p026942
RENTOLA-49,Viviendas en renta en Ciudad de México,0,0,0,0,0,N/A,CDMX,56,https://rentola.mx/renta?location=ciudad-de-mexico&property_types=room&property_types=house&property_types=apartment&property_types=studio&page=49
RENTOLA-50,Viviendas en renta en Ciudad de México,0,0,0,0,0,N/A,CDMX,56,https://rentola.mx/renta?location=ciudad-de-mexico&property_types=room&property_types=house&property_types=apartment&property_types=studio&page=50
RENTOLA-48,¡Ups!,0,0,0,0,0,N/A,CDMX,56,https://rentola.mx/en/for-rent?location=mexico-city&property_types=room&property_types=house&property_types=apartment&property_types=studio&page=48
RENTOLA-235501,departamento de 1 habitación de 60 m² en Ciudad de México,17000,283,1,0,1,"Calle Indiana 95, Colonia Ampliación Nápoles, 03810 Mexico City, CMX, Mexico",03810 Mexico City,56,https://rentola.mx/listings/indiana-90-col-napoles-ciudad-de-mexico-p7c23de
RENTOLA-5,departamento de 2 habitaciones de 71 m² en Ciudad de México,14200,200,2,0,1,"Calle Lago Cuitzeo, Anahuác 2ª Sección, 11320 Mexico City, CMX, Mexico",11320 Mexico City,56,https://rentola.mx/listings/departamento-en-renta-en-lago-cuitzeo-234-anahuac-i-seccion-pd0c7d5
RENTOLA-877409,casa de 3 habitaciones de 150 m² en Ciudad de México,29500,197,3,0,0,"Olivar de los Padres, 01780 Mexico City, CMX, Mexico",01780 Mexico City,56,https://rentola.mx/listings/casa-en-renta-en-olivar-de-los-padres-alvaro-obregon-ciudad-de-mexico-paccf8b
RENTOLA-681370,1 habitación de 18m² en Ciudad de México,6500,361,1,0,1,"Calzada General Ignacio Zaragoza, Ampliación Aviación Civil, 15750 Mexico City, CMX, Mexico",15750 Mexico City,56,https://rentola.mx/listings/departamento-nuevo-av-zaragoza-p80ceed
RENTOLA-94,departamento de 2 habitaciones de 65 m² en Ciudad de México,9000,138,2,0,1,"Calle 4 270, Colonia Agrícola Pantitlán, 08100 Mexico City, CMX, Mexico",08100 Mexico City,56,https://rentola.mx/listings/departamento-a-la-renta-agricola-oriental-iztacalco-cdmx-p6dcc94
RENTOLA-870025,departamento de 2 habitaciones de 90 m² en Ciudad de México,16000,178,2,0,0,"Avenida Veracruz 39, San Pedro Cuajimalpa, 05000 Mexico City, Mexico",Cuajimalpa,56,https://rentola.mx/listings/departamento-en-renta-colonia-cuajimalpa-cuajimalpa-de-morelos-p9ab37b
RENTOLA-395726,1 habitación de 27m² en Ciudad de México,9000,333,1,0,1,"Calle Odesa, Colonia Portales Sur, 03300 Mexico City, CMX, Mexico",03300 Mexico City,56,https://rentola.mx/listings/recamara-premium-para-mujeres-con-servicios-incluidos-en-portales-p4acb3d
RENTOLA-890,departamento de 2 habitaciones de 110 m² en Ciudad de México,33000,300,2,0,0,"Calle Tampico 21, Condesa, 06700 Mexico City, CMX, Mexico",Condesa,56,https://rentola.mx/listings/departamento-en-renta-tampico-21-roma-cuauuhtemoc-cdmx-pc7f890
RENTOLA-4,1 habitación de 36m² en Ciudad de México,15000,417,1,0,1,"Nutrisa Parques Polanco, Calle Lago Alberto, Polanco, 11520 Mexico City, CMX, Mexico",Polanco,56,https://rentola.mx/listings/habitacion-con-bano-privado-en-parques-polanco-pbd36d4
RENTOLA-339,departamento de 2 habitaciones de 102 m² en Ciudad de México,13500,132,2,0,1,"Avenida Benito Juárez, Colonia Presidentes de México, 09740 Mexico City, CMX, Mexico",Benito Juárez,56,https://rentola.mx/listings/departamento-amueblado-en-renta-san-lorenzo-iztapalapa-pd2c339
RENTOLA-261870,departamento de 1 habitación de 40 m² en Ciudad de México,12500,313,1,0,1,"Calle Kansas 166, Del Valle, 03840 Mexico City, CMX, Mexico",03840 Mexico City,56,https://rentola.mx/listings/departamento-col-ampliacion-napoles-pe1442b
RENTOLA-9,departamento de 1 habitación de 60 m² en Ciudad de México,11500,192,1,0,0,"Calle Eureka, Colonia Guadalupe Insurgentes, 07800 Mexico City, CMX, Mexico",07800 Mexico City,56,https://rentola.mx/listings/excelente-departamento-loft-en-renta-en-la-colonia-industrial-cuidad-de-mexico-p3131b9
RENTOLA-10,departamento de 2 habitaciones de 70 m² en Ciudad de México,11000,157,2,0,1,"unnamed road, Colonia La Viga, 09400 Mexico City, CMX, Mexico",09400 Mexico City,56,https://rentola.mx/listings/funcional-departamento-en-la-viga-colonia-asturias-p0b6a10
RENTOLA-46,departamento de 3 habitaciones de 290 m² en Ciudad de México,90000,310,3,0,1,"Avenida Presidente Masaryk, Polanco, 11560 Mexico City, CMX, Mexico",Polanco,56,https://rentola.mx/listings/renta-magnifico-departamento-en-polanco-con-terraza-p845e46
RENTOLA-585769,departamento de 4 habitaciones de 170 m² en Ciudad de México,33000,194,4,0,1,"Avenida del IMAN, Colonia Torres de Maurel, 04535 Mexico City, Mexico",Colonia Torres de Maurel,56,https://rentola.mx/listings/departamento-en-renta-insurgentes-cuicuilco-coyoacan-cdmx-p95c15f
RENTOLA-569248,departamento de 3 habitaciones de 320 m² en Ciudad de México,100000,313,3,0,1,"Calle Sierra Gorda 15, Lomas de Chapultepec, 11650 Mexico City, Mexico",Lomas de Chapultepec,56,https://rentola.mx/listings/departamento-en-renta-calle-sierra-gorda-1-19-lomas-de-chapultepec-miguel-hidalgo-ciudad-de-mexico-11000-mex-p4be30a
RENTOLA-435,departamento de 1 habitación de 42 m² en Ciudad de México,11500,274,1,0,1,"Bing Bing Bobá, Avenida Insurgentes Norte 286, Santa María la Ribera, 06400 Mexico City, Mexico",Santa María la Ribera,56,https://rentola.mx/listings/departamento-en-renta-condesa-cuauhtemoc-cdmx-p02f435
RENTOLA-162568,departamento de 2 habitaciones de 110 m² en Ciudad de México,33001,300,2,0,1,"Calle Alcázar de Toledo, Lomas de Chapultepec, 11930 Mexico City, Mexico",Lomas de Chapultepec,57,https://rentola.mx/listings/departamento-en-renta-lomas-de-reforma-miguel-hidalgo-cdmx-pd8377d
RENTOLA-549983,departamento de 2 habitaciones de 118 m² en Ciudad de México,40000,339,2,0,1,"Hares, Calle Bahía Magdalena 225, Polanco, 11320 Mexico City, Mexico",Polanco,57,https://rentola.mx/listings/departamento-en-renta-av-ejercito-nacional-225-anahuac-i-seccion-ciudad-de-mexico-cdmx-mexico-p6587bd
RENTOLA-754179,departamento de 3 habitaciones de 65 m² en Ciudad de México,16000,246,3,0,0,"Calle Sur 16 B, Iztacalco, 08510 Mexico City, Mexico",Iztacalco,57,https://rentola.mx/listings/renta-departamento-agricola-oriental-iztacalco-amueblado-p62e0fb
RENTOLA-318813,departamento de 3 habitaciones de 104 m² en Ciudad de México,33000,317,3,0,1,"Avenida San Francisco, Del Valle, 03103 Mexico City, Mexico",Del Valle,57,https://rentola.mx/listings/departamento-en-renta-del-valle-pfd773f
RENTOLA-49,¡Ups!,0,0,0,0,0,N/A,CDMX,57,https://rentola.mx/en/for-rent?location=mexico-city&property_types=room&property_types=house&property_types=apartment&property_types=studio&page=49
RENTOLA-731549,casa de 3 habitaciones de 242 m² en Ciudad de México,28000,116,3,0,1,"Avenida San Francisco, Pueblo Nuevo Bajo, 10400 Mexico City, Mexico",Pueblo Nuevo Bajo,57,https://rentola.mx/listings/casa-en-renta-san-francisco-la-magdalena-contreras-pd9d31c
RENTOLA-539241,departamento de 2 habitaciones de 107 m² en Ciudad de México,38000,355,2,0,1,"Calle Laguna de Mayrán, Polanco, 11320 Mexico City, Mexico",Polanco,57,https://rentola.mx/listings/departamento-en-renta-anahuac-i-seccion-miguel-hidalgo-cdmx-p539241
RENTOLA-713541,1 habitación de 32m² en Ciudad de México,10500,328,1,0,0,"Calle Jorge Bernad Shaw, Polanco, 11530 Mexico City, Mexico",Polanco,57,https://rentola.mx/listings/rento-cuarto-polanco-pfa067c
RENTOLA-217415,departamento de 2 habitaciones de 78 m² en Ciudad de México,22000,282,2,0,1,"Calle 15, Colonia San Pedro de los Pinos, 03800 Mexico City, Mexico",Colonia San Pedro de los Pinos,57,https://rentola.mx/listings/departamento-col-san-pedro-de-los-pinos-pd1d45d
RENTOLA-341674,departamento de 3 habitaciones de 155 m² en Ciudad de México,44000,284,3,0,1,"Avenida Javier Barros Sierra, Jalalpa, 01210 Mexico City, Mexico",Jalalpa,57,https://rentola.mx/listings/departamento-en-renta-avenida-javier-barros-sierra-245-santa-fe-zedec-santa-fe-ciudad-de-mexico-cdmx-mexico-pf1513b
RENTOLA-339004,departamento de 1 habitación de 50 m² en Ciudad de México,9000,180,1,0,1,"Calle del Refugio, Colonia Iztlahuaca, 01800 Mexico City, Mexico",Colonia Iztlahuaca,57,https://rentola.mx/listings/departamento-en-renta-calle-ixtlahuaca-san-bartolo-ameyalco-alvaro-obregon-ciudad-de-mexico-01800-mex-p242d2a
RENTOLA-743727,departamento de 3 habitaciones de 350 m² en Ciudad de México,105000,300,3,0,1,"Avenida Campos Elíseos 103, Polanco, 11580 Mexico City, Mexico",Polanco,57,https://rentola.mx/listings/departamento-en-renta-calle-de-lope-de-vega-polanco-miguel-hidalgo-ciudad-de-mexico-11560-mex-p58c1eb
RENTOLA-920655,1 habitación de 34m² en Ciudad de México,11000,324,1,0,1,"Calle Alhambra, Colonia Ermita, 03590 Mexico City, Mexico",Colonia Ermita,57,https://rentola.mx/listings/cuarto-amplio-con-walking-closet-y-bano-privado-con-tina-p3c4eda
RENTOLA-64376,casa de 3 habitaciones de 250 m² en Ciudad de México,40000,160,3,0,1,"Avenida Antigua, El Yaqui, 01330 Mexico City, Mexico",El Yaqui,57,https://rentola.mx/listings/casa-en-renta-bosques-de-las-lomas-cuajimalpa-de-morelos-pa64376
RENTOLA-995,departamento de 1 habitación de 22 m² en Ciudad de México,10500,477,1,0,1,"Calle Presa Santa Rosa, Irrigación, 11510 Mexico City, Mexico",Irrigación,57,https://rentola.mx/listings/departamento-en-renta-calle-presa-palmito-50-82-irrigacion-miguel-hidalgo-ciudad-de-mexico-11500-mex-p5ef995
RENTOLA-217144,casa de 3 habitaciones de 126 m² en Ciudad de México,44000,349,3,0,1,"Librería Esotérica Yug, Calle San Gregorio 48, Coyoacán, 04320 Mexico City, Mexico",Coyoacán,57,https://rentola.mx/listings/casa-en-condominio-en-renta-barrio-santa-catarina-coyoacan-cdmx-p217144
RENTOLA-201754,casa de 3 habitaciones de 370 m² en Ciudad de México,45000,122,3,0,0,"unnamed road, Colonia El Mirador, 01708 Mexico City, Mexico",Colonia El Mirador,57,https://rentola.mx/listings/casa-en-renta-tetelpan-alvaro-obregon-cdmx-p0e360a
RENTOLA-8,casa de 2 habitaciones de 240 m² en Ciudad de México,30000,125,2,0,1,"Calle California 124, Colonia San Diego Churubusco, 04120 Mexico City, Mexico",Colonia San Diego Churubusco,57,https://rentola.mx/listings/casa-en-renta-calle-california-130-parque-san-andres-ciudad-de-mexico-cdmx-mexico-pa09bf8
RENTOLA-321364,departamento de 3 habitaciones de 200 m² en Ciudad de México,100000,500,3,0,1,"Calle Lamartine, Polanco, 11520 Mexico City, Mexico",Polanco,57,https://rentola.mx/listings/departamento-en-renta-o-venta-de-ph-en-polanco-3r-3-5b-3e-amueblado-200-m2-pba0abc
RENTOLA-646,departamento de 1 habitación de 185 m² en Ciudad de México,60000,324,1,0,1,"Torre 300, Avenida Santa Fe 562, Santa Fe Cuajimalpa, 05349 Mexico City, Mexico",Cuajimalpa,57,https://rentola.mx/listings/renta-departamento-3-recamaras-av-santa-fe-cuajimalpa-parque-de-la-mexicana-pe3b646
RENTOLA-5,departamento de 3 habitaciones de 230 m² en Ciudad de México,50000,217,3,0,0,"Calle Sierra Nevada 510, Lomas de Chapultepec, 11000 Mexico City, Mexico",Lomas de Chapultepec,58,https://rentola.mx/listings/departamento-en-renta-lomas-de-chapultepec-ciudad-de-mexico-cdmx-mexico-p0e90f5
RENTOLA-94,departamento de 3 habitaciones de 68 m² en Ciudad de México,7000,103,3,0,1,"Calle Pacheco, San Bernabé Ocotepec, 10300 Mexico City, CMX, Mexico",10300 Mexico City,58,https://rentola.mx/listings/departamento-en-renta-pacheco-1-san-bernabe-ocotepec-ciudad-de-mexico-cdmx-mexico-p7a8e94
RENTOLA-28,departamento de 2 habitaciones de 92 m² en Ciudad de México,30000,326,2,0,1,"Calle San Felipe, Colonia Xoco, 03330 Mexico City, CMX, Mexico",03330 Mexico City,58,https://rentola.mx/listings/renta-departamento-en-city-towers-grand-coyoacan-p1f9c28
RENTOLA-516510,departamento de 3 habitaciones de 75 m² en Ciudad de México,16000,213,3,0,1,"Calzada de los Tenorios, Colonia Gabriel Ramos Millán, 14324 Mexico City, CMX, Mexico",14324 Mexico City,58,https://rentola.mx/listings/departamento-en-renta-calzada-de-los-tenorios-220-rinconada-de-las-hadas-ciudad-de-mexico-cdmx-mexico-pb863fa
RENTOLA-869486,departamento de 3 habitaciones de 85 m² en Ciudad de México,11500,135,3,0,0,"Balderas, Avenida Balderas, Roma, 06040 Mexico City, CMX, Mexico",06040 Mexico City,58,https://rentola.mx/listings/departamento-en-renta-centro-segundo-piso-308-p16250f
RENTOLA-66,departamento de 1 habitación de 70 m² en Ciudad de México,38000,543,1,0,1,"Calzada General Mariano Escobedo, Polanco, 11570 Mexico City, Mexico",Polanco,58,https://rentola.mx/listings/departamento-en-renta-centro-de-cursos-especiales-polanco-miguel-hidalgo-ciudad-de-mexico-11560-mex-pcdbb66
RENTOLA-50,¡Ups!,0,0,0,0,0,N/A,CDMX,58,https://rentola.mx/en/for-rent?location=mexico-city&property_types=room&property_types=house&property_types=apartment&property_types=studio&page=50
