SKU,Titulo,Renta_MXN,Area_m2,Recamaras,Banos,Estacionamientos,Ubicacion,Alcaldia,Pagina_Origen,URL
41032-73-9b125b6f6ca-80ef-19d31c6-afc7-7648,Departamento en Renta en Bosques de Tarango,50000,215,2,2,2,"Bosques de Tarango, Álvaro Obregón, Ciudad de México",Álvaro Obregón,1,https://www.lamudi.com.mx/detalle/41032-73-9b125b6f6ca-80ef-19d31c6-afc7-7648
41032-73-655ba97117a4-87ba-19e24f2-bb53-70a0,Departamento en Renta en Jardines del Pedregal,25000,50,0,1,1,"Jardines del Pedregal, Álvaro Obregón, Ciudad de México",Álvaro Obregón,1,https://www.lamudi.com.mx/detalle/41032-73-655ba97117a4-87ba-19e24f2-bb53-70a0
41032-73-62e6ca85322a-dfe4-19ce59f-b9dd-7374,Departamento en Renta en Polanco,66500,110,2,2,0,"Polanco, Miguel Hidalgo, Ciudad de México",Miguel Hidalgo,1,https://www.lamudi.com.mx/detalle/41032-73-62e6ca85322a-dfe4-19ce59f-b9dd-7374
41032-73-aa9cb0c06310-d2f3-19c5283-bb47-7834,Departamento en Renta en Polanco,70001,110,2,2,1,"Polanco, Miguel Hidalgo, Ciudad de México",Miguel Hidalgo,1,https://www.lamudi.com.mx/detalle/41032-73-aa9cb0c06310-d2f3-19c5283-bb47-7834
41032-73-b5b20af19439-9f6b-19d7b51-969a-7460,Departamento en Renta en Juárez,24316,48,1,1,0,"Juárez, Cuauhtémoc, Ciudad de México",Cuauhtémoc,1,https://www.lamudi.com.mx/detalle/41032-73-b5b20af19439-9f6b-19d7b51-969a-7460
41032-73-c3c8244a32ee-d83b-19e4720-b320-7204,Departamento en Renta en Polanco,69900,130,3,3,3,"Polanco, Miguel Hidalgo, Ciudad de México",Miguel Hidalgo,1,https://www.lamudi.com.mx/detalle/41032-73-c3c8244a32ee-d83b-19e4720-b320-7204
41032-73-22ba68fbe634-b385-195e4f6-b347-7d75,Departamento en Renta en Roma Sur,19700,35,1,1,0,"Roma Sur, Cuauhtémoc, Ciudad de México",Cuauhtémoc,1,https://www.lamudi.com.mx/detalle/41032-73-22ba68fbe634-b385-195e4f6-b347-7d75
41032-73-eecd3c475def-b2a5-19deb8f-9a26-7539,Departamento en Renta en Polanco,98000,200,2,2,2,"Polanco, Miguel Hidalgo, Ciudad de México",Miguel Hidalgo,1,https://www.lamudi.com.mx/detalle/41032-73-eecd3c475def-b2a5-19deb8f-9a26-7539
41032-73-917989df9f2b-e80c-19d77ae-9813-73f4,Departamento en Renta en Granada,85000,198,2,2,2,"Granada, Miguel Hidalgo, Ciudad de México",Miguel Hidalgo,1,https://www.lamudi.com.mx/detalle/41032-73-917989df9f2b-e80c-19d77ae-9813-73f4
41032-73-1cff4a263b84-a58b-19ab6c1-ac0a-7753,Departamento en Renta en Tabacalera,37314,80,1,1,1,"Tabacalera, Cuauhtémoc, Ciudad de México",Cuauhtémoc,1,https://www.lamudi.com.mx/detalle/41032-73-1cff4a263b84-a58b-19ab6c1-ac0a-7753
41032-73-5d86efd29f5a-72c7-19ab6cc-971b-72c6,Departamento en Renta en Tabacalera,32314,60,1,1,1,"Tabacalera, Cuauhtémoc, Ciudad de México",Cuauhtémoc,1,https://www.lamudi.com.mx/detalle/41032-73-5d86efd29f5a-72c7-19ab6cc-971b-72c6
41032-73-cf64b900eabf-ebc0-19db5a2-b123-7f10,Departamento en Renta en Roma Sur,42000,110,2,2,0,"Roma Sur, Cuauhtémoc, Ciudad de México",Cuauhtémoc,1,https://www.lamudi.com.mx/detalle/41032-73-cf64b900eabf-ebc0-19db5a2-b123-7f10
41032-73-87a0204b4ad1-fb0d-19db5a2-a1ba-77e9,Departamento en Renta en Roma Sur,40000,110,2,2,0,"Roma Sur, Cuauhtémoc, Ciudad de México",Cuauhtémoc,1,https://www.lamudi.com.mx/detalle/41032-73-87a0204b4ad1-fb0d-19db5a2-a1ba-77e9
41032-73-8a2d14f7b3b7-807f-19cba41-a703-7327,Departamento en Renta en Juárez,44006,45,1,1,1,"Juárez, Cuauhtémoc, Ciudad de México",Cuauhtémoc,1,https://www.lamudi.com.mx/detalle/41032-73-8a2d14f7b3b7-807f-19cba41-a703-7327
41032-73-851e22727f13-feb5-19e4804-80a5-7053,Departamento en Renta en Cuajimalpa,16000,100,1,1,1,"Cuajimalpa, Cuajimalpa de Morelos, Ciudad de México",Cuajimalpa de Morelos,1,https://www.lamudi.com.mx/detalle/41032-73-851e22727f13-feb5-19e4804-80a5-7053
41032-73-effe17316ace-ebf2-19e515e-97c6-7457,Departamento en Renta en Granada,42000,77,2,2,1,"Granada, Miguel Hidalgo, Ciudad de México",Miguel Hidalgo,1,https://www.lamudi.com.mx/detalle/41032-73-effe17316ace-ebf2-19e515e-97c6-7457
41032-73-16391c7b4e51-1a0-19e42c4-a803-770f,Departamento en Renta en Granada,36000,70,1,1,1,"Granada, Miguel Hidalgo, Ciudad de México",Miguel Hidalgo,1,https://www.lamudi.com.mx/detalle/41032-73-16391c7b4e51-1a0-19e42c4-a803-770f
41032-73-5fda703f1650-9251-19dc7d8-a4fa-71cb,Departamento en Renta en Polanco,58500,151,2,2,2,"Polanco, Miguel Hidalgo, Ciudad de México",Miguel Hidalgo,1,https://www.lamudi.com.mx/detalle/41032-73-5fda703f1650-9251-19dc7d8-a4fa-71cb
41032-73-9b4ba4ce884f-974e-19dc7c4-8484-7297,Departamento en Renta en Polanco,58500,151,2,2,2,"Polanco, Miguel Hidalgo, Ciudad de México",Miguel Hidalgo,1,https://www.lamudi.com.mx/detalle/41032-73-9b4ba4ce884f-974e-19dc7c4-8484-7297
41032-73-b1f5f2a6ee8-8038-19dc7e4-bc4f-76c5,Departamento en Renta en Polanco,59800,155,2,2,1,"Polanco, Miguel Hidalgo, Ciudad de México",Miguel Hidalgo,1,https://www.lamudi.com.mx/detalle/41032-73-b1f5f2a6ee8-8038-19dc7e4-bc4f-76c5
41032-73-7422049bb91f-ff72-19dd70b-9321-723d,Departamento en Renta en Granada,43000,140,3,2,2,"Granada, Miguel Hidalgo, Ciudad de México",Miguel Hidalgo,1,https://www.lamudi.com.mx/detalle/41032-73-7422049bb91f-ff72-19dd70b-9321-723d
41032-73-4ef5772fe249-9445-19dc7de-8f7d-7501,Departamento en Renta en Polanco,59800,155,2,2,2,"Polanco, Miguel Hidalgo, Ciudad de México",Miguel Hidalgo,1,https://www.lamudi.com.mx/detalle/41032-73-4ef5772fe249-9445-19dc7de-8f7d-7501
41032-73-2afb08b891e5-e76a-19e1f38-8f0b-72cb,Departamento en Renta en Lomas de Chapultepec,10500,520,3,4,2,"Lomas de Chapultepec, Miguel Hidalgo, Ciudad de México",Miguel Hidalgo,1,https://www.lamudi.com.mx/detalle/41032-73-2afb08b891e5-e76a-19e1f38-8f0b-72cb
41032-73-f3ed0804e34-b6a4-19de153-8a11-7f43,Departamento en Renta en Cuauhtémoc,195000,271,2,2,3,"Cuauhtémoc, Cuauhtémoc, Ciudad de México",Cuauhtémoc,1,https://www.lamudi.com.mx/detalle/41032-73-f3ed0804e34-b6a4-19de153-8a11-7f43
41032-73-34b9cb950b7c-71e1-19e410e-9bdc-749a,Departamento en Renta en El Caracol,33000,0,2,2,1,"El Caracol, Coyoacán, Ciudad de México",Coyoacán,1,https://www.lamudi.com.mx/detalle/41032-73-34b9cb950b7c-71e1-19e410e-9bdc-749a
41032-73-48fabf958b60-8ad8-19cc4d9-b9d9-7297,Departamento en Renta en Centro,22900,53,1,1,0,"Centro, Cuauhtémoc, Ciudad de México",Cuauhtémoc,1,https://www.lamudi.com.mx/detalle/41032-73-48fabf958b60-8ad8-19cc4d9-b9d9-7297
41032-73-e1b39c8a8496-5a01-19aa76e-9299-7644,Departamento en Renta en Lomas de Reforma,33000,110,2,1,2,"Lomas de Reforma, Miguel Hidalgo, Ciudad de México",Miguel Hidalgo,1,https://www.lamudi.com.mx/detalle/41032-73-e1b39c8a8496-5a01-19aa76e-9299-7644
41032-73-981255c5268-4ee4-1966acc-8199-740a,Departamento en Renta en San Jerónimo Aculco,27000,53,1,1,1,"San Jerónimo Aculco, La Magdalena Contreras, Ciudad de México",La Magdalena Contreras,1,https://www.lamudi.com.mx/detalle/41032-73-981255c5268-4ee4-1966acc-8199-740a
41032-73-bc89a540af63-bc5a-19dd00b-ba01-7229,Departamento en Renta en Hipódromo,32000,90,2,2,1,"Hipódromo, Cuauhtémoc, Ciudad de México",Cuauhtémoc,1,https://www.lamudi.com.mx/detalle/41032-73-bc89a540af63-bc5a-19dd00b-ba01-7229
41032-73-3c156a7cc100-f16a-19d93a0-af53-7e9a,Departamento en Renta en Polanco,100000,300,3,3,2,"Polanco, Miguel Hidalgo, Ciudad de México",Miguel Hidalgo,1,https://www.lamudi.com.mx/detalle/41032-73-3c156a7cc100-f16a-19d93a0-af53-7e9a
41032-73-4cf8a4a45e5e-4834-19d7558-9516-7050,Departamento en Renta en Actipan,26000,99,2,3,1,"Actipan, Benito Juárez, Ciudad de México",Benito Juárez,2,https://www.lamudi.com.mx/detalle/41032-73-4cf8a4a45e5e-4834-19d7558-9516-7050
41032-73-c2b710f803c3-6370-19b9661-b5a6-7eeb,Departamento en Renta en El Yaqui,35000,85,2,2,2,"El Yaqui, Cuajimalpa de Morelos, Ciudad de México",Cuajimalpa de Morelos,2,https://www.lamudi.com.mx/detalle/41032-73-c2b710f803c3-6370-19b9661-b5a6-7eeb
41032-73-3e797980f7b7-2fa2-19c2670-9c0c-7eda,Departamento en Renta en Bosques de las Lomas,25000,39,1,1,1,"Bosques de las Lomas, Cuajimalpa de Morelos, Ciudad de México",Cuajimalpa de Morelos,2,https://www.lamudi.com.mx/detalle/41032-73-3e797980f7b7-2fa2-19c2670-9c0c-7eda
41032-73-ae70d03dce8-4777-19dd5b7-8599-7633,Departamento en Renta en Polanco,58520,66,2,1,1,"Polanco, Miguel Hidalgo, Ciudad de México",Miguel Hidalgo,2,https://www.lamudi.com.mx/detalle/41032-73-ae70d03dce8-4777-19dd5b7-8599-7633
41032-73-ca034a9876a3-a53e-19e4c91-9ca0-7457,Departamento en Renta en Periodista,31000,81,2,2,2,"Periodista, Miguel Hidalgo, Ciudad de México",Miguel Hidalgo,2,https://www.lamudi.com.mx/detalle/41032-73-ca034a9876a3-a53e-19e4c91-9ca0-7457
41032-73-dbfea9877a01-79a-19ae1c5-b03a-760d,Departamento en Renta en Periodista,31000,82,2,2,2,"Periodista, Miguel Hidalgo, Ciudad de México",Miguel Hidalgo,2,https://www.lamudi.com.mx/detalle/41032-73-dbfea9877a01-79a-19ae1c5-b03a-760d
41032-73-da950efcc8ed-2316-19d7b5c-a2d1-7207,Departamento en Renta en Lomas de Sotelo,20578,57,1,1,0,"Lomas de Sotelo, Miguel Hidalgo, Ciudad de México",Miguel Hidalgo,2,https://www.lamudi.com.mx/detalle/41032-73-da950efcc8ed-2316-19d7b5c-a2d1-7207
41032-73-93056c4b55be-5bf2-19d7b15-9d55-7eb6,Departamento en Renta en Bosques de las Lomas,32336,61,1,1,1,"Bosques de las Lomas, Cuajimalpa de Morelos, Ciudad de México",Cuajimalpa de Morelos,2,https://www.lamudi.com.mx/detalle/41032-73-93056c4b55be-5bf2-19d7b15-9d55-7eb6
41032-73-3c5aa69fef9c-2c51-19d7b14-a792-76ca,Departamento en Renta en Bosques de las Lomas,32336,61,1,1,1,"Bosques de las Lomas, Cuajimalpa de Morelos, Ciudad de México",Cuajimalpa de Morelos,2,https://www.lamudi.com.mx/detalle/41032-73-3c5aa69fef9c-2c51-19d7b14-a792-76ca
41032-73-dc933cb6dd8f-c080-19dfbdf-b232-72f3,Departamento en Renta en Polanco,50000,100,2,2,0,"Polanco, Miguel Hidalgo, Ciudad de México",Miguel Hidalgo,2,https://www.lamudi.com.mx/detalle/41032-73-dc933cb6dd8f-c080-19dfbdf-b232-72f3
41032-73-da44b4b5d7bf-1d0b-19c0848-a872-7273,Departamento en Renta en Polanco,90000,150,2,2,0,"Polanco, Miguel Hidalgo, Ciudad de México",Miguel Hidalgo,2,https://www.lamudi.com.mx/detalle/41032-73-da44b4b5d7bf-1d0b-19c0848-a872-7273
41032-73-9ca0287df492-1609-1952112-8766-7258,Departamento en Renta en Roma Norte,58500,70,1,1,0,"Roma Norte, Cuauhtémoc, Ciudad de México",Cuauhtémoc,2,https://www.lamudi.com.mx/detalle/41032-73-9ca0287df492-1609-1952112-8766-7258
41032-73-13ff944f75e3-84c1-19c0836-a510-74fa,Departamento en Renta en Polanco,90000,153,2,3,0,"Polanco, Miguel Hidalgo, Ciudad de México",Miguel Hidalgo,2,https://www.lamudi.com.mx/detalle/41032-73-13ff944f75e3-84c1-19c0836-a510-74fa
41032-73-e3beb18ca9f5-2b82-19dfb0a-9732-7704,Departamento en Renta en Polanco,78000,247,3,2,2,"Polanco, Miguel Hidalgo, Ciudad de México",Miguel Hidalgo,2,https://www.lamudi.com.mx/detalle/41032-73-e3beb18ca9f5-2b82-19dfb0a-9732-7704
41032-73-b3198259f24a-1aac-6c81a778-a9d1-5001,Departamento en Renta en Ampliación Granada,55000,78,1,1,1,"Ampliación Granada, Miguel Hidalgo, Ciudad de México",Miguel Hidalgo,2,https://www.lamudi.com.mx/detalle/41032-73-b3198259f24a-1aac-6c81a778-a9d1-5001
41032-73-35d047b3a33b-59b8-19d73ac-8ba6-771e,Departamento en Renta en Santa Catarina Yecahuizotl,7000,53,2,1,1,"Santa Catarina Yecahuizotl, Tláhuac, Ciudad de México",Tláhuac,2,https://www.lamudi.com.mx/detalle/41032-73-35d047b3a33b-59b8-19d73ac-8ba6-771e
41032-73-38f8d45f979e-604e-19974a2-af7c-7882,Departamento en Renta en Juárez,38000,51,1,1,0,"Juárez, Cuauhtémoc, Ciudad de México",Cuauhtémoc,2,https://www.lamudi.com.mx/detalle/41032-73-38f8d45f979e-604e-19974a2-af7c-7882
41032-73-f1e98c218e56-5cc7-19e0030-b46e-7c76,Departamento en Renta en Granada,46200,96,2,2,0,"Granada, Miguel Hidalgo, Ciudad de México",Miguel Hidalgo,2,https://www.lamudi.com.mx/detalle/41032-73-f1e98c218e56-5cc7-19e0030-b46e-7c76
41032-73-841b1a473589-e8eb-19e443a-81ce-7123,Departamento en Renta en Insurgentes Cuicuilco,20000,119,2,3,1,"Insurgentes Cuicuilco, Coyoacán, Ciudad de México",Coyoacán,2,https://www.lamudi.com.mx/detalle/41032-73-841b1a473589-e8eb-19e443a-81ce-7123
41032-73-f6f4a2a3423e-50ba-19e4872-9917-795e,Departamento en Renta en Polanco,11300,345,4,4,3,"Polanco, Miguel Hidalgo, Ciudad de México",Miguel Hidalgo,2,https://www.lamudi.com.mx/detalle/41032-73-f6f4a2a3423e-50ba-19e4872-9917-795e
41032-73-9d41f4109bcb-8351-19dbd61-ac8a-7777,Departamento en Renta en Ampliación Granada,55000,78,1,1,0,"Ampliación Granada, Miguel Hidalgo, Ciudad de México",Miguel Hidalgo,2,https://www.lamudi.com.mx/detalle/41032-73-9d41f4109bcb-8351-19dbd61-ac8a-7777
41032-73-41b67ab3a32a-d29-19e41b0-b9f4-7898,Departamento en Renta en Polanco,110000,194,2,2,2,"Polanco, Miguel Hidalgo, Ciudad de México",Miguel Hidalgo,2,https://www.lamudi.com.mx/detalle/41032-73-41b67ab3a32a-d29-19e41b0-b9f4-7898
41032-73-b1e15f44a617-99e0-19dfd77-ad1b-7222,Departamento en Renta en Juárez,29656,32,1,1,0,"Juárez, Cuauhtémoc, Ciudad de México",Cuauhtémoc,2,https://www.lamudi.com.mx/detalle/41032-73-b1e15f44a617-99e0-19dfd77-ad1b-7222
41032-73-3b7b7ae5c0f8-f71b-1966461-b8ad-78e0,Departamento en Renta en Roma Norte,28000,54,1,1,1,"Roma Norte, Cuauhtémoc, Ciudad de México",Cuauhtémoc,2,https://www.lamudi.com.mx/detalle/41032-73-3b7b7ae5c0f8-f71b-1966461-b8ad-78e0
41032-73-30567108ae40-35d1-1977c21-961d-7bfd,Departamento en Renta en El Mirador,16000,80,2,1,1,"El Mirador, Coyoacán, Ciudad de México",Coyoacán,2,https://www.lamudi.com.mx/detalle/41032-73-30567108ae40-35d1-1977c21-961d-7bfd
41032-73-8af4e519863d-400c-19e45d2-b9f9-7d24,Condominio Horizontal en Renta en Lomas de Bezares,130000,680,4,4,0,"Lomas de Bezares, Miguel Hidalgo, Ciudad de México",Miguel Hidalgo,2,https://www.lamudi.com.mx/detalle/41032-73-8af4e519863d-400c-19e45d2-b9f9-7d24
41032-73-5e5172c8ff98-33d8-19e45d2-b90c-70c3,Departamento en Renta en Granada,5900,180,3,3,0,"Granada, Miguel Hidalgo, Ciudad de México",Miguel Hidalgo,2,https://www.lamudi.com.mx/detalle/41032-73-5e5172c8ff98-33d8-19e45d2-b90c-70c3
41032-73-aa20988c8ba6-78cb-19e4afe-9601-71d0,Departamento en Renta en Granada,35000,111,3,2,0,"Granada, Miguel Hidalgo, Ciudad de México",Miguel Hidalgo,2,https://www.lamudi.com.mx/detalle/41032-73-aa20988c8ba6-78cb-19e4afe-9601-71d0
41032-73-fb9c4d2836a2-1557-19e45d2-9eee-7507,Departamento en Renta en Ampliación Granada,39000,84,2,2,0,"Ampliación Granada, Miguel Hidalgo, Ciudad de México",Miguel Hidalgo,2,https://www.lamudi.com.mx/detalle/41032-73-fb9c4d2836a2-1557-19e45d2-9eee-7507
41032-73-e23846824ee9-672-19e45d1-b979-715c,Departamento en Renta en Polanco,99000,210,3,3,0,"Polanco, Miguel Hidalgo, Ciudad de México",Miguel Hidalgo,2,https://www.lamudi.com.mx/detalle/41032-73-e23846824ee9-672-19e45d1-b979-715c
41032-73-689e44a825b7-d8f2-19e1233-c02b-71fa,Departamento en Renta en Cuauhtémoc,36000,77,2,2,1,"Cuauhtémoc, Cuauhtémoc, Ciudad de México",Cuauhtémoc,3,https://www.lamudi.com.mx/detalle/41032-73-689e44a825b7-d8f2-19e1233-c02b-71fa
41032-73-b34e224e9efd-9b6-19df3fc-a1df-7b9a,Departamento en Renta en Florida,38500,130,2,2,2,"Florida, Álvaro Obregón, Ciudad de México",Álvaro Obregón,3,https://www.lamudi.com.mx/detalle/41032-73-b34e224e9efd-9b6-19df3fc-a1df-7b9a
41032-73-13ebdc3f509a-e78c-19d754f-a05e-72b5,Departamento en Renta en Santa Fe,21500,60,1,1,1,"Santa Fe, Álvaro Obregón, Ciudad de México",Álvaro Obregón,3,https://www.lamudi.com.mx/detalle/41032-73-13ebdc3f509a-e78c-19d754f-a05e-72b5
41032-73-71aaf3222e12-a999-19aea96-bc84-7b12,Departamento en Renta en Santa Fe,37000,100,2,2,2,"Santa Fe, Álvaro Obregón, Ciudad de México",Álvaro Obregón,3,https://www.lamudi.com.mx/detalle/41032-73-71aaf3222e12-a999-19aea96-bc84-7b12
41032-73-74e51cdeac4a-d316-19e0de4-97ba-7650,Departamento en Renta en Contadero,46000,123,2,2,2,"Contadero, Cuajimalpa de Morelos, Ciudad de México",Cuajimalpa de Morelos,3,https://www.lamudi.com.mx/detalle/41032-73-74e51cdeac4a-d316-19e0de4-97ba-7650
41032-73-c2e543005b1d-d36-19e4b18-922d-75fd,Departamento en Renta en Santa Fe Cuajimalpa,55000,132,2,2,3,"Santa Fe Cuajimalpa, Cuajimalpa de Morelos, Ciudad de México",Cuajimalpa de Morelos,3,https://www.lamudi.com.mx/detalle/41032-73-c2e543005b1d-d36-19e4b18-922d-75fd
41032-73-1b209b36d6a2-15d6-19ddeb6-afac-7417,Departamento en Renta en Condesa,21000,40,1,1,1,"Condesa, Cuauhtémoc, Ciudad de México",Cuauhtémoc,3,https://www.lamudi.com.mx/detalle/41032-73-1b209b36d6a2-15d6-19ddeb6-afac-7417
41032-73-eff6b5f2b519-4cf5-19e2967-8492-7710,Departamento en Renta en Ampliación Granada,39000,84,2,2,2,"Ampliación Granada, Miguel Hidalgo, Ciudad de México",Miguel Hidalgo,3,https://www.lamudi.com.mx/detalle/41032-73-eff6b5f2b519-4cf5-19e2967-8492-7710
41032-73-6d05969d9027-d640-19cf461-b324-76d2,Departamento en Renta en Lomas de Chapultepec,125000,380,3,3,2,"Lomas de Chapultepec, Miguel Hidalgo, Ciudad de México",Miguel Hidalgo,3,https://www.lamudi.com.mx/detalle/41032-73-6d05969d9027-d640-19cf461-b324-76d2
41032-73-4fb608a34f22-5b65-19e2967-b2b8-7c11,Departamento en Renta en Polanco,99000,210,3,3,2,"Polanco, Miguel Hidalgo, Ciudad de México",Miguel Hidalgo,3,https://www.lamudi.com.mx/detalle/41032-73-4fb608a34f22-5b65-19e2967-b2b8-7c11
41032-73-164df7844df6-6ace-19e2967-aaef-7b44,Departamento en Renta en Actipan,35000,170,3,2,1,"Actipan, Benito Juárez, Ciudad de México",Benito Juárez,3,https://www.lamudi.com.mx/detalle/41032-73-164df7844df6-6ace-19e2967-aaef-7b44
41032-73-9228ba01d565-1251-19d375e-accc-7cbd,Departamento en Renta en Santa Fe,74000,250,3,3,2,"Santa Fe, Álvaro Obregón, Ciudad de México",Álvaro Obregón,3,https://www.lamudi.com.mx/detalle/41032-73-9228ba01d565-1251-19d375e-accc-7cbd
41032-73-b4f536919a93-5438-19e2967-bb06-74ca,Departamento en Renta en Granada,5900,180,3,3,3,"Granada, Miguel Hidalgo, Ciudad de México",Miguel Hidalgo,3,https://www.lamudi.com.mx/detalle/41032-73-b4f536919a93-5438-19e2967-bb06-74ca
41032-73-81c5b8e3f556-7a33-19d89fc-89ba-7f24,Departamento en Renta en Lomas de Chapultepec,100000,320,3,3,3,"Lomas de Chapultepec, Miguel Hidalgo, Ciudad de México",Miguel Hidalgo,3,https://www.lamudi.com.mx/detalle/41032-73-81c5b8e3f556-7a33-19d89fc-89ba-7f24
41032-73-54db58274fb4-62e3-19e2967-b3f5-7923,Departamento en Renta en Ampliación Granada,45000,70,1,1,1,"Ampliación Granada, Miguel Hidalgo, Ciudad de México",Miguel Hidalgo,3,https://www.lamudi.com.mx/detalle/41032-73-54db58274fb4-62e3-19e2967-b3f5-7923
41032-73-92983a12e742-2b91-19c0f4c-a754-7cde,Departamento en Renta en Polanco,6000,182,3,4,2,"Polanco, Miguel Hidalgo, Ciudad de México",Miguel Hidalgo,3,https://www.lamudi.com.mx/detalle/41032-73-92983a12e742-2b91-19c0f4c-a754-7cde
41032-73-cbe7f7898fe-6a92-19a4b47-b589-73a3,Departamento en Renta en Ampliación Alpes,32000,80,2,2,2,"Ampliación Alpes, Álvaro Obregón, Ciudad de México",Álvaro Obregón,3,https://www.lamudi.com.mx/detalle/41032-73-cbe7f7898fe-6a92-19a4b47-b589-73a3
41032-73-f213e92f07c0-9569-19dccac-8f40-7392,Departamento en Renta en Ampliación Granada,36000,80,2,1,2,"Ampliación Granada, Miguel Hidalgo, Ciudad de México",Miguel Hidalgo,3,https://www.lamudi.com.mx/detalle/41032-73-f213e92f07c0-9569-19dccac-8f40-7392
41032-73-73193b7f7804-3111-19e245a-9db4-7480,Departamento en Renta en Santa Cruz Atoyac,38000,114,3,2,2,"Santa Cruz Atoyac, Benito Juárez, Ciudad de México",Benito Juárez,3,https://www.lamudi.com.mx/detalle/41032-73-73193b7f7804-3111-19e245a-9db4-7480
41032-73-8da33a0ac8aa-ce0e-19d46fd-bc85-7eb1,Departamento en Renta en Guerrero,15500,75,2,2,0,"Guerrero, Cuauhtémoc, Ciudad de México",Cuauhtémoc,3,https://www.lamudi.com.mx/detalle/41032-73-8da33a0ac8aa-ce0e-19d46fd-bc85-7eb1
41032-73-c67197b90b4-6b53-19e1f42-be70-739e,Departamento en Renta en Ciudad Jardín,25000,71,2,2,2,"Ciudad Jardín, Coyoacán, Ciudad de México",Coyoacán,3,https://www.lamudi.com.mx/detalle/41032-73-c67197b90b4-6b53-19e1f42-be70-739e
41032-73-3c5a01a45cbe-de0c-19cb942-adcb-7378,Departamento en Renta en Ampliación Granada,55000,103,3,2,2,"Ampliación Granada, Miguel Hidalgo, Ciudad de México",Miguel Hidalgo,3,https://www.lamudi.com.mx/detalle/41032-73-3c5a01a45cbe-de0c-19cb942-adcb-7378
41032-73-b45e691219e5-d9cf-19e1a15-a76d-7110,Departamento en Renta en Ampliación Granada,39000,71,1,1,1,"Ampliación Granada, Miguel Hidalgo, Ciudad de México",Miguel Hidalgo,3,https://www.lamudi.com.mx/detalle/41032-73-b45e691219e5-d9cf-19e1a15-a76d-7110
41032-73-765fc0fb8dfe-9e99-19c4e6d-b56c-72df,Condominio Horizontal en Renta en Guadalupe Inn,40000,107,2,2,0,"Guadalupe Inn, Álvaro Obregón, Ciudad de México",Álvaro Obregón,3,https://www.lamudi.com.mx/detalle/41032-73-765fc0fb8dfe-9e99-19c4e6d-b56c-72df
41032-73-d621c9c65a39-55db-19cd573-a3be-731c,Departamento en Renta en La Peñita del Pueblo Tetelpan,52000,300,3,4,3,"La Peñita del Pueblo Tetelpan, Álvaro Obregón, Ciudad de México",Álvaro Obregón,3,https://www.lamudi.com.mx/detalle/41032-73-d621c9c65a39-55db-19cd573-a3be-731c
41032-73-bdad313db1e7-5704-19de9b6-83d1-74ad,Departamento en Renta en Roma Norte,30000,100,2,2,1,"Roma Norte, Cuauhtémoc, Ciudad de México",Cuauhtémoc,3,https://www.lamudi.com.mx/detalle/41032-73-bdad313db1e7-5704-19de9b6-83d1-74ad
41032-73-1c4aca72a1d8-b417-19e229c-c008-7425,Departamento en Renta en Lomas de Chapultepec,95000,290,3,3,2,"Lomas de Chapultepec, Miguel Hidalgo, Ciudad de México",Miguel Hidalgo,3,https://www.lamudi.com.mx/detalle/41032-73-1c4aca72a1d8-b417-19e229c-c008-7425
41032-73-e69ca234fd-ca1-19c5445-86c8-70cf,Departamento en Renta en Bosques de las Lomas,120000,365,3,3,4,"Bosques de las Lomas, Cuajimalpa de Morelos, Ciudad de México",Cuajimalpa de Morelos,3,https://www.lamudi.com.mx/detalle/41032-73-e69ca234fd-ca1-19c5445-86c8-70cf
41032-73-f92a21aa90e6-2b6a-badcc9e3-91ec-3c17,Departamento en Renta en Bosque de las Lomas,85000,380,3,3,0,"Bosque de las Lomas, Miguel Hidalgo, Ciudad de México",Miguel Hidalgo,3,https://www.lamudi.com.mx/detalle/41032-73-f92a21aa90e6-2b6a-badcc9e3-91ec-3c17
41032-73-9e7eef0a3a31-dc5b-19e2d97-9310-7446,Departamento en Renta en Ampliación Granada,62000,160,3,3,2,"Ampliación Granada, Miguel Hidalgo, Ciudad de México",Miguel Hidalgo,3,https://www.lamudi.com.mx/detalle/41032-73-9e7eef0a3a31-dc5b-19e2d97-9310-7446
41032-73-af6b98840e72-51ef-19ae21a-93f0-79a8,Departamento en Renta en Bosques de las Lomas,130000,260,3,3,3,"Bosques de las Lomas, Cuajimalpa de Morelos, Ciudad de México",Cuajimalpa de Morelos,4,https://www.lamudi.com.mx/detalle/41032-73-af6b98840e72-51ef-19ae21a-93f0-79a8
41032-73-3c88acfc485c-ac64-19dd1f8-a241-7cfa,Departamento en Renta en Polanco,65000,240,3,2,1,"Polanco, Miguel Hidalgo, Ciudad de México",Miguel Hidalgo,4,https://www.lamudi.com.mx/detalle/41032-73-3c88acfc485c-ac64-19dd1f8-a241-7cfa
41032-73-57ac492121aa-183c-19cbf70-9591-72f9,Departamento en Renta en Cuauhtémoc,45000,130,2,2,1,"Cuauhtémoc, Cuauhtémoc, Ciudad de México",Cuauhtémoc,4,https://www.lamudi.com.mx/detalle/41032-73-57ac492121aa-183c-19cbf70-9591-72f9
41032-73-42a94163d214-b7bb-19cbf77-9435-75d4,Departamento en Renta en Cuauhtémoc,49000,135,1,1,1,"Cuauhtémoc, Cuauhtémoc, Ciudad de México",Cuauhtémoc,4,https://www.lamudi.com.mx/detalle/41032-73-42a94163d214-b7bb-19cbf77-9435-75d4
41032-73-3184da823671-ae6f-19c215c-8ce5-72f7,Departamento en Renta en Ampliación Granada,80000,280,2,2,3,"Ampliación Granada, Miguel Hidalgo, Ciudad de México",Miguel Hidalgo,4,https://www.lamudi.com.mx/detalle/41032-73-3184da823671-ae6f-19c215c-8ce5-72f7
41032-73-96a4bf4c7015-9fd9-19d41ba-b29d-7741,Departamento en Renta en Las Aguilas 3er Parque,34600,106,3,2,2,"Las Aguilas 3er Parque, Álvaro Obregón, Ciudad de México",Álvaro Obregón,4,https://www.lamudi.com.mx/detalle/41032-73-96a4bf4c7015-9fd9-19d41ba-b29d-7741
41032-73-6eecb4dd4b33-c566-19cfefa-a84f-7caa,Departamento en Renta en Del Valle,29500,61,1,1,1,"Del Valle, Benito Juárez, Ciudad de México",Benito Juárez,4,https://www.lamudi.com.mx/detalle/41032-73-6eecb4dd4b33-c566-19cfefa-a84f-7caa
41032-73-b6dc6a618e9c-3877-19d7ae1-b2a0-7a24,Departamento en Renta en Roma Sur,70000,196,3,3,1,"Roma Sur, Cuauhtémoc, Ciudad de México",Cuauhtémoc,4,https://www.lamudi.com.mx/detalle/41032-73-b6dc6a618e9c-3877-19d7ae1-b2a0-7a24
41032-73-718486462ef8-41bb-19c73e3-950a-7164,Departamento en Renta en Polanco,110000,190,3,3,2,"Polanco, Miguel Hidalgo, Ciudad de México",Miguel Hidalgo,4,https://www.lamudi.com.mx/detalle/41032-73-718486462ef8-41bb-19c73e3-950a-7164
41032-73-bc735b5f4d0-799e-19c73a1-825d-7823,Departamento en Renta en Polanco,105000,188,3,3,2,"Polanco, Miguel Hidalgo, Ciudad de México",Miguel Hidalgo,4,https://www.lamudi.com.mx/detalle/41032-73-bc735b5f4d0-799e-19c73a1-825d-7823
41032-73-db95bab8dce5-aa09-19a3cd7-9c1c-7158,Departamento en Renta en Polanco,100000,257,2,2,2,"Polanco, Miguel Hidalgo, Ciudad de México",Miguel Hidalgo,4,https://www.lamudi.com.mx/detalle/41032-73-db95bab8dce5-aa09-19a3cd7-9c1c-7158
41032-73-9551427dc9ee-b36a-19c8dad-aa7f-7368,Departamento en Renta en Jardines del Pedregal,58000,153,2,2,2,"Jardines del Pedregal, Álvaro Obregón, Ciudad de México",Álvaro Obregón,4,https://www.lamudi.com.mx/detalle/41032-73-9551427dc9ee-b36a-19c8dad-aa7f-7368
41032-73-bb234d23803f-f726-19b912a-98c9-7b96,Departamento en Renta en Hipódromo,45000,170,2,3,2,"Hipódromo, Cuauhtémoc, Ciudad de México",Cuauhtémoc,4,https://www.lamudi.com.mx/detalle/41032-73-bb234d23803f-f726-19b912a-98c9-7b96
41032-73-85ecaac5cc26-36a5-197ca6e-b31b-7781,Departamento en Renta en Granada,5350000,94,2,2,1,"Granada, Miguel Hidalgo, Ciudad de México",Miguel Hidalgo,4,https://www.lamudi.com.mx/detalle/41032-73-85ecaac5cc26-36a5-197ca6e-b31b-7781
41032-73-9f94c46b809b-b0db-1952596-8891-7aee,Departamento en Renta en Polanco,45000,150,2,2,1,"Polanco, Miguel Hidalgo, Ciudad de México",Miguel Hidalgo,4,https://www.lamudi.com.mx/detalle/41032-73-9f94c46b809b-b0db-1952596-8891-7aee
41032-73-d022d2baf85a-ffb2-19a3d0d-bb66-73f8,Departamento en Renta en Polanco,80000,200,2,2,2,"Polanco, Miguel Hidalgo, Ciudad de México",Miguel Hidalgo,4,https://www.lamudi.com.mx/detalle/41032-73-d022d2baf85a-ffb2-19a3d0d-bb66-73f8
41032-73-d23268e3afad-2e52-19b7750-85c1-7be0,Departamento en Renta en Polanco,45000,100,2,2,2,"Polanco, Miguel Hidalgo, Ciudad de México",Miguel Hidalgo,4,https://www.lamudi.com.mx/detalle/41032-73-d23268e3afad-2e52-19b7750-85c1-7be0
41032-73-43732a4001cb-6d87-19a5b99-8886-7828,Departamento en Renta en Centro,17500,50,1,1,0,"Centro, Cuauhtémoc, Ciudad de México",Cuauhtémoc,4,https://www.lamudi.com.mx/detalle/41032-73-43732a4001cb-6d87-19a5b99-8886-7828
41032-73-12185ff2603a-b4ac-19c2fc3-8c8b-7db1,Loft en Renta en Centro,17500,50,1,1,0,"Centro, Cuauhtémoc, Ciudad de México",Cuauhtémoc,4,https://www.lamudi.com.mx/detalle/41032-73-12185ff2603a-b4ac-19c2fc3-8c8b-7db1
41032-73-b270d2fd5052-3a4e-19d93c0-b0bb-7144,Departamento en Renta en El Yaqui,19900,55,1,1,1,"El Yaqui, Cuajimalpa de Morelos, Ciudad de México",Cuajimalpa de Morelos,4,https://www.lamudi.com.mx/detalle/41032-73-b270d2fd5052-3a4e-19d93c0-b0bb-7144
41032-73-61afd368117f-1f93-19e24cc-81a8-7121,Departamento en Renta en Anahuac I Sección,37000,97,2,2,1,"Anahuac I Sección, Miguel Hidalgo, Ciudad de México",Miguel Hidalgo,4,https://www.lamudi.com.mx/detalle/41032-73-61afd368117f-1f93-19e24cc-81a8-7121
41032-73-a66989c4ba10-4e50-1993aad-9984-7197,Departamento en Renta en Cuajimalpa,24500,90,2,2,2,"Cuajimalpa, Cuajimalpa de Morelos, Ciudad de México",Cuajimalpa de Morelos,4,https://www.lamudi.com.mx/detalle/41032-73-a66989c4ba10-4e50-1993aad-9984-7197
41032-73-e4b7ee90e44d-53c5-19de05d-a4af-7090,Departamento en Renta en El Yaqui,24000,48,1,1,0,"El Yaqui, Cuajimalpa de Morelos, Ciudad de México",Cuajimalpa de Morelos,4,https://www.lamudi.com.mx/detalle/41032-73-e4b7ee90e44d-53c5-19de05d-a4af-7090
41032-73-75da926d8365-179c-19de033-b4e7-7217,Departamento en Renta en Santa Fe,33000,112,2,2,0,"Santa Fe, Álvaro Obregón, Ciudad de México",Álvaro Obregón,4,https://www.lamudi.com.mx/detalle/41032-73-75da926d8365-179c-19de033-b4e7-7217
41032-73-f3969c885aed-5dc9-19de018-a5f7-73a5,Departamento en Renta en Lomas de Chapultepec,87000,584,3,3,0,"Lomas de Chapultepec, Miguel Hidalgo, Ciudad de México",Miguel Hidalgo,4,https://www.lamudi.com.mx/detalle/41032-73-f3969c885aed-5dc9-19de018-a5f7-73a5
41032-73-38ad8ae77435-782a-19c44ee-ae9d-7dd8,Departamento en Renta en Ampliación el Yaqui,45500,123,3,3,2,"Ampliación el Yaqui, Cuajimalpa de Morelos, Ciudad de México",Cuajimalpa de Morelos,4,https://www.lamudi.com.mx/detalle/41032-73-38ad8ae77435-782a-19c44ee-ae9d-7dd8
41032-73-5fa233b6cdb8-e38b-19b9ae1-93cb-7611,Departamento en Renta en Juárez,32000,48,1,1,1,"Juárez, Cuauhtémoc, Ciudad de México",Cuauhtémoc,4,https://www.lamudi.com.mx/detalle/41032-73-5fa233b6cdb8-e38b-19b9ae1-93cb-7611
41032-73-4eb767793237-490e-50cec7c3-a21d-431d,Departamento en Renta en Centro,21000,70,2,2,1,"Centro, Cuauhtémoc, Ciudad de México",Cuauhtémoc,4,https://www.lamudi.com.mx/detalle/41032-73-4eb767793237-490e-50cec7c3-a21d-431d
41032-73-c0a4db2e9c48-2b9e-19d2029-a256-7d05,Departamento en Renta en Condesa,40000,56,1,1,1,"Condesa, Cuauhtémoc, Ciudad de México",Cuauhtémoc,4,https://www.lamudi.com.mx/detalle/41032-73-c0a4db2e9c48-2b9e-19d2029-a256-7d05
41032-73-435f2959eef5-6248-19e21b9-92ac-7d53,Departamento en Renta en Santa Fe Cuajimalpa,45000,155,2,2,2,"Santa Fe Cuajimalpa, Cuajimalpa de Morelos, Ciudad de México",Cuajimalpa de Morelos,4,https://www.lamudi.com.mx/detalle/41032-73-435f2959eef5-6248-19e21b9-92ac-7d53
41032-73-bdf04834378d-1e8e-197f1fa-a921-7235,Departamento en Renta en Santa Fe Cuajimalpa,26500,56,1,1,1,"Santa Fe Cuajimalpa, Cuajimalpa de Morelos, Ciudad de México",Cuajimalpa de Morelos,5,https://www.lamudi.com.mx/detalle/41032-73-bdf04834378d-1e8e-197f1fa-a921-7235
41032-73-2134d99914a3-a514-19cdadd-b5aa-74a4,Departamento en Renta en Ampliación Granada,49500,120,2,3,1,"Ampliación Granada, Miguel Hidalgo, Ciudad de México",Miguel Hidalgo,5,https://www.lamudi.com.mx/detalle/41032-73-2134d99914a3-a514-19cdadd-b5aa-74a4
41032-73-9dbe6baa39f2-edbe-197362f-a5fe-79c9,Departamento en Renta en Bosques de las Lomas,29000,57,1,1,1,"Bosques de las Lomas, Cuajimalpa de Morelos, Ciudad de México",Cuajimalpa de Morelos,5,https://www.lamudi.com.mx/detalle/41032-73-9dbe6baa39f2-edbe-197362f-a5fe-79c9
41032-73-66769b5b5bf3-dc02-1986368-b6cb-7c25,Departamento en Renta en San Gabriel,25000,49,1,1,1,"San Gabriel, Álvaro Obregón, Ciudad de México",Álvaro Obregón,5,https://www.lamudi.com.mx/detalle/41032-73-66769b5b5bf3-dc02-1986368-b6cb-7c25
41032-73-74bf9cfbe9d5-7d38-19dc26e-9bd5-79ee,Departamento en Renta en Santa Fe Cuajimalpa,58000,120,2,2,2,"Santa Fe Cuajimalpa, Cuajimalpa de Morelos, Ciudad de México",Cuajimalpa de Morelos,5,https://www.lamudi.com.mx/detalle/41032-73-74bf9cfbe9d5-7d38-19dc26e-9bd5-79ee
41032-73-998406f9dad-a4e3-195ac28-bab1-7592,Departamento en Renta en Reforma Social,7440000,155,2,2,2,"Reforma Social, Miguel Hidalgo, Ciudad de México",Miguel Hidalgo,5,https://www.lamudi.com.mx/detalle/41032-73-998406f9dad-a4e3-195ac28-bab1-7592
41032-73-332237adef04-2ce4-19d7c25-be5d-7678,Departamento en Renta en Lomas de Bezares,73000,380,3,3,4,"Lomas de Bezares, Miguel Hidalgo, Ciudad de México",Miguel Hidalgo,5,https://www.lamudi.com.mx/detalle/41032-73-332237adef04-2ce4-19d7c25-be5d-7678
41032-73-5800b82c046c-d67b-19dadde-9915-736c,Departamento en Renta en Lomas de Bezares,90000,296,2,2,4,"Lomas de Bezares, Miguel Hidalgo, Ciudad de México",Miguel Hidalgo,5,https://www.lamudi.com.mx/detalle/41032-73-5800b82c046c-d67b-19dadde-9915-736c
41032-73-66fce81927ec-5fbe-19e1034-8068-7455,Departamento en Renta en Anahuac I Sección,24500,0,1,1,1,"Anahuac I Sección, Miguel Hidalgo, Ciudad de México",Miguel Hidalgo,5,https://www.lamudi.com.mx/detalle/41032-73-66fce81927ec-5fbe-19e1034-8068-7455
41032-73-23ac6079c0e1-9dcb-19e41d6-9716-73a1,Departamento en Renta en Polanco,65000,0,2,2,2,"Polanco, Miguel Hidalgo, Ciudad de México",Miguel Hidalgo,5,https://www.lamudi.com.mx/detalle/41032-73-23ac6079c0e1-9dcb-19e41d6-9716-73a1
41032-73-f98c117ae77-4119-19db8de-8819-7a23,Departamento en Renta en Cuauhtémoc,30000,85,2,2,1,"Cuauhtémoc, Cuauhtémoc, Ciudad de México",Cuauhtémoc,5,https://www.lamudi.com.mx/detalle/41032-73-f98c117ae77-4119-19db8de-8819-7a23
41032-73-8bd83407a2cb-74fe-19dc642-978b-7271,Departamento en Renta en Juárez,45000,67,1,1,1,"Juárez, Cuauhtémoc, Ciudad de México",Cuauhtémoc,5,https://www.lamudi.com.mx/detalle/41032-73-8bd83407a2cb-74fe-19dc642-978b-7271
41032-73-8100aa43214e-d399-19da679-a39c-7655,Departamento en Renta en San Gabriel,48500,140,3,3,0,"San Gabriel, Álvaro Obregón, Ciudad de México",Álvaro Obregón,5,https://www.lamudi.com.mx/detalle/41032-73-8100aa43214e-d399-19da679-a39c-7655
41032-73-aa6500be8ad2-fe33-19d7b6e-9561-7c91,Departamento en Renta en Centro,19781,36,0,1,0,"Centro, Cuauhtémoc, Ciudad de México",Cuauhtémoc,5,https://www.lamudi.com.mx/detalle/41032-73-aa6500be8ad2-fe33-19d7b6e-9561-7c91
41032-73-fb9abb6279a4-c7c2-19c48f1-907a-7585,Departamento en Renta en Polanco,66500,110,2,2,1,"Polanco, Miguel Hidalgo, Ciudad de México",Miguel Hidalgo,5,https://www.lamudi.com.mx/detalle/41032-73-fb9abb6279a4-c7c2-19c48f1-907a-7585
41032-73-d2adad2a4e00-34fc-19d7c59-9a8e-7216,Departamento en Renta en Lomas de Sotelo,30700,68,2,2,0,"Lomas de Sotelo, Miguel Hidalgo, Ciudad de México",Miguel Hidalgo,5,https://www.lamudi.com.mx/detalle/41032-73-d2adad2a4e00-34fc-19d7c59-9a8e-7216
41032-73-149a22e832be-301a-19d1123-b813-78de,Departamento en Renta en Santa Fe,16000,50,1,1,0,"Santa Fe, Álvaro Obregón, Ciudad de México",Álvaro Obregón,5,https://www.lamudi.com.mx/detalle/41032-73-149a22e832be-301a-19d1123-b813-78de
41032-73-26a910c74a95-9785-19cfc87-8f6d-7083,Departamento en Renta en Santa Fe Cuajimalpa,58000,156,3,3,0,"Santa Fe Cuajimalpa, Cuajimalpa de Morelos, Ciudad de México",Cuajimalpa de Morelos,5,https://www.lamudi.com.mx/detalle/41032-73-26a910c74a95-9785-19cfc87-8f6d-7083
41032-73-c43d012be82-9f9f-19d7b8e-b6eb-73d8,Departamento en Renta en Polanco,115000,347,3,3,2,"Polanco, Miguel Hidalgo, Ciudad de México",Miguel Hidalgo,5,https://www.lamudi.com.mx/detalle/41032-73-c43d012be82-9f9f-19d7b8e-b6eb-73d8
41032-73-9613034e6a36-2cd4-19d7b58-afae-7ec9,Departamento en Renta en Polanco,75000,150,2,3,2,"Polanco, Miguel Hidalgo, Ciudad de México",Miguel Hidalgo,5,https://www.lamudi.com.mx/detalle/41032-73-9613034e6a36-2cd4-19d7b58-afae-7ec9
41032-73-52081c186be7-e4c9-19b7f6e-9d41-7de4,Departamento en Renta en Lomas de Guadalupe,55000,140,3,3,0,"Lomas de Guadalupe, Álvaro Obregón, Ciudad de México",Álvaro Obregón,5,https://www.lamudi.com.mx/detalle/41032-73-52081c186be7-e4c9-19b7f6e-9d41-7de4
41032-73-2e68e406e7d0-3036-19e3468-9fb6-7c54,Departamento en Renta en Cuevitas,24500,0,2,2,2,"Cuevitas, Álvaro Obregón, Ciudad de México",Álvaro Obregón,5,https://www.lamudi.com.mx/detalle/41032-73-2e68e406e7d0-3036-19e3468-9fb6-7c54
41032-73-c6339f7f3820-8ccc-19d7b76-9463-793b,Departamento en Renta en Lomas de Sotelo,20579,67,1,1,0,"Lomas de Sotelo, Miguel Hidalgo, Ciudad de México",Miguel Hidalgo,5,https://www.lamudi.com.mx/detalle/41032-73-c6339f7f3820-8ccc-19d7b76-9463-793b
41032-73-16efd63b649-af19-19d7b24-b39f-7725,Departamento en Renta en Bosques de las Lomas,32336,61,1,1,1,"Bosques de las Lomas, Cuajimalpa de Morelos, Ciudad de México",Cuajimalpa de Morelos,5,https://www.lamudi.com.mx/detalle/41032-73-16efd63b649-af19-19d7b24-b39f-7725
41032-73-4e20013d3eac-90f1-19e23d0-8684-7f95,Departamento en Renta en San Pedro de los Pinos,23500,80,2,2,3,"San Pedro de los Pinos, Benito Juárez, Ciudad de México",Benito Juárez,5,https://www.lamudi.com.mx/detalle/41032-73-4e20013d3eac-90f1-19e23d0-8684-7f95
41032-73-527cdeba4b26-5973-19d7bd6-9420-77f2,Departamento en Renta en Periodista,20800,48,1,1,0,"Periodista, Miguel Hidalgo, Ciudad de México",Miguel Hidalgo,5,https://www.lamudi.com.mx/detalle/41032-73-527cdeba4b26-5973-19d7bd6-9420-77f2
41032-73-7672c3dbc4d3-aa6c-19d7b11-a140-79a7,Departamento en Renta en Centro,19781,36,0,1,0,"Centro, Cuauhtémoc, Ciudad de México",Cuauhtémoc,5,https://www.lamudi.com.mx/detalle/41032-73-7672c3dbc4d3-aa6c-19d7b11-a140-79a7
41032-73-247d789618d4-9acc-19d7c3b-8e42-7d68,Departamento en Renta en Juárez,20262,38,0,1,0,"Juárez, Cuauhtémoc, Ciudad de México",Cuauhtémoc,5,https://www.lamudi.com.mx/detalle/41032-73-247d789618d4-9acc-19d7c3b-8e42-7d68
41032-73-e4bb5cbcf4d7-8d03-19d7aa3-a9b6-7246,Departamento en Renta en Anahuac I Sección,35000,90,2,2,2,"Anahuac I Sección, Miguel Hidalgo, Ciudad de México",Miguel Hidalgo,6,https://www.lamudi.com.mx/detalle/41032-73-e4bb5cbcf4d7-8d03-19d7aa3-a9b6-7246
41032-73-1e2910ac44a5-af4d-19dbd69-a585-728e,Departamento en Renta en Ermita Tizapan,23500,75,2,3,1,"Ermita Tizapan, Álvaro Obregón, Ciudad de México",Álvaro Obregón,6,https://www.lamudi.com.mx/detalle/41032-73-1e2910ac44a5-af4d-19dbd69-a585-728e
41032-73-55177869f7b0-1c55-19c0890-b33f-7611,Departamento en Renta en Narvarte,27000,70,2,2,1,"Narvarte, Benito Juárez, Ciudad de México",Benito Juárez,6,https://www.lamudi.com.mx/detalle/41032-73-55177869f7b0-1c55-19c0890-b33f-7611
41032-73-7f3146be3ffc-657-19db630-98d8-77aa,Departamento en Renta en Juárez,44006,45,1,1,0,"Juárez, Cuauhtémoc, Ciudad de México",Cuauhtémoc,6,https://www.lamudi.com.mx/detalle/41032-73-7f3146be3ffc-657-19db630-98d8-77aa
41032-73-9b04fd604245-347a-19d5939-a5ec-7ac8,Departamento en Renta en Ampliación Granada,38000,80,1,1,0,"Ampliación Granada, Miguel Hidalgo, Ciudad de México",Miguel Hidalgo,6,https://www.lamudi.com.mx/detalle/41032-73-9b04fd604245-347a-19d5939-a5ec-7ac8
41032-73-8878893b3f11-683b-19e1d7f-b424-7561,Departamento en Renta en Santa Maria La Ribera,18000,58,2,1,1,"Santa Maria La Ribera, Cuauhtémoc, Ciudad de México",Cuauhtémoc,6,https://www.lamudi.com.mx/detalle/41032-73-8878893b3f11-683b-19e1d7f-b424-7561
41032-73-7f8338f19e26-138c-19dd1be-a1d0-7374,Departamento en Renta en Polanco,34000,80,1,1,1,"Polanco, Miguel Hidalgo, Ciudad de México",Miguel Hidalgo,6,https://www.lamudi.com.mx/detalle/41032-73-7f8338f19e26-138c-19dd1be-a1d0-7374
41032-73-e466567faf42-ee5b-19e0394-9858-7768,Departamento en Renta en Ampliación el Yaqui,27000,72,1,1,1,"Ampliación el Yaqui, Cuajimalpa de Morelos, Ciudad de México",Cuajimalpa de Morelos,6,https://www.lamudi.com.mx/detalle/41032-73-e466567faf42-ee5b-19e0394-9858-7768
41032-73-e590d8e104bc-8258-19dd0bc-840c-73d4,Departamento en Renta en Santa Maria La Ribera,20000,73,2,2,1,"Santa Maria La Ribera, Cuauhtémoc, Ciudad de México",Cuauhtémoc,6,https://www.lamudi.com.mx/detalle/41032-73-e590d8e104bc-8258-19dd0bc-840c-73d4
41032-73-c2dafab3b1b2-b5d-19e4c28-a922-7265,Departamento en Renta en Napoles,32750,130,3,2,1,"Napoles, Benito Juárez, Ciudad de México",Benito Juárez,6,https://www.lamudi.com.mx/detalle/41032-73-c2dafab3b1b2-b5d-19e4c28-a922-7265
41032-73-5f1a05a5b096-2dc-19d9ae3-aa59-7be7,Departamento en Renta en Polanco,64000,240,3,0,0,"Polanco, Miguel Hidalgo, Ciudad de México",Miguel Hidalgo,6,https://www.lamudi.com.mx/detalle/41032-73-5f1a05a5b096-2dc-19d9ae3-aa59-7be7
41032-73-10a16ad4e16d-3937-19d6b9d-a940-7ae1,Departamento en Renta en Lomas de Chapultepec,50000,230,3,3,2,"Lomas de Chapultepec, Miguel Hidalgo, Ciudad de México",Miguel Hidalgo,6,https://www.lamudi.com.mx/detalle/41032-73-10a16ad4e16d-3937-19d6b9d-a940-7ae1
41032-73-8310dca7cc56-490b-19db1fd-9813-74f1,Departamento en Renta en San Rafael,19500,61,2,2,1,"San Rafael, Cuauhtémoc, Ciudad de México",Cuauhtémoc,6,https://www.lamudi.com.mx/detalle/41032-73-8310dca7cc56-490b-19db1fd-9813-74f1
41032-73-adbf00713397-9a69-19d9acd-86b2-76f9,Departamento en Renta en Polanco,85000,185,2,0,0,"Polanco, Miguel Hidalgo, Ciudad de México",Miguel Hidalgo,6,https://www.lamudi.com.mx/detalle/41032-73-adbf00713397-9a69-19d9acd-86b2-76f9
41032-73-dee0b7916d73-c06e-19d9aad-af2c-7cee,Departamento en Renta en Bosque de las Lomas,6000,210,3,0,0,"Bosque de las Lomas, Miguel Hidalgo, Ciudad de México",Miguel Hidalgo,6,https://www.lamudi.com.mx/detalle/41032-73-dee0b7916d73-c06e-19d9aad-af2c-7cee
41032-73-4e70fef48299-bfae-7b174626-ae87-435f,Departamento en Renta en Santa Fe,85000,328,4,4,4,"Santa Fe, Álvaro Obregón, Ciudad de México",Álvaro Obregón,6,https://www.lamudi.com.mx/detalle/41032-73-4e70fef48299-bfae-7b174626-ae87-435f
41032-73-6119beaaacfc-f85d-19c6cd3-8ab3-76a2,Departamento en Renta en Agricultura,23000,120,3,2,0,"Agricultura, Miguel Hidalgo, Ciudad de México",Miguel Hidalgo,6,https://www.lamudi.com.mx/detalle/41032-73-6119beaaacfc-f85d-19c6cd3-8ab3-76a2
41032-73-ded33006c408-860a-19e2de5-b815-73cd,Departamento en Renta en Ampliación Del Gas,17000,74,2,2,1,"Ampliación Del Gas, Azcapotzalco, Ciudad de México",Azcapotzalco,6,https://www.lamudi.com.mx/detalle/41032-73-ded33006c408-860a-19e2de5-b815-73cd
41032-73-f4992ada3ea3-6d89-19dd2bf-b98c-7135,Departamento en Renta en Napoles,30000,125,2,2,0,"Napoles, Benito Juárez, Ciudad de México",Benito Juárez,6,https://www.lamudi.com.mx/detalle/41032-73-f4992ada3ea3-6d89-19dd2bf-b98c-7135
41032-73-86b71c35550-6042-19bced1-b456-7507,Departamento en Renta en San Pedro de los Pinos,20500,46,1,1,1,"San Pedro de los Pinos, Álvaro Obregón, Ciudad de México",Álvaro Obregón,6,https://www.lamudi.com.mx/detalle/41032-73-86b71c35550-6042-19bced1-b456-7507
41032-73-9d44e7b47386-8f13-19dd694-b952-76dd,Departamento en Renta en Napoles,9000,240,3,0,0,"Napoles, Benito Juárez, Ciudad de México",Benito Juárez,6,https://www.lamudi.com.mx/detalle/41032-73-9d44e7b47386-8f13-19dd694-b952-76dd
41032-73-de649b52d414-7eb1-19b9ac4-9373-7584,Departamento en Renta en San Rafael,25442,53,1,1,0,"San Rafael, Cuauhtémoc, Ciudad de México",Cuauhtémoc,6,https://www.lamudi.com.mx/detalle/41032-73-de649b52d414-7eb1-19b9ac4-9373-7584
41032-73-1c649e0d8106-18b-191e92f-a7ad-7389,Departamento en Renta en Juárez,31000,42,0,1,0,"Juárez, Cuauhtémoc, Ciudad de México",Cuauhtémoc,6,https://www.lamudi.com.mx/detalle/41032-73-1c649e0d8106-18b-191e92f-a7ad-7389
41032-73-992d50635a52-27c9-19bfc7f-b30b-7339,Departamento en Renta en Polanco,80000,150,2,3,2,"Polanco, Miguel Hidalgo, Ciudad de México",Miguel Hidalgo,6,https://www.lamudi.com.mx/detalle/41032-73-992d50635a52-27c9-19bfc7f-b30b-7339
41032-73-40309dc2876b-cec-199cb75-81fb-72f2,Departamento en Renta en La Joyita del Pueblo Tetelpan,12000,120,1,1,0,"La Joyita del Pueblo Tetelpan, Álvaro Obregón, Ciudad de México",Álvaro Obregón,6,https://www.lamudi.com.mx/detalle/41032-73-40309dc2876b-cec-199cb75-81fb-72f2
41032-73-394aedc67a63-2724-19e122e-ba03-7123,Departamento en Renta en Polanco,60000,250,3,2,2,"Polanco, Miguel Hidalgo, Ciudad de México",Miguel Hidalgo,6,https://www.lamudi.com.mx/detalle/41032-73-394aedc67a63-2724-19e122e-ba03-7123
41032-73-520caf6e4607-b9a5-19dd21d-b7d2-7107,Departamento en Renta en La Joyita del Pueblo Tetelpan,9500,20,1,1,0,"La Joyita del Pueblo Tetelpan, Álvaro Obregón, Ciudad de México",Álvaro Obregón,6,https://www.lamudi.com.mx/detalle/41032-73-520caf6e4607-b9a5-19dd21d-b7d2-7107
41032-73-291b927f5bd5-2225-19d7c77-9276-7134,Departamento en Renta en Lomas de Chapultepec,100000,233,2,2,3,"Lomas de Chapultepec, Miguel Hidalgo, Ciudad de México",Miguel Hidalgo,6,https://www.lamudi.com.mx/detalle/41032-73-291b927f5bd5-2225-19d7c77-9276-7134
41032-73-8e73dd221f3f-1e98-19d6a43-be0f-7543,Departamento en Renta en Ampliación Granada,38000,60,1,2,1,"Ampliación Granada, Miguel Hidalgo, Ciudad de México",Miguel Hidalgo,6,https://www.lamudi.com.mx/detalle/41032-73-8e73dd221f3f-1e98-19d6a43-be0f-7543
41032-73-8017edd4fe4d-a52d-19ce3e0-b01e-7553,Departamento en Renta en Portales,20900,74,2,2,2,"Portales, Benito Juárez, Ciudad de México",Benito Juárez,6,https://www.lamudi.com.mx/detalle/41032-73-8017edd4fe4d-a52d-19ce3e0-b01e-7553
41032-73-d50f5edc32e0-1238-19dc270-b4bd-7cdb,Departamento en Renta en Granada,42000,64,1,1,1,"Granada, Miguel Hidalgo, Ciudad de México",Miguel Hidalgo,7,https://www.lamudi.com.mx/detalle/41032-73-d50f5edc32e0-1238-19dc270-b4bd-7cdb
41032-73-68b8ad1558-683f-194674a-8f63-704e,Departamento en Renta en Cuauhtémoc,28000,0,2,1,1,"Cuauhtémoc, Cuauhtémoc, Ciudad de México",Cuauhtémoc,7,https://www.lamudi.com.mx/detalle/41032-73-68b8ad1558-683f-194674a-8f63-704e
41032-73-a9dbf619128-da74-19dbd51-8b18-7732,Departamento en Renta en Ampliación Granada,55000,78,1,1,0,"Ampliación Granada, Miguel Hidalgo, Ciudad de México",Miguel Hidalgo,7,https://www.lamudi.com.mx/detalle/41032-73-a9dbf619128-da74-19dbd51-8b18-7732
41032-73-d15abbc18b6d-678b-1924ab2-b0a8-759b,Departamento en Renta en Juárez,30000,0,1,1,1,"Juárez, Cuauhtémoc, Ciudad de México",Cuauhtémoc,7,https://www.lamudi.com.mx/detalle/41032-73-d15abbc18b6d-678b-1924ab2-b0a8-759b
41032-73-4f2e4cccd08e-f972-19cc633-94d9-7473,Departamento en Renta en Lomas de Chapultepec,80000,310,3,3,2,"Lomas de Chapultepec, Miguel Hidalgo, Ciudad de México",Miguel Hidalgo,7,https://www.lamudi.com.mx/detalle/41032-73-4f2e4cccd08e-f972-19cc633-94d9-7473
41032-73-e0b7a01f5f47-a8b2-19d7a8c-b299-7165,Departamento en Renta en Polanco,90000,153,2,3,2,"Polanco, Miguel Hidalgo, Ciudad de México",Miguel Hidalgo,7,https://www.lamudi.com.mx/detalle/41032-73-e0b7a01f5f47-a8b2-19d7a8c-b299-7165
41032-73-dd175d8ab859-59a1-19e175b-a96a-7bc9,Departamento en Renta en Bosque de las Lomas,36000,260,4,4,1,"Bosque de las Lomas, Miguel Hidalgo, Ciudad de México",Miguel Hidalgo,7,https://www.lamudi.com.mx/detalle/41032-73-dd175d8ab859-59a1-19e175b-a96a-7bc9
41032-73-9e0f58155eda-cebc-19d7a7a-b27e-748c,Departamento en Renta en Polanco,90000,153,2,3,2,"Polanco, Miguel Hidalgo, Ciudad de México",Miguel Hidalgo,7,https://www.lamudi.com.mx/detalle/41032-73-9e0f58155eda-cebc-19d7a7a-b27e-748c
41032-73-22571e89ee4f-a9be-19cdb43-8a0c-765a,Departamento en Renta en Tabacalera,36000,105,3,3,1,"Tabacalera, Cuauhtémoc, Ciudad de México",Cuauhtémoc,7,https://www.lamudi.com.mx/detalle/41032-73-22571e89ee4f-a9be-19cdb43-8a0c-765a
41032-73-ce2c7611fffc-f633-19cea1c-b85e-72e3,Departamento en Renta en Cuajimalpa,21000,47,1,1,1,"Cuajimalpa, Cuajimalpa de Morelos, Ciudad de México",Cuajimalpa de Morelos,7,https://www.lamudi.com.mx/detalle/41032-73-ce2c7611fffc-f633-19cea1c-b85e-72e3
41032-73-d087cbbd532d-4c79-19d6aeb-8314-7156,Departamento en Renta en Narvarte,30000,125,3,2,1,"Narvarte, Benito Juárez, Ciudad de México",Benito Juárez,7,https://www.lamudi.com.mx/detalle/41032-73-d087cbbd532d-4c79-19d6aeb-8314-7156
41032-73-9136601aaf80-a0ad-19769bf-9466-7ecb,Departamento en Renta en Polanco,110000,300,3,3,2,"Polanco, Miguel Hidalgo, Ciudad de México",Miguel Hidalgo,7,https://www.lamudi.com.mx/detalle/41032-73-9136601aaf80-a0ad-19769bf-9466-7ecb
41032-73-bcabc6fd9129-610d-19e42b6-8320-773d,Departamento en Renta en Bosques de las Lomas,45000,110,2,2,2,"Bosques de las Lomas, Cuajimalpa de Morelos, Ciudad de México",Cuajimalpa de Morelos,7,https://www.lamudi.com.mx/detalle/41032-73-bcabc6fd9129-610d-19e42b6-8320-773d
41032-73-95c1499c70bf-9180-19e42db-a366-77b5,Departamento en Renta en Xoco,98000,230,3,4,2,"Xoco, Benito Juárez, Ciudad de México",Benito Juárez,7,https://www.lamudi.com.mx/detalle/41032-73-95c1499c70bf-9180-19e42db-a366-77b5
41032-73-f43e363035f2-b998-19ddc25-ad2e-7bbe,Departamento en Renta en Polanco,72000,150,2,2,2,"Polanco, Miguel Hidalgo, Ciudad de México",Miguel Hidalgo,7,https://www.lamudi.com.mx/detalle/41032-73-f43e363035f2-b998-19ddc25-ad2e-7bbe
41032-73-f0c09941470d-a938-19dc5a7-a4c2-7c64,Departamento en Renta en Ampliación Granada,49000,80,2,2,2,"Ampliación Granada, Miguel Hidalgo, Ciudad de México",Miguel Hidalgo,7,https://www.lamudi.com.mx/detalle/41032-73-f0c09941470d-a938-19dc5a7-a4c2-7c64
41032-73-a361f8c1ca51-7805-24013550-af1a-5015,Departamento en Renta en Ampliación Granada,55000,78,1,1,1,"Ampliación Granada, Miguel Hidalgo, Ciudad de México",Miguel Hidalgo,7,https://www.lamudi.com.mx/detalle/41032-73-a361f8c1ca51-7805-24013550-af1a-5015
41032-73-10fe07f4fc8-e98-19db3c4-a4e5-7254,Departamento en Renta en Ampliación Granada,74990,144,3,3,2,"Ampliación Granada, Miguel Hidalgo, Ciudad de México",Miguel Hidalgo,7,https://www.lamudi.com.mx/detalle/41032-73-10fe07f4fc8-e98-19db3c4-a4e5-7254
41032-73-acd054928bf7-56c8-19c9185-95d6-79fc,Departamento en Renta en Granada,67997,142,2,2,2,"Granada, Miguel Hidalgo, Ciudad de México",Miguel Hidalgo,7,https://www.lamudi.com.mx/detalle/41032-73-acd054928bf7-56c8-19c9185-95d6-79fc
41032-73-495f62de63c1-a537-19e33e0-90f5-7eaa,Departamento en Renta en Santa Fe Cuajimalpa,49000,114,2,2,2,"Santa Fe Cuajimalpa, Cuajimalpa de Morelos, Ciudad de México",Cuajimalpa de Morelos,7,https://www.lamudi.com.mx/detalle/41032-73-495f62de63c1-a537-19e33e0-90f5-7eaa
41032-73-3d0a2cff06b-2f06-19cde3e-8745-7b56,Departamento en Renta en Ampliación Granada,39000,84,2,2,2,"Ampliación Granada, Miguel Hidalgo, Ciudad de México",Miguel Hidalgo,7,https://www.lamudi.com.mx/detalle/41032-73-3d0a2cff06b-2f06-19cde3e-8745-7b56
41032-73-36cd56cd0ba9-c8ea-19c1a52-9cd4-76d3,Departamento en Renta en Xoco,29000,60,1,1,1,"Xoco, Benito Juárez, Ciudad de México",Benito Juárez,7,https://www.lamudi.com.mx/detalle/41032-73-36cd56cd0ba9-c8ea-19c1a52-9cd4-76d3
41032-73-304fc7e88de6-f55b-19e441b-af21-72f5,Departamento en Renta en Xoco,36500,75,2,2,2,"Xoco, Benito Juárez, Ciudad de México",Benito Juárez,7,https://www.lamudi.com.mx/detalle/41032-73-304fc7e88de6-f55b-19e441b-af21-72f5
41032-73-c9784600cfc4-d135-19d88f8-b8c0-769d,Departamento en Renta en Bosque de las Lomas,55000,129,1,1,2,"Bosque de las Lomas, Miguel Hidalgo, Ciudad de México",Miguel Hidalgo,7,https://www.lamudi.com.mx/detalle/41032-73-c9784600cfc4-d135-19d88f8-b8c0-769d
41032-73-4a377b8e619a-741d-19cda53-884d-7525,Departamento en Renta en Lomas de Bezares,80000,296,2,2,4,"Lomas de Bezares, Miguel Hidalgo, Ciudad de México",Miguel Hidalgo,7,https://www.lamudi.com.mx/detalle/41032-73-4a377b8e619a-741d-19cda53-884d-7525
41032-73-74ca8377ea2d-5086-19e4308-a77f-76f0,Departamento en Renta en Del Valle,28000,130,3,2,1,"Del Valle, Benito Juárez, Ciudad de México",Benito Juárez,7,https://www.lamudi.com.mx/detalle/41032-73-74ca8377ea2d-5086-19e4308-a77f-76f0
41032-73-cdbe6c87826f-c9ae-19c4598-a9bf-7643,Departamento en Renta en Escandón I Sección,31000,100,3,2,2,"Escandón I Sección, Miguel Hidalgo, Ciudad de México",Miguel Hidalgo,7,https://www.lamudi.com.mx/detalle/41032-73-cdbe6c87826f-c9ae-19c4598-a9bf-7643
41032-73-7a5bcccb5d06-ef2f-19e42ea-b8f4-72ce,Departamento en Renta en Ampliación Alpes,26000,96,2,2,2,"Ampliación Alpes, Álvaro Obregón, Ciudad de México",Álvaro Obregón,7,https://www.lamudi.com.mx/detalle/41032-73-7a5bcccb5d06-ef2f-19e42ea-b8f4-72ce
41032-73-88d20aa9aa91-49b3-19e3285-9b7c-7338,Departamento en Renta en Del Valle,28000,130,3,2,1,"Del Valle, Benito Juárez, Ciudad de México",Benito Juárez,7,https://www.lamudi.com.mx/detalle/41032-73-88d20aa9aa91-49b3-19e3285-9b7c-7338
41032-73-7c559f5f5605-2a3f-199dee3-a0d6-7112,Departamento en Renta en Lomas de Chapultepec,110000,360,3,3,4,"Lomas de Chapultepec, Miguel Hidalgo, Ciudad de México",Miguel Hidalgo,8,https://www.lamudi.com.mx/detalle/41032-73-7c559f5f5605-2a3f-199dee3-a0d6-7112
41032-73-be63532c2a61-a61e-1979e78-95e4-74bc,Departamento en Renta en Las Tinajas,35000,115,2,2,2,"Las Tinajas, Cuajimalpa de Morelos, Ciudad de México",Cuajimalpa de Morelos,8,https://www.lamudi.com.mx/detalle/41032-73-be63532c2a61-a61e-1979e78-95e4-74bc
41032-73-6ee0edc93a63-b7f9-19d4c53-8cb6-73e1,Departamento en Renta en Zacahuitzco,21500,80,2,2,2,"Zacahuitzco, Benito Juárez, Ciudad de México",Benito Juárez,8,https://www.lamudi.com.mx/detalle/41032-73-6ee0edc93a63-b7f9-19d4c53-8cb6-73e1
41032-73-a6b4bb3ddec3-63ff-19d8b06-96f5-779d,Departamento en Renta en Merced Gómez,26000,92,2,2,2,"Merced Gómez, Benito Juárez, Ciudad de México",Benito Juárez,8,https://www.lamudi.com.mx/detalle/41032-73-a6b4bb3ddec3-63ff-19d8b06-96f5-779d
41032-73-3cb4e440da1e-a485-19d4c59-abc6-7153,Departamento en Renta en Zacahuitzco,21500,80,2,2,2,"Zacahuitzco, Benito Juárez, Ciudad de México",Benito Juárez,8,https://www.lamudi.com.mx/detalle/41032-73-3cb4e440da1e-a485-19d4c59-abc6-7153
41032-73-211e21aeaa0b-902f-ea7afc95-b1fb-4acb,Departamento en Renta en Del Valle,35000,240,4,3,2,"Del Valle, Benito Juárez, Ciudad de México",Benito Juárez,8,https://www.lamudi.com.mx/detalle/41032-73-211e21aeaa0b-902f-ea7afc95-b1fb-4acb
41032-73-6a85005f3123-2961-19e46f2-8c8d-7cd4,Departamento en Renta en Xoco,83500,198,3,4,0,"Xoco, Benito Juárez, Ciudad de México",Benito Juárez,8,https://www.lamudi.com.mx/detalle/41032-73-6a85005f3123-2961-19e46f2-8c8d-7cd4
41032-73-8f4895ca1291-5ab2-19a191a-a0be-7db7,Departamento en Renta en Xoco,32990,0,1,1,1,"Xoco, Benito Juárez, Ciudad de México",Benito Juárez,8,https://www.lamudi.com.mx/detalle/41032-73-8f4895ca1291-5ab2-19a191a-a0be-7db7
41032-73-e4a1b2762d2e-d5fc-19df0e5-ae8f-71b1,Departamento en Renta en Xoco,67990,204,3,3,2,"Xoco, Benito Juárez, Ciudad de México",Benito Juárez,8,https://www.lamudi.com.mx/detalle/41032-73-e4a1b2762d2e-d5fc-19df0e5-ae8f-71b1
41032-73-7c1c810bd176-dc36-19dc292-898a-7263,Departamento en Renta en Xoco,32990,0,1,1,1,"Xoco, Benito Juárez, Ciudad de México",Benito Juárez,8,https://www.lamudi.com.mx/detalle/41032-73-7c1c810bd176-dc36-19dc292-898a-7263
41032-73-7e16a7a10559-93ec-19b72cc-98eb-7526,Departamento en Renta en Xoco,33998,0,1,1,1,"Xoco, Benito Juárez, Ciudad de México",Benito Juárez,8,https://www.lamudi.com.mx/detalle/41032-73-7e16a7a10559-93ec-19b72cc-98eb-7526
41032-73-2fc8a6159198-3222-19568bf-b68f-8027,Departamento en Renta en Xoco,32999,0,1,1,1,"Xoco, Benito Juárez, Ciudad de México",Benito Juárez,8,https://www.lamudi.com.mx/detalle/41032-73-2fc8a6159198-3222-19568bf-b68f-8027
41032-73-3e332821a25b-2a83-19ddc69-98d9-77b6,Departamento en Renta en Bosques de las Lomas,85000,420,3,4,3,"Bosques de las Lomas, Cuajimalpa de Morelos, Ciudad de México",Cuajimalpa de Morelos,8,https://www.lamudi.com.mx/detalle/41032-73-3e332821a25b-2a83-19ddc69-98d9-77b6
41032-73-cc4a55346e25-293b-19c8d63-82d6-750d,Departamento en Renta en Granada,70000,142,3,2,2,"Granada, Miguel Hidalgo, Ciudad de México",Miguel Hidalgo,8,https://www.lamudi.com.mx/detalle/41032-73-cc4a55346e25-293b-19c8d63-82d6-750d
41032-73-a2737203d50b-516f-19dd556-9b27-7514,Departamento en Renta en Escandón I Sección,19000,60,1,2,1,"Escandón I Sección, Miguel Hidalgo, Ciudad de México",Miguel Hidalgo,8,https://www.lamudi.com.mx/detalle/41032-73-a2737203d50b-516f-19dd556-9b27-7514
41032-73-f4139c663eba-54ca-19e4909-89c2-7293,Departamento en Renta en Toriello Guerra,18000,90,2,2,1,"Toriello Guerra, Tlalpan, Ciudad de México",Tlalpan,8,https://www.lamudi.com.mx/detalle/41032-73-f4139c663eba-54ca-19e4909-89c2-7293
41032-73-48c487960b84-9b77-db38be4c-b497-4b6d,Departamento en Renta en Centro,21900,79,1,2,1,"Centro, Cuauhtémoc, Ciudad de México",Cuauhtémoc,8,https://www.lamudi.com.mx/detalle/41032-73-48c487960b84-9b77-db38be4c-b497-4b6d
41032-73-dc5873a9494f-a576-ae92385e-af82-3326,Departamento en Renta en Centro,38000,57,2,2,0,"Centro, Cuauhtémoc, Ciudad de México",Cuauhtémoc,8,https://www.lamudi.com.mx/detalle/41032-73-dc5873a9494f-a576-ae92385e-af82-3326
41032-73-237cb5b7deae-e4ca-19d08a7-80dd-717f,Departamento en Renta en Centro,36000,76,1,1,1,"Centro, Cuauhtémoc, Ciudad de México",Cuauhtémoc,8,https://www.lamudi.com.mx/detalle/41032-73-237cb5b7deae-e4ca-19d08a7-80dd-717f
41032-73-ba60e4d440df-f48b-6661362b-8a55-3c2d,Departamento en Renta en Juárez,58000,78,1,1,0,"Juárez, Cuauhtémoc, Ciudad de México",Cuauhtémoc,8,https://www.lamudi.com.mx/detalle/41032-73-ba60e4d440df-f48b-6661362b-8a55-3c2d
41032-73-8de3567be601-fc7-19e48fa-91c8-7613,Departamento en Renta en Anahuac I Sección,35000,85,2,2,2,"Anahuac I Sección, Miguel Hidalgo, Ciudad de México",Miguel Hidalgo,8,https://www.lamudi.com.mx/detalle/41032-73-8de3567be601-fc7-19e48fa-91c8-7613
41032-73-f68993d303d0-a7bd-197e7d4-af68-760e,Departamento en Renta en Nueva Santa Maria,17900,67,2,2,1,"Nueva Santa Maria, Azcapotzalco, Ciudad de México",Azcapotzalco,8,https://www.lamudi.com.mx/detalle/41032-73-f68993d303d0-a7bd-197e7d4-af68-760e
41032-73-5d6f90ead9fb-6d9b-19df69e-b69c-70ff,Departamento en Renta en Centro,13000,74,1,1,2,"Centro, Cuauhtémoc, Ciudad de México",Cuauhtémoc,8,https://www.lamudi.com.mx/detalle/41032-73-5d6f90ead9fb-6d9b-19df69e-b69c-70ff
41032-73-c6a5543b3c04-7a1-2e114963-bd6f-30df,Departamento en Renta en Centro,32000,57,1,1,0,"Centro, Cuauhtémoc, Ciudad de México",Cuauhtémoc,8,https://www.lamudi.com.mx/detalle/41032-73-c6a5543b3c04-7a1-2e114963-bd6f-30df
41032-73-d75690ac41ea-3307-19e50db-840d-7b4c,Loft en Renta en Tabacalera,27000,50,1,1,0,"Tabacalera, Cuauhtémoc, Ciudad de México",Cuauhtémoc,8,https://www.lamudi.com.mx/detalle/41032-73-d75690ac41ea-3307-19e50db-840d-7b4c
41032-73-8f4f32c12455-ead0-19ce8da-8f50-7370,Departamento en Renta en Centro,18500,70,1,1,1,"Centro, Cuauhtémoc, Ciudad de México",Cuauhtémoc,8,https://www.lamudi.com.mx/detalle/41032-73-8f4f32c12455-ead0-19ce8da-8f50-7370
41032-73-5a45056b4b4-bcfd-19dd6ff-89a7-750b,Departamento en Renta en Irrigación,31000,112,2,2,1,"Irrigación, Miguel Hidalgo, Ciudad de México",Miguel Hidalgo,8,https://www.lamudi.com.mx/detalle/41032-73-5a45056b4b4-bcfd-19dd6ff-89a7-750b
41032-73-d25e2f46a1b0-ea9e-19e4d79-9140-7364,Departamento en Renta en Cuajimalpa,15500,80,3,2,2,"Cuajimalpa, Cuajimalpa de Morelos, Ciudad de México",Cuajimalpa de Morelos,8,https://www.lamudi.com.mx/detalle/41032-73-d25e2f46a1b0-ea9e-19e4d79-9140-7364
41032-73-2e15d0ab09fa-10b1-19e436c-b21b-73ba,Departamento en Renta en 20 de Noviembre,11000,65,2,1,2,"20 de Noviembre, Venustiano Carranza, Ciudad de México",Venustiano Carranza,8,https://www.lamudi.com.mx/detalle/41032-73-2e15d0ab09fa-10b1-19e436c-b21b-73ba
41032-73-2be16f22dd2-d3a6-19e413e-a3c8-73ef,Departamento en Renta en Lomas de Chapultepec,100000,320,3,3,3,"Lomas de Chapultepec, Miguel Hidalgo, Ciudad de México",Miguel Hidalgo,8,https://www.lamudi.com.mx/detalle/41032-73-2be16f22dd2-d3a6-19e413e-a3c8-73ef
41032-73-cf28614156d1-7b07-19d8a09-8fd2-7c20,Departamento en Renta en Narvarte,19500,62,2,1,2,"Narvarte, Benito Juárez, Ciudad de México",Benito Juárez,9,https://www.lamudi.com.mx/detalle/41032-73-cf28614156d1-7b07-19d8a09-8fd2-7c20
41032-73-627d2ace38e3-78ba-19d55ef-94bd-72d1,Departamento en Renta en Guadalupe Inn,18000,35,1,1,0,"Guadalupe Inn, Álvaro Obregón, Ciudad de México",Álvaro Obregón,9,https://www.lamudi.com.mx/detalle/41032-73-627d2ace38e3-78ba-19d55ef-94bd-72d1
41032-73-d0e1ccca5eb4-2237-19cbb11-908b-76f7,Departamento en Renta en Anahuac I Sección,23000,68,2,2,1,"Anahuac I Sección, Miguel Hidalgo, Ciudad de México",Miguel Hidalgo,9,https://www.lamudi.com.mx/detalle/41032-73-d0e1ccca5eb4-2237-19cbb11-908b-76f7
41032-73-87aaaffbba84-678-19e02cc-a2d4-794b,Departamento en Renta en Ampliación Granada,39000,85,2,2,2,"Ampliación Granada, Miguel Hidalgo, Ciudad de México",Miguel Hidalgo,9,https://www.lamudi.com.mx/detalle/41032-73-87aaaffbba84-678-19e02cc-a2d4-794b
41032-73-f2834f200e50-41ab-19e425e-9eb1-7306,Departamento en Renta en Irrigación,85000,305,2,2,2,"Irrigación, Miguel Hidalgo, Ciudad de México",Miguel Hidalgo,9,https://www.lamudi.com.mx/detalle/41032-73-f2834f200e50-41ab-19e425e-9eb1-7306
41032-73-94f9daa79c79-a5b2-19df5dd-bcd6-7ee4,Departamento en Renta en Bosque de las Lomas,99000,210,3,3,2,"Bosque de las Lomas, Miguel Hidalgo, Ciudad de México",Miguel Hidalgo,9,https://www.lamudi.com.mx/detalle/41032-73-94f9daa79c79-a5b2-19df5dd-bcd6-7ee4
41032-73-d6c8f33d75b1-7dcb-19dbd76-983f-7582,Departamento en Renta en Polanco,65000,120,2,2,2,"Polanco, Miguel Hidalgo, Ciudad de México",Miguel Hidalgo,9,https://www.lamudi.com.mx/detalle/41032-73-d6c8f33d75b1-7dcb-19dbd76-983f-7582
41032-73-1f0e0e497f5f-6aa9-19dd6fc-9ae1-7162,Departamento en Renta en San José Insurgentes,45000,102,1,2,1,"San José Insurgentes, Benito Juárez, Ciudad de México",Benito Juárez,9,https://www.lamudi.com.mx/detalle/41032-73-1f0e0e497f5f-6aa9-19dd6fc-9ae1-7162
41032-73-462f5eb42d46-8f84-19e4322-a86c-7607,Departamento en Renta en Lomas de San Ángel Inn,19800,120,3,2,1,"Lomas de San Ángel Inn, Álvaro Obregón, Ciudad de México",Álvaro Obregón,9,https://www.lamudi.com.mx/detalle/41032-73-462f5eb42d46-8f84-19e4322-a86c-7607
41032-73-1db97ca10d3d-2839-19e0589-9b24-724e,Departamento en Renta en Xoco,36000,68,2,1,1,"Xoco, Benito Juárez, Ciudad de México",Benito Juárez,9,https://www.lamudi.com.mx/detalle/41032-73-1db97ca10d3d-2839-19e0589-9b24-724e
41032-73-e9ee297d4ded-17c6-19e42e9-b6f8-7098,Departamento en Renta en Lomas de Chapultepec,88000,264,3,3,2,"Lomas de Chapultepec, Miguel Hidalgo, Ciudad de México",Miguel Hidalgo,9,https://www.lamudi.com.mx/detalle/41032-73-e9ee297d4ded-17c6-19e42e9-b6f8-7098
41032-73-5b8c306ddd30-56f8-19d421b-a0ce-7757,Departamento en Renta en Anzures,22000,40,1,1,1,"Anzures, Miguel Hidalgo, Ciudad de México",Miguel Hidalgo,9,https://www.lamudi.com.mx/detalle/41032-73-5b8c306ddd30-56f8-19d421b-a0ce-7757
41032-73-84de67de966c-6727-19ca737-929a-743f,Departamento en Renta en Anahuac I Sección,27000,78,2,2,2,"Anahuac I Sección, Miguel Hidalgo, Ciudad de México",Miguel Hidalgo,9,https://www.lamudi.com.mx/detalle/41032-73-84de67de966c-6727-19ca737-929a-743f
41032-73-d8d16c4ef0f0-2f2d-19e0805-9df1-72e4,Departamento en Renta en Cuauhtémoc,36000,77,2,2,1,"Cuauhtémoc, Cuauhtémoc, Ciudad de México",Cuauhtémoc,9,https://www.lamudi.com.mx/detalle/41032-73-d8d16c4ef0f0-2f2d-19e0805-9df1-72e4
41032-73-2d8da66e974b-ec0-19c7111-a23c-7f32,Departamento en Renta en Xoco,29000,80,1,2,1,"Xoco, Benito Juárez, Ciudad de México",Benito Juárez,9,https://www.lamudi.com.mx/detalle/41032-73-2d8da66e974b-ec0-19c7111-a23c-7f32
41032-73-f6938a82df91-5bcf-19abb5e-c015-7f60,Departamento en Renta en Xoco,39000,100,3,2,2,"Xoco, Benito Juárez, Ciudad de México",Benito Juárez,9,https://www.lamudi.com.mx/detalle/41032-73-f6938a82df91-5bcf-19abb5e-c015-7f60
41032-73-9b7d7b290db8-8880-19e2978-9495-76fe,Departamento en Renta en Polanco,38000,70,1,1,1,"Polanco, Miguel Hidalgo, Ciudad de México",Miguel Hidalgo,9,https://www.lamudi.com.mx/detalle/41032-73-9b7d7b290db8-8880-19e2978-9495-76fe
41032-73-74207b61912c-1f6c-19df5f0-9644-7311,Departamento en Renta en Escandón I Sección,30000,80,2,1,0,"Escandón I Sección, Miguel Hidalgo, Ciudad de México",Miguel Hidalgo,9,https://www.lamudi.com.mx/detalle/41032-73-74207b61912c-1f6c-19df5f0-9644-7311
41032-73-da6c3334791e-89ab-19abb5e-8d3d-71dd,Departamento en Renta en Xoco,62000,188,3,3,2,"Xoco, Benito Juárez, Ciudad de México",Benito Juárez,9,https://www.lamudi.com.mx/detalle/41032-73-da6c3334791e-89ab-19abb5e-8d3d-71dd
41032-73-6c8818cbabd0-1c8d-1927ee4-922b-7c01,Departamento en Renta en Santa Fe,25900,84,1,1,2,"Santa Fe, Álvaro Obregón, Ciudad de México",Álvaro Obregón,9,https://www.lamudi.com.mx/detalle/41032-73-6c8818cbabd0-1c8d-1927ee4-922b-7c01
41032-73-fc818be06eaa-3c13-192f45b-b888-7f2d,Loft en Renta en Santa Fe Cuajimalpa,28000,55,0,1,1,"Santa Fe Cuajimalpa, Cuajimalpa de Morelos, Ciudad de México",Cuajimalpa de Morelos,9,https://www.lamudi.com.mx/detalle/41032-73-fc818be06eaa-3c13-192f45b-b888-7f2d
41032-73-afdc7501efcc-e7a1-19d8a4a-ae5b-7694,Departamento en Renta en Santa Fe,25900,80,1,1,2,"Santa Fe, Álvaro Obregón, Ciudad de México",Álvaro Obregón,9,https://www.lamudi.com.mx/detalle/41032-73-afdc7501efcc-e7a1-19d8a4a-ae5b-7694
41032-73-c855df5a4f67-4b67-19ce8d9-96e9-71e8,Loft en Renta en Santa Fe Cuajimalpa,29900,70,1,1,1,"Santa Fe Cuajimalpa, Cuajimalpa de Morelos, Ciudad de México",Cuajimalpa de Morelos,9,https://www.lamudi.com.mx/detalle/41032-73-c855df5a4f67-4b67-19ce8d9-96e9-71e8
41032-73-554e2e2d384-9a6a-19ac844-8c27-7488,Loft en Renta en Santa Fe Cuajimalpa,28900,67,1,1,1,"Santa Fe Cuajimalpa, Cuajimalpa de Morelos, Ciudad de México",Cuajimalpa de Morelos,9,https://www.lamudi.com.mx/detalle/41032-73-554e2e2d384-9a6a-19ac844-8c27-7488
41032-73-63e2c0f6fa2c-b197-19e19fa-8a65-75d7,Departamento en Renta en El Yaqui,29500,87,2,2,2,"El Yaqui, Cuajimalpa de Morelos, Ciudad de México",Cuajimalpa de Morelos,9,https://www.lamudi.com.mx/detalle/41032-73-63e2c0f6fa2c-b197-19e19fa-8a65-75d7
41032-73-94aa0aba7368-ec5d-19e53aa-940e-7069,Departamento en Renta en Prado Coapa 2A Sección,17000,90,3,2,1,"Prado Coapa 2A Sección, Tlalpan, Ciudad de México",Tlalpan,9,https://www.lamudi.com.mx/detalle/41032-73-94aa0aba7368-ec5d-19e53aa-940e-7069
41032-73-e738f95c4772-981e-19d8a1d-b751-717e,Departamento en Renta en Narvarte,24500,87,2,2,2,"Narvarte, Benito Juárez, Ciudad de México",Benito Juárez,9,https://www.lamudi.com.mx/detalle/41032-73-e738f95c4772-981e-19d8a1d-b751-717e
41032-73-75f167eaff19-e98-19c505d-938f-75e0,Departamento en Renta en Manzanastitla,25000,116,3,2,0,"Manzanastitla, Cuajimalpa de Morelos, Ciudad de México",Cuajimalpa de Morelos,9,https://www.lamudi.com.mx/detalle/41032-73-75f167eaff19-e98-19c505d-938f-75e0
41032-73-b36a0bdf4441-715-19d79a7-b4fd-7797,Departamento en Renta en Industrial Vallejo,12500,0,0,0,0,"Industrial Vallejo, Azcapotzalco, Ciudad de México",Azcapotzalco,9,https://www.lamudi.com.mx/detalle/41032-73-b36a0bdf4441-715-19d79a7-b4fd-7797
41032-73-797177e33310-488a-19e18a7-bc07-70d2,Departamento en Renta en Juárez,14500,33,1,1,0,"Juárez, Cuauhtémoc, Ciudad de México",Cuauhtémoc,9,https://www.lamudi.com.mx/detalle/41032-73-797177e33310-488a-19e18a7-bc07-70d2
41032-73-a766ddda0843-3337-19d3c80-887e-7dc4,Departamento en Renta en Santa Cruz Atoyac,30000,70,2,2,2,"Santa Cruz Atoyac, Benito Juárez, Ciudad de México",Benito Juárez,10,https://www.lamudi.com.mx/detalle/41032-73-a766ddda0843-3337-19d3c80-887e-7dc4
41032-73-b9715a6af74d-96e6-19e2a25-80c8-7244,Departamento en Renta en Aeronáutica Militar,12000,61,2,1,0,"Aeronáutica Militar, Venustiano Carranza, Ciudad de México",Venustiano Carranza,10,https://www.lamudi.com.mx/detalle/41032-73-b9715a6af74d-96e6-19e2a25-80c8-7244
41032-73-745286fc89e5-e8ca-19e4c5a-a154-7758,Departamento en Renta en Aeronáutica Militar,10000,72,2,1,0,"Aeronáutica Militar, Venustiano Carranza, Ciudad de México",Venustiano Carranza,10,https://www.lamudi.com.mx/detalle/41032-73-745286fc89e5-e8ca-19e4c5a-a154-7758
41032-73-b4e4d05673b5-8547-19dccd5-b131-754c,Loft en Renta en Roma Norte,13000,48,1,1,0,"Roma Norte, Cuauhtémoc, Ciudad de México",Cuauhtémoc,10,https://www.lamudi.com.mx/detalle/41032-73-b4e4d05673b5-8547-19dccd5-b131-754c
41032-73-d4006e50771f-3ea-19d6467-8429-7295,Departamento en Renta en San Angel,29000,152,3,2,0,"San Angel, Álvaro Obregón, Ciudad de México",Álvaro Obregón,10,https://www.lamudi.com.mx/detalle/41032-73-d4006e50771f-3ea-19d6467-8429-7295
41032-73-70f7f2065b66-c7ed-199780f-b0b7-7b1c,Departamento en Renta en Polanco,180000,346,3,3,2,"Polanco, Miguel Hidalgo, Ciudad de México",Miguel Hidalgo,10,https://www.lamudi.com.mx/detalle/41032-73-70f7f2065b66-c7ed-199780f-b0b7-7b1c
41032-73-af7006d4829c-dd9c-19952f1-86b6-7ceb,Departamento en Renta en Polanco,100000,310,2,2,2,"Polanco, Miguel Hidalgo, Ciudad de México",Miguel Hidalgo,10,https://www.lamudi.com.mx/detalle/41032-73-af7006d4829c-dd9c-19952f1-86b6-7ceb
41032-73-96317fc5ed20-3e74-19df889-bd2a-78d1,Departamento en Renta en Condesa,52000,85,2,1,0,"Condesa, Cuauhtémoc, Ciudad de México",Cuauhtémoc,10,https://www.lamudi.com.mx/detalle/41032-73-96317fc5ed20-3e74-19df889-bd2a-78d1
41032-73-c38c0a81e3c5-25ad-19ddeb6-8ddb-7eac,Departamento en Renta en Condesa,23000,40,0,1,1,"Condesa, Cuauhtémoc, Ciudad de México",Cuauhtémoc,10,https://www.lamudi.com.mx/detalle/41032-73-c38c0a81e3c5-25ad-19ddeb6-8ddb-7eac
41032-73-578bbf7d830-8716-19c7242-a4ea-75db,Departamento en Renta en Anahuac I Sección,19000,46,1,1,1,"Anahuac I Sección, Miguel Hidalgo, Ciudad de México",Miguel Hidalgo,10,https://www.lamudi.com.mx/detalle/41032-73-578bbf7d830-8716-19c7242-a4ea-75db
41032-73-6145a294ed2d-c7e5-19e0810-9804-77a2,Departamento en Renta en Bosques de las Lomas,65000,200,2,2,3,"Bosques de las Lomas, Cuajimalpa de Morelos, Ciudad de México",Cuajimalpa de Morelos,10,https://www.lamudi.com.mx/detalle/41032-73-6145a294ed2d-c7e5-19e0810-9804-77a2
41032-73-73c10a874019-98fb-19df0b8-bda9-71d4,Departamento en Renta en Roma Norte,45000,142,2,2,1,"Roma Norte, Cuauhtémoc, Ciudad de México",Cuauhtémoc,10,https://www.lamudi.com.mx/detalle/41032-73-73c10a874019-98fb-19df0b8-bda9-71d4
41032-73-b98f12091fc7-ef11-19cbee1-8955-7e58,Departamento en Renta en Ampliación Granada,55000,103,3,2,2,"Ampliación Granada, Miguel Hidalgo, Ciudad de México",Miguel Hidalgo,10,https://www.lamudi.com.mx/detalle/41032-73-b98f12091fc7-ef11-19cbee1-8955-7e58
41032-73-d711e4af8388-d62c-196b1a0-814a-7f2f,Departamento en Renta en Granada,58000,116,2,2,2,"Granada, Miguel Hidalgo, Ciudad de México",Miguel Hidalgo,10,https://www.lamudi.com.mx/detalle/41032-73-d711e4af8388-d62c-196b1a0-814a-7f2f
41032-73-df98b02c08f8-1dcb-19ddeb6-8292-7b5e,Departamento en Renta en Roma Norte,20000,28,1,1,0,"Roma Norte, Cuauhtémoc, Ciudad de México",Cuauhtémoc,10,https://www.lamudi.com.mx/detalle/41032-73-df98b02c08f8-1dcb-19ddeb6-8292-7b5e
41032-73-1babb7c26bb9-49b7-19d758b-8b8e-7055,Departamento en Renta en Roma Norte,30000,75,2,2,0,"Roma Norte, Cuauhtémoc, Ciudad de México",Cuauhtémoc,10,https://www.lamudi.com.mx/detalle/41032-73-1babb7c26bb9-49b7-19d758b-8b8e-7055
41032-73-f6b26065f39a-d950-19e0072-a2f2-745b,Departamento en Renta en Roma Norte,20000,34,0,1,0,"Roma Norte, Cuauhtémoc, Ciudad de México",Cuauhtémoc,10,https://www.lamudi.com.mx/detalle/41032-73-f6b26065f39a-d950-19e0072-a2f2-745b
41032-73-bf03d506c593-3bc7-19d9927-9529-753f,Departamento en Renta en San Lorenzo Tlaltenango,15500,51,2,1,1,"San Lorenzo Tlaltenango, Miguel Hidalgo, Ciudad de México",Miguel Hidalgo,10,https://www.lamudi.com.mx/detalle/41032-73-bf03d506c593-3bc7-19d9927-9529-753f
41032-73-85d4b6e05282-97d3-19cb6ba-aef6-7062,Loft en Renta en Jardines del Pedregal,24500,55,1,1,1,"Jardines del Pedregal, Álvaro Obregón, Ciudad de México",Álvaro Obregón,10,https://www.lamudi.com.mx/detalle/41032-73-85d4b6e05282-97d3-19cb6ba-aef6-7062
41032-73-bbcf8b0d3d1f-f698-19b4915-b294-7b08,Departamento en Renta en Olivar de los Padres,37150,210,2,2,2,"Olivar de los Padres, Álvaro Obregón, Ciudad de México",Álvaro Obregón,10,https://www.lamudi.com.mx/detalle/41032-73-bbcf8b0d3d1f-f698-19b4915-b294-7b08
41032-73-fbdc87e164a6-52f6-19dfda1-94ff-731d,Departamento en Renta en Olivar de los Padres,17500,70,2,2,2,"Olivar de los Padres, Álvaro Obregón, Ciudad de México",Álvaro Obregón,10,https://www.lamudi.com.mx/detalle/41032-73-fbdc87e164a6-52f6-19dfda1-94ff-731d
41032-73-9d2b637988a-9889-19cbbc0-aa24-7516,Departamento en Renta en Napoles,36000,135,3,2,0,"Napoles, Benito Juárez, Ciudad de México",Benito Juárez,10,https://www.lamudi.com.mx/detalle/41032-73-9d2b637988a-9889-19cbbc0-aa24-7516
41032-73-25eaad7f6ad3-718e-19cdad7-bc54-7e82,Departamento en Renta en Olivar de los Padres,37000,210,2,2,2,"Olivar de los Padres, Álvaro Obregón, Ciudad de México",Álvaro Obregón,10,https://www.lamudi.com.mx/detalle/41032-73-25eaad7f6ad3-718e-19cdad7-bc54-7e82
41032-73-44a9b4baadcd-a80e-19c9003-96c5-7f1c,Departamento en Renta en Bosques de las Lomas,53000,138,3,3,3,"Bosques de las Lomas, Cuajimalpa de Morelos, Ciudad de México",Cuajimalpa de Morelos,10,https://www.lamudi.com.mx/detalle/41032-73-44a9b4baadcd-a80e-19c9003-96c5-7f1c
41032-73-3524f4774ac7-7b4e-19e52c6-b6a2-7853,Departamento en Renta en Bosques de las Lomas,58250,179,3,3,3,"Bosques de las Lomas, Cuajimalpa de Morelos, Ciudad de México",Cuajimalpa de Morelos,10,https://www.lamudi.com.mx/detalle/41032-73-3524f4774ac7-7b4e-19e52c6-b6a2-7853
41032-73-e5e5e833ea88-ecfa-19e3fd4-864d-7055,Departamento en Renta en Polanco,85000,168,2,2,2,"Polanco, Miguel Hidalgo, Ciudad de México",Miguel Hidalgo,10,https://www.lamudi.com.mx/detalle/41032-73-e5e5e833ea88-ecfa-19e3fd4-864d-7055
41032-73-c8aee88930c-ca23-19db323-bf32-75f3,Departamento en Renta en Bosques de las Lomas,59000,205,3,4,4,"Bosques de las Lomas, Cuajimalpa de Morelos, Ciudad de México",Cuajimalpa de Morelos,10,https://www.lamudi.com.mx/detalle/41032-73-c8aee88930c-ca23-19db323-bf32-75f3
41032-73-6ce56f726b90-6c80-19e52c6-8440-718d,Departamento en Renta en Bosques de las Lomas,43766,138,3,3,3,"Bosques de las Lomas, Cuajimalpa de Morelos, Ciudad de México",Cuajimalpa de Morelos,10,https://www.lamudi.com.mx/detalle/41032-73-6ce56f726b90-6c80-19e52c6-8440-718d
41032-73-348e7a4ec1c5-3a69-19de67f-9560-786f,Departamento en Renta en Polanco,88000,150,2,2,2,"Polanco, Miguel Hidalgo, Ciudad de México",Miguel Hidalgo,10,https://www.lamudi.com.mx/detalle/41032-73-348e7a4ec1c5-3a69-19de67f-9560-786f
41032-73-dd6948341d46-f1eb-19d8634-a297-78b8,Departamento en Renta en Condesa,55000,92,2,2,2,"Condesa, Cuauhtémoc, Ciudad de México",Cuauhtémoc,11,https://www.lamudi.com.mx/detalle/41032-73-dd6948341d46-f1eb-19d8634-a297-78b8
41032-73-963a1103573f-eb38-19e18ac-b4bb-70f1,Departamento en Renta en Roma Norte,23000,60,2,2,1,"Roma Norte, Cuauhtémoc, Ciudad de México",Cuauhtémoc,11,https://www.lamudi.com.mx/detalle/41032-73-963a1103573f-eb38-19e18ac-b4bb-70f1
41032-73-36082f67ed88-4185-1958597-bb19-778f,Departamento en Renta en Polanco,5500,160,2,3,2,"Polanco, Miguel Hidalgo, Ciudad de México",Miguel Hidalgo,11,https://www.lamudi.com.mx/detalle/41032-73-36082f67ed88-4185-1958597-bb19-778f
41032-73-d36a2dcb38b1-4a03-1958597-b4da-7ceb,Departamento en Renta en Cuauhtémoc,39000,135,2,2,1,"Cuauhtémoc, Cuauhtémoc, Ciudad de México",Cuauhtémoc,11,https://www.lamudi.com.mx/detalle/41032-73-d36a2dcb38b1-4a03-1958597-b4da-7ceb
41032-73-43cb9eb824c8-f78f-19cd5bd-a472-74b2,Departamento en Renta en El Yaqui,29000,91,2,2,2,"El Yaqui, Cuajimalpa de Morelos, Ciudad de México",Cuajimalpa de Morelos,11,https://www.lamudi.com.mx/detalle/41032-73-43cb9eb824c8-f78f-19cd5bd-a472-74b2
41032-73-65ed809f52d5-8455-19bc93a-9f84-71f4,Departamento en Renta en Ciudad Jardín,22000,70,2,1,1,"Ciudad Jardín, Coyoacán, Ciudad de México",Coyoacán,11,https://www.lamudi.com.mx/detalle/41032-73-65ed809f52d5-8455-19bc93a-9f84-71f4
41032-73-98cda6bcfcc5-6dfd-19866e4-ba95-7619,Departamento en Renta en Ex-ejido Santa Ursula Coapa,25000,126,3,2,1,"Ex-ejido Santa Ursula Coapa, Coyoacán, Ciudad de México",Coyoacán,11,https://www.lamudi.com.mx/detalle/41032-73-98cda6bcfcc5-6dfd-19866e4-ba95-7619
41032-73-20dfcf472bc1-fa4a-19e2e92-815d-7329,Departamento en Renta en Juárez,70000,143,2,2,2,"Juárez, Cuauhtémoc, Ciudad de México",Cuauhtémoc,11,https://www.lamudi.com.mx/detalle/41032-73-20dfcf472bc1-fa4a-19e2e92-815d-7329
41032-73-3de485cbc7b-af85-19c593f-9523-74c5,Departamento en Renta en Napoles,45000,170,2,2,2,"Napoles, Benito Juárez, Ciudad de México",Benito Juárez,11,https://www.lamudi.com.mx/detalle/41032-73-3de485cbc7b-af85-19c593f-9523-74c5
41032-73-443f08ebb876-6db4-19da38a-a52e-7538,Estudio en Renta en Barrio Santa Catarina,14800,40,1,1,0,"Barrio Santa Catarina, Coyoacán, Ciudad de México",Coyoacán,11,https://www.lamudi.com.mx/detalle/41032-73-443f08ebb876-6db4-19da38a-a52e-7538
41032-73-806696b055f0-7e0f-19d92f5-8da9-7e9c,Departamento en Renta en Napoles,55000,160,3,3,2,"Napoles, Benito Juárez, Ciudad de México",Benito Juárez,11,https://www.lamudi.com.mx/detalle/41032-73-806696b055f0-7e0f-19d92f5-8da9-7e9c
41032-73-bce53a055458-3ad4-19e4d9f-8151-781a,Departamento en Renta en Bosques de las Lomas,32500,160,2,2,2,"Bosques de las Lomas, Cuajimalpa de Morelos, Ciudad de México",Cuajimalpa de Morelos,11,https://www.lamudi.com.mx/detalle/41032-73-bce53a055458-3ad4-19e4d9f-8151-781a
41032-73-5362f35b87e8-c392-19d3735-8c02-7315,Departamento en Renta en Condesa,6000,300,3,2,0,"Condesa, Cuauhtémoc, Ciudad de México",Cuauhtémoc,11,https://www.lamudi.com.mx/detalle/41032-73-5362f35b87e8-c392-19d3735-8c02-7315
41032-73-16d4758fc716-e60e-19e5072-9a8d-7a61,Departamento en Renta en Tabacalera,27000,40,1,1,1,"Tabacalera, Cuauhtémoc, Ciudad de México",Cuauhtémoc,11,https://www.lamudi.com.mx/detalle/41032-73-16d4758fc716-e60e-19e5072-9a8d-7a61
41032-73-61ca419c7829-c0a4-19e088b-9901-7526,Departamento en Renta en Tabacalera,56000,80,2,2,2,"Tabacalera, Cuauhtémoc, Ciudad de México",Cuauhtémoc,11,https://www.lamudi.com.mx/detalle/41032-73-61ca419c7829-c0a4-19e088b-9901-7526
41032-73-5819ac4a64b6-ada-19cafc3-b094-7193,Departamento en Renta en Santa Fe Cuajimalpa,65000,276,3,3,3,"Santa Fe Cuajimalpa, Cuajimalpa de Morelos, Ciudad de México",Cuajimalpa de Morelos,11,https://www.lamudi.com.mx/detalle/41032-73-5819ac4a64b6-ada-19cafc3-b094-7193
41032-73-86831dd63362-413d-19cdad9-8ed4-778c,Departamento en Renta en Condesa,56000,110,2,2,1,"Condesa, Cuauhtémoc, Ciudad de México",Cuauhtémoc,11,https://www.lamudi.com.mx/detalle/41032-73-86831dd63362-413d-19cdad9-8ed4-778c
41032-73-44861cc1e10e-72c2-19e4121-be0b-7472,Departamento en Renta en Lomas de Chapultepec,100000,320,3,3,3,"Lomas de Chapultepec, Miguel Hidalgo, Ciudad de México",Miguel Hidalgo,11,https://www.lamudi.com.mx/detalle/41032-73-44861cc1e10e-72c2-19e4121-be0b-7472
41032-73-99f80eeb68e0-b160-19d4e83-9c62-744a,Departamento en Renta en Contadero,14000,50,1,1,1,"Contadero, Cuajimalpa de Morelos, Ciudad de México",Cuajimalpa de Morelos,11,https://www.lamudi.com.mx/detalle/41032-73-99f80eeb68e0-b160-19d4e83-9c62-744a
41032-73-39e147f4c490-7285-19cdddd-811c-73e4,Estudio en Renta en Unidad Independencia IMSS,7500,40,1,1,0,"Unidad Independencia IMSS, La Magdalena Contreras, Ciudad de México",La Magdalena Contreras,11,https://www.lamudi.com.mx/detalle/41032-73-39e147f4c490-7285-19cdddd-811c-73e4
41032-73-7b388e1357a6-a1b2-1957173-95cc-7d12,Departamento en Renta en Centro,19630,46,1,1,0,"Centro, Cuauhtémoc, Ciudad de México",Cuauhtémoc,11,https://www.lamudi.com.mx/detalle/41032-73-7b388e1357a6-a1b2-1957173-95cc-7d12
41032-73-78d3b722382d-f5a5-9b6e8d18-adcc-4291,Departamento en Renta en Juárez,27500,38,1,1,0,"Juárez, Cuauhtémoc, Ciudad de México",Cuauhtémoc,11,https://www.lamudi.com.mx/detalle/41032-73-78d3b722382d-f5a5-9b6e8d18-adcc-4291
41032-73-45593014e719-7294-19c120b-9152-71d4,Departamento en Renta en Napoles,35000,135,3,2,0,"Napoles, Benito Juárez, Ciudad de México",Benito Juárez,11,https://www.lamudi.com.mx/detalle/41032-73-45593014e719-7294-19c120b-9152-71d4
41032-73-d0ad232900b8-6508-195148f-b952-7057,Departamento en Renta en Lomas de Sotelo,30611,67,1,2,0,"Lomas de Sotelo, Miguel Hidalgo, Ciudad de México",Miguel Hidalgo,11,https://www.lamudi.com.mx/detalle/41032-73-d0ad232900b8-6508-195148f-b952-7057
41032-73-6d8ba3ef570d-7d9a-6db9d4aa-952b-4793,Departamento en Renta en Roma Sur,25000,33,1,1,0,"Roma Sur, Cuauhtémoc, Ciudad de México",Cuauhtémoc,11,https://www.lamudi.com.mx/detalle/41032-73-6d8ba3ef570d-7d9a-6db9d4aa-952b-4793
41032-73-abf0a2d03436-4909-19d7293-bd7f-719f,Departamento en Renta en San Gabriel,37000,105,2,2,2,"San Gabriel, Álvaro Obregón, Ciudad de México",Álvaro Obregón,11,https://www.lamudi.com.mx/detalle/41032-73-abf0a2d03436-4909-19d7293-bd7f-719f
41032-73-c58d21401aa-3624-19bcf1b-88c2-71c4,Departamento en Renta en San Rafael,44882,71,2,2,0,"San Rafael, Cuauhtémoc, Ciudad de México",Cuauhtémoc,11,https://www.lamudi.com.mx/detalle/41032-73-c58d21401aa-3624-19bcf1b-88c2-71c4
41032-73-90bef508f7a7-99bb-961bb67b-bd5c-4d84,Departamento en Renta en Ampliación Granada,24000,33,1,1,0,"Ampliación Granada, Miguel Hidalgo, Ciudad de México",Miguel Hidalgo,11,https://www.lamudi.com.mx/detalle/41032-73-90bef508f7a7-99bb-961bb67b-bd5c-4d84
41032-73-d32f2a55b532-512d-19d7293-868d-7270,Departamento en Renta en Actipan,45000,112,2,2,2,"Actipan, Benito Juárez, Ciudad de México",Benito Juárez,11,https://www.lamudi.com.mx/detalle/41032-73-d32f2a55b532-512d-19d7293-868d-7270
41032-73-a66e5715e001-eb84-19be618-b224-775d,Departamento en Renta en Roma Norte,38000,108,3,2,1,"Roma Norte, Cuauhtémoc, Ciudad de México",Cuauhtémoc,12,https://www.lamudi.com.mx/detalle/41032-73-a66e5715e001-eb84-19be618-b224-775d
41032-73-f5990c69b939-8b38-19cdd50-8d13-7673,Departamento en Renta en Las Tinajas,24000,56,1,1,1,"Las Tinajas, Cuajimalpa de Morelos, Ciudad de México",Cuajimalpa de Morelos,12,https://www.lamudi.com.mx/detalle/41032-73-f5990c69b939-8b38-19cdd50-8d13-7673
41032-73-9576dd44d0e6-655b-19c9520-ae0e-7bf8,Departamento en Renta en Bosques de las Lomas,53000,138,3,3,3,"Bosques de las Lomas, Cuajimalpa de Morelos, Ciudad de México",Cuajimalpa de Morelos,12,https://www.lamudi.com.mx/detalle/41032-73-9576dd44d0e6-655b-19c9520-ae0e-7bf8
41032-73-45a0677b7f75-bd71-19bcf00-920f-7432,Departamento en Renta en San Rafael,25000,53,1,1,0,"San Rafael, Cuauhtémoc, Ciudad de México",Cuauhtémoc,12,https://www.lamudi.com.mx/detalle/41032-73-45a0677b7f75-bd71-19bcf00-920f-7432
41032-73-e2987ee6af28-7afa-19dc176-8ac2-72b4,Departamento en Renta en Bosques de las Lomas,18500,78,2,2,0,"Bosques de las Lomas, Cuajimalpa de Morelos, Ciudad de México",Cuajimalpa de Morelos,12,https://www.lamudi.com.mx/detalle/41032-73-e2987ee6af28-7afa-19dc176-8ac2-72b4
41032-73-776fd3265491-9266-19c2994-ac1c-7527,Departamento en Renta en Narvarte,40000,171,4,2,1,"Narvarte, Benito Juárez, Ciudad de México",Benito Juárez,12,https://www.lamudi.com.mx/detalle/41032-73-776fd3265491-9266-19c2994-ac1c-7527
41032-73-79052c42ab4d-5af3-19c0a31-9b4f-7784,Departamento en Renta en Bosques de las Lomas,21000,120,3,1,2,"Bosques de las Lomas, Cuajimalpa de Morelos, Ciudad de México",Cuajimalpa de Morelos,12,https://www.lamudi.com.mx/detalle/41032-73-79052c42ab4d-5af3-19c0a31-9b4f-7784
41032-73-686503994b1c-8dd1-19e2a21-a6bd-77aa,Departamento en Renta en San José Insurgentes,29000,84,2,2,1,"San José Insurgentes, Benito Juárez, Ciudad de México",Benito Juárez,12,https://www.lamudi.com.mx/detalle/41032-73-686503994b1c-8dd1-19e2a21-a6bd-77aa
41032-73-ea48ad7a937c-2152-19e1fe3-af93-7d73,Departamento en Renta en Granada,70000,122,3,2,2,"Granada, Miguel Hidalgo, Ciudad de México",Miguel Hidalgo,12,https://www.lamudi.com.mx/detalle/41032-73-ea48ad7a937c-2152-19e1fe3-af93-7d73
41032-73-25b302488d87-7f3f-19dfb06-a4b0-7093,Departamento en Renta en Ampliación San Pedro Xalpa,16000,100,3,1,1,"Ampliación San Pedro Xalpa, Azcapotzalco, Ciudad de México",Azcapotzalco,12,https://www.lamudi.com.mx/detalle/41032-73-25b302488d87-7f3f-19dfb06-a4b0-7093
41032-73-b547e6244644-ca1d-19e1fe7-be01-7a4e,Departamento en Renta en Granada,42000,85,2,2,1,"Granada, Miguel Hidalgo, Ciudad de México",Miguel Hidalgo,12,https://www.lamudi.com.mx/detalle/41032-73-b547e6244644-ca1d-19e1fe7-be01-7a4e
41032-73-8db62489237d-c3ef-19de205-bcb9-74b6,Departamento en Renta en Portales,24000,84,2,2,1,"Portales, Benito Juárez, Ciudad de México",Benito Juárez,12,https://www.lamudi.com.mx/detalle/41032-73-8db62489237d-c3ef-19de205-bcb9-74b6
41032-73-797dc7b5bb14-bae8-19dc81d-8daa-7273,Departamento en Renta en Periodista,25000,59,1,1,1,"Periodista, Miguel Hidalgo, Ciudad de México",Miguel Hidalgo,12,https://www.lamudi.com.mx/detalle/41032-73-797dc7b5bb14-bae8-19dc81d-8daa-7273
41032-73-3e32d9e80dbf-32cd-19e2a22-ba94-7f37,Departamento en Renta en San José Insurgentes,38000,94,2,2,1,"San José Insurgentes, Benito Juárez, Ciudad de México",Benito Juárez,12,https://www.lamudi.com.mx/detalle/41032-73-3e32d9e80dbf-32cd-19e2a22-ba94-7f37
41032-73-8c6c987f18f0-8361-19e292c-abf0-7552,Departamento en Renta en Tabacalera,18000,33,1,1,0,"Tabacalera, Cuauhtémoc, Ciudad de México",Cuauhtémoc,12,https://www.lamudi.com.mx/detalle/41032-73-8c6c987f18f0-8361-19e292c-abf0-7552
41032-73-7c0df9b40b71-6bc7-194778e-b7bf-76ac,Departamento en Renta en Periodista,26000,54,1,1,1,"Periodista, Miguel Hidalgo, Ciudad de México",Miguel Hidalgo,12,https://www.lamudi.com.mx/detalle/41032-73-7c0df9b40b71-6bc7-194778e-b7bf-76ac
41032-73-83c6651b19d1-d0c-19bde84-af92-76f5,Departamento en Renta en Ampliación Granada,80000,153,3,3,2,"Ampliación Granada, Miguel Hidalgo, Ciudad de México",Miguel Hidalgo,12,https://www.lamudi.com.mx/detalle/41032-73-83c6651b19d1-d0c-19bde84-af92-76f5
41032-73-82871b54bd8f-469c-1966355-97ea-77c0,Departamento en Renta en La Otra Banda,63000,160,3,3,2,"La Otra Banda, Álvaro Obregón, Ciudad de México",Álvaro Obregón,12,https://www.lamudi.com.mx/detalle/41032-73-82871b54bd8f-469c-1966355-97ea-77c0
41032-73-d64c13c615a8-621c-1963d3c-9ed2-759d,Departamento en Renta en Ampliación Granada,38000,71,1,1,1,"Ampliación Granada, Miguel Hidalgo, Ciudad de México",Miguel Hidalgo,12,https://www.lamudi.com.mx/detalle/41032-73-d64c13c615a8-621c-1963d3c-9ed2-759d
41032-73-4add523ee1c9-dece-195205b-968a-76af,Departamento en Renta en Periodista,26000,60,1,1,1,"Periodista, Miguel Hidalgo, Ciudad de México",Miguel Hidalgo,12,https://www.lamudi.com.mx/detalle/41032-73-4add523ee1c9-dece-195205b-968a-76af
41032-73-d963c622ee83-f5b2-84fe992e-b403-48ee,Departamento en Renta en Ampliación Granada,55000,178,3,3,2,"Ampliación Granada, Miguel Hidalgo, Ciudad de México",Miguel Hidalgo,12,https://www.lamudi.com.mx/detalle/41032-73-d963c622ee83-f5b2-84fe992e-b403-48ee
41032-73-fc09a7ada4bd-fb8a-19e2edb-b2a4-7291,Departamento en Renta en Ampliación Granada,42000,114,2,2,2,"Ampliación Granada, Miguel Hidalgo, Ciudad de México",Miguel Hidalgo,12,https://www.lamudi.com.mx/detalle/41032-73-fc09a7ada4bd-fb8a-19e2edb-b2a4-7291
41032-73-1d3cf4cf87d-7c89-55fb1ef5-a736-4389,Departamento en Renta en Ampliación Granada,55000,103,3,2,2,"Ampliación Granada, Miguel Hidalgo, Ciudad de México",Miguel Hidalgo,12,https://www.lamudi.com.mx/detalle/41032-73-1d3cf4cf87d-7c89-55fb1ef5-a736-4389
41032-73-506fe52a6851-cf5a-19d74dd-9164-7141,Departamento en Renta en Santa Fe Cuajimalpa,60000,201,2,2,2,"Santa Fe Cuajimalpa, Cuajimalpa de Morelos, Ciudad de México",Cuajimalpa de Morelos,12,https://www.lamudi.com.mx/detalle/41032-73-506fe52a6851-cf5a-19d74dd-9164-7141
41032-73-4ea903272cc1-fbda-1952069-b58e-76aa,Departamento en Renta en Periodista,31000,83,2,2,2,"Periodista, Miguel Hidalgo, Ciudad de México",Miguel Hidalgo,12,https://www.lamudi.com.mx/detalle/41032-73-4ea903272cc1-fbda-1952069-b58e-76aa
41032-73-250ed2ababc7-9caf-1985e75-a1ce-736d,Departamento en Renta en Centro,19993,44,1,1,0,"Centro, Cuauhtémoc, Ciudad de México",Cuauhtémoc,13,https://www.lamudi.com.mx/detalle/41032-73-250ed2ababc7-9caf-1985e75-a1ce-736d
41032-73-b866e7bd4d41-93a0-19e115d-b962-758d,Departamento en Renta en Condesa,52000,120,2,2,2,"Condesa, Cuauhtémoc, Ciudad de México",Cuauhtémoc,13,https://www.lamudi.com.mx/detalle/41032-73-b866e7bd4d41-93a0-19e115d-b962-758d
41032-73-6430579be126-410a-19d9995-af61-7720,Departamento en Renta en Polanco,230000,670,3,4,4,"Polanco, Miguel Hidalgo, Ciudad de México",Miguel Hidalgo,13,https://www.lamudi.com.mx/detalle/41032-73-6430579be126-410a-19d9995-af61-7720
41032-73-9112e2ec7689-5d9f-19ddc71-8d5b-7a2a,Departamento en Renta en San Mateo Tlaltenango,55000,200,3,3,2,"San Mateo Tlaltenango, Cuajimalpa de Morelos, Ciudad de México",Cuajimalpa de Morelos,13,https://www.lamudi.com.mx/detalle/41032-73-9112e2ec7689-5d9f-19ddc71-8d5b-7a2a
41032-73-4666fe09da03-6625-15bfa2ef-9f6d-3591,Departamento en Renta en Cuauhtémoc,210000,250,3,3,4,"Cuauhtémoc, Cuauhtémoc, Ciudad de México",Cuauhtémoc,13,https://www.lamudi.com.mx/detalle/41032-73-4666fe09da03-6625-15bfa2ef-9f6d-3591
41032-73-74a658d14971-8853-19e2bf6-9625-7451,Departamento en Renta en Ampliación Las Aguilas,120000,418,3,4,4,"Ampliación Las Aguilas, Álvaro Obregón, Ciudad de México",Álvaro Obregón,13,https://www.lamudi.com.mx/detalle/41032-73-74a658d14971-8853-19e2bf6-9625-7451
41032-73-2cddc6d52082-505-19e4d9a-8269-7e5f,Departamento en Renta en Santa Fe,32000,60,2,1,2,"Santa Fe, Álvaro Obregón, Ciudad de México",Álvaro Obregón,13,https://www.lamudi.com.mx/detalle/41032-73-2cddc6d52082-505-19e4d9a-8269-7e5f
41032-73-e36e4ffd3e30-d33b-19d6094-9131-7f0f,Departamento en Renta en Periodista,17400,39,1,1,1,"Periodista, Miguel Hidalgo, Ciudad de México",Miguel Hidalgo,13,https://www.lamudi.com.mx/detalle/41032-73-e36e4ffd3e30-d33b-19d6094-9131-7f0f
41032-73-c1e80a75ea30-16d5-19c96c3-8cf1-7476,Loft en Renta en Jardines del Pedregal,24500,55,1,1,1,"Jardines del Pedregal, Álvaro Obregón, Ciudad de México",Álvaro Obregón,13,https://www.lamudi.com.mx/detalle/41032-73-c1e80a75ea30-16d5-19c96c3-8cf1-7476
41032-73-22015ca23fb7-c09f-19d6094-b582-7b0d,Departamento en Renta en Escandón I Sección,23500,38,1,1,0,"Escandón I Sección, Miguel Hidalgo, Ciudad de México",Miguel Hidalgo,13,https://www.lamudi.com.mx/detalle/41032-73-22015ca23fb7-c09f-19d6094-b582-7b0d
41032-73-d8392460a07f-b4c6-19e0ae7-a637-7e40,Departamento en Renta en Parque del Pedregal,20500,71,2,2,2,"Parque del Pedregal, Tlalpan, Ciudad de México",Tlalpan,13,https://www.lamudi.com.mx/detalle/41032-73-d8392460a07f-b4c6-19e0ae7-a637-7e40
41032-73-eceb9becadbe-9b36-19d6094-82c0-7274,Departamento en Renta en Juárez,27230,40,1,1,1,"Juárez, Cuauhtémoc, Ciudad de México",Cuauhtémoc,13,https://www.lamudi.com.mx/detalle/41032-73-eceb9becadbe-9b36-19d6094-82c0-7274
41032-73-879be1baea5a-ed7c-19d6094-afaf-70ff,Departamento en Renta en Cuauhtémoc,19200,38,1,1,0,"Cuauhtémoc, Cuauhtémoc, Ciudad de México",Cuauhtémoc,13,https://www.lamudi.com.mx/detalle/41032-73-879be1baea5a-ed7c-19d6094-afaf-70ff
41032-73-7aa7bfa9475-711b-19d6094-bf30-78ec,Departamento en Renta en Napoles,22330,38,1,1,1,"Napoles, Benito Juárez, Ciudad de México",Benito Juárez,13,https://www.lamudi.com.mx/detalle/41032-73-7aa7bfa9475-711b-19d6094-bf30-78ec
41032-73-1f9e6c734a30-6a4c-19d6094-b606-7cce,Departamento en Renta en Roma Sur,23400,41,1,1,0,"Roma Sur, Cuauhtémoc, Ciudad de México",Cuauhtémoc,13,https://www.lamudi.com.mx/detalle/41032-73-1f9e6c734a30-6a4c-19d6094-b606-7cce
41032-73-7ff4df8383f4-934b-19d6094-b735-781b,Departamento en Renta en Cuauhtémoc,20000,38,1,1,1,"Cuauhtémoc, Cuauhtémoc, Ciudad de México",Cuauhtémoc,13,https://www.lamudi.com.mx/detalle/41032-73-7ff4df8383f4-934b-19d6094-b735-781b
41032-73-410ff302f8a6-b340-19d6094-8fc4-79be,Departamento en Renta en Juárez,27230,42,1,1,1,"Juárez, Cuauhtémoc, Ciudad de México",Cuauhtémoc,13,https://www.lamudi.com.mx/detalle/41032-73-410ff302f8a6-b340-19d6094-8fc4-79be
41032-73-71ebe463b5a8-6310-19d6094-976c-7e41,Departamento en Renta en Juárez,19200,38,1,1,1,"Juárez, Cuauhtémoc, Ciudad de México",Cuauhtémoc,13,https://www.lamudi.com.mx/detalle/41032-73-71ebe463b5a8-6310-19d6094-976c-7e41
41032-73-517c1d09c64e-ec4b-19dea81-a4e0-74e3,Departamento en Renta en Polanco,55000,230,3,2,3,"Polanco, Miguel Hidalgo, Ciudad de México",Miguel Hidalgo,13,https://www.lamudi.com.mx/detalle/41032-73-517c1d09c64e-ec4b-19dea81-a4e0-74e3
41032-73-89a66fc716a3-777e-19d6094-9583-7c33,Departamento en Renta en Ampliación Popo,25630,35,1,1,0,"Ampliación Popo, Miguel Hidalgo, Ciudad de México",Miguel Hidalgo,13,https://www.lamudi.com.mx/detalle/41032-73-89a66fc716a3-777e-19d6094-9583-7c33
41032-73-1a69a4dcc5aa-8a7b-19c813e-9f39-776a,Departamento en Renta en Cuevitas,95000,350,3,3,4,"Cuevitas, Álvaro Obregón, Ciudad de México",Álvaro Obregón,13,https://www.lamudi.com.mx/detalle/41032-73-1a69a4dcc5aa-8a7b-19c813e-9f39-776a
41032-73-6bf173e842ca-b2c9-19e13ec-94e7-7a4c,Departamento en Renta en Condesa,75000,0,2,0,2,"Condesa, Cuauhtémoc, Ciudad de México",Cuauhtémoc,13,https://www.lamudi.com.mx/detalle/41032-73-6bf173e842ca-b2c9-19e13ec-94e7-7a4c
41032-73-770fa41a4a8c-e5ff-19d6094-b8c6-7366,Departamento en Renta en San Rafael,19400,38,1,1,1,"San Rafael, Cuauhtémoc, Ciudad de México",Cuauhtémoc,13,https://www.lamudi.com.mx/detalle/41032-73-770fa41a4a8c-e5ff-19d6094-b8c6-7366
41032-73-6f0fed30c1ea-1dd-19e1dd4-a8ce-7be2,Departamento en Renta en Polanco,85000,230,3,3,2,"Polanco, Miguel Hidalgo, Ciudad de México",Miguel Hidalgo,13,https://www.lamudi.com.mx/detalle/41032-73-6f0fed30c1ea-1dd-19e1dd4-a8ce-7be2
41032-73-46555331309a-f3c3-19e0b00-bae6-7f12,Departamento en Renta en Polanco,33100,35,1,1,0,"Polanco, Miguel Hidalgo, Ciudad de México",Miguel Hidalgo,13,https://www.lamudi.com.mx/detalle/41032-73-46555331309a-f3c3-19e0b00-bae6-7f12
41032-73-ee5883c2456d-624c-19cbfb4-824c-7e11,Departamento en Renta en Polanco,95000,220,3,3,0,"Polanco, Miguel Hidalgo, Ciudad de México",Miguel Hidalgo,14,https://www.lamudi.com.mx/detalle/41032-73-ee5883c2456d-624c-19cbfb4-824c-7e11
41032-73-a6411a664e69-9172-19c16b9-ad86-75e9,Departamento en Renta en Polanco,45000,222,3,2,3,"Polanco, Miguel Hidalgo, Ciudad de México",Miguel Hidalgo,14,https://www.lamudi.com.mx/detalle/41032-73-a6411a664e69-9172-19c16b9-ad86-75e9
41032-73-d2500782184a-3236-19d133c-b140-78c2,Departamento en Renta en Cuevitas,60000,272,3,3,3,"Cuevitas, Álvaro Obregón, Ciudad de México",Álvaro Obregón,14,https://www.lamudi.com.mx/detalle/41032-73-d2500782184a-3236-19d133c-b140-78c2
41032-73-f76dea349e7e-9d1a-19d0e38-bb88-7e12,Departamento en Renta en Cuajimalpa,24000,140,3,2,2,"Cuajimalpa, Cuajimalpa de Morelos, Ciudad de México",Cuajimalpa de Morelos,14,https://www.lamudi.com.mx/detalle/41032-73-f76dea349e7e-9d1a-19d0e38-bb88-7e12
41032-73-ad100a1270de-2a8f-19cbff2-b340-79ac,Departamento en Renta en Polanco,205000,395,4,3,4,"Polanco, Miguel Hidalgo, Ciudad de México",Miguel Hidalgo,14,https://www.lamudi.com.mx/detalle/41032-73-ad100a1270de-2a8f-19cbff2-b340-79ac
41032-73-a7cab36af696-30b1-19cc140-a10d-707a,Departamento en Renta en Ampliación Fuentes del Pedregal,40000,90,1,1,2,"Ampliación Fuentes del Pedregal, Tlalpan, Ciudad de México",Tlalpan,14,https://www.lamudi.com.mx/detalle/41032-73-a7cab36af696-30b1-19cc140-a10d-707a
41032-73-7ce055661db0-3789-19c5a86-ba45-7214,Departamento en Renta en Polanco,75000,200,2,2,2,"Polanco, Miguel Hidalgo, Ciudad de México",Miguel Hidalgo,14,https://www.lamudi.com.mx/detalle/41032-73-7ce055661db0-3789-19c5a86-ba45-7214
41032-73-c08894f2fd5d-d0ca-1916bc2-a23b-7d30,Departamento en Renta en Santa Fe,44000,155,3,2,2,"Santa Fe, Álvaro Obregón, Ciudad de México",Álvaro Obregón,14,https://www.lamudi.com.mx/detalle/41032-73-c08894f2fd5d-d0ca-1916bc2-a23b-7d30
41032-73-4027657c6543-258a-19e1ee7-a66c-7844,Departamento en Renta en Polanco,10000,400,3,3,2,"Polanco, Miguel Hidalgo, Ciudad de México",Miguel Hidalgo,14,https://www.lamudi.com.mx/detalle/41032-73-4027657c6543-258a-19e1ee7-a66c-7844
41032-73-3ec4a87db4a2-16ca-19c5a57-8852-7ed4,Departamento en Renta en Polanco,75000,230,3,2,3,"Polanco, Miguel Hidalgo, Ciudad de México",Miguel Hidalgo,14,https://www.lamudi.com.mx/detalle/41032-73-3ec4a87db4a2-16ca-19c5a57-8852-7ed4
41032-73-e128aad5e7c6-a304-19c1719-bf42-73fa,Departamento en Renta en Polanco,80000,200,3,3,2,"Polanco, Miguel Hidalgo, Ciudad de México",Miguel Hidalgo,14,https://www.lamudi.com.mx/detalle/41032-73-e128aad5e7c6-a304-19c1719-bf42-73fa
41032-73-fa439b9d2927-d6f9-19dacd1-84c8-7365,Departamento en Renta en Pedregal de Carrasco,15000,79,2,1,1,"Pedregal de Carrasco, Coyoacán, Ciudad de México",Coyoacán,14,https://www.lamudi.com.mx/detalle/41032-73-fa439b9d2927-d6f9-19dacd1-84c8-7365
41032-73-6a9695a960dd-21d4-19d17a0-abbc-7b4b,Penthouse en Renta en San Angel,70000,250,3,3,2,"San Angel, Álvaro Obregón, Ciudad de México",Álvaro Obregón,14,https://www.lamudi.com.mx/detalle/41032-73-6a9695a960dd-21d4-19d17a0-abbc-7b4b
41032-73-7ed61e9e320c-b4fe-19cc034-8d79-79eb,Departamento en Renta en Ampliación Granada,60000,130,2,2,2,"Ampliación Granada, Miguel Hidalgo, Ciudad de México",Miguel Hidalgo,14,https://www.lamudi.com.mx/detalle/41032-73-7ed61e9e320c-b4fe-19cc034-8d79-79eb
41032-73-72c7b5be9321-7784-19d9cf3-9acd-7f06,Departamento en Renta en Santa Fe,44000,155,3,2,2,"Santa Fe, Álvaro Obregón, Ciudad de México",Álvaro Obregón,14,https://www.lamudi.com.mx/detalle/41032-73-72c7b5be9321-7784-19d9cf3-9acd-7f06
41032-73-f823342c8b4f-647-19c4990-aa39-7ae8,Departamento en Renta en Polanco,80000,178,3,3,2,"Polanco, Miguel Hidalgo, Ciudad de México",Miguel Hidalgo,14,https://www.lamudi.com.mx/detalle/41032-73-f823342c8b4f-647-19c4990-aa39-7ae8
41032-73-d45aff8277e7-e7ea-19e26cd-8d4f-7e7e,Departamento en Renta en Tlatilco,15000,62,2,2,2,"Tlatilco, Azcapotzalco, Ciudad de México",Azcapotzalco,14,https://www.lamudi.com.mx/detalle/41032-73-d45aff8277e7-e7ea-19e26cd-8d4f-7e7e
41032-73-8aa476f8a9cb-aef9-19dc89b-8be1-7db0,Departamento en Renta en Polanco,75000,130,2,2,2,"Polanco, Miguel Hidalgo, Ciudad de México",Miguel Hidalgo,14,https://www.lamudi.com.mx/detalle/41032-73-8aa476f8a9cb-aef9-19dc89b-8be1-7db0
41032-73-a4ed8e8175e2-4993-19c34b7-ba69-76dd,Departamento en Renta en Polanco,88000,300,3,3,2,"Polanco, Miguel Hidalgo, Ciudad de México",Miguel Hidalgo,14,https://www.lamudi.com.mx/detalle/41032-73-a4ed8e8175e2-4993-19c34b7-ba69-76dd
41032-73-9a9c1470ecb-9bd9-19bfbcc-a3ca-76c9,Departamento en Renta en Polanco,45000,140,2,2,2,"Polanco, Miguel Hidalgo, Ciudad de México",Miguel Hidalgo,14,https://www.lamudi.com.mx/detalle/41032-73-9a9c1470ecb-9bd9-19bfbcc-a3ca-76c9
41032-73-3359af66e398-1247-1993baf-85c9-7bb0,Departamento en Renta en Bosques de las Lomas,41000,136,3,2,3,"Bosques de las Lomas, Cuajimalpa de Morelos, Ciudad de México",Cuajimalpa de Morelos,14,https://www.lamudi.com.mx/detalle/41032-73-3359af66e398-1247-1993baf-85c9-7bb0
41032-73-f5f48de0a1b9-9116-19dc8a4-a66c-7970,Departamento en Renta en Polanco,80000,210,3,2,3,"Polanco, Miguel Hidalgo, Ciudad de México",Miguel Hidalgo,14,https://www.lamudi.com.mx/detalle/41032-73-f5f48de0a1b9-9116-19dc8a4-a66c-7970
41032-73-50d9059223ae-118b-19d5e6c-ab55-7f11,Departamento en Renta en Mixcoac,21500,89,2,1,1,"Mixcoac, Benito Juárez, Ciudad de México",Benito Juárez,14,https://www.lamudi.com.mx/detalle/41032-73-50d9059223ae-118b-19d5e6c-ab55-7f11
41032-73-804ad22f4553-f620-19d46c9-aed2-7976,Departamento en Renta en Ampliación Alpes,67000,160,3,3,3,"Ampliación Alpes, Álvaro Obregón, Ciudad de México",Álvaro Obregón,14,https://www.lamudi.com.mx/detalle/41032-73-804ad22f4553-f620-19d46c9-aed2-7976
41032-73-73ccb9c045f3-351-19e2960-bcf2-77a3,Departamento en Renta en San Mateo Tlaltenango,130000,240,3,3,3,"San Mateo Tlaltenango, Cuajimalpa de Morelos, Ciudad de México",Cuajimalpa de Morelos,14,https://www.lamudi.com.mx/detalle/41032-73-73ccb9c045f3-351-19e2960-bcf2-77a3
41032-73-1c8aa77c51e2-b0ac-19dd1f5-8ea6-75c8,Departamento en Renta en Ermita Tizapan,27000,160,3,2,2,"Ermita Tizapan, Álvaro Obregón, Ciudad de México",Álvaro Obregón,14,https://www.lamudi.com.mx/detalle/41032-73-1c8aa77c51e2-b0ac-19dd1f5-8ea6-75c8
41032-73-e25b354458ed-b739-19d7817-a099-7465,Departamento en Renta en Ampliación Las Aguilas,25000,148,2,2,2,"Ampliación Las Aguilas, Álvaro Obregón, Ciudad de México",Álvaro Obregón,15,https://www.lamudi.com.mx/detalle/41032-73-e25b354458ed-b739-19d7817-a099-7465
41032-73-aa216e065192-c464-19e290e-b9f5-7267,Departamento en Renta en Polanco,9000,368,3,3,4,"Polanco, Miguel Hidalgo, Ciudad de México",Miguel Hidalgo,15,https://www.lamudi.com.mx/detalle/41032-73-aa216e065192-c464-19e290e-b9f5-7267
41032-73-bc6c738d8925-78c6-19c5a2c-92e3-706d,Departamento en Renta en San Gabriel,38000,129,3,2,2,"San Gabriel, Álvaro Obregón, Ciudad de México",Álvaro Obregón,15,https://www.lamudi.com.mx/detalle/41032-73-bc6c738d8925-78c6-19c5a2c-92e3-706d
41032-73-3481f994eb4d-e597-19d41ab-8e81-715c,Departamento en Renta en San Gabriel,38000,129,3,2,2,"San Gabriel, Álvaro Obregón, Ciudad de México",Álvaro Obregón,15,https://www.lamudi.com.mx/detalle/41032-73-3481f994eb4d-e597-19d41ab-8e81-715c
41032-73-959464f76253-58ca-19cc8e0-8508-71fb,Departamento en Renta en Mixcoac,28000,82,2,2,1,"Mixcoac, Benito Juárez, Ciudad de México",Benito Juárez,15,https://www.lamudi.com.mx/detalle/41032-73-959464f76253-58ca-19cc8e0-8508-71fb
41032-73-ef4888678ffe-e291-19dfc21-84f8-7650,Departamento en Renta en Agrícola Pantitlan,16000,89,3,2,2,"Agrícola Pantitlan, Iztacalco, Ciudad de México",Iztacalco,15,https://www.lamudi.com.mx/detalle/41032-73-ef4888678ffe-e291-19dfc21-84f8-7650
41032-73-ad1da514f535-943c-19d89cc-af2f-7db9,Departamento en Renta en Bosques de las Lomas,29000,103,2,2,2,"Bosques de las Lomas, Cuajimalpa de Morelos, Ciudad de México",Cuajimalpa de Morelos,15,https://www.lamudi.com.mx/detalle/41032-73-ad1da514f535-943c-19d89cc-af2f-7db9
41032-73-323f49d433de-e01b-19dee2a-9827-7813,Departamento en Renta en Santa Fe Cuajimalpa,37000,125,2,2,1,"Santa Fe Cuajimalpa, Cuajimalpa de Morelos, Ciudad de México",Cuajimalpa de Morelos,15,https://www.lamudi.com.mx/detalle/41032-73-323f49d433de-e01b-19dee2a-9827-7813
41032-73-73a7984362a1-e906-19e4853-9203-7ca3,Departamento en Renta en Popotla,17900,68,2,2,2,"Popotla, Miguel Hidalgo, Ciudad de México",Miguel Hidalgo,15,https://www.lamudi.com.mx/detalle/41032-73-73a7984362a1-e906-19e4853-9203-7ca3
41032-73-1220859a345c-9904-19db8dd-9a4b-7533,Departamento en Renta en Héroes de Padierna,5500,55,1,1,0,"Héroes de Padierna, Tlalpan, Ciudad de México",Tlalpan,15,https://www.lamudi.com.mx/detalle/41032-73-1220859a345c-9904-19db8dd-9a4b-7533
41032-73-cd92383fa8f9-8e68-19d2b54-971b-7772,Departamento en Renta en Santa Fe,34000,107,1,2,2,"Santa Fe, Álvaro Obregón, Ciudad de México",Álvaro Obregón,15,https://www.lamudi.com.mx/detalle/41032-73-cd92383fa8f9-8e68-19d2b54-971b-7772
41032-73-7cddec6f5acc-a552-1991da0-9869-70e4,Departamento en Renta en Carola,18000,60,2,2,1,"Carola, Álvaro Obregón, Ciudad de México",Álvaro Obregón,15,https://www.lamudi.com.mx/detalle/41032-73-7cddec6f5acc-a552-1991da0-9869-70e4
41032-73-62647b7b27f6-227b-19e29db-b124-74f5,Departamento en Renta en Carola,22000,77,3,2,2,"Carola, Álvaro Obregón, Ciudad de México",Álvaro Obregón,15,https://www.lamudi.com.mx/detalle/41032-73-62647b7b27f6-227b-19e29db-b124-74f5
41032-73-a7d625f75b69-8b3c-19c2f9e-83ca-7629,Departamento en Renta en San Angel,15000,30,1,1,0,"San Angel, Álvaro Obregón, Ciudad de México",Álvaro Obregón,15,https://www.lamudi.com.mx/detalle/41032-73-a7d625f75b69-8b3c-19c2f9e-83ca-7629
41032-73-96105075e7ca-a674-19e28dd-9783-7628,Departamento en Renta en Héroes de Padierna,12700,65,2,1,1,"Héroes de Padierna, Tlalpan, Ciudad de México",Tlalpan,15,https://www.lamudi.com.mx/detalle/41032-73-96105075e7ca-a674-19e28dd-9783-7628
41032-73-d9a3a1a93bab-8095-19e1c80-9082-7597,Departamento en Renta en Santa Fe,32000,90,1,1,2,"Santa Fe, Álvaro Obregón, Ciudad de México",Álvaro Obregón,15,https://www.lamudi.com.mx/detalle/41032-73-d9a3a1a93bab-8095-19e1c80-9082-7597
41032-73-48b726d87c57-931-19e0dc2-9ead-7638,Departamento en Renta en Miguel Hidalgo,12000,80,3,1,1,"Miguel Hidalgo, Tlalpan, Ciudad de México",Tlalpan,15,https://www.lamudi.com.mx/detalle/41032-73-48b726d87c57-931-19e0dc2-9ead-7638
41032-73-a2f141cafe2e-c3b8-19cfcd0-ad3b-75f7,Departamento en Renta en Jardines en la Montaña,120000,315,3,3,4,"Jardines en la Montaña, Tlalpan, Ciudad de México",Tlalpan,15,https://www.lamudi.com.mx/detalle/41032-73-a2f141cafe2e-c3b8-19cfcd0-ad3b-75f7
41032-73-53bad23c3bc9-fd35-19e4732-a789-7583,Departamento en Renta en Polanco,95000,395,4,3,4,"Polanco, Miguel Hidalgo, Ciudad de México",Miguel Hidalgo,15,https://www.lamudi.com.mx/detalle/41032-73-53bad23c3bc9-fd35-19e4732-a789-7583
41032-73-89723fab7d4d-c1eb-19c01ab-8639-7350,Departamento en Renta en Centro,27000,43,1,1,0,"Centro, Cuauhtémoc, Ciudad de México",Cuauhtémoc,15,https://www.lamudi.com.mx/detalle/41032-73-89723fab7d4d-c1eb-19c01ab-8639-7350
41032-73-67d5dda3c11a-37b9-19e5223-b405-71b5,Departamento en Renta en Bosque de Chapultepec II Sección,52000,130,2,2,1,"Bosque de Chapultepec II Sección, Miguel Hidalgo, Ciudad de México",Miguel Hidalgo,15,https://www.lamudi.com.mx/detalle/41032-73-67d5dda3c11a-37b9-19e5223-b405-71b5
41032-73-e00e05f35d36-cdb9-198edaf-aa33-77c2,Departamento en Renta en Granada,20000,34,0,1,0,"Granada, Miguel Hidalgo, Ciudad de México",Miguel Hidalgo,15,https://www.lamudi.com.mx/detalle/41032-73-e00e05f35d36-cdb9-198edaf-aa33-77c2
41032-73-b15582afc978-6d35-19bce30-8597-717a,Departamento en Renta en Juárez,24000,37,1,1,0,"Juárez, Cuauhtémoc, Ciudad de México",Cuauhtémoc,15,https://www.lamudi.com.mx/detalle/41032-73-b15582afc978-6d35-19bce30-8597-717a
41032-73-34195933faab-350-1e305786-a490-461d,Departamento en Renta en Roma Norte,27000,42,1,1,0,"Roma Norte, Cuauhtémoc, Ciudad de México",Cuauhtémoc,15,https://www.lamudi.com.mx/detalle/41032-73-34195933faab-350-1e305786-a490-461d
41032-73-65b9573971e8-9d85-194763a-b968-7faa,Loft en Renta en Granada,27000,42,1,1,1,"Granada, Miguel Hidalgo, Ciudad de México",Miguel Hidalgo,15,https://www.lamudi.com.mx/detalle/41032-73-65b9573971e8-9d85-194763a-b968-7faa
41032-73-6b8f60bfe50a-81da-1947647-bacc-7f78,Departamento en Renta en Granada,31000,50,1,1,1,"Granada, Miguel Hidalgo, Ciudad de México",Miguel Hidalgo,15,https://www.lamudi.com.mx/detalle/41032-73-6b8f60bfe50a-81da-1947647-bacc-7f78
41032-73-8929acd03390-3486-19960a1-81bb-7252,Departamento en Renta en Santa Fe,65000,320,2,4,4,"Santa Fe, Álvaro Obregón, Ciudad de México",Álvaro Obregón,15,https://www.lamudi.com.mx/detalle/41032-73-8929acd03390-3486-19960a1-81bb-7252
41032-73-785d84c7a2d7-8bb1-19dfb79-983b-75c1,Departamento en Renta en Condesa,50000,88,1,1,1,"Condesa, Cuauhtémoc, Ciudad de México",Cuauhtémoc,15,https://www.lamudi.com.mx/detalle/41032-73-785d84c7a2d7-8bb1-19dfb79-983b-75c1
41032-73-6ed48b0e6b2d-6b2a-19dfb79-8390-7de4,Departamento en Renta en Polanco,38000,70,1,1,1,"Polanco, Miguel Hidalgo, Ciudad de México",Miguel Hidalgo,15,https://www.lamudi.com.mx/detalle/41032-73-6ed48b0e6b2d-6b2a-19dfb79-8390-7de4
41032-73-fe218de61967-992b-19ce50f-9a58-73b5,Departamento en Renta en Roma Norte,32000,98,2,1,1,"Roma Norte, Cuauhtémoc, Ciudad de México",Cuauhtémoc,16,https://www.lamudi.com.mx/detalle/41032-73-fe218de61967-992b-19ce50f-9a58-73b5
41032-73-6114844c7511-2515-19b0e19-9a85-76d0,Departamento en Renta en Santa Fe,32000,104,2,2,1,"Santa Fe, Álvaro Obregón, Ciudad de México",Álvaro Obregón,16,https://www.lamudi.com.mx/detalle/41032-73-6114844c7511-2515-19b0e19-9a85-76d0
41032-73-2482128205a1-e42b-19d72a8-9ac1-7366,Departamento en Renta en Roma Norte,28000,57,1,1,1,"Roma Norte, Cuauhtémoc, Ciudad de México",Cuauhtémoc,16,https://www.lamudi.com.mx/detalle/41032-73-2482128205a1-e42b-19d72a8-9ac1-7366
41032-73-661b20a06dec-9c5a-19d7017-9eaf-7783,Departamento en Renta en Condesa,63000,165,2,2,1,"Condesa, Cuauhtémoc, Ciudad de México",Cuauhtémoc,16,https://www.lamudi.com.mx/detalle/41032-73-661b20a06dec-9c5a-19d7017-9eaf-7783
41032-73-61aa4a433f62-7609-19e4d98-90c2-7e10,Departamento en Renta en Escandón I Sección,45000,97,1,1,2,"Escandón I Sección, Miguel Hidalgo, Ciudad de México",Miguel Hidalgo,16,https://www.lamudi.com.mx/detalle/41032-73-61aa4a433f62-7609-19e4d98-90c2-7e10
41032-73-81ac4be3e4f-a65f-19e2971-9cc3-73fc,Departamento en Renta en Juárez,22000,35,1,1,0,"Juárez, Cuauhtémoc, Ciudad de México",Cuauhtémoc,16,https://www.lamudi.com.mx/detalle/41032-73-81ac4be3e4f-a65f-19e2971-9cc3-73fc
41032-73-9bc31406da8f-f90d-19d7a40-af2f-7cd2,Departamento en Renta en Polanco,65000,109,1,1,1,"Polanco, Miguel Hidalgo, Ciudad de México",Miguel Hidalgo,16,https://www.lamudi.com.mx/detalle/41032-73-9bc31406da8f-f90d-19d7a40-af2f-7cd2
41032-73-8309628eb843-c7c9-19e0493-a4af-717f,Departamento en Renta en Heron Proal,16000,70,3,2,1,"Heron Proal, Álvaro Obregón, Ciudad de México",Álvaro Obregón,16,https://www.lamudi.com.mx/detalle/41032-73-8309628eb843-c7c9-19e0493-a4af-717f
41032-73-2ae1c69b2bef-ae7c-19cea3e-859b-74ba,Departamento en Renta en Bosques de las Lomas,56000,212,2,2,2,"Bosques de las Lomas, Cuajimalpa de Morelos, Ciudad de México",Cuajimalpa de Morelos,16,https://www.lamudi.com.mx/detalle/41032-73-2ae1c69b2bef-ae7c-19cea3e-859b-74ba
41032-73-8795160b0e37-3b92-19dd729-8322-7922,Departamento en Renta en Cuajimalpa,20000,62,1,1,1,"Cuajimalpa, Cuajimalpa de Morelos, Ciudad de México",Cuajimalpa de Morelos,16,https://www.lamudi.com.mx/detalle/41032-73-8795160b0e37-3b92-19dd729-8322-7922
41032-73-7b3de86c3992-1808-19471fa-b5e4-770f,Departamento en Renta en Polanco,15000,600,4,4,3,"Polanco, Miguel Hidalgo, Ciudad de México",Miguel Hidalgo,16,https://www.lamudi.com.mx/detalle/41032-73-7b3de86c3992-1808-19471fa-b5e4-770f
41032-73-91d16ea2188b-cd51-19de156-8483-7a68,Departamento en Renta en Juárez,33500,80,1,1,0,"Juárez, Cuauhtémoc, Ciudad de México",Cuauhtémoc,16,https://www.lamudi.com.mx/detalle/41032-73-91d16ea2188b-cd51-19de156-8483-7a68
41032-73-db91554d1979-f89f-19c0f4a-bd86-73e5,Departamento en Renta en Panamericana,19500,160,2,2,2,"Panamericana, Gustavo A. Madero, Ciudad de México",Gustavo A. Madero,16,https://www.lamudi.com.mx/detalle/41032-73-db91554d1979-f89f-19c0f4a-bd86-73e5
41032-73-d794d799057e-dfa5-19e4210-8bdc-70f1,Departamento en Renta en Heron Proal,16000,90,3,2,1,"Heron Proal, Álvaro Obregón, Ciudad de México",Álvaro Obregón,16,https://www.lamudi.com.mx/detalle/41032-73-d794d799057e-dfa5-19e4210-8bdc-70f1
41032-73-9080213a911-f6fa-19e3958-8ba1-70fb,Departamento en Renta en Ampliación Del Gas,16000,75,2,2,2,"Ampliación Del Gas, Azcapotzalco, Ciudad de México",Azcapotzalco,16,https://www.lamudi.com.mx/detalle/41032-73-9080213a911-f6fa-19e3958-8ba1-70fb
41032-73-6a0ccbd67b53-af8b-19ae715-aeb4-7eea,Departamento en Renta en Anzures,38000,150,2,2,1,"Anzures, Miguel Hidalgo, Ciudad de México",Miguel Hidalgo,16,https://www.lamudi.com.mx/detalle/41032-73-6a0ccbd67b53-af8b-19ae715-aeb4-7eea
41032-73-5c2b7ee2758a-fdaf-19db1d2-b549-7378,Departamento en Renta en Anahuac I Sección,26000,73,1,1,1,"Anahuac I Sección, Miguel Hidalgo, Ciudad de México",Miguel Hidalgo,16,https://www.lamudi.com.mx/detalle/41032-73-5c2b7ee2758a-fdaf-19db1d2-b549-7378
41032-73-5104276b427b-29e2-19de0af-9d4d-7299,Departamento en Renta en Jardines de La Palma,44000,163,3,3,2,"Jardines de La Palma, Cuajimalpa de Morelos, Ciudad de México",Cuajimalpa de Morelos,16,https://www.lamudi.com.mx/detalle/41032-73-5104276b427b-29e2-19de0af-9d4d-7299
41032-73-b4d9e91a3357-701d-19d99ee-8fb3-7a96,Departamento en Renta en Narvarte,36500,118,2,2,2,"Narvarte, Benito Juárez, Ciudad de México",Benito Juárez,16,https://www.lamudi.com.mx/detalle/41032-73-b4d9e91a3357-701d-19d99ee-8fb3-7a96
41032-73-3742b316db0c-2caa-19de0c9-9186-73b5,Departamento en Renta en Contadero,70000,312,2,2,3,"Contadero, Cuajimalpa de Morelos, Ciudad de México",Cuajimalpa de Morelos,16,https://www.lamudi.com.mx/detalle/41032-73-3742b316db0c-2caa-19de0c9-9186-73b5
41032-73-e1ef8a90a0d0-9c84-19c2be3-8b25-7ee4,Departamento en Renta en San José Insurgentes,49000,200,1,2,0,"San José Insurgentes, Benito Juárez, Ciudad de México",Benito Juárez,16,https://www.lamudi.com.mx/detalle/41032-73-e1ef8a90a0d0-9c84-19c2be3-8b25-7ee4
41032-73-637cad20c4aa-87da-19c9355-8a34-7260,Departamento en Renta en Polanco,79000,175,2,2,3,"Polanco, Miguel Hidalgo, Ciudad de México",Miguel Hidalgo,16,https://www.lamudi.com.mx/detalle/41032-73-637cad20c4aa-87da-19c9355-8a34-7260
41032-73-2c484c606f38-35f8-1942f26-9825-7498,Departamento en Renta en Anzures,19900,55,1,2,0,"Anzures, Miguel Hidalgo, Ciudad de México",Miguel Hidalgo,16,https://www.lamudi.com.mx/detalle/41032-73-2c484c606f38-35f8-1942f26-9825-7498
41032-73-fe1241c26bf-f06b-19d293b-8e51-7bff,Departamento en Renta en Del Valle,45000,128,2,2,2,"Del Valle, Benito Juárez, Ciudad de México",Benito Juárez,16,https://www.lamudi.com.mx/detalle/41032-73-fe1241c26bf-f06b-19d293b-8e51-7bff
41032-73-c29bf0c9c6fe-363c-19b4e21-8a7f-7e1e,Departamento en Renta en Guadalupe Tepeyac,14300,43,1,1,0,"Guadalupe Tepeyac, Gustavo A. Madero, Ciudad de México",Gustavo A. Madero,16,https://www.lamudi.com.mx/detalle/41032-73-c29bf0c9c6fe-363c-19b4e21-8a7f-7e1e
41032-73-8e5248aa049b-9203-19a8049-91c2-7c6d,Departamento en Renta en Cuauhtémoc,43920,101,3,2,0,"Cuauhtémoc, Cuauhtémoc, Ciudad de México",Cuauhtémoc,16,https://www.lamudi.com.mx/detalle/41032-73-8e5248aa049b-9203-19a8049-91c2-7c6d
41032-73-c06838d1f762-a71f-19d2931-c00a-7fd9,Departamento en Renta en Hipódromo,20000,65,1,1,0,"Hipódromo, Cuauhtémoc, Ciudad de México",Cuauhtémoc,16,https://www.lamudi.com.mx/detalle/41032-73-c06838d1f762-a71f-19d2931-c00a-7fd9
41032-73-a9bd0f548586-7066-19a8049-bce5-7f19,Departamento en Renta en Cuauhtémoc,35600,78,2,2,0,"Cuauhtémoc, Cuauhtémoc, Ciudad de México",Cuauhtémoc,17,https://www.lamudi.com.mx/detalle/41032-73-a9bd0f548586-7066-19a8049-bce5-7f19
41032-73-cc1a6e0b352b-adc4-19afa48-94e1-7482,Departamento en Renta en Polanco,110000,306,3,3,2,"Polanco, Miguel Hidalgo, Ciudad de México",Miguel Hidalgo,17,https://www.lamudi.com.mx/detalle/41032-73-cc1a6e0b352b-adc4-19afa48-94e1-7482
41032-73-43d5d13f4cc3-24e0-194f833-b8e8-738e,Departamento en Renta en Juárez,19630,38,1,1,0,"Juárez, Cuauhtémoc, Ciudad de México",Cuauhtémoc,17,https://www.lamudi.com.mx/detalle/41032-73-43d5d13f4cc3-24e0-194f833-b8e8-738e
41032-73-2f24c0230cea-3609-19e036e-9a51-74e8,Departamento en Renta en Santa Fe Cuajimalpa,67000,189,3,3,2,"Santa Fe Cuajimalpa, Cuajimalpa de Morelos, Ciudad de México",Cuajimalpa de Morelos,17,https://www.lamudi.com.mx/detalle/41032-73-2f24c0230cea-3609-19e036e-9a51-74e8
41032-73-2052012263ae-9e83-19d7c8d-ab97-72b2,Departamento en Renta en Ampliación Granada,32000,80,2,2,2,"Ampliación Granada, Miguel Hidalgo, Ciudad de México",Miguel Hidalgo,17,https://www.lamudi.com.mx/detalle/41032-73-2052012263ae-9e83-19d7c8d-ab97-72b2
41032-73-cd8b41b079ba-5283-19d41c2-8750-77ca,Departamento en Renta en Lomas de Sotelo,19372,51,0,1,0,"Lomas de Sotelo, Miguel Hidalgo, Ciudad de México",Miguel Hidalgo,17,https://www.lamudi.com.mx/detalle/41032-73-cd8b41b079ba-5283-19d41c2-8750-77ca
41032-73-5c9af499705e-86f2-19a8049-999f-76f0,Departamento en Renta en Cuauhtémoc,24070,44,1,1,0,"Cuauhtémoc, Cuauhtémoc, Ciudad de México",Cuauhtémoc,17,https://www.lamudi.com.mx/detalle/41032-73-5c9af499705e-86f2-19a8049-999f-76f0
41032-73-2905e6e2efd2-dd32-19d7565-b9a0-7357,Departamento en Renta en Pueblo de Santa Ursula Coapa,27500,95,2,2,2,"Pueblo de Santa Ursula Coapa, Coyoacán, Ciudad de México",Coyoacán,17,https://www.lamudi.com.mx/detalle/41032-73-2905e6e2efd2-dd32-19d7565-b9a0-7357
41032-73-6ded38cb1156-8480-19cdfbf-9d91-7843,Departamento en Renta en Ampliación Granada,50000,120,2,2,2,"Ampliación Granada, Miguel Hidalgo, Ciudad de México",Miguel Hidalgo,17,https://www.lamudi.com.mx/detalle/41032-73-6ded38cb1156-8480-19cdfbf-9d91-7843
41032-73-526bc03222e0-6a5b-19d9e21-84f6-756f,Departamento en Renta en Ampliación Granada,60000,120,2,3,2,"Ampliación Granada, Miguel Hidalgo, Ciudad de México",Miguel Hidalgo,17,https://www.lamudi.com.mx/detalle/41032-73-526bc03222e0-6a5b-19d9e21-84f6-756f
41032-73-ef2e6c3fcccc-7f8c-19a8049-b0d0-7909,Departamento en Renta en Cuauhtémoc,21550,38,0,1,0,"Cuauhtémoc, Cuauhtémoc, Ciudad de México",Cuauhtémoc,17,https://www.lamudi.com.mx/detalle/41032-73-ef2e6c3fcccc-7f8c-19a8049-b0d0-7909
41032-73-53b7d8da97e6-bb76-19d1d6a-b569-72ea,Departamento en Renta en Ampliación Granada,39000,84,2,2,2,"Ampliación Granada, Miguel Hidalgo, Ciudad de México",Miguel Hidalgo,17,https://www.lamudi.com.mx/detalle/41032-73-53b7d8da97e6-bb76-19d1d6a-b569-72ea
41032-73-1d00872b8cea-fc2c-19e1930-9bf9-7838,Departamento en Renta en Ampliación Granada,70000,168,3,3,2,"Ampliación Granada, Miguel Hidalgo, Ciudad de México",Miguel Hidalgo,17,https://www.lamudi.com.mx/detalle/41032-73-1d00872b8cea-fc2c-19e1930-9bf9-7838
41032-73-e4a2a777fc15-27db-19d830e-b65f-732e,Departamento en Renta en Ampliación Granada,37000,70,1,1,1,"Ampliación Granada, Miguel Hidalgo, Ciudad de México",Miguel Hidalgo,17,https://www.lamudi.com.mx/detalle/41032-73-e4a2a777fc15-27db-19d830e-b65f-732e
41032-73-4a8329d5c59b-b3d0-19d1dd6-a552-72c7,Departamento en Renta en Ampliación Granada,45000,70,1,1,1,"Ampliación Granada, Miguel Hidalgo, Ciudad de México",Miguel Hidalgo,17,https://www.lamudi.com.mx/detalle/41032-73-4a8329d5c59b-b3d0-19d1dd6-a552-72c7
41032-73-3628c60d000e-18f4-19d78bb-8ac2-7616,Departamento en Renta en Ampliación Granada,60000,118,2,3,2,"Ampliación Granada, Miguel Hidalgo, Ciudad de México",Miguel Hidalgo,17,https://www.lamudi.com.mx/detalle/41032-73-3628c60d000e-18f4-19d78bb-8ac2-7616
41032-73-36f8aea19d29-bf82-b5dac77f-aaba-3174,Departamento en Renta en Centro,20000,65,2,2,1,"Centro, Cuauhtémoc, Ciudad de México",Cuauhtémoc,17,https://www.lamudi.com.mx/detalle/41032-73-36f8aea19d29-bf82-b5dac77f-aaba-3174
41032-73-36a3accc4747-3802-19e191f-8391-7686,Departamento en Renta en Ampliación Granada,40500,78,1,1,1,"Ampliación Granada, Miguel Hidalgo, Ciudad de México",Miguel Hidalgo,17,https://www.lamudi.com.mx/detalle/41032-73-36a3accc4747-3802-19e191f-8391-7686
41032-73-fe145720f8d4-2441-19e05c3-a2ba-72a4,Departamento en Renta en Ampliación Granada,35000,85,2,2,2,"Ampliación Granada, Miguel Hidalgo, Ciudad de México",Miguel Hidalgo,17,https://www.lamudi.com.mx/detalle/41032-73-fe145720f8d4-2441-19e05c3-a2ba-72a4
41032-73-c613d41421af-e254-19ddeba-8284-778d,Departamento en Renta en Polanco,70000,197,2,2,2,"Polanco, Miguel Hidalgo, Ciudad de México",Miguel Hidalgo,17,https://www.lamudi.com.mx/detalle/41032-73-c613d41421af-e254-19ddeba-8284-778d
41032-73-70069d0266a7-c39e-1973df0-b052-7af1,Departamento en Renta en Niños Héroes,18000,75,2,1,2,"Niños Héroes, Benito Juárez, Ciudad de México",Benito Juárez,17,https://www.lamudi.com.mx/detalle/41032-73-70069d0266a7-c39e-1973df0-b052-7af1
41032-73-3fbc5f109125-4547-19dd714-ad8f-7582,Departamento en Renta en Periodista,38000,67,1,1,0,"Periodista, Miguel Hidalgo, Ciudad de México",Miguel Hidalgo,17,https://www.lamudi.com.mx/detalle/41032-73-3fbc5f109125-4547-19dd714-ad8f-7582
41032-73-d88b38f31cb2-436-19a7bc2-903e-76d4,Departamento en Renta en Santa Fe,28000,72,1,1,2,"Santa Fe, Álvaro Obregón, Ciudad de México",Álvaro Obregón,17,https://www.lamudi.com.mx/detalle/41032-73-d88b38f31cb2-436-19a7bc2-903e-76d4
41032-73-6155f30d4bad-c761-732f17b9-88f6-1f04,Departamento en Renta en Cuauhtémoc,29000,80,2,2,1,"Cuauhtémoc, Cuauhtémoc, Ciudad de México",Cuauhtémoc,17,https://www.lamudi.com.mx/detalle/41032-73-6155f30d4bad-c761-732f17b9-88f6-1f04
41032-73-c9c76da1bfa0-59ca-19e1f5d-9084-707d,Departamento en Renta en Agrícola Oriental,19000,120,2,1,1,"Agrícola Oriental, Iztacalco, Ciudad de México",Iztacalco,17,https://www.lamudi.com.mx/detalle/41032-73-c9c76da1bfa0-59ca-19e1f5d-9084-707d
41032-73-a39873a4586a-4e08-19d7018-bc95-790a,Departamento en Renta en Xoco,42000,90,2,2,2,"Xoco, Benito Juárez, Ciudad de México",Benito Juárez,17,https://www.lamudi.com.mx/detalle/41032-73-a39873a4586a-4e08-19d7018-bc95-790a
41032-73-cd5cc80362bf-fda6-19d4bc6-9093-7389,Departamento en Renta en Del Valle,30000,90,2,2,2,"Del Valle, Benito Juárez, Ciudad de México",Benito Juárez,17,https://www.lamudi.com.mx/detalle/41032-73-cd5cc80362bf-fda6-19d4bc6-9093-7389
41032-73-fc1b1cec48ac-60e-19d995d-b46c-717d,Departamento en Renta en Xoco,36000,100,2,2,0,"Xoco, Benito Juárez, Ciudad de México",Benito Juárez,17,https://www.lamudi.com.mx/detalle/41032-73-fc1b1cec48ac-60e-19d995d-b46c-717d
41032-73-dde88bb2bdb1-e11b-19c4d22-828a-79b0,Departamento en Renta en Bosques de las Lomas,25000,35,0,0,1,"Bosques de las Lomas, Cuajimalpa de Morelos, Ciudad de México",Cuajimalpa de Morelos,18,https://www.lamudi.com.mx/detalle/41032-73-dde88bb2bdb1-e11b-19c4d22-828a-79b0
41032-73-6d537ad5de4d-ee5f-19d7002-a4e2-7367,Departamento en Renta en Napoles,25000,63,1,1,1,"Napoles, Benito Juárez, Ciudad de México",Benito Juárez,18,https://www.lamudi.com.mx/detalle/41032-73-6d537ad5de4d-ee5f-19d7002-a4e2-7367
41032-73-54c07a1cbdc5-3111-19612aa-a21a-8042,Departamento en Renta en Olivar de los Padres,25000,86,2,2,0,"Olivar de los Padres, Álvaro Obregón, Ciudad de México",Álvaro Obregón,18,https://www.lamudi.com.mx/detalle/41032-73-54c07a1cbdc5-3111-19612aa-a21a-8042
41032-73-cd202b27639d-3796-19e0818-a28a-7f29,Departamento en Renta en Santa Maria Nonoalco,27000,85,2,2,2,"Santa Maria Nonoalco, Benito Juárez, Ciudad de México",Benito Juárez,18,https://www.lamudi.com.mx/detalle/41032-73-cd202b27639d-3796-19e0818-a28a-7f29
41032-73-f6380d7ba14e-49a1-19cf8c5-ae48-7062,Departamento en Renta en Anzures,29000,82,2,2,2,"Anzures, Miguel Hidalgo, Ciudad de México",Miguel Hidalgo,18,https://www.lamudi.com.mx/detalle/41032-73-f6380d7ba14e-49a1-19cf8c5-ae48-7062
41032-73-d373701e34b3-377f-198f3fb-925e-7944,Departamento en Renta en Polanco,100000,200,3,3,2,"Polanco, Miguel Hidalgo, Ciudad de México",Miguel Hidalgo,18,https://www.lamudi.com.mx/detalle/41032-73-d373701e34b3-377f-198f3fb-925e-7944
41032-73-559a63aeea57-f1f4-19e1f51-8a00-7ea4,Departamento en Renta en San Andrés Totoltepec,33000,204,3,2,3,"San Andrés Totoltepec, Tlalpan, Ciudad de México",Tlalpan,18,https://www.lamudi.com.mx/detalle/41032-73-559a63aeea57-f1f4-19e1f51-8a00-7ea4
41032-73-8bab38e9ad08-a106-19e22c0-b900-7809,Departamento en Renta en Del Valle,30000,90,2,0,0,"Del Valle, Benito Juárez, Ciudad de México",Benito Juárez,18,https://www.lamudi.com.mx/detalle/41032-73-8bab38e9ad08-a106-19e22c0-b900-7809
41032-73-3c6d89bb738c-13c9-19dbdd7-a2ff-7275,Departamento en Renta en Centro,23000,40,1,1,0,"Centro, Cuauhtémoc, Ciudad de México",Cuauhtémoc,18,https://www.lamudi.com.mx/detalle/41032-73-3c6d89bb738c-13c9-19dbdd7-a2ff-7275
41032-73-27f67eec2644-ab2d-1971f09-8a9b-7058,Departamento en Renta en Polanco,7500,498,3,3,0,"Polanco, Miguel Hidalgo, Ciudad de México",Miguel Hidalgo,18,https://www.lamudi.com.mx/detalle/41032-73-27f67eec2644-ab2d-1971f09-8a9b-7058
41032-73-48a2a93a4ad0-3533-19d9e6f-950c-75e1,Departamento en Renta en Roma Sur,19800,41,1,1,0,"Roma Sur, Cuauhtémoc, Ciudad de México",Cuauhtémoc,18,https://www.lamudi.com.mx/detalle/41032-73-48a2a93a4ad0-3533-19d9e6f-950c-75e1
41032-73-87d44f189a84-605-19e4aff-af03-71ba,Departamento en Renta en Bosque de Chapultepec I Sección,70000,180,3,2,0,"Bosque de Chapultepec I Sección, Miguel Hidalgo, Ciudad de México",Miguel Hidalgo,18,https://www.lamudi.com.mx/detalle/41032-73-87d44f189a84-605-19e4aff-af03-71ba
41032-73-b73ca05b17c6-aac4-19e0b55-afc6-7662,Departamento en Renta en Santa Fe Cuajimalpa,44000,180,2,2,2,"Santa Fe Cuajimalpa, Cuajimalpa de Morelos, Ciudad de México",Cuajimalpa de Morelos,18,https://www.lamudi.com.mx/detalle/41032-73-b73ca05b17c6-aac4-19e0b55-afc6-7662
41032-73-3af25068e44a-46e9-19cd81d-a068-7a1d,Departamento en Renta en Bosques de las Lomas,250000,390,4,4,4,"Bosques de las Lomas, Cuajimalpa de Morelos, Ciudad de México",Cuajimalpa de Morelos,18,https://www.lamudi.com.mx/detalle/41032-73-3af25068e44a-46e9-19cd81d-a068-7a1d
41032-73-d878fe5220b6-fa11-19e5201-902a-7464,Departamento en Renta en Guerrero,17800,50,2,2,0,"Guerrero, Cuauhtémoc, Ciudad de México",Cuauhtémoc,18,https://www.lamudi.com.mx/detalle/41032-73-d878fe5220b6-fa11-19e5201-902a-7464
41032-73-9e76ea64b834-f268-19e1a1c-94cf-746e,Departamento en Renta en La Raza,6500,12,1,3,0,"La Raza, Azcapotzalco, Ciudad de México",Azcapotzalco,18,https://www.lamudi.com.mx/detalle/41032-73-9e76ea64b834-f268-19e1a1c-94cf-746e
41032-73-5b3acbfa1051-23f1-199bc97-a124-7954,Departamento en Renta en Polanco,100000,536,4,3,2,"Polanco, Miguel Hidalgo, Ciudad de México",Miguel Hidalgo,18,https://www.lamudi.com.mx/detalle/41032-73-5b3acbfa1051-23f1-199bc97-a124-7954
41032-73-8564df520084-3a58-19e41a2-a5ac-77a3,Departamento en Renta en Polanco,45000,120,2,2,0,"Polanco, Miguel Hidalgo, Ciudad de México",Miguel Hidalgo,18,https://www.lamudi.com.mx/detalle/41032-73-8564df520084-3a58-19e41a2-a5ac-77a3
41032-73-e6012ce7aae9-fcd1-19e4196-9fca-73b7,Condominio Horizontal en Renta en Polanco,75000,250,3,2,0,"Polanco, Miguel Hidalgo, Ciudad de México",Miguel Hidalgo,18,https://www.lamudi.com.mx/detalle/41032-73-e6012ce7aae9-fcd1-19e4196-9fca-73b7
41032-73-257edb5109cc-7c5e-19ddcea-8676-7db1,Departamento en Renta en Bosques de las Lomas,10000,700,4,4,6,"Bosques de las Lomas, Cuajimalpa de Morelos, Ciudad de México",Cuajimalpa de Morelos,18,https://www.lamudi.com.mx/detalle/41032-73-257edb5109cc-7c5e-19ddcea-8676-7db1
41032-73-bb6fad9fc790-2e91-52dd6cfc-a854-4fc4,Departamento en Renta en El Cuernito,17600,74,2,1,1,"El Cuernito, Álvaro Obregón, Ciudad de México",Álvaro Obregón,18,https://www.lamudi.com.mx/detalle/41032-73-bb6fad9fc790-2e91-52dd6cfc-a854-4fc4
41032-73-89b6c309d165-728f-8083227-9e0f-4b65,Departamento en Renta en El Cuernito,19000,74,1,1,2,"El Cuernito, Álvaro Obregón, Ciudad de México",Álvaro Obregón,18,https://www.lamudi.com.mx/detalle/41032-73-89b6c309d165-728f-8083227-9e0f-4b65
41032-73-7c097d1919b5-d379-19c8732-bd16-71d2,Departamento en Renta en Polanco,33000,76,2,1,2,"Polanco, Miguel Hidalgo, Ciudad de México",Miguel Hidalgo,18,https://www.lamudi.com.mx/detalle/41032-73-7c097d1919b5-d379-19c8732-bd16-71d2
41032-73-19c26ade3669-b4f2-19d03fd-a179-744f,Departamento en Renta en Cuevitas,30000,90,2,2,2,"Cuevitas, Álvaro Obregón, Ciudad de México",Álvaro Obregón,18,https://www.lamudi.com.mx/detalle/41032-73-19c26ade3669-b4f2-19d03fd-a179-744f
41032-73-32a4592a582b-edfb-c210828a-a8e8-4f5b,Departamento en Renta en El Cuernito,19500,97,2,2,1,"El Cuernito, Álvaro Obregón, Ciudad de México",Álvaro Obregón,18,https://www.lamudi.com.mx/detalle/41032-73-32a4592a582b-edfb-c210828a-a8e8-4f5b
41032-73-2733d09c9f56-f86d-19e09ae-90ba-7196,Departamento en Renta en Chimalcoyotl,14700,114,3,2,2,"Chimalcoyotl, Tlalpan, Ciudad de México",Tlalpan,18,https://www.lamudi.com.mx/detalle/41032-73-2733d09c9f56-f86d-19e09ae-90ba-7196
41032-73-1cf1b627a61-65ed-19e2ad0-b5b1-7508,Departamento en Renta en Ciudad de los Deportes,18000,50,1,1,1,"Ciudad de los Deportes, Benito Juárez, Ciudad de México",Benito Juárez,18,https://www.lamudi.com.mx/detalle/41032-73-1cf1b627a61-65ed-19e2ad0-b5b1-7508
41032-73-820ecfef0efa-be0c-19df60c-9584-7d7f,Departamento en Renta en Granada,45000,120,3,2,2,"Granada, Miguel Hidalgo, Ciudad de México",Miguel Hidalgo,19,https://www.lamudi.com.mx/detalle/41032-73-820ecfef0efa-be0c-19df60c-9584-7d7f
41032-73-3fc24077f1ab-92e5-19e1fc6-b874-7233,Departamento en Renta en Juárez,45000,67,1,1,0,"Juárez, Cuauhtémoc, Ciudad de México",Cuauhtémoc,19,https://www.lamudi.com.mx/detalle/41032-73-3fc24077f1ab-92e5-19e1fc6-b874-7233
41032-73-a5aa1ccecb50-c6e6-19dfda1-bd2b-7923,Departamento en Renta en Irrigación,53000,136,2,2,2,"Irrigación, Miguel Hidalgo, Ciudad de México",Miguel Hidalgo,19,https://www.lamudi.com.mx/detalle/41032-73-a5aa1ccecb50-c6e6-19dfda1-bd2b-7923
41032-73-92a98310c140-a08e-19c0338-a28f-7181,Departamento en Renta en Polanco,90000,150,2,3,0,"Polanco, Miguel Hidalgo, Ciudad de México",Miguel Hidalgo,19,https://www.lamudi.com.mx/detalle/41032-73-92a98310c140-a08e-19c0338-a28f-7181
41032-73-d837bea38fdf-9ecb-19e1f98-9682-71e4,Departamento en Renta en Tabacalera,65000,184,2,3,0,"Tabacalera, Cuauhtémoc, Ciudad de México",Cuauhtémoc,19,https://www.lamudi.com.mx/detalle/41032-73-d837bea38fdf-9ecb-19e1f98-9682-71e4
41032-73-1da4bf345272-2f7-19a13ee-a1fb-73f5,Departamento en Renta en Polanco,110000,257,2,2,2,"Polanco, Miguel Hidalgo, Ciudad de México",Miguel Hidalgo,19,https://www.lamudi.com.mx/detalle/41032-73-1da4bf345272-2f7-19a13ee-a1fb-73f5
41032-73-7f6a40a7c73d-8a64-19dc87e-af28-7355,Departamento en Renta en Manzanastitla,29500,149,3,2,0,"Manzanastitla, Cuajimalpa de Morelos, Ciudad de México",Cuajimalpa de Morelos,19,https://www.lamudi.com.mx/detalle/41032-73-7f6a40a7c73d-8a64-19dc87e-af28-7355
41032-73-eae5c5e305b9-6885-19c0313-918e-7365,Departamento en Renta en Polanco,90000,153,2,3,0,"Polanco, Miguel Hidalgo, Ciudad de México",Miguel Hidalgo,19,https://www.lamudi.com.mx/detalle/41032-73-eae5c5e305b9-6885-19c0313-918e-7365
41032-73-2878274fa154-e962-19dc00a-b718-71f7,Departamento en Renta en La Martinica,16000,65,1,1,1,"La Martinica, Álvaro Obregón, Ciudad de México",Álvaro Obregón,19,https://www.lamudi.com.mx/detalle/41032-73-2878274fa154-e962-19dc00a-b718-71f7
41032-73-42c627f05a3a-4f1-19da606-a038-7961,Departamento en Renta en El Yaqui,27500,120,2,2,2,"El Yaqui, Cuajimalpa de Morelos, Ciudad de México",Cuajimalpa de Morelos,19,https://www.lamudi.com.mx/detalle/41032-73-42c627f05a3a-4f1-19da606-a038-7961
41032-73-f5f2bdb962e0-8d67-19e4256-b3a1-7a9d,Departamento en Renta en Alcantarilla,26000,80,2,2,2,"Alcantarilla, Álvaro Obregón, Ciudad de México",Álvaro Obregón,19,https://www.lamudi.com.mx/detalle/41032-73-f5f2bdb962e0-8d67-19e4256-b3a1-7a9d
41032-73-d665dc937059-c3d3-19e1f20-bbef-7365,Departamento en Renta en Tabacalera,32000,82,1,1,0,"Tabacalera, Cuauhtémoc, Ciudad de México",Cuauhtémoc,19,https://www.lamudi.com.mx/detalle/41032-73-d665dc937059-c3d3-19e1f20-bbef-7365
41032-73-a5bca4d5ef59-5ab5-19ddb58-b2de-720c,Departamento en Renta en Santa Cruz Atoyac,16500,64,2,2,1,"Santa Cruz Atoyac, Benito Juárez, Ciudad de México",Benito Juárez,19,https://www.lamudi.com.mx/detalle/41032-73-a5bca4d5ef59-5ab5-19ddb58-b2de-720c
41032-73-c861a11e2b0a-9be9-19e4256-9752-79be,Departamento en Renta en Bosques de las Lomas,19500,80,2,2,2,"Bosques de las Lomas, Cuajimalpa de Morelos, Ciudad de México",Cuajimalpa de Morelos,19,https://www.lamudi.com.mx/detalle/41032-73-c861a11e2b0a-9be9-19e4256-9752-79be
41032-73-7705ee30353d-c636-19d96bd-ab5c-7773,Departamento en Renta en Polanco,20000,40,1,1,1,"Polanco, Miguel Hidalgo, Ciudad de México",Miguel Hidalgo,19,https://www.lamudi.com.mx/detalle/41032-73-7705ee30353d-c636-19d96bd-ab5c-7773
41032-73-1ecc98f53adf-b388-19bbe3a-8cb2-7f5a,Condominio Horizontal en Renta en Progreso Tizapan,23500,110,3,2,0,"Progreso Tizapan, Álvaro Obregón, Ciudad de México",Álvaro Obregón,19,https://www.lamudi.com.mx/detalle/41032-73-1ecc98f53adf-b388-19bbe3a-8cb2-7f5a
41032-73-60cf19e4d14e-bdc6-19cee11-acad-76b0,Condominio Horizontal en Renta en Portales,29000,120,3,2,0,"Portales, Benito Juárez, Ciudad de México",Benito Juárez,19,https://www.lamudi.com.mx/detalle/41032-73-60cf19e4d14e-bdc6-19cee11-acad-76b0
41032-73-4d94a65a03ed-7eb3-19dbac4-a951-715c,Departamento en Renta en San Simón Ticumac,21000,65,2,2,0,"San Simón Ticumac, Benito Juárez, Ciudad de México",Benito Juárez,19,https://www.lamudi.com.mx/detalle/41032-73-4d94a65a03ed-7eb3-19dbac4-a951-715c
41032-73-4bea11f2192b-dc74-19e5104-8c7d-70d5,Departamento en Renta en Ex Hacienda Coapa,17000,70,3,1,1,"Ex Hacienda Coapa, Tlalpan, Ciudad de México",Tlalpan,19,https://www.lamudi.com.mx/detalle/41032-73-4bea11f2192b-dc74-19e5104-8c7d-70d5
41032-73-5c34b0795908-b0d8-19e1a05-af77-735d,Departamento en Renta en Polanco,153000,226,3,4,3,"Polanco, Miguel Hidalgo, Ciudad de México",Miguel Hidalgo,19,https://www.lamudi.com.mx/detalle/41032-73-5c34b0795908-b0d8-19e1a05-af77-735d
41032-73-e65a0b1d96ee-90f-19deb9c-9ae6-7ead,Departamento en Renta en Bosque de las Lomas,11000,30,1,1,0,"Bosque de las Lomas, Miguel Hidalgo, Ciudad de México",Miguel Hidalgo,19,https://www.lamudi.com.mx/detalle/41032-73-e65a0b1d96ee-90f-19deb9c-9ae6-7ead
41032-73-54cdd33865e-af64-19e484e-992a-73f8,Departamento en Renta en Cuajimalpa,7950,47,1,1,1,"Cuajimalpa, Cuajimalpa de Morelos, Ciudad de México",Cuajimalpa de Morelos,19,https://www.lamudi.com.mx/detalle/41032-73-54cdd33865e-af64-19e484e-992a-73f8
41032-73-bddd62541822-5171-19e45c0-8d8c-7273,Departamento en Renta en Club de Golf Bosques,55000,163,3,3,3,"Club de Golf Bosques, Cuajimalpa de Morelos, Ciudad de México",Cuajimalpa de Morelos,19,https://www.lamudi.com.mx/detalle/41032-73-bddd62541822-5171-19e45c0-8d8c-7273
41032-73-b0c383bf3517-8d16-1970034-a0ee-79e1,Departamento en Renta en Pedregal de Carrasco,21000,74,2,2,2,"Pedregal de Carrasco, Coyoacán, Ciudad de México",Coyoacán,19,https://www.lamudi.com.mx/detalle/41032-73-b0c383bf3517-8d16-1970034-a0ee-79e1
41032-73-88d91c6aa32a-4801-19e33c2-9f7d-70f6,Departamento en Renta en Reforma Social,26000,100,2,1,1,"Reforma Social, Miguel Hidalgo, Ciudad de México",Miguel Hidalgo,19,https://www.lamudi.com.mx/detalle/41032-73-88d91c6aa32a-4801-19e33c2-9f7d-70f6
41032-73-407d88e4799d-a1be-19e52a5-906b-7063,Departamento en Renta en Irrigación,15000,50,1,1,0,"Irrigación, Miguel Hidalgo, Ciudad de México",Miguel Hidalgo,19,https://www.lamudi.com.mx/detalle/41032-73-407d88e4799d-a1be-19e52a5-906b-7063
41032-73-826268454263-5c1b-19dbd6d-896a-77b2,Departamento en Renta en Narvarte,40000,222,4,3,2,"Narvarte, Benito Juárez, Ciudad de México",Benito Juárez,19,https://www.lamudi.com.mx/detalle/41032-73-826268454263-5c1b-19dbd6d-896a-77b2
41032-73-3112353a6bc0-dc71-19e424d-b416-7876,Departamento en Renta en Del Valle,36000,109,3,3,2,"Del Valle, Benito Juárez, Ciudad de México",Benito Juárez,19,https://www.lamudi.com.mx/detalle/41032-73-3112353a6bc0-dc71-19e424d-b416-7876
41032-73-faf1f5170e71-6ee3-19da615-8c9d-7543,Departamento en Renta en Granada,150000,245,3,3,0,"Granada, Miguel Hidalgo, Ciudad de México",Miguel Hidalgo,20,https://www.lamudi.com.mx/detalle/41032-73-faf1f5170e71-6ee3-19da615-8c9d-7543
41032-73-366627e2472d-5749-19e0d04-9455-73fa,Departamento en Renta en Bosque de Chapultepec I Sección,60000,137,1,2,0,"Bosque de Chapultepec I Sección, Miguel Hidalgo, Ciudad de México",Miguel Hidalgo,20,https://www.lamudi.com.mx/detalle/41032-73-366627e2472d-5749-19e0d04-9455-73fa
41032-73-8ee7509278b5-20f-19dc17d-b20f-748b,Departamento en Renta en Granada,165000,245,3,3,4,"Granada, Miguel Hidalgo, Ciudad de México",Miguel Hidalgo,20,https://www.lamudi.com.mx/detalle/41032-73-8ee7509278b5-20f-19dc17d-b20f-748b
41032-73-4aea1f9f87cf-c40d-19dbd58-bf85-759c,Departamento en Renta en Bosques de las Lomas,120000,305,3,3,4,"Bosques de las Lomas, Cuajimalpa de Morelos, Ciudad de México",Cuajimalpa de Morelos,20,https://www.lamudi.com.mx/detalle/41032-73-4aea1f9f87cf-c40d-19dbd58-bf85-759c
41032-73-73905da6c2e9-c569-19b81c2-aa2f-772c,Departamento en Renta en Polanco,80000,163,2,2,2,"Polanco, Miguel Hidalgo, Ciudad de México",Miguel Hidalgo,20,https://www.lamudi.com.mx/detalle/41032-73-73905da6c2e9-c569-19b81c2-aa2f-772c
41032-73-109848c8222f-58ce-19c0283-81ee-7547,Departamento en Renta en Juárez,45000,124,3,3,1,"Juárez, Cuauhtémoc, Ciudad de México",Cuauhtémoc,20,https://www.lamudi.com.mx/detalle/41032-73-109848c8222f-58ce-19c0283-81ee-7547
41032-73-69ae627adf34-9733-19dd718-93e6-7aca,Departamento en Renta en El Yaqui,24900,85,2,2,2,"El Yaqui, Cuajimalpa de Morelos, Ciudad de México",Cuajimalpa de Morelos,20,https://www.lamudi.com.mx/detalle/41032-73-69ae627adf34-9733-19dd718-93e6-7aca
41032-73-9df092fdd1c2-1f4b-19e45b0-8933-7287,Departamento en Renta en Residencial Insurgentes,16000,76,3,1,1,"Residencial Insurgentes, Tlalpan, Ciudad de México",Tlalpan,20,https://www.lamudi.com.mx/detalle/41032-73-9df092fdd1c2-1f4b-19e45b0-8933-7287
41032-73-3930306306f7-7b92-19d6ad5-ae35-74de,Departamento en Renta en Tecalcapa del Pueblo Tetelpan,88000,386,3,3,4,"Tecalcapa del Pueblo Tetelpan, Álvaro Obregón, Ciudad de México",Álvaro Obregón,20,https://www.lamudi.com.mx/detalle/41032-73-3930306306f7-7b92-19d6ad5-ae35-74de
41032-73-e238354fd568-f9dc-19cc625-869a-79c1,Departamento en Renta en Santa Fe Cuajimalpa,65000,140,3,2,2,"Santa Fe Cuajimalpa, Cuajimalpa de Morelos, Ciudad de México",Cuajimalpa de Morelos,20,https://www.lamudi.com.mx/detalle/41032-73-e238354fd568-f9dc-19cc625-869a-79c1
41032-73-ef77957db5d2-2827-19d4977-97eb-74e7,Departamento en Renta en Doctores,24000,50,1,1,0,"Doctores, Cuauhtémoc, Ciudad de México",Cuauhtémoc,20,https://www.lamudi.com.mx/detalle/41032-73-ef77957db5d2-2827-19d4977-97eb-74e7
41032-73-be4fbf12a56d-89e5-19dfb50-9c26-7ead,Departamento en Renta en Anzures,17000,30,1,1,1,"Anzures, Miguel Hidalgo, Ciudad de México",Miguel Hidalgo,20,https://www.lamudi.com.mx/detalle/41032-73-be4fbf12a56d-89e5-19dfb50-9c26-7ead
41032-73-43abb992f324-8197-19dfb50-94da-77b3,Departamento en Renta en Santa Fe Cuajimalpa,48500,135,3,2,3,"Santa Fe Cuajimalpa, Cuajimalpa de Morelos, Ciudad de México",Cuajimalpa de Morelos,20,https://www.lamudi.com.mx/detalle/41032-73-43abb992f324-8197-19dfb50-94da-77b3
41032-73-a01ce7a4c5cc-693b-19dfb50-9935-7e07,Departamento en Renta en Anzures,16900,30,1,1,1,"Anzures, Miguel Hidalgo, Ciudad de México",Miguel Hidalgo,20,https://www.lamudi.com.mx/detalle/41032-73-a01ce7a4c5cc-693b-19dfb50-9935-7e07
41032-73-454e2a9233bc-233e-19df61d-8da7-7eb7,Departamento en Renta en El Encino del Pueblo Tetelpan,23000,100,2,2,2,"El Encino del Pueblo Tetelpan, Álvaro Obregón, Ciudad de México",Álvaro Obregón,20,https://www.lamudi.com.mx/detalle/41032-73-454e2a9233bc-233e-19df61d-8da7-7eb7
41032-73-eb93f93f3ca6-da86-19c4469-82aa-7171,Departamento en Renta en Contadero,22500,56,2,1,1,"Contadero, Cuajimalpa de Morelos, Ciudad de México",Cuajimalpa de Morelos,20,https://www.lamudi.com.mx/detalle/41032-73-eb93f93f3ca6-da86-19c4469-82aa-7171
41032-73-bf9a2a33c85e-56de-19cdfbf-a326-77f8,Departamento en Renta en Polanco,6000,222,3,3,2,"Polanco, Miguel Hidalgo, Ciudad de México",Miguel Hidalgo,20,https://www.lamudi.com.mx/detalle/41032-73-bf9a2a33c85e-56de-19cdfbf-a326-77f8
41032-73-485ee7e1a9d3-9f3c-19c11dc-b9aa-7490,Departamento en Renta en Letrán Valle,11500,40,1,1,0,"Letrán Valle, Benito Juárez, Ciudad de México",Benito Juárez,20,https://www.lamudi.com.mx/detalle/41032-73-485ee7e1a9d3-9f3c-19c11dc-b9aa-7490
41032-73-895ce4c7e967-9115-44f67c29-851c-3832,Departamento en Renta en Cuauhtémoc,52000,120,2,2,1,"Cuauhtémoc, Cuauhtémoc, Ciudad de México",Cuauhtémoc,20,https://www.lamudi.com.mx/detalle/41032-73-895ce4c7e967-9115-44f67c29-851c-3832
41032-73-e57ccb41a9df-dcf9-19e4741-a6b6-7646,Departamento en Renta en Ex Hacienda Coapa,16000,75,3,1,1,"Ex Hacienda Coapa, Tlalpan, Ciudad de México",Tlalpan,20,https://www.lamudi.com.mx/detalle/41032-73-e57ccb41a9df-dcf9-19e4741-a6b6-7646
41032-73-eb680527c2c2-1c3c-19df97c-881c-741e,Departamento en Renta en Hipódromo,63000,123,2,2,3,"Hipódromo, Cuauhtémoc, Ciudad de México",Cuauhtémoc,20,https://www.lamudi.com.mx/detalle/41032-73-eb680527c2c2-1c3c-19df97c-881c-741e
41032-73-3ba39a8da93a-2c4-19e412e-82fc-7092,Departamento en Renta en Morelos,15000,49,2,1,1,"Morelos, Cuauhtémoc, Ciudad de México",Cuauhtémoc,20,https://www.lamudi.com.mx/detalle/41032-73-3ba39a8da93a-2c4-19e412e-82fc-7092
41032-73-2ce301b46b7-a057-19e033f-b83e-7760,Departamento en Renta en Hipódromo,63000,123,2,2,3,"Hipódromo, Cuauhtémoc, Ciudad de México",Cuauhtémoc,20,https://www.lamudi.com.mx/detalle/41032-73-2ce301b46b7-a057-19e033f-b83e-7760
41032-73-a1239a26f11b-ec20-19e2724-8e28-7483,Departamento en Renta en Lomas de Chapultepec,31000,103,2,1,1,"Lomas de Chapultepec, Miguel Hidalgo, Ciudad de México",Miguel Hidalgo,20,https://www.lamudi.com.mx/detalle/41032-73-a1239a26f11b-ec20-19e2724-8e28-7483
41032-73-7e4507523d54-b814-19e24bd-a04b-7146,Departamento en Renta en Hipódromo,63000,123,2,2,3,"Hipódromo, Cuauhtémoc, Ciudad de México",Cuauhtémoc,20,https://www.lamudi.com.mx/detalle/41032-73-7e4507523d54-b814-19e24bd-a04b-7146
41032-73-f212bb93fc32-3193-19e2720-b1d8-7691,Departamento en Renta en Hipódromo,63000,123,2,2,3,"Hipódromo, Cuauhtémoc, Ciudad de México",Cuauhtémoc,20,https://www.lamudi.com.mx/detalle/41032-73-f212bb93fc32-3193-19e2720-b1d8-7691
41032-73-1ca2eda50159-a76a-19e087d-8304-724d,Departamento en Renta en Hipódromo,63000,123,2,2,3,"Hipódromo, Cuauhtémoc, Ciudad de México",Cuauhtémoc,20,https://www.lamudi.com.mx/detalle/41032-73-1ca2eda50159-a76a-19e087d-8304-724d
41032-73-830b00ab0e30-3bde-19e40f6-b98a-7164,Departamento en Renta en Los Girasoles,16000,75,2,1,1,"Los Girasoles, Coyoacán, Ciudad de México",Coyoacán,20,https://www.lamudi.com.mx/detalle/41032-73-830b00ab0e30-3bde-19e40f6-b98a-7164
41032-73-bed88422dd05-73a4-19e24c2-9927-7362,Departamento en Renta en Lomas de Chapultepec,31000,103,2,1,1,"Lomas de Chapultepec, Miguel Hidalgo, Ciudad de México",Miguel Hidalgo,20,https://www.lamudi.com.mx/detalle/41032-73-bed88422dd05-73a4-19e24c2-9927-7362
