titulo,precio,ubicacion,recamaras,banos,m2,url,datos_brutos
,"MXN3,800,000",,,,,https://departamento.mercadolibre.com.mx/MLM-5390330888-hermoso-departamento-en-venta-en-sara-towers-de-3-recamaras-y-2-banos-comodo-y-bien-iluminado-_JM#polycard_client=search-desktop&float_highlight=recent_publication&price_drop=not_apply&be_origin=backend&search_layout=grid&position=1&type=item&tracking_id=b069d6e6-29f1-4fac-93e7-6b12c2f5dc42,"PUBLICADO ESTA SEMANA | Departamento en venta | Hermoso Departamento En Venta En Sara Towers De 3 Recámaras Y 2 Baños, Cómodo Y Bien Iluminado. | MXN | 3,800,000 | 3 recámaras | 2 baños | 75 m² construidos | Sara 4449, Guadalupe Tepeyac, Ciudad De México, Guadalupe Tepeyac, Gustavo A. Madero, Distrito Federal | Destacado"
,"MXN4,500,000",,,,,https://casa.mercadolibre.com.mx/MLM-4833606036-casa-con-potencial-residencial-y-comercial-_JM#polycard_client=search-desktop&be_origin=backend&search_layout=grid&position=2&type=item&tracking_id=b069d6e6-29f1-4fac-93e7-6b12c2f5dc42&price_drop=not_apply,"Casa en venta | Casa Con Potencial Residencial Y Comercial | MXN | 4,500,000 | 3 recámaras | 3 baños | 440 m² construidos | San Felipe De Jesús, Gustavo A. Madero, Distrito Federal | Destacado"
,"MXN9,300,000",,,,,https://casa.mercadolibre.com.mx/MLM-4965643814-casa-en-venta-en-lindavista-norte-_JM#polycard_client=search-desktop&be_origin=backend&search_layout=grid&position=3&type=item&tracking_id=b069d6e6-29f1-4fac-93e7-6b12c2f5dc42&price_drop=not_apply,"Casa en venta | Casa En Venta En Lindavista Norte | pulppo | MXN | 9,300,000 | 8 recámaras | 5 baños | 255 m² construidos | Chiclayo, Gustavo A. Madero, Distrito Federal | Destacado"
,"MXN13,650,000",,,,,https://casa.mercadolibre.com.mx/MLM-2817912093-residencia-en-venta-remodelada-y-lista-para-habitar-lindavista-norte-_JM#polycard_client=search-desktop&be_origin=backend&search_layout=grid&position=4&type=item&tracking_id=b069d6e6-29f1-4fac-93e7-6b12c2f5dc42&price_drop=not_apply,"Casa en venta | Residencia En Venta  Remodelada Y Lista Para Habitar Lindavista Norte | MXN | 13,650,000 | 4 recámaras | 5 baños | 300 m² construidos | Sin Calle, Lindavista Norte, Gustavo A. Madero, Distrito Federal | Destacado"
,"MXN5,850,000",,,,,https://casa.mercadolibre.com.mx/MLM-2792149385-casa-en-venta-en-industrial-_JM#polycard_client=search-desktop&be_origin=backend&search_layout=grid&position=5&type=item&tracking_id=b069d6e6-29f1-4fac-93e7-6b12c2f5dc42&price_drop=not_apply,"Casa en venta | Casa En Venta En Industrial | pulppo | MXN | 5,850,000 | 6 recámaras | 4 baños | 293 m² construidos | Avenida Cruz Azul 100, Gustavo A. Madero, Distrito Federal | Destacado"
,"MXN2,643,334",,,,,https://departamento.mercadolibre.com.mx/MLM-4995492040-departamento-en-venta-en-santa-isabel-tola-_JM#polycard_client=search-desktop&be_origin=backend&search_layout=grid&position=6&type=item&tracking_id=b069d6e6-29f1-4fac-93e7-6b12c2f5dc42&price_drop=not_apply,"Departamento en venta | Departamento En Venta En Santa Isabel Tola | pulppo | MXN | 2,643,334 | 2 recámaras | 1 baño | 68 m² construidos | Av. Acueducto De Guadalupe 511, Santa Isabel Tola, Gustavo A. Madero, Distrito Federal | Destacado"
,"MXN6,800,000",,,,,https://casa.mercadolibre.com.mx/MLM-5225283468-casa-en-venta-en-vallejo-_JM#polycard_client=search-desktop&be_origin=backend&search_layout=grid&position=7&type=item&tracking_id=b069d6e6-29f1-4fac-93e7-6b12c2f5dc42&price_drop=not_apply,"Casa en venta | Casa En Venta En Vallejo | pulppo | MXN | 6,800,000 | 8 recámaras | 7 baños | 360 m² construidos | Calle Wagner 300, Gustavo A. Madero, Distrito Federal | Destacado"
,"MXN7,995,000",,,,,https://departamento.mercadolibre.com.mx/MLM-4995470604-departamento-en-venta-en-lindavista-_JM#polycard_client=search-desktop&be_origin=backend&search_layout=grid&position=8&type=item&tracking_id=b069d6e6-29f1-4fac-93e7-6b12c2f5dc42&price_drop=false,"Departamento en venta | Departamento En Venta En Lindavista | pulppo | MXN | 7,995,000 | 3 recámaras | 3 baños | 127 m² construidos | Pernambuco 800, Gustavo A. Madero, Distrito Federal | Tour virtual | Destacado"
,"MXN19,000,000",,,,,https://casa.mercadolibre.com.mx/MLM-2902831841-casa-en-venta-en-lindavista-norte-_JM#polycard_client=search-desktop&be_origin=backend&search_layout=grid&position=9&type=item&tracking_id=b069d6e6-29f1-4fac-93e7-6b12c2f5dc42&price_drop=not_apply,"Casa en venta | Casa En Venta En Lindavista Norte | pulppo | MXN | 19,000,000 | 3 recámaras | 3 baños | 275 m² construidos | Pujato No. 8, Lindavista Norte, Gustavo A. Madero, Distrito Federal | Destacado"
,"MXN2,189,000",,,,,https://departamento.mercadolibre.com.mx/MLM-2798063013-excelentes-departamentos-nuevos-av-acueducto-preventa-2-y-3-recamaras-balcon-muy-buena-ubicacion-_JM#polycard_client=search-desktop&be_origin=backend&search_layout=grid&position=10&type=item&tracking_id=b069d6e6-29f1-4fac-93e7-6b12c2f5dc42&price_drop=not_apply,"Departamento en venta | Excelentes Departamentos Nuevos, Av Acueducto, Preventa, 2 Y 3 Recamaras, Balcón, Muy Buena Ubicación | MXN | 2,189,000 | 2 recámaras | 1 baño | 50 m² construidos | Av. Acueducto 835, Candelaria Ticoman, Ciudad De México, Barrio Candelaria Ticomán, Gustavo A. Madero, Distrito Federal | Destacado"
,"MXN15,000,000",,,,,https://casa.mercadolibre.com.mx/MLM-2776038787-casa-en-venta-en-torres-lindavista-_JM#polycard_client=search-desktop&be_origin=backend&search_layout=grid&position=11&type=item&tracking_id=b069d6e6-29f1-4fac-93e7-6b12c2f5dc42&price_drop=not_apply,"Casa en venta | Casa En Venta En Torres Lindavista | MXN | 15,000,000 | 5 recámaras | 5 baños | 500 m² construidos | Torres Lindavista, Gustavo A. Madero, Distrito Federal | Destacado"
,"MXN3,150,000",,,,,https://departamento.mercadolibre.com.mx/MLM-2831523237-sara-towers-guadalupe-tepeyac-departamento-3-recamaras-bastante-luminoso-_JM#polycard_client=search-desktop&be_origin=backend&search_layout=grid&position=12&type=item&tracking_id=b069d6e6-29f1-4fac-93e7-6b12c2f5dc42&price_drop=not_apply,"Departamento en venta | Sara Towers, Guadalupe Tepeyac, Departamento  3 Recámaras. Bastante Luminoso | MXN | 3,150,000 | 2 recámaras | 1 baño | 64 m² construidos | Guadalupe Tepeyac, Mexico City, Guadalupe Tepeyac, Gustavo A. Madero, Distrito Federal | Destacado"
,"MXN2,799,000",,,,,https://departamento.mercadolibre.com.mx/MLM-4761769620-departamento-en-venta-en-tablas-de-san-agustin-_JM#polycard_client=search-desktop&be_origin=backend&search_layout=grid&position=13&type=item&tracking_id=b069d6e6-29f1-4fac-93e7-6b12c2f5dc42&price_drop=not_apply,"Departamento en venta | Departamento En Venta En Tablas De San Agustín | pulppo | MXN | 2,799,000 | 2 recámaras | 2 baños | 66 m² construidos | Eje 1 Oriente Ferrocarril Hidalgo 1337,Colonia Tablas De San Agustín, Alcaldía Gustavo A. Madero, C.P. 7800, Ciudad De México, Gustavo A. Madero, Distrito Federal | Tour virtual | Destacado"
,"MXN2,755,817",,,,,https://departamento.mercadolibre.com.mx/MLM-2784668511-departamento-en-venta-en-santa-isabel-tola-_JM#polycard_client=search-desktop&be_origin=backend&search_layout=grid&position=14&type=item&tracking_id=b069d6e6-29f1-4fac-93e7-6b12c2f5dc42&price_drop=not_apply,"Departamento en venta | Departamento En Venta En Santa Isabel Tola | pulppo | MXN | 2,755,817 | 2 recámaras | 1 baño | 70 m² construidos | Av. Acueducto De Guadalupe 511, Santa Isabel Tola, Gustavo A. Madero, Distrito Federal | Destacado"
,"MXN2,432,700",,,,,https://departamento.mercadolibre.com.mx/MLM-4971136862-departamento-en-venta-san-juan-de-aragon-cdmx-_JM#polycard_client=search-desktop&be_origin=backend&search_layout=grid&position=15&type=item&tracking_id=b069d6e6-29f1-4fac-93e7-6b12c2f5dc42&price_drop=not_apply,"Departamento en venta | Departamento En Venta  San Juan De Aragón, Cdmx | MXN | 2,432,700 | 3 recámaras | 1 baño | 77 m² construidos | Calz. San Juan De Aragón 533, Gustavo A. Madero, Distrito Federal | Destacado"
,"MXN6,900,000",,,,,https://casa.mercadolibre.com.mx/MLM-3876924578-amplia-casa-en-zona-escolar-oriente-gustavo-a-madero-_JM#polycard_client=search-desktop&be_origin=backend&search_layout=grid&position=16&type=item&tracking_id=b069d6e6-29f1-4fac-93e7-6b12c2f5dc42&price_drop=not_apply,"Casa en venta | Amplia Casa En Zona Escolar Oriente, Gustavo A. Madero | MXN | 6,900,000 | 5 recámaras | 2 baños | 450 m² construidos | Adolfo Ruiz Cortínez Lt 14 Mz 104, Zona Escolar Oriente, Gustavo A. Madero, Distrito Federal | Destacado"
,"MXN3,070,028",,,,,https://departamento.mercadolibre.com.mx/MLM-4995472436-departamento-en-venta-en-santa-isabel-tola-_JM#polycard_client=search-desktop&be_origin=backend&search_layout=grid&position=17&type=item&tracking_id=b069d6e6-29f1-4fac-93e7-6b12c2f5dc42&price_drop=not_apply,"Departamento en venta | Departamento En Venta En Santa Isabel Tola | pulppo | MXN | 3,070,028 | 2 recámaras | 1 baño | 76 m² construidos | Av. Acueducto De Guadalupe 511, Santa Isabel Tola, Gustavo A. Madero, Distrito Federal | Destacado"
,"MXN2,650,000",,,,,https://departamento.mercadolibre.com.mx/MLM-2847955771-bonito-departamento-excelente-ubicacion-en-frente-de-la-central-camionera-del-norte-_JM#polycard_client=search-desktop&be_origin=backend&search_layout=grid&position=18&type=item&tracking_id=b069d6e6-29f1-4fac-93e7-6b12c2f5dc42&price_drop=not_apply,"Departamento en venta | Bonito Departamento Excelente Ubicacion En Frente De La Central Camionera Del Norte | MXN | 2,650,000 | 2 recámaras | 2 baños | 60 m² construidos | Pte 116 16, Panamericana, Gustavo A. Madero, 07770 Ciudad De México, CDMX, Mexico, Magdalena De Las Salinas, Gustavo A. Madero, Distrito Federal | Destacado"
,"MXN3,153,688",,,,,https://departamento.mercadolibre.com.mx/MLM-4995492710-departamento-en-venta-en-santa-isabel-tola-_JM#polycard_client=search-desktop&be_origin=backend&search_layout=grid&position=19&type=item&tracking_id=b069d6e6-29f1-4fac-93e7-6b12c2f5dc42&price_drop=not_apply,"Departamento en venta | Departamento En Venta En Santa Isabel Tola | pulppo | MXN | 3,153,688 | 2 recámaras | 1 baño | 77 m² construidos | Av. Acueducto De Guadalupe 511, Santa Isabel Tola, Gustavo A. Madero, Distrito Federal | Destacado"
,"MXN3,072,688",,,,,https://departamento.mercadolibre.com.mx/MLM-4995505478-departamento-en-venta-en-santa-isabel-tola-_JM#polycard_client=search-desktop&be_origin=backend&search_layout=grid&position=20&type=item&tracking_id=b069d6e6-29f1-4fac-93e7-6b12c2f5dc42&price_drop=not_apply,"Departamento en venta | Departamento En Venta En Santa Isabel Tola | pulppo | MXN | 3,072,688 | 2 recámaras | 1 baño | 76 m² construidos | Av. Acueducto De Guadalupe 511, Santa Isabel Tola, Gustavo A. Madero, Distrito Federal | Destacado"
,"MXN1,920,000",,,,,https://departamento.mercadolibre.com.mx/MLM-3829176052-departamentos-en-venta-en-aragon-_JM#polycard_client=search-desktop&be_origin=backend&search_layout=grid&position=21&type=item&tracking_id=b069d6e6-29f1-4fac-93e7-6b12c2f5dc42&price_drop=not_apply,"Departamento en venta | Departamentos En Venta En Aragón | MXN | 1,920,000 | 1 recámara | 1 baño | 40 m² construidos | San Juan De Aragón I Sección, Gustavo A. Madero, Distrito Federal | Destacado"
,"MXN3,620,000",,,,,https://departamento.mercadolibre.com.mx/MLM-2737583677-departamento-en-venta-en-lindavista-gustavo-a-madero-_JM#polycard_client=search-desktop&be_origin=backend&search_layout=grid&position=22&type=item&tracking_id=b069d6e6-29f1-4fac-93e7-6b12c2f5dc42&price_drop=not_apply,"Departamento en venta | Departamento En Venta En Lindavista, Gustavo A. Madero | MXN | 3,620,000 | 2 recámaras | 2 baños | 63 m² construidos | Insurgentes Nte., Ciudad De México, Colonia Lindavista Norte, Gustavo A. Madero, Distrito Federal | Destacado"
,"MXN78,000,000",,,,,https://inmueble.mercadolibre.com.mx/MLM-2576516229-bodega-en-venta-en-alcaldia-gustavo-a-madero-acueducto-de-guadalupe-_JM#polycard_client=search-desktop&be_origin=backend&search_layout=grid&position=23&type=item&tracking_id=b069d6e6-29f1-4fac-93e7-6b12c2f5dc42&price_drop=not_apply,"Bodega en venta | Bodega En Venta En Alcaldía Gustavo A Madero, Acueducto De Guadalupe | MXN | 78,000,000 | 4 baños | 2,300 m² construidos | De Los Rompeolas, Acueducto De Guadalupe, Ciudad De México, Acueducto De Guadalupe, Gustavo A. Madero, Distrito Federal | Destacado"
,"MXN105,000",,,,,https://inmueble.mercadolibre.com.mx/MLM-2814397363-oficina-en-renta-en-nueva-industrial-vallejo-gustavo-a-madero-cdmx-_JM#polycard_client=search-desktop&be_origin=backend&search_layout=grid&position=24&type=item&tracking_id=b069d6e6-29f1-4fac-93e7-6b12c2f5dc42&price_drop=not_apply,"Oficina en venta | Oficina En Renta En Nueva Industrial Vallejo, Gustavo A. Madero, Cdmx | MXN | 105,000 | 375 m² construidos | Nueva Industrial Vallejo, Gustavo A. Madero, Distrito Federal | Destacado"
,"MXN14,500,000",,,,,https://inmueble.mercadolibre.com.mx/MLM-4717199702-tepeyac-insurgentes-calle-union-venta-de-edificio-con-4-departamentos-_JM#polycard_client=search-desktop&be_origin=backend&search_layout=grid&position=25&type=item&tracking_id=b069d6e6-29f1-4fac-93e7-6b12c2f5dc42&price_drop=not_apply,"Edificio en venta | Tepeyac Insurgentes, Calle Unión, Venta De Edificio Con 4 Departamentos | MXN | 14,500,000 | 8 baños | 411 m² construidos | Unión 266, Tepeyac Insurgentes, Ciudad De México, CDMX, México, Tepeyac Insurgentes, Gustavo A. Madero, Distrito Federal | Destacado"
,"MXN3,650,000",,,,,https://departamento.mercadolibre.com.mx/MLM-2878058587-departamento-en-venta-con-excelente-iluminacion-natural-en-residencial-zacatenco-a-unos-pasos-de-plaza-vista-norte-y-con-facil-acceso-a-restaurantes-gimnasio-tiendas-y-supermercado-_JM#polycard_client=search-desktop&be_origin=backend&search_layout=grid&position=26&type=item&tracking_id=b069d6e6-29f1-4fac-93e7-6b12c2f5dc42&price_drop=not_apply,"Departamento en venta | Departamento En Venta Con Excelente Iluminación Natural En Residencial Zacatenco, A Unos Pasos De Plaza Vista Norte Y Con Fácil Acceso A Restaurantes, Gimnasio, Tiendas Y Supermercado. | MXN | 3,650,000 | 3 recámaras | 2 baños | 75 m² construidos | Av. Acueducto, Residencial Zacatenco, Ciudad De México, Residencial Zacatenco, Gustavo A. Madero, Distrito Federal | Destacado"
,"MXN5,200,000",,,,,https://casa.mercadolibre.com.mx/MLM-2881215145-venta-casa-en-campestre-aragon-_JM#polycard_client=search-desktop&be_origin=backend&search_layout=grid&position=27&type=item&tracking_id=b069d6e6-29f1-4fac-93e7-6b12c2f5dc42&price_drop=not_apply,"Casa en venta | Venta Casa En Campestre Aragón | MXN | 5,200,000 | 6 recámaras | 3 baños | 260 m² construidos | Campestre Aragón, Gustavo A. Madero, Distrito Federal | Destacado"
,"MXN17,000,000",,,,,https://inmueble.mercadolibre.com.mx/MLM-2881215021-venta-edificio-en-guadalupe-tepeyac-_JM#polycard_client=search-desktop&be_origin=backend&search_layout=grid&position=28&type=item&tracking_id=b069d6e6-29f1-4fac-93e7-6b12c2f5dc42&price_drop=not_apply,"Edificio en venta | Venta Edificio En Guadalupe Tepeyac | MXN | 17,000,000 | 768 m² construidos | Guadalupe Tepeyac, Gustavo A. Madero, Distrito Federal | Destacado"
,"MXN16,000,000",,,,,https://inmueble.mercadolibre.com.mx/MLM-2881176493-venta-salon-de-eventos-en-el-corazon-de-la-guadalupe-tepeyac-_JM#polycard_client=search-desktop&be_origin=backend&search_layout=grid&position=29&type=item&tracking_id=b069d6e6-29f1-4fac-93e7-6b12c2f5dc42&price_drop=not_apply,"Edificio en venta | Venta Salón De Eventos En El Corazón De La Guadalupe Tepeyac | MXN | 16,000,000 | 369 m² construidos | Guadalupe Tepeyac, Gustavo A. Madero, Distrito Federal | Destacado"
,"MXN8,850,000",,,,,https://terreno.mercadolibre.com.mx/MLM-5402162276-terreno-venta-en-guadalupe-insurgentes-cdmx-_JM#polycard_client=search-desktop&float_highlight=recent_publication&price_drop=not_apply&be_origin=backend&search_layout=grid&position=30&type=item&tracking_id=b069d6e6-29f1-4fac-93e7-6b12c2f5dc42,"PUBLICADO ESTA SEMANA | Terreno en venta | Terreno Venta En Guadalupe Insurgentes, Cdmx | MXN | 8,850,000 | 346 m² de terreno | Guadalupe Insurgentes, Gustavo A. Madero, Distrito Federal | Destacado"
,"MXN10,900,000",,,,,https://inmueble.mercadolibre.com.mx/MLM-5406939338-excelente-edificio-en-venta-col-gertrudis-sanchez-gustavo-a-madero-cdmx-_JM#polycard_client=search-desktop&float_highlight=recent_publication&price_drop=not_apply&be_origin=backend&search_layout=grid&position=31&type=item&tracking_id=b069d6e6-29f1-4fac-93e7-6b12c2f5dc42,"PUBLICADO ESTA SEMANA | Edificio en venta | Excelente Edificio En Venta Col. Gertrudis Sanchez, Gustavo A. Madero, Cdmx | MXN | 10,900,000 | 450 m² construidos | Gertrudis Sánchez 1a Sección, Gustavo A. Madero, Distrito Federal | Destacado"
,"MXN3,500,000",,,,,https://casa.mercadolibre.com.mx/MLM-2607898521-casa-en-venta-en-vallejo-gustavo-a-madero-_JM#polycard_client=search-desktop&be_origin=backend&search_layout=grid&position=32&type=item&tracking_id=b069d6e6-29f1-4fac-93e7-6b12c2f5dc42&price_drop=not_apply,"Casa en venta | Casa En Venta En Vallejo Gustavo A Madero | MXN | 3,500,000 | 2 recámaras | 2 baños | 81 m² construidos | C. Tetrazzini 292, Vallejo, Ciudad De México, Vallejo, Gustavo A. Madero, Distrito Federal | Destacado"
,"MXN1,302,875",,,,,https://departamento.mercadolibre.com.mx/MLM-2590771479-departamentos-en-preventa-cerca-de-la-raza-_JM#polycard_client=search-desktop&be_origin=backend&search_layout=grid&position=33&type=item&tracking_id=b069d6e6-29f1-4fac-93e7-6b12c2f5dc42&price_drop=not_apply,"Departamento en venta | Departamentos En Preventa Cerca De La Raza | MXN | 1,302,875 | 3 recámaras | 1 baño | 62 m² construidos | Borodin 3, Vallejo, Ciudad De México, Vallejo, Gustavo A. Madero, Distrito Federal | Destacado"
,"MXN6,200,000",,,,,https://casa.mercadolibre.com.mx/MLM-4458820946-casa-grande-y-bonita-a-unos-minutos-del-ipn-zacatenco-_JM#polycard_client=search-desktop&be_origin=backend&search_layout=grid&position=34&type=item&tracking_id=b069d6e6-29f1-4fac-93e7-6b12c2f5dc42&price_drop=not_apply,"Casa en venta | Casa Grande Y Bonita A Unos Minutos Del Ipn Zacatenco | MXN | 6,200,000 | 3 recámaras | 3 baños | 245 m² construidos | De La Arena 34, Acueducto De Guadalupe, Gustavo A. Madero, 07270 Ciudad De México, CDMX, Mexico, Residencial Acueducto De Guadalupe, Gustavo A. Madero, Distrito Federal | Destacado"
,"MXN1,198,750",,,,,https://departamento.mercadolibre.com.mx/MLM-2590807827-departamento-en-preventa-en-gam-con-recursos-propios-_JM#polycard_client=search-desktop&be_origin=backend&search_layout=grid&position=35&type=item&tracking_id=b069d6e6-29f1-4fac-93e7-6b12c2f5dc42&price_drop=not_apply,"Departamento en venta | Departamento En Preventa En Gam Con Recursos Propios | MXN | 1,198,750 | 2 recámaras | 1 baño | 54 m² construidos | Borodin 3, Vallejo, Ciudad De México, Vallejo, Gustavo A. Madero, Distrito Federal | Destacado"
,"MXN4,250,000",,,,,https://casa.mercadolibre.com.mx/MLM-4754184100-casa-para-remodelar-en-vallejo-gam-ideal-para-inversion-o-familia-_JM#polycard_client=search-desktop&be_origin=backend&search_layout=grid&position=36&type=item&tracking_id=b069d6e6-29f1-4fac-93e7-6b12c2f5dc42&price_drop=not_apply,"Casa en venta | Casa Para Remodelar En Vallejo Gam, Ideal Para Inversión O Familia | MXN | 4,250,000 | 4 recámaras | 4 baños | 178 m² construidos | Vallejo, Gustavo A. Madero, Distrito Federal | Destacado"
,"MXN8,250,000",,,,,https://casa.mercadolibre.com.mx/MLM-4507909748-venta-casa-3-ambientes-guadalupe-insurgentes-_JM#polycard_client=search-desktop&be_origin=backend&search_layout=grid&position=37&type=item&tracking_id=b069d6e6-29f1-4fac-93e7-6b12c2f5dc42&price_drop=not_apply,"Casa en venta | Venta Casa 3 Ambientes Guadalupe Insurgentes | IAD México | MXN | 8,250,000 | 3 recámaras | 2 baños | 281 m² construidos | SOTERO PRIETO, 58, Guadalupe Insurgentes, Gustavo A. Madero, Distrito Federal | Destacado"
,"MXN19,900,000",,,,,https://casa.mercadolibre.com.mx/MLM-2837308743-se-vende-residencia-en-colonia-lindavista-cdmx-_JM#polycard_client=search-desktop&be_origin=backend&search_layout=grid&position=38&type=item&tracking_id=b069d6e6-29f1-4fac-93e7-6b12c2f5dc42&price_drop=not_apply,"Casa en venta | Se Vende Residencia En Colonia Lindavista, Cdmx. | Access Real Estate | MXN | 19,900,000 | 4 recámaras | 3 baños | 585 m² construidos | Lindavista Sur, Gustavo A. Madero, Distrito Federal | Destacado"
,"MXN3,750,000",,,,,https://departamento.mercadolibre.com.mx/MLM-5400952432-pent-house-en-exclusivo-desarrollo-solo-6-departementos-listo-para-entrega-_JM#polycard_client=search-desktop&float_highlight=recent_publication&price_drop=false&be_origin=backend&search_layout=grid&position=39&type=item&tracking_id=b069d6e6-29f1-4fac-93e7-6b12c2f5dc42,"PUBLICADO ESTA SEMANA | Departamento en venta | Pent-house En Exclusivo Desarrollo, Solo 6 Departementos, Listo Para Entrega. | MXN | 3,750,000 | 2 recámaras | 2 baños | 118 m² construidos | Saul 56, Guadalupe Tepeyac, Ciudad De México, CDMX, México, Guadalupe Tepeyac, Gustavo A. Madero, Distrito Federal | Destacado"
,"MXN17,999,997",,,,,https://casa.mercadolibre.com.mx/MLM-2718542243-gran-inversion-casa-de-504-m2-de-construccion-con-plusvalia-garantizada-en-gustavo-a-madero-_JM#polycard_client=search-desktop&be_origin=backend&search_layout=grid&position=40&type=item&tracking_id=b069d6e6-29f1-4fac-93e7-6b12c2f5dc42&price_drop=not_apply,"Casa en venta | Gran Inversión!!!! Casa De 504 M2 De Construcción Con Plusvalía Garantizada En Gustavo A. Madero | MXN | 17,999,997 | 8 recámaras | 9 baños | 504 m² construidos | Martha 64, Guadalupe Tepeyac, Gustavo A. Madero, 07840 Ciudad De México, CDMX, Mexico, Guadalupe Tepeyac, Gustavo A. Madero, Distrito Federal | Destacado"
,"MXN6,199,994",,,,,https://casa.mercadolibre.com.mx/MLM-2722438487-tu-hogar-ideal-en-acueducto-de-guadalupe-ubicacion-premium-zona-escolar-y-centros-comerciales-_JM#polycard_client=search-desktop&be_origin=backend&search_layout=grid&position=41&type=item&tracking_id=b069d6e6-29f1-4fac-93e7-6b12c2f5dc42&price_drop=not_apply,"Casa en venta | Tu Hogar Ideal En Acueducto De Guadalupe: Ubicación Premium, Zona Escolar Y Centros Comerciales | MXN | 6,199,994 | 3 recámaras | 3 baños | 245 m² construidos | De La Arena 34, Acueducto De Guadalupe, Gustavo A. Madero, 07270 Ciudad De México, CDMX, Mexico, Residencial Acueducto De Guadalupe, Gustavo A. Madero, Distrito Federal | Destacado"
,"MXN1,992,500",,,,,https://departamento.mercadolibre.com.mx/MLM-5091433572-venta-departamento-luis-de-la-rosa-constitucion-de-la-republica-_JM#polycard_client=search-desktop&be_origin=backend&search_layout=grid&position=42&type=item&tracking_id=b069d6e6-29f1-4fac-93e7-6b12c2f5dc42&price_drop=not_apply,"Departamento en venta | Venta Departamento Luis De La Rosa, Constitución De La República | MXN | 1,992,500 | 2 recámaras | 1 baño | 51 m² construidos | Constitución De La República, Gustavo A. Madero, Distrito Federal | Destacado"
,"MXN4,350,000",,,,,https://casa.mercadolibre.com.mx/MLM-2843257117-venta-casa-4-ambientes-salvador-diaz-miron-_JM#polycard_client=search-desktop&be_origin=backend&search_layout=grid&position=43&type=item&tracking_id=b069d6e6-29f1-4fac-93e7-6b12c2f5dc42&price_drop=false,"Casa en venta | Venta Casa 4 Ambientes Salvador Díaz Mirón | IAD México | MXN | 4,350,000 | 4 recámaras | 3 baños | 226 m² construidos | Norte 74, 8041, Salvador Díaz Mirón, Gustavo A. Madero, Distrito Federal | Destacado"
,"MXN2,400,000",,,,,https://departamento.mercadolibre.com.mx/MLM-5368473650-departamento-en-venta-en-av-congreso-de-la-union-con-balcon-y-un-cajon-fijo-_JM#polycard_client=search-desktop&be_origin=backend&search_layout=grid&position=44&type=item&tracking_id=b069d6e6-29f1-4fac-93e7-6b12c2f5dc42&price_drop=not_apply,"Departamento en venta | Departamento En Venta En Av. Congreso De La Unión Con Balcón Y Un Cajón Fijo | MXN | 2,400,000 | 2 recámaras | 2 baños | 63 m² construidos | 7 De Noviembre, Gustavo A. Madero, Distrito Federal | Destacado"
,"MXN2,599,590",,,,,https://departamento.mercadolibre.com.mx/MLM-5080691562-venta-departamentos-guadalupe-tepeyac-gam-cdmx-_JM#polycard_client=search-desktop&be_origin=backend&search_layout=grid&position=45&type=item&tracking_id=b069d6e6-29f1-4fac-93e7-6b12c2f5dc42&price_drop=not_apply,"Departamento en venta | Venta Departamentos, Guadalupe Tepeyac, Gam, Cdmx | MXN | 2,599,590 | 2 recámaras | 2 baños | 40 m² construidos | Sara, Guadalupe Tepeyac, Ciudad De México, Guadalupe Tepeyac, Gustavo A. Madero, Distrito Federal | Destacado"
,"MXN1,800,000",,,,,https://departamento.mercadolibre.com.mx/MLM-2737846821-depto-en-colguadalupe-proletaria-gam-_JM#polycard_client=search-desktop&be_origin=backend&search_layout=grid&position=46&type=item&tracking_id=b069d6e6-29f1-4fac-93e7-6b12c2f5dc42&price_drop=not_apply,"Departamento en venta | Depto En Col.guadalupe Proletaria, Gam | MXN | 1,800,000 | 3 recámaras | 1 baño | 65 m² construidos | Guadalupe Proletaria, Gustavo A. Madero, Distrito Federal | Destacado"
,"MXN18,000,000",,,,,https://casa.mercadolibre.com.mx/MLM-2600972989-espectacular-casa-en-la-colonia-guadalupe-tepeyac-con-potencial-de-inversion-con-una-excelente-ubicacion-_JM#polycard_client=search-desktop&be_origin=backend&search_layout=grid&position=47&type=item&tracking_id=b069d6e6-29f1-4fac-93e7-6b12c2f5dc42&price_drop=not_apply,"Casa en venta | Espectacular Casa En La Colonia Guadalupe Tepeyac Con Potencial De Inversión Con Una Excelente Ubicación | MXN | 18,000,000 | 8 recámaras | 9 baños | 504 m² construidos | Martha 64, Guadalupe Tepeyac, Gustavo A. Madero, 07840 Ciudad De México, CDMX, Mexico, Guadalupe Tepeyac, Gustavo A. Madero, Distrito Federal | Destacado"
,"MXN5,000,000",,,,,https://casa.mercadolibre.com.mx/MLM-2722221837-gran-oportunidad-casa-en-aragon-duplex-con-uso-de-suelo-mixto-ideal-para-residencia-o-comercio-_JM#polycard_client=search-desktop&be_origin=backend&search_layout=grid&position=48&type=item&tracking_id=b069d6e6-29f1-4fac-93e7-6b12c2f5dc42&price_drop=not_apply,"Casa en venta | Gran Oportunidad! Casa En Aragón Duplex Con Uso De Suelo Mixto. Ideal Para Residencia O Comercio | MXN | 5,000,000 | 5 recámaras | 3 baños | 284 m² construidos | Nte. 70 6068, Aragón Inguarán, Ciudad De México, Aragón Inguaran, Gustavo A. Madero, Distrito Federal | Destacado"
,"MXN2,810,000",,,,,https://departamento.mercadolibre.com.mx/MLM-5192525738-departamento-64m2-balcon-2-recamaras-bodega-en-aragon-la-villa-_JM#polycard_client=search-desktop&be_origin=backend&search_layout=grid&position=1&type=item&tracking_id=ebc2eea0-0a11-49e7-8646-a866f52a1d27&price_drop=not_apply,"Departamento en venta | Departamento 64m2 Balcon 2 Recamaras Bodega En Aragon La Villa | MXN | 2,810,000 | 2 recámaras | 2 baños | 64 m² construidos | Aragón La Villa, Gustavo A. Madero, Distrito Federal | Destacado"
,"MXN8,750,000",,,,,https://casa.mercadolibre.com.mx/MLM-4679961070-casa-en-venta-a-3-calles-de-la-basilica-de-guadalupe-_JM#polycard_client=search-desktop&be_origin=backend&search_layout=grid&position=2&type=item&tracking_id=ebc2eea0-0a11-49e7-8646-a866f52a1d27&price_drop=not_apply,"Casa en venta | Casa En Venta A 3 Calles De La Basílica De Guadalupe | MXN | 8,750,000 | 4 recámaras | 2 baños | 254 m² construidos | Aragón La Villa, Gustavo A. Madero, Distrito Federal | Destacado"
,"MXN17,490,000",,,,,https://terreno.mercadolibre.com.mx/MLM-5286706662-lindavista-terreno-premium650m2-cconstruccion-vigilancia-_JM#polycard_client=search-desktop&be_origin=backend&search_layout=grid&position=3&type=item&tracking_id=ebc2eea0-0a11-49e7-8646-a866f52a1d27&price_drop=not_apply,"Terreno en venta | Lindavista Terreno Premium/650m2 C/construcción Vigilancia | MXN | 17,490,000 | 650 m² de terreno | Arequipa SN, Colonia Lindavista Norte, Gustavo A. Madero, Distrito Federal | Destacado"
,"MXN2,528,297",,,,,https://departamento.mercadolibre.com.mx/MLM-2874606383-departamento-en-venta-av-acueducto-de-guadalupe-511-santa-isabel-tola-_JM#polycard_client=search-desktop&be_origin=backend&search_layout=grid&position=4&type=item&tracking_id=ebc2eea0-0a11-49e7-8646-a866f52a1d27&price_drop=not_apply,"Departamento en venta | Departamento En Venta Av. Acueducto De Guadalupe 511, Santa Isabel Tola | MXN | 2,528,297 | 2 recámaras | 1 baño | 68 m² construidos | Santa Isabel Tola, Gustavo A. Madero, Distrito Federal | Destacado"
,"MXN2,450,000",,,,,https://departamento.mercadolibre.com.mx/MLM-5132127684-venta-departamento-2-ambientes-guadalupe-insurgentes-_JM#polycard_client=search-desktop&be_origin=backend&search_layout=grid&position=5&type=item&tracking_id=ebc2eea0-0a11-49e7-8646-a866f52a1d27&price_drop=not_apply,"Departamento en venta | Venta Departamento 2 Ambientes Guadalupe Insurgentes | IAD México | MXN | 2,450,000 | 2 recámaras | 1 baño | 50 m² construidos | Insurgentes Norte, 1249, Guadalupe Insurgentes, Gustavo A. Madero, Distrito Federal | Destacado"
,"MXN3,700,000",,,,,https://inmueble.mercadolibre.com.mx/MLM-5262373734-bodega-venta-suelo-industrial-buen-estado-en-gustavo-a-madero-cod-bgv284-_JM#polycard_client=search-desktop&be_origin=backend&search_layout=grid&position=6&type=item&tracking_id=ebc2eea0-0a11-49e7-8646-a866f52a1d27&price_drop=not_apply,"Bodega en venta | Bodega Venta, Suelo Industrial Buen Estado En Gustavo A Madero Cod. Bgv284 | MXN | 3,700,000 | 343 m² construidos | Zona Escolar, Gustavo A. Madero, Distrito Federal | Destacado"
,"MXN12,800,000",,,,,https://inmueble.mercadolibre.com.mx/MLM-5287389720-edificio-en-venta-en-calzada-de-guadalupe-_JM#polycard_client=search-desktop&be_origin=backend&search_layout=grid&position=7&type=item&tracking_id=ebc2eea0-0a11-49e7-8646-a866f52a1d27&price_drop=not_apply,"Edificio en venta | Edificio En Venta En Calzada De Guadalupe | MXN | 12,800,000 | 1 baño | 714 m² construidos | Calzada De Guadalupe 299, Guadalupe Tepeyac, Gustavo A. Madero, Distrito Federal | Destacado"
,"MXN2,770,368",,,,,https://departamento.mercadolibre.com.mx/MLM-5209618438-departamento-en-venta-av-acueducto-de-guadalupe-511-santa-isabel-tola-_JM#polycard_client=search-desktop&be_origin=backend&search_layout=grid&position=8&type=item&tracking_id=ebc2eea0-0a11-49e7-8646-a866f52a1d27&price_drop=not_apply,"Departamento en venta | Departamento En Venta Av. Acueducto De Guadalupe 511, Santa Isabel Tola | MXN | 2,770,368 | 2 recámaras | 1 baño | 76 m² construidos | Santa Isabel Tola, Gustavo A. Madero, Distrito Federal | Destacado"
,"MXN5,100,000",,,,,https://casa.mercadolibre.com.mx/MLM-2911667335-casa-en-venta-norte-90-gustavo-a-madero-_JM#polycard_client=search-desktop&be_origin=backend&search_layout=grid&position=9&type=item&tracking_id=ebc2eea0-0a11-49e7-8646-a866f52a1d27&price_drop=false,"Casa en venta | Casa En Venta Norte 90 Gustavo A. Madero | MXN | 5,100,000 | 3 recámaras | 1 baño | 206 m² construidos | NORTE 90, Gertrudis Sánchez 2a Sección, Gustavo A. Madero, Distrito Federal | Destacado"
,"MXN2,817,777",,,,,https://departamento.mercadolibre.com.mx/MLM-2874594591-departamento-en-venta-av-acueducto-de-guadalupe-511-santa-isabel-tola-_JM#polycard_client=search-desktop&be_origin=backend&search_layout=grid&position=10&type=item&tracking_id=ebc2eea0-0a11-49e7-8646-a866f52a1d27&price_drop=not_apply,"Departamento en venta | Departamento En Venta Av. Acueducto De Guadalupe 511, Santa Isabel Tola | MXN | 2,817,777 | 2 recámaras | 1 baño | 76 m² construidos | Santa Isabel Tola, Gustavo A. Madero, Distrito Federal | Destacado"
,"MXN124,000,000",,,,,https://inmueble.mercadolibre.com.mx/MLM-3652327814-venta-de-hospital-en-gustavo-a-madero-en-obra-negra-_JM#polycard_client=search-desktop&be_origin=backend&search_layout=grid&position=11&type=item&tracking_id=ebc2eea0-0a11-49e7-8646-a866f52a1d27&price_drop=not_apply,"Edificio en venta | Venta De Hospital En Gustavo A. Madero En Obra Negra | MXN | 124,000,000 | 20 baños | 7,860 m² construidos | Honorable Congreso De La Unión 5737, Granjas Modernas, Ciudad De México, Granjas Modernas, Gustavo A. Madero, Distrito Federal | Destacado"
,"MXN1,663,000",,,,,https://departamento.mercadolibre.com.mx/MLM-4975301440-departamento-en-venta-joyas-vallejo-galaxias-unidad-c-se-acepta-credito-infonavit-credito-bancario-y-efectivo-informes-55-8642-76048-_JM#polycard_client=search-desktop&be_origin=backend&search_layout=grid&position=12&type=item&tracking_id=ebc2eea0-0a11-49e7-8646-a866f52a1d27&price_drop=not_apply,"Departamento en venta | Departamento En Venta Joyas Vallejo Galaxias Unidad C , Se Acepta Crédito Infonavit, Crédito Bancario Y Efectivo, Informes 55 8642 76048 | MXN | 1,663,000 | 2 recámaras | 1 baño | 60 m² construidos | Vallejo, Mexico City, Vallejo, Gustavo A. Madero, Distrito Federal | Destacado"
,"MXN3,008,396",,,,,https://departamento.mercadolibre.com.mx/MLM-5209618458-departamento-en-venta-av-acueducto-de-guadalupe-511-santa-isabel-tola-_JM#polycard_client=search-desktop&be_origin=backend&search_layout=grid&position=13&type=item&tracking_id=ebc2eea0-0a11-49e7-8646-a866f52a1d27&price_drop=not_apply,"Departamento en venta | Departamento En Venta Av. Acueducto De Guadalupe 511, Santa Isabel Tola | MXN | 3,008,396 | 2 recámaras | 1 baño | 74 m² construidos | Santa Isabel Tola, Gustavo A. Madero, Distrito Federal | Destacado"
,"MXN2,635,884",,,,,https://departamento.mercadolibre.com.mx/MLM-5209618442-departamento-en-venta-av-acueducto-de-guadalupe-511-santa-isabel-tola-_JM#polycard_client=search-desktop&be_origin=backend&search_layout=grid&position=14&type=item&tracking_id=ebc2eea0-0a11-49e7-8646-a866f52a1d27&price_drop=not_apply,"Departamento en venta | Departamento En Venta Av. Acueducto De Guadalupe 511, Santa Isabel Tola | MXN | 2,635,884 | 2 recámaras | 1 baño | 70 m² construidos | Santa Isabel Tola, Gustavo A. Madero, Distrito Federal | Destacado"
,"MXN2,844,360",,,,,https://departamento.mercadolibre.com.mx/MLM-2874535707-departamento-en-venta-av-acueducto-de-guadalupe-511-santa-isabel-tola-_JM#polycard_client=search-desktop&be_origin=backend&search_layout=grid&position=15&type=item&tracking_id=ebc2eea0-0a11-49e7-8646-a866f52a1d27&price_drop=not_apply,"Departamento en venta | Departamento En Venta Av. Acueducto De Guadalupe 511, Santa Isabel Tola | MXN | 2,844,360 | 2 recámaras | 1 baño | 74 m² construidos | Santa Isabel Tola, Gustavo A. Madero, Distrito Federal | Destacado"
,"MXN2,176,000",,,,,https://departamento.mercadolibre.com.mx/MLM-2689310789-preventa-de-departamentos-en-acueducto-ticoman-cdmx-_JM#polycard_client=search-desktop&be_origin=backend&search_layout=grid&position=16&type=item&tracking_id=ebc2eea0-0a11-49e7-8646-a866f52a1d27&price_drop=not_apply,"Departamento en venta | Preventa De Departamentos En Acueducto, Ticomán, Cdmx | MXN | 2,176,000 | 2 recámaras | 1 baño | 50 m² construidos | Av. Acueducto 835, Candelaria Ticoman, Ciudad De México, Ticoman, Gustavo A. Madero, Distrito Federal | Destacado"
,"MXN2,895,000",,,,,https://departamento.mercadolibre.com.mx/MLM-2907464873-departamento-en-venta-col-bondojito-_JM#polycard_client=search-desktop&be_origin=backend&search_layout=grid&position=17&type=item&tracking_id=ebc2eea0-0a11-49e7-8646-a866f52a1d27&price_drop=not_apply,"Departamento en venta | Departamento En Venta Col. Bondojito | MXN | 2,895,000 | 2 recámaras | 2 baños | 60 m² construidos | Ote. 107 3370, Bondojito, Ciudad De México, Bondojito, Gustavo A. Madero, Distrito Federal | Destacado"
,"MXN1,748,500",,,,,https://departamento.mercadolibre.com.mx/MLM-2718608817-departamento-en-venta-en-unidad-habitacional-_JM#polycard_client=search-desktop&be_origin=backend&search_layout=grid&position=18&type=item&tracking_id=ebc2eea0-0a11-49e7-8646-a866f52a1d27&price_drop=not_apply,"Departamento en venta | Departamento En Venta En Unidad Habitacional | MXN | 1,748,500 | 2 recámaras | 1 baño | 60 m² construidos | Santa Rosa, Gustavo A. Madero, Distrito Federal | Destacado"
,"MXN4,495,000",,,,,https://casa.mercadolibre.com.mx/MLM-5402893598-bonita-y-comoda-casa-en-loma-de-la-palma-_JM#polycard_client=search-desktop&float_highlight=recent_publication&price_drop=not_apply&be_origin=backend&search_layout=grid&position=19&type=item&tracking_id=ebc2eea0-0a11-49e7-8646-a866f52a1d27,"PUBLICADO ESTA SEMANA | Casa en venta | Bonita Y Comoda Casa En Loma De La Palma | MXN | 4,495,000 | 6 recámaras | 3 baños | 200 m² construidos | Puerto Mazatlan, Loma La Palma, Ciudad De México, Loma La Palma, Gustavo A. Madero, Distrito Federal | Destacado"
,"MXN8,976,900",,,,,https://casa.mercadolibre.com.mx/MLM-4991290662-casa-en-venta-colonia-lindavista-norte-_JM#polycard_client=search-desktop&be_origin=backend&search_layout=grid&position=20&type=item&tracking_id=ebc2eea0-0a11-49e7-8646-a866f52a1d27&price_drop=not_apply,"Casa en venta | Casa En Venta, Colonia Lindavista Norte | MXN | 8,976,900 | 3 recámaras | 2 baños | 397 m² construidos | Ambato, Lindavista Nte., Ciudad De México, Colonia Lindavista Norte, Gustavo A. Madero, Distrito Federal | Destacado"
,"MXN20,000,000",,,,,https://inmueble.mercadolibre.com.mx/MLM-4957412058-edificio-en-venta-lindavista-cdmx-_JM#polycard_client=search-desktop&be_origin=backend&search_layout=grid&position=21&type=item&tracking_id=ebc2eea0-0a11-49e7-8646-a866f52a1d27&price_drop=not_apply,"Edificio en venta | Edificio En Venta Lindavista Cdmx | MXN | 20,000,000 | 390 m² construidos | Lindavista Norte, Gustavo A. Madero, Distrito Federal | Destacado"
,"MXN2,300,000",,,,,https://departamento.mercadolibre.com.mx/MLM-2909232565-se-vende-departamento-en-martin-carrera-_JM#polycard_client=search-desktop&be_origin=backend&search_layout=grid&position=22&type=item&tracking_id=ebc2eea0-0a11-49e7-8646-a866f52a1d27&price_drop=not_apply,"Departamento en venta | Se Vende Departamento En Martín Carrera | MXN | 2,300,000 | 2 recámaras | 2 baños | 60 m² construidos | Miguel Miramont 149, Martín Carrera, Gustavo A. Madero, Distrito Federal | Destacado"
,"MXN1,663,000",,,,,https://departamento.mercadolibre.com.mx/MLM-4578855442-departamento-en-venta-en-joyas-vallejo-_JM#polycard_client=search-desktop&be_origin=backend&search_layout=grid&position=23&type=item&tracking_id=ebc2eea0-0a11-49e7-8646-a866f52a1d27&price_drop=not_apply,"Departamento en venta | Departamento En Venta En Joyas Vallejo | MXN | 1,663,000 | 2 recámaras | 1 baño | 60 m² construidos | Cam. San Juan Ixtacala 59, Santa Rosa, Ciudad De México, Santa Rosa, Gustavo A. Madero, Distrito Federal | Destacado"
,"MXN2,040,000",,,,,https://departamento.mercadolibre.com.mx/MLM-2845705061-departamento-en-venta-49m2-en-2do-piso-col-santiago-atzacoalco-gam-cdmx-_JM#polycard_client=search-desktop&be_origin=backend&search_layout=grid&position=24&type=item&tracking_id=ebc2eea0-0a11-49e7-8646-a866f52a1d27&price_drop=not_apply,"Departamento en venta | Departamento En Venta 49m2, En 2do Piso, Col. Santiago Atzacoalco, Gam, Cdmx | MXN | 2,040,000 | 2 recámaras | 1 baño | 49 m² construidos | Av. Centenario 1966, Pueblo De Santiago Atzacoalco, Ciudad De México, Atzacoalco, Gustavo A. Madero, Distrito Federal | Destacado"
,"MXN8,850,000",,,,,https://casa.mercadolibre.com.mx/MLM-2720617931-excelente-casa-en-venta-guadalupe-insurgentes-_JM#polycard_client=search-desktop&be_origin=backend&search_layout=grid&position=25&type=item&tracking_id=ebc2eea0-0a11-49e7-8646-a866f52a1d27&price_drop=not_apply,"Casa en venta | Excelente Casa En Venta - Guadalupe Insurgentes | MXN | 8,850,000 | 4 recámaras | 3 baños | 417 m² construidos | Ing. Roberto Gayol 121, Guadalupe Insurgentes, Ciudad De México, Guadalupe Insurgentes, Gustavo A. Madero, Distrito Federal | Destacado"
,"MXN8,400,000",,,,,https://inmueble.mercadolibre.com.mx/MLM-4443049266-edificio-comercial-av-100-metros-gustavo-a-madero-_JM#polycard_client=search-desktop&be_origin=backend&search_layout=grid&position=26&type=item&tracking_id=ebc2eea0-0a11-49e7-8646-a866f52a1d27&price_drop=not_apply,"Edificio en venta | Edificio Comercial Av 100 Metros Gustavo A Madero | MXN | 8,400,000 | 369 m² construidos | San Bartolo Atepehuacan, Gustavo A. Madero, Distrito Federal | Destacado"
,"MXN2,604,000",,,,,https://departamento.mercadolibre.com.mx/MLM-5376895950-departamento-en-venta-en-guadaluope-victoria-ll-gustavo-a-madero-se-acepta-infonavit-bancario-y-efectivo-_JM#polycard_client=search-desktop&float_highlight=recent_publication&price_drop=not_apply&be_origin=backend&search_layout=grid&position=27&type=item&tracking_id=ebc2eea0-0a11-49e7-8646-a866f52a1d27,"PUBLICADO ESTA SEMANA | Departamento en venta | Departamento En Venta En Guadaluope Victoria Ll. Gustavo A Madero, Se Acepta Infonavit, Bancario Y Efectivo | MXN | 2,604,000 | 2 recámaras | 1 baño | 66 m² construidos | Gustavo A. Madero, Mexico City, Guadalupe Victoria, Gustavo A. Madero, Distrito Federal | Destacado"
,"MXN4,300,000",,,,,https://terreno.mercadolibre.com.mx/MLM-2874371767-terreno-en-venta-uso-mixto-cerca-metrobus-cuitlahuac-_JM#polycard_client=search-desktop&be_origin=backend&search_layout=grid&position=28&type=item&tracking_id=ebc2eea0-0a11-49e7-8646-a866f52a1d27&price_drop=not_apply,"Terreno en venta | Terreno En Venta Uso Mixto Cerca Metrobús Cuitlahuac | MXN | 4,300,000 | 194 m² de terreno | Nte. 11, Defensores De La República, Ciudad De México, Defensores De La República, Gustavo A. Madero, Distrito Federal | Destacado"
,"MXN9,800,000",,,,,https://inmueble.mercadolibre.com.mx/MLM-2810019157-bodega-en-venta-_JM#polycard_client=search-desktop&be_origin=backend&search_layout=grid&position=29&type=item&tracking_id=ebc2eea0-0a11-49e7-8646-a866f52a1d27&price_drop=not_apply,"Bodega en venta | Bodega En Venta | MXN | 9,800,000 | 2 baños | 150 m² construidos | Mendelssohn 162, Vallejo, Ciudad De México, Vallejo, Gustavo A. Madero, Distrito Federal | Destacado"
,"MXN785,000",,,,,https://departamento.mercadolibre.com.mx/MLM-2943511729-departamentos-del-invi-en-la-gustavo-a-madero-cdmx-_JM#polycard_client=search-desktop&be_origin=backend&search_layout=grid&position=30&type=item&tracking_id=ebc2eea0-0a11-49e7-8646-a866f52a1d27&price_drop=not_apply,"Departamento en venta | Departamentos Del Invi En La Gustavo A. Madero Cdmx. | MXN | 785,000 | 2 recámaras | 1 baño | 60 m² construidos | Sara 4625, Colonia, Guadalupe Tepeyac, Ciudad De México, Guadalupe Tepeyac, Gustavo A. Madero, Distrito Federal | Destacado"
,"MXN994,000",,,,,https://inmueble.mercadolibre.com.mx/MLM-5178249454-edificio-en-renta-en-lindavista-gustavo-a-madero-cdmx-_JM#polycard_client=search-desktop&be_origin=backend&search_layout=grid&position=31&type=item&tracking_id=ebc2eea0-0a11-49e7-8646-a866f52a1d27&price_drop=not_apply,"Edificio en venta | Edificio En Renta En Lindavista, Gustavo A. Madero, Cdmx. | MXN | 994,000 | 2,840 m² construidos | Lindavista Norte, Gustavo A. Madero, Distrito Federal | Destacado"
,"MXN1,890,000",,,,,https://departamento.mercadolibre.com.mx/MLM-5236047994-bonito-departamento-de-2-recamaras-en-col-san-juan-de-aragon-_JM#polycard_client=search-desktop&be_origin=backend&search_layout=grid&position=32&type=item&tracking_id=ebc2eea0-0a11-49e7-8646-a866f52a1d27&price_drop=not_apply,"Departamento en venta | Bonito Departamento De 2 Recámaras En Col. San Juan De Aragón | MXN | 1,890,000 | 2 recámaras | 1 baño | 60 m² construidos | DM Nacional, Gustavo A. Madero, Distrito Federal | Destacado"
,"MXN12,600,000",,,,,https://inmueble.mercadolibre.com.mx/MLM-2862306345-excelente-edificio-de-oficinas-con-gran-potencial-para-desarrollar-uso-mixto-a-una-calle-de-vallejo-colonia-santa-rosa-_JM#polycard_client=search-desktop&be_origin=backend&search_layout=grid&position=33&type=item&tracking_id=ebc2eea0-0a11-49e7-8646-a866f52a1d27&price_drop=not_apply,"Edificio en venta | Excelente Edificio De Oficinas Con Gran Potencial Para Desarrollar Uso Mixto A Una Calle De Vallejo, Colonia Santa Rosa | MXN | 12,600,000 | 3 baños | 500 m² construidos | Excelente Edificio De Oficinas Con Gran Potencial Para Desarrollar Uso Mixto A Una Calle De Vallejo, Colonia Santa Rosa, Gustavo A. Madero, Distrito Federal | Destacado"
,"MXN6,590,000",,,,,https://casa.mercadolibre.com.mx/MLM-2937241455-casa-en-venta-en-residencial-acueducto-de-guadalupe-_JM#polycard_client=search-desktop&be_origin=backend&search_layout=grid&position=34&type=item&tracking_id=ebc2eea0-0a11-49e7-8646-a866f52a1d27&price_drop=not_apply,"Casa en venta | Casa En Venta En Residencial Acueducto De Guadalupe | MXN | 6,590,000 | 4 recámaras | 4 baños | 336 m² construidos | Residencial Acueducto De Guadalupe, Gustavo A. Madero, Distrito Federal | Destacado"
,"MXN850,000",,,,,https://departamento.mercadolibre.com.mx/MLM-2933131665-vivienda-de-interes-social-preventa-vallejo-gustavo-a-madero-_JM#polycard_client=search-desktop&be_origin=backend&search_layout=grid&position=35&type=item&tracking_id=ebc2eea0-0a11-49e7-8646-a866f52a1d27&price_drop=not_apply,"Departamento en venta | Vivienda De Interes Social, Preventa, Vallejo. Gustavo A. Madero | MXN | 850,000 | 3 recámaras | 1 baño | 63 m² construidos | Abundio Martínez, Vallejo, Ciudad De México, Vallejo, Gustavo A. Madero, Distrito Federal | Destacado"
,"MXN3,650,000",,,,,https://departamento.mercadolibre.com.mx/MLM-2483998391-en-venta-de-hermoso-departamento-_JM#polycard_client=search-desktop&be_origin=backend&search_layout=grid&position=36&type=item&tracking_id=ebc2eea0-0a11-49e7-8646-a866f52a1d27&price_drop=not_apply,"Departamento en venta | En Venta De Hermoso Departamento | MXN | 3,650,000 | 3 recámaras | 2 baños | 110 m² construidos | San Bartolo Atepehuacan, Mexico City, San Bartolo Atepehuacan, Gustavo A. Madero, Distrito Federal | Destacado"
,"MXN3,650,000",,,,,https://departamento.mercadolibre.com.mx/MLM-4833782240-departamento-en-venta-en-gustavo-a-madero-_JM#polycard_client=search-desktop&be_origin=backend&search_layout=grid&position=37&type=item&tracking_id=ebc2eea0-0a11-49e7-8646-a866f52a1d27&price_drop=not_apply,"Departamento en venta | Departamento En Venta En Gustavo A. Madero | MXN | 3,650,000 | 3 recámaras | 1 baño | 110 m² construidos | Huahuete  SN, Gustavo A. Madero, Distrito Federal | Destacado"
,"MXN5,900,000",,,,,https://casa.mercadolibre.com.mx/MLM-2940999661-casa-en-esquina-216-m-con-uso-de-suelo-mixto-y-3-departamentos-en-la-joya-gusta-_JM#polycard_client=search-desktop&be_origin=backend&search_layout=grid&position=38&type=item&tracking_id=ebc2eea0-0a11-49e7-8646-a866f52a1d27&price_drop=not_apply,"Casa en venta | Casa En Esquina 216 M² Con Uso De Suelo Mixto Y 3 Departamentos En La Joya Gusta | MXN | 5,900,000 | 6 recámaras | 3 baños | 367 m² construidos | La Joya, Gustavo A. Madero, Distrito Federal | Destacado"
,"MXN2,990,000",,,,,https://casa.mercadolibre.com.mx/MLM-5290375410-casa-para-inversion-cuenta-con-5-departamentos-en-gustavo-a-madero-_JM#polycard_client=search-desktop&be_origin=backend&search_layout=grid&position=39&type=item&tracking_id=ebc2eea0-0a11-49e7-8646-a866f52a1d27&price_drop=not_apply,"Casa en venta | Casa Para Inversión , Cuenta Con 5 Departamentos. En Gustavo A Madero | MXN | 2,990,000 | 5 recámaras | 2 baños | 257 m² construidos | Nicandro Castillo, Juventino Rosas, Ciudad De México, Arboledas De Cuautepec El Alto, Gustavo A. Madero, Distrito Federal | Destacado"
,"MXN8,800,000",,,,,https://casa.mercadolibre.com.mx/MLM-5385337188-hermosa-casa-a-la-venta-en-lindavista-norte-bastante-amplia-comoda-e-iluminada-_JM#polycard_client=search-desktop&float_highlight=recent_publication&price_drop=not_apply&be_origin=backend&search_layout=grid&position=40&type=item&tracking_id=ebc2eea0-0a11-49e7-8646-a866f52a1d27,"PUBLICADO ESTA SEMANA | Casa en venta | Hermosa Casa A La Venta En Lindavista Norte, Bastante Amplia, Cómoda E Iluminada | MXN | 8,800,000 | 3 recámaras | 3 baños | 240 m² construidos | Lindavista Nte., Mexico City, Colonia Lindavista Norte, Gustavo A. Madero, Distrito Federal | Destacado"
,"MXN3,300,000",,,,,https://casa.mercadolibre.com.mx/MLM-4693932672-casa-en-esquina-ideal-para-negocio-y-vivienda-_JM#polycard_client=search-desktop&be_origin=backend&search_layout=grid&position=41&type=item&tracking_id=ebc2eea0-0a11-49e7-8646-a866f52a1d27&price_drop=not_apply,"Casa en venta | Casa En Esquina Ideal Para Negocio Y Vivienda | MXN | 3,300,000 | 4 recámaras | 2 baños | 120 m² construidos | Puerto Mazatlan, Loma La Palma, Ciudad De México, Loma De La Palma, Gustavo A. Madero, Distrito Federal | Destacado"
,"MXN20,800,000",,,,,https://casa.mercadolibre.com.mx/MLM-4955454240-casa-de-6-recamaras-en-venta-en-torres-lindavista-a-5-min-de-metro-politecnico-_JM#polycard_client=search-desktop&be_origin=backend&search_layout=grid&position=42&type=item&tracking_id=ebc2eea0-0a11-49e7-8646-a866f52a1d27&price_drop=not_apply,"Casa en venta | Casa De 6 Recámaras En Venta En Torres Lindavista A 5 Min De Metro Politécnico | MXN | 20,800,000 | 6 recámaras | 7 baños | 550 m² construidos | Jovellanos 45, Torres Lindavista, Ciudad De México, Torres Lindavista, Gustavo A. Madero, Distrito Federal | Destacado"
,"MXN3,460,000",,,,,https://departamento.mercadolibre.com.mx/MLM-4961019566-departamento-a-estrenar-en-colonia-guadalupe-insurgentes-_JM#polycard_client=search-desktop&be_origin=backend&search_layout=grid&position=43&type=item&tracking_id=ebc2eea0-0a11-49e7-8646-a866f52a1d27&price_drop=not_apply,"Departamento en venta | Departamento A Estrenar En Colonia Guadalupe Insurgentes | MXN | 3,460,000 | 2 recámaras | 1 baño | 50 m² construidos | Ing. Braulio Martínez  #x, Guadalupe Insurgentes, Gustavo A. Madero, Distrito Federal | Destacado"
,"MXN8,950,000",,,,,https://inmueble.mercadolibre.com.mx/MLM-2613483515-edificio-en-venta-en-gustavo-a-madero-col-estrella-_JM#polycard_client=search-desktop&be_origin=backend&search_layout=grid&position=44&type=item&tracking_id=ebc2eea0-0a11-49e7-8646-a866f52a1d27&price_drop=not_apply,"Edificio en venta | Edificio En Venta En Gustavo A Madero, Col. Estrella | MXN | 8,950,000 | 6 baños | 350 m² construidos | C. Granate, Col. Estrella, Ciudad De México, Estrella, Gustavo A. Madero, Distrito Federal | Destacado"
,"MXN3,300,000",,,,,https://departamento.mercadolibre.com.mx/MLM-4738938096-departamento-en-venta-en-terrazas-lindavista-_JM#polycard_client=search-desktop&be_origin=backend&search_layout=grid&position=45&type=item&tracking_id=ebc2eea0-0a11-49e7-8646-a866f52a1d27&price_drop=false,"Departamento en venta | Departamento En Venta En Terrazas Lindavista | MXN | 3,300,000 | 2 recámaras | 2 baños | 67 m² construidos | Terrazas Lindavista, Eje Central Lázaro Cárdenas 1040, Nueva Industrial Vallejo, Ciudad De México, Nueva Industrial Vallejo, Gustavo A. Madero, Distrito Federal | Destacado"
,"MXN2,550,000",,,,,https://departamento.mercadolibre.com.mx/MLM-2897773395-departamento-en-venta-en-capultitlan-gustavo-a-madero-cdmx-_JM#polycard_client=search-desktop&be_origin=backend&search_layout=grid&position=46&type=item&tracking_id=ebc2eea0-0a11-49e7-8646-a866f52a1d27&price_drop=not_apply,"Departamento en venta | Departamento En Venta En Capultitlán, Gustavo A. Madero, Cdmx | MXN | 2,550,000 | 2 recámaras | 2 baños | 58 m² construidos | Capultitlan, Mexico City, Capultitlán, Gustavo A. Madero, Distrito Federal | Destacado"
,"MXN6,900,000",,,,,https://casa.mercadolibre.com.mx/MLM-2952545245-casa-bonita-recien-remodelada-en-zona-de-lindavista-_JM#polycard_client=search-desktop&float_highlight=recent_publication&price_drop=not_apply&be_origin=backend&search_layout=grid&position=47&type=item&tracking_id=ebc2eea0-0a11-49e7-8646-a866f52a1d27,"PUBLICADO ESTA SEMANA | Casa en venta | Casa Bonita Recién Remodelada En Zona De Lindavista | MXN | 6,900,000 | 2 recámaras | 2 baños | 173 m² construidos | Corumbá 300 - 600, Valle Del Tepeyac, Ciudad De México, Valle Del Tepeyac, Gustavo A. Madero, Distrito Federal | Destacado"
,"MXN4,200,000",,,,,https://casa.mercadolibre.com.mx/MLM-4535016290-casa-en-venta-en-san-juan-de-aragon-_JM#polycard_client=search-desktop&be_origin=backend&search_layout=grid&position=48&type=item&tracking_id=ebc2eea0-0a11-49e7-8646-a866f52a1d27&price_drop=not_apply,"Casa en venta | Casa En Venta En San Juan De Aragón | MXN | 4,200,000 | 4 recámaras | 3 baños | 323 m² construidos | Ignacio Zaragoza, Pueblo De San Juan De Aragón, Ciudad De México, San Juan De Aragón, Gustavo A. Madero, Distrito Federal | Destacado"
,"MXN3,800,000",,,,,https://casa.mercadolibre.com.mx/MLM-5357496606-casa-san-juan-de-aragon-gustavo-a-madero-_JM#polycard_client=search-desktop&be_origin=backend&search_layout=grid&position=1&type=item&tracking_id=77295041-1a4a-480a-a5f4-5b32b7293557&price_drop=not_apply,"Casa en venta | Casa San Juan De Aragon, Gustavo A Madero | MXN | 3,800,000 | 5 recámaras | 3 baños | 300 m² construidos | San Juan De Aragón IV Sección, Gustavo A. Madero, Distrito Federal | Destacado"
,"MXN1,450,000",,,,,https://departamento.mercadolibre.com.mx/MLM-5366186000-departamento-en-venta-dm-nacional-_JM#polycard_client=search-desktop&be_origin=backend&search_layout=grid&position=2&type=item&tracking_id=77295041-1a4a-480a-a5f4-5b32b7293557&price_drop=not_apply,"Departamento en venta | Departamento En Venta Dm Nacional | MXN | 1,450,000 | 2 recámaras | 1 baño | 56 m² construidos | Otro Sin Referencia 30, DM Nacional, José María Morelos Y Pavón II, Gustavo A. Madero, 07450 Ciudad De México, CDMX, Mexico, DM Nacional, Gustavo A. Madero, Distrito Federal | Destacado"
,"MXN1,990,000",,,,,https://departamento.mercadolibre.com.mx/MLM-5246081432-departamentos-en-ventaentrega-inmediata-vallejo-gam-cdmx-_JM#polycard_client=search-desktop&be_origin=backend&search_layout=grid&position=3&type=item&tracking_id=77295041-1a4a-480a-a5f4-5b32b7293557&price_drop=not_apply,"Departamento en venta | Departamentos En Venta_entrega Inmediata / Vallejo - Gam, Cdmx | MXN | 1,990,000 | 2 recámaras | 1 baño | 50 m² construidos | Vallejo, Gustavo A. Madero, Distrito Federal | Destacado"
,"MXN1,698,000",,,,,https://inmueble.mercadolibre.com.mx/MLM-2237352649-local-comercial-a-media-cuadra-de-av-principal-_JM#polycard_client=search-desktop&be_origin=backend&search_layout=grid&position=4&type=item&tracking_id=77295041-1a4a-480a-a5f4-5b32b7293557&price_drop=not_apply,"Local comercial en venta | Local  Comercial A Media Cuadra  De Av. Principal | MXN | 1,698,000 | 1 baño | 68 m² construidos | 7 De Noviembre, Gustavo A. Madero, Distrito Federal | Destacado"
,"MXN8,800,000",,,,,https://casa.mercadolibre.com.mx/MLM-4608642760-casa-en-venta-en-lindavista-norte-_JM#polycard_client=search-desktop&be_origin=backend&search_layout=grid&position=5&type=item&tracking_id=77295041-1a4a-480a-a5f4-5b32b7293557&price_drop=not_apply,"Casa en venta | Casa En Venta En Lindavista Norte | MXN | 8,800,000 | 3 recámaras | 4 baños | 225 m² construidos | Pujato SN, Lindavista Norte, Gustavo A. Madero, Distrito Federal | Destacado"
,"MXN9,000,000",,,,,https://casa.mercadolibre.com.mx/MLM-4754146260-casa-en-venta-en-lindavista-_JM#polycard_client=search-desktop&be_origin=backend&search_layout=grid&position=6&type=item&tracking_id=77295041-1a4a-480a-a5f4-5b32b7293557&price_drop=not_apply,"Casa en venta | Casa En Venta En Lindavista | MXN | 9,000,000 | 4 recámaras | 4 baños | 337 m² construidos | Salaverry 899, Lindavista Nte., Ciudad De México, Colonia Lindavista Norte, Gustavo A. Madero, Distrito Federal | Destacado"
,"MXN1,754,000",,,,,https://departamento.mercadolibre.com.mx/MLM-5194306838-departamento-en-venta-en-martin-carrera-a-calles-de-parque-tepeyac-_JM#polycard_client=search-desktop&be_origin=backend&search_layout=grid&position=7&type=item&tracking_id=77295041-1a4a-480a-a5f4-5b32b7293557&price_drop=not_apply,"Departamento en venta | Departamento En Venta En Martin Carrera A Calles De Parque Tepeyac | MXN | 1,754,000 | 3 recámaras | 1 baño | 60 m² construidos | Martín Carrera, Mexico City, Martín Carrera, Gustavo A. Madero, Distrito Federal | Destacado"
,"MXN1,500,000",,,,,https://departamento.mercadolibre.com.mx/MLM-2935099989-hermoso-departamento-saliendo-de-metro-potrero-cm-_JM#polycard_client=search-desktop&be_origin=backend&search_layout=grid&position=8&type=item&tracking_id=77295041-1a4a-480a-a5f4-5b32b7293557&price_drop=not_apply,"Departamento en venta | Hermoso Departamento Saliendo De Metro Potrero Cm | MXN | 1,500,000 | 2 recámaras | 1 baño | 61 m² construidos | Insurgentes Nte. 1190, Capultitlan, Ciudad De México, Capultitlán, Gustavo A. Madero, Distrito Federal | Destacado"
,"MXN7,700,000",,,,,https://casa.mercadolibre.com.mx/MLM-2894400845-valle-del-tepeyac-amplia-casa-en-venta-_JM#polycard_client=search-desktop&be_origin=backend&search_layout=grid&position=9&type=item&tracking_id=77295041-1a4a-480a-a5f4-5b32b7293557&price_drop=not_apply,"Casa en venta | Valle Del Tepeyac, Amplia Casa En Venta | MXN | 7,700,000 | 3 recámaras | 2 baños | 240 m² construidos | Valle Del Tepeyac, Gustavo A. Madero, Distrito Federal | Destacado"
,"MXN5,477,700",,,,,https://departamento.mercadolibre.com.mx/MLM-4647496996-departamento-en-venta-en-insurgentes-norte-magdalena-de-las-salinas-_JM#polycard_client=search-desktop&be_origin=backend&search_layout=grid&position=10&type=item&tracking_id=77295041-1a4a-480a-a5f4-5b32b7293557&price_drop=not_apply,"Departamento en venta | Departamento En  Venta En Insurgentes Norte, Magdalena De Las Salinas | MXN | 5,477,700 | 2 recámaras | 2 baños | 75 m² construidos | Insurgentes Norte 1346, Magdalena De Las Salinas, Gustavo A. Madero, Distrito Federal | Tour virtual | Destacado"
,"MXN15,300,000",,,,,https://inmueble.mercadolibre.com.mx/MLM-2797880485-bodega-comercial-en-esquina-ideal-para-desarrollo-habitacional-o-comercial-_JM#polycard_client=search-desktop&be_origin=backend&search_layout=grid&position=11&type=item&tracking_id=77295041-1a4a-480a-a5f4-5b32b7293557&price_drop=not_apply,"Bodega en venta | Bodega Comercial En Esquina Ideal Para Desarrollo Habitacional O Comercial | MXN | 15,300,000 | 558 m² de terreno | PONIENTE 106 203, Guadalupe Victoria, Gustavo A. Madero, Distrito Federal | Destacado"
,"MXN4,753,500",,,,,https://departamento.mercadolibre.com.mx/MLM-4972125892-departamento-en-venta-en-lindavista-_JM#polycard_client=search-desktop&be_origin=backend&search_layout=grid&position=12&type=item&tracking_id=77295041-1a4a-480a-a5f4-5b32b7293557&price_drop=not_apply,"Departamento en venta | Departamento En Venta En Lindavista | MXN | 4,753,500 | 2 recámaras | 2 baños | 75 m² construidos | Insurgentes Norte Al 1346, Magdalena De Las Salinas, Gustavo A. Madero, Distrito Federal | Tour virtual | Destacado"
,"MXN4,819,700",,,,,https://departamento.mercadolibre.com.mx/MLM-4653873378-departamento-en-venta-en-insurgentes-norte-magdalena-de-las-salinas-_JM#polycard_client=search-desktop&be_origin=backend&search_layout=grid&position=13&type=item&tracking_id=77295041-1a4a-480a-a5f4-5b32b7293557&price_drop=not_apply,"Departamento en venta | Departamento En  Venta En Insurgentes Norte, Magdalena De Las Salinas | MXN | 4,819,700 | 2 recámaras | 2 baños | 75 m² construidos | Insurgentes Norte 1346, Magdalena De Las Salinas, Gustavo A. Madero, Distrito Federal | Tour virtual | Destacado"
,"MXN6,200,000",,,,,https://casa.mercadolibre.com.mx/MLM-2938419211-casa-en-venta-valle-del-tepeyac-casa-amplia-separada-en-dos-ideal-para-acondicionar-_JM#polycard_client=search-desktop&be_origin=backend&search_layout=grid&position=14&type=item&tracking_id=77295041-1a4a-480a-a5f4-5b32b7293557&price_drop=not_apply,"Casa en venta | Casa En Venta Valle Del Tepeyac Casa Amplia Separada En Dos, Ideal Para Acondicionar | MXN | 6,200,000 | 5 recámaras | 2 baños | 180 m² construidos | Eten 546, Valle Del Tepeyac, Gustavo A. Madero, 7500 - 7800 Ciudad De México, CDMX, Mexico, Valle Del Tepeyac, Gustavo A. Madero, Distrito Federal | Destacado"
,"MXN2,350,000",,,,,https://casa.mercadolibre.com.mx/MLM-5139312170-vive-con-tranquilidad-en-la-alc-gam-solo-recursos-propios-_JM#polycard_client=search-desktop&be_origin=backend&search_layout=grid&position=15&type=item&tracking_id=77295041-1a4a-480a-a5f4-5b32b7293557&price_drop=not_apply,"Casa en venta | Vive Con Tranquilidad En La Alc. Gam Solo Recursos Propios | MXN | 2,350,000 | 3 recámaras | 2 baños | 119 m² construidos | C.T.M. El Risco, Gustavo A. Madero, Distrito Federal | Destacado"
,"MXN1,790,000",,,,,https://departamento.mercadolibre.com.mx/MLM-2720804853-departamento-en-venta-en-rinconada-san-gabriel-_JM#polycard_client=search-desktop&be_origin=backend&search_layout=grid&position=16&type=item&tracking_id=77295041-1a4a-480a-a5f4-5b32b7293557&price_drop=not_apply,"Departamento en venta | Departamento En Venta En Rinconada San Gabriel | MXN | 1,790,000 | 2 recámaras | 1 baño | 60 m² construidos | Calz. San Juan De Aragón 439, DM Nacional, Granjas Modernas, Ciudad De México, DM Nacional, Gustavo A. Madero, Distrito Federal | Destacado"
,"MXN3,600,000",,,,,https://casa.mercadolibre.com.mx/MLM-2911222437-se-vende-casa-en-san-juan-de-aragon-vi-seccion-_JM#polycard_client=search-desktop&be_origin=backend&search_layout=grid&position=17&type=item&tracking_id=77295041-1a4a-480a-a5f4-5b32b7293557&price_drop=not_apply,"Casa en venta | Se Vende Casa En San Juan De Aragón Vi Sección | MXN | 3,600,000 | 3 recámaras | 1 baño | 126 m² construidos | C. 1545 69, San Juan De Aragón VI Secc, Ciudad De México, San Juan De Aragón 6a Secc., Gustavo A. Madero, Distrito Federal | Destacado"
,"MXN6,590,000",,,,,https://casa.mercadolibre.com.mx/MLM-2416575509-acueducto-de-guadalupe-te-espera-casa-iluminada-con-espacios-perfectos-para-ti-_JM#polycard_client=search-desktop&be_origin=backend&search_layout=grid&position=18&type=item&tracking_id=77295041-1a4a-480a-a5f4-5b32b7293557&price_drop=not_apply,"Casa en venta | Acueducto De Guadalupe Te Espera. Casa Iluminada, Con Espacios Perfectos Para Ti | MXN | 6,590,000 | 4 recámaras | 4 baños | 336 m² construidos | Acueducto De Guadalupe, Mexico City, Residencial Acueducto De Guadalupe, Gustavo A. Madero, Distrito Federal | Destacado"
,"MXN14,900,000",,,,,https://casa.mercadolibre.com.mx/MLM-5204850300-casa-en-venta-torres-lindavista-_JM#polycard_client=search-desktop&be_origin=backend&search_layout=grid&position=19&type=item&tracking_id=77295041-1a4a-480a-a5f4-5b32b7293557&price_drop=not_apply,"Casa en venta | Casa En Venta Torres Lindavista | MXN | 14,900,000 | 3 recámaras | 2 baños | 380 m² construidos | Torres Lindavista, Gustavo A. Madero, Distrito Federal | Destacado"
,"MXN5,990,000",,,,,https://casa.mercadolibre.com.mx/MLM-5153750422-venta-de-casa-en-san-juan-de-aragon-3a-seccion-_JM#polycard_client=search-desktop&be_origin=backend&search_layout=grid&position=20&type=item&tracking_id=77295041-1a4a-480a-a5f4-5b32b7293557&price_drop=not_apply,"Casa en venta | Venta De Casa En San Juan De Aragón 3a Sección | MXN | 5,990,000 | 8 recámaras | 5 baños | 370 m² construidos | Av. 611 133, San Juan De Aragón III Secc, Ciudad De México, San Juan De Aragón 3a Secc., Gustavo A. Madero, Distrito Federal | Destacado"
,"MXN14,900,000",,,,,https://casa.mercadolibre.com.mx/MLM-4660104768-casa-en-venta-en-torres-lindavista-_JM#polycard_client=search-desktop&be_origin=backend&search_layout=grid&position=21&type=item&tracking_id=77295041-1a4a-480a-a5f4-5b32b7293557&price_drop=not_apply,"Casa en venta | Casa En Venta En Torres Lindavista | MXN | 14,900,000 | 2 recámaras | 3 baños | 600 m² construidos | Porto Alegre SN, Torres Lindavista, Gustavo A. Madero, Distrito Federal | Destacado"
,"MXN2,031,100",,,,,https://departamento.mercadolibre.com.mx/MLM-4794700462-departamento-en-venta-en-constitucion-de-la-republica-_JM#polycard_client=search-desktop&be_origin=backend&search_layout=grid&position=22&type=item&tracking_id=77295041-1a4a-480a-a5f4-5b32b7293557&price_drop=not_apply,"Departamento en venta | Departamento En Venta En Constitución De La República | MXN | 2,031,100 | 2 recámaras | 1 baño | 50 m² construidos | Av. Luis De La Rosa 16, Constitución De La República, Gustavo A. Madero, Distrito Federal | Destacado"
,"MXN3,980,000",,,,,https://terreno.mercadolibre.com.mx/MLM-2746103329-venta-de-bodega-en-san-felipe-de-jesus-gam-_JM#polycard_client=search-desktop&be_origin=backend&search_layout=grid&position=23&type=item&tracking_id=77295041-1a4a-480a-a5f4-5b32b7293557&price_drop=not_apply,"Terreno en venta | Venta De Bodega En San Felipe De Jesús, G.a.m. | MXN | 3,980,000 | 200 m² de terreno | Antigua Veracruz MZ36 LT4, San Felipe De Jesús, Ciudad De México, San Felipe De Jesús, Gustavo A. Madero, Distrito Federal | Destacado"
,"MXN2,432,700",,,,,https://departamento.mercadolibre.com.mx/MLM-4841682898-departamento-en-venta-en-pueblo-san-juan-de-aragon-_JM#polycard_client=search-desktop&be_origin=backend&search_layout=grid&position=24&type=item&tracking_id=77295041-1a4a-480a-a5f4-5b32b7293557&price_drop=not_apply,"Departamento en venta | Departamento En Venta En Pueblo San Juan De Aragon | MXN | 2,432,700 | 3 recámaras | 1 baño | 77 m² construidos | Calz. San Juan De Aragón 533, Fovissste Aragón, Ciudad De México, Aragón Fovissste, Gustavo A. Madero, Distrito Federal | Destacado"
,"MXN2,040,000",,,,,https://departamento.mercadolibre.com.mx/MLM-2878189405-departamento-nuevo-en-venta-a-5-minutos-de-patio-martin-carrera-_JM#polycard_client=search-desktop&be_origin=backend&search_layout=grid&position=25&type=item&tracking_id=77295041-1a4a-480a-a5f4-5b32b7293557&price_drop=not_apply,"Departamento en venta | Departamento Nuevo En Venta A 5 Minutos De Patio Martin Carrera | MXN | 2,040,000 | 2 recámaras | 1 baño | 50 m² construidos | Pueblo De Santiago Atzacoalco, Mexico City, Pueblo Santiago Atzacoalco, Gustavo A. Madero, Distrito Federal | Destacado"
,"MXN6,500,000",,,,,https://casa.mercadolibre.com.mx/MLM-5300454034--casa-en-venta-amplios-espacios-para-tu-familia-_JM#polycard_client=search-desktop&be_origin=backend&search_layout=grid&position=26&type=item&tracking_id=77295041-1a4a-480a-a5f4-5b32b7293557&price_drop=not_apply,"Casa en venta | +++ Casa En Venta  Amplios Espacios Para Tu Familia.+++ | MXN | 6,500,000 | 4 recámaras | 4 baños | 320 m² construidos | AV 527 133, San Juan De Aragón I Sección, Gustavo A. Madero, Distrito Federal | Destacado"
,"MXN22,500,000",,,,,https://inmueble.mercadolibre.com.mx/MLM-2501069371-edificio-en-venta-en-vallejo-g-a-madero-_JM#polycard_client=search-desktop&be_origin=backend&search_layout=grid&position=27&type=item&tracking_id=77295041-1a4a-480a-a5f4-5b32b7293557&price_drop=not_apply,"Edificio en venta | Edificio En Venta  En Vallejo G. A Madero | MXN | 22,500,000 | 840 m² construidos | Lindavista Vallejo III Sección, Gustavo A. Madero, Distrito Federal | Destacado"
,"MXN3,964,953",,,,,https://departamento.mercadolibre.com.mx/MLM-5034811546-rio-consulado-departamentos-en-preventa-san-juan-de-aragon-gustavo-a-madero-_JM#polycard_client=search-desktop&be_origin=backend&search_layout=grid&position=28&type=item&tracking_id=77295041-1a4a-480a-a5f4-5b32b7293557&price_drop=not_apply,"Departamento en venta | Rio Consulado Departamentos En Preventa San Juan De Aragon Gustavo A Madero | MXN | 3,964,953 | 2 recámaras | 2 baños | 71 m² construidos | San Juan De Aragón I Sección, Gustavo A. Madero, Distrito Federal | Destacado"
,"MXN4,200,000",,,,,https://inmueble.mercadolibre.com.mx/MLM-5262386462-bodega-en-venta-suelo-comercial-alcaldia-gam-cod-bgv283-_JM#polycard_client=search-desktop&be_origin=backend&search_layout=grid&position=29&type=item&tracking_id=77295041-1a4a-480a-a5f4-5b32b7293557&price_drop=not_apply,"Bodega en venta | Bodega En Venta, Suelo Comercial  Alcaldía G.a.m. Cod. Bgv283 | MXN | 4,200,000 | 439 m² construidos | Zona Escolar, Gustavo A. Madero, Distrito Federal | Destacado"
,"MXN3,575,613",,,,,https://departamento.mercadolibre.com.mx/MLM-2800675923-preventa-departamento-en-venta-en-san-juan-de-aragon-gustavo-a-madero-_JM#polycard_client=search-desktop&be_origin=backend&search_layout=grid&position=30&type=item&tracking_id=77295041-1a4a-480a-a5f4-5b32b7293557&price_drop=not_apply,"Departamento en venta | Preventa Departamento En Venta En San Juan De Aragon Gustavo A Madero | MXN | 3,575,613 | 2 recámaras | 1 baño | 65 m² construidos | San Juan De Aragón I Sección, Gustavo A. Madero, Distrito Federal | Destacado"
,"MXN2,350,000",,,,,https://departamento.mercadolibre.com.mx/MLM-5071770954-departamento-nuevo-al-norte-de-la-cdmx-_JM#polycard_client=search-desktop&be_origin=backend&search_layout=grid&position=31&type=item&tracking_id=77295041-1a4a-480a-a5f4-5b32b7293557&price_drop=not_apply,"Departamento en venta | Departamento Nuevo Al Norte De La Cdmx | MXN | 2,350,000 | 2 recámaras | 1 baño | 50 m² construidos | Sin Calle, Bondojito, Gustavo A. Madero, Distrito Federal | Destacado"
,"MXN5,290,000",,,,,https://inmueble.mercadolibre.com.mx/MLM-2574002683-edificio-para-inversion-de-3-niveles-en-vallejo-ciudad-de-mexico-_JM#polycard_client=search-desktop&be_origin=backend&search_layout=grid&position=32&type=item&tracking_id=77295041-1a4a-480a-a5f4-5b32b7293557&price_drop=not_apply,"Edificio en venta | Edificio Para Inversión De 3 Niveles En Vallejo, Ciudad De México. | MXN | 5,290,000 | 4 baños | 294 m² construidos | Juan Sebastián Bach 191, Vallejo, Gustavo A. Madero, 07870 Ciudad De México, CDMX, Mexico, Arboledas, Gustavo A. Madero, Distrito Federal | Destacado"
,"MXN3,030,440",,,,,https://departamento.mercadolibre.com.mx/MLM-5209618408-departamento-en-venta-av-acueducto-de-guadalupe-511-santa-isabel-tola-_JM#polycard_client=search-desktop&be_origin=backend&search_layout=grid&position=33&type=item&tracking_id=77295041-1a4a-480a-a5f4-5b32b7293557&price_drop=not_apply,"Departamento en venta | Departamento En Venta Av. Acueducto De Guadalupe 511, Santa Isabel Tola | MXN | 3,030,440 | 2 recámaras | 1 baño | 77 m² construidos | Santa Isabel Tola, Gustavo A. Madero, Distrito Federal | Destacado"
,"MXN11,000,000",,,,,https://inmueble.mercadolibre.com.mx/MLM-2880655703-edificio-en-venta-con-uso-de-suelo-mixto-industrial-gustavo-a-madero-_JM#polycard_client=search-desktop&be_origin=backend&search_layout=grid&position=34&type=item&tracking_id=77295041-1a4a-480a-a5f4-5b32b7293557&price_drop=not_apply,"Edificio en venta | Edificio En Venta  Con Uso De Suelo Mixto, Industrial, Gustavo A. Madero | MXN | 11,000,000 | 2 baños | 400 m² construidos | Av Huasteca 176, Industrial, Ciudad De México, Industrial, Gustavo A. Madero, Distrito Federal | Destacado"
,"MXN2,040,000",,,,,https://departamento.mercadolibre.com.mx/MLM-5078580412-hermoso-departamento-con-gran-ubicacion-en-gustavo-a-madero-_JM#polycard_client=search-desktop&be_origin=backend&search_layout=grid&position=35&type=item&tracking_id=77295041-1a4a-480a-a5f4-5b32b7293557&price_drop=not_apply,"Departamento en venta | +++hermoso Departamento Con Gran Ubicacion En Gustavo A. Madero+++ | MXN | 2,040,000 | 2 recámaras | 1 baño | 49 m² construidos | Av Centenario 1966, Santiago Atzacoalco, Gustavo A. Madero, Distrito Federal | Destacado"
,"MXN4,732,300",,,,,https://departamento.mercadolibre.com.mx/MLM-4685574422-departamento-en-venta-en-insurgentes-norte-magdalena-de-las-salinas-_JM#polycard_client=search-desktop&be_origin=backend&search_layout=grid&position=36&type=item&tracking_id=77295041-1a4a-480a-a5f4-5b32b7293557&price_drop=not_apply,"Departamento en venta | Departamento En  Venta En Insurgentes Norte, Magdalena De Las Salinas | MXN | 4,732,300 | 2 recámaras | 2 baños | 75 m² construidos | Insurgentes Norte 1346, Magdalena De Las Salinas, Gustavo A. Madero, Distrito Federal | Destacado"
,"MXN12,500,000",,,,,https://terreno.mercadolibre.com.mx/MLM-5310051702-venta-terreno-av-ticoman-lindavista-excelente-ubicacion-_JM#polycard_client=search-desktop&be_origin=backend&search_layout=grid&position=37&type=item&tracking_id=77295041-1a4a-480a-a5f4-5b32b7293557&price_drop=not_apply,"Terreno en venta | Venta Terreno, Av. Ticomán, Lindavista, Excelente Ubicación | MXN | 12,500,000 | 330 m² de terreno | Calz. Ticomán 206, Lindavista, Ciudad De México, Colonia Lindavista Norte, Gustavo A. Madero, Distrito Federal | Destacado"
,"MXN1,620,000",,,,,https://departamento.mercadolibre.com.mx/MLM-2907197885-departamento-en-planta-baja-frente-a-cablebus-la-patera-_JM#polycard_client=search-desktop&be_origin=backend&search_layout=grid&position=38&type=item&tracking_id=77295041-1a4a-480a-a5f4-5b32b7293557&price_drop=not_apply,"Departamento en venta | Departamento En Planta Baja Frente A Cablebus La Patera | MXN | 1,620,000 | 2 recámaras | 1 baño | 52 m² construidos | Virginia Fábregas 167, Arbolillo II, Gustavo A. Madero, 07239 Ciudad De México, CDMX, Mexico, Jorge Negrete, Gustavo A. Madero, Distrito Federal | Destacado"
,"MXN12,500,000",,,,,https://inmueble.mercadolibre.com.mx/MLM-5325794684-col-lindavista-ticoman-y-riobamba-edificio-productos-_JM#polycard_client=search-desktop&be_origin=backend&search_layout=grid&position=39&type=item&tracking_id=77295041-1a4a-480a-a5f4-5b32b7293557&price_drop=not_apply,"Edificio en venta | Col. Lindavista, Ticomán Y Riobamba, Edificio Productos | MXN | 12,500,000 | 8 baños | 594 m² construidos | Calz. Ticomán 206, Lindavista, Ciudad De México, Colonia Lindavista Norte, Gustavo A. Madero, Distrito Federal | Destacado"
,"MXN1,748,000",,,,,https://departamento.mercadolibre.com.mx/MLM-5198751306-departamento-en-venta-en-joyas-vallejo-_JM#polycard_client=search-desktop&be_origin=backend&search_layout=grid&position=40&type=item&tracking_id=77295041-1a4a-480a-a5f4-5b32b7293557&price_drop=not_apply,"Departamento en venta | Departamento En Venta En Joyas Vallejo | MXN | 1,748,000 | 2 recámaras | 1 baño | 60 m² construidos | Cam. San Juan Ixtacala 59, Santa Rosa, Ciudad De México, Santa Rosa, Gustavo A. Madero, Distrito Federal | Destacado"
,"MXN12,500,000",,,,,https://inmueble.mercadolibre.com.mx/MLM-5330998682-en-lindavista-sobre-av-ticoman-magnifica-propiedad-_JM#polycard_client=search-desktop&be_origin=backend&search_layout=grid&position=41&type=item&tracking_id=77295041-1a4a-480a-a5f4-5b32b7293557&price_drop=not_apply,"Otro inmueble en venta | En Lindavista, Sobre Av Ticomán, Magnifica Propiedad. | MXN | 12,500,000 | 594 m² construidos | Calz. Ticomán 206, Lindavista, Ciudad De México, Colonia Lindavista Norte, Gustavo A. Madero, Distrito Federal | Destacado"
,"MXN2,040,000",,,,,https://departamento.mercadolibre.com.mx/MLM-5352893432-departamento-en-santiago-atzacoalco-_JM#polycard_client=search-desktop&be_origin=backend&search_layout=grid&position=42&type=item&tracking_id=77295041-1a4a-480a-a5f4-5b32b7293557&price_drop=not_apply,"Departamento en venta | Departamento En Santiago Atzacoalco | MXN | 2,040,000 | 2 recámaras | 1 baño | 49 m² de terreno | Cuauhtémoc 11 11, Santiago Atzacoalco, Gustavo A. Madero, Distrito Federal | Destacado"
,"MXN2,593,500",,,,,https://departamento.mercadolibre.com.mx/MLM-2924134929-departamento-en-venta-colonia-vallejo-2-rec-1-bano-1-estacionamiento-_JM#polycard_client=search-desktop&be_origin=backend&search_layout=grid&position=43&type=item&tracking_id=77295041-1a4a-480a-a5f4-5b32b7293557&price_drop=not_apply,"Departamento en venta | Departamento En Venta, Colonia Vallejo 2 Rec 1 Baño 1 Estacionamiento | MXN | 2,593,500 | 2 recámaras | 1 baño | 58 m² de terreno | Schumann 117, Depto 502, Vallejo,  Gustavo A. Madero 07870, Cdmx, Vallejo, Gustavo A. Madero, Distrito Federal | Destacado"
,"MXN2,200,000",,,,,https://departamento.mercadolibre.com.mx/MLM-5041467624-departamento-en-venta-unidad-batiz-_JM#polycard_client=search-desktop&be_origin=backend&search_layout=grid&position=44&type=item&tracking_id=77295041-1a4a-480a-a5f4-5b32b7293557&price_drop=not_apply,"Departamento en venta | Departamento En Venta Unidad Batiz | MXN | 2,200,000 | 3 recámaras | 1 baño | 65 m² construidos | Juan De Dios Bátiz I, Mexico City, Juan De Dios Batiz, Gustavo A. Madero, Distrito Federal | Destacado"
,"MXN2,040,000",,,,,https://departamento.mercadolibre.com.mx/MLM-2930117803-departamento-en-venta-en-santiago-atzacoalco-gustavo-a-madero-_JM#polycard_client=search-desktop&be_origin=backend&search_layout=grid&position=45&type=item&tracking_id=77295041-1a4a-480a-a5f4-5b32b7293557&price_drop=not_apply,"Departamento en venta | Departamento En Venta En Santiago Atzacoalco Gustavo A Madero | MXN | 2,040,000 | 2 recámaras | 1 baño | 49 m² construidos | Santiago Atzacoalco, Gustavo A. Madero, Distrito Federal | Destacado"
,"MXN5,120,000",,,,,https://departamento.mercadolibre.com.mx/MLM-4619825880-departamento-en-venta-en-lindavista-norte-_JM#polycard_client=search-desktop&be_origin=backend&search_layout=grid&position=46&type=item&tracking_id=77295041-1a4a-480a-a5f4-5b32b7293557&price_drop=not_apply,"Departamento en venta | Departamento En Venta En Lindavista Norte | MXN | 5,120,000 | 3 recámaras | 2 baños | 90 m² construidos | Lindavista Nte., Mexico City, Colonia Lindavista Norte, Gustavo A. Madero, Distrito Federal | Destacado"
,"MXN1,390,000",,,,,https://departamento.mercadolibre.com.mx/MLM-5058323500-departamento-en-planta-baja-_JM#polycard_client=search-desktop&be_origin=backend&search_layout=grid&position=47&type=item&tracking_id=77295041-1a4a-480a-a5f4-5b32b7293557&price_drop=not_apply,"Departamento en venta | Departamento En Planta Baja | MXN | 1,390,000 | 2 recámaras | 1 baño | 45 m² construidos | Av Cuautepec 1650, Jorge Negrete, Ciudad De México, Jorge Negrete, Gustavo A. Madero, Distrito Federal | Destacado"
,"MXN16,500,000",,,,,https://terreno.mercadolibre.com.mx/MLM-4783822774-terreno-en-venta-para-desarrollar-insurgentes-norte-gam-_JM#polycard_client=search-desktop&be_origin=backend&search_layout=grid&position=48&type=item&tracking_id=77295041-1a4a-480a-a5f4-5b32b7293557&price_drop=not_apply,"Terreno en venta | Terreno En Venta Para Desarrollar Insurgentes Norte Gam | MXN | 16,500,000 | 491 m² de terreno | Insurgentes Norte Esq. Godart, Gustavo A. Madero, Distrito Federal | Destacado"
,"MXN1,650,000",,,,,https://departamento.mercadolibre.com.mx/MLM-2720767905-departamento-en-venta-en-calzada-san-juan-de-aragon-_JM#polycard_client=search-desktop&be_origin=backend&search_layout=grid&position=1&type=item&tracking_id=4947f269-6bf2-4ee1-a5c5-7df384caedfd&price_drop=not_apply,"Departamento en venta | Departamento En Venta En Calzada San Juan De Aragón | MXN | 1,650,000 | 2 recámaras | 1 baño | 57 m² construidos | Calz. San Juan De Aragón 439, DM Nacional, Granjas Modernas, Ciudad De México, DM Nacional, Gustavo A. Madero, Distrito Federal | Destacado"
,"MXN1,945,000",,,,,https://departamento.mercadolibre.com.mx/MLM-4830889242-departamento-en-venta-en-el-arbolillo-_JM#polycard_client=search-desktop&be_origin=backend&search_layout=grid&position=2&type=item&tracking_id=4947f269-6bf2-4ee1-a5c5-7df384caedfd&price_drop=not_apply,"Departamento en venta | Departamento En Venta En El Arbolillo | MXN | 1,945,000 | 3 recámaras | 1 baño | 69 m² construidos | And. Paseo El Arbolillo 43, Unidad Habitacional, México Izapa, Gustavo A. Madero, 07239 Ciudad De México, CDMX, Mexico, El Arbolillo, Gustavo A. Madero, Distrito Federal | Destacado"
,"MXN3,000,000",,,,,https://departamento.mercadolibre.com.mx/MLM-4154563176-departamento-en-venta-cerca-de-metro-potrero-_JM#polycard_client=search-desktop&be_origin=backend&search_layout=grid&position=3&type=item&tracking_id=4947f269-6bf2-4ee1-a5c5-7df384caedfd&price_drop=not_apply,"Departamento en venta | Departamento En Venta Cerca De Metro Potrero | MXN | 3,000,000 | 2 recámaras | 2 baños | 54 m² construidos | Condominio Grand Insurgentes, Av. Insurgentes Nte. 1260, Capultitlan, Ciudad De México, Capultitlán, Gustavo A. Madero, Distrito Federal | Destacado"
,"MXN2,750,000",,,,,https://departamento.mercadolibre.com.mx/MLM-2720500639-bonito-departamento-en-venta-col-nueva-industrial-vallejo-_JM#polycard_client=search-desktop&be_origin=backend&search_layout=grid&position=4&type=item&tracking_id=4947f269-6bf2-4ee1-a5c5-7df384caedfd&price_drop=not_apply,"Departamento en venta | Bonito Departamento En Venta - Col. Nueva Industrial Vallejo | MXN | 2,750,000 | 2 recámaras | 2 baños | 84 m² construidos | Margarita Maza De Juárez 1045, Nueva Industrial Vallejo, Ciudad De México, Nueva Industrial Vallejo, Gustavo A. Madero, Distrito Federal | Destacado"
,"MXN9,000,000",,,,,https://casa.mercadolibre.com.mx/MLM-5327576038-casa-uso-suelo-mixto-comercial-en-pb-y-habitacional-en-pa-linea-telefonica-servicios-agualuza-una-calle-delegacion-gustavo-a-madero-plaza-mariana-a-espaldas-centro-escolar-morelos-y-metrobus-esq-_JM#polycard_client=search-desktop&be_origin=backend&search_layout=grid&position=5&type=item&tracking_id=4947f269-6bf2-4ee1-a5c5-7df384caedfd&price_drop=not_apply,"Casa en venta | Casa Uso Suelo Mixto Comercial En Pb Y Habitacional En Pa, Línea Telefónica,  Servicios Agua,luz,a Una Calle Delegación Gustavo A Madero, Plaza Mariana A Espaldas Centro Escolar Morelos Y Metrobus Esq | MXN | 9,000,000 | 4 recámaras | 7 baños | 437 m² construidos | Abasolo 76, Villa Gustavo A. Madero, Gustavo A. Madero, 07050 Ciudad De México, CDMX, Mexico, Aragón La Villa, Gustavo A. Madero, Distrito Federal | Destacado"
,"MXN1,526,500",,,,,https://departamento.mercadolibre.com.mx/MLM-5376884728-departamento-en-venta-en-vasco-de-quiroga-se-acepta-credito-infonavit-bancario-y-efectivo-_JM#polycard_client=search-desktop&be_origin=backend&search_layout=grid&position=6&type=item&tracking_id=4947f269-6bf2-4ee1-a5c5-7df384caedfd&price_drop=not_apply,"Departamento en venta | Departamento En Venta En Vasco De Quiroga, Se Acepta Credito Infonavit, Bancario Y Efectivo | MXN | 1,526,500 | 2 recámaras | 1 baño | 60 m² construidos | Gustavo A. Madero, Mexico City, Vasco De Quiroga, Gustavo A. Madero, Distrito Federal | Destacado"
,"MXN3,300,000",,,,,https://terreno.mercadolibre.com.mx/MLM-4032452446-terreno-en-venta-para-4-viviendas-_JM#polycard_client=search-desktop&be_origin=backend&search_layout=grid&position=7&type=item&tracking_id=4947f269-6bf2-4ee1-a5c5-7df384caedfd&price_drop=not_apply,"Terreno en venta | Terreno En Venta Para 4 Viviendas | MXN | 3,300,000 | 200 m² de terreno | Av. 1-A 14, San José De La Escalera, Gustavo A. Madero, 07630 Ciudad De México, CDMX, Mexico, San José De La Escalera, Gustavo A. Madero, Distrito Federal | Destacado"
,"MXN2,900,000",,,,,https://terreno.mercadolibre.com.mx/MLM-4991546210-terreno-a-una-cuadra-de-circuito-interior-y-metro-aragon-_JM#polycard_client=search-desktop&be_origin=backend&search_layout=grid&position=8&type=item&tracking_id=4947f269-6bf2-4ee1-a5c5-7df384caedfd&price_drop=not_apply,"Terreno en venta | Terreno A Una Cuadra De Circuito Interior Y Metro Aragón | MXN | 2,900,000 | 129 m² de terreno | Calle Pesetas 39, Héroes De Cerro Prieto, Gustavo A. Madero, Distrito Federal | Destacado"
,"MXN2,780,000",,,,,https://departamento.mercadolibre.com.mx/MLM-5327034894-pre-venta-en-aragon-la-villa-cdmx-1-hab-1-bano-_JM#polycard_client=search-desktop&be_origin=backend&search_layout=grid&position=9&type=item&tracking_id=4947f269-6bf2-4ee1-a5c5-7df384caedfd&price_drop=not_apply,"Departamento en venta | Pre-venta En Aragón, La Villa, Cdmx 1 Hab 1 Baño | MXN | 2,780,000 | 1 recámara | 1 baño | 38 m² de terreno | Alberto Herrera, Aragón, La Villa 75, Aragón La Villa, Gustavo A. Madero, Distrito Federal | Destacado"
,"MXN6,100,000",,,,,https://casa.mercadolibre.com.mx/MLM-4672107100-casa-en-venta-en-gertrudis-sanchez-_JM#polycard_client=search-desktop&be_origin=backend&search_layout=grid&position=10&type=item&tracking_id=4947f269-6bf2-4ee1-a5c5-7df384caedfd&price_drop=not_apply,"Casa en venta | Casa En Venta En Gertrudis Sánchez | MXN | 6,100,000 | 3 recámaras | 1 baño | 206 m² construidos | Oriente 101, Gertrudis Sánchez III Secc, Ciudad De México, Gertrudis Sánchez 2a Secc., Gustavo A. Madero, Distrito Federal | Destacado"
,"MXN4,900,000",,,,,https://inmueble.mercadolibre.com.mx/MLM-2536684353-local-en-venta-colonia-santa-isabel-tola-_JM#polycard_client=search-desktop&be_origin=backend&search_layout=grid&position=11&type=item&tracking_id=4947f269-6bf2-4ee1-a5c5-7df384caedfd&price_drop=not_apply,"Local comercial en venta | Local En Venta Colonia Santa Isabel Tola | MXN | 4,900,000 | 150 m² construidos | Santa Isabel Tola, Gustavo A. Madero, Distrito Federal | Destacado"
,"MXN4,750,000",,,,,https://casa.mercadolibre.com.mx/MLM-4977826180-venta-de-casa-en-la-padera-gam-_JM#polycard_client=search-desktop&be_origin=backend&search_layout=grid&position=12&type=item&tracking_id=4947f269-6bf2-4ee1-a5c5-7df384caedfd&price_drop=not_apply,"Casa en venta | Venta De Casa En La Padera, G.a.m. | MXN | 4,750,000 | 7 recámaras | 5 baños | 291 m² construidos | Av. De Los Pinos 171, Amp La Providencia, Ciudad De México, La Pradera, Gustavo A. Madero, Distrito Federal | Destacado"
,"MXN6,850,000",,,,,https://inmueble.mercadolibre.com.mx/MLM-2864676625-terreno-con-proyecto-arquitectonico-ubicado-en-la-ciudad-de-mexico-_JM#polycard_client=search-desktop&be_origin=backend&search_layout=grid&position=13&type=item&tracking_id=4947f269-6bf2-4ee1-a5c5-7df384caedfd&price_drop=not_apply,"Edificio en venta | Terreno Con Proyecto Arquitectonico, Ubicado En La Ciudad De México. | MXN | 6,850,000 | 512 m² construidos | Guadalupe Tepeyac, Gustavo A. Madero, Distrito Federal | Destacado"
,"MXN6,500,000",,,,,https://terreno.mercadolibre.com.mx/MLM-5186947708-terreno-con-proyecto-arquitectonico-ubicado-en-la-ciudad-de-mexico-_JM#polycard_client=search-desktop&be_origin=backend&search_layout=grid&position=14&type=item&tracking_id=4947f269-6bf2-4ee1-a5c5-7df384caedfd&price_drop=not_apply,"Terreno en venta | Terreno Con Proyecto Arquitectónico, Ubicado En La Ciudad De México. | MXN | 6,500,000 | 160 m² de terreno | Guadalupe Tepeyac, Gustavo A. Madero, Distrito Federal | Destacado"
,"MXN6,200,000",,,,,https://terreno.mercadolibre.com.mx/MLM-5186929376-terreno-con-proyecto-arquitectonico-ubicado-en-la-ciudad-de-mexico-_JM#polycard_client=search-desktop&be_origin=backend&search_layout=grid&position=15&type=item&tracking_id=4947f269-6bf2-4ee1-a5c5-7df384caedfd&price_drop=not_apply,"Terreno en venta | Terreno Con Proyecto Arquitectonico, Ubicado En La Ciudad De México. | MXN | 6,200,000 | 160 m² de terreno | Guadalupe Tepeyac, Gustavo A. Madero, Distrito Federal | Destacado"
,"MXN6,200,000",,,,,https://terreno.mercadolibre.com.mx/MLM-2916702137-terreno-con-proyecto-arquitectonico-ubicado-en-la-ciudad-de-mexico-_JM#polycard_client=search-desktop&be_origin=backend&search_layout=grid&position=16&type=item&tracking_id=4947f269-6bf2-4ee1-a5c5-7df384caedfd&price_drop=not_apply,"Terreno en venta | Terreno Con Proyecto Arquitectónico, Ubicado En La Ciudad De México. | MXN | 6,200,000 | 160 m² de terreno | Guadalupe Tepeyac, Gustavo A. Madero, Distrito Federal | Destacado"
,"MXN6,200,000",,,,,https://terreno.mercadolibre.com.mx/MLM-5186926672-terreno-con-proyecto-arquitectonico-ubicado-en-la-ciudad-de-mexico-_JM#polycard_client=search-desktop&be_origin=backend&search_layout=grid&position=17&type=item&tracking_id=4947f269-6bf2-4ee1-a5c5-7df384caedfd&price_drop=not_apply,"Terreno en venta | Terreno Con Proyecto Arquitectónico, Ubicado En La Ciudad De México. | MXN | 6,200,000 | 160 m² de terreno | Guadalupe Tepeyac, Gustavo A. Madero, Distrito Federal | Destacado"
,"MXN23,000,000",,,,,https://inmueble.mercadolibre.com.mx/MLM-5390365548-se-vende-nave-industrial-_JM#polycard_client=search-desktop&float_highlight=recent_publication&price_drop=not_apply&be_origin=backend&search_layout=grid&position=18&type=item&tracking_id=4947f269-6bf2-4ee1-a5c5-7df384caedfd,"PUBLICADO ESTA SEMANA | Bodega en venta | Se Vende Nave Industrial | MXN | 23,000,000 | 4 baños | 879 m² construidos | Lindavista, Mexico City, Capultitlán, Gustavo A. Madero, Distrito Federal"
,"MXN3,150,000",,,,,https://casa.mercadolibre.com.mx/MLM-5246059374-casa-en-venta-solidaridad-nacional-gam-cdmx-no-se-aceptan-creditos-_JM#polycard_client=search-desktop&be_origin=backend&search_layout=grid&position=19&type=item&tracking_id=4947f269-6bf2-4ee1-a5c5-7df384caedfd&price_drop=not_apply,"Casa en venta | Casa En Venta Solidaridad Nacional, Gam, Cdmx. No Se Aceptan Créditos | MXN | 3,150,000 | 3 recámaras | 1 baño | 134 m² construidos | Solidaridad Nacional, Gustavo A. Madero, Distrito Federal"
,"MXN6,990,000",,,,,https://casa.mercadolibre.com.mx/MLM-2865310047-casa-en-venta-en-lindavista-_JM#polycard_client=search-desktop&be_origin=backend&search_layout=grid&position=20&type=item&tracking_id=4947f269-6bf2-4ee1-a5c5-7df384caedfd&price_drop=not_apply,"Casa en venta | Casa En Venta En Lindavista | MXN | 6,990,000 | 3 recámaras | 2 baños | 199 m² construidos | Lindavista Norte, Gustavo A. Madero, Distrito Federal"
,"MXN2,500,000",,,,,https://terreno.mercadolibre.com.mx/MLM-2783046743-terreno-en-venta-av-483-col-san-juan-de-aragon-vii-seccion-gam-cdmx-_JM#polycard_client=search-desktop&be_origin=backend&search_layout=grid&position=21&type=item&tracking_id=4947f269-6bf2-4ee1-a5c5-7df384caedfd&price_drop=not_apply,"Terreno en venta | Terreno En Venta, Av. 483 Col. San Juan De Aragón Vii Sección, G.a.m., Cdmx | MXN | 2,500,000 | 122 m² de terreno | Av. 483 1 - 300, San Juan De Aragón VII Secc, Ciudad De México, San Juan De Aragón 7a Secc., Gustavo A. Madero, Distrito Federal"
,"MXN6,643,700",,,,,https://casa.mercadolibre.com.mx/MLM-5310544224-casa-multifamiliar-en-san-juan-de-aragon-iii-gam-cdmx-_JM#polycard_client=search-desktop&be_origin=backend&search_layout=grid&position=22&type=item&tracking_id=4947f269-6bf2-4ee1-a5c5-7df384caedfd&price_drop=not_apply,"Casa en venta | Casa Multifamiliar En San Juan De Aragón Iii, Gam. Cdmx | MXN | 6,643,700 | 7 recámaras | 4 baños | 580 m² de terreno | Casa Multifamiliar En San Juan De Aragón Iii, Gam. Cdmx, Gustavo A. Madero, Distrito Federal"
,"MXN6,210,000",,,,,https://departamento.mercadolibre.com.mx/MLM-2907994781-departamento-en-venta-col-lindavista-gustavo-a-madero-_JM#polycard_client=search-desktop&be_origin=backend&search_layout=grid&position=23&type=item&tracking_id=4947f269-6bf2-4ee1-a5c5-7df384caedfd&price_drop=not_apply,"Departamento en venta | Departamento En Venta, Col. Lindavista Gustavo A Madero | MXN | 6,210,000 | 3 recámaras | 2 baños | 119 m² construidos | Av Politécnico Nacional, Col. Lindavista, Gustavo A. Madero, Distrito Federal"
,"MXN5,104,500",,,,,https://departamento.mercadolibre.com.mx/MLM-2908007511-departamento-en-venta-col-lindavista-gustavo-a-madero-_JM#polycard_client=search-desktop&be_origin=backend&search_layout=grid&position=24&type=item&tracking_id=4947f269-6bf2-4ee1-a5c5-7df384caedfd&price_drop=not_apply,"Departamento en venta | Departamento En Venta, Col. Lindavista Gustavo A Madero | MXN | 5,104,500 | 2 recámaras | 2 baños | 67 m² construidos | Av Politécnico, Col. Lindavista, Gustavo A. Madero, Distrito Federal"
,"MXN2,500,000",,,,,https://casa.mercadolibre.com.mx/MLM-2902002797-casa-en-venta-en-cuautepec-ciudad-de-mexico-_JM#polycard_client=search-desktop&be_origin=backend&search_layout=grid&position=25&type=item&tracking_id=4947f269-6bf2-4ee1-a5c5-7df384caedfd&price_drop=not_apply,"Casa en venta | Casa En Venta En Cuautepec Ciudad De México | MXN | 2,500,000 | 3 recámaras | 1 baño | 175 m² construidos | Parque Metropolitano, Gustavo A. Madero, Distrito Federal"
,"MXN665,656,800",,,,,https://departamento.mercadolibre.com.mx/MLM-2718616893-departamento-en-venta-entrega-inmediata-_JM#polycard_client=search-desktop&be_origin=backend&search_layout=grid&position=26&type=item&tracking_id=4947f269-6bf2-4ee1-a5c5-7df384caedfd&price_drop=not_apply,"Departamento en venta | Departamento En Venta, Entrega Inmediata | MXN | 665,656,800 | 3 recámaras | 3 baños | 120 m² construidos | Residencial Zacatenco, Gustavo A. Madero, Distrito Federal"
,"MXN13,500,000",,,,,https://terreno.mercadolibre.com.mx/MLM-5159191244-terreno-en-venta-gustavo-a-madero-_JM#polycard_client=search-desktop&be_origin=backend&search_layout=grid&position=27&type=item&tracking_id=4947f269-6bf2-4ee1-a5c5-7df384caedfd&price_drop=not_apply,"Terreno en venta | Terreno En Venta Gustavo A. Madero | MXN | 13,500,000 | 301 m² de terreno | San Juan De Aragón I Sección, Gustavo A. Madero, Distrito Federal"
,"MXN2,409,267",,,,,https://departamento.mercadolibre.com.mx/MLM-5140746228-departamento-en-venta-en-vasco-de-quiroga-gustavo-a-madero-_JM#polycard_client=search-desktop&be_origin=backend&search_layout=grid&position=28&type=item&tracking_id=4947f269-6bf2-4ee1-a5c5-7df384caedfd&price_drop=not_apply,"Departamento en venta | Departamento En Venta En Vasco De Quiroga, Gustavo A. Madero | MXN | 2,409,267 | 2 recámaras | 1 baño | 54 m² construidos | Av. Ing. Eduardo Molina, Salvador Díaz Mirón, Gustavo A. Madero, Distrito Federal | Destacado"
,"MXN13,200,000",,,,,https://inmueble.mercadolibre.com.mx/MLM-5412803154-edificio-en-venta-en-lindavista-norte-_JM#polycard_client=search-desktop&float_highlight=recent_publication&price_drop=not_apply&be_origin=backend&search_layout=grid&position=29&type=item&tracking_id=4947f269-6bf2-4ee1-a5c5-7df384caedfd,"PUBLICADO HOY | Edificio en venta | Edificio En Venta En Lindavista Norte | pulppo | MXN | 13,200,000 | 16 recámaras | 8 baños | 200 m² construidos | Av Instituto Politécnico Nacional 2027, Lindavista Norte, Gustavo A. Madero, Distrito Federal"
,"MXN2,200,000",,,,,https://departamento.mercadolibre.com.mx/MLM-5384838050-departamento-en-venta-en-guadalupe-victoria-_JM#polycard_client=search-desktop&float_highlight=recent_publication&price_drop=not_apply&be_origin=backend&search_layout=grid&position=30&type=item&tracking_id=4947f269-6bf2-4ee1-a5c5-7df384caedfd,"PUBLICADO ESTA SEMANA | Departamento en venta | Departamento En Venta En Guadalupe Victoria | MXN | 2,200,000 | 2 recámaras | 1 baño | 66 m² construidos | Cuitlahuac 38, Guadalupe Victoria, Gustavo A. Madero, Distrito Federal"
,"MXN11,300,000",,,,,https://terreno.mercadolibre.com.mx/MLM-2962059089-venta-terreno-en-martin-carrera-gam-_JM#polycard_client=search-desktop&float_highlight=recent_publication&price_drop=not_apply&be_origin=backend&search_layout=grid&position=31&type=item&tracking_id=4947f269-6bf2-4ee1-a5c5-7df384caedfd,"PUBLICADO HOY | Terreno en venta | Venta Terreno En Martín Carrera, Gam | MXN | 11,300,000 | 519 m² de terreno | Av. Gral. Martín Carrera, Martín Carrera, Gustavo A. Madero, Distrito Federal"
,"MXN8,000,000",,,,,https://casa.mercadolibre.com.mx/MLM-2950612933-casa-duplex-en-venta-en-lindavista-norte-con-roof-garden-_JM#polycard_client=search-desktop&float_highlight=recent_publication&price_drop=not_apply&be_origin=backend&search_layout=grid&position=32&type=item&tracking_id=4947f269-6bf2-4ee1-a5c5-7df384caedfd,"PUBLICADO ESTA SEMANA | Casa en venta | Casa Duplex En Venta En Lindavista Norte Con Roof Garden | MXN | 8,000,000 | 3 recámaras | 2 baños | 248 m² construidos | Otavalo Sn, Lindavista Norte, Gustavo A. Madero, Distrito Federal"
,"MXN6,850,000",,,,,https://casa.mercadolibre.com.mx/MLM-2962056527-casa-en-venta-en-lindavista-_JM#polycard_client=search-desktop&float_highlight=recent_publication&price_drop=not_apply&be_origin=backend&search_layout=grid&position=33&type=item&tracking_id=4947f269-6bf2-4ee1-a5c5-7df384caedfd,"PUBLICADO HOY | Casa en venta | Casa En Venta En Lindavista | MXN | 6,850,000 | 4 recámaras | 3 baños | 262 m² construidos | Latacunga S/N, Lindavista Norte, Gustavo A. Madero, Distrito Federal"
,"MXN7,300,000",,,,,https://casa.mercadolibre.com.mx/MLM-5412137034-casa-en-condominio-en-venta-en-san-bartolo-atepehuacan-con-terraza-y-vestidor-_JM#polycard_client=search-desktop&float_highlight=recent_publication&price_drop=not_apply&be_origin=backend&search_layout=grid&position=34&type=item&tracking_id=4947f269-6bf2-4ee1-a5c5-7df384caedfd,"PUBLICADO HOY | Casa en venta | Casa En Condominio En Venta En San Bartolo Atepehuacan Con Terraza Y Vestidor | MXN | 7,300,000 | 3 recámaras | 3 baños | 322 m² construidos | San Bartolo Atepehuacan Sn, San Bartolo Atepehuacan, Gustavo A. Madero, Distrito Federal"
,"MXN6,500,000",,,,,https://casa.mercadolibre.com.mx/MLM-5389861860-casa-duplex-en-venta-en-lindavista-norte-en-calle-cerrada-con-roof-garden-_JM#polycard_client=search-desktop&float_highlight=recent_publication&price_drop=not_apply&be_origin=backend&search_layout=grid&position=35&type=item&tracking_id=4947f269-6bf2-4ee1-a5c5-7df384caedfd,"PUBLICADO ESTA SEMANA | Casa en venta | Casa Duplex En Venta En Lindavista Norte En Calle Cerrada Con Roof Garden | MXN | 6,500,000 | 3 recámaras | 2 baños | 148 m² construidos | Otavalo Sn, Lindavista Norte, Gustavo A. Madero, Distrito Federal"
,"MXN7,500,000",,,,,https://casa.mercadolibre.com.mx/MLM-5049136884-casa-en-venta-en-lindavista-_JM#polycard_client=search-desktop&be_origin=backend&search_layout=grid&position=36&type=item&tracking_id=4947f269-6bf2-4ee1-a5c5-7df384caedfd&price_drop=not_apply,"Casa en venta | Casa En Venta En Lindavista | pulppo | MXN | 7,500,000 | 3 recámaras | 3 baños | 261 m² construidos | Gustavo A. Madero, Distrito Federal"
,"MXN1,220,000",,,,,https://departamento.mercadolibre.com.mx/MLM-5107173398-venta-de-departamento-tipo-loft-_JM#polycard_client=search-desktop&be_origin=backend&search_layout=grid&position=37&type=item&tracking_id=4947f269-6bf2-4ee1-a5c5-7df384caedfd&price_drop=not_apply,"Departamento en venta | Venta De Departamento Tipo Loft | MXN | 1,220,000 | 1 recámara | 1 baño | 49 m² construidos | San José De La Escalera, Gustavo A. Madero, Distrito Federal"
,"MXN2,750,000",,,,,https://casa.mercadolibre.com.mx/MLM-2798130843-casa-en-2-niveles-con-patios-y-buenos-acabados-en-ctm-risco-gam-_JM#polycard_client=search-desktop&be_origin=backend&search_layout=grid&position=38&type=item&tracking_id=4947f269-6bf2-4ee1-a5c5-7df384caedfd&price_drop=not_apply,"Casa en venta | Casa En 2 Niveles Con Patios Y Buenos Acabados En Ctm Risco, Gam | MXN | 2,750,000 | 3 recámaras | 1 baño | 97 m² construidos | Andador 37 Luis Yuren 10 Mz. 6, El Risco CTM, Gustavo A. Madero, Distrito Federal"
,"MXN22,000,000",,,,,https://casa.mercadolibre.com.mx/MLM-2605784887-casa-en-venta-en-torres-lindavista-_JM#polycard_client=search-desktop&be_origin=backend&search_layout=grid&position=39&type=item&tracking_id=4947f269-6bf2-4ee1-a5c5-7df384caedfd&price_drop=not_apply,"Casa en venta | Casa En Venta En Torres Lindavista | pulppo | MXN | 22,000,000 | 5 recámaras | 5 baños | 433 m² construidos | Ayacucho 50, Torres Lindavista, Gustavo A. Madero, Distrito Federal"
,"MXN2,500,000",,,,,https://casa.mercadolibre.com.mx/MLM-2746842953-se-vende-casa-en-escuela-secundaria-160-gustavo-a-madero-cdmx-_JM#polycard_client=search-desktop&be_origin=backend&search_layout=grid&position=40&type=item&tracking_id=4947f269-6bf2-4ee1-a5c5-7df384caedfd&price_drop=not_apply,"Casa en venta | Se Vende Casa En Escuela Secundaria 160, Gustavo A. Madero, Cdmx. | MXN | 2,500,000 | 6 recámaras | 2 baños | 165 m² construidos | Cuautepec De Madero, Gustavo A. Madero, Distrito Federal"
,"MXN2,100,000",,,,,https://departamento.mercadolibre.com.mx/MLM-4841450350-preventa-hacienda-acueducto-lindavista-_JM#polycard_client=search-desktop&be_origin=backend&search_layout=grid&position=41&type=item&tracking_id=4947f269-6bf2-4ee1-a5c5-7df384caedfd&price_drop=not_apply,"Departamento en venta | Preventa Hacienda Acueducto Lindavista | MXN | 2,100,000 | 2 recámaras | 1 baño | 48 m² construidos | Ticoman, Gustavo A. Madero, Distrito Federal"
,"MXN16,000,000",,,,,https://casa.mercadolibre.com.mx/MLM-2846516953-casa-en-venta-en-industrial-_JM#polycard_client=search-desktop&be_origin=backend&search_layout=grid&position=42&type=item&tracking_id=4947f269-6bf2-4ee1-a5c5-7df384caedfd&price_drop=not_apply,"Casa en venta | Casa En Venta En Industrial | pulppo | MXN | 16,000,000 | 4 recámaras | 2 baños | 343 m² construidos | Excelsior 83, Industrial, Gustavo A. Madero, Distrito Federal"
,"MXN7,765,000",,,,,https://casa.mercadolibre.com.mx/MLM-5030444274-venta-casa-lindavista-gustavo-a-madero-cdmx-_JM#polycard_client=search-desktop&be_origin=backend&search_layout=grid&position=43&type=item&tracking_id=4947f269-6bf2-4ee1-a5c5-7df384caedfd&price_drop=not_apply,"Casa en venta | Venta Casa, Lindavista, Gustavo A. Madero, Cdmx | MXN | 7,765,000 | 3 recámaras | 2 baños | 350 m² construidos | MATANZAS, Residencial Zacatenco, Gustavo A. Madero, Distrito Federal"
,"MXN15,000,000",,,,,https://casa.mercadolibre.com.mx/MLM-2694749949-terreno-casa-venta-santa-isabel-tola-_JM#polycard_client=search-desktop&be_origin=backend&search_layout=grid&position=44&type=item&tracking_id=4947f269-6bf2-4ee1-a5c5-7df384caedfd&price_drop=not_apply,"Casa en venta | Terreno-casa  Venta Santa Isabel Tola | MXN | 15,000,000 | 3 recámaras | 3 baños | 252 m² construidos | Santa Isabel Tola, Gustavo A. Madero, Distrito Federal"
,"MXN5,838,363",,,,,https://casa.mercadolibre.com.mx/MLM-4761548066-casa-en-venta-en-acueducto-de-guadalupe-_JM#polycard_client=search-desktop&be_origin=backend&search_layout=grid&position=45&type=item&tracking_id=4947f269-6bf2-4ee1-a5c5-7df384caedfd&price_drop=not_apply,"Casa en venta | Casa En Venta En Acueducto De Guadalupe | pulppo | MXN | 5,838,363 | 3 recámaras | 2 baños | 229 m² construidos | Calle De La Ola, Acueducto De Guadalupe, Gustavo A. Madero, Distrito Federal"
,"MXN2,380,000",,,,,https://departamento.mercadolibre.com.mx/MLM-2763099801-departamento-seminuevo-en-vallejo-cerca-del-hospital-la-raza-y-la-basilica-de-gu-_JM#polycard_client=search-desktop&be_origin=backend&search_layout=grid&position=46&type=item&tracking_id=4947f269-6bf2-4ee1-a5c5-7df384caedfd&price_drop=not_apply,"Departamento en venta | Departamento Seminuevo En Vallejo Cerca Del Hospital La Raza Y La Basilica De Gu | MXN | 2,380,000 | 2 recámaras | 2 baños | 55 m² construidos | Vallejo, Gustavo A. Madero, Distrito Federal"
,"MXN2,350,000",,,,,https://casa.mercadolibre.com.mx/MLM-2844372759-venta-de-casa-en-martin-carrera-cdmx-_JM#polycard_client=search-desktop&be_origin=backend&search_layout=grid&position=47&type=item&tracking_id=4947f269-6bf2-4ee1-a5c5-7df384caedfd&price_drop=not_apply,"Casa en venta | Venta De Casa En Martín Carrera, Cdmx | MXN | 2,350,000 | 2 recámaras | 1 baño | 90 m² construidos | Martín Carrera, Gustavo A. Madero, Distrito Federal"
,"MXN11,899,000",,,,,https://casa.mercadolibre.com.mx/MLM-4671051976-casa-en-venta-corona-industrial-gustavo-a-madero-ciudad-de-mexico-_JM#polycard_client=search-desktop&be_origin=backend&search_layout=grid&position=48&type=item&tracking_id=4947f269-6bf2-4ee1-a5c5-7df384caedfd&price_drop=not_apply,"Casa en venta | Casa En Venta, Corona, Industrial, Gustavo A. Madero, Ciudad De Mexico | MXN | 11,899,000 | 6 recámaras | 4 baños | 425 m² construidos | Corona, Industrial, Gustavo A. Madero, Distrito Federal"
,"MXN2,370,375",,,,,https://departamento.mercadolibre.com.mx/MLM-2738954483-departamento-en-venta-en-colonia-guadalupe-tepeyac-gustavo-a-madero-ciudad-de-mexico-_JM#polycard_client=search-desktop&be_origin=backend&search_layout=grid&position=1&type=item&tracking_id=2d9ec3d8-09e0-4061-827e-8f3e57c63c5f&price_drop=not_apply,"Departamento en venta | Departamento En Venta En Colonia Guadalupe Tepeyac, Gustavo A. Madero, Ciudad De México | MXN | 2,370,375 | 2 recámaras | 1 baño | 63 m² construidos | Alicia 38, Guadalupe Tepeyac, Gustavo A. Madero, Distrito Federal"
,"MXN6,100,000",,,,,https://casa.mercadolibre.com.mx/MLM-4672101500-casa-producto-puerto-madero-casas-aleman-gam-cdmx-_JM#polycard_client=search-desktop&be_origin=backend&search_layout=grid&position=2&type=item&tracking_id=2d9ec3d8-09e0-4061-827e-8f3e57c63c5f&price_drop=not_apply,"Casa en venta | Casa Producto, Puerto Madero, Casas Aleman, Gam, Cdmx. | MXN | 6,100,000 | 14 recámaras | 9 baños | 462 m² construidos | Puerto Madero, Ampliación Casas Alemán, Gustavo A. Madero, Distrito Federal"
,"MXN2,600,000",,,,,https://terreno.mercadolibre.com.mx/MLM-4750845486-casa-en-venta-en-martin-carrera-2600000-pesos-_JM#polycard_client=search-desktop&be_origin=backend&search_layout=grid&position=3&type=item&tracking_id=2d9ec3d8-09e0-4061-827e-8f3e57c63c5f&price_drop=not_apply,"Terreno en venta | Casa En Venta En Martín Carrera $2,600,000 Pesos | MXN | 2,600,000 | 136 m² de terreno | Martín Carrera, Gustavo A. Madero, Distrito Federal"
,"MXN11,899,000",,,,,https://casa.mercadolibre.com.mx/MLM-5030337524-casa-en-venta-corona-industrial-gustavo-a-madero-ciudad-de-mexico-_JM#polycard_client=search-desktop&be_origin=backend&search_layout=grid&position=4&type=item&tracking_id=2d9ec3d8-09e0-4061-827e-8f3e57c63c5f&price_drop=not_apply,"Casa en venta | Casa En Venta, Corona, Industrial, Gustavo A. Madero, Ciudad De Mexico | MXN | 11,899,000 | 6 recámaras | 4 baños | 425 m² construidos | Corona, Industrial, Gustavo A. Madero, Distrito Federal"
,"MXN5,750,000",,,,,https://casa.mercadolibre.com.mx/MLM-2798064693-casa-producto-puerto-madero-casas-aleman-gam-cdmx-_JM#polycard_client=search-desktop&be_origin=backend&search_layout=grid&position=5&type=item&tracking_id=2d9ec3d8-09e0-4061-827e-8f3e57c63c5f&price_drop=false,"Casa en venta | Casa Producto, Puerto Madero, Casas Aleman, Gam, Cdmx. | MXN | 5,750,000 | 14 recámaras | 9 baños | 462 m² construidos | Puerto Madero, Ampliación Casas Alemán, Gustavo A. Madero, Distrito Federal"
,"MXN12,900,000",,,,,https://casa.mercadolibre.com.mx/MLM-5373075718-casa-en-venta-en-planetario-lindavista-_JM#polycard_client=search-desktop&be_origin=backend&search_layout=grid&position=6&type=item&tracking_id=2d9ec3d8-09e0-4061-827e-8f3e57c63c5f&price_drop=not_apply,"Casa en venta | Casa En Venta En Planetario Lindavista | pulppo | MXN | 12,900,000 | 4 recámaras | 4 baños | 550 m² construidos | Buenavista 600, Gustavo A. Madero, Distrito Federal | Tour virtual"
,"MXN4,190,000",,,,,https://departamento.mercadolibre.com.mx/MLM-4761859620-departamento-en-venta-en-residencial-zacatenco-_JM#polycard_client=search-desktop&be_origin=backend&search_layout=grid&position=7&type=item&tracking_id=2d9ec3d8-09e0-4061-827e-8f3e57c63c5f&price_drop=not_apply,"Departamento en venta | Departamento En Venta En Residencial Zacatenco | pulppo | MXN | 4,190,000 | 2 recámaras | 2 baños | 73 m² construidos | CIENFUEGOS 1000, San Pedro Zacatenco, Gustavo A. Madero, Distrito Federal"
,"MXN3,950,000",,,,,https://terreno.mercadolibre.com.mx/MLM-4761873680-terreno-residencial-en-venta-en-residencial-acueducto-de-guadalupe-_JM#polycard_client=search-desktop&be_origin=backend&search_layout=grid&position=8&type=item&tracking_id=2d9ec3d8-09e0-4061-827e-8f3e57c63c5f&price_drop=not_apply,"Terreno en venta | Terreno Residencial En Venta En Residencial Acueducto De Guadalupe | pulppo | MXN | 3,950,000 | 160 m² de terreno | Calle De Los Farallones 0, Gustavo A. Madero, Distrito Federal"
,"MXN1,891,781",,,,,https://inmueble.mercadolibre.com.mx/MLM-4761626302-local-en-venta-en-defensores-de-la-republica-_JM#polycard_client=search-desktop&be_origin=backend&search_layout=grid&position=9&type=item&tracking_id=2d9ec3d8-09e0-4061-827e-8f3e57c63c5f&price_drop=not_apply,"Local comercial en venta | Local En Venta En Defensores De La República | pulppo | MXN | 1,891,781 | 21 m² construidos | Poniente 108 654, Defensores De La República, Gustavo A. Madero, Distrito Federal"
,"MXN3,600,000",,,,,https://departamento.mercadolibre.com.mx/MLM-5376858354-departamento-en-venta-vallejo-colonia-patera-condomodulos-_JM#polycard_client=search-desktop&be_origin=backend&search_layout=grid&position=10&type=item&tracking_id=2d9ec3d8-09e0-4061-827e-8f3e57c63c5f&price_drop=not_apply,"Departamento en venta | Departamento En Venta / Vallejo, Colonia Patera (condomódulos) | MXN | 3,600,000 | 3 recámaras | 2 baños | 114 m² construidos | La Patera Vallejo, Gustavo A. Madero, Distrito Federal"
,"MXN3,050,000",,,,,https://departamento.mercadolibre.com.mx/MLM-2750066849-departamento-en-venta-frente-al-deportivo-bondogito-_JM#polycard_client=search-desktop&be_origin=backend&search_layout=grid&position=11&type=item&tracking_id=2d9ec3d8-09e0-4061-827e-8f3e57c63c5f&price_drop=not_apply,"Departamento en venta | Departamento En Venta Frente Al Deportivo Bondogito | MXN | 3,050,000 | 2 recámaras | 1 baño | 65 m² construidos | Emiliano Zapata, Gustavo A. Madero, Distrito Federal"
,"MXN6,000,000",,,,,https://inmueble.mercadolibre.com.mx/MLM-2735691573-edificio-en-venta-en-vallejo-_JM#polycard_client=search-desktop&be_origin=backend&search_layout=grid&position=12&type=item&tracking_id=2d9ec3d8-09e0-4061-827e-8f3e57c63c5f&price_drop=not_apply,"Edificio en venta | Edificio En Venta En Vallejo | pulppo | MXN | 6,000,000 | 210 m² construidos | Avenida Ingeniero Alfredo Robles Domínguez 100, Vallejo, Gustavo A. Madero, Distrito Federal"
,"MXN1,764,415",,,,,https://inmueble.mercadolibre.com.mx/MLM-4761690900-local-en-venta-en-defensores-de-la-republica-_JM#polycard_client=search-desktop&be_origin=backend&search_layout=grid&position=13&type=item&tracking_id=2d9ec3d8-09e0-4061-827e-8f3e57c63c5f&price_drop=not_apply,"Local comercial en venta | Local En Venta En Defensores De La República | pulppo | MXN | 1,764,415 | 20 m² construidos | Poniente 108 654, Defensores De La República, Gustavo A. Madero, Distrito Federal"
,"MXN2,007,189",,,,,https://inmueble.mercadolibre.com.mx/MLM-4761794456-local-en-venta-en-defensores-de-la-republica-_JM#polycard_client=search-desktop&be_origin=backend&search_layout=grid&position=14&type=item&tracking_id=2d9ec3d8-09e0-4061-827e-8f3e57c63c5f&price_drop=not_apply,"Local comercial en venta | Local En Venta En Defensores De La República | pulppo | MXN | 2,007,189 | 25 m² construidos | Poniente 108 654, Defensores De La República, Gustavo A. Madero, Distrito Federal"
,"MXN23,000,000",,,,,https://terreno.mercadolibre.com.mx/MLM-4761600424-terreno-industrial-en-venta-en-industrial-vallejo-_JM#polycard_client=search-desktop&be_origin=backend&search_layout=grid&position=15&type=item&tracking_id=2d9ec3d8-09e0-4061-827e-8f3e57c63c5f&price_drop=not_apply,"Terreno en venta | Terreno Industrial En Venta En Industrial Vallejo | pulppo | MXN | 23,000,000 | 1,173 m² de terreno | Uranio 200, Nueva Industrial Vallejo, Gustavo A. Madero, Distrito Federal"
,"MXN1,756,643",,,,,https://inmueble.mercadolibre.com.mx/MLM-4761729416-local-en-venta-en-defensores-de-la-republica-_JM#polycard_client=search-desktop&be_origin=backend&search_layout=grid&position=16&type=item&tracking_id=2d9ec3d8-09e0-4061-827e-8f3e57c63c5f&price_drop=not_apply,"Local comercial en venta | Local En Venta En Defensores De La República | pulppo | MXN | 1,756,643 | 20 m² construidos | Poniente 108 654, Defensores De La República, Gustavo A. Madero, Distrito Federal"
,"MXN1,478,851",,,,,https://inmueble.mercadolibre.com.mx/MLM-4761896450-local-en-venta-en-defensores-de-la-republica-_JM#polycard_client=search-desktop&be_origin=backend&search_layout=grid&position=17&type=item&tracking_id=2d9ec3d8-09e0-4061-827e-8f3e57c63c5f&price_drop=not_apply,"Local comercial en venta | Local En Venta En Defensores De La República | pulppo | MXN | 1,478,851 | 17 m² construidos | Poniente 108 654, Defensores De La República, Gustavo A. Madero, Distrito Federal"
,"MXN2,365,926",,,,,https://inmueble.mercadolibre.com.mx/MLM-4761742566-local-en-venta-en-defensores-de-la-republica-_JM#polycard_client=search-desktop&be_origin=backend&search_layout=grid&position=18&type=item&tracking_id=2d9ec3d8-09e0-4061-827e-8f3e57c63c5f&price_drop=not_apply,"Local comercial en venta | Local En Venta En Defensores De La República | pulppo | MXN | 2,365,926 | 29 m² construidos | Poniente 108 654, Defensores De La República, Gustavo A. Madero, Distrito Federal"
,"MXN251,284,000",,,,,https://terreno.mercadolibre.com.mx/MLM-4761626250-terreno-comercial-en-venta-en-industrial-vallejo-_JM#polycard_client=search-desktop&be_origin=backend&search_layout=grid&position=19&type=item&tracking_id=2d9ec3d8-09e0-4061-827e-8f3e57c63c5f&price_drop=not_apply,"Terreno en venta | Terreno Comercial En Venta En Industrial Vallejo | pulppo | MXN | 251,284,000 | 11,412 m² construidos | Poniente, Industrial Vallejo, Gustavo A. Madero, Distrito Federal"
,"MXN47,000,000",,,,,https://terreno.mercadolibre.com.mx/MLM-4761561856-terreno-residencial-en-venta-en-capultitlan-_JM#polycard_client=search-desktop&be_origin=backend&search_layout=grid&position=20&type=item&tracking_id=2d9ec3d8-09e0-4061-827e-8f3e57c63c5f&price_drop=not_apply,"Terreno en venta | Terreno Residencial En Venta En Capultitlan | pulppo | MXN | 47,000,000 | 1,600 m² construidos | Capultitlan, Gustavo A. Madero, Ciudad De México, Capultitlán, Gustavo A. Madero, Distrito Federal"
,"MXN110,000,000",,,,,https://inmueble.mercadolibre.com.mx/MLM-2748624915-propiedad-industrial-en-venta-ciudad-de-mexico-gustavo-a-madero-tepeyac-_JM#polycard_client=search-desktop&be_origin=backend&search_layout=grid&position=21&type=item&tracking_id=2d9ec3d8-09e0-4061-827e-8f3e57c63c5f&price_drop=not_apply,"Bodega en venta | Propiedad Industrial En Venta, Ciudad De México, Gustavo A. Madero, Tepeyac | MXN | 110,000,000 | 7,359 m² construidos | Congreso De La Unión Calle Pelícano, Amp San Juan De Aragón, 07470 Ciudad De México, CDMX, Mexico, Granjas Modernas, Gustavo A. Madero, Distrito Federal"
,"MXN2,010,000",,,,,https://departamento.mercadolibre.com.mx/MLM-2743005731-departamento-en-venta-en-san-juan-de-aragon-_JM#polycard_client=search-desktop&be_origin=backend&search_layout=grid&position=22&type=item&tracking_id=2d9ec3d8-09e0-4061-827e-8f3e57c63c5f&price_drop=not_apply,"Departamento en venta | Departamento En Venta En San Juan De Aragon | MXN | 2,010,000 | 3 recámaras | 1 baño | 60 m² construidos | Cam San Juan De Aragon 129 EDI ¨B¨ DPTO 301, El Olivo, Gustavo A. Madero, Distrito Federal"
,"MXN3,426,400",,,,,https://departamento.mercadolibre.com.mx/MLM-2739006407-departamento-en-venta-en-colonia-bondojito-gustavo-a-madero-ciudad-de-mexico-_JM#polycard_client=search-desktop&be_origin=backend&search_layout=grid&position=23&type=item&tracking_id=2d9ec3d8-09e0-4061-827e-8f3e57c63c5f&price_drop=not_apply,"Departamento en venta | Departamento En Venta En Colonia Bondojito, Gustavo A. Madero, Ciudad De México | MXN | 3,426,400 | 2 recámaras | 1 baño | 64 m² construidos | Ferrocarril Hidalgo  1375, Bondojito, Gustavo A. Madero, Distrito Federal"
,"MXN13,200,000",,,,,https://inmueble.mercadolibre.com.mx/MLM-4642306376-edificio-en-lindavista-gustavo-a-madero-_JM#polycard_client=search-desktop&be_origin=backend&search_layout=grid&position=24&type=item&tracking_id=2d9ec3d8-09e0-4061-827e-8f3e57c63c5f&price_drop=not_apply,"Edificio en venta | Edificio En Lindavista, Gustavo A. Madero | MXN | 13,200,000 | 800 m² construidos | Lindavista Norte, Gustavo A. Madero, Distrito Federal"
,"US$1,145,000",,,,,https://terreno.mercadolibre.com.mx/MLM-4761665138-terreno-residencial-en-venta-en-bosque-real-_JM#polycard_client=search-desktop&be_origin=backend&search_layout=grid&position=25&type=item&tracking_id=2d9ec3d8-09e0-4061-827e-8f3e57c63c5f&price_drop=not_apply,"Terreno en venta | Terreno Residencial En Venta En Bosque Real | pulppo | US$ | 1,145,000 | 1,006 m² construidos | Isla Del Bosque L24, Lindavista Sur, Gustavo A. Madero, Distrito Federal"
,"MXN2,900,000",,,,,https://terreno.mercadolibre.com.mx/MLM-2738837935-terreno-en-venta-en-colonia-campestre-aragon-gustavo-a-madero-ciudad-de-mexico-_JM#polycard_client=search-desktop&be_origin=backend&search_layout=grid&position=26&type=item&tracking_id=2d9ec3d8-09e0-4061-827e-8f3e57c63c5f&price_drop=not_apply,"Terreno en venta | Terreno En Venta En Colonia Campestre Aragón, Gustavo A. Madero, Ciudad De México | MXN | 2,900,000 | 171 m² de terreno | Triunfo A 132, Campestre Aragón, Gustavo A. Madero, Distrito Federal"
,"MXN14,000,000",,,,,https://casa.mercadolibre.com.mx/MLM-2710976453-casa-en-venta-en-lindavista-sur-_JM#polycard_client=search-desktop&be_origin=backend&search_layout=grid&position=27&type=item&tracking_id=2d9ec3d8-09e0-4061-827e-8f3e57c63c5f&price_drop=not_apply,"Casa en venta | Casa En Venta En Lindavista Sur | MXN | 14,000,000 | 5 recámaras | 3 baños | 298 m² de terreno | Avenida Montiel Esq. Con Entre Coquinbo Y Curazao, Gustavo A. Madero, Distrito Federal"
,"MXN2,319,308",,,,,https://inmueble.mercadolibre.com.mx/MLM-4761820356-local-en-venta-en-defensores-de-la-republica-_JM#polycard_client=search-desktop&be_origin=backend&search_layout=grid&position=28&type=item&tracking_id=2d9ec3d8-09e0-4061-827e-8f3e57c63c5f&price_drop=not_apply,"Local comercial en venta | Local En Venta En Defensores De La República | pulppo | MXN | 2,319,308 | 29 m² construidos | Poniente 108 654, Defensores De La República, Gustavo A. Madero, Distrito Federal"
,"MXN6,700,000",,,,,https://casa.mercadolibre.com.mx/MLM-2798036913-venta-casa-nueva-atzacoalco-gustavo-a-madero-cdmx-_JM#polycard_client=search-desktop&be_origin=backend&search_layout=grid&position=29&type=item&tracking_id=2d9ec3d8-09e0-4061-827e-8f3e57c63c5f&price_drop=not_apply,"Casa en venta | Venta Casa, Nueva Atzacoalco, Gustavo A. Madero, Cdmx | MXN | 6,700,000 | 3 recámaras | 2 baños | 195 m² construidos | C. 313 454, Nueva Atzacoalco, Gustavo A. Madero, Distrito Federal"
,"MXN2,250,000",,,,,https://departamento.mercadolibre.com.mx/MLM-2753727083-departamento-en-venta-en-lindavista-vallejo-ii-_JM#polycard_client=search-desktop&be_origin=backend&search_layout=grid&position=30&type=item&tracking_id=2d9ec3d8-09e0-4061-827e-8f3e57c63c5f&price_drop=not_apply,"Departamento en venta | Departamento En Venta En Lindavista Vallejo Ii | MXN | 2,250,000 | 3 recámaras | 2 baños | 88 m² construidos | Edif 32 Ent A Depto 501, Lindavista Vallejo II Sección, Gustavo A. Madero, Distrito Federal"
,"MXN9,200,000",,,,,https://casa.mercadolibre.com.mx/MLM-4830289986-casa-venta-tepeyac-insurgentes-_JM#polycard_client=search-desktop&be_origin=backend&search_layout=grid&position=31&type=item&tracking_id=2d9ec3d8-09e0-4061-827e-8f3e57c63c5f&price_drop=not_apply,"Casa en venta | Casa Venta Tepeyac Insurgentes | MXN | 9,200,000 | 3 recámaras | 2 baños | 190 m² construidos | Tepeyac Insurgentes, Gustavo A. Madero, Distrito Federal"
,"MXN5,490,000",,,,,https://departamento.mercadolibre.com.mx/MLM-5199709970-mhl-departamento-en-venta-lindavista-alcaldia-gustavo-a-madero-_JM#polycard_client=search-desktop&be_origin=backend&search_layout=grid&position=32&type=item&tracking_id=2d9ec3d8-09e0-4061-827e-8f3e57c63c5f&price_drop=not_apply,"Departamento en venta | Mhl. Departamento En Venta Lindavista, Alcaldía Gustavo A. Madero | MXN | 5,490,000 | 3 recámaras | 2 baños | 153 m² construidos | Planetario Lindavista, Gustavo A. Madero, Distrito Federal"
,"MXN7,300,000",,,,,https://casa.mercadolibre.com.mx/MLM-2867658021-casa-en-venta-en-alcaldia-gustavo-a-madero-con-terraza-y-3-recamaras-_JM#polycard_client=search-desktop&be_origin=backend&search_layout=grid&position=33&type=item&tracking_id=2d9ec3d8-09e0-4061-827e-8f3e57c63c5f&price_drop=not_apply,"Casa en venta | Casa En Venta En Alcaldía Gustavo A. Madero Con Terraza Y 3 Recámaras | MXN | 7,300,000 | 3 recámaras | 3 baños | 322 m² construidos | Av De Los 45 Metros Sn, San Bartolo Atepehuacan, Gustavo A. Madero, Distrito Federal"
,"MXN7,900,000",,,,,https://inmueble.mercadolibre.com.mx/MLM-5153190538-dge-edificio-en-venta-colonia-estrella-alcaldia-gustavo-a-madero-_JM#polycard_client=search-desktop&be_origin=backend&search_layout=grid&position=34&type=item&tracking_id=2d9ec3d8-09e0-4061-827e-8f3e57c63c5f&price_drop=not_apply,"Edificio en venta | Dge Edificio En Venta Colonia Estrella, Alcaldía Gustavo A. Madero | MXN | 7,900,000 | 369 m² construidos | Estrella, Gustavo A. Madero, Distrito Federal"
,"MXN7,230,000",,,,,https://casa.mercadolibre.com.mx/MLM-2874611745-casa-en-venta-en-gertrudiz-sanchez-_JM#polycard_client=search-desktop&be_origin=backend&search_layout=grid&position=35&type=item&tracking_id=2d9ec3d8-09e0-4061-827e-8f3e57c63c5f&price_drop=not_apply,"Casa en venta | Casa En Venta En Gertrudiz Sánchez | pulppo | MXN | 7,230,000 | 3 recámaras | 2 baños | 265 m² construidos | Norte 82-A 6100, Gustavo A. Madero, Distrito Federal"
,"MXN4,325,000",,,,,https://casa.mercadolibre.com.mx/MLM-2738786137-casa-en-venta-en-san-felipe-de-jesus-gustavo-a-madero-_JM#polycard_client=search-desktop&be_origin=backend&search_layout=grid&position=36&type=item&tracking_id=2d9ec3d8-09e0-4061-827e-8f3e57c63c5f&price_drop=not_apply,"Casa en venta | Casa En Venta En San Felipe De Jesús, Gustavo A. Madero | MXN | 4,325,000 | 1 recámara | 3 baños | 213 m² construidos | Cda Emiliano Zapata 20, San Felipe De Jesús, Gustavo A. Madero, Distrito Federal"
,"MXN8,900,000",,,,,https://casa.mercadolibre.com.mx/MLM-2865243605-guadalupe-tepeyac-casa-en-venta-_JM#polycard_client=search-desktop&be_origin=backend&search_layout=grid&position=37&type=item&tracking_id=2d9ec3d8-09e0-4061-827e-8f3e57c63c5f&price_drop=not_apply,"Casa en venta | Guadalupe Tepeyac, Casa En Venta | MXN | 8,900,000 | 4 recámaras | 2 baños | 335 m² construidos | Delia 100, Guadalupe Tepeyac, Gustavo A. Madero, Distrito Federal"
,"MXN5,100,000",,,,,https://casa.mercadolibre.com.mx/MLM-2926586237-se-vende-casa-en-san-juan-de-aragon-zp536-_JM#polycard_client=search-desktop&be_origin=backend&search_layout=grid&position=38&type=item&tracking_id=2d9ec3d8-09e0-4061-827e-8f3e57c63c5f&price_drop=not_apply,"Casa en venta | Se Vende Casa En San Juan De Aragon Zp536 | MXN | 5,100,000 | 3 recámaras | 1 baño | 156 m² construidos | San Juan De Aragón IV Sección, Gustavo A. Madero, Distrito Federal"
,"MXN7,500,000",,,,,https://casa.mercadolibre.com.mx/MLM-5146509454-edificio-en-venta-col-providencia-uso-de-suelo-_JM#polycard_client=search-desktop&be_origin=backend&search_layout=grid&position=39&type=item&tracking_id=2d9ec3d8-09e0-4061-827e-8f3e57c63c5f&price_drop=not_apply,"Casa en venta | Edificio En Venta Col Providencia, Uso De Suelo | MXN | 7,500,000 | 9 recámaras | 3 baños | 480 m² construidos | Providencia, Gustavo A. Madero, Distrito Federal"
,"US$480,000",,,,,https://departamento.mercadolibre.com.mx/MLM-4761625518-departamento-en-venta-en-bosque-real-_JM#polycard_client=search-desktop&be_origin=backend&search_layout=grid&position=40&type=item&tracking_id=2d9ec3d8-09e0-4061-827e-8f3e57c63c5f&price_drop=not_apply,"Departamento en venta | Departamento En Venta En Bosque Real | pulppo | US$ | 480,000 | 2 recámaras | 3 baños | 152 m² construidos | Blvrd. Bosque Real, Bosque Real, 52770 Huixquilucan, Edo De México., Progreso Nacional, Gustavo A. Madero, Distrito Federal"
,"MXN3,090,000",,,,,https://departamento.mercadolibre.com.mx/MLM-2797981893-departamento-en-venta-en-colonia-nueva-industrial-vallejo-gustavo-a-madero-ciudad-de-mexico-_JM#polycard_client=search-desktop&be_origin=backend&search_layout=grid&position=41&type=item&tracking_id=2d9ec3d8-09e0-4061-827e-8f3e57c63c5f&price_drop=not_apply,"Departamento en venta | Departamento En Venta En Colonia Nueva Industrial Vallejo, Gustavo A. Madero, Ciudad De México | MXN | 3,090,000 | 3 recámaras | 1 baño | 65 m² construidos | Eje Central Lazaro Cardenas 1040, Nueva Industrial Vallejo, Gustavo A. Madero, Distrito Federal"
,"MXN4,536,000",,,,,https://departamento.mercadolibre.com.mx/MLM-2605871735-departamento-en-venta-en-residencial-zacatenco-_JM#polycard_client=search-desktop&be_origin=backend&search_layout=grid&position=42&type=item&tracking_id=2d9ec3d8-09e0-4061-827e-8f3e57c63c5f&price_drop=not_apply,"Departamento en venta | Departamento En Venta En Residencial Zacatenco | pulppo | MXN | 4,536,000 | 2 recámaras | 2 baños | 109 m² construidos | Av. Acueducto 650, San Pedro Zacatenco, Gustavo A. Madero, Distrito Federal"
,"MXN7,000,000",,,,,https://casa.mercadolibre.com.mx/MLM-2908789573-casa-sola-para-remodelar-en-rio-blanco-gustavo-a-madero-_JM#polycard_client=search-desktop&be_origin=backend&search_layout=grid&position=43&type=item&tracking_id=2d9ec3d8-09e0-4061-827e-8f3e57c63c5f&price_drop=not_apply,"Casa en venta | Casa Sola Para Remodelar En Rio Blanco, Gustavo A Madero | MXN | 7,000,000 | 4 recámaras | 3 baños | 185 m² construidos | Industrial, Gustavo A. Madero, Distrito Federal"
,"MXN13,000,000",,,,,https://inmueble.mercadolibre.com.mx/MLM-4671727236-venta-de-local-comercial-en-colonia-vallejo-delegacion-gustavo-a-madero-_JM#polycard_client=search-desktop&be_origin=backend&search_layout=grid&position=44&type=item&tracking_id=2d9ec3d8-09e0-4061-827e-8f3e57c63c5f&price_drop=not_apply,"Local comercial en venta | Venta De Local Comercial En Colonia Vallejo, Delegación Gustavo A Madero | MXN | 13,000,000 | 12 baños | 1,064 m² construidos | Pedro Luis Ogazon 105, Vallejo, Gustavo A. Madero, Distrito Federal"
,"MXN13,000,000",,,,,https://inmueble.mercadolibre.com.mx/MLM-5022802036-venta-de-local-comercial-en-colonia-vallejo-delegacion-gustavo-a-madero-_JM#polycard_client=search-desktop&be_origin=backend&search_layout=grid&position=45&type=item&tracking_id=2d9ec3d8-09e0-4061-827e-8f3e57c63c5f&price_drop=not_apply,"Local comercial en venta | Venta De Local Comercial En Colonia Vallejo, Delegación Gustavo A Madero | MXN | 13,000,000 | 12 baños | 1,064 m² construidos | Pedro Luis Ogazon 105, Vallejo, Gustavo A. Madero, Distrito Federal"
,"MXN2,855,070",,,,,https://departamento.mercadolibre.com.mx/MLM-2738786233-departamento-en-venta-en-villa-de-aragon-_JM#polycard_client=search-desktop&be_origin=backend&search_layout=grid&position=46&type=item&tracking_id=2d9ec3d8-09e0-4061-827e-8f3e57c63c5f&price_drop=not_apply,"Departamento en venta | Departamento En Venta En Villa De Aragón | MXN | 2,855,070 | 2 recámaras | 1 baño | 58 m² construidos | Cuitlahuac 99, Villa De Aragón, Gustavo A. Madero, Distrito Federal"
,"MXN4,400,000",,,,,https://casa.mercadolibre.com.mx/MLM-2867536185-venta-de-casa-en-progreso-nacional-ct855-_JM#polycard_client=search-desktop&be_origin=backend&search_layout=grid&position=47&type=item&tracking_id=2d9ec3d8-09e0-4061-827e-8f3e57c63c5f&price_drop=not_apply,"Casa en venta | Venta De Casa En Progreso Nacional Ct855 | MXN | 4,400,000 | 2 recámaras | 2 baños | 160 m² construidos | Progreso Nacional, Gustavo A. Madero, Distrito Federal"
,"MXN7,664,000",,,,,https://casa.mercadolibre.com.mx/MLM-2884273285-casa-en-venta-en-la-joyita-_JM#polycard_client=search-desktop&be_origin=backend&search_layout=grid&position=48&type=item&tracking_id=2d9ec3d8-09e0-4061-827e-8f3e57c63c5f&price_drop=not_apply,"Casa en venta | Casa En Venta En La Joyita | pulppo | MXN | 7,664,000 | 8 recámaras | 3 baños | 263 m² construidos | Norte 0, Gustavo A. Madero, Distrito Federal"
,"MXN12,000,000",,,,,https://inmueble.mercadolibre.com.mx/MLM-5030475644-venta-de-local-comercial-en-colonia-vallejo-delegacion-gustavo-a-madero-_JM#polycard_client=search-desktop&be_origin=backend&search_layout=grid&position=1&type=item&tracking_id=3d3b034d-0a4f-4e34-b6f6-a28235c05b04&price_drop=false,"Local comercial en venta | Venta De Local Comercial En Colonia Vallejo, Delegación Gustavo A Madero | MXN | 12,000,000 | 12 baños | 1,064 m² construidos | Pedro Luis Ogazon 105, Vallejo, Gustavo A. Madero, Distrito Federal"
,"MXN100,000,000",,,,,https://inmueble.mercadolibre.com.mx/MLM-5241288952-edificio-venta-ampliacion-san-juan-de-aragon-_JM#polycard_client=search-desktop&be_origin=backend&search_layout=grid&position=2&type=item&tracking_id=3d3b034d-0a4f-4e34-b6f6-a28235c05b04&price_drop=not_apply,"Bodega en venta | Edificio Venta  Ampliación San Juan De Aragón | MXN | 100,000,000 | 4,186 m² construidos | Ampliación San Juan De Aragón, Gustavo A. Madero, Distrito Federal"
,"MXN6,000,000",,,,,https://inmueble.mercadolibre.com.mx/MLM-2479353637-pequeno-edificio-en-venta-av-talisman-inversionistas-_JM#polycard_client=search-desktop&be_origin=backend&search_layout=grid&position=3&type=item&tracking_id=3d3b034d-0a4f-4e34-b6f6-a28235c05b04&price_drop=not_apply,"Edificio en venta | Pequeño Edificio En Venta Av. Talismán Inversionistas | MXN | 6,000,000 | 288 m² construidos | Tres Estrellas, Gustavo A. Madero, Distrito Federal"
,"MXN2,984,315",,,,,https://departamento.mercadolibre.com.mx/MLM-5042106658-departamento-en-venta-en-colonia-guadalupe-tepeyac-gustavo-a-madero-ciudad-de-mexico-_JM#polycard_client=search-desktop&be_origin=backend&search_layout=grid&position=4&type=item&tracking_id=3d3b034d-0a4f-4e34-b6f6-a28235c05b04&price_drop=not_apply,"Departamento en venta | Departamento En Venta En Colonia Guadalupe Tepeyac, Gustavo A. Madero, Ciudad De México | MXN | 2,984,315 | 3 recámaras | 2 baños | 54 m² construidos | SARA 4413, Guadalupe Tepeyac, Gustavo A. Madero, Distrito Federal"
,"MXN4,191,000",,,,,https://departamento.mercadolibre.com.mx/MLM-4948185854-venta-de-departamentos-en-residencial-zacatenco-gustavo-a-madero-da557-_JM#polycard_client=search-desktop&be_origin=backend&search_layout=grid&position=5&type=item&tracking_id=3d3b034d-0a4f-4e34-b6f6-a28235c05b04&price_drop=not_apply,"Departamento en venta | Venta De Departamentos En Residencial Zacatenco Gustavo A. Madero  Da557 | MXN | 4,191,000 | 3 recámaras | 2 baños | 88 m² construidos | Residencial Zacatenco, Gustavo A. Madero, Distrito Federal"
,"MXN4,427,098",,,,,https://departamento.mercadolibre.com.mx/MLM-5132966282-modernos-departamenos-listos-para-estrenar-a-la-venta-en-lindavista-_JM#polycard_client=search-desktop&be_origin=backend&search_layout=grid&position=6&type=item&tracking_id=3d3b034d-0a4f-4e34-b6f6-a28235c05b04&price_drop=not_apply,"Departamento en venta | Modernos Departamenos Listos Para Estrenar A La Venta En Lindavista | MXN | 4,427,098 | 3 recámaras | 2 baños | 98 m² construidos | Residencial Zacatenco, Gustavo A. Madero, Distrito Federal"
,"MXN6,500,000",,,,,https://casa.mercadolibre.com.mx/MLM-2932323063-casa-en-venta-en-colonia-industrial-gustavo-a-madero-ciudad-de-mexico-_JM#polycard_client=search-desktop&be_origin=backend&search_layout=grid&position=7&type=item&tracking_id=3d3b034d-0a4f-4e34-b6f6-a28235c05b04&price_drop=not_apply,"Casa en venta | Casa En Venta En Colonia Industrial, Gustavo A. Madero, Ciudad De México | MXN | 6,500,000 | 3 recámaras | 3 baños | 386 m² construidos | Unión 94, Industrial, Gustavo A. Madero, Distrito Federal"
,"MXN6,350,000",,,,,https://casa.mercadolibre.com.mx/MLM-2936661865-braulio-martinez-col-guadalupe-insurgentes-excelente-ubicacion-_JM#polycard_client=search-desktop&be_origin=backend&search_layout=grid&position=8&type=item&tracking_id=3d3b034d-0a4f-4e34-b6f6-a28235c05b04&price_drop=not_apply,"Casa en venta | Braulio Martinez, Col. Guadalupe Insurgentes. Excelente Ubicación | MXN | 6,350,000 | 6 recámaras | 2 baños | 262 m² construidos | Ing Braulio Martinez Al 141, Guadalupe Insurgentes, Gustavo A. Madero, Distrito Federal"
,"MXN4,490,400",,,,,https://departamento.mercadolibre.com.mx/MLM-2745324507-departamentos-en-preventa-en-lindavista-_JM#polycard_client=search-desktop&be_origin=backend&search_layout=grid&position=9&type=item&tracking_id=3d3b034d-0a4f-4e34-b6f6-a28235c05b04&price_drop=not_apply,"Departamento en venta | Departamentos En Preventa En Lindavista | MXN | 4,490,400 | 2 recámaras | 2 baños | 65 m² construidos | Departamentos En Preventa En Lindavista S/N, Lindavista Norte, Gustavo A. Madero, Distrito Federal"
,"MXN5,900,000",,,,,https://inmueble.mercadolibre.com.mx/MLM-2745122719-venta-casa-bodega-en-gustavo-a-madero-_JM#polycard_client=search-desktop&be_origin=backend&search_layout=grid&position=10&type=item&tracking_id=3d3b034d-0a4f-4e34-b6f6-a28235c05b04&price_drop=not_apply,"Bodega en venta | Venta Casa-bodega En Gustavo A. Madero | MXN | 5,900,000 | 281 m² construidos | Santa Isabel Tola S/N, Santa Isabel Tola, Gustavo A. Madero, Distrito Federal"
,"MXN3,100,000",,,,,https://casa.mercadolibre.com.mx/MLM-2745045377-casa-en-venta-en-cocoyotes-gustavo-a-madero-_JM#polycard_client=search-desktop&be_origin=backend&search_layout=grid&position=11&type=item&tracking_id=3d3b034d-0a4f-4e34-b6f6-a28235c05b04&price_drop=not_apply,"Casa en venta | Casa En Venta En Cocoyotes, Gustavo A. Madero | MXN | 3,100,000 | 3 recámaras | 2 baños | 240 m² construidos | Venta Casa En La Colonia Cocoyotes S/N, Cocoyotes, Gustavo A. Madero, Distrito Federal"
,"MXN2,350,000",,,,,https://departamento.mercadolibre.com.mx/MLM-4829888402-venta-departamento-guadalupe-insurgentes-gustavo-a-madero-_JM#polycard_client=search-desktop&be_origin=backend&search_layout=grid&position=12&type=item&tracking_id=3d3b034d-0a4f-4e34-b6f6-a28235c05b04&price_drop=not_apply,"Departamento en venta | Venta Departamento  Guadalupe Insurgentes, Gustavo A. Madero | MXN | 2,350,000 | 2 recámaras | 1 baño | 50 m² construidos | Guadalupe Insurgentes Sn, Guadalupe Insurgentes, Gustavo A. Madero, Distrito Federal"
,"MXN12,500,000",,,,,https://casa.mercadolibre.com.mx/MLM-4791455396-casa-en-venta-en-torres-lindavista-_JM#polycard_client=search-desktop&be_origin=backend&search_layout=grid&position=13&type=item&tracking_id=3d3b034d-0a4f-4e34-b6f6-a28235c05b04&price_drop=not_apply,"Casa en venta | Casa En Venta En Torres Lindavista | MXN | 12,500,000 | 5 recámaras | 4 baños | 350 m² construidos | Avenida Miguel Othon De Mendizabal S/N, Torres Lindavista, Gustavo A. Madero, Distrito Federal"
,"MXN7,600,000",,,,,https://casa.mercadolibre.com.mx/MLM-4948095018-venta-de-casa-en-lindavista-gam-da391-_JM#polycard_client=search-desktop&be_origin=backend&search_layout=grid&position=14&type=item&tracking_id=3d3b034d-0a4f-4e34-b6f6-a28235c05b04&price_drop=not_apply,"Casa en venta | Venta De Casa En Lindavista, Gam Da391 | MXN | 7,600,000 | 5 recámaras | 3 baños | 338 m² construidos | Lindavista Norte, Gustavo A. Madero, Distrito Federal"
,"MXN9,000,000",,,,,https://casa.mercadolibre.com.mx/MLM-2943281219-casa-en-venta-con-jardin-en-lindavista-ib42-_JM#polycard_client=search-desktop&be_origin=backend&search_layout=grid&position=15&type=item&tracking_id=3d3b034d-0a4f-4e34-b6f6-a28235c05b04&price_drop=not_apply,"Casa en venta | Casa En Venta Con Jardin En Lindavista Ib42 | MXN | 9,000,000 | 4 recámaras | 3 baños | 337 m² construidos | Lindavista Sur, Gustavo A. Madero, Distrito Federal"
,"MXN2,432,700",,,,,https://departamento.mercadolibre.com.mx/MLM-2926586497-venta-de-departamento-en-san-juan-de-aragon-gustavo-a-madero-zp538-_JM#polycard_client=search-desktop&be_origin=backend&search_layout=grid&position=16&type=item&tracking_id=3d3b034d-0a4f-4e34-b6f6-a28235c05b04&price_drop=not_apply,"Departamento en venta | Venta De Departamento En San Juan De Aragon, Gustavo A Madero Zp538 | MXN | 2,432,700 | 3 recámaras | 1 baño | 77 m² construidos | San Juan De Aragón I Sección, Gustavo A. Madero, Distrito Federal"
,"MXN3,600,000",,,,,https://departamento.mercadolibre.com.mx/MLM-5178985368-venta-de-departamento-en-nueva-atzacoalco-gustavo-a-madero-ze202-_JM#polycard_client=search-desktop&be_origin=backend&search_layout=grid&position=17&type=item&tracking_id=3d3b034d-0a4f-4e34-b6f6-a28235c05b04&price_drop=not_apply,"Departamento en venta | Venta De Departamento En Nueva Atzacoalco, Gustavo A. Madero Ze202 | MXN | 3,600,000 | 3 recámaras | 1 baño | 110 m² construidos | Nueva Atzacoalco, Gustavo A. Madero, Distrito Federal"
,"MXN13,290,000",,,,,https://inmueble.mercadolibre.com.mx/MLM-4948069420-edificio-en-venta-calzada-de-guadalupe-cuauthemoc-cdmx-le706-_JM#polycard_client=search-desktop&be_origin=backend&search_layout=grid&position=18&type=item&tracking_id=3d3b034d-0a4f-4e34-b6f6-a28235c05b04&price_drop=not_apply,"Edificio en venta | Edificio En Venta Calzada De Guadalupe, Cuauthémoc. Cdmx Le706 | MXN | 13,290,000 | 687 m² construidos | Guadalupe Tepeyac, Gustavo A. Madero, Distrito Federal"
,"MXN6,500,000",,,,,https://casa.mercadolibre.com.mx/MLM-2924560907-casa-en-venta-en-colonia-san-pedro-zacatenco-gustavo-a-madero-ciudad-de-mexico-_JM#polycard_client=search-desktop&be_origin=backend&search_layout=grid&position=19&type=item&tracking_id=3d3b034d-0a4f-4e34-b6f6-a28235c05b04&price_drop=not_apply,"Casa en venta | Casa En Venta En Colonia San Pedro Zacatenco, Gustavo A. Madero, Ciudad De México | MXN | 6,500,000 | 8 recámaras | 4 baños | 340 m² construidos | Brasilia  13, San Pedro Zacatenco, Gustavo A. Madero, Distrito Federal"
,"MXN7,500,000",,,,,https://casa.mercadolibre.com.mx/MLM-5352617340-casa-en-venta-puerto-coatzacoalcos-sur-heroes-de-chapultepec-_JM#polycard_client=search-desktop&be_origin=backend&search_layout=grid&position=20&type=item&tracking_id=3d3b034d-0a4f-4e34-b6f6-a28235c05b04&price_drop=not_apply,"Casa en venta | Casa En Venta, Puerto Coatzacoalcos Sur, Heroes De Chapultepec | MXN | 7,500,000 | 8 recámaras | 3 baños | 426 m² construidos | Héroes De Chapultepec, Gustavo A. Madero, Distrito Federal"
,"MXN2,900,000",,,,,https://departamento.mercadolibre.com.mx/MLM-4948122548-departamento-en-venta-en-villa-de-aragon-gustavo-a-madero-lc472-_JM#polycard_client=search-desktop&be_origin=backend&search_layout=grid&position=21&type=item&tracking_id=3d3b034d-0a4f-4e34-b6f6-a28235c05b04&price_drop=not_apply,"Departamento en venta | Departamento En Venta En Villa De Aragón Gustavo A. Madero Lc472 | MXN | 2,900,000 | 2 recámaras | 1 baño | 60 m² construidos | Villa De Aragón, Gustavo A. Madero, Distrito Federal"
,"MXN9,600,000",,,,,https://inmueble.mercadolibre.com.mx/MLM-4948082678-edificio-comercial-vallejo-gustavo-a-madero-cdmx-da582-_JM#polycard_client=search-desktop&be_origin=backend&search_layout=grid&position=22&type=item&tracking_id=3d3b034d-0a4f-4e34-b6f6-a28235c05b04&price_drop=not_apply,"Edificio en venta | Edificio Comercial Vallejo Gustavo A Madero Cdmx Da582 | MXN | 9,600,000 | 461 m² construidos | Vallejo, Gustavo A. Madero, Distrito Federal"
,"MXN35,000,000",,,,,https://inmueble.mercadolibre.com.mx/MLM-2867740557-oficina-en-venta-en-gustavo-a-madero-nueva-industrial-vallejo-cdmx-_JM#polycard_client=search-desktop&be_origin=backend&search_layout=grid&position=23&type=item&tracking_id=3d3b034d-0a4f-4e34-b6f6-a28235c05b04&price_drop=not_apply,"Oficina en venta | Oficina En Venta En Gustavo A. Madero Nueva Industrial Vallejo Cdmx | MXN | 35,000,000 | 2 baños | 1,000 m² construidos | Nueva Industrial Vallejo, Gustavo A. Madero, Distrito Federal"
,"MXN2,000,000",,,,,https://departamento.mercadolibre.com.mx/MLM-2939302037-venta-de-departamento-en-vallejo-_JM#polycard_client=search-desktop&be_origin=backend&search_layout=grid&position=24&type=item&tracking_id=3d3b034d-0a4f-4e34-b6f6-a28235c05b04&price_drop=not_apply,"Departamento en venta | Venta De Departamento En Vallejo | MXN | 2,000,000 | 3 recámaras | 1 baño | 60 m² construidos | Progreso Nacional, Gustavo A. Madero, Distrito Federal"
,"MXN3,500,000",,,,,https://departamento.mercadolibre.com.mx/MLM-2795002003-venta-de-departamento-en-nueva-atzacoalco-gustavo-a-madero-da558-_JM#polycard_client=search-desktop&be_origin=backend&search_layout=grid&position=25&type=item&tracking_id=3d3b034d-0a4f-4e34-b6f6-a28235c05b04&price_drop=not_apply,"Departamento en venta | Venta De Departamento En Nueva Atzacoalco, Gustavo A Madero Da558 | MXN | 3,500,000 | 3 recámaras | 1 baño | 75 m² construidos | Nueva Atzacoalco, Gustavo A. Madero, Distrito Federal"
,"MXN6,500,000",,,,,https://casa.mercadolibre.com.mx/MLM-5228704256-venta-de-casa-en-ferrocarril-industrial-7-de-noviembre-gam-zp508-_JM#polycard_client=search-desktop&be_origin=backend&search_layout=grid&position=26&type=item&tracking_id=3d3b034d-0a4f-4e34-b6f6-a28235c05b04&price_drop=not_apply,"Casa en venta | Venta De Casa En Ferrocarril Industrial 7 De Noviembre Gam Zp508 | MXN | 6,500,000 | 3 recámaras | 3 baños | 386 m² construidos | 7 De Noviembre, Gustavo A. Madero, Distrito Federal"
,"MXN1,600,000",,,,,https://departamento.mercadolibre.com.mx/MLM-2937030791-departamento-en-venta-torres-de-quiroga-gustavo-a-madero-cdmx-_JM#polycard_client=search-desktop&be_origin=backend&search_layout=grid&position=27&type=item&tracking_id=3d3b034d-0a4f-4e34-b6f6-a28235c05b04&price_drop=not_apply,"Departamento en venta | Departamento En Venta Torres De Quiroga, Gustavo A. Madero, Cdmx | MXN | 1,600,000 | 2 recámaras | 1 baño | 59 m² construidos | Av. Ingeniero Eduardo Molina 1720, Edf 16, Depto 112, Vasco De Quiroga, Gustavo A. Madero, Distrito Federal"
,"MXN8,650,000",,,,,https://terreno.mercadolibre.com.mx/MLM-4323082746-terreno-en-venta-_JM#polycard_client=search-desktop&be_origin=backend&search_layout=grid&position=28&type=item&tracking_id=3d3b034d-0a4f-4e34-b6f6-a28235c05b04&price_drop=not_apply,"Terreno en venta | Terreno En Venta | MXN | 8,650,000 | 584 m² de terreno | San Pedro Zacatenco, Gustavo A. Madero, Distrito Federal"
,"MXN5,990,000",,,,,https://inmueble.mercadolibre.com.mx/MLM-2883050005-edificio-de-3-niveles-en-esquina-_JM#polycard_client=search-desktop&be_origin=backend&search_layout=grid&position=29&type=item&tracking_id=3d3b034d-0a4f-4e34-b6f6-a28235c05b04&price_drop=not_apply,"Edificio en venta | Edificio De 3 Niveles En Esquina | MXN | 5,990,000 | 500 m² construidos | Nueva Atzacoalco, Gustavo A. Madero, Distrito Federal"
,"MXN1,600,000",,,,,https://departamento.mercadolibre.com.mx/MLM-2850346143-se-vende-departamento-en-martin-carrera-_JM#polycard_client=search-desktop&be_origin=backend&search_layout=grid&position=30&type=item&tracking_id=3d3b034d-0a4f-4e34-b6f6-a28235c05b04&price_drop=not_apply,"Departamento en venta | Se Vende Departamento En Martin Carrera. | MXN | 1,600,000 | 1 recámara | 1 baño | 48 m² construidos | 15 De Agosto, Gustavo A. Madero, Distrito Federal"
,"MXN5,500,000",,,,,https://casa.mercadolibre.com.mx/MLM-2745019355-casa-en-venta-en-la-colonia-del-obrero-gustavo-a-madero-_JM#polycard_client=search-desktop&be_origin=backend&search_layout=grid&position=31&type=item&tracking_id=3d3b034d-0a4f-4e34-b6f6-a28235c05b04&price_drop=not_apply,"Casa en venta | Casa En Venta En La Colonia Del Obrero Gustavo A Madero | MXN | 5,500,000 | 5 recámaras | 5 baños | 250 m² construidos | Del Obrero S/N, Del Obrero, Gustavo A. Madero, Distrito Federal"
,"MXN5,230,000",,,,,https://inmueble.mercadolibre.com.mx/MLM-4389175702-edificio-en-venta-en-colonia-santa-isabel-tola-gustavo-a-madero-ciudad-de-mexico-_JM#polycard_client=search-desktop&be_origin=backend&search_layout=grid&position=32&type=item&tracking_id=3d3b034d-0a4f-4e34-b6f6-a28235c05b04&price_drop=not_apply,"Edificio en venta | Edificio En Venta En Colonia Santa Isabel Tola, Gustavo A. Madero, Ciudad De México | MXN | 5,230,000 | 7 baños | 386 m² construidos | Huitzilihuitl S/n, Santa Isabel Tola, Gustavo A. Madero, Distrito Federal"
,"MXN3,099,000",,,,,https://terreno.mercadolibre.com.mx/MLM-4948198772-venta-de-terreno-comercial-en-la-laguna-ticoman-gm494-_JM#polycard_client=search-desktop&be_origin=backend&search_layout=grid&position=33&type=item&tracking_id=3d3b034d-0a4f-4e34-b6f6-a28235c05b04&price_drop=false,"Terreno en venta | Venta De Terreno Comercial En La Laguna Ticoman  Gm494 | MXN | 3,099,000 | 89 m² de terreno | La Laguna Ticoman, Gustavo A. Madero, Distrito Federal"
,"MXN4,260,000",,,,,https://inmueble.mercadolibre.com.mx/MLM-2738967699-local-comercial-en-venta-en-colonia-la-purisima-ticoman-gustavo-a-madero-ciudad-de-mexico-_JM#polycard_client=search-desktop&be_origin=backend&search_layout=grid&position=34&type=item&tracking_id=3d3b034d-0a4f-4e34-b6f6-a28235c05b04&price_drop=not_apply,"Local comercial en venta | Local Comercial En Venta En Colonia La Purísima Ticomán, Gustavo A. Madero, Ciudad De México | MXN | 4,260,000 | 1 baño | 50 m² construidos | Miguel Bernard 1187, La Purísima Ticoman, Gustavo A. Madero, Distrito Federal"
,"MXN2,971,437",,,,,https://departamento.mercadolibre.com.mx/MLM-5196120290-departamento-en-venta-en-nueva-industrial-vallejo-_JM#polycard_client=search-desktop&be_origin=backend&search_layout=grid&position=35&type=item&tracking_id=3d3b034d-0a4f-4e34-b6f6-a28235c05b04&price_drop=not_apply,"Departamento en venta | Departamento En Venta En Nueva Industrial Vallejo | pulppo | MXN | 2,971,437 | 2 recámaras | 1 baño | 56 m² construidos | Miguel Othón De Mendizabal Oriente 0, Gustavo A. Madero, Distrito Federal"
,"MXN7,200,000",,,,,https://inmueble.mercadolibre.com.mx/MLM-2691836825-venta-de-bodega-en-la-colonia-25-de-julio-gustavo-a-madero-cdmx-_JM#polycard_client=search-desktop&be_origin=backend&search_layout=grid&position=36&type=item&tracking_id=3d3b034d-0a4f-4e34-b6f6-a28235c05b04&price_drop=not_apply,"Bodega en venta | Venta De Bodega En La Colonia 25 De Julio, Gustavo A. Madero, Cdmx | MXN | 7,200,000 | 1 baño | 421 m² construidos | Cuauhtemoc MZ6 LT52A, 25 De Julio, Colonia 25 De Julio, Gustavo A. Madero, Distrito Federal"
,"MXN7,300,000",,,,,https://casa.mercadolibre.com.mx/MLM-2896956721-casa-en-condominio-en-venta-en-san-bartolo-atepehuacan-con-terraza-y-3-recamaras-_JM#polycard_client=search-desktop&be_origin=backend&search_layout=grid&position=37&type=item&tracking_id=3d3b034d-0a4f-4e34-b6f6-a28235c05b04&price_drop=not_apply,"Casa en venta | Casa En Condominio En Venta En San Bartolo Atepehuacan Con Terraza Y 3 Recámaras | MXN | 7,300,000 | 3 recámaras | 3 baños | 322 m² construidos | De Los 45 Metros SN, San Bartolo Atepehuacan, Gustavo A. Madero, Distrito Federal"
,"MXN3,500,000",,,,,https://departamento.mercadolibre.com.mx/MLM-5303960618-venta-de-departamento-en-lindavista-norte-gam-da563-_JM#polycard_client=search-desktop&be_origin=backend&search_layout=grid&position=38&type=item&tracking_id=3d3b034d-0a4f-4e34-b6f6-a28235c05b04&price_drop=not_apply,"Departamento en venta | Venta De Departamento En Lindavista Norte Gam Da563 | MXN | 3,500,000 | 3 recámaras | 1 baño | 90 m² construidos | Lindavista Norte, Gustavo A. Madero, Distrito Federal"
,"MXN10,000,000",,,,,https://inmueble.mercadolibre.com.mx/MLM-2901955695-edificio-comercial-en-aragon-_JM#polycard_client=search-desktop&be_origin=backend&search_layout=grid&position=39&type=item&tracking_id=3d3b034d-0a4f-4e34-b6f6-a28235c05b04&price_drop=not_apply,"Edificio en venta | Edificio Comercial En Aragon | MXN | 10,000,000 | 374 m² de terreno | Estado De Querétaro Esq. Con Estado De San Luis Potosi Y Calle 3, Gustavo A. Madero, Distrito Federal"
,"MXN83,000,000",,,,,https://inmueble.mercadolibre.com.mx/MLM-4761833338-edificio-en-venta-en-industrial-_JM#polycard_client=search-desktop&be_origin=backend&search_layout=grid&position=40&type=item&tracking_id=3d3b034d-0a4f-4e34-b6f6-a28235c05b04&price_drop=not_apply,"Edificio en venta | Edificio En Venta En Industrial | pulppo | MXN | 83,000,000 | 3,077 m² construidos | Av. Insurgentes Nte., Industrial, Gustavo A. Madero, Distrito Federal"
,"MXN14,500,000",,,,,https://inmueble.mercadolibre.com.mx/MLM-2615852347-bodega-en-venta-en-villa-gustavo-a-madero-_JM#polycard_client=search-desktop&be_origin=backend&search_layout=grid&position=41&type=item&tracking_id=3d3b034d-0a4f-4e34-b6f6-a28235c05b04&price_drop=not_apply,"Bodega en venta | Bodega En Venta En Villa Gustavo A. Madero | RAYO VENDE | MXN | 14,500,000 | 1,104 m² construidos | Villa Gustavo A. Madero, Gustavo A. Madero, Distrito Federal"
,"MXN12,000,000",,,,,https://inmueble.mercadolibre.com.mx/MLM-4948198722-edificio-en-venta-villa-de-aragaon-gam-da544-_JM#polycard_client=search-desktop&be_origin=backend&search_layout=grid&position=42&type=item&tracking_id=3d3b034d-0a4f-4e34-b6f6-a28235c05b04&price_drop=not_apply,"Edificio en venta | Edificio En Venta Villa De Aragaon Gam  Da544 | MXN | 12,000,000 | 640 m² construidos | Villa De Aragón, Gustavo A. Madero, Distrito Federal"
,"MXN7,200,000",,,,,https://inmueble.mercadolibre.com.mx/MLM-5022872764-venta-de-bodega-en-la-colonia-25-de-julio-gustavo-a-madero-cdmx-_JM#polycard_client=search-desktop&be_origin=backend&search_layout=grid&position=43&type=item&tracking_id=3d3b034d-0a4f-4e34-b6f6-a28235c05b04&price_drop=not_apply,"Bodega en venta | Venta De Bodega En La Colonia 25 De Julio, Gustavo A. Madero, Cdmx | MXN | 7,200,000 | 1 baño | 421 m² construidos | Cuauhtemoc MZ6 LT52A, 25 De Julio, Colonia 25 De Julio, Gustavo A. Madero, Distrito Federal"
,"MXN7,200,000",,,,,https://inmueble.mercadolibre.com.mx/MLM-5030567750-venta-de-bodega-en-la-colonia-25-de-julio-gustavo-a-madero-cdmx-_JM#polycard_client=search-desktop&be_origin=backend&search_layout=grid&position=44&type=item&tracking_id=3d3b034d-0a4f-4e34-b6f6-a28235c05b04&price_drop=not_apply,"Bodega en venta | Venta De Bodega En La Colonia 25 De Julio, Gustavo A. Madero, Cdmx | MXN | 7,200,000 | 1 baño | 421 m² construidos | Cuauhtemoc MZ6 LT52A, 25 De Julio, Colonia 25 De Julio, Gustavo A. Madero, Distrito Federal"
,"MXN16,000,000",,,,,https://inmueble.mercadolibre.com.mx/MLM-4959614112-edificio-comercial-en-venta-en-lindavista-_JM#polycard_client=search-desktop&be_origin=backend&search_layout=grid&position=45&type=item&tracking_id=3d3b034d-0a4f-4e34-b6f6-a28235c05b04&price_drop=not_apply,"Edificio en venta | Edificio Comercial En Venta En Lindavista | MXN | 16,000,000 | Avenida Ticoman, Gustavo A. Madero, Distrito Federal"
,"MXN5,600,000",,,,,https://casa.mercadolibre.com.mx/MLM-2707429747-casa-en-venta-en-colonia-15-de-agosto-gustavo-a-madero-ciudad-de-mexico-_JM#polycard_client=search-desktop&be_origin=backend&search_layout=grid&position=46&type=item&tracking_id=3d3b034d-0a4f-4e34-b6f6-a28235c05b04&price_drop=not_apply,"Casa en venta | Casa En Venta En Colonia 15 De Agosto, Gustavo A. Madero, Ciudad De México | MXN | 5,600,000 | 5 recámaras | 3 baños | 185 m² construidos | Albino Zertuche 20, 15 De Agosto, Gustavo A. Madero, Distrito Federal"
,"MXN78,000,000",,,,,https://inmueble.mercadolibre.com.mx/MLM-2515375525-edificio-en-venta-en-colonia-residencial-acueducto-de-guadalupe-gustavo-a-madero-ciudad-de-mexico-_JM#polycard_client=search-desktop&be_origin=backend&search_layout=grid&position=47&type=item&tracking_id=3d3b034d-0a4f-4e34-b6f6-a28235c05b04&price_drop=not_apply,"Edificio en venta | Edificio En Venta En Colonia Residencial Acueducto De Guadalupe, Gustavo A. Madero, Ciudad De México | MXN | 78,000,000 | 2,300 m² construidos | Rompeolas 36, Residencial Acueducto De Guadalupe, Gustavo A. Madero, Distrito Federal"
,"MXN80,000,000",,,,,https://terreno.mercadolibre.com.mx/MLM-4761871856-terreno-industrial-en-venta-en-ampliacion-san-juan-de-aragon-_JM#polycard_client=search-desktop&be_origin=backend&search_layout=grid&position=48&type=item&tracking_id=3d3b034d-0a4f-4e34-b6f6-a28235c05b04&price_drop=not_apply,"Terreno en venta | Terreno Industrial En Venta En Ampliación San Juan De Aragón | pulppo | MXN | 80,000,000 | 3,520 m² construidos | Pelícano 200, San Juan De Aragón Amp, Gustavo A. Madero, Distrito Federal"
,"MXN30,000,000",,,,,https://inmueble.mercadolibre.com.mx/MLM-2940695613-local-comercial-en-venta-en-colonia-lindavista-norte-gustavo-a-madero-ciudad-de-mexico-_JM#polycard_client=search-desktop&be_origin=backend&search_layout=grid&position=1&type=item&tracking_id=e01f8b7d-3929-4b71-8f9e-5d69e2950bd4&price_drop=not_apply,"Local comercial en venta | Local Comercial En Venta En Colonia Lindavista Norte, Gustavo A. Madero, Ciudad De México | MXN | 30,000,000 | 1 baño | 1,718 m² construidos | Avenida Montevideo 198, Lindavista Norte, Gustavo A. Madero, Distrito Federal"
,"MXN2,250,000",,,,,https://departamento.mercadolibre.com.mx/MLM-2888996843-venta-de-departamento-en-lindavista-vallejo-ii-secc-gustavo-a-madero-cdmx-_JM#polycard_client=search-desktop&be_origin=backend&search_layout=grid&position=2&type=item&tracking_id=e01f8b7d-3929-4b71-8f9e-5d69e2950bd4&price_drop=not_apply,"Departamento en venta | Venta De Departamento En Lindavista Vallejo Ii Secc., Gustavo A. Madero, Cdmx | MXN | 2,250,000 | 3 recámaras | 2 baños | 88 m² construidos | Edif 32 Ent A Depto 501, Lindavista Vallejo II Sección, Gustavo A. Madero, Distrito Federal"
,"MXN35,000,000",,,,,https://terreno.mercadolibre.com.mx/MLM-2909092945-terreno-comercial-en-venta-calzada-ticoman-_JM#polycard_client=search-desktop&be_origin=backend&search_layout=grid&position=3&type=item&tracking_id=e01f8b7d-3929-4b71-8f9e-5d69e2950bd4&price_drop=not_apply,"Terreno en venta | Terreno Comercial En Venta Calzada Ticoman | MXN | 35,000,000 | 1,500 m² de terreno | La Purísima Ticoman, Gustavo A. Madero, Distrito Federal"
,"MXN14,500,000",,,,,https://terreno.mercadolibre.com.mx/MLM-3963503224-terreno-en-venta-en-colonia-estanzuela-gustavo-a-madero-ciudad-de-mexico-_JM#polycard_client=search-desktop&be_origin=backend&search_layout=grid&position=4&type=item&tracking_id=e01f8b7d-3929-4b71-8f9e-5d69e2950bd4&price_drop=not_apply,"Terreno en venta | Terreno En Venta En Colonia Estanzuela, Gustavo A. Madero, Ciudad De México | MXN | 14,500,000 | 630 m² de terreno | Artes 94-bis, Estanzuela, Gustavo A. Madero, Distrito Federal"
,"MXN4,600,000",,,,,https://departamento.mercadolibre.com.mx/MLM-4761728602-departamento-en-venta-en-industrial-_JM#polycard_client=search-desktop&be_origin=backend&search_layout=grid&position=5&type=item&tracking_id=e01f8b7d-3929-4b71-8f9e-5d69e2950bd4&price_drop=not_apply,"Departamento en venta | Departamento En Venta En Industrial | pulppo | MXN | 4,600,000 | 2 recámaras | 2 baños | 83 m² construidos | Éuzkaro, Gustavo A. Madero, Distrito Federal"
,"MXN3,500,000",,,,,https://inmueble.mercadolibre.com.mx/MLM-4640677130-bodega-en-venta-en-valle-madero-gustavo-a-madero-_JM#polycard_client=search-desktop&be_origin=backend&search_layout=grid&position=6&type=item&tracking_id=e01f8b7d-3929-4b71-8f9e-5d69e2950bd4&price_drop=not_apply,"Bodega en venta | Bodega En Venta En Valle Madero, Gustavo A. Madero | MXN | 3,500,000 | 166 m² construidos | Valle De Madero, Gustavo A. Madero, Distrito Federal"
,"MXN6,100,000",,,,,https://casa.mercadolibre.com.mx/MLM-2707286527-casa-en-venta-en-colonia-15-de-agosto-gustavo-a-madero-ciudad-de-mexico-_JM#polycard_client=search-desktop&be_origin=backend&search_layout=grid&position=7&type=item&tracking_id=e01f8b7d-3929-4b71-8f9e-5d69e2950bd4&price_drop=not_apply,"Casa en venta | Casa En Venta En Colonia 15 De Agosto, Gustavo A. Madero, Ciudad De México | MXN | 6,100,000 | 5 recámaras | 3 baños | 185 m² construidos | Albino Zertuche 24, 15 De Agosto, Gustavo A. Madero, Distrito Federal"
,"MXN11,300,000",,,,,https://inmueble.mercadolibre.com.mx/MLM-2572323809-edificio-en-venta-en-colonia-santa-isabel-tola-gustavo-a-madero-ciudad-de-mexico-_JM#polycard_client=search-desktop&be_origin=backend&search_layout=grid&position=8&type=item&tracking_id=e01f8b7d-3929-4b71-8f9e-5d69e2950bd4&price_drop=not_apply,"Edificio en venta | Edificio En Venta En Colonia Santa Isabel Tola, Gustavo A. Madero, Ciudad De México | MXN | 11,300,000 | 12 baños | 847 m² construidos | Xochiquetzal S/n, Santa Isabel Tola, Gustavo A. Madero, Distrito Federal"
,"MXN9,500,000",,,,,https://casa.mercadolibre.com.mx/MLM-5227879088-casa-en-venta-uso-de-suelo-comercial-residencial-_JM#polycard_client=search-desktop&be_origin=backend&search_layout=grid&position=9&type=item&tracking_id=e01f8b7d-3929-4b71-8f9e-5d69e2950bd4&price_drop=not_apply,"Casa en venta | Casa En Venta Uso De Suelo Comercial Residencial | MXN | 9,500,000 | 3 baños | 560 m² construidos | Villa Gustavo A. Madero, Gustavo A. Madero, Distrito Federal"
,"MXN38,950,000",,,,,https://terreno.mercadolibre.com.mx/MLM-5200927472-venta-terreno-en-mendelssohn-vallejo-_JM#polycard_client=search-desktop&be_origin=backend&search_layout=grid&position=10&type=item&tracking_id=e01f8b7d-3929-4b71-8f9e-5d69e2950bd4&price_drop=not_apply,"Terreno en venta | Venta Terreno En Mendelssohn Vallejo | MXN | 38,950,000 | 1,016 m² de terreno | Vallejo, Gustavo A. Madero, Distrito Federal"
,"MXN14,000,000",,,,,https://inmueble.mercadolibre.com.mx/MLM-4790302686-edificio-en-venta-en-bondojito-_JM#polycard_client=search-desktop&be_origin=backend&search_layout=grid&position=11&type=item&tracking_id=e01f8b7d-3929-4b71-8f9e-5d69e2950bd4&price_drop=not_apply,"Edificio en venta | Edificio En Venta En Bondojito | pulppo | MXN | 14,000,000 | 816 m² construidos | Bondojito, Gustavo A. Madero, Distrito Federal"
,"MXN7,300,000",,,,,https://inmueble.mercadolibre.com.mx/MLM-2767775711-venta-de-edificio-en-heroes-de-cerro-prieto-gustavo-a-madero-cdmx-_JM#polycard_client=search-desktop&be_origin=backend&search_layout=grid&position=12&type=item&tracking_id=e01f8b7d-3929-4b71-8f9e-5d69e2950bd4&price_drop=not_apply,"Edificio en venta | Venta De Edificio En Heroes De Cerro Prieto, Gustavo A. Madero, Cdmx | MXN | 7,300,000 | 5 baños | 274 m² construidos | Rublos 35, Héroes De Cerro Prieto, Gustavo A. Madero, Distrito Federal"
,"MXN7,300,000",,,,,https://inmueble.mercadolibre.com.mx/MLM-2798134141-venta-de-edificio-en-heroes-de-cerro-prieto-gustavo-a-madero-cdmx-_JM#polycard_client=search-desktop&be_origin=backend&search_layout=grid&position=13&type=item&tracking_id=e01f8b7d-3929-4b71-8f9e-5d69e2950bd4&price_drop=not_apply,"Edificio en venta | Venta De Edificio En Heroes De Cerro Prieto, Gustavo A. Madero, Cdmx | MXN | 7,300,000 | 5 baños | 274 m² construidos | Rublos 35, Héroes De Cerro Prieto, Gustavo A. Madero, Distrito Federal"
,"MXN7,300,000",,,,,https://inmueble.mercadolibre.com.mx/MLM-2794970309-venta-de-edificio-en-heroes-de-cerro-prieto-gustavo-a-madero-cdmx-_JM#polycard_client=search-desktop&be_origin=backend&search_layout=grid&position=14&type=item&tracking_id=e01f8b7d-3929-4b71-8f9e-5d69e2950bd4&price_drop=not_apply,"Edificio en venta | Venta De Edificio En Heroes De Cerro Prieto, Gustavo A. Madero, Cdmx | MXN | 7,300,000 | 5 baños | 274 m² construidos | Rublos 35, Héroes De Cerro Prieto, Gustavo A. Madero, Distrito Federal"
,"MXN33,450,000",,,,,https://inmueble.mercadolibre.com.mx/MLM-4771166348-col-guadalupe-victoria-bodega-en-venta-con-amplio-uso-de-suelo-en-la-gam-_JM#polycard_client=search-desktop&be_origin=backend&search_layout=grid&position=15&type=item&tracking_id=e01f8b7d-3929-4b71-8f9e-5d69e2950bd4&price_drop=not_apply,"Local comercial en venta | Col. Guadalupe Victoria, Bodega En Venta Con Amplio Uso De Suelo En La Gam | MXN | 33,450,000 | 925 m² construidos | Avenida Cuitláhuac 100, Guadalupe Victoria, Gustavo A. Madero, Distrito Federal"
,"MXN6,000,000",,,,,https://casa.mercadolibre.com.mx/MLM-2858426815-mrm-casa-en-venta-en-alcaldia-gustavo-a-madero-_JM#polycard_client=search-desktop&be_origin=backend&search_layout=grid&position=16&type=item&tracking_id=e01f8b7d-3929-4b71-8f9e-5d69e2950bd4&price_drop=not_apply,"Casa en venta | Mrm Casa En Venta En Alcaldía Gustavo A. Madero | MXN | 6,000,000 | 4 recámaras | 2 baños | 274 m² construidos | San Pedro El Chico, Gustavo A. Madero, Distrito Federal"
,"MXN6,900,000",,,,,https://casa.mercadolibre.com.mx/MLM-5351954120-casa-en-venta-de-5-recamaras-en-colonia-zona-escolar-oriente-_JM#polycard_client=search-desktop&be_origin=backend&search_layout=grid&position=17&type=item&tracking_id=e01f8b7d-3929-4b71-8f9e-5d69e2950bd4&price_drop=not_apply,"Casa en venta | Casa En Venta De 5 Recamaras En Colonia Zona Escolar Oriente | MXN | 6,900,000 | 5 recámaras | 2 baños | 450 m² construidos | Adolfo Ruiz Cortines 100, Zona Escolar Oriente, Gustavo A. Madero, Distrito Federal"
,"MXN4,000,000",,,,,https://terreno.mercadolibre.com.mx/MLM-2745161617-terreno-en-venta-san-felipe-de-jesus-gustavo-a-madero-_JM#polycard_client=search-desktop&be_origin=backend&search_layout=grid&position=18&type=item&tracking_id=e01f8b7d-3929-4b71-8f9e-5d69e2950bd4&price_drop=not_apply,"Terreno en venta | Terreno En Venta San Felipe De Jesús, Gustavo A. Madero | MXN | 4,000,000 | 197 m² de terreno | Talpa S/N, San Felipe De Jesús, Gustavo A. Madero, Distrito Federal"
,"MXN18,000,000",,,,,https://inmueble.mercadolibre.com.mx/MLM-5072016674-local-comercial-santa-isabel-tola-renta-o-venta-da549-_JM#polycard_client=search-desktop&be_origin=backend&search_layout=grid&position=19&type=item&tracking_id=e01f8b7d-3929-4b71-8f9e-5d69e2950bd4&price_drop=not_apply,"Local comercial en venta | Local Comercial  Santa Isabel Tola  (renta O Venta)  Da549 | MXN | 18,000,000 | 330 m² construidos | Santa Isabel Tola, Gustavo A. Madero, Distrito Federal"
,"MXN38,058,000",,,,,https://terreno.mercadolibre.com.mx/MLM-4977799954-terreno-comercial-en-venta-en-san-juan-de-aragon-_JM#polycard_client=search-desktop&be_origin=backend&search_layout=grid&position=20&type=item&tracking_id=e01f8b7d-3929-4b71-8f9e-5d69e2950bd4&price_drop=not_apply,"Terreno en venta | Terreno Comercial En Venta En San Juan De Aragón | pulppo | MXN | 38,058,000 | 1,000 m² construidos | Calle Del Panteón Y Camino A Tlecuilco S/N, San Juan, 52400 Malinalco, Méx., México, Gustavo A. Madero, Distrito Federal"
,"MXN15,500,000",,,,,https://inmueble.mercadolibre.com.mx/MLM-5147823228-fausto-romero-edificio-en-venta-_JM#polycard_client=search-desktop&be_origin=backend&search_layout=grid&position=21&type=item&tracking_id=e01f8b7d-3929-4b71-8f9e-5d69e2950bd4&price_drop=not_apply,"Edificio en venta | Fausto Romero, Edificio En Venta | MXN | 15,500,000 | 1,500 m² construidos | Villa De Aragón, Gustavo A. Madero, Distrito Federal"
,"MXN1,600,000",,,,,https://departamento.mercadolibre.com.mx/MLM-2881228003-venta-departamento-en-la-nueva-atzacoalco-planta-baja-_JM#polycard_client=search-desktop&be_origin=backend&search_layout=grid&position=22&type=item&tracking_id=e01f8b7d-3929-4b71-8f9e-5d69e2950bd4&price_drop=not_apply,"Departamento en venta | Venta Departamento En La Nueva Atzacoalco Planta Baja | MXN | 1,600,000 | 2 recámaras | 2 baños | 57 m² construidos | Nueva Atzacoalco, Gustavo A. Madero, Distrito Federal"
,"MXN6,500,000",,,,,https://departamento.mercadolibre.com.mx/MLM-2881201997-venta-departamento-en-dos-plantas-en-la-colonia-7-de-noviembre-impecable-_JM#polycard_client=search-desktop&be_origin=backend&search_layout=grid&position=23&type=item&tracking_id=e01f8b7d-3929-4b71-8f9e-5d69e2950bd4&price_drop=not_apply,"Departamento en venta | Venta Departamento En Dos Plantas En La Colonia 7 De Noviembre, ¡impecable! | MXN | 6,500,000 | 3 recámaras | 2 baños | 101 m² construidos | 7 De Noviembre, Gustavo A. Madero, Distrito Federal"
,"MXN7,900,000",,,,,https://casa.mercadolibre.com.mx/MLM-2881176437-venta-casa-calzada-misterios-atn-inversionistas-_JM#polycard_client=search-desktop&be_origin=backend&search_layout=grid&position=24&type=item&tracking_id=e01f8b7d-3929-4b71-8f9e-5d69e2950bd4&price_drop=not_apply,"Casa en venta | Venta Casa Calzada Misterios, Atn Inversionistas!! | MXN | 7,900,000 | 5 recámaras | 5 baños | 297 m² construidos | Tepeyac Insurgentes, Gustavo A. Madero, Distrito Federal"
,"MXN2,200,000",,,,,https://departamento.mercadolibre.com.mx/MLM-2956691749-departamento-en-venta-en-av-centenario-gustavo-a-madero-_JM#polycard_client=search-desktop&float_highlight=recent_publication&price_drop=not_apply&be_origin=backend&search_layout=grid&position=25&type=item&tracking_id=e01f8b7d-3929-4b71-8f9e-5d69e2950bd4,"PUBLICADO ESTA SEMANA | Departamento en venta | Departamento En Venta En Av Centenario , Gustavo A Madero | MXN | 2,200,000 | 2 recámaras | 2 baños | 53 m² construidos | AV CENTENARIO, Santiago Atzacoalco, Gustavo A. Madero, Distrito Federal | Tour virtual"
,"MXN4,538,900",,,,,https://departamento.mercadolibre.com.mx/MLM-5384509670-departamento-en-venta-gustavo-madero-lindavista-gis-25-661-_JM#polycard_client=search-desktop&float_highlight=recent_publication&price_drop=not_apply&be_origin=backend&search_layout=grid&position=26&type=item&tracking_id=e01f8b7d-3929-4b71-8f9e-5d69e2950bd4,"PUBLICADO ESTA SEMANA | Departamento en venta | Departamento En  Venta Gustavo Madero Lindavista  Gis 25-661 | MXN | 4,538,900 | 2 recámaras | 2 baños | 65 m² construidos | Departamento En  Venta Gustavo Madero Lindavista  GIS  25-661, Gustavo A. Madero, Distrito Federal"
,"MXN4,713,000",,,,,https://departamento.mercadolibre.com.mx/MLM-5384509722-departamento-en-venta-gustavo-madero-lindavista-gis-25-660-_JM#polycard_client=search-desktop&float_highlight=recent_publication&price_drop=not_apply&be_origin=backend&search_layout=grid&position=27&type=item&tracking_id=e01f8b7d-3929-4b71-8f9e-5d69e2950bd4,"PUBLICADO ESTA SEMANA | Departamento en venta | Departamento En  Venta Gustavo Madero Lindavista  Gis  25-660 | MXN | 4,713,000 | 2 recámaras | 2 baños | 71 m² construidos | Departamento En  Venta Gustavo Madero Lindavista  GIS  25-660, Gustavo A. Madero, Distrito Federal"
,"MXN4,534,500",,,,,https://departamento.mercadolibre.com.mx/MLM-2947953379-departamento-en-venta-gustavo-madero-lindavista-gis-25-659-_JM#polycard_client=search-desktop&float_highlight=recent_publication&price_drop=not_apply&be_origin=backend&search_layout=grid&position=28&type=item&tracking_id=e01f8b7d-3929-4b71-8f9e-5d69e2950bd4,"PUBLICADO ESTA SEMANA | Departamento en venta | Departamento En  Venta Gustavo Madero Lindavista  Gis 25-659 | MXN | 4,534,500 | 2 recámaras | 2 baños | 65 m² construidos | Departamento En  Venta Gustavo Madero Lindavista  GIS  25-659, Gustavo A. Madero, Distrito Federal"
,"MXN2,190,000",,,,,https://departamento.mercadolibre.com.mx/MLM-2956702027-departamento-en-venta-vallejo-gustavo-a-madero-cdmx-_JM#polycard_client=search-desktop&float_highlight=recent_publication&price_drop=not_apply&be_origin=backend&search_layout=grid&position=29&type=item&tracking_id=e01f8b7d-3929-4b71-8f9e-5d69e2950bd4,"PUBLICADO ESTA SEMANA | Departamento en venta | Departamento En Venta Vallejo, Gustavo A Madero Cdmx | MXN | 2,190,000 | 2 recámaras | 1 baño | 52 m² construidos | Tetrazzini, Vallejo, Gustavo A. Madero, Distrito Federal | Tour virtual"
,"MXN1,300,000",,,,,https://departamento.mercadolibre.com.mx/MLM-2962193249-departamento-en-venta-_JM#polycard_client=search-desktop&float_highlight=recent_publication&price_drop=not_apply&be_origin=backend&search_layout=grid&position=30&type=item&tracking_id=e01f8b7d-3929-4b71-8f9e-5d69e2950bd4,"PUBLICADO HOY | Departamento en venta | Departamento En Venta | MXN | 1,300,000 | 2 recámaras | 1 baño | 54 m² construidos | Poniente 140, Lindavista Vallejo I Sección, Gustavo A. Madero, Distrito Federal | Tour virtual"
,"MXN2,700,000",,,,,https://departamento.mercadolibre.com.mx/MLM-2959119687-venta-departamento-2-ambientes-tres-estrellas-_JM#polycard_client=search-desktop&float_highlight=recent_publication&price_drop=not_apply&be_origin=backend&search_layout=grid&position=31&type=item&tracking_id=e01f8b7d-3929-4b71-8f9e-5d69e2950bd4,"PUBLICADO ESTA SEMANA | Departamento en venta | Venta Departamento 2 Ambientes Tres Estrellas | IAD México | MXN | 2,700,000 | 2 recámaras | 1 baño | 72 m² construidos | Oniquina, 6225, Tres Estrellas, Gustavo A. Madero, Distrito Federal"
,"MXN5,985,000",,,,,https://casa.mercadolibre.com.mx/MLM-5407572036-casa-sola-en-venta-aragon-gustavo-a-madero-_JM#polycard_client=search-desktop&float_highlight=recent_publication&price_drop=not_apply&be_origin=backend&search_layout=grid&position=32&type=item&tracking_id=e01f8b7d-3929-4b71-8f9e-5d69e2950bd4,"PUBLICADO ESTA SEMANA | Casa en venta | Casa Sola En Venta Aragon Gustavo A Madero | MXN | 5,985,000 | 3 recámaras | 2 baños | 202 m² construidos | CAMINO DE LA AMISTAD 216, Campestre Aragón, Gustavo A. Madero, Distrito Federal"
,"MXN8,900,000",,,,,https://casa.mercadolibre.com.mx/MLM-5406902734-terreno-con-construccion-ideal-para-bodega-o-proyecto-351-m-_JM#polycard_client=search-desktop&float_highlight=recent_publication&price_drop=not_apply&be_origin=backend&search_layout=grid&position=33&type=item&tracking_id=e01f8b7d-3929-4b71-8f9e-5d69e2950bd4,"PUBLICADO ESTA SEMANA | Casa en venta | Terreno Con Construcción Ideal Para Bodega O Proyecto | 351 M² | MXN | 8,900,000 | 4 recámaras | 4 baños | 427 m² construidos | Granjas Modernas, Gustavo A. Madero, Distrito Federal"
,"MXN6,550,000",,,,,https://casa.mercadolibre.com.mx/MLM-2956704123-casa-en-venta-en-ticoman-gustavo-a-madero-_JM#polycard_client=search-desktop&float_highlight=recent_publication&price_drop=not_apply&be_origin=backend&search_layout=grid&position=34&type=item&tracking_id=e01f8b7d-3929-4b71-8f9e-5d69e2950bd4,"PUBLICADO ESTA SEMANA | Casa en venta | Casa En Venta En Ticoman Gustavo A Madero | MXN | 6,550,000 | 262 m² construidos | TUXTEPEX 35, La Purísima Ticoman, Gustavo A. Madero, Distrito Federal"
,"MXN11,000,000",,,,,https://casa.mercadolibre.com.mx/MLM-5385987454-casa-en-venta-_JM#polycard_client=search-desktop&float_highlight=recent_publication&price_drop=not_apply&be_origin=backend&search_layout=grid&position=35&type=item&tracking_id=e01f8b7d-3929-4b71-8f9e-5d69e2950bd4,"PUBLICADO ESTA SEMANA | Casa en venta | Casa En Venta | MXN | 11,000,000 | 4 recámaras | 2 baños | 276 m² construidos | Managua 698, Colonia Lindavista Norte, Gustavo A. Madero, Distrito Federal"
,"MXN1,749,000",,,,,https://departamento.mercadolibre.com.mx/MLM-5389454652-venta-departamento-2-ambientes-san-pedro-zacatenco-_JM#polycard_client=search-desktop&float_highlight=recent_publication&price_drop=not_apply&be_origin=backend&search_layout=grid&position=36&type=item&tracking_id=e01f8b7d-3929-4b71-8f9e-5d69e2950bd4,"PUBLICADO ESTA SEMANA | Departamento en venta | Venta Departamento 2 Ambientes San Pedro Zacatenco | IAD México | MXN | 1,749,000 | 2 recámaras | 1 baño | 60 m² construidos | Acueducto Poniente, 603, San Pedro Zacatenco, Gustavo A. Madero, Distrito Federal"
,"MXN10,600,000",,,,,https://casa.mercadolibre.com.mx/MLM-5410065094-casa-en-venta-en-colonia-lindavista-norte-gustavo-a-madero-ciudad-de-mexico-_JM#polycard_client=search-desktop&float_highlight=recent_publication&price_drop=not_apply&be_origin=backend&search_layout=grid&position=37&type=item&tracking_id=e01f8b7d-3929-4b71-8f9e-5d69e2950bd4,"PUBLICADO HOY | Casa en venta | Casa En Venta En Colonia Lindavista Norte, Gustavo A. Madero, Ciudad De México | MXN | 10,600,000 | 4 recámaras | 2 baños | 298 m² construidos | Barranquilla  102, Lindavista Norte, Gustavo A. Madero, Distrito Federal"
,"MXN2,390,000",,,,,https://departamento.mercadolibre.com.mx/MLM-2947905019-departamento-en-venta-en-martin-carrera-gustavo-madero-gis-25-352-_JM#polycard_client=search-desktop&float_highlight=recent_publication&price_drop=not_apply&be_origin=backend&search_layout=grid&position=38&type=item&tracking_id=e01f8b7d-3929-4b71-8f9e-5d69e2950bd4,"PUBLICADO ESTA SEMANA | Departamento en venta | Departamento En Venta En Martin Carrera Gustavo Madero Gis 25-352 | MXN | 2,390,000 | 2 recámaras | 2 baños | 60 m² construidos | Martin Carrera Gustavo Madero, Martín Carrera, Gustavo A. Madero, Distrito Federal"
,"MXN2,580,001",,,,,https://departamento.mercadolibre.com.mx/MLM-5399142658-departamento-en-venta-en-guadalupe-tepeyac-gustavo-a-madero-ciudad-de-mexico-_JM#polycard_client=search-desktop&float_highlight=recent_publication&price_drop=not_apply&be_origin=backend&search_layout=grid&position=39&type=item&tracking_id=e01f8b7d-3929-4b71-8f9e-5d69e2950bd4,"PUBLICADO ESTA SEMANA | Departamento en venta | Departamento En Venta En Guadalupe Tepeyac, Gustavo A. Madero, Ciudad De México | MXN | 2,580,001 | 2 recámaras | 1 baño | 54 m² construidos | JULIETA, Guadalupe Tepeyac, Gustavo A. Madero, Distrito Federal"
,"MXN3,300,000",,,,,https://departamento.mercadolibre.com.mx/MLM-2948008983-venta-departamentos-vallejo-t-df0219-0102-_JM#polycard_client=search-desktop&float_highlight=recent_publication&price_drop=not_apply&be_origin=backend&search_layout=grid&position=40&type=item&tracking_id=e01f8b7d-3929-4b71-8f9e-5d69e2950bd4,"PUBLICADO ESTA SEMANA | Departamento en venta | Venta Departamentos Vallejo T-df0219-0102 | MXN | 3,300,000 | 3 recámaras | 2 baños | 128 m² construidos | CALZ. DE GUADALUPE, Vallejo, Gustavo A. Madero, Distrito Federal"
,"MXN4,538,900",,,,,https://departamento.mercadolibre.com.mx/MLM-2947905913-departamento-en-venta-en-gustavo-madero-lindavista-mg-25-661-_JM#polycard_client=search-desktop&float_highlight=recent_publication&price_drop=not_apply&be_origin=backend&search_layout=grid&position=41&type=item&tracking_id=e01f8b7d-3929-4b71-8f9e-5d69e2950bd4,"PUBLICADO ESTA SEMANA | Departamento en venta | Departamento En  Venta En Gustavo Madero, Lindavista Mg. 25-661 | MXN | 4,538,900 | 2 recámaras | 2 baños | 65 m² construidos | Departamento En  Venta En Gustavo Madero, Lindavista AM. 25-661, Gustavo A. Madero, Distrito Federal"
,"MXN4,260,000",,,,,https://casa.mercadolibre.com.mx/MLM-2950789441-casa-en-venta-con-5-departamentos-en-casas-aleman-gam-_JM#polycard_client=search-desktop&float_highlight=recent_publication&price_drop=not_apply&be_origin=backend&search_layout=grid&position=42&type=item&tracking_id=e01f8b7d-3929-4b71-8f9e-5d69e2950bd4,"PUBLICADO ESTA SEMANA | Casa en venta | Casa En Venta Con 5 Departamentos En Casas Alemán Gam | MXN | 4,260,000 | 6 recámaras | 5 baños | 302 m² construidos | Fernando Casas Alemán, Gustavo A. Madero, Distrito Federal"
,"MXN11,000,000",,,,,https://terreno.mercadolibre.com.mx/MLM-5407185484-terreno-industrial-tepeyac-insurgentes-3-frentes-348m2-_JM#polycard_client=search-desktop&float_highlight=recent_publication&price_drop=not_apply&be_origin=backend&search_layout=grid&position=43&type=item&tracking_id=e01f8b7d-3929-4b71-8f9e-5d69e2950bd4,"PUBLICADO ESTA SEMANA | Terreno en venta | Terreno Industrial, Tepeyac Insurgentes, 3 Frentes, 348m2 | MXN | 11,000,000 | 348 m² de terreno | Tepeyac Insurgentes, Gustavo A. Madero, Distrito Federal"
,"MXN2,604,000",,,,,https://departamento.mercadolibre.com.mx/MLM-5407284132-venta-departamento-2-ambientes-guadalupe-victoria-_JM#polycard_client=search-desktop&float_highlight=recent_publication&price_drop=not_apply&be_origin=backend&search_layout=grid&position=44&type=item&tracking_id=e01f8b7d-3929-4b71-8f9e-5d69e2950bd4,"PUBLICADO ESTA SEMANA | Departamento en venta | Venta Departamento 2 Ambientes Guadalupe Victoria | IAD México | MXN | 2,604,000 | 2 recámaras | 1 baño | 66 m² construidos | Av. Cuitlahuac, 38, Guadalupe Victoria, Gustavo A. Madero, Distrito Federal"
,"MXN5,200,000",,,,,https://casa.mercadolibre.com.mx/MLM-5402553734-casa-en-venta-en-montevideo-gustavo-a-madero-cdmx-_JM#polycard_client=search-desktop&float_highlight=recent_publication&price_drop=not_apply&be_origin=backend&search_layout=grid&position=45&type=item&tracking_id=e01f8b7d-3929-4b71-8f9e-5d69e2950bd4,"PUBLICADO ESTA SEMANA | Casa en venta | Casa En Venta En Montevideo, Gustavo A Madero, Cdmx | MXN | 5,200,000 | 3 recámaras | 1 baño | 103 m² construidos | San Bartolo Atepehuacan, Gustavo A. Madero, Distrito Federal"
,"MXN1,663,500",,,,,https://departamento.mercadolibre.com.mx/MLM-5406945946-venta-departamento-2-ambientes-santa-rosa-_JM#polycard_client=search-desktop&float_highlight=recent_publication&price_drop=not_apply&be_origin=backend&search_layout=grid&position=46&type=item&tracking_id=e01f8b7d-3929-4b71-8f9e-5d69e2950bd4,"PUBLICADO ESTA SEMANA | Departamento en venta | Venta Departamento 2 Ambientes Santa Rosa | IAD México | MXN | 1,663,500 | 2 recámaras | 1 baño | 60 m² construidos | Calzada Vallejo, 1323, Santa Rosa, Gustavo A. Madero, Distrito Federal"
,"MXN5,545,402",,,,,https://casa.mercadolibre.com.mx/MLM-5400888544-venta-casas-vallejo-t-df0219-0103-_JM#polycard_client=search-desktop&float_highlight=recent_publication&price_drop=not_apply&be_origin=backend&search_layout=grid&position=47&type=item&tracking_id=e01f8b7d-3929-4b71-8f9e-5d69e2950bd4,"PUBLICADO ESTA SEMANA | Casa en venta | Venta Casas Vallejo T-df0219-0103 | MXN | 5,545,402 | 8 recámaras | 4 baños | 297 m² construidos | FUNDIDORES, Vallejo, Gustavo A. Madero, Distrito Federal"
,"MXN9,800,000",,,,,https://inmueble.mercadolibre.com.mx/MLM-5406902750-excelente-bodega-en-venta-cerca-de-eduardo-molina-gertrudis-sanchez-gam-cdmx-_JM#polycard_client=search-desktop&float_highlight=recent_publication&price_drop=not_apply&be_origin=backend&search_layout=grid&position=48&type=item&tracking_id=e01f8b7d-3929-4b71-8f9e-5d69e2950bd4,"PUBLICADO ESTA SEMANA | Bodega en venta | Excelente Bodega En Venta Cerca De Eduardo Molina, Gertrudis Sanchez, Gam, Cdmx. | MXN | 9,800,000 | 450 m² construidos | Gertrudis Sánchez 1a Sección, Gustavo A. Madero, Distrito Federal"
,"MXN2,690,000",,,,,https://departamento.mercadolibre.com.mx/MLM-5400670324-venta-departamentos-guadalupe-tepeyac-t-df0219-0104-_JM#polycard_client=search-desktop&float_highlight=recent_publication&price_drop=not_apply&be_origin=backend&search_layout=grid&position=1&type=item&tracking_id=18168ea1-3a64-4388-a7a5-65995e0efd78,"PUBLICADO ESTA SEMANA | Departamento en venta | Venta Departamentos Guadalupe Tepeyac T-df0219-0104 | MXN | 2,690,000 | 2 recámaras | 1 baño | 78 m² construidos | CARLOTA, Guadalupe Tepeyac, Gustavo A. Madero, Distrito Federal"
,"MXN6,800,000",,,,,https://casa.mercadolibre.com.mx/MLM-5400683316-venta-casa-5-ambientes-san-juan-de-aragon-vi-seccion-_JM#polycard_client=search-desktop&float_highlight=recent_publication&price_drop=not_apply&be_origin=backend&search_layout=grid&position=2&type=item&tracking_id=18168ea1-3a64-4388-a7a5-65995e0efd78,"PUBLICADO ESTA SEMANA | Casa en venta | Venta Casa 5 Ambientes San Juan De Aragón Vi Sección | IAD México | MXN | 6,800,000 | 5 recámaras | 2 baños | 257 m² construidos | AV.414 A, 335, San Juan De Aragón VI Sección, Gustavo A. Madero, Distrito Federal"
,"MXN1,350,000",,,,,https://departamento.mercadolibre.com.mx/MLM-2951149259-venta-departamentos-vallejo-t-df0236-0061-_JM#polycard_client=search-desktop&float_highlight=recent_publication&price_drop=not_apply&be_origin=backend&search_layout=grid&position=3&type=item&tracking_id=18168ea1-3a64-4388-a7a5-65995e0efd78,"PUBLICADO ESTA SEMANA | Departamento en venta | Venta Departamentos Vallejo T-df0236-0061 | MXN | 1,350,000 | 2 recámaras | 1 baño | 44 m² construidos | ABUNDIO MARTINEZ, Vallejo, Gustavo A. Madero, Distrito Federal"
,"MXN4,829,600",,,,,https://departamento.mercadolibre.com.mx/MLM-2950581167-venta-departamento-2-ambientes-lindavista-norte-_JM#polycard_client=search-desktop&float_highlight=recent_publication&price_drop=not_apply&be_origin=backend&search_layout=grid&position=4&type=item&tracking_id=18168ea1-3a64-4388-a7a5-65995e0efd78,"PUBLICADO ESTA SEMANA | Departamento en venta | Venta Departamento 2 Ambientes Lindavista Norte | IAD México | MXN | 4,829,600 | 2 recámaras | 2 baños | 65 m² construidos | AV INSTITUTO POLITECNICO NACIONAL, 1939, Lindavista Norte, Gustavo A. Madero, Distrito Federal"
,"MXN2,080,000",,,,,https://departamento.mercadolibre.com.mx/MLM-5408966534-departamento-en-venta-planta-baja-eduardo-molina-col-vasco-de-quiroga-_JM#polycard_client=search-desktop&float_highlight=recent_publication&price_drop=not_apply&be_origin=backend&search_layout=grid&position=5&type=item&tracking_id=18168ea1-3a64-4388-a7a5-65995e0efd78,"PUBLICADO HOY | Departamento en venta | Departamento En Venta Planta Baja Eduardo Molina Col. Vasco De Quiroga | MXN | 2,080,000 | 2 recámaras | 2 baños | 65 m² construidos | Av. Ingeniero Eduardo Molina 8140  F 004, Vasco De Quiroga, Gustavo A. Madero, Distrito Federal"
,"MXN12,900,000",,,,,https://casa.mercadolibre.com.mx/MLM-5401860020-excelente-residencia-en-el-corazon-de-lindavista-_JM#polycard_client=search-desktop&float_highlight=recent_publication&price_drop=not_apply&be_origin=backend&search_layout=grid&position=6&type=item&tracking_id=18168ea1-3a64-4388-a7a5-65995e0efd78,"PUBLICADO ESTA SEMANA | Casa en venta | Excelente Residencia En El Corazón De Lindavista | MXN | 12,900,000 | 4 recámaras | 4 baños | 300 m² construidos | Callao 600 - 900, Lindavista Nte., Ciudad De México, Colonia Lindavista Norte, Gustavo A. Madero, Distrito Federal"
,"MXN3,150,000",,,,,https://terreno.mercadolibre.com.mx/MLM-2962046227-terreno-comercial-en-venta-en-esquina-en-gertrudis-sanchez-_JM#polycard_client=search-desktop&float_highlight=recent_publication&price_drop=not_apply&be_origin=backend&search_layout=grid&position=7&type=item&tracking_id=18168ea1-3a64-4388-a7a5-65995e0efd78,"PUBLICADO HOY | Terreno en venta | Terreno Comercial En Venta, En Esquina, En Gertrudis Sánchez | MXN | 3,150,000 | 150 m² de terreno | Gertrudis Sánchez 1a Sección, Gustavo A. Madero, Distrito Federal"
,"MXN420,000,000",,,,,https://terreno.mercadolibre.com.mx/MLM-2962210391-venta-terreno-deportivo-zacatenco-18000-m2-insurgentes-norte-_JM#polycard_client=search-desktop&float_highlight=recent_publication&price_drop=not_apply&be_origin=backend&search_layout=grid&position=8&type=item&tracking_id=18168ea1-3a64-4388-a7a5-65995e0efd78,"PUBLICADO HOY | Terreno en venta | Venta Terreno  Deportivo Zacatenco  18000 M2 Insurgentes Norte | MXN | 420,000,000 | 18,000 m² de terreno | Mexico, Villa Gustavo A. Madero, Gustavo A. Madero, Distrito Federal"
,"MXN1,200,000",,,,,https://departamento.mercadolibre.com.mx/MLM-2950779955-departamento-en-venta-en-el-arbolillo-_JM#polycard_client=search-desktop&float_highlight=recent_publication&price_drop=not_apply&be_origin=backend&search_layout=grid&position=9&type=item&tracking_id=18168ea1-3a64-4388-a7a5-65995e0efd78,"PUBLICADO ESTA SEMANA | Departamento en venta | Departamento En Venta En El Arbolillo | MXN | 1,200,000 | 2 recámaras | 1 baño | 52 m² construidos | Gustavo A. Madero, Mexico City, El Arbolillo, Gustavo A. Madero, Distrito Federal"
,"MXN1,980,000",,,,,https://departamento.mercadolibre.com.mx/MLM-2670247071-departamento-39m2-de-1-recamara-balcon-bodega-en-aragon-la-villa-_JM#polycard_client=search-desktop&be_origin=backend&search_layout=grid&position=10&type=item&tracking_id=18168ea1-3a64-4388-a7a5-65995e0efd78&price_drop=not_apply,"Departamento en venta | Departamento 39m2 De 1 Recamara Balcon Bodega En Aragon La Villa | MXN | 1,980,000 | 1 recámara | 1 baño | 38 m² construidos | Aragón La Villa, Gustavo A. Madero, Distrito Federal"
,"MXN3,400,000",,,,,https://casa.mercadolibre.com.mx/MLM-4780229916-venta-casas-lindavista-norte-t-df0085-0600-_JM#polycard_client=search-desktop&be_origin=backend&search_layout=grid&position=11&type=item&tracking_id=18168ea1-3a64-4388-a7a5-65995e0efd78&price_drop=not_apply,"Casa en venta | Venta Casas Lindavista Norte T-df0085-0600 | MXN | 3,400,000 | 4 recámaras | 4 baños | 200 m² construidos | CALLE 10, Lindavista Norte, Gustavo A. Madero, Distrito Federal"
,"MXN1,600,000",,,,,https://departamento.mercadolibre.com.mx/MLM-2705512547-excelente-departamento-con-inmejorable-ubicacion-muy-cerca-del-metrobus-tenayuca-en-guatavo-a-madero-_JM#polycard_client=search-desktop&be_origin=backend&search_layout=grid&position=12&type=item&tracking_id=18168ea1-3a64-4388-a7a5-65995e0efd78&price_drop=not_apply,"Departamento en venta | Excelente Departamento  Con Inmejorable  Ubicación Muy Cerca  Del Metrobus Tenayuca En Guatavo A. Madero | MXN | 1,600,000 | 2 recámaras | 1 baño | 67 m² construidos | Calz. Vallejo 1268, Santa Rosa, Ciudad De México, Santa Rosa, Gustavo A. Madero, Distrito Federal"
,"MXN3,150,000",,,,,https://casa.mercadolibre.com.mx/MLM-2748832665-casa-en-col-cuautepec-del-gam-_JM#polycard_client=search-desktop&be_origin=backend&search_layout=grid&position=13&type=item&tracking_id=18168ea1-3a64-4388-a7a5-65995e0efd78&price_drop=not_apply,"Casa en venta | Casa En Col-cuautepec Del-gam | MXN | 3,150,000 | 3 recámaras | 1 baño | 108 m² construidos | Cuautepec De Madero, Gustavo A. Madero, Distrito Federal"
,"MXN1,300,000",,,,,https://departamento.mercadolibre.com.mx/MLM-5118589286-venta-departamentos-san-juan-de-aragon-vii-seccion-t-df0238-0038-_JM#polycard_client=search-desktop&be_origin=backend&search_layout=grid&position=14&type=item&tracking_id=18168ea1-3a64-4388-a7a5-65995e0efd78&price_drop=not_apply,"Departamento en venta | Venta Departamentos San Juan De Aragon Vii Seccion T-df0238-0038 | MXN | 1,300,000 | 2 recámaras | 1 baño | 59 m² construidos | AV. EDUARDO MOLINA, San Juan De Aragón VII Sección, Gustavo A. Madero, Distrito Federal"
,"MXN1,950,000",,,,,https://casa.mercadolibre.com.mx/MLM-2874594253-casa-en-venta-gustavo-a-madero-_JM#polycard_client=search-desktop&be_origin=backend&search_layout=grid&position=15&type=item&tracking_id=18168ea1-3a64-4388-a7a5-65995e0efd78&price_drop=not_apply,"Casa en venta | Casa En Venta, Gustavo A. Madero | MXN | 1,950,000 | 2 recámaras | 1 baño | 108 m² construidos | Santiago Atepetlac, Gustavo A. Madero, Distrito Federal"
,"MXN2,940,000",,,,,https://casa.mercadolibre.com.mx/MLM-5107706830-casa-en-venta-col-san-juan-de-aragon-gam-cdmx-_JM#polycard_client=search-desktop&be_origin=backend&search_layout=grid&position=16&type=item&tracking_id=18168ea1-3a64-4388-a7a5-65995e0efd78&price_drop=not_apply,"Casa en venta | Casa En Venta. Col. San Juan De Aragón, G.a.m., Cdmx | MXN | 2,940,000 | 3 recámaras | 3 baños | 193 m² construidos | Av. 495 28, San Juan De Aragón 7a Secc., Gustavo A. Madero, Distrito Federal"
,"MXN1,000,000",,,,,https://departamento.mercadolibre.com.mx/MLM-5118576318-venta-departamentos-san-juan-de-aragon-vi-seccion-t-df0238-0037-_JM#polycard_client=search-desktop&be_origin=backend&search_layout=grid&position=17&type=item&tracking_id=18168ea1-3a64-4388-a7a5-65995e0efd78&price_drop=not_apply,"Departamento en venta | Venta Departamentos San Juan De Aragon Vi Seccion T-df0238-0037 | MXN | 1,000,000 | 2 recámaras | 1 baño | 55 m² construidos | VALLE DE MITLA, San Juan De Aragón VI Sección, Gustavo A. Madero, Distrito Federal"
,"MXN1,350,000",,,,,https://departamento.mercadolibre.com.mx/MLM-5058300014-departamento-en-arcos-esmeralda-44m2-acepta-creditos-_JM#polycard_client=search-desktop&be_origin=backend&search_layout=grid&position=18&type=item&tracking_id=18168ea1-3a64-4388-a7a5-65995e0efd78&price_drop=not_apply,"Departamento en venta | Departamento En Arcos Esmeralda / 44m2 / Acepta Creditos | MXN | 1,350,000 | 2 recámaras | 1 baño | 44 m² construidos | La Esmeralda, Gustavo A. Madero, Distrito Federal"
,"MXN1,270,000",,,,,https://departamento.mercadolibre.com.mx/MLM-2749972035-entrega-inmediata-solo-recursos-propios-_JM#polycard_client=search-desktop&be_origin=backend&search_layout=grid&position=19&type=item&tracking_id=18168ea1-3a64-4388-a7a5-65995e0efd78&price_drop=not_apply,"Departamento en venta | ¡entrega Inmediata! Solo Recursos Propios | MXN | 1,270,000 | 2 recámaras | 1 baño | 60 m² construidos | Acueducto De Guadalupe, Gustavo A. Madero, Distrito Federal"
,"MXN2,200,000",,,,,https://casa.mercadolibre.com.mx/MLM-5205054316-venta-casas-san-juan-de-aragon-v-seccion-t-df0181-0222-_JM#polycard_client=search-desktop&be_origin=backend&search_layout=grid&position=20&type=item&tracking_id=18168ea1-3a64-4388-a7a5-65995e0efd78&price_drop=not_apply,"Casa en venta | Venta Casas San Juan De Aragon V Seccion T-df0181-0222 | MXN | 2,200,000 | 4 recámaras | 1 baño | 110 m² construidos | C. CONDOMINIO 41, San Juan De Aragón V Sección, Gustavo A. Madero, Distrito Federal"
,"MXN7,250,000",,,,,https://casa.mercadolibre.com.mx/MLM-2831389899-casa-con-amplios-espacios-_JM#polycard_client=search-desktop&be_origin=backend&search_layout=grid&position=21&type=item&tracking_id=18168ea1-3a64-4388-a7a5-65995e0efd78&price_drop=not_apply,"Casa en venta | Casa Con Amplios Espacios | MXN | 7,250,000 | 4 recámaras | 3 baños | 217 m² construidos | Calle Brillante 36, Col. Estrella, Ciudad De México, Estrella, Gustavo A. Madero, Distrito Federal"
,"MXN9,850,000",,,,,https://casa.mercadolibre.com.mx/MLM-5058093094-casa-en-venta-en-lindavista-gustavo-a-madero-cdmx-_JM#polycard_client=search-desktop&be_origin=backend&search_layout=grid&position=22&type=item&tracking_id=18168ea1-3a64-4388-a7a5-65995e0efd78&price_drop=not_apply,"Casa en venta | Casa En Venta En Lindavista, Gustavo A. Madero, Cdmx | MXN | 9,850,000 | 5 recámaras | 3 baños | 333 m² construidos | Callao, Lindavista, Gustavo A. Madero, Distrito Federal"
,"MXN6,000,000",,,,,https://casa.mercadolibre.com.mx/MLM-4635910764-construccion-para-inversion-en-venta-remodela-y-gana-_JM#polycard_client=search-desktop&be_origin=backend&search_layout=grid&position=23&type=item&tracking_id=18168ea1-3a64-4388-a7a5-65995e0efd78&price_drop=not_apply,"Casa en venta | Construcción Para Inversión En Venta. Remodela Y Gana | MXN | 6,000,000 | 3 recámaras | 1 baño | 320 m² construidos | Industrial, Gustavo A. Madero, Distrito Federal"
,"MXN1,800,000",,,,,https://departamento.mercadolibre.com.mx/MLM-5357496766-departamento-en-venta-nueva-industrial-vallejo-gustavo-a-madero-_JM#polycard_client=search-desktop&be_origin=backend&search_layout=grid&position=24&type=item&tracking_id=18168ea1-3a64-4388-a7a5-65995e0efd78&price_drop=not_apply,"Departamento en venta | Departamento En Venta Nueva Industrial Vallejo, Gustavo A. Madero | MXN | 1,800,000 | 2 recámaras | 1 baño | 56 m² construidos | Nueva Industrial Vallejo, Gustavo A. Madero, Distrito Federal"
,"MXN2,000,000",,,,,https://casa.mercadolibre.com.mx/MLM-2750042307-venta-casas-pradera-ii-seccion-t-df0238-0033-_JM#polycard_client=search-desktop&be_origin=backend&search_layout=grid&position=25&type=item&tracking_id=18168ea1-3a64-4388-a7a5-65995e0efd78&price_drop=not_apply,"Casa en venta | Venta Casas Pradera Ii Seccion T-df0238-0033 | MXN | 2,000,000 | 2 recámaras | 1 baño | 72 m² construidos | VOLCAN DE FUEGO, Pradera II Sección, Gustavo A. Madero, Distrito Federal"
,"MXN1,650,000",,,,,https://departamento.mercadolibre.com.mx/MLM-4833754568-departamento-interior-e-iluminado-en-calzada-vallejo-_JM#polycard_client=search-desktop&be_origin=backend&search_layout=grid&position=26&type=item&tracking_id=18168ea1-3a64-4388-a7a5-65995e0efd78&price_drop=not_apply,"Departamento en venta | Departamento Interior E Iluminado En Calzada Vallejo | MXN | 1,650,000 | 2 recámaras | 2 baños | 62 m² construidos | Santa Rosa, Gustavo A. Madero, Distrito Federal"
,"MXN2,280,000",,,,,https://casa.mercadolibre.com.mx/MLM-5290489874-venta-casas-san-juan-de-aragon-v-seccion-t-df0181-0227-_JM#polycard_client=search-desktop&be_origin=backend&search_layout=grid&position=27&type=item&tracking_id=18168ea1-3a64-4388-a7a5-65995e0efd78&price_drop=not_apply,"Casa en venta | Venta Casas San Juan De Aragon V Seccion T-df0181-0227 | MXN | 2,280,000 | 3 recámaras | 1 baño | 67 m² construidos | C. 683, San Juan De Aragón V Sección, Gustavo A. Madero, Distrito Federal"
,"MXN500,000",,,,,https://casa.mercadolibre.com.mx/MLM-5035894736-venta-casas-ampliacion-san-juan-de-aragon-t-df0234-0035-_JM#polycard_client=search-desktop&be_origin=backend&search_layout=grid&position=28&type=item&tracking_id=18168ea1-3a64-4388-a7a5-65995e0efd78&price_drop=not_apply,"Casa en venta | Venta Casas Ampliacion San Juan De Aragon T-df0234-0035 | MXN | 500,000 | 1 recámara | 1 baño | 61 m² construidos | CAM. SAN JUAN DE ARAGON, Ampliación San Juan De Aragón, Gustavo A. Madero, Distrito Federal"
,"MXN5,100,000",,,,,https://casa.mercadolibre.com.mx/MLM-5091413230-casa-venta-en-col-acueducto-de-guadalupe-159-m2-_JM#polycard_client=search-desktop&be_origin=backend&search_layout=grid&position=29&type=item&tracking_id=18168ea1-3a64-4388-a7a5-65995e0efd78&price_drop=not_apply,"Casa en venta | Casa Venta En Col. Acueducto De Guadalupe / 159 M2 | MXN | 5,100,000 | 4 recámaras | 2 baños | 159 m² construidos | Acueducto De Guadalupe, Gustavo A. Madero, Distrito Federal"
,"MXN2,100,000",,,,,https://departamento.mercadolibre.com.mx/MLM-4786367532-venta-departamentos-nueva-industrial-vallejo-t-df0257-0003-_JM#polycard_client=search-desktop&be_origin=backend&search_layout=grid&position=30&type=item&tracking_id=18168ea1-3a64-4388-a7a5-65995e0efd78&price_drop=not_apply,"Departamento en venta | Venta Departamentos Nueva Industrial Vallejo T-df0257-0003 | MXN | 2,100,000 | 3 recámaras | 1 baño | 72 m² construidos | AV. MIGUEL OTHON DE MENDIZABAL, Nueva Industrial Vallejo, Gustavo A. Madero, Distrito Federal"
,"MXN2,800,000",,,,,https://departamento.mercadolibre.com.mx/MLM-2708081899-venta-departamentos-vallejo-t-df0219-0081-_JM#polycard_client=search-desktop&be_origin=backend&search_layout=grid&position=31&type=item&tracking_id=18168ea1-3a64-4388-a7a5-65995e0efd78&price_drop=not_apply,"Departamento en venta | Venta Departamentos Vallejo T-df0219-0081 | MXN | 2,800,000 | 3 recámaras | 2 baños | 154 m² construidos | EJE CENTRAL LAZARO CARDENAS, Vallejo, Gustavo A. Madero, Distrito Federal"
,"MXN4,670,000",,,,,https://casa.mercadolibre.com.mx/MLM-4671654488-venta-casas-tepeyac-insurgentes-t-df0215-0076-_JM#polycard_client=search-desktop&be_origin=backend&search_layout=grid&position=32&type=item&tracking_id=18168ea1-3a64-4388-a7a5-65995e0efd78&price_drop=not_apply,"Casa en venta | Venta Casas Tepeyac Insurgentes T-df0215-0076 | MXN | 4,670,000 | 4 recámaras | 2 baños | 280 m² construidos | FRAY MARTIN DE VALENCIA, Tepeyac Insurgentes, Gustavo A. Madero, Distrito Federal"
,"MXN17,999,999",,,,,https://casa.mercadolibre.com.mx/MLM-2705545201-perfecta-casa-grande-para-inversionistas-en-la-col-guadalupe-tepeyac-a-unos-minutos-de-walmart-tepeyac-_JM#polycard_client=search-desktop&be_origin=backend&search_layout=grid&position=33&type=item&tracking_id=18168ea1-3a64-4388-a7a5-65995e0efd78&price_drop=not_apply,"Casa en venta | Perfecta Casa  Grande Para Inversionistas En La Col. Guadalupe Tepeyac A Unos Minutos De Walmart Tepeyac! | MXN | 17,999,999 | 8 recámaras | 9 baños | 504 m² construidos | Martha, Guadalupe Tepeyac, Ciudad De México, Guadalupe Tepeyac, Gustavo A. Madero, Distrito Federal"
,"MXN9,000,000",,,,,https://casa.mercadolibre.com.mx/MLM-2703374409-casa-en-venta-en-lindavista-sobre-av-montevideo-_JM#polycard_client=search-desktop&be_origin=backend&search_layout=grid&position=34&type=item&tracking_id=18168ea1-3a64-4388-a7a5-65995e0efd78&price_drop=not_apply,"Casa en venta | Casa En Venta En Lindavista Sobre Av. Montevideo | MXN | 9,000,000 | 3 recámaras | 3 baños | 500 m² construidos | Lindavista Norte, Gustavo A. Madero, Distrito Federal"
,"MXN1,495,000",,,,,https://departamento.mercadolibre.com.mx/MLM-2798134853-departamento-en-venta-en-vasco-de-quiroga-gustavo-a-madero-cdmx-_JM#polycard_client=search-desktop&be_origin=backend&search_layout=grid&position=35&type=item&tracking_id=18168ea1-3a64-4388-a7a5-65995e0efd78&price_drop=not_apply,"Departamento en venta | Departamento En Venta En Vasco De Quiroga, Gustavo A. Madero, Cdmx | MXN | 1,495,000 | 2 recámaras | 1 baño | 60 m² construidos | Eduardo Molina 1320 Edif. 8 Dpto. 110, Vasco De Quiroga, Gustavo A. Madero, Distrito Federal"
,"MXN6,199,998",,,,,https://casa.mercadolibre.com.mx/MLM-2720545187-gran-oportunidad-patrimonial-en-la-gam-casa-de-amplias-dimensiones-con-excelente-conectividad-y-precio-de-ocasion-a-tratar-para-cierre-inmediato-_JM#polycard_client=search-desktop&be_origin=backend&search_layout=grid&position=36&type=item&tracking_id=18168ea1-3a64-4388-a7a5-65995e0efd78&price_drop=not_apply,"Casa en venta | Gran Oportunidad Patrimonial En La Gam: Casa De Amplias Dimensiones Con Excelente Conectividad Y Precio De Ocasión A Tratar Para Cierre Inmediato | MXN | 6,199,998 | 3 recámaras | 3 baños | 245 m² construidos | De La Arena 34, Acueducto De Guadalupe, Gustavo A. Madero, 07270 Ciudad De México, CDMX, Mexico, Residencial Acueducto De Guadalupe, Gustavo A. Madero, Distrito Federal"
,"MXN3,100,000",,,,,https://casa.mercadolibre.com.mx/MLM-5058033336-casa-en-venta-en-colonia-ampliacion-providencia-gam-ciudad-de-mexico-_JM#polycard_client=search-desktop&be_origin=backend&search_layout=grid&position=37&type=item&tracking_id=18168ea1-3a64-4388-a7a5-65995e0efd78&price_drop=not_apply,"Casa en venta | Casa En Venta En Colonia Ampliación Providencia, Gam, Ciudad De México | MXN | 3,100,000 | 5 recámaras | 2 baños | 232 m² construidos | Volcán Tlajomulco 22, Ampliación Providencia, Gustavo A. Madero, Distrito Federal"
,"MXN25,000,000",,,,,https://casa.mercadolibre.com.mx/MLM-2850532965-casa-en-venta-lindavista-gustavo-a-madero-_JM#polycard_client=search-desktop&be_origin=backend&search_layout=grid&position=38&type=item&tracking_id=18168ea1-3a64-4388-a7a5-65995e0efd78&price_drop=not_apply,"Casa en venta | Casa En Venta Lindavista, Gustavo A. Madero | MXN | 25,000,000 | 3 recámaras | 3 baños | 581 m² construidos | Lindavista Norte, Gustavo A. Madero, Distrito Federal"
,"MXN1,750,000",,,,,https://departamento.mercadolibre.com.mx/MLM-2821350063-acogedor-departamento-en-venta-en-el-corazon-de-vallejo-_JM#polycard_client=search-desktop&be_origin=backend&search_layout=grid&position=39&type=item&tracking_id=18168ea1-3a64-4388-a7a5-65995e0efd78&price_drop=not_apply,"Departamento en venta | Acogedor Departamento En Venta En El Corazón De Vallejo | MXN | 1,750,000 | 2 recámaras | 1 baño | 50 m² construidos | Nueva Industrial Vallejo, Gustavo A. Madero, Distrito Federal"
,"MXN4,600,000",,,,,https://casa.mercadolibre.com.mx/MLM-4690054302-casa-en-venta-panamericana-gustavo-a-madero-_JM#polycard_client=search-desktop&be_origin=backend&search_layout=grid&position=40&type=item&tracking_id=18168ea1-3a64-4388-a7a5-65995e0efd78&price_drop=not_apply,"Casa en venta | Casa En Venta Panamericana, Gustavo A. Madero | MXN | 4,600,000 | 3 recámaras | 4 baños | 231 m² construidos | Panamericana, Gustavo A. Madero, Distrito Federal"
,"MXN4,950,000",,,,,https://casa.mercadolibre.com.mx/MLM-2746135039-inmueble-con-466-m2-en-venta-en-cuautepec-_JM#polycard_client=search-desktop&be_origin=backend&search_layout=grid&position=41&type=item&tracking_id=18168ea1-3a64-4388-a7a5-65995e0efd78&price_drop=not_apply,"Casa en venta | Inmueble Con 466 M2 En Venta En Cuautepec | MXN | 4,950,000 | 2 recámaras | 1 baño | 220 m² construidos | C. Apango 48, Cuautepec Alto Centro, Ciudad De México, Arboledas De Cuautepec El Alto, Gustavo A. Madero, Distrito Federal"
,"MXN32,800,000",,,,,https://casa.mercadolibre.com.mx/MLM-5171491326-bajo-de-precio-casas-conjuntas-en-venta-en-lindavista-norte-cali-rcv636847-_JM#polycard_client=search-desktop&be_origin=backend&search_layout=grid&position=42&type=item&tracking_id=18168ea1-3a64-4388-a7a5-65995e0efd78&price_drop=not_apply,"Casa en venta | ¡bajo De Precio! Casas Conjuntas En Venta En Lindavista Norte, Cali, Rcv636847 | MXN | 32,800,000 | 7 recámaras | 9 baños | 1,390 m² construidos | Lindavista Norte, Gustavo A. Madero, Distrito Federal"
,"MXN9,490,000",,,,,https://casa.mercadolibre.com.mx/MLM-2765380135-venta-casas-torres-lindavista-t-df0213-0056-_JM#polycard_client=search-desktop&be_origin=backend&search_layout=grid&position=43&type=item&tracking_id=18168ea1-3a64-4388-a7a5-65995e0efd78&price_drop=false,"Casa en venta | Venta Casas Torres Lindavista T-df0213-0056 | MXN | 9,490,000 | 4 recámaras | 3 baños | 300 m² construidos | CARACAS, Torres Lindavista, Gustavo A. Madero, Distrito Federal"
,"MXN3,950,000",,,,,https://casa.mercadolibre.com.mx/MLM-2874535307-casa-en-venta-cuautepec-deportivo-juventino-rosas-excelente-mantenimiento-_JM#polycard_client=search-desktop&be_origin=backend&search_layout=grid&position=44&type=item&tracking_id=18168ea1-3a64-4388-a7a5-65995e0efd78&price_drop=not_apply,"Casa en venta | Casa En Venta, Cuautepec, Deportivo Juventino Rosas, Excelente Mantenimiento | MXN | 3,950,000 | 4 recámaras | 2 baños | 160 m² construidos | Cuautepec De Madero, Gustavo A. Madero, Distrito Federal"
,"MXN1,690,000",,,,,https://departamento.mercadolibre.com.mx/MLM-2937241723-departamento-en-venta-en-gustavo-a-madero-_JM#polycard_client=search-desktop&be_origin=backend&search_layout=grid&position=45&type=item&tracking_id=18168ea1-3a64-4388-a7a5-65995e0efd78&price_drop=not_apply,"Departamento en venta | Departamento En Venta En Gustavo A. Madero | MXN | 1,690,000 | 2 recámaras | 1 baño | 55 m² construidos | El Coyol, Gustavo A. Madero, Distrito Federal"
,"MXN2,500,000",,,,,https://casa.mercadolibre.com.mx/MLM-5178509548-casa-en-venta-a-unos-metros-de-circuito-uso-de-suelo-mixto-ideal-para-invertir-_JM#polycard_client=search-desktop&be_origin=backend&search_layout=grid&position=46&type=item&tracking_id=18168ea1-3a64-4388-a7a5-65995e0efd78&price_drop=not_apply,"Casa en venta | Casa En Venta, A Unos Metros De Circuito, Uso De Suelo Mixto Ideal Para Invertir | MXN | 2,500,000 | 2 recámaras | 3 baños | 120 m² construidos | Norte 50 A 3839, Emiliano Zapata, Gustavo A. Madero, Distrito Federal"
,"MXN1,650,000",,,,,https://departamento.mercadolibre.com.mx/MLM-2865125691-departamento-en-venta-santa-rosa-gustavo-a-madero-cdmx-_JM#polycard_client=search-desktop&be_origin=backend&search_layout=grid&position=47&type=item&tracking_id=18168ea1-3a64-4388-a7a5-65995e0efd78&price_drop=not_apply,"Departamento en venta | Departamento En Venta Santa Rosa Gustavo A. Madero Cdmx | MXN | 1,650,000 | 2 recámaras | 1 baño | 64 m² construidos | Joyas Vallejo, Santa Rosa, Gustavo A. Madero, Distrito Federal"
,"MXN35,700,000",,,,,https://casa.mercadolibre.com.mx/MLM-2858590141-bajo-de-precio-casa-venta-en-arequipa-lindavista-norte-rcv636832-_JM#polycard_client=search-desktop&be_origin=backend&search_layout=grid&position=48&type=item&tracking_id=18168ea1-3a64-4388-a7a5-65995e0efd78&price_drop=not_apply,"Casa en venta | ¡bajo De Precio! Casa Venta En Arequipa, Lindavista Norte, Rcv636832 | MXN | 35,700,000 | 4 recámaras | 5 baños | 1,300 m² construidos | Lindavista Norte, Gustavo A. Madero, Distrito Federal"
,"MXN1,599,996",,,,,https://departamento.mercadolibre.com.mx/MLM-2720637793-departamento-en-gustavo-a-madero-ubicacion-estrategica-a-pasos-del-metrobus-tenayuca-conectividad-total-y-precio-atractivo-a-tratar-gran-oportunidad-_JM#polycard_client=search-desktop&be_origin=backend&search_layout=grid&position=1&type=item&tracking_id=aaed2abd-6e44-4ee4-89af-9c15ed3dc596&price_drop=not_apply,"Departamento en venta | Departamento En Gustavo A. Madero: Ubicación Estratégica A Pasos Del Metrobús Tenayuca, Conectividad Total Y Precio Atractivo A Tratar ¡gran Oportunidad! | MXN | 1,599,996 | 2 recámaras | 1 baño | 67 m² construidos | Calz. Vallejo 1268, Santa Rosa, Ciudad De México, Santa Rosa, Gustavo A. Madero, Distrito Federal"
,"MXN1,300,000",,,,,https://departamento.mercadolibre.com.mx/MLM-5166616252-venta-departamentos-la-purisima-ticoman-t-df0213-0059-_JM#polycard_client=search-desktop&be_origin=backend&search_layout=grid&position=2&type=item&tracking_id=aaed2abd-6e44-4ee4-89af-9c15ed3dc596&price_drop=false,"Departamento en venta | Venta Departamentos La Purisima Ticoman T-df0213-0059 | MXN | 1,300,000 | 2 recámaras | 1 baño | 58 m² construidos | AND. PASEO EL ARBOLILLO, La Purísima Ticoman, Gustavo A. Madero, Distrito Federal"
,"MXN17,999,996",,,,,https://casa.mercadolibre.com.mx/MLM-2720558745-oportunidad-inmobiliaria-en-guadalupe-tepeyac-casa-de-gran-metraje-con-potencial-residencial-o-comercial-ubicada-en-zona-de-alta-plusvalia-muy-cerca-de-la-villa-y-calzada-de-guadalupe-_JM#polycard_client=search-desktop&be_origin=backend&search_layout=grid&position=3&type=item&tracking_id=aaed2abd-6e44-4ee4-89af-9c15ed3dc596&price_drop=not_apply,"Casa en venta | Oportunidad Inmobiliaria En Guadalupe Tepeyac: Casa De Gran Metraje Con Potencial Residencial O Comercial, Ubicada En Zona De Alta Plusvalía Muy Cerca De La Villa Y Calzada De Guadalupe | MXN | 17,999,996 | 8 recámaras | 9 baños | 504 m² construidos | Martha 64, Guadalupe Tepeyac, Gustavo A. Madero, 07840 Ciudad De México, CDMX, Mexico, Guadalupe Tepeyac, Gustavo A. Madero, Distrito Federal"
,"MXN3,200,000",,,,,https://casa.mercadolibre.com.mx/MLM-5118589302-venta-casas-san-juan-de-aragon-vi-seccion-t-df0238-0036-_JM#polycard_client=search-desktop&be_origin=backend&search_layout=grid&position=4&type=item&tracking_id=aaed2abd-6e44-4ee4-89af-9c15ed3dc596&price_drop=not_apply,"Casa en venta | Venta Casas San Juan De Aragon Vi Seccion T-df0238-0036 | MXN | 3,200,000 | 7 recámaras | 5 baños | 180 m² construidos | AV. 699, San Juan De Aragón VI Sección, Gustavo A. Madero, Distrito Federal"
,"MXN6,199,994",,,,,https://casa.mercadolibre.com.mx/MLM-2720681381-residencia-familiar-en-acueducto-de-guadalupe-privacidad-total-en-calle-cerrada-cercania-a-centros-comerciales-de-elite-y-zona-escolar-ipn-la-mejor-inversion-del-norte-de-cdmx-_JM#polycard_client=search-desktop&be_origin=backend&search_layout=grid&position=5&type=item&tracking_id=aaed2abd-6e44-4ee4-89af-9c15ed3dc596&price_drop=not_apply,"Casa en venta | Residencia Familiar En Acueducto De Guadalupe: Privacidad Total En Calle Cerrada, Cercanía A Centros Comerciales De Élite Y Zona Escolar Ipn; ¡la Mejor Inversión Del Norte De Cdmx! | MXN | 6,199,994 | 3 recámaras | 3 baños | 245 m² construidos | De La Arena 34, Acueducto De Guadalupe, Gustavo A. Madero, 07270 Ciudad De México, CDMX, Mexico, Residencial Acueducto De Guadalupe, Gustavo A. Madero, Distrito Federal"
,"MXN5,000,000",,,,,https://casa.mercadolibre.com.mx/MLM-2779185605-casa-en-venta-a-lado-de-lindavista-_JM#polycard_client=search-desktop&be_origin=backend&search_layout=grid&position=6&type=item&tracking_id=aaed2abd-6e44-4ee4-89af-9c15ed3dc596&price_drop=not_apply,"Casa en venta | Casa En Venta A Lado De Lindavista | MXN | 5,000,000 | 3 recámaras | 2 baños | 178 m² construidos | Salama, Valle Del Tepeyac, Gustavo A. Madero, Distrito Federal"
,"MXN17,650,000",,,,,https://casa.mercadolibre.com.mx/MLM-2811213953-casa-en-venta-en-fraccionamiento-torres-lindavista-gustavo-a-madero-cdmx-_JM#polycard_client=search-desktop&be_origin=backend&search_layout=grid&position=7&type=item&tracking_id=aaed2abd-6e44-4ee4-89af-9c15ed3dc596&price_drop=not_apply,"Casa en venta | Casa En Venta En Fraccionamiento Torres Lindavista, Gustavo A. Madero, Cdmx | MXN | 17,650,000 | 4 recámaras | 4 baños | 331 m² construidos | Caracas Sur, Torres Lindavista, Gustavo A. Madero, Distrito Federal"
,"MXN17,999,994",,,,,https://casa.mercadolibre.com.mx/MLM-2722436067-maxima-amplitud-y-ubicacion-premium-en-gam-la-propiedad-que-buscabas-para-crecer-_JM#polycard_client=search-desktop&be_origin=backend&search_layout=grid&position=8&type=item&tracking_id=aaed2abd-6e44-4ee4-89af-9c15ed3dc596&price_drop=not_apply,"Casa en venta | Máxima Amplitud Y Ubicación Premium En Gam: La Propiedad Que Buscabas Para Crecer | MXN | 17,999,994 | 8 recámaras | 9 baños | 504 m² construidos | Martha 64, Guadalupe Tepeyac, Gustavo A. Madero, 07840 Ciudad De México, CDMX, Mexico, Guadalupe Tepeyac, Gustavo A. Madero, Distrito Federal"
,"MXN5,400,000",,,,,https://casa.mercadolibre.com.mx/MLM-4827550000-casa-en-venta-cerca-de-la-basilica-la-joyita-gustavo-a-madero-_JM#polycard_client=search-desktop&be_origin=backend&search_layout=grid&position=9&type=item&tracking_id=aaed2abd-6e44-4ee4-89af-9c15ed3dc596&price_drop=not_apply,"Casa en venta | Casa En Venta, Cerca De La Basílica, La Joyita, Gustavo A. Madero | MXN | 5,400,000 | 8 recámaras | 5 baños | 263 m² construidos | Nte. 50, La Joyita, Ciudad De México, La Joyita, Gustavo A. Madero, Distrito Federal"
,"MXN6,550,000",,,,,https://casa.mercadolibre.com.mx/MLM-2850678753-casa-en-venta-cuchilla-del-tesoro-gustavo-a-madero-_JM#polycard_client=search-desktop&be_origin=backend&search_layout=grid&position=10&type=item&tracking_id=aaed2abd-6e44-4ee4-89af-9c15ed3dc596&price_drop=not_apply,"Casa en venta | Casa En Venta Cuchilla Del Tesoro  Gustavo A. Madero | MXN | 6,550,000 | 5 recámaras | 3 baños | 200 m² construidos | Casa EN Venta Cuchilla DEL Tesoro Poniente  6 Gustavo A. Madero, Cuchilla Del Tesoro, Gustavo A. Madero, Distrito Federal"
,"MXN4,500,000",,,,,https://casa.mercadolibre.com.mx/MLM-2894392759-venta-casas-san-juan-de-aragon-v-seccion-t-df0181-0241-_JM#polycard_client=search-desktop&be_origin=backend&search_layout=grid&position=11&type=item&tracking_id=aaed2abd-6e44-4ee4-89af-9c15ed3dc596&price_drop=not_apply,"Casa en venta | Venta Casas San Juan De Aragon V Seccion T-df0181-0241 | MXN | 4,500,000 | 3 recámaras | 2 baños | 100 m² construidos | CALLE 647, San Juan De Aragón V Sección, Gustavo A. Madero, Distrito Federal"
,"MXN6,199,995",,,,,https://casa.mercadolibre.com.mx/MLM-2720729539-casa-en-venta-en-acueducto-de-guadalupe-ubicacion-estrategica-en-calle-privada-a-minutos-de-escuelas-ipn-y-centros-comerciales-seguridad-confort-y-plusvalia-en-la-gam-_JM#polycard_client=search-desktop&be_origin=backend&search_layout=grid&position=12&type=item&tracking_id=aaed2abd-6e44-4ee4-89af-9c15ed3dc596&price_drop=not_apply,"Casa en venta | Casa En Venta En Acueducto De Guadalupe: Ubicación Estratégica En Calle Privada, A Minutos De Escuelas Ipn Y Centros Comerciales; Seguridad, Confort Y Plusvalía En La Gam | MXN | 6,199,995 | 3 recámaras | 3 baños | 245 m² construidos | De La Arena 34, Acueducto De Guadalupe, Gustavo A. Madero, 07270 Ciudad De México, CDMX, Mexico, Residencial Acueducto De Guadalupe, Gustavo A. Madero, Distrito Federal"
,"MXN15,000,000",,,,,https://casa.mercadolibre.com.mx/MLM-4985158698-casa-en-venta-guadalupe-tepeyacgam-_JM#polycard_client=search-desktop&be_origin=backend&search_layout=grid&position=13&type=item&tracking_id=aaed2abd-6e44-4ee4-89af-9c15ed3dc596&price_drop=not_apply,"Casa en venta | Casa En Venta Guadalupe Tepeyac,gam | MXN | 15,000,000 | 7 recámaras | 3 baños | 371 m² construidos | Samuel, Guadalupe Tepeyac, Gustavo A. Madero, Distrito Federal"
,"MXN16,500,000",,,,,https://casa.mercadolibre.com.mx/MLM-2779161861-casa-en-venta-residencial-zacatenco-_JM#polycard_client=search-desktop&be_origin=backend&search_layout=grid&position=14&type=item&tracking_id=aaed2abd-6e44-4ee4-89af-9c15ed3dc596&price_drop=not_apply,"Casa en venta | Casa En Venta Residencial Zacatenco | MXN | 16,500,000 | 5 recámaras | 3 baños | 674 m² construidos | San Juan De Puerto Rico, Residencial Zacatenco, Gustavo A. Madero, Distrito Federal"
,"MXN1,599,994",,,,,https://departamento.mercadolibre.com.mx/MLM-2722269643-invierte-seguro-en-joyas-vallejo-departamento-con-plusvalia-imbatible-y-ubicacion-estrategica-_JM#polycard_client=search-desktop&be_origin=backend&search_layout=grid&position=15&type=item&tracking_id=aaed2abd-6e44-4ee4-89af-9c15ed3dc596&price_drop=not_apply,"Departamento en venta | ¡invierte Seguro En Joyas Vallejo! Departamento Con Plusvalía Imbatible Y Ubicación Estratégica | MXN | 1,599,994 | 2 recámaras | 1 baño | 67 m² construidos | Calz. Vallejo 1268, Santa Rosa, Ciudad De México, Santa Rosa, Gustavo A. Madero, Distrito Federal"
,"MXN17,999,994",,,,,https://casa.mercadolibre.com.mx/MLM-2732266653-preciosa-casa-grande-en-la-colonia-guadalupe-tepeyac-gustavo-a-madero-especial-para-invertir-en-airbnb-por-su-cercania-con-la-villa-_JM#polycard_client=search-desktop&be_origin=backend&search_layout=grid&position=16&type=item&tracking_id=aaed2abd-6e44-4ee4-89af-9c15ed3dc596&price_drop=not_apply,"Casa en venta | Preciosa Casa Grande En La Colonia Guadalupe Tepeyac Gustavo A. Madero Especial Para Invertir En Airbnb Por Su Cercanía Con La Villa!!! | MXN | 17,999,994 | 8 recámaras | 9 baños | 504 m² construidos | Martha 64, Guadalupe Tepeyac, Gustavo A. Madero, 07840 Ciudad De México, CDMX, Mexico, Guadalupe Tepeyac, Gustavo A. Madero, Distrito Federal"
,"MXN1,800,000",,,,,https://departamento.mercadolibre.com.mx/MLM-5187042068-departamento-en-venta-en-acueducto-de-guadalupe-_JM#polycard_client=search-desktop&be_origin=backend&search_layout=grid&position=17&type=item&tracking_id=aaed2abd-6e44-4ee4-89af-9c15ed3dc596&price_drop=not_apply,"Departamento en venta | Departamento En Venta En Acueducto De Guadalupe | MXN | 1,800,000 | 3 recámaras | 1 baño | 68 m² construidos | Acueducto De Guadalupe, Gustavo A. Madero, Distrito Federal"
,"MXN7,200,000",,,,,https://casa.mercadolibre.com.mx/MLM-2880762111-casa-en-venta-en-la-joya-gustavo-a-madero-ciudad-de-mexico-_JM#polycard_client=search-desktop&be_origin=backend&search_layout=grid&position=18&type=item&tracking_id=aaed2abd-6e44-4ee4-89af-9c15ed3dc596&price_drop=not_apply,"Casa en venta | Casa En Venta En La Joya, Gustavo A. Madero, Ciudad De México | MXN | 7,200,000 | 6 recámaras | 4 baños | 333 m² construidos | Norte 74 A No. 3517, La Joya, Gustavo A. Madero, Distrito Federal"
,"MXN17,999,997",,,,,https://casa.mercadolibre.com.mx/MLM-2716410167-oportunidad-para-inversionistas-casa-en-guadalupe-tepeyac-gustavo-a-madero-_JM#polycard_client=search-desktop&be_origin=backend&search_layout=grid&position=19&type=item&tracking_id=aaed2abd-6e44-4ee4-89af-9c15ed3dc596&price_drop=not_apply,"Casa en venta | Oportunidad Para Inversionistas | Casa En Guadalupe Tepeyac, Gustavo A. Madero | MXN | 17,999,997 | 8 recámaras | 9 baños | 504 m² construidos | Martha 64, Guadalupe Tepeyac, Gustavo A. Madero, 07840 Ciudad De México, CDMX, Mexico, Guadalupe Tepeyac, Gustavo A. Madero, Distrito Federal"
,"MXN2,600,000",,,,,https://departamento.mercadolibre.com.mx/MLM-5257027098-departamento-en-col-15-de-agosto-60m2-_JM#polycard_client=search-desktop&be_origin=backend&search_layout=grid&position=20&type=item&tracking_id=aaed2abd-6e44-4ee4-89af-9c15ed3dc596&price_drop=not_apply,"Departamento en venta | Departamento En Col. 15 De Agosto / 60m2 | MXN | 2,600,000 | 2 recámaras | 2 baños | 60 m² construidos | 15 De Agosto, Gustavo A. Madero, Distrito Federal"
,"MXN5,850,000",,,,,https://casa.mercadolibre.com.mx/MLM-2800603931-venta-de-casa-en-condominio-en-lindavista-frente-politecnico-nacional-_JM#polycard_client=search-desktop&be_origin=backend&search_layout=grid&position=21&type=item&tracking_id=aaed2abd-6e44-4ee4-89af-9c15ed3dc596&price_drop=not_apply,"Casa en venta | Venta De Casa En Condominio En Lindavista Frente Politecnico Nacional | MXN | 5,850,000 | 3 recámaras | 2 baños | 129 m² construidos | Lindavista Sur, Gustavo A. Madero, Distrito Federal"
,"MXN1,599,999",,,,,https://departamento.mercadolibre.com.mx/MLM-4698751916-la-joya-del-norte-departamento-en-joyas-vallejo-a-un-precio-increible-ubicacion-estrategica-departamento-con-conectividad-total-_JM#polycard_client=search-desktop&be_origin=backend&search_layout=grid&position=22&type=item&tracking_id=aaed2abd-6e44-4ee4-89af-9c15ed3dc596&price_drop=not_apply,"Departamento en venta | ¡la Joya Del Norte! Departamento En Joyas Vallejo A Un Precio Increíble!!! Ubicación Estratégica: Departamento  Con Conectividad Total!! | MXN | 1,599,999 | 2 recámaras | 1 baño | 67 m² construidos | Calz. Vallejo 1268, Santa Rosa, Ciudad De México, Santa Rosa, Gustavo A. Madero, Distrito Federal"
,"MXN9,405,000",,,,,https://casa.mercadolibre.com.mx/MLM-2811109167-casa-en-venta-en-santa-maria-ticoman-gustavo-a-madero-cdmx-_JM#polycard_client=search-desktop&be_origin=backend&search_layout=grid&position=23&type=item&tracking_id=aaed2abd-6e44-4ee4-89af-9c15ed3dc596&price_drop=not_apply,"Casa en venta | Casa En Venta En Santa María Ticomán, Gustavo A. Madero. Cdmx | MXN | 9,405,000 | 5 recámaras | 3 baños | 459 m² construidos | 15 De Septiembre, Santa María Ticoman, Gustavo A. Madero, Distrito Federal"
,"MXN5,400,000",,,,,https://casa.mercadolibre.com.mx/MLM-4780369882-venta-casas-san-juan-de-aragon-iv-seccion-t-df0181-0219-_JM#polycard_client=search-desktop&be_origin=backend&search_layout=grid&position=24&type=item&tracking_id=aaed2abd-6e44-4ee4-89af-9c15ed3dc596&price_drop=not_apply,"Casa en venta | Venta Casas San Juan De Aragon Iv Seccion T-df0181-0219 | MXN | 5,400,000 | 3 recámaras | 1 baño | 108 m² construidos | PRIMERA CDA. AV. 571, San Juan De Aragón IV Sección, Gustavo A. Madero, Distrito Federal"
,"MXN4,667,400",,,,,https://departamento.mercadolibre.com.mx/MLM-4819176758-departamento-en-venta-en-gustavo-madero-lindavista-af-25-661-_JM#polycard_client=search-desktop&be_origin=backend&search_layout=grid&position=25&type=item&tracking_id=aaed2abd-6e44-4ee4-89af-9c15ed3dc596&price_drop=not_apply,"Departamento en venta | Departamento En Venta En Gustavo Madero, Lindavista  Af 25-661. | MXN | 4,667,400 | 2 recámaras | 2 baños | 65 m² construidos | Gustavo Madero ,lindavista, Gustavo A. Madero, Distrito Federal"
,"MXN5,300,000",,,,,https://casa.mercadolibre.com.mx/MLM-5140240048-venta-propieda-en-nueva-aztacoalco-gustavo-a-madero-_JM#polycard_client=search-desktop&be_origin=backend&search_layout=grid&position=26&type=item&tracking_id=aaed2abd-6e44-4ee4-89af-9c15ed3dc596&price_drop=not_apply,"Casa en venta | Venta Propieda En Nueva Aztacoalco. Gustavo A Madero | MXN | 5,300,000 | 1 recámara | 1 baño | 450 m² construidos | Nueva Atzacoalco, Gustavo A. Madero, Distrito Federal"
,"MXN3,200,000",,,,,https://departamento.mercadolibre.com.mx/MLM-2776055219-departamento-de-1083m-en-san-bartolo-atepehuacan-_JM#polycard_client=search-desktop&be_origin=backend&search_layout=grid&position=27&type=item&tracking_id=aaed2abd-6e44-4ee4-89af-9c15ed3dc596&price_drop=not_apply,"Departamento en venta | Departamento De 108.3m² En San Bartolo Atepehuacan | MXN | 3,200,000 | 3 recámaras | 2 baños | 108 m² construidos | San Bartolo Atepehuacan, Gustavo A. Madero, Distrito Federal"
,"MXN1,500,000",,,,,https://departamento.mercadolibre.com.mx/MLM-5030636690-venta-departamento-galaxias-vallejo-11264-_JM#polycard_client=search-desktop&be_origin=backend&search_layout=grid&position=28&type=item&tracking_id=aaed2abd-6e44-4ee4-89af-9c15ed3dc596&price_drop=not_apply,"Departamento en venta | Venta Departamento Galaxias Vallejo 11264 | MXN | 1,500,000 | 2 recámaras | 1 baño | 60 m² construidos | 11264 Calzada Vallejo 1268 Edificio D-10 Depto 003 Galaxias Vallejo, Santa Rosa, Gustavo A. Madero, Distrito Federal"
,"MXN1,480,000",,,,,https://departamento.mercadolibre.com.mx/MLM-5205054370-venta-departamentos-san-juan-de-aragon-iv-seccion-t-df0181-0217-_JM#polycard_client=search-desktop&be_origin=backend&search_layout=grid&position=29&type=item&tracking_id=aaed2abd-6e44-4ee4-89af-9c15ed3dc596&price_drop=not_apply,"Departamento en venta | Venta Departamentos San Juan De Aragon Iv Seccion T-df0181-0217 | MXN | 1,480,000 | 2 recámaras | 1 baño | 60 m² construidos | C. NORTE 94 A, San Juan De Aragón IV Sección, Gustavo A. Madero, Distrito Federal"
,"MXN2,980,000",,,,,https://casa.mercadolibre.com.mx/MLM-2738995923-casa-en-venta-san-felipe-de-jesus-gustavo-a-madero-_JM#polycard_client=search-desktop&be_origin=backend&search_layout=grid&position=30&type=item&tracking_id=aaed2abd-6e44-4ee4-89af-9c15ed3dc596&price_drop=not_apply,"Casa en venta | Casa En Venta San Felipe De Jesús, Gustavo A. Madero | MXN | 2,980,000 | 2 recámaras | 1 baño | 120 m² construidos | San Felipe De Jesús, Gustavo A. Madero, Distrito Federal"
,"MXN4,200,000",,,,,https://casa.mercadolibre.com.mx/MLM-4754239394-venta-casas-vallejo-t-df0236-0026-_JM#polycard_client=search-desktop&be_origin=backend&search_layout=grid&position=31&type=item&tracking_id=aaed2abd-6e44-4ee4-89af-9c15ed3dc596&price_drop=not_apply,"Casa en venta | Venta Casas Vallejo T-df0236-0026 | MXN | 4,200,000 | 2 recámaras | 1 baño | 190 m² construidos | BORODIN, Vallejo, Gustavo A. Madero, Distrito Federal"
,"MXN4,050,000",,,,,https://casa.mercadolibre.com.mx/MLM-2937241909-casa-en-venta-san-felipe-de-jesus-gustavo-a-madero-_JM#polycard_client=search-desktop&be_origin=backend&search_layout=grid&position=32&type=item&tracking_id=aaed2abd-6e44-4ee4-89af-9c15ed3dc596&price_drop=not_apply,"Casa en venta | Casa En Venta San Felipe De Jesús, Gustavo A. Madero | MXN | 4,050,000 | 2 recámaras | 1 baño | 200 m² construidos | San Felipe De Jesús, Gustavo A. Madero, Distrito Federal"
,"MXN4,363,817",,,,,https://departamento.mercadolibre.com.mx/MLM-4819384814-departamento-en-venta-en-gustavo-madero-lindavista-af-25-659-_JM#polycard_client=search-desktop&be_origin=backend&search_layout=grid&position=33&type=item&tracking_id=aaed2abd-6e44-4ee4-89af-9c15ed3dc596&price_drop=not_apply,"Departamento en venta | Departamento En Venta En Gustavo Madero, Lindavista Af 25-659. | MXN | 4,363,817 | 2 recámaras | 2 baños | 65 m² construidos | Gustavo Madero ,lindavista, Gustavo A. Madero, Distrito Federal"
,"MXN4,713,117",,,,,https://departamento.mercadolibre.com.mx/MLM-5063017406-departamento-en-venta-en-gustavo-madero-lindavista-af-25-660-_JM#polycard_client=search-desktop&be_origin=backend&search_layout=grid&position=34&type=item&tracking_id=aaed2abd-6e44-4ee4-89af-9c15ed3dc596&price_drop=not_apply,"Departamento en venta | Departamento En Venta En Gustavo Madero ,lindavista Af 25-660. | MXN | 4,713,117 | 2 recámaras | 2 baños | 71 m² construidos | Avenida Politécnico Nacional, Gustavo A. Madero, Distrito Federal"
,"MXN1,599,996",,,,,https://departamento.mercadolibre.com.mx/MLM-2720635563-departamento-con-ubicacion-estrategica-en-gustavo-a-madero-conectividad-total-cercania-a-centros-comerciales-y-plusvalia-garantizada-en-el-norte-de-cdmx-_JM#polycard_client=search-desktop&be_origin=backend&search_layout=grid&position=35&type=item&tracking_id=aaed2abd-6e44-4ee4-89af-9c15ed3dc596&price_drop=not_apply,"Departamento en venta | Departamento Con Ubicación Estratégica En Gustavo A. Madero: Conectividad Total, Cercanía A Centros Comerciales Y Plusvalía Garantizada En El Norte De Cdmx | MXN | 1,599,996 | 2 recámaras | 1 baño | 67 m² construidos | Calz. Vallejo 1268, Santa Rosa, Ciudad De México, Santa Rosa, Gustavo A. Madero, Distrito Federal"
,"MXN64,992,895",,,,,https://inmueble.mercadolibre.com.mx/MLM-4367566858-edificio-en-venta-sobre-avenida-insurgentes-norte-_JM#polycard_client=search-desktop&be_origin=backend&search_layout=grid&position=36&type=item&tracking_id=aaed2abd-6e44-4ee4-89af-9c15ed3dc596&price_drop=not_apply,"Edificio en venta | Edificio En Venta Sobre Avenida Insurgentes Norte. | MXN | 64,992,895 | 1 m² construidos | Guadalupe Insurgentes, Gustavo A. Madero, Distrito Federal"
,"MXN1,548,000",,,,,https://inmueble.mercadolibre.com.mx/MLM-2908377709-venta-oficina-2-ambientes-tepeyac-insurgentes-_JM#polycard_client=search-desktop&be_origin=backend&search_layout=grid&position=37&type=item&tracking_id=aaed2abd-6e44-4ee4-89af-9c15ed3dc596&price_drop=not_apply,"Oficina en venta | Venta Oficina 2 Ambientes Tepeyac Insurgentes | IAD México | MXN | 1,548,000 | 26 m² construidos | Valparaiso, 153 C, Tepeyac Insurgentes, Gustavo A. Madero, Distrito Federal"
,"MXN2,890,000",,,,,https://departamento.mercadolibre.com.mx/MLM-4672134374-venta-departamentos-tepeyac-insurgentes-t-df0215-0085-_JM#polycard_client=search-desktop&be_origin=backend&search_layout=grid&position=38&type=item&tracking_id=aaed2abd-6e44-4ee4-89af-9c15ed3dc596&price_drop=not_apply,"Departamento en venta | Venta Departamentos Tepeyac Insurgentes T-df0215-0085 | MXN | 2,890,000 | 2 recámaras | 2 baños | 68 m² construidos | OTE 107, Tepeyac Insurgentes, Gustavo A. Madero, Distrito Federal"
,"MXN3,793,900",,,,,https://departamento.mercadolibre.com.mx/MLM-2605595859-departamento-en-venta-en-col-linda-vista-norte-gam-cdmx-_JM#polycard_client=search-desktop&be_origin=backend&search_layout=grid&position=39&type=item&tracking_id=aaed2abd-6e44-4ee4-89af-9c15ed3dc596&price_drop=not_apply,"Departamento en venta | Departamento En Venta En Col. Linda Vista Norte-gam, Cdmx. | MXN | 3,793,900 | 2 recámaras | 2 baños | 66 m² construidos | Lindavista Norte, Gustavo A. Madero, Distrito Federal"
,"MXN4,000,000",,,,,https://casa.mercadolibre.com.mx/MLM-2798045775-casa-en-venta-con-tres-departamentos-en-casa-aleman-gustavo-a-madero-cdmx-_JM#polycard_client=search-desktop&be_origin=backend&search_layout=grid&position=40&type=item&tracking_id=aaed2abd-6e44-4ee4-89af-9c15ed3dc596&price_drop=not_apply,"Casa en venta | Casa En Venta Con Tres Departamentos En Casa Aleman Gustavo A. Madero Cdmx | MXN | 4,000,000 | 5 recámaras | 3 baños | 244 m² construidos | PTO ALVARADO 38, Ampliación Casas Alemán, Gustavo A. Madero, Distrito Federal"
,"MXN4,190,000",,,,,https://departamento.mercadolibre.com.mx/MLM-2945579445-departamento-nuevo-en-complejo-residencial-de-lindavista-_JM#polycard_client=search-desktop&be_origin=backend&search_layout=grid&position=41&type=item&tracking_id=aaed2abd-6e44-4ee4-89af-9c15ed3dc596&price_drop=not_apply,"Departamento en venta | Departamento Nuevo En Complejo Residencial De Lindavista | MXN | 4,190,000 | 2 recámaras | 2 baños | 84 m² construidos | CIENFUEGOS, Residencial Zacatenco, Gustavo A. Madero, Distrito Federal"
,"MXN1,942,500",,,,,https://departamento.mercadolibre.com.mx/MLM-5042655326-departamento-nuevo-en-venta-en-vallejo-_JM#polycard_client=search-desktop&be_origin=backend&search_layout=grid&position=42&type=item&tracking_id=aaed2abd-6e44-4ee4-89af-9c15ed3dc596&price_drop=not_apply,"Departamento en venta | Departamento Nuevo En Venta En Vallejo | MXN | 1,942,500 | 2 recámaras | 1 baño | 50 m² construidos | Vallejo, Gustavo A. Madero, Distrito Federal"
,"MXN6,499,000",,,,,https://departamento.mercadolibre.com.mx/MLM-2448713893-bonito-penthouse-en-venta-en-lindavista-gustavo-a-madero-_JM#polycard_client=search-desktop&be_origin=backend&search_layout=grid&position=43&type=item&tracking_id=aaed2abd-6e44-4ee4-89af-9c15ed3dc596&price_drop=not_apply,"Departamento en venta | Bonito Penthouse En Venta En Lindavista, Gustavo A. Madero | MXN | 6,499,000 | 3 recámaras | 3 baños | 225 m² construidos | Lindavista, Mexico City, Lindavista, Gustavo A. Madero, Distrito Federal"
,"MXN2,900,000",,,,,https://casa.mercadolibre.com.mx/MLM-4955491822-venta-casa-3-ambientes-san-felipe-de-jesus-_JM#polycard_client=search-desktop&be_origin=backend&search_layout=grid&position=44&type=item&tracking_id=aaed2abd-6e44-4ee4-89af-9c15ed3dc596&price_drop=not_apply,"Casa en venta | Venta Casa 3 Ambientes San Felipe De Jesús | IAD México | MXN | 2,900,000 | 3 recámaras | 1 baño | 200 m² construidos | TALPA, 117, San Felipe De Jesús, Gustavo A. Madero, Distrito Federal"
,"MXN16,500,000",,,,,https://inmueble.mercadolibre.com.mx/MLM-2624717369-venta-de-edificio-en-la-gustavo-a-madero-cdmx-_JM#polycard_client=search-desktop&be_origin=backend&search_layout=grid&position=45&type=item&tracking_id=aaed2abd-6e44-4ee4-89af-9c15ed3dc596&price_drop=not_apply,"Edificio en venta | Venta De Edificio En La Gustavo A. Madero Cdmx | MXN | 16,500,000 | 885 m² construidos | Siete Maravillas, Gustavo A. Madero, Distrito Federal"
,"MXN10,300,000",,,,,https://casa.mercadolibre.com.mx/MLM-5041711690-casa-en-venta-en-lindavista-_JM#polycard_client=search-desktop&be_origin=backend&search_layout=grid&position=46&type=item&tracking_id=aaed2abd-6e44-4ee4-89af-9c15ed3dc596&price_drop=not_apply,"Casa en venta | Casa En Venta En Lindavista | MXN | 10,300,000 | 4 recámaras | 3 baños | 240 m² construidos | Managua, Lindavista Norte, Gustavo A. Madero, Distrito Federal"
,"MXN8,650,000",,,,,https://casa.mercadolibre.com.mx/MLM-5030642940-casa-en-venta-colonia-industrial-_JM#polycard_client=search-desktop&be_origin=backend&search_layout=grid&position=47&type=item&tracking_id=aaed2abd-6e44-4ee4-89af-9c15ed3dc596&price_drop=not_apply,"Casa en venta | Casa En Venta Colonia Industrial | MXN | 8,650,000 | 3 recámaras | 4 baños | 247 m² construidos | Norte 26, Industrial, Gustavo A. Madero, Distrito Federal"
,"MXN5,500,000",,,,,https://casa.mercadolibre.com.mx/MLM-5208373596-venta-casas-villa-de-aragon-t-df0238-0046-_JM#polycard_client=search-desktop&be_origin=backend&search_layout=grid&position=48&type=item&tracking_id=aaed2abd-6e44-4ee4-89af-9c15ed3dc596&price_drop=not_apply,"Casa en venta | Venta Casas Villa De Aragon T-df0238-0046 | MXN | 5,500,000 | 4 recámaras | 2 baños | 289 m² construidos | VILLA QUETZALCOATL, Villa De Aragón, Gustavo A. Madero, Distrito Federal"
,"MXN11,500,000",,,,,https://casa.mercadolibre.com.mx/MLM-5091444760-casa-en-venta-en-fraccionamiento-torres-de-lindavista-gustavo-a-madero-_JM#polycard_client=search-desktop&be_origin=backend&search_layout=grid&position=1&type=item&tracking_id=e20e409b-0292-4bd1-a406-a23176d1cd68&price_drop=not_apply,"Casa en venta | Casa En Venta En Fraccionamiento, Torres De Lindavista, Gustavo A. Madero | MXN | 11,500,000 | 3 recámaras | 2 baños | 200 m² construidos | Torres Lindavista, Gustavo A. Madero, Distrito Federal"
,"MXN8,250,000",,,,,https://casa.mercadolibre.com.mx/MLM-2798123071-casa-a-la-venta-san-pedro-el-chico-gustavo-a-madero-cdmx-_JM#polycard_client=search-desktop&be_origin=backend&search_layout=grid&position=2&type=item&tracking_id=e20e409b-0292-4bd1-a406-a23176d1cd68&price_drop=not_apply,"Casa en venta | Casa A La Venta, San Pedro El Chico, Gustavo A. Madero, Cdmx | MXN | 8,250,000 | 5 recámaras | 4 baños | 284 m² construidos | Norte 80 A 6651, San Pedro El Chico, Gustavo A. Madero, Distrito Federal"
,"MXN2,350,000",,,,,https://departamento.mercadolibre.com.mx/MLM-2686984377-departamento-en-venta-guadalupe-insurgentes-gustavo-a-madero-_JM#polycard_client=search-desktop&be_origin=backend&search_layout=grid&position=3&type=item&tracking_id=e20e409b-0292-4bd1-a406-a23176d1cd68&price_drop=not_apply,"Departamento en venta | Departamento En Venta Guadalupe Insurgentes, Gustavo A. Madero | MXN | 2,350,000 | 2 recámaras | 1 baño | 50 m² construidos | Guadalupe Insurgentes, Gustavo A. Madero, Distrito Federal"
,"MXN35,890,000",,,,,https://casa.mercadolibre.com.mx/MLM-5030542642-casa-en-venta-colonia-lindavista-_JM#polycard_client=search-desktop&be_origin=backend&search_layout=grid&position=4&type=item&tracking_id=e20e409b-0292-4bd1-a406-a23176d1cd68&price_drop=not_apply,"Casa en venta | Casa En Venta Colonia Lindavista | MXN | 35,890,000 | 4 recámaras | 4 baños | 609 m² construidos | Riobamba, Lindavista, Gustavo A. Madero, Distrito Federal"
,"MXN1,350,000",,,,,https://departamento.mercadolibre.com.mx/MLM-5153852538-departamento-en-venta-listo-para-habitar-en-eduardo-molina-2-recs-60m-_JM#polycard_client=search-desktop&be_origin=backend&search_layout=grid&position=5&type=item&tracking_id=e20e409b-0292-4bd1-a406-a23176d1cd68&price_drop=not_apply,"Departamento en venta | Departamento En Venta Listo Para Habitar En Eduardo Molina | 2 Recs 60m² | MXN | 1,350,000 | 2 recámaras | 1 baño | 60 m² construidos | Salvador Díaz Mirón, Gustavo A. Madero, Distrito Federal"
,"MXN5,200,000",,,,,https://casa.mercadolibre.com.mx/MLM-2720728657-casa-en-venta-col-acueducto-de-guadalupe-gustavo-a-madero-ciudad-de-mexico-_JM#polycard_client=search-desktop&be_origin=backend&search_layout=grid&position=6&type=item&tracking_id=e20e409b-0292-4bd1-a406-a23176d1cd68&price_drop=not_apply,"Casa en venta | Casa En Venta, Col. Acueducto De Guadalupe. Gustavo A. Madero, Ciudad De México | MXN | 5,200,000 | 4 recámaras | 3 baños | 268 m² construidos | De La Playa 51, Acueducto De Guadalupe, Gustavo A. Madero, 07790 Ciudad De México, CDMX, Mexico, Acueducto De Guadalupe, Gustavo A. Madero, Distrito Federal"
,"MXN1,958,905",,,,,https://departamento.mercadolibre.com.mx/MLM-2691693963-departamentos-nuevos-en-gam-preventa-con-gran-plusvalia-y-facilidades-de-pago-_JM#polycard_client=search-desktop&be_origin=backend&search_layout=grid&position=7&type=item&tracking_id=e20e409b-0292-4bd1-a406-a23176d1cd68&price_drop=not_apply,"Departamento en venta | Departamentos Nuevos En Gam Preventa Con Gran Plusvalía Y Facilidades De Pago | MXN | 1,958,905 | 2 recámaras | 1 baño | 45 m² construidos | Union 134, Industrial, Gustavo A. Madero, Distrito Federal"
,"MXN4,800,000",,,,,https://departamento.mercadolibre.com.mx/MLM-2937316047-departamento-torres-lindavista-gustavo-a-madero-_JM#polycard_client=search-desktop&be_origin=backend&search_layout=grid&position=8&type=item&tracking_id=e20e409b-0292-4bd1-a406-a23176d1cd68&price_drop=not_apply,"Departamento en venta | Departamento Torres Lindavista, Gustavo A. Madero | MXN | 4,800,000 | 2 recámaras | 2 baños | 92 m² construidos | Torres Lindavista, Gustavo A. Madero, Distrito Federal"
,"MXN1,395,000",,,,,https://departamento.mercadolibre.com.mx/MLM-2821699455-departamento-en-venta-en-gustavo-a-madero-_JM#polycard_client=search-desktop&be_origin=backend&search_layout=grid&position=9&type=item&tracking_id=e20e409b-0292-4bd1-a406-a23176d1cd68&price_drop=not_apply,"Departamento en venta | Departamento En Venta En Gustavo A. Madero | MXN | 1,395,000 | 3 recámaras | 1 baño | 62 m² construidos | Zona De Estacionamiento Edif. 71 Depto 302 Zona 2, Jorge Negrete, Gustavo A. Madero, Distrito Federal"
,"MXN5,200,000",,,,,https://casa.mercadolibre.com.mx/MLM-5058024656-casa-en-venta-colonia-san-juan-de-aragon-tercera-seccion-cdmx-_JM#polycard_client=search-desktop&be_origin=backend&search_layout=grid&position=10&type=item&tracking_id=e20e409b-0292-4bd1-a406-a23176d1cd68&price_drop=not_apply,"Casa en venta | Casa En Venta, Colonia San Juan De Aragon Tercera Seccion, Cdmx | MXN | 5,200,000 | 2 recámaras | 2 baños | 152 m² construidos | Avenida 604, San Juan De Aragón 3a Secc., Gustavo A. Madero, Distrito Federal"
,"MXN8,900,000",,,,,https://casa.mercadolibre.com.mx/MLM-2869693377-casa-en-lindavista-zona-cerrada-a-transito-local-_JM#polycard_client=search-desktop&be_origin=backend&search_layout=grid&position=11&type=item&tracking_id=e20e409b-0292-4bd1-a406-a23176d1cd68&price_drop=not_apply,"Casa en venta | Casa En Lindavista - Zona Cerrada A Transito Local. | MXN | 8,900,000 | 3 recámaras | 3 baños | 330 m² construidos | Lindavista Norte, Gustavo A. Madero, Distrito Federal"
,"MXN950,000",,,,,https://inmueble.mercadolibre.com.mx/MLM-2689487845-se-vende-y-traspasa-con-mercancia-local-en-col-industrial-gam-cdmx-_JM#polycard_client=search-desktop&be_origin=backend&search_layout=grid&position=12&type=item&tracking_id=e20e409b-0292-4bd1-a406-a23176d1cd68&price_drop=not_apply,"Local comercial en venta | Se Vende Y Traspasa Con Mercancia Local  En Col. Industrial, Gam, Cdmx | MXN | 950,000 | 7 m² construidos | La Constancia 45, Estrella, Gustavo A. Madero, Distrito Federal"
,"MXN6,000,000",,,,,https://casa.mercadolibre.com.mx/MLM-5357496760-casa-en-venta-en-gustavo-a-madero-_JM#polycard_client=search-desktop&be_origin=backend&search_layout=grid&position=13&type=item&tracking_id=e20e409b-0292-4bd1-a406-a23176d1cd68&price_drop=not_apply,"Casa en venta | Casa En Venta En Gustavo A. Madero | MXN | 6,000,000 | 4 recámaras | 2 baños | 210 m² construidos | Tepeyac Insurgentes, Gustavo A. Madero, Distrito Federal"
,"MXN10,065,000",,,,,https://casa.mercadolibre.com.mx/MLM-2732732447-casa-en-venta-col-lindavista-gustavo-a-madero-ciudad-de-mexico-_JM#polycard_client=search-desktop&be_origin=backend&search_layout=grid&position=14&type=item&tracking_id=e20e409b-0292-4bd1-a406-a23176d1cd68&price_drop=not_apply,"Casa en venta | Casa En Venta, Col. Lindavista. Gustavo A Madero. Ciudad De México | MXN | 10,065,000 | 7 recámaras | 5 baños | 629 m² construidos | Neiva, Lindavista Nte., Ciudad De México, Colonia Lindavista Norte, Gustavo A. Madero, Distrito Federal"
,"MXN5,790,000",,,,,https://casa.mercadolibre.com.mx/MLM-5193033344-casa-en-venta-san-pedro-el-chico-gustavo-a-madero-_JM#polycard_client=search-desktop&be_origin=backend&search_layout=grid&position=15&type=item&tracking_id=e20e409b-0292-4bd1-a406-a23176d1cd68&price_drop=not_apply,"Casa en venta | Casa En Venta San Pedro El Chico, Gustavo A. Madero | MXN | 5,790,000 | 3 recámaras | 2 baños | 166 m² construidos | San Pedro El Chico, Gustavo A. Madero, Distrito Federal"
,"MXN2,200,000",,,,,https://departamento.mercadolibre.com.mx/MLM-2800904841-venta-departamentos-nueva-industrial-vallejo-t-df0257-0005-_JM#polycard_client=search-desktop&be_origin=backend&search_layout=grid&position=16&type=item&tracking_id=e20e409b-0292-4bd1-a406-a23176d1cd68&price_drop=not_apply,"Departamento en venta | Venta Departamentos Nueva Industrial Vallejo T-df0257-0005 | MXN | 2,200,000 | 2 recámaras | 1 baño | 51 m² construidos | MARGARITA MAZA DE JUAREZ, Nueva Industrial Vallejo, Gustavo A. Madero, Distrito Federal"
,"MXN5,298,000",,,,,https://casa.mercadolibre.com.mx/MLM-5357408188-casa-en-venta-san-juan-de-aragon-gustavo-a-madero-_JM#polycard_client=search-desktop&be_origin=backend&search_layout=grid&position=17&type=item&tracking_id=e20e409b-0292-4bd1-a406-a23176d1cd68&price_drop=not_apply,"Casa en venta | Casa En Venta San Juan De Aragón, Gustavo A. Madero | MXN | 5,298,000 | 5 recámaras | 2 baños | 241 m² construidos | San Juan De Aragón VI Sección, Gustavo A. Madero, Distrito Federal"
,"MXN3,580,000",,,,,https://casa.mercadolibre.com.mx/MLM-5030453452-casa-en-venta-colonia-fernando-casas-aleman-_JM#polycard_client=search-desktop&be_origin=backend&search_layout=grid&position=18&type=item&tracking_id=e20e409b-0292-4bd1-a406-a23176d1cd68&price_drop=not_apply,"Casa en venta | Casa En Venta Colonia Fernando Casas Alemán | MXN | 3,580,000 | 5 recámaras | 2 baños | 192 m² construidos | Puerto Papantla, Casas Alemán Amp, Gustavo A. Madero, Distrito Federal"
,"MXN5,100,000",,,,,https://casa.mercadolibre.com.mx/MLM-5119626508-casa-en-venta-en-san-juan-de-aragon-iv-y-v-seccion-gustavo-a-madero-cdmx-_JM#polycard_client=search-desktop&be_origin=backend&search_layout=grid&position=19&type=item&tracking_id=e20e409b-0292-4bd1-a406-a23176d1cd68&price_drop=not_apply,"Casa en venta | Casa En Venta En San Juan De Aragón Iv Y V Sección, Gustavo A. Madero, Cdmx | MXN | 5,100,000 | 3 recámaras | 1 baño | 160 m² construidos | CALLE 631 38, San Juan De Aragón IV Sección, Gustavo A. Madero, Distrito Federal"
,"MXN4,300,000",,,,,https://casa.mercadolibre.com.mx/MLM-2798091705-casa-en-venta-en-col-nueva-atzacoalco-gustavo-a-madero-cdmx-_JM#polycard_client=search-desktop&be_origin=backend&search_layout=grid&position=20&type=item&tracking_id=e20e409b-0292-4bd1-a406-a23176d1cd68&price_drop=not_apply,"Casa en venta | Casa En Venta En Col. Nueva Atzacoalco, Gustavo A. Madero, Cdmx | MXN | 4,300,000 | 4 recámaras | 2 baños | 354 m² construidos | Calle 321 529, Nueva Atzacoalco, Gustavo A. Madero, Distrito Federal"
,"MXN4,444,000",,,,,https://casa.mercadolibre.com.mx/MLM-5208373598-venta-casas-san-juan-de-aragon-vi-seccion-t-df0238-0045-_JM#polycard_client=search-desktop&be_origin=backend&search_layout=grid&position=21&type=item&tracking_id=e20e409b-0292-4bd1-a406-a23176d1cd68&price_drop=not_apply,"Casa en venta | Venta Casas San Juan De Aragon Vi Seccion T-df0238-0045 | MXN | 4,444,000 | 6 recámaras | 2 baños | 217 m² construidos | C. 1501, San Juan De Aragón VI Sección, Gustavo A. Madero, Distrito Federal"
,"MXN9,200,000",,,,,https://casa.mercadolibre.com.mx/MLM-2738855429-casa-cond-con-roof-garden-privado-vigilancia-24-hr-_JM#polycard_client=search-desktop&be_origin=backend&search_layout=grid&position=22&type=item&tracking_id=e20e409b-0292-4bd1-a406-a23176d1cd68&price_drop=not_apply,"Casa en venta | Casa Cond. Con Roof Garden Privado / Vigilancia 24 Hr | MXN | 9,200,000 | 3 recámaras | 4 baños | 202 m² construidos | Lindavista Sur, Gustavo A. Madero, Distrito Federal"
,"MXN5,500,000",,,,,https://casa.mercadolibre.com.mx/MLM-2691667049-casa-en-venta-en-colonia-panamericana-gam-_JM#polycard_client=search-desktop&be_origin=backend&search_layout=grid&position=23&type=item&tracking_id=e20e409b-0292-4bd1-a406-a23176d1cd68&price_drop=not_apply,"Casa en venta | Casa En Venta En Colonia Panamericana, Gam | MXN | 5,500,000 | 4 recámaras | 4 baños | 330 m² construidos | Norte 5 A 4722, Defensores De La República, Gustavo A. Madero, Distrito Federal"
,"MXN1,350,000",,,,,https://departamento.mercadolibre.com.mx/MLM-2811202961-departamento-en-venta-en-col-el-arbolillo-gustavo-a-madero-cdmx-_JM#polycard_client=search-desktop&be_origin=backend&search_layout=grid&position=24&type=item&tracking_id=e20e409b-0292-4bd1-a406-a23176d1cd68&price_drop=not_apply,"Departamento en venta | Departamento En Venta En Col. El Arbolillo, Gustavo A. Madero, Cdmx. | MXN | 1,350,000 | 2 recámaras | 1 baño | 51 m² construidos | Unidad Habitacional El Arbolillo II 40 Edif 40 Depto 203, El Arbolillo, Gustavo A. Madero, Distrito Federal"
,"MXN8,125,600",,,,,https://departamento.mercadolibre.com.mx/MLM-2909327577-departamento-en-venta-en-lindavista-norte-gustavo-a-madero-_JM#polycard_client=search-desktop&be_origin=backend&search_layout=grid&position=25&type=item&tracking_id=e20e409b-0292-4bd1-a406-a23176d1cd68&price_drop=not_apply,"Departamento en venta | Departamento En Venta En Lindavista Norte, Gustavo A. Madero | MXN | 8,125,600 | 3 recámaras | 2 baños | 96 m² construidos | Lindavista Norte, Gustavo A. Madero, Distrito Federal"
,"MXN6,500,000",,,,,https://casa.mercadolibre.com.mx/MLM-2798088953-casa-en-venta-en-residencial-acueducto-de-guadalupe-cdmx-_JM#polycard_client=search-desktop&be_origin=backend&search_layout=grid&position=26&type=item&tracking_id=e20e409b-0292-4bd1-a406-a23176d1cd68&price_drop=not_apply,"Casa en venta | Casa En Venta En Residencial Acueducto De Guadalupe Cdmx | MXN | 6,500,000 | 7 recámaras | 6 baños | 366 m² construidos | De La Ribera 50, Acueducto De Guadalupe, Gustavo A. Madero, Distrito Federal"
,"MXN1,800,000",,,,,https://departamento.mercadolibre.com.mx/MLM-2897178179-departamento-en-venta-san-pedro-el-chico-gustavo-a-madero-_JM#polycard_client=search-desktop&be_origin=backend&search_layout=grid&position=27&type=item&tracking_id=e20e409b-0292-4bd1-a406-a23176d1cd68&price_drop=not_apply,"Departamento en venta | Departamento En Venta San Pedro El Chico, Gustavo A. Madero | MXN | 1,800,000 | 2 recámaras | 1 baño | 57 m² construidos | San Pedro El Chico, Gustavo A. Madero, Distrito Federal"
,"MXN20,000,000",,,,,https://casa.mercadolibre.com.mx/MLM-2874606411-casa-en-venta-en-lindavista-norte-3-recamaras-_JM#polycard_client=search-desktop&be_origin=backend&search_layout=grid&position=28&type=item&tracking_id=e20e409b-0292-4bd1-a406-a23176d1cd68&price_drop=not_apply,"Casa en venta | Casa En Venta En Lindavista Norte 3 Recámaras | MXN | 20,000,000 | 3 recámaras | 3 baños | 425 m² construidos | Lindavista Norte, Gustavo A. Madero, Distrito Federal"
,"MXN11,500,000",,,,,https://casa.mercadolibre.com.mx/MLM-5203835526-venta-casas-lindavista-norte-t-df0085-0609-_JM#polycard_client=search-desktop&be_origin=backend&search_layout=grid&position=29&type=item&tracking_id=e20e409b-0292-4bd1-a406-a23176d1cd68&price_drop=not_apply,"Casa en venta | Venta Casas Lindavista Norte T-df0085-0609 | MXN | 11,500,000 | 3 recámaras | 3 baños | 300 m² construidos | MATAGALPA, Lindavista Norte, Gustavo A. Madero, Distrito Federal"
,"MXN6,900,000",,,,,https://casa.mercadolibre.com.mx/MLM-5278042454-casa-en-venta-colonia-lindavista-_JM#polycard_client=search-desktop&be_origin=backend&search_layout=grid&position=30&type=item&tracking_id=e20e409b-0292-4bd1-a406-a23176d1cd68&price_drop=not_apply,"Casa en venta | Casa En Venta Colonia Lindavista | MXN | 6,900,000 | 3 recámaras | 2 baños | 242 m² construidos | Barras, Lindavista, Gustavo A. Madero, Distrito Federal"
,"MXN8,300,000",,,,,https://casa.mercadolibre.com.mx/MLM-5030480254-casa-en-venta-colonia-lindavista-sur-_JM#polycard_client=search-desktop&be_origin=backend&search_layout=grid&position=31&type=item&tracking_id=e20e409b-0292-4bd1-a406-a23176d1cd68&price_drop=not_apply,"Casa en venta | Casa En Venta Colonia Lindavista Sur | MXN | 8,300,000 | 5 recámaras | 2 baños | 357 m² construidos | Cienfuegos, Colonia Lindavista Sur, Gustavo A. Madero, Distrito Federal"
,"MXN2,950,000",,,,,https://departamento.mercadolibre.com.mx/MLM-2763220757-venta-departamentos-lindavista-norte-t-df0085-0604-_JM#polycard_client=search-desktop&be_origin=backend&search_layout=grid&position=32&type=item&tracking_id=e20e409b-0292-4bd1-a406-a23176d1cd68&price_drop=not_apply,"Departamento en venta | Venta Departamentos Lindavista Norte T-df0085-0604 | MXN | 2,950,000 | 3 recámaras | 2 baños | 81 m² construidos | BARRAS, Lindavista Norte, Gustavo A. Madero, Distrito Federal"
,"MXN7,100,000",,,,,https://casa.mercadolibre.com.mx/MLM-5030570902-casa-en-venta-colonia-tepeyac-insurgentes-_JM#polycard_client=search-desktop&be_origin=backend&search_layout=grid&position=33&type=item&tracking_id=e20e409b-0292-4bd1-a406-a23176d1cd68&price_drop=not_apply,"Casa en venta | Casa En Venta Colonia Tepeyac Insurgentes | MXN | 7,100,000 | 3 recámaras | 3 baños | 209 m² construidos | Zacatenco, Tepeyac Insurgentes, Gustavo A. Madero, Distrito Federal"
,"MXN16,500,000",,,,,https://casa.mercadolibre.com.mx/MLM-2798049981-casa-en-venta-a-media-calle-de-montevideo-_JM#polycard_client=search-desktop&be_origin=backend&search_layout=grid&position=34&type=item&tracking_id=e20e409b-0292-4bd1-a406-a23176d1cd68&price_drop=not_apply,"Casa en venta | Casa En Venta, A Media Calle De Montevideo. | MXN | 16,500,000 | 4 recámaras | 3 baños | 629 m² construidos | Matanzas 682, Colonia Lindavista Norte, Gustavo A. Madero, Distrito Federal"
,"MXN8,500,000",,,,,https://casa.mercadolibre.com.mx/MLM-4699117374-venta-casas-la-escalera-t-df0213-0042-_JM#polycard_client=search-desktop&be_origin=backend&search_layout=grid&position=35&type=item&tracking_id=e20e409b-0292-4bd1-a406-a23176d1cd68&price_drop=not_apply,"Casa en venta | Venta Casas La Escalera T-df0213-0042 | MXN | 8,500,000 | 4 recámaras | 6 baños | 400 m² construidos | ARROYO ESCONDIDO, La Escalera, Gustavo A. Madero, Distrito Federal"
,"MXN4,950,000",,,,,https://departamento.mercadolibre.com.mx/MLM-5057913416-departamento-en-venta-en-lindavista-gustavo-a-madero-cdmx-_JM#polycard_client=search-desktop&be_origin=backend&search_layout=grid&position=36&type=item&tracking_id=e20e409b-0292-4bd1-a406-a23176d1cd68&price_drop=not_apply,"Departamento en venta | Departamento En Venta En Lindavista, Gustavo A. Madero, Cdmx | MXN | 4,950,000 | 3 recámaras | 2 baños | 105 m² construidos | Pernambuco, Lindavista, Gustavo A. Madero, Distrito Federal"
,"MXN1,300,000",,,,,https://departamento.mercadolibre.com.mx/MLM-5331962788-departamento-en-venta-planta-baja-en-privad-vasco-de-quiroga-gustavo-a-madero-cdmx-venta-solo-de-contado-_JM#polycard_client=search-desktop&be_origin=backend&search_layout=grid&position=37&type=item&tracking_id=e20e409b-0292-4bd1-a406-a23176d1cd68&price_drop=not_apply,"Departamento en venta | Departamento En Venta Planta Baja En Privad Vasco De Quiroga Gustavo A Madero Cdmx Venta Solo De Contado | MXN | 1,300,000 | 2 recámaras | 1 baño | 60 m² construidos | Vasco De Quiroga, Col Del Obrero, Mexico City, Vasco De Quiroga, Gustavo A. Madero, Distrito Federal"
,"MXN4,700,000",,,,,https://casa.mercadolibre.com.mx/MLM-5235669228-venta-casas-villa-de-aragon-t-df0238-0047-_JM#polycard_client=search-desktop&be_origin=backend&search_layout=grid&position=38&type=item&tracking_id=e20e409b-0292-4bd1-a406-a23176d1cd68&price_drop=not_apply,"Casa en venta | Venta Casas Villa De Aragon T-df0238-0047 | MXN | 4,700,000 | 3 recámaras | 3 baños | 315 m² construidos | VILLA TENOCHTITLAN, Villa De Aragón, Gustavo A. Madero, Distrito Federal"
,"MXN5,000,000",,,,,https://casa.mercadolibre.com.mx/MLM-2865212867-casa-en-venta-en-sanjuan-de-aragon-_JM#polycard_client=search-desktop&be_origin=backend&search_layout=grid&position=39&type=item&tracking_id=e20e409b-0292-4bd1-a406-a23176d1cd68&price_drop=not_apply,"Casa en venta | Casa En Venta En Sanjuan De Aragon | MXN | 5,000,000 | 5 recámaras | 2 baños | 240 m² construidos | Avenida 585, San Juan De Aragón, Gustavo A. Madero, Distrito Federal"
,"MXN1,960,000",,,,,https://departamento.mercadolibre.com.mx/MLM-2831486415-venta-departamentos-vallejo-t-df0236-0045-_JM#polycard_client=search-desktop&be_origin=backend&search_layout=grid&position=40&type=item&tracking_id=e20e409b-0292-4bd1-a406-a23176d1cd68&price_drop=not_apply,"Departamento en venta | Venta Departamentos Vallejo T-df0236-0045 | MXN | 1,960,000 | 2 recámaras | 1 baño | 65 m² construidos | RICARDO BELL, Vallejo, Gustavo A. Madero, Distrito Federal"
,"MXN4,230,000",,,,,https://casa.mercadolibre.com.mx/MLM-4633827972-venta-de-casa-con-5-departamentos-en-magdalena-de-las-salinas-_JM#polycard_client=search-desktop&be_origin=backend&search_layout=grid&position=41&type=item&tracking_id=e20e409b-0292-4bd1-a406-a23176d1cd68&price_drop=not_apply,"Casa en venta | Venta De Casa Con 5 Departamentos En Magdalena De Las Salinas | MXN | 4,230,000 | 5 recámaras | 5 baños | 285 m² construidos | Magdalena De Las Salinas, Gustavo A. Madero, Distrito Federal"
,"MXN18,800,000",,,,,https://casa.mercadolibre.com.mx/MLM-5357408150-casa-en-venta-torres-lindavista-gustavo-a-madero-_JM#polycard_client=search-desktop&be_origin=backend&search_layout=grid&position=42&type=item&tracking_id=e20e409b-0292-4bd1-a406-a23176d1cd68&price_drop=not_apply,"Casa en venta | Casa En Venta Torres Lindavista, Gustavo A. Madero | MXN | 18,800,000 | 3 recámaras | 3 baños | 493 m² construidos | Torres Lindavista, Gustavo A. Madero, Distrito Federal"
,"MXN4,600,000",,,,,https://casa.mercadolibre.com.mx/MLM-2798056915-casa-en-venta-colonia-providencia-_JM#polycard_client=search-desktop&be_origin=backend&search_layout=grid&position=43&type=item&tracking_id=e20e409b-0292-4bd1-a406-a23176d1cd68&price_drop=not_apply,"Casa en venta | Casa En Venta Colonia Providencia | MXN | 4,600,000 | 5 baños | 373 m² construidos | Estado De Baja California Sur, Providencia, Gustavo A. Madero, Distrito Federal"
,"MXN4,998,000",,,,,https://casa.mercadolibre.com.mx/MLM-2740193031-casa-en-venta-en-colonia-cuchilla-del-tesoro-gustavo-a-madero-ciudad-de-mexico-_JM#polycard_client=search-desktop&be_origin=backend&search_layout=grid&position=44&type=item&tracking_id=e20e409b-0292-4bd1-a406-a23176d1cd68&price_drop=not_apply,"Casa en venta | Casa En Venta En Colonia Cuchilla Del Tesoro, Gustavo A. Madero, Ciudad De México | MXN | 4,998,000 | 5 recámaras | 3 baños | 400 m² construidos | Pte. 6 39, Cuchilla Del Tesoro, Gustavo A. Madero, Distrito Federal"
,"MXN4,500,000",,,,,https://terreno.mercadolibre.com.mx/MLM-5131852602-venta-de-terreno-casa-tipo-producto-3-departamentos-uso-mixto-_JM#polycard_client=search-desktop&be_origin=backend&search_layout=grid&position=45&type=item&tracking_id=e20e409b-0292-4bd1-a406-a23176d1cd68&price_drop=not_apply,"Terreno en venta | Venta De Terreno Casa Tipo Producto, 3 Departamentos., Uso Mixto | MXN | 4,500,000 | 226 m² de terreno | La Malinche, Gustavo A. Madero, Distrito Federal"
,"MXN9,200,000",,,,,https://casa.mercadolibre.com.mx/MLM-5203835520-venta-casas-lindavista-norte-t-df0085-0610-_JM#polycard_client=search-desktop&be_origin=backend&search_layout=grid&position=46&type=item&tracking_id=e20e409b-0292-4bd1-a406-a23176d1cd68&price_drop=not_apply,"Casa en venta | Venta Casas Lindavista Norte T-df0085-0610 | MXN | 9,200,000 | 4 recámaras | 4 baños | 210 m² construidos | AMBATO, Lindavista Norte, Gustavo A. Madero, Distrito Federal"
,"MXN2,720,000",,,,,https://departamento.mercadolibre.com.mx/MLM-4627271258-departamento-48m2-de-2-recamaras-2-banos-planta-baja-en-aragon-la-villa-_JM#polycard_client=search-desktop&be_origin=backend&search_layout=grid&position=47&type=item&tracking_id=e20e409b-0292-4bd1-a406-a23176d1cd68&price_drop=not_apply,"Departamento en venta | Departamento 48m2 De 2 Recamaras 2 Baños Planta Baja En Aragon La Villa | MXN | 2,720,000 | 2 recámaras | 2 baños | 48 m² construidos | Aragón La Villa, Gustavo A. Madero, Distrito Federal"
,"MXN2,800,000",,,,,https://departamento.mercadolibre.com.mx/MLM-5127539284-venta-departamentos-san-bartolo-atepehuacan-t-df0217-0104-_JM#polycard_client=search-desktop&be_origin=backend&search_layout=grid&position=48&type=item&tracking_id=e20e409b-0292-4bd1-a406-a23176d1cd68&price_drop=false,"Departamento en venta | Venta Departamentos San Bartolo Atepehuacan T-df0217-0104 | MXN | 2,800,000 | 2 recámaras | 1 baño | 70 m² construidos | PONIENTE 112, San Bartolo Atepehuacan, Gustavo A. Madero, Distrito Federal"
,"MXN3,200,000",,,,,https://casa.mercadolibre.com.mx/MLM-2865083745-venta-casa-4-ambientes-zona-escolar-_JM#polycard_client=search-desktop&be_origin=backend&search_layout=grid&position=1&type=item&tracking_id=e09b1b4b-4e1a-41ab-8bb9-c20d1ec0bdd7&price_drop=not_apply,"Casa en venta | Venta Casa 4 Ambientes Zona Escolar | IAD México | MXN | 3,200,000 | 4 recámaras | 1 baño | 126 m² construidos | MAESTRO RURAL, 8, Zona Escolar, Gustavo A. Madero, Distrito Federal"
,"MXN6,000,000",,,,,https://casa.mercadolibre.com.mx/MLM-5357382918-casa-en-villa-de-aragon-gustavo-a-madero-_JM#polycard_client=search-desktop&be_origin=backend&search_layout=grid&position=2&type=item&tracking_id=e09b1b4b-4e1a-41ab-8bb9-c20d1ec0bdd7&price_drop=not_apply,"Casa en venta | Casa En Villa De Aragon, Gustavo A. Madero | MXN | 6,000,000 | 6 recámaras | 3 baños | 287 m² construidos | Villa De Aragón, Gustavo A. Madero, Distrito Federal"
,"MXN4,799,999",,,,,https://casa.mercadolibre.com.mx/MLM-4824317562-venta-casas-vallejo-t-df0236-0032-_JM#polycard_client=search-desktop&be_origin=backend&search_layout=grid&position=3&type=item&tracking_id=e09b1b4b-4e1a-41ab-8bb9-c20d1ec0bdd7&price_drop=not_apply,"Casa en venta | Venta Casas Vallejo T-df0236-0032 | MXN | 4,799,999 | 4 recámaras | 3 baños | 319 m² construidos | LEON CAVALLO, Vallejo, Gustavo A. Madero, Distrito Federal"
,"MXN4,200,000",,,,,https://terreno.mercadolibre.com.mx/MLM-4670351106-terreno-en-venta-colonia-la-candelaria-ticoman-en-gustavo-a-madero-_JM#polycard_client=search-desktop&be_origin=backend&search_layout=grid&position=4&type=item&tracking_id=e09b1b4b-4e1a-41ab-8bb9-c20d1ec0bdd7&price_drop=not_apply,"Terreno en venta | Terreno En Venta Colonia La Candelaria Ticomán En Gustavo A. Madero | MXN | 4,200,000 | 805 m² de terreno | Avenida Río De Los Remedios No. 164, La Candelaria Ticoman, Gustavo A. Madero, Distrito Federal"
,"MXN3,200,000",,,,,https://casa.mercadolibre.com.mx/MLM-2782080571-venta-casas-lindavista-sur-t-df0217-0080-_JM#polycard_client=search-desktop&be_origin=backend&search_layout=grid&position=5&type=item&tracking_id=e09b1b4b-4e1a-41ab-8bb9-c20d1ec0bdd7&price_drop=not_apply,"Casa en venta | Venta Casas Lindavista Sur T-df0217-0080 | MXN | 3,200,000 | 10 recámaras | 4 baños | 190 m² construidos | AV DEL TANQUE II, Lindavista Sur, Gustavo A. Madero, Distrito Federal"
,"MXN1,400,000",,,,,https://departamento.mercadolibre.com.mx/MLM-4789167488-venta-departamentos-ex-ejido-san-juan-de-aragon-sector-32-t-df0237-0015-_JM#polycard_client=search-desktop&be_origin=backend&search_layout=grid&position=6&type=item&tracking_id=e09b1b4b-4e1a-41ab-8bb9-c20d1ec0bdd7&price_drop=not_apply,"Departamento en venta | Venta Departamentos Ex Ejido San Juan De Aragon Sector 32 T-df0237-0015 | MXN | 1,400,000 | 2 recámaras | 1 baño | 47 m² construidos | PUERTO OPORTO, San Juan De Aragón I Sección, Gustavo A. Madero, Distrito Federal"
,"MXN39,980,000",,,,,https://casa.mercadolibre.com.mx/MLM-5058128858-clinica-en-venta-colonia-lindavista-gustavo-a-madero-ciudad-de-mexico-_JM#polycard_client=search-desktop&be_origin=backend&search_layout=grid&position=7&type=item&tracking_id=e09b1b4b-4e1a-41ab-8bb9-c20d1ec0bdd7&price_drop=not_apply,"Casa en venta | Clinica En Venta, Colonia Lindavista, Gustavo A. Madero, Ciudad De México. | MXN | 39,980,000 | 6 baños | 863 m² construidos | Lima, Colonia Lindavista Norte, Gustavo A. Madero, Distrito Federal"
,"MXN8,750,000",,,,,https://casa.mercadolibre.com.mx/MLM-5030537858-casa-en-venta-colonia-san-bartolo-atepehuacan-_JM#polycard_client=search-desktop&be_origin=backend&search_layout=grid&position=8&type=item&tracking_id=e09b1b4b-4e1a-41ab-8bb9-c20d1ec0bdd7&price_drop=not_apply,"Casa en venta | Casa En Venta Colonia San Bartolo Atepehuacan | MXN | 8,750,000 | 4 recámaras | 4 baños | 306 m² construidos | Puente De Calderón, San Bartolo Atepehuacan, Gustavo A. Madero, Distrito Federal"
,"MXN5,850,000",,,,,https://inmueble.mercadolibre.com.mx/MLM-2470339465-excelente-propiedad-comercial-en-aragon-la-villa-_JM#polycard_client=search-desktop&be_origin=backend&search_layout=grid&position=9&type=item&tracking_id=e09b1b4b-4e1a-41ab-8bb9-c20d1ec0bdd7&price_drop=not_apply,"Local comercial en venta | Excelente Propiedad Comercial En Aragon La Villa | MXN | 5,850,000 | 2 baños | 241 m² construidos | 5 De Febrero No.34, Aragón La Villa, Gustavo A. Madero, Distrito Federal"
,"MXN6,250,000",,,,,https://casa.mercadolibre.com.mx/MLM-5057996874-casa-en-venta-en-san-pedro-chico-gustavo-a-madero-cdmx-_JM#polycard_client=search-desktop&be_origin=backend&search_layout=grid&position=10&type=item&tracking_id=e09b1b4b-4e1a-41ab-8bb9-c20d1ec0bdd7&price_drop=not_apply,"Casa en venta | Casa En Venta En San Pedro Chico, Gustavo A. Madero, Cdmx | MXN | 6,250,000 | 6 recámaras | 4 baños | 322 m² construidos | Norte 84, San Pedro El Chico, Gustavo A. Madero, Distrito Federal"
,"MXN5,800,000",,,,,https://casa.mercadolibre.com.mx/MLM-2785716767-venta-casas-vallejo-t-df0236-0039-_JM#polycard_client=search-desktop&be_origin=backend&search_layout=grid&position=11&type=item&tracking_id=e09b1b4b-4e1a-41ab-8bb9-c20d1ec0bdd7&price_drop=not_apply,"Casa en venta | Venta Casas Vallejo T-df0236-0039 | MXN | 5,800,000 | 3 recámaras | 3 baños | 250 m² construidos | C. GOUNOD, Vallejo, Gustavo A. Madero, Distrito Federal"
,"MXN13,900,000",,,,,https://casa.mercadolibre.com.mx/MLM-5058188126-casa-en-venta-en-lindavista-gustavo-a-madero-cdmx-_JM#polycard_client=search-desktop&be_origin=backend&search_layout=grid&position=12&type=item&tracking_id=e09b1b4b-4e1a-41ab-8bb9-c20d1ec0bdd7&price_drop=not_apply,"Casa en venta | Casa En Venta En Lindavista, Gustavo A. Madero, Cdmx | MXN | 13,900,000 | 3 recámaras | 3 baños | 575 m² construidos | Cienfuegos, Lindavista, Gustavo A. Madero, Distrito Federal"
,"MXN4,900,000",,,,,https://departamento.mercadolibre.com.mx/MLM-5030570096-departamento-en-venta-colonia-guadalupe-tepeyac-_JM#polycard_client=search-desktop&be_origin=backend&search_layout=grid&position=13&type=item&tracking_id=e09b1b4b-4e1a-41ab-8bb9-c20d1ec0bdd7&price_drop=not_apply,"Departamento en venta | Departamento En Venta Colonia Guadalupe Tepeyac | MXN | 4,900,000 | 3 recámaras | 2 baños | 119 m² construidos | Otilia, Guadalupe Tepeyac, Gustavo A. Madero, Distrito Federal"
,"MXN6,600,000",,,,,https://casa.mercadolibre.com.mx/MLM-5389439248-casa-en-venta-en-colonia-la-joya-gustavo-a-madero-_JM#polycard_client=search-desktop&float_highlight=recent_publication&price_drop=not_apply&be_origin=backend&search_layout=grid&position=14&type=item&tracking_id=e09b1b4b-4e1a-41ab-8bb9-c20d1ec0bdd7,"PUBLICADO ESTA SEMANA | Casa en venta | Casa En Venta En Colonia La Joya, Gustavo A Madero | MXN | 6,600,000 | 5 recámaras | 4 baños | 400 m² construidos | Calle Nte. 74, La Joya, Ciudad De México, La Joya, Gustavo A. Madero, Distrito Federal"
,"MXN2,300,000",,,,,https://departamento.mercadolibre.com.mx/MLM-2782334415-departamento-en-martin-carrera-_JM#polycard_client=search-desktop&be_origin=backend&search_layout=grid&position=15&type=item&tracking_id=e09b1b4b-4e1a-41ab-8bb9-c20d1ec0bdd7&price_drop=not_apply,"Departamento en venta | Departamento En Martín Carrera | MXN | 2,300,000 | 2 recámaras | 2 baños | 60 m² construidos | Departamentos Y Estudios En Preventa En Atmósfera Martín Carrera: Av. Martín Carrera #130, Martín Carrera, Gustavo A. Madero, Cdmx, México Al 100, Martín Carrera, Gustavo A. Madero, Distrito Federal"
,"MXN5,490,000",,,,,https://casa.mercadolibre.com.mx/MLM-5262373686-casa-en-venta-cerca-de-ave-100-metros-cod-zv1396-_JM#polycard_client=search-desktop&be_origin=backend&search_layout=grid&position=16&type=item&tracking_id=e09b1b4b-4e1a-41ab-8bb9-c20d1ec0bdd7&price_drop=not_apply,"Casa en venta | Casa En Venta, Cerca De Ave. 100 Metros Cod. Zv1396 | MXN | 5,490,000 | 3 recámaras | 1 baño | 203 m² construidos | Valle Del Tepeyac, Gustavo A. Madero, Distrito Federal"
,"MXN17,790,000",,,,,https://casa.mercadolibre.com.mx/MLM-4701169214-casa-en-venta-en-colonia-vallejo-gustavo-a-madero-ciudad-de-mexico-_JM#polycard_client=search-desktop&be_origin=backend&search_layout=grid&position=17&type=item&tracking_id=e09b1b4b-4e1a-41ab-8bb9-c20d1ec0bdd7&price_drop=not_apply,"Casa en venta | Casa En Venta En Colonia Vallejo, Gustavo A. Madero, Ciudad De México | MXN | 17,790,000 | 3 recámaras | 4 baños | 1,005 m² construidos | Insurgentes Norte 1099, Vallejo, Gustavo A. Madero, Distrito Federal"
,"MXN3,700,000",,,,,https://casa.mercadolibre.com.mx/MLM-2740243075-venta-casas-san-juan-de-aragon-i-seccion-t-df0237-0013-_JM#polycard_client=search-desktop&be_origin=backend&search_layout=grid&position=18&type=item&tracking_id=e09b1b4b-4e1a-41ab-8bb9-c20d1ec0bdd7&price_drop=not_apply,"Casa en venta | Venta Casas San Juan De Aragon I Seccion T-df0237-0013 | MXN | 3,700,000 | 6 recámaras | 3 baños | 200 m² construidos | NTE 78-A, San Juan De Aragón I Sección, Gustavo A. Madero, Distrito Federal"
,"MXN19,000,000",,,,,https://inmueble.mercadolibre.com.mx/MLM-4255604128-edificio-venta-gustavo-a-madero-santa-rosa-calle-14-a-cev539986-_JM#polycard_client=search-desktop&be_origin=backend&search_layout=grid&position=19&type=item&tracking_id=e09b1b4b-4e1a-41ab-8bb9-c20d1ec0bdd7&price_drop=not_apply,"Edificio en venta | Edificio Venta Gustavo A. Madero, Santa Rosa, Calle 14-a,  Cev539986 | MXN | 19,000,000 | 1,200 m² construidos | Santa Rosa, Gustavo A. Madero, Distrito Federal"
,"MXN3,200,000",,,,,https://departamento.mercadolibre.com.mx/MLM-2738846051-venta-departamentos-lindavista-norte-t-df0085-0596-_JM#polycard_client=search-desktop&be_origin=backend&search_layout=grid&position=20&type=item&tracking_id=e09b1b4b-4e1a-41ab-8bb9-c20d1ec0bdd7&price_drop=not_apply,"Departamento en venta | Venta Departamentos Lindavista Norte T-df0085-0596 | MXN | 3,200,000 | 3 recámaras | 2 baños | 94 m² construidos | AVENIDA MIGUEL BERNARD, Lindavista Norte, Gustavo A. Madero, Distrito Federal"
,"MXN4,500,000",,,,,https://casa.mercadolibre.com.mx/MLM-2872549441-venta-casas-san-juan-de-aragon-iii-seccion-t-df0181-0234-_JM#polycard_client=search-desktop&be_origin=backend&search_layout=grid&position=21&type=item&tracking_id=e09b1b4b-4e1a-41ab-8bb9-c20d1ec0bdd7&price_drop=not_apply,"Casa en venta | Venta Casas San Juan De Aragon Iii Seccion T-df0181-0234 | MXN | 4,500,000 | 3 recámaras | 2 baños | 110 m² construidos | PRIMERA CDA. 571, San Juan De Aragón III Sección, Gustavo A. Madero, Distrito Federal"
,"MXN900,000",,,,,https://departamento.mercadolibre.com.mx/MLM-2801027275-venta-departamentos-granjas-modernas-t-df0234-0029-_JM#polycard_client=search-desktop&be_origin=backend&search_layout=grid&position=22&type=item&tracking_id=e09b1b4b-4e1a-41ab-8bb9-c20d1ec0bdd7&price_drop=not_apply,"Departamento en venta | Venta Departamentos Granjas Modernas T-df0234-0029 | MXN | 900,000 | 2 recámaras | 1 baño | 65 m² construidos | SAUCES 3, Granjas Modernas, Gustavo A. Madero, Distrito Federal"
,"MXN4,165,465",,,,,https://departamento.mercadolibre.com.mx/MLM-5153919678-departamento-en-venta-en-lindavista-norte-gustavo-a-madero-ciudad-de-mexico-_JM#polycard_client=search-desktop&be_origin=backend&search_layout=grid&position=23&type=item&tracking_id=e09b1b4b-4e1a-41ab-8bb9-c20d1ec0bdd7&price_drop=not_apply,"Departamento en venta | Departamento En Venta En Lindavista Norte, Gustavo A. Madero, Ciudad De México | MXN | 4,165,465 | 2 recámaras | 2 baños | 73 m² construidos | CIENFUEGOS, Lindavista Norte, Gustavo A. Madero, Distrito Federal"
,"MXN5,850,000",,,,,https://departamento.mercadolibre.com.mx/MLM-5357408170-departamento-en-venta-siete-maravillas-gustavo-a-madero-_JM#polycard_client=search-desktop&be_origin=backend&search_layout=grid&position=24&type=item&tracking_id=e09b1b4b-4e1a-41ab-8bb9-c20d1ec0bdd7&price_drop=not_apply,"Departamento en venta | Departamento En Venta Siete Maravillas, Gustavo A. Madero | MXN | 5,850,000 | 3 recámaras | 2 baños | 185 m² construidos | Siete Maravillas, Gustavo A. Madero, Distrito Federal"
,"MXN24,000,000",,,,,https://casa.mercadolibre.com.mx/MLM-5057854982-edificio-con-11-departamentos-en-venta-colonia-lindavista-gustavo-amadero-cdmx-_JM#polycard_client=search-desktop&be_origin=backend&search_layout=grid&position=25&type=item&tracking_id=e09b1b4b-4e1a-41ab-8bb9-c20d1ec0bdd7&price_drop=not_apply,"Casa en venta | Edificio Con 11 Departamentos  En Venta Colonia Lindavista Gustavo A.madero Cdmx | MXN | 24,000,000 | 22 recámaras | 11 baños | 1,381 m² construidos | Callao 773 Lt. 1 Mz. 109, Colonia Lindavista Vallejo II Sección, Gustavo A. Madero, Distrito Federal"
,"MXN3,100,000",,,,,https://casa.mercadolibre.com.mx/MLM-5030451488-casa-en-venta-jorge-negrete-gustavo-a-madero-11119-_JM#polycard_client=search-desktop&be_origin=backend&search_layout=grid&position=26&type=item&tracking_id=e09b1b4b-4e1a-41ab-8bb9-c20d1ec0bdd7&price_drop=not_apply,"Casa en venta | Casa En Venta Jorge Negrete Gustavo A Madero 11119 | MXN | 3,100,000 | 2 recámaras | 2 baños | 161 m² construidos | 11119 Prudencia Griffel, Jorge Negrete, Gustavo A. Madero, Distrito Federal"
,"MXN14,000,000",,,,,https://casa.mercadolibre.com.mx/MLM-5030481566-casa-en-venta-san-pedro-zacatenco-gam-ciudad-de-mexico-_JM#polycard_client=search-desktop&be_origin=backend&search_layout=grid&position=27&type=item&tracking_id=e09b1b4b-4e1a-41ab-8bb9-c20d1ec0bdd7&price_drop=not_apply,"Casa en venta | Casa En Venta San Pedro Zacatenco G.a.m Ciudad De Mexico | MXN | 14,000,000 | 11 recámaras | 9 baños | 549 m² construidos | Av. La Rioja 23, San Pedro Zacatenco, Gustavo A. Madero, Distrito Federal"
,"MXN4,800,000",,,,,https://terreno.mercadolibre.com.mx/MLM-5023273268-terreno-en-venta-en-san-pedro-zacatenco-gustavo-a-maderocdmx-_JM#polycard_client=search-desktop&be_origin=backend&search_layout=grid&position=28&type=item&tracking_id=e09b1b4b-4e1a-41ab-8bb9-c20d1ec0bdd7&price_drop=not_apply,"Terreno en venta | Terreno En Venta En San Pedro Zacatenco, Gustavo A. Madero,cdmx | MXN | 4,800,000 | 275 m² de terreno | Salaverry, San Pedro Zacatenco 135, Residencial Zacatenco, Gustavo A. Madero, Distrito Federal"
,"MXN3,360,000",,,,,https://departamento.mercadolibre.com.mx/MLM-5216511730-venta-departamentos-san-juan-de-aragon-i-seccion-t-df0237-0009-_JM#polycard_client=search-desktop&be_origin=backend&search_layout=grid&position=29&type=item&tracking_id=e09b1b4b-4e1a-41ab-8bb9-c20d1ec0bdd7&price_drop=not_apply,"Departamento en venta | Venta Departamentos San Juan De Aragon I Seccion T-df0237-0009 | MXN | 3,360,000 | 3 recámaras | 2 baños | 112 m² construidos | AV OCEANIA, San Juan De Aragón I Sección, Gustavo A. Madero, Distrito Federal"
,"MXN2,997,274",,,,,https://departamento.mercadolibre.com.mx/MLM-2874594613-departamento-en-venta-av-acueducto-de-guadalupe-511-santa-isabel-tola-_JM#polycard_client=search-desktop&be_origin=backend&search_layout=grid&position=30&type=item&tracking_id=e09b1b4b-4e1a-41ab-8bb9-c20d1ec0bdd7&price_drop=not_apply,"Departamento en venta | Departamento En Venta Av. Acueducto De Guadalupe 511, Santa Isabel Tola | MXN | 2,997,274 | 2 recámaras | 1 baño | 80 m² construidos | Santa Isabel Tola, Gustavo A. Madero, Distrito Federal"
,"MXN7,650,000",,,,,https://casa.mercadolibre.com.mx/MLM-2850325401-venta-casas-san-juan-de-aragon-vi-seccion-t-df0238-0044-_JM#polycard_client=search-desktop&be_origin=backend&search_layout=grid&position=31&type=item&tracking_id=e09b1b4b-4e1a-41ab-8bb9-c20d1ec0bdd7&price_drop=not_apply,"Casa en venta | Venta Casas San Juan De Aragon Vi Seccion T-df0238-0044 | MXN | 7,650,000 | 3 recámaras | 1 baño | 290 m² construidos | AV. 499, San Juan De Aragón VI Sección, Gustavo A. Madero, Distrito Federal"
,"MXN3,090,000",,,,,https://departamento.mercadolibre.com.mx/MLM-2742770449-venta-departamentos-tepeyac-insurgentes-t-df0215-0091-_JM#polycard_client=search-desktop&be_origin=backend&search_layout=grid&position=32&type=item&tracking_id=e09b1b4b-4e1a-41ab-8bb9-c20d1ec0bdd7&price_drop=not_apply,"Departamento en venta | Venta Departamentos Tepeyac Insurgentes T-df0215-0091 | MXN | 3,090,000 | 3 recámaras | 2 baños | 80 m² construidos | CALZADA DE LOS MISTERIOS, Tepeyac Insurgentes, Gustavo A. Madero, Distrito Federal"
,"MXN6,550,000",,,,,https://casa.mercadolibre.com.mx/MLM-2740063131-casa-en-venta-en-colonia-cuchilla-del-tesoro-gustavo-a-madero-ciudad-de-mexico-_JM#polycard_client=search-desktop&be_origin=backend&search_layout=grid&position=33&type=item&tracking_id=e09b1b4b-4e1a-41ab-8bb9-c20d1ec0bdd7&price_drop=not_apply,"Casa en venta | Casa En Venta En Colonia Cuchilla Del Tesoro, Gustavo A. Madero, Ciudad De México | MXN | 6,550,000 | 5 recámaras | 3 baños | 200 m² construidos | Poniente 6 39, Cuchilla Del Tesoro, Gustavo A. Madero, Distrito Federal"
,"MXN8,950,000",,,,,https://inmueble.mercadolibre.com.mx/MLM-2781899731-edificio-en-venta-en-estrella-gam-gustavo-a-madero-_JM#polycard_client=search-desktop&be_origin=backend&search_layout=grid&position=34&type=item&tracking_id=e09b1b4b-4e1a-41ab-8bb9-c20d1ec0bdd7&price_drop=not_apply,"Edificio en venta | Edificio En Venta En Estrella Gam, Gustavo A. Madero | MXN | 8,950,000 | 7 baños | 322 m² construidos | Granate, Estrella, Gustavo A. Madero, Distrito Federal"
,"MXN10,000,000",,,,,https://inmueble.mercadolibre.com.mx/MLM-2413016227-bodega-750m2-zona-vallejo-_JM#polycard_client=search-desktop&be_origin=backend&search_layout=grid&position=35&type=item&tracking_id=e09b1b4b-4e1a-41ab-8bb9-c20d1ec0bdd7&price_drop=not_apply,"Bodega en venta | Bodega 750m2 Zona Vallejo | MXN | 10,000,000 | 750 m² construidos | Defensores De La República, Gustavo A. Madero, Distrito Federal"
,"MXN6,500,000",,,,,https://casa.mercadolibre.com.mx/MLM-2875576339-venta-casas-san-juan-de-aragon-i-seccion-t-df0227-0045-_JM#polycard_client=search-desktop&be_origin=backend&search_layout=grid&position=36&type=item&tracking_id=e09b1b4b-4e1a-41ab-8bb9-c20d1ec0bdd7&price_drop=not_apply,"Casa en venta | Venta Casas San Juan De Aragon I Seccion T-df0227-0045 | MXN | 6,500,000 | 6 recámaras | 3 baños | 315 m² construidos | AV. 527, San Juan De Aragón I Sección, Gustavo A. Madero, Distrito Federal"
,"MXN4,100,000",,,,,https://departamento.mercadolibre.com.mx/MLM-2872701661-departamento-en-venta-en-lindavista-_JM#polycard_client=search-desktop&be_origin=backend&search_layout=grid&position=37&type=item&tracking_id=e09b1b4b-4e1a-41ab-8bb9-c20d1ec0bdd7&price_drop=not_apply,"Departamento en venta | Departamento En Venta En Lindavista | MXN | 4,100,000 | 3 recámaras | 1 baño | 143 m² construidos | Sin Calle, Lindavista Sur, Gustavo A. Madero, Distrito Federal"
,"MXN4,500,000",,,,,https://casa.mercadolibre.com.mx/MLM-5030411210-casa-en-venta-en-esquina-san-jose-de-la-escalera-gustavo-a-madero-cdmx-_JM#polycard_client=search-desktop&be_origin=backend&search_layout=grid&position=38&type=item&tracking_id=e09b1b4b-4e1a-41ab-8bb9-c20d1ec0bdd7&price_drop=not_apply,"Casa en venta | Casa En Venta En Esquina San Jose De La Escalera Gustavo A Madero Cdmx | MXN | 4,500,000 | 6 recámaras | 5 baños | 361 m² construidos | 1 161, San José De La Escalera, Gustavo A. Madero, Distrito Federal"
,"MXN8,500,000",,,,,https://casa.mercadolibre.com.mx/MLM-2867492575-venta-casas-guadalupe-tepeyac-t-df0219-0098-_JM#polycard_client=search-desktop&be_origin=backend&search_layout=grid&position=39&type=item&tracking_id=e09b1b4b-4e1a-41ab-8bb9-c20d1ec0bdd7&price_drop=not_apply,"Casa en venta | Venta Casas Guadalupe Tepeyac T-df0219-0098 | MXN | 8,500,000 | 3 recámaras | 3 baños | 310 m² construidos | PTO. DE MAZATLAN, Guadalupe Tepeyac, Gustavo A. Madero, Distrito Federal"
,"MXN5,300,000",,,,,https://casa.mercadolibre.com.mx/MLM-2748820599-casa-en-venta-en-gustavo-a-madero-_JM#polycard_client=search-desktop&be_origin=backend&search_layout=grid&position=40&type=item&tracking_id=e09b1b4b-4e1a-41ab-8bb9-c20d1ec0bdd7&price_drop=not_apply,"Casa en venta | Casa En Venta En Gustavo A. Madero | MXN | 5,300,000 | 2 recámaras | 1 baño | 220 m² construidos | Ampliación Emiliano Zapata, Gustavo A. Madero, Distrito Federal"
,"MXN7,200,000",,,,,https://casa.mercadolibre.com.mx/MLM-5338088034-venta-casas-guadalupe-insurgentes-t-df0024-0428-_JM#polycard_client=search-desktop&be_origin=backend&search_layout=grid&position=41&type=item&tracking_id=e09b1b4b-4e1a-41ab-8bb9-c20d1ec0bdd7&price_drop=not_apply,"Casa en venta | Venta Casas Guadalupe Insurgentes T-df0024-0428 | MXN | 7,200,000 | 4 recámaras | 3 baños | 158 m² construidos | AURELIO LEYVA, Guadalupe Insurgentes, Gustavo A. Madero, Distrito Federal"
,"MXN120,000,000",,,,,https://inmueble.mercadolibre.com.mx/MLM-2872305943-edificio-en-leyes-de-reforma-3a-seccion-iztapalapa-ciudad-de-mexico-crb-902-ed-_JM#polycard_client=search-desktop&be_origin=backend&search_layout=grid&position=42&type=item&tracking_id=e09b1b4b-4e1a-41ab-8bb9-c20d1ec0bdd7&price_drop=not_apply,"Edificio en venta | Edificio En Leyes De Reforma 3a Sección, Iztapalapa, Ciudad De México - Crb-902-ed | MXN | 120,000,000 | 3 recámaras | 1 baño | 1,400 m² construidos | Ciudad De México, CDMX, México, Gustavo A. Madero, Distrito Federal"
,"MXN7,200,000",,,,,https://casa.mercadolibre.com.mx/MLM-5165206228-venta-casas-san-juan-de-aragon-ii-seccion-t-df0227-0044-_JM#polycard_client=search-desktop&be_origin=backend&search_layout=grid&position=43&type=item&tracking_id=e09b1b4b-4e1a-41ab-8bb9-c20d1ec0bdd7&price_drop=not_apply,"Casa en venta | Venta Casas San Juan De Aragon Ii Seccion T-df0227-0044 | MXN | 7,200,000 | 7 recámaras | 4 baños | 200 m² construidos | AV. 547, San Juan De Aragón II Sección, Gustavo A. Madero, Distrito Federal"
,"MXN5,200,000",,,,,https://casa.mercadolibre.com.mx/MLM-5100001724-venta-casas-san-juan-de-aragon-ii-seccion-t-df0227-0043-_JM#polycard_client=search-desktop&be_origin=backend&search_layout=grid&position=44&type=item&tracking_id=e09b1b4b-4e1a-41ab-8bb9-c20d1ec0bdd7&price_drop=not_apply,"Casa en venta | Venta Casas San Juan De Aragon Ii Seccion T-df0227-0043 | MXN | 5,200,000 | 3 recámaras | 2 baños | 130 m² construidos | AV. 553, San Juan De Aragón II Sección, Gustavo A. Madero, Distrito Federal"
,"MXN10,000,000",,,,,https://inmueble.mercadolibre.com.mx/MLM-3959046582-bodega-750m2-zona-vallejo-_JM#polycard_client=search-desktop&be_origin=backend&search_layout=grid&position=45&type=item&tracking_id=e09b1b4b-4e1a-41ab-8bb9-c20d1ec0bdd7&price_drop=not_apply,"Bodega en venta | Bodega 750m2 Zona Vallejo | MXN | 10,000,000 | 750 m² construidos | Nueva Industrial Vallejo, Gustavo A. Madero, Distrito Federal"
,"MXN2,300,000",,,,,https://departamento.mercadolibre.com.mx/MLM-5338100142-venta-departamentos-industrial-t-df0024-0426-_JM#polycard_client=search-desktop&be_origin=backend&search_layout=grid&position=46&type=item&tracking_id=e09b1b4b-4e1a-41ab-8bb9-c20d1ec0bdd7&price_drop=not_apply,"Departamento en venta | Venta Departamentos Industrial T-df0024-0426 | MXN | 2,300,000 | 1 recámara | 1 baño | 86 m² construidos | SANTA GERTRUDIS, Industrial, Gustavo A. Madero, Distrito Federal"
,"MXN8,740,000",,,,,https://casa.mercadolibre.com.mx/MLM-5058050752-casa-en-venta-colonia-la-joya-gustavo-a-madero-ciudad-de-mexico-_JM#polycard_client=search-desktop&be_origin=backend&search_layout=grid&position=47&type=item&tracking_id=e09b1b4b-4e1a-41ab-8bb9-c20d1ec0bdd7&price_drop=not_apply,"Casa en venta | Casa En Venta, Colonia La Joya, Gustavo A. Madero, Ciudad De México. | MXN | 8,740,000 | 5 recámaras | 3 baños | 320 m² construidos | Norte 74, La Joya, Gustavo A. Madero, Distrito Federal"
,"MXN10,400,000",,,,,https://casa.mercadolibre.com.mx/MLM-2798110137-casa-en-venta-colonia-vallejo-_JM#polycard_client=search-desktop&be_origin=backend&search_layout=grid&position=48&type=item&tracking_id=e09b1b4b-4e1a-41ab-8bb9-c20d1ec0bdd7&price_drop=not_apply,"Casa en venta | Casa En Venta Colonia Vallejo | MXN | 10,400,000 | 9 recámaras | 5 baños | 402 m² construidos | Jorge Bizet, Vallejo, Gustavo A. Madero, Distrito Federal"
,"MXN17,999,998",,,,,https://casa.mercadolibre.com.mx/MLM-2714293347-oro-puro-a-pasos-de-la-villa-propiedad-con-potencial-ilimitado-y-ubicacion-estrategica-_JM#polycard_client=search-desktop&be_origin=backend&search_layout=grid&position=1&type=item&tracking_id=33ba25fa-402e-4ab1-bf38-5abf4ab1f9f6&price_drop=not_apply,"Casa en venta | ¡oro Puro A Pasos De La Villa! Propiedad Con Potencial Ilimitado Y Ubicación Estratégica | MXN | 17,999,998 | 8 recámaras | 9 baños | 504 m² construidos | Martha 64, Guadalupe Tepeyac, Gustavo A. Madero, 07840 Ciudad De México, CDMX, Mexico, Guadalupe Tepeyac, Gustavo A. Madero, Distrito Federal"
,"MXN25,245,000",,,,,https://casa.mercadolibre.com.mx/MLM-4977935754-casa-con-uso-de-suelo-mixto-casa-y-oficinas-de-898m2-en-lindavista-gustavo-a-madero-ciudad-d-_JM#polycard_client=search-desktop&be_origin=backend&search_layout=grid&position=2&type=item&tracking_id=33ba25fa-402e-4ab1-bf38-5abf4ab1f9f6&price_drop=not_apply,"Casa en venta | Casa Con Uso De Suelo Mixto, Casa Y Oficinas, De 898m2 En Lindavista, Gustavo A. Madero, Ciudad D... | MXN | 25,245,000 | 3 recámaras | 3 baños | 898 m² construidos | Lindavista Sur, Gustavo A. Madero, Distrito Federal"
,"MXN4,890,000",,,,,https://inmueble.mercadolibre.com.mx/MLM-2798153511-bodega-en-venta-colonia-cuchilla-la-joya-_JM#polycard_client=search-desktop&be_origin=backend&search_layout=grid&position=3&type=item&tracking_id=33ba25fa-402e-4ab1-bf38-5abf4ab1f9f6&price_drop=not_apply,"Bodega en venta | Bodega En Venta Colonia Cuchilla La Joya | MXN | 4,890,000 | 180 m² construidos | Norte 66 A, Cuchilla La Joya, Gustavo A. Madero, Distrito Federal"
,"MXN7,800,000",,,,,https://casa.mercadolibre.com.mx/MLM-2797445597-casa-en-venta-al-norte-de-la-ciudad-_JM#polycard_client=search-desktop&be_origin=backend&search_layout=grid&position=4&type=item&tracking_id=33ba25fa-402e-4ab1-bf38-5abf4ab1f9f6&price_drop=not_apply,"Casa en venta | Casa En Venta Al Norte De La Ciudad | MXN | 7,800,000 | 5 recámaras | 4 baños | 368 m² construidos | Prolongación De Turquesa 33, Estrella, Gustavo A. Madero, Distrito Federal"
,"MXN2,140,000",,,,,https://departamento.mercadolibre.com.mx/MLM-2811109471-departamento-en-venta-en-aragon-la-villa-gustavo-a-madero-cdmx-_JM#polycard_client=search-desktop&be_origin=backend&search_layout=grid&position=5&type=item&tracking_id=33ba25fa-402e-4ab1-bf38-5abf4ab1f9f6&price_drop=not_apply,"Departamento en venta | Departamento En Venta En Aragón La Villa, Gustavo A. Madero, Cdmx | MXN | 2,140,000 | 3 recámaras | 1 baño | 75 m² construidos | Moctezuma, Aragón La Villa, Gustavo A. Madero, Distrito Federal"
,"MXN6,100,000",,,,,https://casa.mercadolibre.com.mx/MLM-2855872541-casa-en-venta-en-residencial-vallejo-gustavo-a-madero-cdmx-_JM#polycard_client=search-desktop&be_origin=backend&search_layout=grid&position=6&type=item&tracking_id=33ba25fa-402e-4ab1-bf38-5abf4ab1f9f6&price_drop=not_apply,"Casa en venta | Casa En Venta En Residencial Vallejo, Gustavo A. Madero, Cdmx | MXN | 6,100,000 | 4 recámaras | 2 baños | 223 m² construidos | Norte 17, Nueva Vallejo, Gustavo A. Madero, Distrito Federal"
,"MXN8,000,000",,,,,https://inmueble.mercadolibre.com.mx/MLM-5228703658-edificio-476m2c-3-locales-col-casas-aleman-_JM#polycard_client=search-desktop&be_origin=backend&search_layout=grid&position=7&type=item&tracking_id=33ba25fa-402e-4ab1-bf38-5abf4ab1f9f6&price_drop=not_apply,"Edificio en venta | Edificio 476m2c / 3 Locales / Col. Casas Aleman | MXN | 8,000,000 | 476 m² construidos | Ampliación Casas Alemán, Gustavo A. Madero, Distrito Federal"
,"MXN6,500,000",,,,,https://casa.mercadolibre.com.mx/MLM-5378484792-casa-en-venta-en-san-pedro-zacatenco-_JM#polycard_client=search-desktop&float_highlight=recent_publication&price_drop=not_apply&be_origin=backend&search_layout=grid&position=8&type=item&tracking_id=33ba25fa-402e-4ab1-bf38-5abf4ab1f9f6,"PUBLICADO ESTA SEMANA | Casa en venta | Casa En Venta En San Pedro Zacatenco | MXN | 6,500,000 | 8 recámaras | 4 baños | 340 m² construidos | Brasilia, San Pedro Zacatenco, Gustavo A. Madero, Distrito Federal"
,"MXN4,000,000",,,,,https://casa.mercadolibre.com.mx/MLM-5166616220-venta-casas-la-purisima-ticoman-t-df0213-0060-_JM#polycard_client=search-desktop&be_origin=backend&search_layout=grid&position=9&type=item&tracking_id=33ba25fa-402e-4ab1-bf38-5abf4ab1f9f6&price_drop=not_apply,"Casa en venta | Venta Casas La Purisima Ticoman T-df0213-0060 | MXN | 4,000,000 | 3 recámaras | 2 baños | 150 m² construidos | CALLE 40, La Purísima Ticoman, Gustavo A. Madero, Distrito Federal"
,"MXN4,847,268",,,,,https://departamento.mercadolibre.com.mx/MLM-2800604265-departamento-en-preventa-en-rio-consulado-san-juan-de-aragon-gustavo-a-madero-_JM#polycard_client=search-desktop&be_origin=backend&search_layout=grid&position=10&type=item&tracking_id=33ba25fa-402e-4ab1-bf38-5abf4ab1f9f6&price_drop=not_apply,"Departamento en venta | Departamento En Preventa En Rio Consulado San Juan De Aragón Gustavo A Madero | MXN | 4,847,268 | 2 recámaras | 2 baños | 102 m² construidos | San Juan De Aragón I Sección, Gustavo A. Madero, Distrito Federal"
,"MXN10,200,000",,,,,https://casa.mercadolibre.com.mx/MLM-5291503868-venta-casas-lindavista-norte-t-df0085-0617-_JM#polycard_client=search-desktop&be_origin=backend&search_layout=grid&position=11&type=item&tracking_id=33ba25fa-402e-4ab1-bf38-5abf4ab1f9f6&price_drop=not_apply,"Casa en venta | Venta Casas Lindavista Norte T-df0085-0617 | MXN | 10,200,000 | 6 recámaras | 2 baños | 300 m² construidos | COQUIMBO, Lindavista Norte, Gustavo A. Madero, Distrito Federal"
,"MXN6,000,000",,,,,https://casa.mercadolibre.com.mx/MLM-5204823770-bonita-casa-en-san-jeronimo-ham-793-cs-_JM#polycard_client=search-desktop&be_origin=backend&search_layout=grid&position=12&type=item&tracking_id=33ba25fa-402e-4ab1-bf38-5abf4ab1f9f6&price_drop=not_apply,"Casa en venta | Bonita Casa En San Jeronimo - Ham-793-cs* | MXN | 6,000,000 | 3 recámaras | 3 baños | 385 m² construidos | La Malinche, 10010 Ciudad De México, CDMX, México, Gustavo A. Madero, Distrito Federal"
,"MXN5,800,000",,,,,https://casa.mercadolibre.com.mx/MLM-2831258317-venta-casas-san-juan-de-aragon-ii-seccion-t-df0227-0042-_JM#polycard_client=search-desktop&be_origin=backend&search_layout=grid&position=13&type=item&tracking_id=33ba25fa-402e-4ab1-bf38-5abf4ab1f9f6&price_drop=not_apply,"Casa en venta | Venta Casas San Juan De Aragon Ii Seccion T-df0227-0042 | MXN | 5,800,000 | 4 recámaras | 3 baños | 250 m² construidos | NTE. 172, San Juan De Aragón II Sección, Gustavo A. Madero, Distrito Federal"
,"MXN3,650,000",,,,,https://departamento.mercadolibre.com.mx/MLM-2834069059-departamento-en-venta-la-escalera-gustavo-a-madero-_JM#polycard_client=search-desktop&be_origin=backend&search_layout=grid&position=14&type=item&tracking_id=33ba25fa-402e-4ab1-bf38-5abf4ab1f9f6&price_drop=not_apply,"Departamento en venta | Departamento En Venta La Escalera, Gustavo A. Madero | MXN | 3,650,000 | 3 recámaras | 2 baños | 94 m² construidos | La Escalera, Gustavo A. Madero, Distrito Federal"
,"MXN10,290,000",,,,,https://departamento.mercadolibre.com.mx/MLM-2913629569-activo-de-inversion-en-ubicacion-prime-5-departamentos-local-comercial-con-us-_JM#polycard_client=search-desktop&be_origin=backend&search_layout=grid&position=15&type=item&tracking_id=33ba25fa-402e-4ab1-bf38-5abf4ab1f9f6&price_drop=not_apply,"Departamento en venta | Activo De Inversión En Ubicación Prime: 5 Departamentos + Local Comercial Con Us | MXN | 10,290,000 | 8 recámaras | 5 baños | 419 m² construidos | Tepeyac Insurgentes, Gustavo A. Madero, Distrito Federal"
,"MXN8,950,000",,,,,https://inmueble.mercadolibre.com.mx/MLM-2760801437-edificio-en-venta-en-estrella-gam-gustavo-a-madero-_JM#polycard_client=search-desktop&be_origin=backend&search_layout=grid&position=16&type=item&tracking_id=33ba25fa-402e-4ab1-bf38-5abf4ab1f9f6&price_drop=not_apply,"Edificio en venta | Edificio En Venta En Estrella Gam, Gustavo A. Madero | MXN | 8,950,000 | 7 baños | 322 m² construidos | Granate, Estrella, Gustavo A. Madero, Distrito Federal"
,"MXN2,550,000",,,,,https://departamento.mercadolibre.com.mx/MLM-5022787828-departamento-en-venta-en-dm-nacional-san-juan-de-aragon-gran-canal-_JM#polycard_client=search-desktop&be_origin=backend&search_layout=grid&position=17&type=item&tracking_id=33ba25fa-402e-4ab1-bf38-5abf4ab1f9f6&price_drop=not_apply,"Departamento en venta | Departamento En Venta En Dm Nacional | San Juan De Aragón | Gran Canal | MXN | 2,550,000 | 2 recámaras | 1 baño | 55 m² construidos | Calzada San Juan De Aragón 439, Rinconada Don Blas Edificio B, DM Nacional, Gustavo A. Madero, Distrito Federal"
,"MXN1,465,000",,,,,https://departamento.mercadolibre.com.mx/MLM-2901718117-departamento-en-venta-el-arbolillo-croc-gustavo-a-madero-_JM#polycard_client=search-desktop&be_origin=backend&search_layout=grid&position=18&type=item&tracking_id=33ba25fa-402e-4ab1-bf38-5abf4ab1f9f6&price_drop=not_apply,"Departamento en venta | Departamento En Venta El Arbolillo Croc, Gustavo A. Madero | MXN | 1,465,000 | 2 recámaras | 1 baño | 51 m² construidos | Calzada Chalma La Villa 50, Zona Escolar Oriente, Gustavo A. Madero, Distrito Federal"
,"MXN3,150,000",,,,,https://casa.mercadolibre.com.mx/MLM-2911214331-casa-en-venta-en-cuautepec-barrio-alto-gustavo-a-madero-_JM#polycard_client=search-desktop&be_origin=backend&search_layout=grid&position=19&type=item&tracking_id=33ba25fa-402e-4ab1-bf38-5abf4ab1f9f6&price_drop=not_apply,"Casa en venta | Casa En Venta En Cuautepec Barrio Alto, Gustavo A. Madero | MXN | 3,150,000 | 3 recámaras | 1 baño | 108 m² construidos | Cuautepec Barrio Alto, Gustavo A. Madero, Distrito Federal"
,"MXN1,748,000",,,,,https://departamento.mercadolibre.com.mx/MLM-2720563635-joyas-vallejo-metrobus-tenayuca-_JM#polycard_client=search-desktop&be_origin=backend&search_layout=grid&position=20&type=item&tracking_id=33ba25fa-402e-4ab1-bf38-5abf4ab1f9f6&price_drop=not_apply,"Departamento en venta | Joyas Vallejo, Metrobús Tenayuca | MXN | 1,748,000 | 2 recámaras | 1 baño | 55 m² construidos | Santa Rosa, Gustavo A. Madero, Distrito Federal"
,"MXN17,950,000",,,,,https://casa.mercadolibre.com.mx/MLM-5339274476-casa-en-venta-en-lindavista-660968-_JM#polycard_client=search-desktop&be_origin=backend&search_layout=grid&position=21&type=item&tracking_id=33ba25fa-402e-4ab1-bf38-5abf4ab1f9f6&price_drop=not_apply,"Casa en venta | Casa En Venta En Lindavista 660968 | MXN | 17,950,000 | 3 recámaras | 3 baños | 407 m² construidos | Pernambuco, Lindavista Sur, Gustavo A. Madero, Distrito Federal"
,"MXN4,600,000",,,,,https://departamento.mercadolibre.com.mx/MLM-5030212546-departamento-en-venta-colonia-residencial-zacatenco-enkasa-vista-norte-_JM#polycard_client=search-desktop&be_origin=backend&search_layout=grid&position=22&type=item&tracking_id=33ba25fa-402e-4ab1-bf38-5abf4ab1f9f6&price_drop=not_apply,"Departamento en venta | Departamento En Venta Colonia Residencial Zacatenco Enkasa Vista Norte | MXN | 4,600,000 | 3 recámaras | 2 baños | 94 m² construidos | Avenida Acueducto, Residencial La Escalera, Gustavo A. Madero, Distrito Federal"
,"MXN8,550,000",,,,,https://casa.mercadolibre.com.mx/MLM-2940734807-venta-casa-4-ambientes-lindavista-norte-_JM#polycard_client=search-desktop&be_origin=backend&search_layout=grid&position=23&type=item&tracking_id=33ba25fa-402e-4ab1-bf38-5abf4ab1f9f6&price_drop=not_apply,"Casa en venta | Venta Casa 4 Ambientes Lindavista Norte | IAD México | MXN | 8,550,000 | 4 recámaras | 3 baños | 250 m² construidos | Conocido, 120, Lindavista Norte, Gustavo A. Madero, Distrito Federal"
,"MXN1,350,000",,,,,https://departamento.mercadolibre.com.mx/MLM-5030572072-departamento-en-venta-el-arbolillo-2-gustavo-a-madero-cdmex-_JM#polycard_client=search-desktop&be_origin=backend&search_layout=grid&position=24&type=item&tracking_id=33ba25fa-402e-4ab1-bf38-5abf4ab1f9f6&price_drop=not_apply,"Departamento en venta | Departamento En Venta El Arbolillo 2, Gustavo A. Madero, Cdmex | MXN | 1,350,000 | 2 recámaras | 1 baño | 52 m² construidos | El Arbolillo 43, Arbolillo II, Gustavo A. Madero, 07239 Ciudad De México, CDMX Edificio 47 Departamento 203, El Arbolillo, Gustavo A. Madero, Distrito Federal"
,"MXN1,999,000",,,,,https://departamento.mercadolibre.com.mx/MLM-2917168473-departamento-en-venta-planta-baja-gustavo-a-madero-_JM#polycard_client=search-desktop&be_origin=backend&search_layout=grid&position=25&type=item&tracking_id=33ba25fa-402e-4ab1-bf38-5abf4ab1f9f6&price_drop=not_apply,"Departamento en venta | Departamento En Venta  Planta Baja Gustavo A. Madero | MXN | 1,999,000 | 3 recámaras | 2 baños | 62 m² construidos | Vasco De Quiroga, Gustavo A. Madero, Distrito Federal"
,"MXN8,500,000",,,,,https://casa.mercadolibre.com.mx/MLM-5204849316-casa-en-condominio-en-el-rincon-alvaro-obregon-ciudad-de-mexico-crb-1176-cd-_JM#polycard_client=search-desktop&be_origin=backend&search_layout=grid&position=26&type=item&tracking_id=33ba25fa-402e-4ab1-bf38-5abf4ab1f9f6&price_drop=not_apply,"Casa en venta | Casa En Condominio En El Rincón, Álvaro Obregón, Ciudad De México - Crb-1176-cd | MXN | 8,500,000 | 3 recámaras | 1 baño | 204 m² construidos | Ciudad De México, CDMX, México, Gustavo A. Madero, Distrito Federal"
,"MXN1,599,998",,,,,https://departamento.mercadolibre.com.mx/MLM-2714310737-propiedad-en-venta-confort-y-seguridad-en-joyas-vallejo-precio-especial-de-oportunidad-_JM#polycard_client=search-desktop&be_origin=backend&search_layout=grid&position=27&type=item&tracking_id=33ba25fa-402e-4ab1-bf38-5abf4ab1f9f6&price_drop=not_apply,"Departamento en venta | Propiedad En Venta: Confort Y Seguridad En Joyas Vallejo | Precio Especial De Oportunidad!!! | MXN | 1,599,998 | 2 recámaras | 1 baño | 67 m² construidos | Calz. Vallejo 1268, Santa Rosa, Ciudad De México, Santa Rosa, Gustavo A. Madero, Distrito Federal"
,"MXN6,700,000",,,,,https://casa.mercadolibre.com.mx/MLM-2824389363-venta-casas-lindavista-sur-t-df0217-0101-_JM#polycard_client=search-desktop&be_origin=backend&search_layout=grid&position=28&type=item&tracking_id=33ba25fa-402e-4ab1-bf38-5abf4ab1f9f6&price_drop=false,"Casa en venta | Venta Casas Lindavista Sur T-df0217-0101 | MXN | 6,700,000 | 7 recámaras | 4 baños | 400 m² construidos | NORTE 25, Lindavista Sur, Gustavo A. Madero, Distrito Federal"
,"MXN120,000,000",,,,,https://inmueble.mercadolibre.com.mx/MLM-2872441655-edificio-en-leyes-de-reforma-3a-seccion-iztapalapa-ciudad-de-mexico-crb-902-ed-_JM#polycard_client=search-desktop&be_origin=backend&search_layout=grid&position=29&type=item&tracking_id=33ba25fa-402e-4ab1-bf38-5abf4ab1f9f6&price_drop=not_apply,"Edificio en venta | Edificio En Leyes De Reforma 3a Sección, Iztapalapa, Ciudad De México - Crb-902-ed | MXN | 120,000,000 | 3 recámaras | 1 baño | 1,400 m² construidos | Ciudad De México, CDMX, México, Gustavo A. Madero, Distrito Federal"
,"MXN10,700,000",,,,,https://inmueble.mercadolibre.com.mx/MLM-2738954891-venta-edificios-vallejo-t-df0219-0083-_JM#polycard_client=search-desktop&be_origin=backend&search_layout=grid&position=30&type=item&tracking_id=33ba25fa-402e-4ab1-bf38-5abf4ab1f9f6&price_drop=false,"Edificio en venta | Venta Edificios Vallejo T-df0219-0083 | MXN | 10,700,000 | 540 m² construidos | ESCUELA INDUSTRIAL, Vallejo, Gustavo A. Madero, Distrito Federal"
,"MXN8,950,000",,,,,https://inmueble.mercadolibre.com.mx/MLM-5058056268-edificio-en-venta-en-estrella-gam-gustavo-a-madero-_JM#polycard_client=search-desktop&be_origin=backend&search_layout=grid&position=31&type=item&tracking_id=33ba25fa-402e-4ab1-bf38-5abf4ab1f9f6&price_drop=not_apply,"Edificio en venta | Edificio En Venta En Estrella Gam, Gustavo A. Madero | MXN | 8,950,000 | 7 baños | 322 m² construidos | Granate, Estrella, Gustavo A. Madero, Distrito Federal"
,"MXN8,950,000",,,,,https://inmueble.mercadolibre.com.mx/MLM-5022783942-edificio-en-venta-en-estrella-gam-gustavo-a-madero-_JM#polycard_client=search-desktop&be_origin=backend&search_layout=grid&position=32&type=item&tracking_id=33ba25fa-402e-4ab1-bf38-5abf4ab1f9f6&price_drop=not_apply,"Edificio en venta | Edificio En Venta En Estrella Gam, Gustavo A. Madero | MXN | 8,950,000 | 7 baños | 322 m² construidos | Granate, Estrella, Gustavo A. Madero, Distrito Federal"
,"MXN10,200,000",,,,,https://casa.mercadolibre.com.mx/MLM-4755008634-casa-en-venta-en-san-bartolo-atepehuacan-_JM#polycard_client=search-desktop&be_origin=backend&search_layout=grid&position=33&type=item&tracking_id=33ba25fa-402e-4ab1-bf38-5abf4ab1f9f6&price_drop=not_apply,"Casa en venta | Casa En Venta En San Bartolo Atepehuacan | IAD México | MXN | 10,200,000 | 3 recámaras | 5 baños | 347 m² construidos | Huacho, 7, San Bartolo Atepehuacan, Gustavo A. Madero, Distrito Federal"
,"MXN4,531,400",,,,,https://departamento.mercadolibre.com.mx/MLM-2939176663-departamento-en-venta-en-lindavista-norte-gustavo-a-madero-ciudad-de-mexico-_JM#polycard_client=search-desktop&be_origin=backend&search_layout=grid&position=34&type=item&tracking_id=33ba25fa-402e-4ab1-bf38-5abf4ab1f9f6&price_drop=not_apply,"Departamento en venta | Departamento En Venta En Lindavista Norte, Gustavo A. Madero, Ciudad De México | MXN | 4,531,400 | 2 recámaras | 2 baños | 65 m² construidos | AV INSTITUTO POLITECNICO NACIONAL, Lindavista Norte, Gustavo A. Madero, Distrito Federal"
,"MXN6,370,000",,,,,https://casa.mercadolibre.com.mx/MLM-5030586078-casa-en-venta-en-gustavo-a-madero-_JM#polycard_client=search-desktop&be_origin=backend&search_layout=grid&position=35&type=item&tracking_id=33ba25fa-402e-4ab1-bf38-5abf4ab1f9f6&price_drop=not_apply,"Casa en venta | Casa En Venta En Gustavo A. Madero | MXN | 6,370,000 | 9 recámaras | 3 baños | 391 m² construidos | Estado De Hidalgo 37-A, Providencia, Gustavo A. Madero, Distrito Federal"
,"MXN5,100,000",,,,,https://casa.mercadolibre.com.mx/MLM-5257430206-casa-en-venta-en-gustavo-a-madero-_JM#polycard_client=search-desktop&be_origin=backend&search_layout=grid&position=36&type=item&tracking_id=33ba25fa-402e-4ab1-bf38-5abf4ab1f9f6&price_drop=not_apply,"Casa en venta | Casa En Venta En Gustavo A. Madero | MXN | 5,100,000 | 4 recámaras | 2 baños | 179 m² construidos | Norte 66 A, Cuchilla La Joya, Gustavo A. Madero, Distrito Federal"
,"MXN8,950,000",,,,,https://inmueble.mercadolibre.com.mx/MLM-2798096155-edificio-en-venta-en-estrella-gam-gustavo-a-madero-_JM#polycard_client=search-desktop&be_origin=backend&search_layout=grid&position=37&type=item&tracking_id=33ba25fa-402e-4ab1-bf38-5abf4ab1f9f6&price_drop=not_apply,"Edificio en venta | Edificio En Venta En Estrella Gam, Gustavo A. Madero | MXN | 8,950,000 | 7 baños | 322 m² construidos | Granate, Estrella, Gustavo A. Madero, Distrito Federal"
,"MXN4,495,000",,,,,https://casa.mercadolibre.com.mx/MLM-4756002878-venta-casa-6-ambientes-san-felipe-de-jesus-_JM#polycard_client=search-desktop&be_origin=backend&search_layout=grid&position=38&type=item&tracking_id=33ba25fa-402e-4ab1-bf38-5abf4ab1f9f6&price_drop=not_apply,"Casa en venta | Venta Casa 6 Ambientes San Felipe De Jesús | IAD México | MXN | 4,495,000 | 6 recámaras | 2 baños | 456 m² construidos | Atoyac, 361, San Felipe De Jesús, Gustavo A. Madero, Distrito Federal"
,"MXN10,000,000",,,,,https://inmueble.mercadolibre.com.mx/MLM-5140133872-bodega-750m2-zona-vallejo-_JM#polycard_client=search-desktop&be_origin=backend&search_layout=grid&position=39&type=item&tracking_id=33ba25fa-402e-4ab1-bf38-5abf4ab1f9f6&price_drop=not_apply,"Edificio en venta | Bodega 750m2 Zona Vallejo | MXN | 10,000,000 | 750 m² construidos | Defensores De La República, Gustavo A. Madero, Distrito Federal"
,"MXN1,350,000",,,,,https://departamento.mercadolibre.com.mx/MLM-5376526932-san-felipe-de-jesus-3-recamaras-_JM#polycard_client=search-desktop&be_origin=backend&search_layout=grid&position=40&type=item&tracking_id=33ba25fa-402e-4ab1-bf38-5abf4ab1f9f6&price_drop=not_apply,"Departamento en venta | San Felipe De Jesus 3 Recamaras | MXN | 1,350,000 | 3 recámaras | 1 baño | 76 m² construidos | San Felipe De Jesús, Gustavo A. Madero, Distrito Federal"
,"MXN7,500,000",,,,,https://casa.mercadolibre.com.mx/MLM-2901302289-casa-en-venta-en-calle-natal-esquina-con-montevideo-_JM#polycard_client=search-desktop&be_origin=backend&search_layout=grid&position=41&type=item&tracking_id=33ba25fa-402e-4ab1-bf38-5abf4ab1f9f6&price_drop=not_apply,"Casa en venta | Casa En Venta En Calle Natal Esquina Con Montevideo | MXN | 7,500,000 | 4 recámaras | 2 baños | 249 m² construidos | Natal 670, Montevideo, Gustavo A. Madero, Distrito Federal"
,"MXN48,800,000",,,,,https://inmueble.mercadolibre.com.mx/MLM-5058310064-edificio-con-uso-escolar-en-venta-de-1819m2-en-lindavista-gustavo-a-madero-ciudad-de-mexico-_JM#polycard_client=search-desktop&be_origin=backend&search_layout=grid&position=42&type=item&tracking_id=33ba25fa-402e-4ab1-bf38-5abf4ab1f9f6&price_drop=not_apply,"Edificio en venta | Edificio Con Uso Escolar En Venta De 1819m2 En Lindavista, Gustavo A. Madero, Ciudad De México | MXN | 48,800,000 | 3 baños | 1,819 m² construidos | Gustavo A. Madero, Mexico City, Lindavista, Gustavo A. Madero, Distrito Federal"
,"MXN9,100,000",,,,,https://casa.mercadolibre.com.mx/MLM-5204105464-venta-casas-acueducto-de-guadalupe-t-df0085-0611-_JM#polycard_client=search-desktop&be_origin=backend&search_layout=grid&position=43&type=item&tracking_id=33ba25fa-402e-4ab1-bf38-5abf4ab1f9f6&price_drop=not_apply,"Casa en venta | Venta Casas Acueducto De Guadalupe T-df0085-0611 | MXN | 9,100,000 | 12 recámaras | 12 baños | 500 m² construidos | 17-A, Acueducto De Guadalupe, Gustavo A. Madero, Distrito Federal"
,"MXN5,300,000",,,,,https://casa.mercadolibre.com.mx/MLM-5357496656-casa-en-venta-gabriel-hernandez-gustavo-a-madero-_JM#polycard_client=search-desktop&be_origin=backend&search_layout=grid&position=44&type=item&tracking_id=33ba25fa-402e-4ab1-bf38-5abf4ab1f9f6&price_drop=not_apply,"Casa en venta | Casa En Venta Gabriel Hernandez, Gustavo A. Madero | MXN | 5,300,000 | 4 recámaras | 2 baños | 264 m² construidos | Gabriel Hernández, Gustavo A. Madero, Distrito Federal"
,"MXN6,800,000",,,,,https://casa.mercadolibre.com.mx/MLM-2937241919-casa-en-venta-la-joya-gustavo-a-madero-_JM#polycard_client=search-desktop&be_origin=backend&search_layout=grid&position=45&type=item&tracking_id=33ba25fa-402e-4ab1-bf38-5abf4ab1f9f6&price_drop=not_apply,"Casa en venta | Casa En Venta La Joya, Gustavo A. Madero | MXN | 6,800,000 | 5 recámaras | 3 baños | 347 m² construidos | La Joya, Gustavo A. Madero, Distrito Federal"
,"MXN9,200,000",,,,,https://inmueble.mercadolibre.com.mx/MLM-5243371202-edificio-habitacional-y-comercial-en-venta-_JM#polycard_client=search-desktop&be_origin=backend&search_layout=grid&position=46&type=item&tracking_id=33ba25fa-402e-4ab1-bf38-5abf4ab1f9f6&price_drop=not_apply,"Edificio en venta | Edificio Habitacional Y Comercial En Venta | MXN | 9,200,000 | 301 m² construidos | Poniente 122, Ampliación Panamericana, Gustavo A. Madero, Distrito Federal"
,"MXN4,800,000",,,,,https://terreno.mercadolibre.com.mx/MLM-2765646459-terreno-en-venta-en-san-pedro-zacatenco-gustavo-a-maderocdmx-_JM#polycard_client=search-desktop&be_origin=backend&search_layout=grid&position=47&type=item&tracking_id=33ba25fa-402e-4ab1-bf38-5abf4ab1f9f6&price_drop=not_apply,"Terreno en venta | Terreno En Venta En San Pedro Zacatenco, Gustavo A. Madero,cdmx | MXN | 4,800,000 | 275 m² de terreno | Salaverry, San Pedro Zacatenco 135, Residencial Zacatenco, Gustavo A. Madero, Distrito Federal"
,"MXN5,500,000",,,,,https://casa.mercadolibre.com.mx/MLM-2919058787-venta-casas-san-juan-de-aragon-i-seccion-t-df0227-0047-_JM#polycard_client=search-desktop&be_origin=backend&search_layout=grid&position=48&type=item&tracking_id=33ba25fa-402e-4ab1-bf38-5abf4ab1f9f6&price_drop=not_apply,"Casa en venta | Venta Casas San Juan De Aragon I Seccion T-df0227-0047 | MXN | 5,500,000 | 6 recámaras | 3 baños | 170 m² construidos | AV. 523, San Juan De Aragón I Sección, Gustavo A. Madero, Distrito Federal"
,"MXN3,150,000",,,,,https://departamento.mercadolibre.com.mx/MLM-2834096543-departamento-en-venta-guadalupe-tepeyac-gustavo-a-madero-_JM#polycard_client=search-desktop&be_origin=backend&search_layout=grid&position=1&type=item&tracking_id=813640cc-0930-4ceb-985b-7b7c28df01e0&price_drop=not_apply,"Departamento en venta | Departamento En Venta Guadalupe Tepeyac, Gustavo A. Madero | MXN | 3,150,000 | 3 recámaras | 2 baños | 58 m² construidos | Guadalupe Tepeyac, Gustavo A. Madero, Distrito Federal"
,"MXN30,000,000",,,,,https://casa.mercadolibre.com.mx/MLM-5057771492-venta-de-salon-de-eventos-con-restaurante-y-un-loft-_JM#polycard_client=search-desktop&be_origin=backend&search_layout=grid&position=2&type=item&tracking_id=813640cc-0930-4ceb-985b-7b7c28df01e0&price_drop=not_apply,"Casa en venta | Venta De Salon De Eventos Con Restaurante Y Un Loft | MXN | 30,000,000 | 2 recámaras | 7 baños | 1,320 m² construidos | Huitzilihuitl 9, Santa Isabel Tola, Gustavo A. Madero, Distrito Federal"
,"MXN9,450,000",,,,,https://casa.mercadolibre.com.mx/MLM-2811186179-casa-en-venta-en-residencial-la-escalera-gustavo-a-madero-cdmx-_JM#polycard_client=search-desktop&be_origin=backend&search_layout=grid&position=3&type=item&tracking_id=813640cc-0930-4ceb-985b-7b7c28df01e0&price_drop=not_apply,"Casa en venta | Casa En Venta En Residencial La Escalera, Gustavo A. Madero, Cdmx | MXN | 9,450,000 | 5 recámaras | 4 baños | 369 m² construidos | Arroyo De Los Ahuehuetes, Residencial Zacatenco, Gustavo A. Madero, Distrito Federal"
,"MXN6,200,000",,,,,https://casa.mercadolibre.com.mx/MLM-5352863586-venta-casas-acueducto-de-guadalupe-t-df0085-0619-_JM#polycard_client=search-desktop&be_origin=backend&search_layout=grid&position=4&type=item&tracking_id=813640cc-0930-4ceb-985b-7b7c28df01e0&price_drop=not_apply,"Casa en venta | Venta Casas Acueducto De Guadalupe T-df0085-0619 | MXN | 6,200,000 | 4 recámaras | 3 baños | 160 m² construidos | FARALLONES, Acueducto De Guadalupe, Gustavo A. Madero, Distrito Federal"
,"MXN5,400,000",,,,,https://casa.mercadolibre.com.mx/MLM-5058002512-casa-en-venta-en-martires-de-rio-blanco-gustavo-a-madero-cdmx-_JM#polycard_client=search-desktop&be_origin=backend&search_layout=grid&position=5&type=item&tracking_id=813640cc-0930-4ceb-985b-7b7c28df01e0&price_drop=not_apply,"Casa en venta | Casa En Venta En Mártires De Río Blanco, Gustavo A. Madero, Cdmx | MXN | 5,400,000 | 4 recámaras | 2 baños | 202 m² construidos | H. Congreso De La Unión 3640, Mártires De Río Blanco, Gustavo A. Madero, Distrito Federal"
,"MXN4,800,000",,,,,https://departamento.mercadolibre.com.mx/MLM-5262348176-departamento-en-venta-ubicacion-gustavo-a-madero-cod-dv1202-_JM#polycard_client=search-desktop&be_origin=backend&search_layout=grid&position=6&type=item&tracking_id=813640cc-0930-4ceb-985b-7b7c28df01e0&price_drop=not_apply,"Departamento en venta | Departamento En Venta Ubicación Gustavo A. Madero Cod. Dv1202 | MXN | 4,800,000 | 3 recámaras | 2 baños | 120 m² construidos | Acueducto De Guadalupe, Gustavo A. Madero, Distrito Federal"
,"MXN8,400,000",,,,,https://casa.mercadolibre.com.mx/MLM-5086387624-casa-en-venta-en-residencial-acueducto-de-guadalupe-gustavo-a-madero-cdmx-_JM#polycard_client=search-desktop&be_origin=backend&search_layout=grid&position=7&type=item&tracking_id=813640cc-0930-4ceb-985b-7b7c28df01e0&price_drop=not_apply,"Casa en venta | Casa En Venta En Residencial Acueducto De Guadalupe, Gustavo A. Madero, Cdmx | MXN | 8,400,000 | 4 recámaras | 3 baños | 492 m² construidos | Boca Del Río, Residencial Acueducto De Guadalupe, Gustavo A. Madero, Distrito Federal"
,"MXN5,100,000",,,,,https://departamento.mercadolibre.com.mx/MLM-2798123405-departamento-en-venta-colonia-san-bartolo-atepehuacan-_JM#polycard_client=search-desktop&be_origin=backend&search_layout=grid&position=8&type=item&tracking_id=813640cc-0930-4ceb-985b-7b7c28df01e0&price_drop=not_apply,"Departamento en venta | Departamento En Venta Colonia San Bartolo Atepehuacan | MXN | 5,100,000 | 3 recámaras | 2 baños | 119 m² construidos | Lindavista, San Bartolo Atepehuacan, Gustavo A. Madero, Distrito Federal"
,"MXN10,500,000",,,,,https://terreno.mercadolibre.com.mx/MLM-2901602625-venta-casa-granjas-modernas-ciudad-de-mexico-_JM#polycard_client=search-desktop&be_origin=backend&search_layout=grid&position=9&type=item&tracking_id=813640cc-0930-4ceb-985b-7b7c28df01e0&price_drop=not_apply,"Terreno en venta | Venta Casa Granjas Modernas, Ciudad De México | MXN | 10,500,000 | 314 m² de terreno | Granjas Modernas, Gustavo A. Madero, Distrito Federal"
,"MXN4,550,000",,,,,https://departamento.mercadolibre.com.mx/MLM-5153546486-venta-de-departamento-_JM#polycard_client=search-desktop&be_origin=backend&search_layout=grid&position=10&type=item&tracking_id=813640cc-0930-4ceb-985b-7b7c28df01e0&price_drop=not_apply,"Departamento en venta | Venta De Departamento | MXN | 4,550,000 | 3 recámaras | 2 baños | 94 m² construidos | Avenida Insurgentes Norte 1932, Colonia Lindavista Sur, Gustavo A. Madero, Distrito Federal"
,"MXN8,300,000",,,,,https://casa.mercadolibre.com.mx/MLM-5030565204-casa-de-productos-en-venta-colonia-tres-estrellas-_JM#polycard_client=search-desktop&be_origin=backend&search_layout=grid&position=11&type=item&tracking_id=813640cc-0930-4ceb-985b-7b7c28df01e0&price_drop=not_apply,"Casa en venta | Casa De Productos En Venta Colonia Tres Estrellas | MXN | 8,300,000 | 11 recámaras | 9 baños | 536 m² construidos | Pedernal, Tres Estrellas, Gustavo A. Madero, Distrito Federal"
,"MXN1,970,000",,,,,https://departamento.mercadolibre.com.mx/MLM-5029452966-se-vende-hermoso-departamento-ubicado-en-tercer-nivel-remodelado-_JM#polycard_client=search-desktop&be_origin=backend&search_layout=grid&position=12&type=item&tracking_id=813640cc-0930-4ceb-985b-7b7c28df01e0&price_drop=not_apply,"Departamento en venta | Se Vende Hermoso Departamento Ubicado En Tercer Nivel Remodelado. | MXN | 1,970,000 | 2 recámaras | 1 baño | 65 m² construidos | Henry Ford, Bondojito, Gustavo A. Madero, Distrito Federal"
,"MXN2,980,000",,,,,https://casa.mercadolibre.com.mx/MLM-5271958598-casa-en-venta-como-terreno-en-san-felipe-de-jesus-_JM#polycard_client=search-desktop&be_origin=backend&search_layout=grid&position=13&type=item&tracking_id=813640cc-0930-4ceb-985b-7b7c28df01e0&price_drop=not_apply,"Casa en venta | Casa En Venta Como Terreno En San Felipe De Jesus | MXN | 2,980,000 | 2 recámaras | 1 baño | 120 m² construidos | Guanajuato MZ298 LT5, San Felipe De Jesús, Gustavo A. Madero, 7500 - 7800 Ciudad De México, CDMX, Mexico, San Felipe De Jesús, Gustavo A. Madero, Distrito Federal"
,"MXN11,800,000",,,,,https://inmueble.mercadolibre.com.mx/MLM-5029026438-bodega-en-venta-colonia-la-candelaria-ticoman-en-gustavo-a-madero-_JM#polycard_client=search-desktop&be_origin=backend&search_layout=grid&position=14&type=item&tracking_id=813640cc-0930-4ceb-985b-7b7c28df01e0&price_drop=not_apply,"Bodega en venta | Bodega En Venta Colonia La Candelaria Ticomán En Gustavo A. Madero | MXN | 11,800,000 | 811 m² construidos | Avenida Cerro Del Chiquihuite, La Candelaria Ticoman, Gustavo A. Madero, Distrito Federal"
,"MXN3,900,000",,,,,https://departamento.mercadolibre.com.mx/MLM-2911341089-departamento-en-venta-en-residencial-zacatenco-gustavo-a-madero-cdmex-_JM#polycard_client=search-desktop&be_origin=backend&search_layout=grid&position=15&type=item&tracking_id=813640cc-0930-4ceb-985b-7b7c28df01e0&price_drop=not_apply,"Departamento en venta | Departamento En Venta En Residencial Zacatenco, Gustavo A. Madero, Cdmex | MXN | 3,900,000 | 2 recámaras | 1 baño | 115 m² construidos | Matagalpa 1029 Depto 5, Zacatenco, Gustavo A. Madero, Distrito Federal"
,"MXN3,900,000",,,,,https://departamento.mercadolibre.com.mx/MLM-2756053045-venta-departamento-2-ambientes-residencial-zacatenco-_JM#polycard_client=search-desktop&be_origin=backend&search_layout=grid&position=16&type=item&tracking_id=813640cc-0930-4ceb-985b-7b7c28df01e0&price_drop=not_apply,"Departamento en venta | Venta Departamento 2 Ambientes Residencial Zacatenco | IAD México | MXN | 3,900,000 | 2 recámaras | 2 baños | 74 m² construidos | Cienfuegos, 1166, Residencial Zacatenco, Gustavo A. Madero, Distrito Federal"
,"MXN9,450,000",,,,,https://casa.mercadolibre.com.mx/MLM-4990219650-casa-en-venta-en-residencial-la-escalera-gustavo-a-madero-cdmx-_JM#polycard_client=search-desktop&be_origin=backend&search_layout=grid&position=17&type=item&tracking_id=813640cc-0930-4ceb-985b-7b7c28df01e0&price_drop=not_apply,"Casa en venta | Casa En Venta En Residencial La Escalera, Gustavo A. Madero, Cdmx | MXN | 9,450,000 | 5 recámaras | 4 baños | 369 m² construidos | Arroyo De Los Ahuehuetes, Residencial Zacatenco, Gustavo A. Madero, Distrito Federal"
,"MXN1,490,000",,,,,https://departamento.mercadolibre.com.mx/MLM-5187539226-venta-departamentos-7-de-noviembre-t-df0219-0096-_JM#polycard_client=search-desktop&be_origin=backend&search_layout=grid&position=18&type=item&tracking_id=813640cc-0930-4ceb-985b-7b7c28df01e0&price_drop=not_apply,"Departamento en venta | Venta Departamentos 7 De Noviembre T-df0219-0096 | MXN | 1,490,000 | 3 recámaras | 1 baño | 64 m² construidos | MELLADO, 7 De Noviembre, Gustavo A. Madero, Distrito Federal"
,"MXN7,990,000",,,,,https://inmueble.mercadolibre.com.mx/MLM-2785486429-local-con-bodega-en-venta-elevador-interno-3-niveles-_JM#polycard_client=search-desktop&be_origin=backend&search_layout=grid&position=19&type=item&tracking_id=813640cc-0930-4ceb-985b-7b7c28df01e0&price_drop=not_apply,"Local comercial en venta | Local Con Bodega En Venta, Elevador Interno, 3 Niveles. | MXN | 7,990,000 | 1 baño | 360 m² construidos | San Bartolo Atepehuacan, Gustavo A. Madero, Distrito Federal"
,"MXN11,000,000",,,,,https://inmueble.mercadolibre.com.mx/MLM-2738915849-venta-edificios-guadalupe-tepeyac-t-df0219-0084-_JM#polycard_client=search-desktop&be_origin=backend&search_layout=grid&position=20&type=item&tracking_id=813640cc-0930-4ceb-985b-7b7c28df01e0&price_drop=false,"Edificio en venta | Venta Edificios Guadalupe Tepeyac T-df0219-0084 | MXN | 11,000,000 | 502 m² construidos | AV NOE, Guadalupe Tepeyac, Gustavo A. Madero, Distrito Federal"
,"MXN2,950,000",,,,,https://departamento.mercadolibre.com.mx/MLM-2811217889-departamento-en-venta-colonia-nueva-vallejo-gustavo-a-madero-cdmx-_JM#polycard_client=search-desktop&be_origin=backend&search_layout=grid&position=21&type=item&tracking_id=813640cc-0930-4ceb-985b-7b7c28df01e0&price_drop=not_apply,"Departamento en venta | Departamento En Venta, Colonia Nueva Vallejo, Gustavo A. Madero, Cdmx | MXN | 2,950,000 | 2 recámaras | 1 baño | 59 m² construidos | Calzada Vallejo, Nueva Vallejo, Gustavo A. Madero, Distrito Federal"
,"MXN45,000,000",,,,,https://inmueble.mercadolibre.com.mx/MLM-5378446482-edificio-en-venta-guadalupe-tepeyac-_JM#polycard_client=search-desktop&float_highlight=recent_publication&price_drop=not_apply&be_origin=backend&search_layout=grid&position=22&type=item&tracking_id=813640cc-0930-4ceb-985b-7b7c28df01e0,"PUBLICADO ESTA SEMANA | Edificio en venta | Edificio En Venta,  Guadalupe Tepeyac | MXN | 45,000,000 | 1,961 m² construidos | Calz De Guadalupe, Guadalupe Tepeyac, Gustavo A. Madero, Distrito Federal"
,"MXN2,535,000",,,,,https://departamento.mercadolibre.com.mx/MLM-2855931119-departamento-en-venta-en-vallejo-gustavo-a-madero-ciudad-de-mexico-_JM#polycard_client=search-desktop&be_origin=backend&search_layout=grid&position=23&type=item&tracking_id=813640cc-0930-4ceb-985b-7b7c28df01e0&price_drop=not_apply,"Departamento en venta | Departamento En Venta En  Vallejo, Gustavo A. Madero, Ciudad De México. | MXN | 2,535,000 | 2 recámaras | 1 baño | 63 m² construidos | Caruso 321, Industrial Vallejo, Gustavo A. Madero, Distrito Federal"
,"MXN3,907,700",,,,,https://departamento.mercadolibre.com.mx/MLM-2841853931-panorama-lindavista-_JM#polycard_client=search-desktop&be_origin=backend&search_layout=grid&position=24&type=item&tracking_id=813640cc-0930-4ceb-985b-7b7c28df01e0&price_drop=not_apply,"Departamento en venta | Panorama Lindavista | MXN | 3,907,700 | 2 recámaras | 1 baño | 65 m² construidos | Avenida Instituto Politécnico Nacional, Colonia Lindavista Sur, Gustavo A. Madero, Distrito Federal"
,"MXN14,000,000",,,,,https://inmueble.mercadolibre.com.mx/MLM-2765679467-venta-edificios-industrial-t-df0219-0087-_JM#polycard_client=search-desktop&be_origin=backend&search_layout=grid&position=25&type=item&tracking_id=813640cc-0930-4ceb-985b-7b7c28df01e0&price_drop=not_apply,"Edificio en venta | Venta Edificios Industrial T-df0219-0087 | MXN | 14,000,000 | 645 m² construidos | EXCELSIOR, Industrial, Gustavo A. Madero, Distrito Federal"
,"MXN2,432,700",,,,,https://departamento.mercadolibre.com.mx/MLM-5263949014-departamento-en-venta-ubicado-san-juan-de-aragon-iii-gustavo-a-madero-cdmx-_JM#polycard_client=search-desktop&be_origin=backend&search_layout=grid&position=26&type=item&tracking_id=813640cc-0930-4ceb-985b-7b7c28df01e0&price_drop=not_apply,"Departamento en venta | Departamento En Venta Ubicado San Juan De Aragon Iii Gustavo A Madero Cdmx | MXN | 2,432,700 | 3 recámaras | 1 baño | 77 m² construidos | Ampliación San Juan De Aragón, Gustavo A. Madero, Distrito Federal"
,"MXN1,570,000",,,,,https://departamento.mercadolibre.com.mx/MLM-5179144778-venta-departamento-2-ambientes-santa-rosa-_JM#polycard_client=search-desktop&be_origin=backend&search_layout=grid&position=27&type=item&tracking_id=813640cc-0930-4ceb-985b-7b7c28df01e0&price_drop=not_apply,"Departamento en venta | Venta Departamento 2 Ambientes Santa Rosa | IAD México | MXN | 1,570,000 | 2 recámaras | 2 baños | 47 m² construidos | OPALO, S/N, Santa Rosa, Gustavo A. Madero, Distrito Federal"
,"MXN17,700,000",,,,,https://casa.mercadolibre.com.mx/MLM-5204850984-casa-en-fraccionamiento-en-club-de-golf-mexico-tlalpan-ciudad-de-mexico-ims-1328-fr-_JM#polycard_client=search-desktop&be_origin=backend&search_layout=grid&position=28&type=item&tracking_id=813640cc-0930-4ceb-985b-7b7c28df01e0&price_drop=not_apply,"Casa en venta | Casa En Fraccionamiento En Club De Golf México, Tlalpan, Ciudad De México - Ims-1328-fr | MXN | 17,700,000 | 3 recámaras | 4 baños | 355 m² construidos | Gta. Sur 64, San Buenaventura, Tlalpan, 14620 Ciudad De México, CDMX, México, Gustavo A. Madero, Distrito Federal"
,"MXN2,490,000",,,,,https://departamento.mercadolibre.com.mx/MLM-5309688794-venta-departamentos-industrial-t-df0215-0103-_JM#polycard_client=search-desktop&be_origin=backend&search_layout=grid&position=29&type=item&tracking_id=813640cc-0930-4ceb-985b-7b7c28df01e0&price_drop=not_apply,"Departamento en venta | Venta Departamentos Industrial T-df0215-0103 | MXN | 2,490,000 | 2 recámaras | 1 baño | 55 m² construidos | AV HUASTECA, Industrial, Gustavo A. Madero, Distrito Federal"
,"MXN16,800,000",,,,,https://inmueble.mercadolibre.com.mx/MLM-5022578432-venta-de-edificio-para-clinica-_JM#polycard_client=search-desktop&be_origin=backend&search_layout=grid&position=30&type=item&tracking_id=813640cc-0930-4ceb-985b-7b7c28df01e0&price_drop=not_apply,"Edificio en venta | Venta De Edificio Para Clínica | MXN | 16,800,000 | 6 baños | 590 m² construidos | Asperon 6240, Aragón Inguaran, Gustavo A. Madero, Distrito Federal"
,"MXN9,900,000",,,,,https://casa.mercadolibre.com.mx/MLM-4473944872-se-vende-casa-con-restaurante-de-mariscos-y-departamento-en-col-faja-de-oro-gustavo-a-madero-_JM#polycard_client=search-desktop&be_origin=backend&search_layout=grid&position=31&type=item&tracking_id=813640cc-0930-4ceb-985b-7b7c28df01e0&price_drop=not_apply,"Casa en venta | Se Vende Casa Con Restaurante De Mariscos Y Departamento En Col. Faja De Oro, Gustavo A. Madero | MXN | 9,900,000 | 2 recámaras | 1 baño | 450 m² construidos | Norte 74-A, Faja De Oro, Gustavo A. Madero, Distrito Federal"
,"MXN4,713,900",,,,,https://departamento.mercadolibre.com.mx/MLM-2745693235-departamento-en-venta-en-lindavista-gustavo-madero-jl-25-660-_JM#polycard_client=search-desktop&be_origin=backend&search_layout=grid&position=32&type=item&tracking_id=813640cc-0930-4ceb-985b-7b7c28df01e0&price_drop=not_apply,"Departamento en venta | Departamento En Venta En Lindavista, Gustavo Madero Jl 25-660. | MXN | 4,713,900 | 2 recámaras | 2 baños | 71 m² construidos | Gustavo Madero, Lindavista, Gustavo A. Madero, Distrito Federal"
,"MXN4,100,000",,,,,https://inmueble.mercadolibre.com.mx/MLM-2691654883-edificio-habitacional-en-venta-panamericana-gustavo-a-madero-cdmx-_JM#polycard_client=search-desktop&be_origin=backend&search_layout=grid&position=33&type=item&tracking_id=813640cc-0930-4ceb-985b-7b7c28df01e0&price_drop=not_apply,"Edificio en venta | Edificio Habitacional En Venta, Panamericana, Gustavo A. Madero, Cdmx | MXN | 4,100,000 | 5 baños | 352 m² construidos | Ampliación Panamericana, Gustavo A. Madero, Distrito Federal"
,"MXN16,800,000",,,,,https://inmueble.mercadolibre.com.mx/MLM-2760683007-venta-de-edificio-para-clinica-_JM#polycard_client=search-desktop&be_origin=backend&search_layout=grid&position=34&type=item&tracking_id=813640cc-0930-4ceb-985b-7b7c28df01e0&price_drop=not_apply,"Edificio en venta | Venta De Edificio Para Clínica | MXN | 16,800,000 | 6 baños | 590 m² construidos | Asperon 6240, Aragón Inguaran, Gustavo A. Madero, Distrito Federal"
,"MXN2,711,500",,,,,https://departamento.mercadolibre.com.mx/MLM-5264318106-departamento-en-venta-ubicado-vallejo-gustavo-a-madero-cdmx-_JM#polycard_client=search-desktop&be_origin=backend&search_layout=grid&position=35&type=item&tracking_id=813640cc-0930-4ceb-985b-7b7c28df01e0&price_drop=not_apply,"Departamento en venta | Departamento En Venta Ubicado Vallejo Gustavo A Madero Cdmx | MXN | 2,711,500 | 2 recámaras | 1 baño | 58 m² construidos | Vallejo, Gustavo A. Madero, Distrito Federal"
,"MXN22,000,000",,,,,https://casa.mercadolibre.com.mx/MLM-2945983485-casa-en-venta-en-lindavista-sur-_JM#polycard_client=search-desktop&float_highlight=recent_publication&price_drop=not_apply&be_origin=backend&search_layout=grid&position=36&type=item&tracking_id=813640cc-0930-4ceb-985b-7b7c28df01e0,"PUBLICADO ESTA SEMANA | Casa en venta | Casa En Venta En Lindavista Sur | MXN | 22,000,000 | 6 recámaras | 8 baños | 589 m² construidos | Trujillo, Lindavista Sur, Gustavo A. Madero, Distrito Federal"
,"MXN11,950,000",,,,,https://casa.mercadolibre.com.mx/MLM-2753916801-casa-sola-en-venta-en-residencial-zacatenco-gustavo-a-madero-ciudad-de-mexico-_JM#polycard_client=search-desktop&be_origin=backend&search_layout=grid&position=37&type=item&tracking_id=813640cc-0930-4ceb-985b-7b7c28df01e0&price_drop=not_apply,"Casa en venta | Casa Sola En Venta En Residencial Zacatenco, Gustavo A. Madero, Ciudad De México | MXN | 11,950,000 | 6 recámaras | 4 baños | 560 m² construidos | Salaverry, Residencial Zacatenco, Gustavo A. Madero, Distrito Federal"
,"MXN6,400,000",,,,,https://casa.mercadolibre.com.mx/MLM-5204814728-casa-sola-en-lomas-de-las-aguilas-alvaro-obregon-ciudad-de-mexico-task-9-cs-_JM#polycard_client=search-desktop&be_origin=backend&search_layout=grid&position=38&type=item&tracking_id=813640cc-0930-4ceb-985b-7b7c28df01e0&price_drop=not_apply,"Casa en venta | Casa Sola En Lomas De Las Águilas, Álvaro Obregón, Ciudad De México - Task-9-cs | MXN | 6,400,000 | 3 recámaras | 3 baños | 165 m² construidos | 01730 Ciudad De México, CDMX, México, Gustavo A. Madero, Distrito Federal"
,"MXN2,031,105",,,,,https://departamento.mercadolibre.com.mx/MLM-2945581313-departamentos-nuevos-en-gam-preventa-con-gran-plusvalia-y-facilidades-de-pago-_JM#polycard_client=search-desktop&be_origin=backend&search_layout=grid&position=39&type=item&tracking_id=813640cc-0930-4ceb-985b-7b7c28df01e0&price_drop=not_apply,"Departamento en venta | Departamentos Nuevos En Gam Preventa Con Gran Plusvalía Y Facilidades De Pago | MXN | 2,031,105 | 2 recámaras | 1 baño | 45 m² construidos | Union 134, Industrial, Gustavo A. Madero, Distrito Federal"
,"MXN950,000",,,,,https://inmueble.mercadolibre.com.mx/MLM-2794935583-se-vende-y-traspasa-con-mercancia-local-en-col-industrial-gam-cdmx-_JM#polycard_client=search-desktop&be_origin=backend&search_layout=grid&position=40&type=item&tracking_id=813640cc-0930-4ceb-985b-7b7c28df01e0&price_drop=not_apply,"Local comercial en venta | Se Vende Y Traspasa Con Mercancia Local  En Col. Industrial, Gam, Cdmx | MXN | 950,000 | 7 m² construidos | La Constancia 45, Estrella, Gustavo A. Madero, Distrito Federal"
,"MXN2,172,400",,,,,https://departamento.mercadolibre.com.mx/MLM-2678832833--venta-departamento-luis-de-la-rosa-constitucion-de-la-republica-_JM#polycard_client=search-desktop&be_origin=backend&search_layout=grid&position=41&type=item&tracking_id=813640cc-0930-4ceb-985b-7b7c28df01e0&price_drop=not_apply,"Departamento en venta | * Venta Departamento Luis De La Rosa, Constitución De La República | MXN | 2,172,400 | 2 recámaras | 1 baño | 51 m² construidos | Constitución De La República, Gustavo A. Madero, Distrito Federal"
,"MXN22,800,000",,,,,https://casa.mercadolibre.com.mx/MLM-2945983253-casa-en-venta-coquimbo-lindavista-_JM#polycard_client=search-desktop&float_highlight=recent_publication&price_drop=not_apply&be_origin=backend&search_layout=grid&position=42&type=item&tracking_id=813640cc-0930-4ceb-985b-7b7c28df01e0,"PUBLICADO ESTA SEMANA | Casa en venta | Casa, En Venta, Coquimbo, Lindavista | MXN | 22,800,000 | 5 recámaras | 2 baños | 750 m² construidos | Coquimbo, Lindavista, Gustavo A. Madero, Distrito Federal"
,"MXN2,600,000",,,,,https://departamento.mercadolibre.com.mx/MLM-4826755548-venta-departamentos-san-juan-de-aragon-iv-seccion-t-df0181-0221-_JM#polycard_client=search-desktop&be_origin=backend&search_layout=grid&position=43&type=item&tracking_id=813640cc-0930-4ceb-985b-7b7c28df01e0&price_drop=not_apply,"Departamento en venta | Venta Departamentos San Juan De Aragon Iv Seccion T-df0181-0221 | MXN | 2,600,000 | 3 recámaras | 2 baños | 87 m² construidos | AV. 661, San Juan De Aragón IV Sección, Gustavo A. Madero, Distrito Federal"
,"MXN14,000,000",,,,,https://casa.mercadolibre.com.mx/MLM-4766313660-venta-casas-estrella-t-df0207-0097-_JM#polycard_client=search-desktop&be_origin=backend&search_layout=grid&position=44&type=item&tracking_id=813640cc-0930-4ceb-985b-7b7c28df01e0&price_drop=not_apply,"Casa en venta | Venta Casas Estrella T-df0207-0097 | MXN | 14,000,000 | 5 recámaras | 3 baños | 400 m² construidos | JOYAS, Estrella, Gustavo A. Madero, Distrito Federal"
,"MXN11,900,000",,,,,https://departamento.mercadolibre.com.mx/MLM-5204827702-departamento-en-bosques-de-las-lomas-cuajimalpa-de-morelos-ciudad-de-mexico-task-15-de-_JM#polycard_client=search-desktop&be_origin=backend&search_layout=grid&position=45&type=item&tracking_id=813640cc-0930-4ceb-985b-7b7c28df01e0&price_drop=not_apply,"Departamento en venta | Departamento En Bosques De Las Lomas, Cuajimalpa De Morelos, Ciudad De México - Task-15-de | MXN | 11,900,000 | 3 recámaras | 4 baños | 290 m² construidos | Ciudad De México, CDMX, México, Gustavo A. Madero, Distrito Federal"
,"MXN16,800,000",,,,,https://inmueble.mercadolibre.com.mx/MLM-5030314814-venta-de-edificio-para-clinica-_JM#polycard_client=search-desktop&be_origin=backend&search_layout=grid&position=46&type=item&tracking_id=813640cc-0930-4ceb-985b-7b7c28df01e0&price_drop=not_apply,"Edificio en venta | Venta De Edificio Para Clínica | MXN | 16,800,000 | 6 baños | 590 m² construidos | Asperon 6240, Aragón Inguaran, Gustavo A. Madero, Distrito Federal"
,"MXN4,500,000",,,,,https://casa.mercadolibre.com.mx/MLM-2557023961-casa-en-venta-en-santa-rosa-_JM#polycard_client=search-desktop&be_origin=backend&search_layout=grid&position=47&type=item&tracking_id=813640cc-0930-4ceb-985b-7b7c28df01e0&price_drop=not_apply,"Casa en venta | Casa En Venta En Santa Rosa | MXN | 4,500,000 | 4 recámaras | 2 baños | 189 m² construidos | Calle 16-a, Santa Rosa, Ciudad De México, Santa Rosa, Gustavo A. Madero, Distrito Federal"
,"MXN1,980,000",,,,,https://departamento.mercadolibre.com.mx/MLM-2945238141-venta-departamentos-nueva-industrial-vallejo-t-df0257-0013-_JM#polycard_client=search-desktop&be_origin=backend&search_layout=grid&position=48&type=item&tracking_id=813640cc-0930-4ceb-985b-7b7c28df01e0&price_drop=not_apply,"Departamento en venta | Venta Departamentos Nueva Industrial Vallejo T-df0257-0013 | MXN | 1,980,000 | 2 recámaras | 1 baño | 53 m² construidos | PTE. 152, Nueva Industrial Vallejo, Gustavo A. Madero, Distrito Federal"
,"MXN2,100,001",,,,,https://departamento.mercadolibre.com.mx/MLM-2748319049-departamento-en-venta-en-panamericana-gustavo-a-madero-ciudad-de-mexico-_JM#polycard_client=search-desktop&be_origin=backend&search_layout=grid&position=1&type=item&tracking_id=b1561ea8-78ee-412f-a1a3-0c608646dd26&price_drop=not_apply,"Departamento en venta | Departamento En Venta En Panamericana, Gustavo A. Madero, Ciudad De México | MXN | 2,100,001 | 2 recámaras | 1 baño | 46 m² construidos | Calle Norte 7 A, Panamericana, Gustavo A. Madero, Distrito Federal"
,"MXN6,950,000",,,,,https://departamento.mercadolibre.com.mx/MLM-5153088856-departamento-en-venta-en-torres-lindavista-_JM#polycard_client=search-desktop&be_origin=backend&search_layout=grid&position=2&type=item&tracking_id=b1561ea8-78ee-412f-a1a3-0c608646dd26&price_drop=not_apply,"Departamento en venta | Departamento En Venta En Torres Lindavista | MXN | 6,950,000 | 4 recámaras | 3 baños | 195 m² construidos | Avenida Miguel Othón De Mendizábal Oriente 456, Torres Lindavista, Gustavo A. Madero, Distrito Federal"
,"MXN40,000,000",,,,,https://inmueble.mercadolibre.com.mx/MLM-4255844034-bodega-venta-esq-congreso-de-la-union-oriente-171-ibv619535-_JM#polycard_client=search-desktop&be_origin=backend&search_layout=grid&position=3&type=item&tracking_id=b1561ea8-78ee-412f-a1a3-0c608646dd26&price_drop=not_apply,"Bodega en venta | Bodega Venta Esq. Congreso De La Unión, Oriente 171, Ibv619535 | MXN | 40,000,000 | 1,950 m² construidos | Ampliación San Juan De Aragón, Gustavo A. Madero, Distrito Federal"
,"MXN11,000,000",,,,,https://casa.mercadolibre.com.mx/MLM-5352890362-venta-casas-planetario-lindavista-t-df0217-0105-_JM#polycard_client=search-desktop&be_origin=backend&search_layout=grid&position=4&type=item&tracking_id=b1561ea8-78ee-412f-a1a3-0c608646dd26&price_drop=not_apply,"Casa en venta | Venta Casas Planetario Lindavista T-df0217-0105 | MXN | 11,000,000 | 4 recámaras | 4 baños | 220 m² construidos | LINDAVISTA, Planetario Lindavista, Gustavo A. Madero, Distrito Federal"
,"MXN4,300,000",,,,,https://casa.mercadolibre.com.mx/MLM-5204105474-venta-casas-residencial-zacatenco-t-df0085-0608-_JM#polycard_client=search-desktop&be_origin=backend&search_layout=grid&position=5&type=item&tracking_id=b1561ea8-78ee-412f-a1a3-0c608646dd26&price_drop=not_apply,"Casa en venta | Venta Casas Residencial Zacatenco T-df0085-0608 | MXN | 4,300,000 | 5 recámaras | 3 baños | 200 m² construidos | BRASILIA, Residencial Zacatenco, Gustavo A. Madero, Distrito Federal"
,"MXN1,597,133",,,,,https://departamento.mercadolibre.com.mx/MLM-2899153633-departamento-en-venta-ubicado-en-el-arbolillo-2-gustavo-a-madero-cdmx-_JM#polycard_client=search-desktop&be_origin=backend&search_layout=grid&position=6&type=item&tracking_id=b1561ea8-78ee-412f-a1a3-0c608646dd26&price_drop=not_apply,"Departamento en venta | Departamento En Venta Ubicado En El Arbolillo 2 Gustavo A. Madero Cdmx | MXN | 1,597,133 | 2 recámaras | 1 baño | 52 m² construidos | El Arbolillo II CROC, Gustavo A. Madero, Distrito Federal"
,"MXN9,200,000",,,,,https://casa.mercadolibre.com.mx/MLM-2940610215-casa-con-3-recamaras-en-venta-de-115-m2-superficie-de-terreno-en-lindavista-norte-_JM#polycard_client=search-desktop&be_origin=backend&search_layout=grid&position=7&type=item&tracking_id=b1561ea8-78ee-412f-a1a3-0c608646dd26&price_drop=not_apply,"Casa en venta | Casa Con 3 Recámaras En Venta De 115 M2 Superficie De Terreno En Lindavista Norte | MXN | 9,200,000 | 3 recámaras | 3 baños | 300 m² construidos | Pernambuco, Ciudad De México, Colonia Lindavista Norte, Gustavo A. Madero, Distrito Federal"
,"MXN8,690,000",,,,,https://casa.mercadolibre.com.mx/MLM-5326342068-casa-en-venta-en-zacatenco-gustavo-a-madero-_JM#polycard_client=search-desktop&be_origin=backend&search_layout=grid&position=8&type=item&tracking_id=b1561ea8-78ee-412f-a1a3-0c608646dd26&price_drop=not_apply,"Casa en venta | Casa En Venta En Zacatenco, Gustavo A. Madero | MXN | 8,690,000 | 9 recámaras | 5 baños | 168 m² construidos | San Pedro Zacatenco, Gustavo A. Madero, Distrito Federal"
,"MXN4,100,000",,,,,https://inmueble.mercadolibre.com.mx/MLM-5022809608-edificio-habitacional-en-venta-panamericana-gustavo-a-madero-cdmx-_JM#polycard_client=search-desktop&be_origin=backend&search_layout=grid&position=9&type=item&tracking_id=b1561ea8-78ee-412f-a1a3-0c608646dd26&price_drop=not_apply,"Edificio en venta | Edificio Habitacional En Venta, Panamericana, Gustavo A. Madero, Cdmx | MXN | 4,100,000 | 5 baños | 352 m² construidos | Ampliación Panamericana, Gustavo A. Madero, Distrito Federal"
,"MXN3,820,000",,,,,https://departamento.mercadolibre.com.mx/MLM-5328321062-departamento-en-venta-en-lindavista-norte-gustavo-a-madero-ciudad-de-mexico-_JM#polycard_client=search-desktop&be_origin=backend&search_layout=grid&position=10&type=item&tracking_id=b1561ea8-78ee-412f-a1a3-0c608646dd26&price_drop=not_apply,"Departamento en venta | Departamento En Venta En Lindavista Norte, Gustavo A. Madero, Ciudad De México | MXN | 3,820,000 | 2 recámaras | 2 baños | 63 m² construidos | AV INSURGENTES NTE, Lindavista Norte, Gustavo A. Madero, Distrito Federal"
,"MXN7,500,000",,,,,https://departamento.mercadolibre.com.mx/MLM-2872474451-departamento-en-san-jose-insurgentes-benito-juarez-ciudad-de-mexico-ims-1303-de-_JM#polycard_client=search-desktop&be_origin=backend&search_layout=grid&position=11&type=item&tracking_id=b1561ea8-78ee-412f-a1a3-0c608646dd26&price_drop=not_apply,"Departamento en venta | Departamento En San José Insurgentes, Benito Juárez, Ciudad De México - Ims-1303-de | MXN | 7,500,000 | 3 recámaras | 2 baños | 177 m² construidos | 03900 Ciudad De México, CDMX, México, Gustavo A. Madero, Distrito Federal"
,"MXN22,000,000",,,,,https://inmueble.mercadolibre.com.mx/MLM-4671663830-edificio-comercial-calzada-de-guadalupe-colonia-industrial-gustavo-a-madero-_JM#polycard_client=search-desktop&be_origin=backend&search_layout=grid&position=12&type=item&tracking_id=b1561ea8-78ee-412f-a1a3-0c608646dd26&price_drop=not_apply,"Edificio en venta | Edificio Comercial Calzada De Guadalupe Colonia Industrial, Gustavo A Madero | MXN | 22,000,000 | 1 baño | 670 m² construidos | Calzada De Guadalupe 318, Vallejo, Gustavo A. Madero, Distrito Federal"
,"MXN4,950,000",,,,,https://casa.mercadolibre.com.mx/MLM-5030538234-casa-en-venta-jorge-negrete-gustavo-a-madero-cdmx-_JM#polycard_client=search-desktop&be_origin=backend&search_layout=grid&position=13&type=item&tracking_id=b1561ea8-78ee-412f-a1a3-0c608646dd26&price_drop=not_apply,"Casa en venta | Casa En Venta, Jorge Negrete, Gustavo A. Madero, Cdmx. | MXN | 4,950,000 | 5 recámaras | 3 baños | 203 m² construidos | Pedro Armendariz, Jorge Negrete, Gustavo A. Madero, Distrito Federal"
,"MXN4,713,900",,,,,https://departamento.mercadolibre.com.mx/MLM-2746291943-departamento-en-venta-en-gustavo-madero-lindavista-am-25-660-_JM#polycard_client=search-desktop&be_origin=backend&search_layout=grid&position=14&type=item&tracking_id=b1561ea8-78ee-412f-a1a3-0c608646dd26&price_drop=not_apply,"Departamento en venta | Departamento En  Venta En Gustavo Madero, Lindavista Am. 25-660 | MXN | 4,713,900 | 2 recámaras | 2 baños | 100 m² construidos | Gustavo Madero, Gustavo A. Madero, Distrito Federal"
,"MXN2,900,000",,,,,https://departamento.mercadolibre.com.mx/MLM-4819202890-departamento-en-venta-en-gustavo-maderonueva-industrial-vallejo-af-24-4517-_JM#polycard_client=search-desktop&be_origin=backend&search_layout=grid&position=15&type=item&tracking_id=b1561ea8-78ee-412f-a1a3-0c608646dd26&price_drop=not_apply,"Departamento en venta | Departamento En Venta En Gustavo Madero,nueva Industrial Vallejo Af 24-4517. | MXN | 2,900,000 | 2 recámaras | 2 baños | 60 m² construidos | Nueva Industrial Vallejo, Nueva Industrial Vallejo, Gustavo A. Madero, Distrito Federal"
,"MXN22,000,000",,,,,https://inmueble.mercadolibre.com.mx/MLM-2794952693-edificio-comercial-calzada-de-guadalupe-colonia-industrial-gustavo-a-madero-_JM#polycard_client=search-desktop&be_origin=backend&search_layout=grid&position=16&type=item&tracking_id=b1561ea8-78ee-412f-a1a3-0c608646dd26&price_drop=not_apply,"Edificio en venta | Edificio Comercial Calzada De Guadalupe Colonia Industrial, Gustavo A Madero | MXN | 22,000,000 | 1 baño | 670 m² construidos | Calzada De Guadalupe 318, Vallejo, Gustavo A. Madero, Distrito Federal"
,"MXN8,341,500",,,,,https://departamento.mercadolibre.com.mx/MLM-2921389331-departamento-en-venta-en-insurgentes-norte-magdalena-de-las-salinas-_JM#polycard_client=search-desktop&be_origin=backend&search_layout=grid&position=17&type=item&tracking_id=b1561ea8-78ee-412f-a1a3-0c608646dd26&price_drop=not_apply,"Departamento en venta | Departamento En  Venta En Insurgentes Norte, Magdalena De Las Salinas | MXN | 8,341,500 | 2 recámaras | 2 baños | 100 m² construidos | Insurgentes Norte 1346, Magdalena De Las Salinas, Gustavo A. Madero, Distrito Federal"
,"MXN2,600,000",,,,,https://departamento.mercadolibre.com.mx/MLM-2782089825-venta-departamentos-san-bartolo-atepehuacan-t-df0217-0086-_JM#polycard_client=search-desktop&be_origin=backend&search_layout=grid&position=18&type=item&tracking_id=b1561ea8-78ee-412f-a1a3-0c608646dd26&price_drop=not_apply,"Departamento en venta | Venta Departamentos San Bartolo Atepehuacan T-df0217-0086 | MXN | 2,600,000 | 2 recámaras | 2 baños | 92 m² construidos | AV. PERLILLAR, San Bartolo Atepehuacan, Gustavo A. Madero, Distrito Federal"
,"MXN4,534,800",,,,,https://departamento.mercadolibre.com.mx/MLM-4824038116-departamento-en-venta-en-lindavista-norte-_JM#polycard_client=search-desktop&be_origin=backend&search_layout=grid&position=19&type=item&tracking_id=b1561ea8-78ee-412f-a1a3-0c608646dd26&price_drop=not_apply,"Departamento en venta | Departamento En Venta En Lindavista Norte | IAD México | MXN | 4,534,800 | 2 recámaras | 2 baños | 65 m² construidos | Av. Instituto Politécnico Nacional. Reforma, 32056, Lindavista Norte, Gustavo A. Madero, Distrito Federal"
,"MXN48,300,000",,,,,https://terreno.mercadolibre.com.mx/MLM-2946106631-terreno-en-venta-en-industrial-vallejo-_JM#polycard_client=search-desktop&float_highlight=recent_publication&price_drop=not_apply&be_origin=backend&search_layout=grid&position=20&type=item&tracking_id=b1561ea8-78ee-412f-a1a3-0c608646dd26,"PUBLICADO ESTA SEMANA | Terreno en venta | Terreno, En Venta En Industrial Vallejo | MXN | 48,300,000 | 2,500 m² construidos | Schumann, Vallejo, Gustavo A. Madero, Distrito Federal"
,"MXN12,800,000",,,,,https://inmueble.mercadolibre.com.mx/MLM-5324597450-edificio-1186c-3-deptos-1-local-col-nueva-atzacoalcos-_JM#polycard_client=search-desktop&be_origin=backend&search_layout=grid&position=21&type=item&tracking_id=b1561ea8-78ee-412f-a1a3-0c608646dd26&price_drop=false,"Edificio en venta | Edificio 1,186c / 3 Deptos / 1 Local / Col.  Nueva Atzacoalcos | MXN | 12,800,000 | 1,186 m² construidos | Nueva Atzacoalco, Gustavo A. Madero, Distrito Federal"
,"MXN5,250,000",,,,,https://casa.mercadolibre.com.mx/MLM-2867693591-venta-casas-san-juan-de-aragon-i-seccion-t-df0237-0018-_JM#polycard_client=search-desktop&be_origin=backend&search_layout=grid&position=22&type=item&tracking_id=b1561ea8-78ee-412f-a1a3-0c608646dd26&price_drop=not_apply,"Casa en venta | Venta Casas San Juan De Aragon I Seccion T-df0237-0018 | MXN | 5,250,000 | 4 recámaras | 2 baños | 190 m² construidos | AV. 523, San Juan De Aragón I Sección, Gustavo A. Madero, Distrito Federal"
,"MXN2,765,000",,,,,https://departamento.mercadolibre.com.mx/MLM-4660911892-frente-a-mercado-gabriel-hernandez-_JM#polycard_client=search-desktop&be_origin=backend&search_layout=grid&position=23&type=item&tracking_id=b1561ea8-78ee-412f-a1a3-0c608646dd26&price_drop=not_apply,"Departamento en venta | Frente A Mercado Gabriel Hernández | MXN | 2,765,000 | 2 recámaras | 2 baños | 72 m² construidos | Av Centenario 2103, Gabriel Hernández, Gustavo A. Madero, Distrito Federal"
,"MXN3,200,000",,,,,https://departamento.mercadolibre.com.mx/MLM-5326407350-venta-departamentos-vallejo-t-df0219-0101-_JM#polycard_client=search-desktop&be_origin=backend&search_layout=grid&position=24&type=item&tracking_id=b1561ea8-78ee-412f-a1a3-0c608646dd26&price_drop=not_apply,"Departamento en venta | Venta Departamentos Vallejo T-df0219-0101 | MXN | 3,200,000 | 2 recámaras | 1 baño | 87 m² construidos | DVORAK, Vallejo, Gustavo A. Madero, Distrito Federal"
,"MXN2,593,500",,,,,https://departamento.mercadolibre.com.mx/MLM-2855726337-departamento-en-venta-en-schumann-a-unas-cuadras-del-metro-la-raza-_JM#polycard_client=search-desktop&be_origin=backend&search_layout=grid&position=25&type=item&tracking_id=b1561ea8-78ee-412f-a1a3-0c608646dd26&price_drop=not_apply,"Departamento en venta | Departamento En Venta En Schumann, A Unas Cuadras Del Metro La Raza | MXN | 2,593,500 | 2 recámaras | 1 baño | 58 m² construidos | Schumann 117, Vallejo, Ciudad De México, Vallejo, Gustavo A. Madero, Distrito Federal"
,"MXN2,290,000",,,,,https://departamento.mercadolibre.com.mx/MLM-5309650922-venta-departamentos-tepeyac-insurgentes-t-df0215-0102-_JM#polycard_client=search-desktop&be_origin=backend&search_layout=grid&position=26&type=item&tracking_id=b1561ea8-78ee-412f-a1a3-0c608646dd26&price_drop=not_apply,"Departamento en venta | Venta Departamentos Tepeyac Insurgentes T-df0215-0102 | MXN | 2,290,000 | 3 recámaras | 1 baño | 70 m² construidos | DELIBES, Tepeyac Insurgentes, Gustavo A. Madero, Distrito Federal"
,"MXN26,000,000",,,,,https://casa.mercadolibre.com.mx/MLM-5378483322-casa-en-venta-en-lindavista-norte-_JM#polycard_client=search-desktop&float_highlight=recent_publication&price_drop=not_apply&be_origin=backend&search_layout=grid&position=27&type=item&tracking_id=b1561ea8-78ee-412f-a1a3-0c608646dd26,"PUBLICADO ESTA SEMANA | Casa en venta | Casa En Venta En Lindavista Norte | MXN | 26,000,000 | 6 recámaras | 3 baños | 570 m² construidos | Pernambuco, Lindavista Norte, Gustavo A. Madero, Distrito Federal"
,"MXN4,100,000",,,,,https://inmueble.mercadolibre.com.mx/MLM-2781979265-edificio-habitacional-en-venta-panamericana-gustavo-a-madero-cdmx-_JM#polycard_client=search-desktop&be_origin=backend&search_layout=grid&position=28&type=item&tracking_id=b1561ea8-78ee-412f-a1a3-0c608646dd26&price_drop=not_apply,"Edificio en venta | Edificio Habitacional En Venta, Panamericana, Gustavo A. Madero, Cdmx | MXN | 4,100,000 | 5 baños | 352 m² construidos | Ampliación Panamericana, Gustavo A. Madero, Distrito Federal"
,"MXN38,000,000",,,,,https://terreno.mercadolibre.com.mx/MLM-4672105298-terreno-en-venta-en-av-cuautepec-jorge-negrete-gustavo-a-madero-cdmx-_JM#polycard_client=search-desktop&be_origin=backend&search_layout=grid&position=29&type=item&tracking_id=b1561ea8-78ee-412f-a1a3-0c608646dd26&price_drop=not_apply,"Terreno en venta | Terreno En Venta En Av Cuautepec, Jorge Negrete, Gustavo A. Madero, Cdmx | MXN | 38,000,000 | 1,771 m² de terreno | Av Cuautepec 22, Jorge Negrete, Gustavo A. Madero, Distrito Federal"
,"MXN11,000,000",,,,,https://casa.mercadolibre.com.mx/MLM-4755993928-venta-casa-4-ambientes-lindavista-sur-_JM#polycard_client=search-desktop&be_origin=backend&search_layout=grid&position=30&type=item&tracking_id=b1561ea8-78ee-412f-a1a3-0c608646dd26&price_drop=not_apply,"Casa en venta | Venta Casa 4 Ambientes Lindavista Sur | IAD México | MXN | 11,000,000 | 4 recámaras | 3 baños | 236 m² construidos | Puno, 772, Lindavista Sur, Gustavo A. Madero, Distrito Federal"
,"MXN2,200,000",,,,,https://terreno.mercadolibre.com.mx/MLM-5378443780-terreno-en-venta-en-ampliacion-progreso-nacional-_JM#polycard_client=search-desktop&float_highlight=recent_publication&price_drop=not_apply&be_origin=backend&search_layout=grid&position=31&type=item&tracking_id=b1561ea8-78ee-412f-a1a3-0c608646dd26,"PUBLICADO ESTA SEMANA | Terreno en venta | Terreno En Venta En Ampliación Progreso Nacional | MXN | 2,200,000 | 100 m² construidos | Calle 13, Ampliación Progreso Nacional, Gustavo A. Madero, Distrito Federal"
,"MXN4,667,400",,,,,https://departamento.mercadolibre.com.mx/MLM-2745718733-departamento-en-venta-en-lindavista-gustavo-madero-jl-25-661-_JM#polycard_client=search-desktop&be_origin=backend&search_layout=grid&position=32&type=item&tracking_id=b1561ea8-78ee-412f-a1a3-0c608646dd26&price_drop=not_apply,"Departamento en venta | Departamento En Venta En Lindavista, Gustavo Madero Jl 25-661. | MXN | 4,667,400 | 2 recámaras | 2 baños | 65 m² construidos | Gustavo Madero ,lindavista, Gustavo A. Madero, Distrito Federal"
,"MXN4,100,000",,,,,https://inmueble.mercadolibre.com.mx/MLM-2798118075-edificio-habitacional-en-venta-panamericana-gustavo-a-madero-cdmx-_JM#polycard_client=search-desktop&be_origin=backend&search_layout=grid&position=33&type=item&tracking_id=b1561ea8-78ee-412f-a1a3-0c608646dd26&price_drop=not_apply,"Edificio en venta | Edificio Habitacional En Venta, Panamericana, Gustavo A. Madero, Cdmx | MXN | 4,100,000 | 5 baños | 352 m² construidos | Ampliación Panamericana, Gustavo A. Madero, Distrito Federal"
,"MXN4,800,000",,,,,https://terreno.mercadolibre.com.mx/MLM-2798152579-terreno-en-venta-en-san-pedro-zacatenco-gustavo-a-maderocdmx-_JM#polycard_client=search-desktop&be_origin=backend&search_layout=grid&position=34&type=item&tracking_id=b1561ea8-78ee-412f-a1a3-0c608646dd26&price_drop=not_apply,"Terreno en venta | Terreno En Venta En San Pedro Zacatenco, Gustavo A. Madero,cdmx | MXN | 4,800,000 | 275 m² de terreno | Salaverry, San Pedro Zacatenco 135, Residencial Zacatenco, Gustavo A. Madero, Distrito Federal"
,"MXN4,800,000",,,,,https://terreno.mercadolibre.com.mx/MLM-4991613670-terreno-en-venta-en-san-pedro-zacatenco-gustavo-a-maderocdmx-_JM#polycard_client=search-desktop&be_origin=backend&search_layout=grid&position=35&type=item&tracking_id=b1561ea8-78ee-412f-a1a3-0c608646dd26&price_drop=not_apply,"Terreno en venta | Terreno En Venta En San Pedro Zacatenco, Gustavo A. Madero,cdmx | MXN | 4,800,000 | 275 m² de terreno | Salaverry, San Pedro Zacatenco 135, Residencial Zacatenco, Gustavo A. Madero, Distrito Federal"
,"MXN4,100,000",,,,,https://inmueble.mercadolibre.com.mx/MLM-5058127154-edificio-habitacional-en-venta-panamericana-gustavo-a-madero-cdmx-_JM#polycard_client=search-desktop&be_origin=backend&search_layout=grid&position=36&type=item&tracking_id=b1561ea8-78ee-412f-a1a3-0c608646dd26&price_drop=not_apply,"Edificio en venta | Edificio Habitacional En Venta, Panamericana, Gustavo A. Madero, Cdmx | MXN | 4,100,000 | 5 baños | 352 m² construidos | Ampliación Panamericana, Gustavo A. Madero, Distrito Federal"
,"MXN1,690,000",,,,,https://departamento.mercadolibre.com.mx/MLM-5309650946-venta-departamentos-industrial-t-df0215-0100-_JM#polycard_client=search-desktop&be_origin=backend&search_layout=grid&position=37&type=item&tracking_id=b1561ea8-78ee-412f-a1a3-0c608646dd26&price_drop=not_apply,"Departamento en venta | Venta Departamentos Industrial T-df0215-0100 | MXN | 1,690,000 | 2 recámaras | 1 baño | 55 m² construidos | AV. EUZKARO, Industrial, Gustavo A. Madero, Distrito Federal"
,"MXN5,200,000",,,,,https://casa.mercadolibre.com.mx/MLM-5325191398-venta-casas-estrella-t-df0207-0110-_JM#polycard_client=search-desktop&be_origin=backend&search_layout=grid&position=38&type=item&tracking_id=b1561ea8-78ee-412f-a1a3-0c608646dd26&price_drop=not_apply,"Casa en venta | Venta Casas Estrella T-df0207-0110 | MXN | 5,200,000 | 2 recámaras | 1 baño | 129 m² construidos | MALAQUITA, Estrella, Gustavo A. Madero, Distrito Federal"
,"MXN4,794,000",,,,,https://departamento.mercadolibre.com.mx/MLM-2865186093-departamento-en-venta-lindavista-_JM#polycard_client=search-desktop&be_origin=backend&search_layout=grid&position=39&type=item&tracking_id=b1561ea8-78ee-412f-a1a3-0c608646dd26&price_drop=not_apply,"Departamento en venta | Departamento En Venta - Lindavista | MXN | 4,794,000 | 3 recámaras | 2 baños | 125 m² construidos | Residencial Zacatenco, Gustavo A. Madero, Distrito Federal"
,"MXN5,000,000",,,,,https://casa.mercadolibre.com.mx/MLM-5218009446-casa-en-venta-en-san-juan-de-aragon-gam-_JM#polycard_client=search-desktop&be_origin=backend&search_layout=grid&position=40&type=item&tracking_id=b1561ea8-78ee-412f-a1a3-0c608646dd26&price_drop=not_apply,"Casa en venta | Casa En Venta En San Juan De Aragón Gam | MXN | 5,000,000 | 5 recámaras | 2 baños | 240 m² construidos | Av 506, San Juan De Aragón, Gustavo A. Madero, Distrito Federal"
,"MXN15,600,000",,,,,https://inmueble.mercadolibre.com.mx/MLM-5079548630-venta-edificios-siete-maravillas-t-df0213-0057-_JM#polycard_client=search-desktop&be_origin=backend&search_layout=grid&position=41&type=item&tracking_id=b1561ea8-78ee-412f-a1a3-0c608646dd26&price_drop=not_apply,"Edificio en venta | Venta Edificios Siete Maravillas T-df0213-0057 | MXN | 15,600,000 | 500 m² construidos | MIGUEL BERNARD, Siete Maravillas, Gustavo A. Madero, Distrito Federal"
,"MXN4,534,500",,,,,https://departamento.mercadolibre.com.mx/MLM-2745511471-departamento-en-venta-en-lindavistagustavo-madero-jl-25-659-_JM#polycard_client=search-desktop&be_origin=backend&search_layout=grid&position=42&type=item&tracking_id=b1561ea8-78ee-412f-a1a3-0c608646dd26&price_drop=not_apply,"Departamento en venta | Departamento En Venta En Lindavista,gustavo Madero Jl 25-659. | MXN | 4,534,500 | 2 recámaras | 2 baños | 65 m² construidos | Gustavo Madero ,lindavista, Gustavo A. Madero, Distrito Federal"
,"MXN8,500,000",,,,,https://casa.mercadolibre.com.mx/MLM-2945983795-casa-en-venta-en-estrella-_JM#polycard_client=search-desktop&float_highlight=recent_publication&price_drop=not_apply&be_origin=backend&search_layout=grid&position=43&type=item&tracking_id=b1561ea8-78ee-412f-a1a3-0c608646dd26,"PUBLICADO ESTA SEMANA | Casa en venta | Casa En Venta En Estrella | MXN | 8,500,000 | 4 recámaras | 4 baños | 246 m² construidos | Sardonia, Estrella, Gustavo A. Madero, Distrito Federal"
,"MXN3,150,000",,,,,https://departamento.mercadolibre.com.mx/MLM-5352903000-venta-departamentos-san-bartolo-atepehuacan-t-df0217-0111-_JM#polycard_client=search-desktop&be_origin=backend&search_layout=grid&position=44&type=item&tracking_id=b1561ea8-78ee-412f-a1a3-0c608646dd26&price_drop=not_apply,"Departamento en venta | Venta Departamentos San Bartolo Atepehuacan T-df0217-0111 | MXN | 3,150,000 | 3 recámaras | 1 baño | 94 m² construidos | EJE CENTRAL LAZARO CARDENAS, San Bartolo Atepehuacan, Gustavo A. Madero, Distrito Federal"
,"MXN4,300,000",,,,,https://departamento.mercadolibre.com.mx/MLM-2945579453-departamento-nuevo-en-complejo-residencial-de-lindavista-_JM#polycard_client=search-desktop&be_origin=backend&search_layout=grid&position=45&type=item&tracking_id=b1561ea8-78ee-412f-a1a3-0c608646dd26&price_drop=not_apply,"Departamento en venta | Departamento Nuevo En Complejo Residencial De Lindavista | MXN | 4,300,000 | 2 recámaras | 2 baños | 88 m² construidos | CIENFUEGOS, Residencial Zacatenco, Gustavo A. Madero, Distrito Federal"
,"MXN12,749,000",,,,,https://casa.mercadolibre.com.mx/MLM-2821318405-venta-casas-torres-lindavista-t-df0213-0058-_JM#polycard_client=search-desktop&be_origin=backend&search_layout=grid&position=46&type=item&tracking_id=b1561ea8-78ee-412f-a1a3-0c608646dd26&price_drop=not_apply,"Casa en venta | Venta Casas Torres Lindavista T-df0213-0058 | MXN | 12,749,000 | 4 recámaras | 3 baños | 344 m² construidos | PUNTO FIJO, Torres Lindavista, Gustavo A. Madero, Distrito Federal"
,"MXN20,000,000",,,,,https://inmueble.mercadolibre.com.mx/MLM-4676095078-edificio-en-venta-con-rentabilidad-inmediata-10-departamentos-_JM#polycard_client=search-desktop&be_origin=backend&search_layout=grid&position=47&type=item&tracking_id=b1561ea8-78ee-412f-a1a3-0c608646dd26&price_drop=not_apply,"Edificio en venta | Edificio En Venta Con Rentabilidad Inmediata 10 Departamentos | MXN | 20,000,000 | 10 baños | 390 m² construidos | Arequipa 702, Lindavista, Gustavo A. Madero, Distrito Federal"
,"MXN6,600,000",,,,,https://casa.mercadolibre.com.mx/MLM-5331600942-venta-de-casa-_JM#polycard_client=search-desktop&be_origin=backend&search_layout=grid&position=48&type=item&tracking_id=b1561ea8-78ee-412f-a1a3-0c608646dd26&price_drop=not_apply,"Casa en venta | Venta De Casa | MXN | 6,600,000 | 6 recámaras | 4 baños | 460 m² construidos | Progreso Nacional, Progreso Nacional, Gustavo A. Madero, Distrito Federal"
,"MXN5,800,000",,,,,https://casa.mercadolibre.com.mx/MLM-5264337024-casa-en-venta-_JM#polycard_client=search-desktop&be_origin=backend&search_layout=grid&position=1&type=item&tracking_id=ee1d97d8-ad0f-47ed-8cf7-37356cbbb2b3&price_drop=not_apply,"Casa en venta | Casa En Venta | MXN | 5,800,000 | 3 recámaras | 2 baños | 180 m² construidos | Moctezuma 719, Santa Isabel Tola, Gustavo A. Madero, Distrito Federal"
,"MXN246,300,000",,,,,https://inmueble.mercadolibre.com.mx/MLM-2937316673-edificio-en-venta-gustavo-a-madero-col-ampliacion-san-juan-de-aragon-_JM#polycard_client=search-desktop&be_origin=backend&search_layout=grid&position=2&type=item&tracking_id=ee1d97d8-ad0f-47ed-8cf7-37356cbbb2b3&price_drop=not_apply,"Oficina en venta | Edificio En Venta Gustavo A Madero Col Ampliacion San Juan De Aragon | MXN | 246,300,000 | 2,500 m² construidos | Av. Congreso De La Union, San Juan De Aragón, Gustavo A. Madero, Distrito Federal"
,"MXN2,000,000",,,,,https://terreno.mercadolibre.com.mx/MLM-4429961012-terreno-en-venta-gustavo-a-madero-_JM#polycard_client=search-desktop&be_origin=backend&search_layout=grid&position=3&type=item&tracking_id=ee1d97d8-ad0f-47ed-8cf7-37356cbbb2b3&price_drop=not_apply,"Terreno en venta | Terreno En Venta Gustavo A. Madero | MXN | 2,000,000 | 7 m² de terreno | Cuautepec De Madero, Gustavo A. Madero, Distrito Federal"
,"MXN38,000,000",,,,,https://terreno.mercadolibre.com.mx/MLM-2794963313-terreno-en-venta-en-av-cuautepec-jorge-negrete-gustavo-a-madero-cdmx-_JM#polycard_client=search-desktop&be_origin=backend&search_layout=grid&position=4&type=item&tracking_id=ee1d97d8-ad0f-47ed-8cf7-37356cbbb2b3&price_drop=not_apply,"Terreno en venta | Terreno En Venta En Av Cuautepec, Jorge Negrete, Gustavo A. Madero, Cdmx | MXN | 38,000,000 | 1,771 m² de terreno | Av Cuautepec 22, Jorge Negrete, Gustavo A. Madero, Distrito Federal"
,"MXN3,420,000",,,,,https://departamento.mercadolibre.com.mx/MLM-2913887259-departamento-en-venta-en-industrial-gustavo-a-madero-cdmx-_JM#polycard_client=search-desktop&be_origin=backend&search_layout=grid&position=5&type=item&tracking_id=ee1d97d8-ad0f-47ed-8cf7-37356cbbb2b3&price_drop=not_apply,"Departamento en venta | Departamento En Venta En Industrial, Gustavo A. Madero, Cdmx | MXN | 3,420,000 | 2 recámaras | 1 baño | 81 m² construidos | Fundidora De Monterrey, Industrial, Gustavo A. Madero, Distrito Federal"
,"MXN19,800,000",,,,,https://terreno.mercadolibre.com.mx/MLM-5290494834-venta-terreno-uso-mixto-nueva-vallejo-gam-_JM#polycard_client=search-desktop&be_origin=backend&search_layout=grid&position=6&type=item&tracking_id=ee1d97d8-ad0f-47ed-8cf7-37356cbbb2b3&price_drop=not_apply,"Terreno en venta | Venta Terreno Uso Mixto, Nueva Vallejo, Gam | MXN | 19,800,000 | 397 m² de terreno | Nueva Vallejo, Gustavo A. Madero, Distrito Federal"
,"MXN4,000,000",,,,,https://departamento.mercadolibre.com.mx/MLM-2850472015-departamento-en-venta-en-residencial-zacatenco-_JM#polycard_client=search-desktop&be_origin=backend&search_layout=grid&position=7&type=item&tracking_id=ee1d97d8-ad0f-47ed-8cf7-37356cbbb2b3&price_drop=not_apply,"Departamento en venta | Departamento En Venta En Residencial Zacatenco | MXN | 4,000,000 | 2 recámaras | 2 baños | 70 m² construidos | Cienfuegos, Zacatenco, Gustavo A. Madero, Distrito Federal"
,"MXN2,775,000",,,,,https://departamento.mercadolibre.com.mx/MLM-4873946886-departamentos-en-venta-oniquina-col-tres-estrellas-gustavo-a-madero-_JM#polycard_client=search-desktop&be_origin=backend&search_layout=grid&position=8&type=item&tracking_id=ee1d97d8-ad0f-47ed-8cf7-37356cbbb2b3&price_drop=not_apply,"Departamento en venta | Departamentos En Venta Oniquina  Col. Tres Estrellas Gustavo A Madero | MXN | 2,775,000 | 2 recámaras | 1 baño | 72 m² construidos | Tres Estrellas, Gustavo A. Madero, Distrito Federal"
,"MXN1,800,000",,,,,https://departamento.mercadolibre.com.mx/MLM-2848241869-venta-departamentos-vallejo-t-df0236-0046-_JM#polycard_client=search-desktop&be_origin=backend&search_layout=grid&position=9&type=item&tracking_id=ee1d97d8-ad0f-47ed-8cf7-37356cbbb2b3&price_drop=not_apply,"Departamento en venta | Venta Departamentos Vallejo T-df0236-0046 | MXN | 1,800,000 | 2 recámaras | 1 baño | 57 m² construidos | FELIPE VILLANUEVA, Vallejo, Gustavo A. Madero, Distrito Federal"
,"MXN5,100,000",,,,,https://departamento.mercadolibre.com.mx/MLM-2872475067-departamento-en-pedregal-de-carrasco-coyoacan-ciudad-de-mexico-ims-1324-de-_JM#polycard_client=search-desktop&be_origin=backend&search_layout=grid&position=10&type=item&tracking_id=ee1d97d8-ad0f-47ed-8cf7-37356cbbb2b3&price_drop=not_apply,"Departamento en venta | Departamento En Pedregal De Carrasco, Coyoacán, Ciudad De México - Ims-1324-de | MXN | 5,100,000 | 2 recámaras | 2 baños | 88 m² construidos | Ciudad De México, CDMX, México, Gustavo A. Madero, Distrito Federal"
,"MXN2,150,000",,,,,https://departamento.mercadolibre.com.mx/MLM-2865330921-venta-departamentos-guadalupe-tepeyac-t-df0219-0095-_JM#polycard_client=search-desktop&be_origin=backend&search_layout=grid&position=11&type=item&tracking_id=ee1d97d8-ad0f-47ed-8cf7-37356cbbb2b3&price_drop=not_apply,"Departamento en venta | Venta Departamentos Guadalupe Tepeyac T-df0219-0095 | MXN | 2,150,000 | 2 recámaras | 1 baño | 54 m² construidos | AV.HENRY FORD, Guadalupe Tepeyac, Gustavo A. Madero, Distrito Federal"
,"MXN1,350,000",,,,,https://departamento.mercadolibre.com.mx/MLM-5058217478-departamento-en-venta-listo-para-habitar-en-eduardo-molina-2-recs-60m-_JM#polycard_client=search-desktop&be_origin=backend&search_layout=grid&position=12&type=item&tracking_id=ee1d97d8-ad0f-47ed-8cf7-37356cbbb2b3&price_drop=not_apply,"Departamento en venta | Departamento En Venta Listo Para Habitar En Eduardo Molina, 2 Recs 60m² | MXN | 1,350,000 | 2 recámaras | 2 baños | 60 m² construidos | Gustavo A. Madero, Mexico City, Torres De Quiroga, Gustavo A. Madero, Distrito Federal"
,"MXN8,950,000",,,,,https://casa.mercadolibre.com.mx/MLM-5325408520-venta-casas-aragon-la-villa-t-df0207-0109-_JM#polycard_client=search-desktop&be_origin=backend&search_layout=grid&position=13&type=item&tracking_id=ee1d97d8-ad0f-47ed-8cf7-37356cbbb2b3&price_drop=not_apply,"Casa en venta | Venta Casas Aragon La Villa T-df0207-0109 | MXN | 8,950,000 | 8 recámaras | 2 baños | 380 m² construidos | MOCTEZUMA, Aragón La Villa, Gustavo A. Madero, Distrito Federal"
,"MXN13,900,000",,,,,https://casa.mercadolibre.com.mx/MLM-2872487249-casa-en-condominio-en-san-angel-alvaro-obregon-ciudad-de-mexico-ims-1319-cd-_JM#polycard_client=search-desktop&be_origin=backend&search_layout=grid&position=14&type=item&tracking_id=ee1d97d8-ad0f-47ed-8cf7-37356cbbb2b3&price_drop=not_apply,"Casa en venta | Casa En Condominio En San Ángel, Álvaro Obregón, Ciudad De México - Ims-1319-cd | MXN | 13,900,000 | 4 recámaras | 3 baños | 254 m² construidos | Ciudad De México, CDMX, México, Gustavo A. Madero, Distrito Federal"
,"MXN18,100,000",,,,,https://inmueble.mercadolibre.com.mx/MLM-5331517696-edificio-comercial-en-venta-calzada-vallejo-1660-_JM#polycard_client=search-desktop&be_origin=backend&search_layout=grid&position=15&type=item&tracking_id=ee1d97d8-ad0f-47ed-8cf7-37356cbbb2b3&price_drop=not_apply,"Local comercial en venta | Edificio Comercial En Venta Calzada Vallejo 1660 | MXN | 18,100,000 | 712 m² construidos | Calzada Vallejo, 1660, Santa Rosa, Gustavo A. Madero, Distrito Federal"
,"MXN18,100,000",,,,,https://inmueble.mercadolibre.com.mx/MLM-2926204241-edificio-comercial-en-venta-calzada-vallejo-1660-_JM#polycard_client=search-desktop&be_origin=backend&search_layout=grid&position=16&type=item&tracking_id=ee1d97d8-ad0f-47ed-8cf7-37356cbbb2b3&price_drop=not_apply,"Local comercial en venta | Edificio Comercial En Venta Calzada Vallejo 1660 | MXN | 18,100,000 | 712 m² construidos | Calzada Vallejo, 1660, Santa Rosa, Gustavo A. Madero, Distrito Federal"
,"MXN2,900,000",,,,,https://departamento.mercadolibre.com.mx/MLM-5352886342-venta-departamentos-lindavista-norte-t-df0085-0618-_JM#polycard_client=search-desktop&be_origin=backend&search_layout=grid&position=17&type=item&tracking_id=ee1d97d8-ad0f-47ed-8cf7-37356cbbb2b3&price_drop=not_apply,"Departamento en venta | Venta Departamentos Lindavista Norte T-df0085-0618 | MXN | 2,900,000 | 2 recámaras | 1 baño | 65 m² construidos | INSURGENTES NORTE, Lindavista Norte, Gustavo A. Madero, Distrito Federal"
,"MXN4,963,000",,,,,https://casa.mercadolibre.com.mx/MLM-5173546484-venta-casa-6-ambientes-martires-de-rio-blanco-_JM#polycard_client=search-desktop&be_origin=backend&search_layout=grid&position=18&type=item&tracking_id=ee1d97d8-ad0f-47ed-8cf7-37356cbbb2b3&price_drop=not_apply,"Casa en venta | Venta Casa 6 Ambientes Mártires De Río Blanco | IAD México | MXN | 4,963,000 | 6 recámaras | 2 baños | 208 m² construidos | Norte 56 A, 3824, Mártires De Río Blanco, Gustavo A. Madero, Distrito Federal"
,"MXN38,000,000",,,,,https://terreno.mercadolibre.com.mx/MLM-2798100967-terreno-en-venta-en-av-cuautepec-jorge-negrete-gustavo-a-madero-cdmx-_JM#polycard_client=search-desktop&be_origin=backend&search_layout=grid&position=19&type=item&tracking_id=ee1d97d8-ad0f-47ed-8cf7-37356cbbb2b3&price_drop=not_apply,"Terreno en venta | Terreno En Venta En Av Cuautepec, Jorge Negrete, Gustavo A. Madero, Cdmx | MXN | 38,000,000 | 1,771 m² de terreno | Av Cuautepec 22, Jorge Negrete, Gustavo A. Madero, Distrito Federal"
,"MXN5,000,000",,,,,https://casa.mercadolibre.com.mx/MLM-5218007320-casa-en-venta-en-san-juan-de-aragon-_JM#polycard_client=search-desktop&be_origin=backend&search_layout=grid&position=20&type=item&tracking_id=ee1d97d8-ad0f-47ed-8cf7-37356cbbb2b3&price_drop=not_apply,"Casa en venta | Casa En Venta En San Juan De Aragón | MXN | 5,000,000 | 5 recámaras | 2 baños | 240 m² construidos | Av. 504, San Juan De Aragón, Gustavo A. Madero, Distrito Federal"
,"MXN3,962,000",,,,,https://departamento.mercadolibre.com.mx/MLM-5186917264-departamento-en-venta-lindavista-_JM#polycard_client=search-desktop&be_origin=backend&search_layout=grid&position=21&type=item&tracking_id=ee1d97d8-ad0f-47ed-8cf7-37356cbbb2b3&price_drop=not_apply,"Departamento en venta | Departamento En Venta - Lindavista | MXN | 3,962,000 | 2 recámaras | 2 baños | 82 m² construidos | Residencial Zacatenco, Gustavo A. Madero, Distrito Federal"
,"MXN17,000,000",,,,,https://inmueble.mercadolibre.com.mx/MLM-4721093810-local-en-venta-en-linda-vista-_JM#polycard_client=search-desktop&be_origin=backend&search_layout=grid&position=22&type=item&tracking_id=ee1d97d8-ad0f-47ed-8cf7-37356cbbb2b3&price_drop=not_apply,"Local comercial en venta | Local En Venta En Linda Vista | MXN | 17,000,000 | 619 m² construidos | Lindavista, Gustavo A. Madero, Distrito Federal"
,"MXN10,500,000",,,,,https://casa.mercadolibre.com.mx/MLM-2901614891-venta-casa-granjas-modernas-ciudad-de-mexico-_JM#polycard_client=search-desktop&be_origin=backend&search_layout=grid&position=23&type=item&tracking_id=ee1d97d8-ad0f-47ed-8cf7-37356cbbb2b3&price_drop=not_apply,"Casa en venta | Venta Casa Granjas Modernas, Ciudad De México | MXN | 10,500,000 | 7 recámaras | 3 baños | 333 m² construidos | Granjas Modernas, Gustavo A. Madero, Distrito Federal"
,"MXN20,000,000",,,,,https://terreno.mercadolibre.com.mx/MLM-2787631221-venta-terrenos-lindavista-sur-t-df0217-0082-_JM#polycard_client=search-desktop&be_origin=backend&search_layout=grid&position=24&type=item&tracking_id=ee1d97d8-ad0f-47ed-8cf7-37356cbbb2b3&price_drop=not_apply,"Terreno en venta | Venta Terrenos Lindavista Sur T-df0217-0082 | MXN | 20,000,000 | 800 m² construidos | CALPUTITLAN, Lindavista Sur, Gustavo A. Madero, Distrito Federal"
,"MXN24,000,000",,,,,https://terreno.mercadolibre.com.mx/MLM-4633840912-terreno-en-insurgentes-norte-lindavista-uso-de-suelo-hm635z-_JM#polycard_client=search-desktop&be_origin=backend&search_layout=grid&position=25&type=item&tracking_id=ee1d97d8-ad0f-47ed-8cf7-37356cbbb2b3&price_drop=not_apply,"Terreno en venta | Terreno En Insurgentes Norte, Lindavista: Uso De Suelo Hm/6/35/z | MXN | 24,000,000 | 598 m² de terreno | Lindavista Norte, Gustavo A. Madero, Distrito Federal"
,"MXN6,985,000",,,,,https://casa.mercadolibre.com.mx/MLM-4755963048-venta-casa-4-ambientes-vallejo-_JM#polycard_client=search-desktop&be_origin=backend&search_layout=grid&position=26&type=item&tracking_id=ee1d97d8-ad0f-47ed-8cf7-37356cbbb2b3&price_drop=not_apply,"Casa en venta | Venta Casa 4 Ambientes Vallejo | IAD México | MXN | 6,985,000 | 4 recámaras | 3 baños | 383 m² construidos | JUAN SEBASTIAN BACH, 253, Vallejo, Gustavo A. Madero, Distrito Federal"
,"MXN1,795,000",,,,,https://departamento.mercadolibre.com.mx/MLM-2821264089-venta-departamentos-la-purisima-ticoman-t-df0213-0052-_JM#polycard_client=search-desktop&be_origin=backend&search_layout=grid&position=27&type=item&tracking_id=ee1d97d8-ad0f-47ed-8cf7-37356cbbb2b3&price_drop=not_apply,"Departamento en venta | Venta Departamentos La Purisima Ticoman T-df0213-0052 | MXN | 1,795,000 | 2 recámaras | 1 baño | 72 m² construidos | ESCUADRON 201, La Purísima Ticoman, Gustavo A. Madero, Distrito Federal"
,"MXN4,250,000",,,,,https://departamento.mercadolibre.com.mx/MLM-2848186047-departamento-sky-towers-linda-vista-_JM#polycard_client=search-desktop&be_origin=backend&search_layout=grid&position=28&type=item&tracking_id=ee1d97d8-ad0f-47ed-8cf7-37356cbbb2b3&price_drop=not_apply,"Departamento en venta | Departamento Sky Towers Linda Vista | MXN | 4,250,000 | 2 recámaras | 2 baños | 75 m² construidos | Magdalena De Las Salinas, Gustavo A. Madero, Distrito Federal"
,"MXN2,469,000",,,,,https://departamento.mercadolibre.com.mx/MLM-4660499692-frente-a-mercado-gabriel-hernandez-_JM#polycard_client=search-desktop&be_origin=backend&search_layout=grid&position=29&type=item&tracking_id=ee1d97d8-ad0f-47ed-8cf7-37356cbbb2b3&price_drop=not_apply,"Departamento en venta | Frente A Mercado Gabriel Hernández | MXN | 2,469,000 | 2 recámaras | 1 baño | 64 m² construidos | Av Centenario 2103, Gabriel Hernández, Gustavo A. Madero, Distrito Federal"
,"MXN6,500,000",,,,,https://inmueble.mercadolibre.com.mx/MLM-2763274593-venta-edificios-vallejo-t-df0236-0031-_JM#polycard_client=search-desktop&be_origin=backend&search_layout=grid&position=30&type=item&tracking_id=ee1d97d8-ad0f-47ed-8cf7-37356cbbb2b3&price_drop=not_apply,"Edificio en venta | Venta Edificios Vallejo T-df0236-0031 | MXN | 6,500,000 | 430 m² construidos | DEBUSSY, Vallejo, Gustavo A. Madero, Distrito Federal"
,"MXN3,000,000",,,,,https://departamento.mercadolibre.com.mx/MLM-5042312264-venta-departamentos-lindavista-sur-t-df0217-0098-_JM#polycard_client=search-desktop&be_origin=backend&search_layout=grid&position=31&type=item&tracking_id=ee1d97d8-ad0f-47ed-8cf7-37356cbbb2b3&price_drop=not_apply,"Departamento en venta | Venta Departamentos Lindavista Sur T-df0217-0098 | MXN | 3,000,000 | 2 recámaras | 1 baño | 59 m² construidos | MINA, Lindavista Sur, Gustavo A. Madero, Distrito Federal"
,"MXN7,600,000",,,,,https://casa.mercadolibre.com.mx/MLM-2850522473-casa-en-venta-lindavista-vallejo-i-seccion-gustavo-a-madero-_JM#polycard_client=search-desktop&be_origin=backend&search_layout=grid&position=32&type=item&tracking_id=ee1d97d8-ad0f-47ed-8cf7-37356cbbb2b3&price_drop=not_apply,"Casa en venta | Casa En Venta Lindavista Vallejo I Sección, Gustavo A. Madero | MXN | 7,600,000 | 7 recámaras | 4 baños | 160 m² construidos | Lindavista Vallejo I Sección, Gustavo A. Madero, Distrito Federal"
,"MXN15,500,000",,,,,https://inmueble.mercadolibre.com.mx/MLM-2794951055-edificio-en-venta-tres-estrellas-gustavo-a-madero-cdmx-_JM#polycard_client=search-desktop&be_origin=backend&search_layout=grid&position=33&type=item&tracking_id=ee1d97d8-ad0f-47ed-8cf7-37356cbbb2b3&price_drop=not_apply,"Edificio en venta | Edificio En Venta Tres Estrellas, Gustavo A. Madero, Cdmx | MXN | 15,500,000 | 7 baños | 800 m² construidos | Tesoro S/N, Tres Estrellas, Gustavo A. Madero, Distrito Federal"
,"MXN15,500,000",,,,,https://inmueble.mercadolibre.com.mx/MLM-4671727920-edificio-en-venta-tres-estrellas-gustavo-a-madero-cdmx-_JM#polycard_client=search-desktop&be_origin=backend&search_layout=grid&position=34&type=item&tracking_id=ee1d97d8-ad0f-47ed-8cf7-37356cbbb2b3&price_drop=not_apply,"Edificio en venta | Edificio En Venta Tres Estrellas, Gustavo A. Madero, Cdmx | MXN | 15,500,000 | 7 baños | 800 m² construidos | Tesoro S/N, Tres Estrellas, Gustavo A. Madero, Distrito Federal"
,"MXN2,775,000",,,,,https://departamento.mercadolibre.com.mx/MLM-2945984301-departamento-en-pre-venta-en-colonia-tres-estrellas-en-gustavo-a-madero-_JM#polycard_client=search-desktop&float_highlight=recent_publication&price_drop=not_apply&be_origin=backend&search_layout=grid&position=35&type=item&tracking_id=ee1d97d8-ad0f-47ed-8cf7-37356cbbb2b3,"PUBLICADO ESTA SEMANA | Departamento en venta | Departamento En Pre-venta En Colonia Tres Estrellas En Gustavo A Madero | MXN | 2,775,000 | 2 recámaras | 1 baño | 49 m² construidos | Oniquina, Tres Estrellas, Gustavo A. Madero, Distrito Federal"
,"MXN4,200,000",,,,,https://inmueble.mercadolibre.com.mx/MLM-2834229475-venta-local-comercial-4-ambientes-villa-gustavo-a-madero-_JM#polycard_client=search-desktop&be_origin=backend&search_layout=grid&position=36&type=item&tracking_id=ee1d97d8-ad0f-47ed-8cf7-37356cbbb2b3&price_drop=not_apply,"Local comercial en venta | Venta Local Comercial 4 Ambientes Villa Gustavo A. Madero | IAD México | MXN | 4,200,000 | 4 baños | 438 m² construidos | Calle Mina, 10, Villa Gustavo A. Madero, Gustavo A. Madero, Distrito Federal"
,"MXN15,900,000",,,,,https://terreno.mercadolibre.com.mx/MLM-2747172513-terreno-en-vneta-martin-carrera-gustavo-a-madero-_JM#polycard_client=search-desktop&be_origin=backend&search_layout=grid&position=37&type=item&tracking_id=ee1d97d8-ad0f-47ed-8cf7-37356cbbb2b3&price_drop=not_apply,"Terreno en venta | Terreno En Vneta Martin Carrera Gustavo A Madero | MXN | 15,900,000 | 882 m² de terreno | General Miguel Miramón, Martín Carrera, Gustavo A. Madero, Distrito Federal"
,"MXN20,000,000",,,,,https://inmueble.mercadolibre.com.mx/MLM-2945604629-edificio-en-venta-con-rentabilidad-inmediata-10-departamentos-_JM#polycard_client=search-desktop&be_origin=backend&search_layout=grid&position=38&type=item&tracking_id=ee1d97d8-ad0f-47ed-8cf7-37356cbbb2b3&price_drop=not_apply,"Edificio en venta | Edificio En Venta Con Rentabilidad Inmediata 10 Departamentos | MXN | 20,000,000 | 10 baños | 390 m² construidos | Arequipa 702, Lindavista, Gustavo A. Madero, Distrito Federal"
,"MXN18,100,000",,,,,https://inmueble.mercadolibre.com.mx/MLM-5297350598-edificio-comercial-en-venta-calzada-vallejo-1660-_JM#polycard_client=search-desktop&be_origin=backend&search_layout=grid&position=39&type=item&tracking_id=ee1d97d8-ad0f-47ed-8cf7-37356cbbb2b3&price_drop=not_apply,"Local comercial en venta | Edificio Comercial En Venta Calzada Vallejo 1660 | MXN | 18,100,000 | 712 m² construidos | Calzada Vallejo, 1660, Santa Rosa, Gustavo A. Madero, Distrito Federal"
,"MXN130,000,000",,,,,https://terreno.mercadolibre.com.mx/MLM-5378484204-terreno-en-venta-av-cuitlahuac-gustavo-a-madero-_JM#polycard_client=search-desktop&float_highlight=recent_publication&price_drop=not_apply&be_origin=backend&search_layout=grid&position=40&type=item&tracking_id=ee1d97d8-ad0f-47ed-8cf7-37356cbbb2b3,"PUBLICADO ESTA SEMANA | Terreno en venta | Terreno En Venta Av. Cuitláhuac, Gustavo A Madero | MXN | 130,000,000 | 4,347 m² de terreno | Cuitlahuac, Guadalupe Victoria, Gustavo A. Madero, Distrito Federal"
,"MXN18,100,000",,,,,https://inmueble.mercadolibre.com.mx/MLM-5297350486-edificio-comercial-en-venta-calzada-vallejo-1660-_JM#polycard_client=search-desktop&be_origin=backend&search_layout=grid&position=41&type=item&tracking_id=ee1d97d8-ad0f-47ed-8cf7-37356cbbb2b3&price_drop=not_apply,"Local comercial en venta | Edificio Comercial En Venta Calzada Vallejo 1660 | MXN | 18,100,000 | 712 m² construidos | Calzada Vallejo, 1660, Santa Rosa, Gustavo A. Madero, Distrito Federal"
,"MXN18,100,000",,,,,https://inmueble.mercadolibre.com.mx/MLM-5297350582-edificio-comercial-en-venta-calzada-vallejo-1660-_JM#polycard_client=search-desktop&be_origin=backend&search_layout=grid&position=42&type=item&tracking_id=ee1d97d8-ad0f-47ed-8cf7-37356cbbb2b3&price_drop=not_apply,"Local comercial en venta | Edificio Comercial En Venta Calzada Vallejo 1660 | MXN | 18,100,000 | 712 m² construidos | Calzada Vallejo, 1660, Santa Rosa, Gustavo A. Madero, Distrito Federal"
,"MXN18,100,000",,,,,https://inmueble.mercadolibre.com.mx/MLM-2911611155-edificio-comercial-en-venta-calzada-vallejo-1660-_JM#polycard_client=search-desktop&be_origin=backend&search_layout=grid&position=43&type=item&tracking_id=ee1d97d8-ad0f-47ed-8cf7-37356cbbb2b3&price_drop=not_apply,"Local comercial en venta | Edificio Comercial En Venta Calzada Vallejo 1660 | MXN | 18,100,000 | 712 m² construidos | Calzada Vallejo, 1660, Santa Rosa, Gustavo A. Madero, Distrito Federal"
,"MXN2,100,000",,,,,https://departamento.mercadolibre.com.mx/MLM-2926397383-departamento-en-venta-planta-baja-en-privada-1-recamara-guadalupe-tepeyac-gustavo-a-madero-cdmx-_JM#polycard_client=search-desktop&be_origin=backend&search_layout=grid&position=44&type=item&tracking_id=ee1d97d8-ad0f-47ed-8cf7-37356cbbb2b3&price_drop=not_apply,"Departamento en venta | Departamento En Venta Planta Baja En Privada 1 Recamara Guadalupe Tepeyac Gustavo A. Madero Cdmx. | MXN | 2,100,000 | 1 recámara | 1 baño | 40 m² construidos | Guadalupe Tepeyac, Mexico City, Guadalupe Tepeyac, Gustavo A. Madero, Distrito Federal"
,"MXN7,000,000",,,,,https://casa.mercadolibre.com.mx/MLM-2839083001-venta-casas-san-juan-de-aragon-vi-seccion-t-df0238-0039-_JM#polycard_client=search-desktop&be_origin=backend&search_layout=grid&position=45&type=item&tracking_id=ee1d97d8-ad0f-47ed-8cf7-37356cbbb2b3&price_drop=not_apply,"Casa en venta | Venta Casas San Juan De Aragon Vi Seccion T-df0238-0039 | MXN | 7,000,000 | 4 recámaras | 3 baños | 280 m² construidos | AV. 414 - A, San Juan De Aragón VI Sección, Gustavo A. Madero, Distrito Federal"
,"MXN1,350,000",,,,,https://inmueble.mercadolibre.com.mx/MLM-4990459184-local-en-venta-en-vallejo-gustavo-a-madero-cdmx-_JM#polycard_client=search-desktop&be_origin=backend&search_layout=grid&position=46&type=item&tracking_id=ee1d97d8-ad0f-47ed-8cf7-37356cbbb2b3&price_drop=not_apply,"Local comercial en venta | Local En Venta En Vallejo, Gustavo A. Madero, Cdmx | MXN | 1,350,000 | 1 baño | 27 m² construidos | Calz. De Guadalupe, Vallejo, Gustavo A. Madero, Distrito Federal"
,"MXN1,850,000",,,,,https://departamento.mercadolibre.com.mx/MLM-5086096378-venta-departamentos-lindavista-sur-t-df0217-0100-_JM#polycard_client=search-desktop&be_origin=backend&search_layout=grid&position=47&type=item&tracking_id=ee1d97d8-ad0f-47ed-8cf7-37356cbbb2b3&price_drop=not_apply,"Departamento en venta | Venta Departamentos Lindavista Sur T-df0217-0100 | MXN | 1,850,000 | 2 recámaras | 1 baño | 53 m² construidos | MAPIMI, Lindavista Sur, Gustavo A. Madero, Distrito Federal"
,"MXN2,031,000",,,,,https://departamento.mercadolibre.com.mx/MLM-5147853928-venta-departamento-2-ambientes-industrial-_JM#polycard_client=search-desktop&be_origin=backend&search_layout=grid&position=48&type=item&tracking_id=ee1d97d8-ad0f-47ed-8cf7-37356cbbb2b3&price_drop=not_apply,"Departamento en venta | Venta Departamento 2 Ambientes Industrial | IAD México | MXN | 2,031,000 | 2 recámaras | 1 baño | 50 m² construidos | Unión, 134, Industrial, Gustavo A. Madero, Distrito Federal"
,"MXN9,800,000",,,,,https://inmueble.mercadolibre.com.mx/MLM-5347080730-venta-de-edificio-en-martires-de-rio-blanco-gustavo-a-madero-_JM#polycard_client=search-desktop&be_origin=backend&search_layout=grid&position=1&type=item&tracking_id=91bb17fd-8321-4304-9c90-47d5f148ba22&price_drop=not_apply,"Edificio en venta | Venta De Edificio En Mártires De Río Blanco, Gustavo A. Madero | MXN | 9,800,000 | 420 m² construidos | Mártires De Río Blanco, Gustavo A. Madero, Distrito Federal"
,"MXN4,600,000",,,,,https://inmueble.mercadolibre.com.mx/MLM-4754184080-venta-edificio-10-ambientes-constitucion-de-la-republica-_JM#polycard_client=search-desktop&be_origin=backend&search_layout=grid&position=2&type=item&tracking_id=91bb17fd-8321-4304-9c90-47d5f148ba22&price_drop=not_apply,"Edificio en venta | Venta Edificio 10 Ambientes Constitución De La República | IAD México | MXN | 4,600,000 | 6 baños | 422 m² construidos | Av. Atzacoalco, 83, Constitución De La República, Gustavo A. Madero, Distrito Federal"
,"MXN9,500,000",,,,,https://casa.mercadolibre.com.mx/MLM-2935152663-casa-con-uso-de-suelo-mixto-en-el-corazon-de-lindavista-_JM#polycard_client=search-desktop&be_origin=backend&search_layout=grid&position=3&type=item&tracking_id=91bb17fd-8321-4304-9c90-47d5f148ba22&price_drop=not_apply,"Casa en venta | Casa Con Uso De Suelo Mixto En El Corazon De Lindavista | MXN | 9,500,000 | 3 baños | 200 m² construidos | Montiel 222, Lindavista, Gustavo A. Madero, Distrito Federal"
,"MXN5,500,000",,,,,https://inmueble.mercadolibre.com.mx/MLM-2691667825-bodega-con-casa-en-venta-en-ticoman-gustavo-a-madero-_JM#polycard_client=search-desktop&be_origin=backend&search_layout=grid&position=4&type=item&tracking_id=91bb17fd-8321-4304-9c90-47d5f148ba22&price_drop=not_apply,"Bodega en venta | Bodega Con Casa En Venta En Ticoman, Gustavo A. Madero | MXN | 5,500,000 | 3 baños | 370 m² construidos | Av. Rio De Los Remedios 939, La Candelaria Ticoman, Gustavo A. Madero, Distrito Federal"
,"MXN4,300,000",,,,,https://casa.mercadolibre.com.mx/MLM-5030318192-venta-de-casa-en-palmatitla-gustavo-a-madero-cdmx-_JM#polycard_client=search-desktop&be_origin=backend&search_layout=grid&position=5&type=item&tracking_id=91bb17fd-8321-4304-9c90-47d5f148ba22&price_drop=not_apply,"Casa en venta | Venta De Casa En Palmatitla Gustavo A Madero, Cdmx | MXN | 4,300,000 | 12 recámaras | 6 baños | 411 m² construidos | 1a. Cda. Mexilamaco Mz 32 Lt 13, Palmatitla, Gustavo A. Madero, Distrito Federal"
,"MXN12,000,000",,,,,https://inmueble.mercadolibre.com.mx/MLM-2782080589-venta-edificios-lindavista-sur-t-df0217-0079-_JM#polycard_client=search-desktop&be_origin=backend&search_layout=grid&position=6&type=item&tracking_id=91bb17fd-8321-4304-9c90-47d5f148ba22&price_drop=not_apply,"Edificio en venta | Venta Edificios Lindavista Sur T-df0217-0079 | MXN | 12,000,000 | 490 m² construidos | SULLANA, Lindavista Sur, Gustavo A. Madero, Distrito Federal"
,"MXN2,300,000",,,,,https://departamento.mercadolibre.com.mx/MLM-5188520022-venta-departamentos-7-de-noviembre-t-df0219-0097-_JM#polycard_client=search-desktop&be_origin=backend&search_layout=grid&position=7&type=item&tracking_id=91bb17fd-8321-4304-9c90-47d5f148ba22&price_drop=not_apply,"Departamento en venta | Venta Departamentos 7 De Noviembre T-df0219-0097 | MXN | 2,300,000 | 2 recámaras | 1 baño | 51 m² construidos | PORTUGAL, 7 De Noviembre, Gustavo A. Madero, Distrito Federal"
,"MXN2,625,459",,,,,https://departamento.mercadolibre.com.mx/MLM-4785637274-departamento-moderno-en-vida-victoria-amenidades-premium-_JM#polycard_client=search-desktop&be_origin=backend&search_layout=grid&position=8&type=item&tracking_id=91bb17fd-8321-4304-9c90-47d5f148ba22&price_drop=not_apply,"Departamento en venta | Departamento Moderno En Vida Victoria | Amenidades Premium | MXN | 2,625,459 | 2 recámaras | 1 baño | 49 m² construidos | Avenida Ferrocarril Hidalgo 1375, Bondojito, Gustavo A. Madero, Distrito Federal"
,"MXN10,900,000",,,,,https://casa.mercadolibre.com.mx/MLM-5237255072-casa-gustavo-a-madero-_JM#polycard_client=search-desktop&be_origin=backend&search_layout=grid&position=9&type=item&tracking_id=91bb17fd-8321-4304-9c90-47d5f148ba22&price_drop=not_apply,"Casa en venta | Casa - Gustavo A. Madero | MXN | 10,900,000 | 8 recámaras | 6 baños | 514 m² de terreno | Venta DE Casa EN  Gustavo  A Madero Colonia Lindaviista, Gustavo A. Madero, Distrito Federal"
,"MXN8,000,000",,,,,https://inmueble.mercadolibre.com.mx/MLM-5248680244-venta-bodega-2-ambientes-santa-isabel-tola-_JM#polycard_client=search-desktop&be_origin=backend&search_layout=grid&position=10&type=item&tracking_id=91bb17fd-8321-4304-9c90-47d5f148ba22&price_drop=not_apply,"Bodega en venta | Venta Bodega 2 Ambientes Santa Isabel Tola | IAD México | MXN | 8,000,000 | 2 baños | 558 m² construidos | Caca, 29, Santa Isabel Tola, Gustavo A. Madero, Distrito Federal"
,"MXN3,000,000",,,,,https://departamento.mercadolibre.com.mx/MLM-5205809252-departamento-en-venta-en-colonia-vallejo-_JM#polycard_client=search-desktop&be_origin=backend&search_layout=grid&position=11&type=item&tracking_id=91bb17fd-8321-4304-9c90-47d5f148ba22&price_drop=not_apply,"Departamento en venta | Departamento En Venta En Colonia Vallejo | MXN | 3,000,000 | 2 recámaras | 2 baños | 60 m² de terreno | Misterios 218 ,vallejo, Vallejo, Gustavo A. Madero, Distrito Federal"
,"MXN1,350,000",,,,,https://inmueble.mercadolibre.com.mx/MLM-2794967795-local-en-venta-en-vallejo-gustavo-a-madero-cdmx-_JM#polycard_client=search-desktop&be_origin=backend&search_layout=grid&position=12&type=item&tracking_id=91bb17fd-8321-4304-9c90-47d5f148ba22&price_drop=not_apply,"Local comercial en venta | Local En Venta En Vallejo, Gustavo A. Madero, Cdmx | MXN | 1,350,000 | 1 baño | 27 m² construidos | Calz. De Guadalupe, Vallejo, Gustavo A. Madero, Distrito Federal"
,"MXN1,350,000",,,,,https://inmueble.mercadolibre.com.mx/MLM-5058134970-local-en-venta-en-vallejo-gustavo-a-madero-cdmx-_JM#polycard_client=search-desktop&be_origin=backend&search_layout=grid&position=13&type=item&tracking_id=91bb17fd-8321-4304-9c90-47d5f148ba22&price_drop=not_apply,"Local comercial en venta | Local En Venta En Vallejo, Gustavo A. Madero, Cdmx | MXN | 1,350,000 | 1 baño | 27 m² construidos | Calz. De Guadalupe, Vallejo, Gustavo A. Madero, Distrito Federal"
,"MXN1,800,000",,,,,https://departamento.mercadolibre.com.mx/MLM-2945624917-departamento-en-venta-en-san-juan-de-aragon-_JM#polycard_client=search-desktop&be_origin=backend&search_layout=grid&position=14&type=item&tracking_id=91bb17fd-8321-4304-9c90-47d5f148ba22&price_drop=not_apply,"Departamento en venta | Departamento En Venta En San Juan De Aragón | MXN | 1,800,000 | 2 recámaras | 1 baño | 50 m² construidos | Av. San Juan De Aragón 600, Constitución De La República, Gustavo A. Madero, Distrito Federal"
,"MXN1,350,000",,,,,https://inmueble.mercadolibre.com.mx/MLM-4941501720-local-en-venta-en-vallejo-gustavo-a-madero-cdmx-_JM#polycard_client=search-desktop&be_origin=backend&search_layout=grid&position=15&type=item&tracking_id=91bb17fd-8321-4304-9c90-47d5f148ba22&price_drop=not_apply,"Local comercial en venta | Local En Venta En Vallejo, Gustavo A. Madero, Cdmx | MXN | 1,350,000 | 1 baño | 27 m² construidos | Calz. De Guadalupe, Vallejo, Gustavo A. Madero, Distrito Federal"
,"MXN1,350,000",,,,,https://inmueble.mercadolibre.com.mx/MLM-5030573996-local-en-venta-en-vallejo-gustavo-a-madero-cdmx-_JM#polycard_client=search-desktop&be_origin=backend&search_layout=grid&position=16&type=item&tracking_id=91bb17fd-8321-4304-9c90-47d5f148ba22&price_drop=not_apply,"Local comercial en venta | Local En Venta En Vallejo, Gustavo A. Madero, Cdmx | MXN | 1,350,000 | 1 baño | 27 m² construidos | Calz. De Guadalupe, Vallejo, Gustavo A. Madero, Distrito Federal"
,"MXN5,500,000",,,,,https://inmueble.mercadolibre.com.mx/MLM-2945581813-bodega-con-casa-en-venta-en-ticoman-gustavo-a-madero-_JM#polycard_client=search-desktop&be_origin=backend&search_layout=grid&position=17&type=item&tracking_id=91bb17fd-8321-4304-9c90-47d5f148ba22&price_drop=not_apply,"Bodega en venta | Bodega Con Casa En Venta En Ticoman, Gustavo A. Madero | MXN | 5,500,000 | 3 baños | 370 m² construidos | Av. Rio De Los Remedios 939, La Candelaria Ticoman, Gustavo A. Madero, Distrito Federal"
,"MXN8,690,000",,,,,https://casa.mercadolibre.com.mx/MLM-3777186248-casa-en-guadalupe-tepeyac-_JM#polycard_client=search-desktop&be_origin=backend&search_layout=grid&position=18&type=item&tracking_id=91bb17fd-8321-4304-9c90-47d5f148ba22&price_drop=not_apply,"Casa en venta | Casa En Guadalupe Tepeyac | MXN | 8,690,000 | 4 recámaras | 5 baños | 123 m² construidos | Guadalupe Tepeyac SN, Guadalupe Tepeyac, Gustavo A. Madero, Distrito Federal"
,"MXN3,003,600",,,,,https://departamento.mercadolibre.com.mx/MLM-2945582839-departamento-moderno-en-vida-victoria-amenidades-premium-_JM#polycard_client=search-desktop&be_origin=backend&search_layout=grid&position=19&type=item&tracking_id=91bb17fd-8321-4304-9c90-47d5f148ba22&price_drop=not_apply,"Departamento en venta | Departamento Moderno En Vida Victoria | Amenidades Premium | MXN | 3,003,600 | 2 recámaras | 1 baño | 49 m² construidos | Avenida Ferrocarril Hidalgo 1375, Bondojito, Gustavo A. Madero, Distrito Federal"
,"MXN7,000,000",,,,,https://terreno.mercadolibre.com.mx/MLM-2520196465-terreno-en-venta-sobre-eduardo-molina-_JM#polycard_client=search-desktop&be_origin=backend&search_layout=grid&position=20&type=item&tracking_id=91bb17fd-8321-4304-9c90-47d5f148ba22&price_drop=not_apply,"Terreno en venta | Terreno En Venta Sobre Eduardo Molina | MXN | 7,000,000 | 205 m² de terreno | Eduardo Molina 3508, La Joya, Gustavo A. Madero, 07890 Ciudad De México, CDMX, Mexico, La Joya, Gustavo A. Madero, Distrito Federal"
,"MXN1,300,000",,,,,https://departamento.mercadolibre.com.mx/MLM-4996658938-venta-departamentos-dm-nacional-t-df0234-0043-_JM#polycard_client=search-desktop&be_origin=backend&search_layout=grid&position=21&type=item&tracking_id=91bb17fd-8321-4304-9c90-47d5f148ba22&price_drop=not_apply,"Departamento en venta | Venta Departamentos Dm Nacional T-df0234-0043 | MXN | 1,300,000 | 2 recámaras | 1 baño | 60 m² construidos | VASCO DE QUIROGA, DM Nacional, Gustavo A. Madero, Distrito Federal"
,"MXN9,700,000",,,,,https://casa.mercadolibre.com.mx/MLM-2943470091-casadepartamentolocal-en-venta-en-zona-estrategica-_JM#polycard_client=search-desktop&be_origin=backend&search_layout=grid&position=22&type=item&tracking_id=91bb17fd-8321-4304-9c90-47d5f148ba22&price_drop=not_apply,"Casa en venta | Casa+departamento+local En Venta En Zona Estrategica | MXN | 9,700,000 | 4 recámaras | 4 baños | 254 m² construidos | Moctezuma, Aragón La Villa(Aragón), Ciudad De México, Aragón La Villa, Gustavo A. Madero, Distrito Federal"
,"MXN3,500,000",,,,,https://casa.mercadolibre.com.mx/MLM-4837465136-venta-casas-granjas-modernas-t-df0234-0038-_JM#polycard_client=search-desktop&be_origin=backend&search_layout=grid&position=23&type=item&tracking_id=91bb17fd-8321-4304-9c90-47d5f148ba22&price_drop=not_apply,"Casa en venta | Venta Casas Granjas Modernas T-df0234-0038 | MXN | 3,500,000 | 4 recámaras | 2 baños | 160 m² construidos | CASAS ALEMAN, Granjas Modernas, Gustavo A. Madero, Distrito Federal"
,"MXN4,600,000",,,,,https://casa.mercadolibre.com.mx/MLM-4766329690-casa-producto-con-4-departamentos-excelente-ubicacion-en-cdmx-_JM#polycard_client=search-desktop&be_origin=backend&search_layout=grid&position=24&type=item&tracking_id=91bb17fd-8321-4304-9c90-47d5f148ba22&price_drop=not_apply,"Casa en venta | Casa Producto Con 4 Departamentos  Excelente Ubicación En Cdmx | MXN | 4,600,000 | 1 recámara | 1 baño | 297 m² construidos | Nueva Tenochtitlan, Gustavo A. Madero, Distrito Federal"
,"MXN9,000,000",,,,,https://inmueble.mercadolibre.com.mx/MLM-4996720278-venta-edificios-aragon-inguaran-t-df0234-0031-_JM#polycard_client=search-desktop&be_origin=backend&search_layout=grid&position=25&type=item&tracking_id=91bb17fd-8321-4304-9c90-47d5f148ba22&price_drop=not_apply,"Edificio en venta | Venta Edificios Aragon Inguaran T-df0234-0031 | MXN | 9,000,000 | 12 recámaras | 350 m² construidos | TEMACA, Aragón Inguaran, Gustavo A. Madero, Distrito Federal"
,"MXN1,700,000",,,,,https://departamento.mercadolibre.com.mx/MLM-2811229953-departamento-en-venta-en-vasco-de-quiroga-gustavo-a-madero-cdmx-_JM#polycard_client=search-desktop&be_origin=backend&search_layout=grid&position=26&type=item&tracking_id=91bb17fd-8321-4304-9c90-47d5f148ba22&price_drop=not_apply,"Departamento en venta | Departamento En Venta En Vasco De Quiroga, Gustavo A. Madero, Cdmx | MXN | 1,700,000 | 2 recámaras | 1 baño | 49 m² construidos | Padre Juan Bosco, Vasco De Quiroga, Gustavo A. Madero, Distrito Federal"
,"MXN160,000,000",,,,,https://terreno.mercadolibre.com.mx/MLM-5058267966-excelente-terreno-en-venta-con-construccion-poligono-con-doble-acceso-_JM#polycard_client=search-desktop&be_origin=backend&search_layout=grid&position=27&type=item&tracking_id=91bb17fd-8321-4304-9c90-47d5f148ba22&price_drop=not_apply,"Terreno en venta | Excelente Terreno En Venta Con Construcción, Polígono Con Doble Acceso | MXN | 160,000,000 | 7,901 m² de terreno | Gustavo A. Madero, Mexico City, Barrio Candelaria Ticomán, Gustavo A. Madero, Distrito Federal"
,"MXN2,766,500",,,,,https://departamento.mercadolibre.com.mx/MLM-4973709406-departamento-en-venta-en-vallejo-se-acepta-credito-infonavit-credito-bancario-y-efectivo-informes-55-8642-76048-_JM#polycard_client=search-desktop&be_origin=backend&search_layout=grid&position=28&type=item&tracking_id=91bb17fd-8321-4304-9c90-47d5f148ba22&price_drop=not_apply,"Departamento en venta | Departamento En Venta En Vallejo , Se Acepta Crédito Infonavit, Crédito Bancario Y Efectivo, Informes 55 8642 76048 | MXN | 2,766,500 | 2 recámaras | 1 baño | 58 m² construidos | Vallejo, Mexico City, Vallejo, Gustavo A. Madero, Distrito Federal"
,"MXN2,700,000",,,,,https://departamento.mercadolibre.com.mx/MLM-2705311339-venta-departamentos-estrella-t-df0207-0061-_JM#polycard_client=search-desktop&be_origin=backend&search_layout=grid&position=29&type=item&tracking_id=91bb17fd-8321-4304-9c90-47d5f148ba22&price_drop=not_apply,"Departamento en venta | Venta Departamentos Estrella T-df0207-0061 | MXN | 2,700,000 | 2 recámaras | 2 baños | 60 m² construidos | TALISMAN, Estrella, Gustavo A. Madero, Distrito Federal"
,"MXN38,950,000",,,,,https://terreno.mercadolibre.com.mx/MLM-2443431957-venta-terreno-en-mendelssohn-vallejo-_JM#polycard_client=search-desktop&be_origin=backend&search_layout=grid&position=30&type=item&tracking_id=91bb17fd-8321-4304-9c90-47d5f148ba22&price_drop=not_apply,"Terreno en venta | Venta Terreno En Mendelssohn Vallejo | MXN | 38,950,000 | 1,016 m² de terreno | Mendelssohn, Vallejo, Ciudad De México, Vallejo, Gustavo A. Madero, Distrito Federal"
,"MXN5,100,000",,,,,https://casa.mercadolibre.com.mx/MLM-2878123935-casa-en-venta-colonia-acueducto-de-guadalupe-_JM#polycard_client=search-desktop&be_origin=backend&search_layout=grid&position=31&type=item&tracking_id=91bb17fd-8321-4304-9c90-47d5f148ba22&price_drop=not_apply,"Casa en venta | Casa En Venta, Colonia Acueducto De Guadalupe | MXN | 5,100,000 | 4 recámaras | 2 baños | 168 m² construidos | De La Neblina 1 - 300, Acueducto De Guadalupe, Ciudad De México, Acueducto De Guadalupe, Gustavo A. Madero, Distrito Federal"
,"MXN1,650,000",,,,,https://departamento.mercadolibre.com.mx/MLM-5178859272-departamento-en-venta-en-san-juan-de-aragon-en-la-gam-_JM#polycard_client=search-desktop&be_origin=backend&search_layout=grid&position=32&type=item&tracking_id=91bb17fd-8321-4304-9c90-47d5f148ba22&price_drop=not_apply,"Departamento en venta | Departamento En Venta En San Juan De Aragón En La Gam | MXN | 1,650,000 | 2 recámaras | 1 baño | 51 m² construidos | Puerto Oporto, San Juan De Aragón, Gustavo A. Madero, Distrito Federal"
,"MXN5,750,000",,,,,https://casa.mercadolibre.com.mx/MLM-2907742761-casa-en-venta-colonia-panamericana-gustavo-a-madero-_JM#polycard_client=search-desktop&be_origin=backend&search_layout=grid&position=33&type=item&tracking_id=91bb17fd-8321-4304-9c90-47d5f148ba22&price_drop=not_apply,"Casa en venta | Casa En Venta, Colonia Panamericana. Gustavo A. Madero | MXN | 5,750,000 | 4 recámaras | 5 baños | 256 m² construidos | Nte. 3, Panamericana, Ciudad De México, Panamericana, Gustavo A. Madero, Distrito Federal"
,"MXN4,200,000",,,,,https://departamento.mercadolibre.com.mx/MLM-4772697370-departamento-en-venta-en-zacatenco-gustavo-a-madero-_JM#polycard_client=search-desktop&be_origin=backend&search_layout=grid&position=34&type=item&tracking_id=91bb17fd-8321-4304-9c90-47d5f148ba22&price_drop=not_apply,"Departamento en venta | Departamento En Venta En Zacatenco, Gustavo A. Madero | MXN | 4,200,000 | 3 recámaras | 3 baños | 90 m² construidos | Residencial Zacatenco, Mexico City, Zacatenco, Gustavo A. Madero, Distrito Federal"
,"MXN6,500,000",,,,,https://casa.mercadolibre.com.mx/MLM-4996720208-venta-casas-granjas-modernas-t-df0234-0042-_JM#polycard_client=search-desktop&be_origin=backend&search_layout=grid&position=35&type=item&tracking_id=91bb17fd-8321-4304-9c90-47d5f148ba22&price_drop=not_apply,"Casa en venta | Venta Casas Granjas Modernas T-df0234-0042 | MXN | 6,500,000 | 4 recámaras | 2 baños | 334 m² construidos | NORTE 70, Granjas Modernas, Gustavo A. Madero, Distrito Federal"
,"MXN2,775,000",,,,,https://departamento.mercadolibre.com.mx/MLM-5376519326-departamentos-con-estacionamiento-en-preventa-gam-_JM#polycard_client=search-desktop&be_origin=backend&search_layout=grid&position=36&type=item&tracking_id=91bb17fd-8321-4304-9c90-47d5f148ba22&price_drop=not_apply,"Departamento en venta | Departamentos Con Estacionamiento En Preventa | Gam | MXN | 2,775,000 | 2 recámaras | 1 baño | 72 m² construidos | Oniquina 6225, Aragón Inguaran, Gustavo A. Madero, Distrito Federal"
,"MXN2,490,000",,,,,https://departamento.mercadolibre.com.mx/MLM-5291772278-venta-departamentos-la-purisima-ticoman-t-df0213-0061-_JM#polycard_client=search-desktop&be_origin=backend&search_layout=grid&position=37&type=item&tracking_id=91bb17fd-8321-4304-9c90-47d5f148ba22&price_drop=not_apply,"Departamento en venta | Venta Departamentos La Purisima Ticoman T-df0213-0061 | MXN | 2,490,000 | 3 recámaras | 2 baños | 85 m² construidos | BLVD DEL TEMOLUCO, La Purísima Ticoman, Gustavo A. Madero, Distrito Federal"
,"MXN1,600,000",,,,,https://departamento.mercadolibre.com.mx/MLM-5332135996-venta-departamentos-pradera-ii-seccion-t-df0238-0050-_JM#polycard_client=search-desktop&be_origin=backend&search_layout=grid&position=38&type=item&tracking_id=91bb17fd-8321-4304-9c90-47d5f148ba22&price_drop=not_apply,"Departamento en venta | Venta Departamentos Pradera Ii Seccion T-df0238-0050 | MXN | 1,600,000 | 3 recámaras | 1 baño | 64 m² construidos | AV CONSTITUCION DE LA REPUBLICA, Pradera II Sección, Gustavo A. Madero, Distrito Federal"
,"MXN6,400,000",,,,,https://terreno.mercadolibre.com.mx/MLM-2757168795-venta-terreno-0-ambiente-nueva-tenochtitlan-_JM#polycard_client=search-desktop&be_origin=backend&search_layout=grid&position=39&type=item&tracking_id=91bb17fd-8321-4304-9c90-47d5f148ba22&price_drop=not_apply,"Terreno en venta | Venta Terreno 0 Ambiente Nueva Tenochtitlán | IAD México | MXN | 6,400,000 | 192 m² de terreno | Avenida Eduardo Molina, 4701, Nueva Tenochtitlan, Gustavo A. Madero, Distrito Federal"
,"MXN2,031,100",,,,,https://departamento.mercadolibre.com.mx/MLM-2798265229-preventa-departamentos-50m2-metro-martin-carrera-_JM#polycard_client=search-desktop&be_origin=backend&search_layout=grid&position=40&type=item&tracking_id=91bb17fd-8321-4304-9c90-47d5f148ba22&price_drop=not_apply,"Departamento en venta | Preventa Departamentos 50m2, Metro Martin Carrera | MXN | 2,031,100 | 2 recámaras | 1 baño | 50 m² construidos | Luis De La Rosa, Constitución De La República, Ciudad De México, Constitución De La República, Gustavo A. Madero, Distrito Federal"
,"MXN1,800,000",,,,,https://departamento.mercadolibre.com.mx/MLM-2917167637-venta-departamentos-nueva-industrial-vallejo-t-df0257-0015-_JM#polycard_client=search-desktop&be_origin=backend&search_layout=grid&position=41&type=item&tracking_id=91bb17fd-8321-4304-9c90-47d5f148ba22&price_drop=not_apply,"Departamento en venta | Venta Departamentos Nueva Industrial Vallejo T-df0257-0015 | MXN | 1,800,000 | 2 recámaras | 1 baño | 58 m² construidos | CALZ. VALLEJO, Nueva Industrial Vallejo, Gustavo A. Madero, Distrito Federal"
,"MXN6,700,000",,,,,https://terreno.mercadolibre.com.mx/MLM-5107684386-venta-terreno-0-ambiente-7-de-noviembre-_JM#polycard_client=search-desktop&be_origin=backend&search_layout=grid&position=42&type=item&tracking_id=91bb17fd-8321-4304-9c90-47d5f148ba22&price_drop=not_apply,"Terreno en venta | Venta Terreno 0 Ambiente 7 De Noviembre | IAD México | MXN | 6,700,000 | 220 m² de terreno | RIO CONSULADO, 1796, 7 De Noviembre, Gustavo A. Madero, Distrito Federal"
,"MXN4,700,000",,,,,https://casa.mercadolibre.com.mx/MLM-5315089176-venta-casas-san-juan-de-aragon-i-seccion-t-df0237-0021-_JM#polycard_client=search-desktop&be_origin=backend&search_layout=grid&position=43&type=item&tracking_id=91bb17fd-8321-4304-9c90-47d5f148ba22&price_drop=not_apply,"Casa en venta | Venta Casas San Juan De Aragon I Seccion T-df0237-0021 | MXN | 4,700,000 | 8 recámaras | 5 baños | 360 m² construidos | AV. 523, San Juan De Aragón I Sección, Gustavo A. Madero, Distrito Federal"
,"MXN300,000,000",,,,,https://inmueble.mercadolibre.com.mx/MLM-5251775826-venta-local-comercial-0-ambiente-san-pedro-zacatenco-_JM#polycard_client=search-desktop&be_origin=backend&search_layout=grid&position=44&type=item&tracking_id=91bb17fd-8321-4304-9c90-47d5f148ba22&price_drop=not_apply,"Local comercial en venta | Venta Local Comercial 0 Ambiente San Pedro Zacatenco | IAD México | MXN | 300,000,000 | 1,500 m² construidos | Calz. Ticomán, 480, San Pedro Zacatenco, Gustavo A. Madero, Distrito Federal"
,"MXN2,508,000",,,,,https://departamento.mercadolibre.com.mx/MLM-2733697065-venta-departamento-2-ambientes-aragon-la-villa-_JM#polycard_client=search-desktop&be_origin=backend&search_layout=grid&position=45&type=item&tracking_id=91bb17fd-8321-4304-9c90-47d5f148ba22&price_drop=not_apply,"Departamento en venta | Venta Departamento 2 Ambientes Aragón La Villa | IAD México | MXN | 2,508,000 | 2 recámaras | 2 baños | 50 m² construidos | Alberto Herrera 75, Aragón La Villa(Aragón),, 131, Aragón La Villa, Gustavo A. Madero, Distrito Federal"
,"MXN6,800,000",,,,,https://terreno.mercadolibre.com.mx/MLM-4755898692-venta-terreno-2-ambientes-san-bartolo-atepehuacan-_JM#polycard_client=search-desktop&be_origin=backend&search_layout=grid&position=46&type=item&tracking_id=91bb17fd-8321-4304-9c90-47d5f148ba22&price_drop=not_apply,"Terreno en venta | Venta Terreno 2 Ambientes San Bartolo Atepehuacan | IAD México | MXN | 6,800,000 | 309 m² de terreno | Ricarte, 659, San Bartolo Atepehuacan, Gustavo A. Madero, Distrito Federal"
,"MXN1,200,000",,,,,https://departamento.mercadolibre.com.mx/MLM-5199990162-venta-departamentos-7-de-noviembre-t-df0219-0100-_JM#polycard_client=search-desktop&be_origin=backend&search_layout=grid&position=47&type=item&tracking_id=91bb17fd-8321-4304-9c90-47d5f148ba22&price_drop=not_apply,"Departamento en venta | Venta Departamentos 7 De Noviembre T-df0219-0100 | MXN | 1,200,000 | 2 recámaras | 1 baño | 47 m² construidos | PEDRO MORENO, 7 De Noviembre, Gustavo A. Madero, Distrito Federal"
,"MXN3,300,000",,,,,https://casa.mercadolibre.com.mx/MLM-5057729846-casa-en-venta-en-ampl-gabriel-hernandez-gustavo-a-madero-_JM#polycard_client=search-desktop&be_origin=backend&search_layout=grid&position=48&type=item&tracking_id=91bb17fd-8321-4304-9c90-47d5f148ba22&price_drop=not_apply,"Casa en venta | Casa En Venta En Ampl. Gabriel Hernández, Gustavo A. Madero | MXN | 3,300,000 | 3 recámaras | 2 baños | 240 m² construidos | Prof. Pablo Moreno, Gabriel Hernández, Gustavo A. Madero, Distrito Federal"
,"MXN4,650,000",,,,,https://casa.mercadolibre.com.mx/MLM-5030316886-casa-en-venta-en-campestre-aragon-gustavo-a-madero-cdmx-_JM#polycard_client=search-desktop&be_origin=backend&search_layout=grid&position=1&type=item&tracking_id=173f1317-b186-4d06-b2ab-52cef267834e&price_drop=not_apply,"Casa en venta | Casa En Venta, En Campestre Aragón, Gustavo A. Madero, Cdmx | MXN | 4,650,000 | 3 recámaras | 2 baños | 420 m² construidos | Camino De La Prosperidad, Campestre Aragón, Gustavo A. Madero, Distrito Federal"
,"MXN4,671,600",,,,,https://departamento.mercadolibre.com.mx/MLM-2897293329-departamento-enfrente-del-politecnico-nal-_JM#polycard_client=search-desktop&be_origin=backend&search_layout=grid&position=2&type=item&tracking_id=173f1317-b186-4d06-b2ab-52cef267834e&price_drop=not_apply,"Departamento en venta | Departamento Enfrente Del Politécnico Nal | MXN | 4,671,600 | 2 recámaras | 2 baños | 65 m² construidos | Av Instituto Politécnico Nacional 1923A, Lindavista, Ciudad De México, Lindavista, Gustavo A. Madero, Distrito Federal"
,"MXN12,500,000",,,,,https://inmueble.mercadolibre.com.mx/MLM-5178978840-bodega-en-venta-en-colonia-santa-isabel-tola-alcaldia-gustavo-a-madero-cdmx-_JM#polycard_client=search-desktop&be_origin=backend&search_layout=grid&position=3&type=item&tracking_id=173f1317-b186-4d06-b2ab-52cef267834e&price_drop=not_apply,"Bodega en venta | Bodega En Venta En Colonia Santa Isabel Tola, Alcaldía Gustavo A Madero, Cdmx | MXN | 12,500,000 | 250 m² construidos | Tezozómoc, Santa Isabel Tola, Gustavo A. Madero, Distrito Federal"
,"MXN33,890,000",,,,,https://terreno.mercadolibre.com.mx/MLM-5378484702-terreno-en-venta-en-nueva-atzacoalco-_JM#polycard_client=search-desktop&float_highlight=recent_publication&price_drop=not_apply&be_origin=backend&search_layout=grid&position=4&type=item&tracking_id=173f1317-b186-4d06-b2ab-52cef267834e,"PUBLICADO ESTA SEMANA | Terreno en venta | Terreno En Venta En Nueva Atzacoalco | MXN | 33,890,000 | 355 m² construidos | 5 De Mayo, Nueva Atzacoalco, Gustavo A. Madero, Distrito Federal"
,"MXN7,900,000",,,,,https://casa.mercadolibre.com.mx/MLM-2723936365-venta-casas-industrial-t-df0215-0090-_JM#polycard_client=search-desktop&be_origin=backend&search_layout=grid&position=5&type=item&tracking_id=173f1317-b186-4d06-b2ab-52cef267834e&price_drop=not_apply,"Casa en venta | Venta Casas Industrial T-df0215-0090 | MXN | 7,900,000 | 5 recámaras | 5 baños | 220 m² construidos | GRAL. POPO, Industrial, Gustavo A. Madero, Distrito Federal"
,"MXN7,200,000",,,,,https://terreno.mercadolibre.com.mx/MLM-2522528479-terreno-comercial-venta-en-colonia-industrial-misterios-ctv634581-_JM#polycard_client=search-desktop&be_origin=backend&search_layout=grid&position=6&type=item&tracking_id=173f1317-b186-4d06-b2ab-52cef267834e&price_drop=not_apply,"Terreno en venta | Terreno Comercial Venta En Colonia Industrial, Misterios, Ctv634581 | MXN | 7,200,000 | 208 m² de terreno | Industrial, Gustavo A. Madero, Distrito Federal"
,"MXN2,300,000",,,,,https://inmueble.mercadolibre.com.mx/MLM-2686977497-venta-locales-comerciales-guadalupe-tepeyac-t-df0219-0079-_JM#polycard_client=search-desktop&be_origin=backend&search_layout=grid&position=7&type=item&tracking_id=173f1317-b186-4d06-b2ab-52cef267834e&price_drop=not_apply,"Local comercial en venta | Venta Locales Comerciales Guadalupe Tepeyac T-df0219-0079 | MXN | 2,300,000 | 20 m² construidos | AV. ING. BASILISO ROMO ANGUIANO, Guadalupe Tepeyac, Gustavo A. Madero, Distrito Federal"
,"MXN4,600,000",,,,,https://terreno.mercadolibre.com.mx/MLM-2687171755-venta-terrenos-7-de-noviembre-t-df0219-0075-_JM#polycard_client=search-desktop&be_origin=backend&search_layout=grid&position=8&type=item&tracking_id=173f1317-b186-4d06-b2ab-52cef267834e&price_drop=not_apply,"Terreno en venta | Venta Terrenos 7 De Noviembre T-df0219-0075 | MXN | 4,600,000 | 98 m² construidos | ESTAÑO, 7 De Noviembre, Gustavo A. Madero, Distrito Federal"
,"MXN1,400,000",,,,,https://inmueble.mercadolibre.com.mx/MLM-4694062574-venta-locales-comerciales-vallejo-t-df0236-0016-_JM#polycard_client=search-desktop&be_origin=backend&search_layout=grid&position=9&type=item&tracking_id=173f1317-b186-4d06-b2ab-52cef267834e&price_drop=not_apply,"Local comercial en venta | Venta Locales Comerciales Vallejo T-df0236-0016 | MXN | 1,400,000 | 20 m² construidos | SMETANA, Vallejo, Gustavo A. Madero, Distrito Federal"
,"MXN13,850,000",,,,,https://terreno.mercadolibre.com.mx/MLM-4693611362-venta-terrenos-vallejo-t-df0236-0022-_JM#polycard_client=search-desktop&be_origin=backend&search_layout=grid&position=10&type=item&tracking_id=173f1317-b186-4d06-b2ab-52cef267834e&price_drop=not_apply,"Terreno en venta | Venta Terrenos Vallejo T-df0236-0022 | MXN | 13,850,000 | 400 m² construidos | LEON CAVALLO, Vallejo, Gustavo A. Madero, Distrito Federal"
,"MXN7,000,000",,,,,https://terreno.mercadolibre.com.mx/MLM-2856966711-terreno-habitacional-en-venta-en-vallejo-gustavo-a-madero-ciudad-de-mexico-_JM#polycard_client=search-desktop&be_origin=backend&search_layout=grid&position=11&type=item&tracking_id=173f1317-b186-4d06-b2ab-52cef267834e&price_drop=not_apply,"Terreno en venta | Terreno Habitacional En Venta En Vallejo, Gustavo A. Madero, Ciudad De México | MXN | 7,000,000 | 360 m² de terreno | Calzada De Los Misterios, Vallejo, Gustavo A. Madero, Distrito Federal"
,"MXN4,900,000",,,,,https://departamento.mercadolibre.com.mx/MLM-5186792292-departamento-en-venta-lindavista-_JM#polycard_client=search-desktop&be_origin=backend&search_layout=grid&position=12&type=item&tracking_id=173f1317-b186-4d06-b2ab-52cef267834e&price_drop=not_apply,"Departamento en venta | Departamento En Venta - Lindavista | MXN | 4,900,000 | 3 recámaras | 2 baños | 98 m² construidos | Residencial Zacatenco, Gustavo A. Madero, Distrito Federal"
,"MXN23,000,000",,,,,https://terreno.mercadolibre.com.mx/MLM-5228285520-venta-terreno-0-ambiente-nueva-industrial-vallejo-_JM#polycard_client=search-desktop&be_origin=backend&search_layout=grid&position=13&type=item&tracking_id=173f1317-b186-4d06-b2ab-52cef267834e&price_drop=not_apply,"Terreno en venta | Venta Terreno 0 Ambiente Nueva Industrial Vallejo | IAD México | MXN | 23,000,000 | 1,087 m² de terreno | Uranio, 289, Nueva Industrial Vallejo, Gustavo A. Madero, Distrito Federal"
,"MXN3,290,000",,,,,https://terreno.mercadolibre.com.mx/MLM-5376472050-se-vende-terreno-excelente-lugar-estrategico-para-negocio-_JM#polycard_client=search-desktop&float_highlight=recent_publication&price_drop=not_apply&be_origin=backend&search_layout=grid&position=14&type=item&tracking_id=173f1317-b186-4d06-b2ab-52cef267834e,"PUBLICADO ESTA SEMANA | Terreno en venta | Se Vende Terreno Excelente  Lugar Estratégico Para Negocio | MXN | 3,290,000 | 200 m² de terreno | San Felipe De Jesús, Gustavo A. Madero, Distrito Federal"
,"MXN6,750,000",,,,,https://casa.mercadolibre.com.mx/MLM-2833997889-venta-casas-lindavista-sur-t-df0217-0103-_JM#polycard_client=search-desktop&be_origin=backend&search_layout=grid&position=15&type=item&tracking_id=173f1317-b186-4d06-b2ab-52cef267834e&price_drop=not_apply,"Casa en venta | Venta Casas Lindavista Sur T-df0217-0103 | MXN | 6,750,000 | 2 recámaras | 2 baños | 340 m² construidos | COBAN, Lindavista Sur, Gustavo A. Madero, Distrito Federal"
,"MXN395,000",,,,,https://inmueble.mercadolibre.com.mx/MLM-2742823419-local-en-venta-en-colonia-vallejo-ciudad-de-mexico-_JM#polycard_client=search-desktop&be_origin=backend&search_layout=grid&position=16&type=item&tracking_id=173f1317-b186-4d06-b2ab-52cef267834e&price_drop=not_apply,"Local comercial en venta | Local En Venta En Colonia Vallejo, Ciudad De Mexico | MXN | 395,000 | 12 m² construidos | Strauss 66, Vallejo, Gustavo A. Madero, Distrito Federal"
,"MXN90,000,000",,,,,https://casa.mercadolibre.com.mx/MLM-2834109153-terreno-en-venta-san-jose-ticoman-gustavo-a-madero-_JM#polycard_client=search-desktop&be_origin=backend&search_layout=grid&position=17&type=item&tracking_id=173f1317-b186-4d06-b2ab-52cef267834e&price_drop=not_apply,"Casa en venta | Terreno En Venta, San José Ticoman, Gustavo A. Madero | MXN | 90,000,000 | 1 recámara | 1 baño | 10 m² construidos | San José Ticomán, Gustavo A. Madero, Ciudad De México, Gustavo A. Madero, Distrito Federal"
,"MXN5,930,000",,,,,https://departamento.mercadolibre.com.mx/MLM-2865157803-departamento-en-venta-lindavista-_JM#polycard_client=search-desktop&be_origin=backend&search_layout=grid&position=18&type=item&tracking_id=173f1317-b186-4d06-b2ab-52cef267834e&price_drop=not_apply,"Departamento en venta | Departamento En Venta - Lindavista | MXN | 5,930,000 | 3 recámaras | 2 baños | 100 m² construidos | Lindavista Norte, Gustavo A. Madero, Distrito Federal"
,"MXN3,290,000",,,,,https://terreno.mercadolibre.com.mx/MLM-5376953126-se-vende-terreno-excelente-lugar-estrategico-para-negocio-_JM#polycard_client=search-desktop&float_highlight=recent_publication&price_drop=not_apply&be_origin=backend&search_layout=grid&position=19&type=item&tracking_id=173f1317-b186-4d06-b2ab-52cef267834e,"PUBLICADO ESTA SEMANA | Terreno en venta | Se Vende Terreno Excelente  Lugar Estratégico Para Negocio | MXN | 3,290,000 | 200 m² de terreno | San Felipe De Jesús, Gustavo A. Madero, Distrito Federal"
,"MXN4,480,000",,,,,https://departamento.mercadolibre.com.mx/MLM-5187034478-departamento-en-venta-lindavista-_JM#polycard_client=search-desktop&be_origin=backend&search_layout=grid&position=20&type=item&tracking_id=173f1317-b186-4d06-b2ab-52cef267834e&price_drop=not_apply,"Departamento en venta | Departamento En Venta - Lindavista | MXN | 4,480,000 | 2 recámaras | 2 baños | 91 m² construidos | Lindavista Norte, Gustavo A. Madero, Distrito Federal"
,"MXN12,500,000",,,,,https://terreno.mercadolibre.com.mx/MLM-2943084009-terreno-en-venta-en-colonia-santa-isabel-tola-alcaldia-gustavo-a-madero-cdmx-_JM#polycard_client=search-desktop&be_origin=backend&search_layout=grid&position=21&type=item&tracking_id=173f1317-b186-4d06-b2ab-52cef267834e&price_drop=not_apply,"Terreno en venta | Terreno En Venta En Colonia Santa Isabel Tola, Alcaldía Gustavo A Madero, Cdmx | MXN | 12,500,000 | 570 m² de terreno | Tezozómoc, Santa Isabel Tola, Gustavo A. Madero, Distrito Federal"
,"MXN7,500,000",,,,,https://terreno.mercadolibre.com.mx/MLM-2946107489-terreno-en-venta-en-guadalupe-victoria-_JM#polycard_client=search-desktop&float_highlight=recent_publication&price_drop=not_apply&be_origin=backend&search_layout=grid&position=22&type=item&tracking_id=173f1317-b186-4d06-b2ab-52cef267834e,"PUBLICADO ESTA SEMANA | Terreno en venta | Terreno En Venta En Guadalupe Victoria | MXN | 7,500,000 | 278 m² construidos | Godard, Guadalupe Victoria, Gustavo A. Madero, Distrito Federal"
,"MXN6,900,000",,,,,https://terreno.mercadolibre.com.mx/MLM-5185220418-terreno-con-proyecto-arquitectonico-ubicado-en-la-ciudad-de-mexico-_JM#polycard_client=search-desktop&be_origin=backend&search_layout=grid&position=23&type=item&tracking_id=173f1317-b186-4d06-b2ab-52cef267834e&price_drop=not_apply,"Terreno en venta | Terreno Con Proyecto Arquitectonico, Ubicado En La Ciudad De México. | MXN | 6,900,000 | 160 m² de terreno | Guadalupe Tepeyac, Gustavo A. Madero, Distrito Federal"
,"MXN6,500,000",,,,,https://inmueble.mercadolibre.com.mx/MLM-5186855228-terreno-con-proyecto-arquitectonico-ubicado-en-la-ciudad-de-mexico-_JM#polycard_client=search-desktop&be_origin=backend&search_layout=grid&position=24&type=item&tracking_id=173f1317-b186-4d06-b2ab-52cef267834e&price_drop=not_apply,"Edificio en venta | Terreno Con Proyecto Arquitectonico, Ubicado En La Ciudad De México. | MXN | 6,500,000 | 512 m² construidos | Guadalupe Tepeyac, Gustavo A. Madero, Distrito Federal"
,"MXN6,200,000",,,,,https://terreno.mercadolibre.com.mx/MLM-2909328337-terreno-con-proyecto-arquitectonico-ubicado-en-la-ciudad-de-mexico-_JM#polycard_client=search-desktop&be_origin=backend&search_layout=grid&position=25&type=item&tracking_id=173f1317-b186-4d06-b2ab-52cef267834e&price_drop=not_apply,"Terreno en venta | Terreno Con Proyecto Arquitectónico, Ubicado En La Ciudad De México. | MXN | 6,200,000 | 160 m² de terreno | Guadalupe Tepeyac, Gustavo A. Madero, Distrito Federal"
,"MXN5,990,000",,,,,https://departamento.mercadolibre.com.mx/MLM-5107293202-venta-de-departamento-en-lindavista-_JM#polycard_client=search-desktop&be_origin=backend&search_layout=grid&position=26&type=item&tracking_id=173f1317-b186-4d06-b2ab-52cef267834e&price_drop=not_apply,"Departamento en venta | Venta De Departamento En Lindavista | MXN | 5,990,000 | 6 recámaras | 3 baños | 138 m² construidos | CALI 627, Lindavista, Gustavo A. Madero, Distrito Federal"
,"MXN50,000,000",,,,,https://terreno.mercadolibre.com.mx/MLM-4100184514-terreno-en-venta-en-av-rio-consulado-colonia-7-de-noviembre-_JM#polycard_client=search-desktop&be_origin=backend&search_layout=grid&position=27&type=item&tracking_id=173f1317-b186-4d06-b2ab-52cef267834e&price_drop=not_apply,"Terreno en venta | Terreno En Venta En Av. Río Consulado, Colonia 7 De Noviembre | MXN | 50,000,000 | 589 m² de terreno | Siete De Noviembre, Mexico City, 7 De Noviembre, Gustavo A. Madero, Distrito Federal"
,"MXN19,000,000",,,,,https://inmueble.mercadolibre.com.mx/MLM-5030339494-bodega-en-venta-martin-carrera-gustavo-a-madero-cdmx-_JM#polycard_client=search-desktop&be_origin=backend&search_layout=grid&position=28&type=item&tracking_id=173f1317-b186-4d06-b2ab-52cef267834e&price_drop=not_apply,"Bodega en venta | Bodega En Venta, Martín Carrera, Gustavo A. Madero Cdmx | MXN | 19,000,000 | 877 m² de terreno | MARTIN CARRERA 156, Martín Carrera, Gustavo A. Madero, Distrito Federal"
,"MXN19,000,000",,,,,https://inmueble.mercadolibre.com.mx/MLM-5022682060-bodega-en-venta-martin-carrera-gustavo-a-madero-cdmx-_JM#polycard_client=search-desktop&be_origin=backend&search_layout=grid&position=29&type=item&tracking_id=173f1317-b186-4d06-b2ab-52cef267834e&price_drop=not_apply,"Bodega en venta | Bodega En Venta, Martín Carrera, Gustavo A. Madero Cdmx | MXN | 19,000,000 | 877 m² de terreno | MARTIN CARRERA 156, Martín Carrera, Gustavo A. Madero, Distrito Federal"
,"MXN13,500,000",,,,,https://terreno.mercadolibre.com.mx/MLM-5378484780-venta-de-terreno-gustavo-a-madero-_JM#polycard_client=search-desktop&float_highlight=recent_publication&price_drop=not_apply&be_origin=backend&search_layout=grid&position=30&type=item&tracking_id=173f1317-b186-4d06-b2ab-52cef267834e,"PUBLICADO ESTA SEMANA | Terreno en venta | Venta De Terreno, Gustavo A Madero | MXN | 13,500,000 | 301 m² construidos | Rio Consulado, San Juan De Aragón II Sección, Gustavo A. Madero, Distrito Federal"
,"MXN19,000,000",,,,,https://inmueble.mercadolibre.com.mx/MLM-2760658667-bodega-en-venta-martin-carrera-gustavo-a-madero-cdmx-_JM#polycard_client=search-desktop&be_origin=backend&search_layout=grid&position=31&type=item&tracking_id=173f1317-b186-4d06-b2ab-52cef267834e&price_drop=not_apply,"Bodega en venta | Bodega En Venta, Martín Carrera, Gustavo A. Madero Cdmx | MXN | 19,000,000 | 877 m² de terreno | MARTIN CARRERA 156, Martín Carrera, Gustavo A. Madero, Distrito Federal"
,"MXN17,380,000",,,,,https://terreno.mercadolibre.com.mx/MLM-4846799200-venta-de-terreno-en-lindavista-_JM#polycard_client=search-desktop&be_origin=backend&search_layout=grid&position=32&type=item&tracking_id=173f1317-b186-4d06-b2ab-52cef267834e&price_drop=not_apply,"Terreno en venta | Venta De Terreno En Lindavista | MXN | 17,380,000 | 535 m² de terreno | Cali 702, Lindavista, Gustavo A. Madero, 07300 Ciudad De México, CDMX, Mexico, Colonia Lindavista Norte, Gustavo A. Madero, Distrito Federal"
,"MXN7,000,000",,,,,https://casa.mercadolibre.com.mx/MLM-5402568226-casa-en-venta-cerca-del-aeropuerto-_JM#polycard_client=search-desktop&float_highlight=recent_publication&price_drop=not_apply&be_origin=backend&search_layout=grid&position=33&type=item&tracking_id=173f1317-b186-4d06-b2ab-52cef267834e,"PUBLICADO ESTA SEMANA | Casa en venta | Casa En Venta Cerca Del Aeropuerto | MXN | 7,000,000 | 3 recámaras | 4 baños | 161 m² construidos | Av 300 - 600, San Juan De Aragón I Secc, Ciudad De México, San Juan De Aragón, Gustavo A. Madero, Distrito Federal"
,"MXN7,500,000",,,,,https://casa.mercadolibre.com.mx/MLM-5393023198-vendo-casa-en-la-gustavo-a-madero-_JM#polycard_client=search-desktop&float_highlight=recent_publication&price_drop=not_apply&be_origin=backend&search_layout=grid&position=34&type=item&tracking_id=173f1317-b186-4d06-b2ab-52cef267834e,"PUBLICADO ESTA SEMANA | Casa en venta | Vendo Casa En La Gustavo A. Madero. | MXN | 7,500,000 | 3 recámaras | 2 baños | 320 m² construidos | La Joya, Gustavo A. Madero, Distrito Federal"
,"MXN907,680",,,,,https://departamento.mercadolibre.com.mx/MLM-2608213945-lindavista-vallejo-departamento-venta-gustavo-madero-cdmx-_JM#polycard_client=search-desktop&be_origin=backend&search_layout=grid&position=35&type=item&tracking_id=173f1317-b186-4d06-b2ab-52cef267834e&price_drop=not_apply,"Departamento en venta | Lindavista Vallejo Departamento Venta Gustavo Madero Cdmx | MXN | 907,680 | 2 recámaras | 1 baño | 53 m² construidos | Lindavista Vallejo II Sección, Gustavo A. Madero, Distrito Federal"
,"MXN1,478,000",,,,,https://departamento.mercadolibre.com.mx/MLM-2608165151-unidad-la-patera-departamento-venta-gustavo-a-madero-cdmx-_JM#polycard_client=search-desktop&be_origin=backend&search_layout=grid&position=36&type=item&tracking_id=173f1317-b186-4d06-b2ab-52cef267834e&price_drop=not_apply,"Departamento en venta | Unidad La Patera Departamento Venta Gustavo A. Madero Cdmx | MXN | 1,478,000 | 3 recámaras | 1 baño | 70 m² construidos | La Patera Vallejo, Gustavo A. Madero, Distrito Federal"
,"MXN630,000",,,,,https://departamento.mercadolibre.com.mx/MLM-5395539840-industrial-vallejo-departamento-venta-gam-cdmx-_JM#polycard_client=search-desktop&float_highlight=recent_publication&price_drop=not_apply&be_origin=backend&search_layout=grid&position=37&type=item&tracking_id=173f1317-b186-4d06-b2ab-52cef267834e,"PUBLICADO ESTA SEMANA | Departamento en venta | Industrial Vallejo Departamento Venta Gam Cdmx | MXN | 630,000 | 2 recámaras | 1 baño | 60 m² construidos | Industrial, Gustavo A. Madero, Distrito Federal"
,"MXN1,241,000",,,,,https://casa.mercadolibre.com.mx/MLM-5395492194-la-pradera-casa-venta-gustavo-a-madero-cdmx-_JM#polycard_client=search-desktop&float_highlight=recent_publication&price_drop=not_apply&be_origin=backend&search_layout=grid&position=38&type=item&tracking_id=173f1317-b186-4d06-b2ab-52cef267834e,"PUBLICADO ESTA SEMANA | Casa en venta | La Pradera, Casa Venta, Gustavo A. Madero, Cdmx. | MXN | 1,241,000 | 3 recámaras | 1 baño | 61 m² construidos | La Pradera 1a Sección, Gustavo A. Madero, Distrito Federal"
,"MXN1,880,000",,,,,https://departamento.mercadolibre.com.mx/MLM-4835618958-venta-departamento-_JM#polycard_client=search-desktop&be_origin=backend&search_layout=grid&position=39&type=item&tracking_id=173f1317-b186-4d06-b2ab-52cef267834e&price_drop=not_apply,"Departamento en venta | Venta Departamento | MXN | 1,880,000 | 3 recámaras | 1 baño | 69 m² construidos | Av. Chalmita, Zona Escolar Oriente, Gustavo A. Madero, Distrito Federal"
,"MXN2,928,000",,,,,https://casa.mercadolibre.com.mx/MLM-5395503686-ampliacion-providencia-casa-venta-gustavo-madero-cdmx-_JM#polycard_client=search-desktop&float_highlight=recent_publication&price_drop=not_apply&be_origin=backend&search_layout=grid&position=40&type=item&tracking_id=173f1317-b186-4d06-b2ab-52cef267834e,"PUBLICADO ESTA SEMANA | Casa en venta | Ampliacion Providencia Casa Venta Gustavo Madero Cdmx | MXN | 2,928,000 | 4 recámaras | 2 baños | 217 m² construidos | Ampliación Providencia, Gustavo A. Madero, Distrito Federal"
,"MXN4,000,000",,,,,https://casa.mercadolibre.com.mx/MLM-2894635981-casa-en-san-juan-de-aragon-iii-seccion-gustavo-a-madero-con-6-recamaras-224-m-id-161784-_JM#polycard_client=search-desktop&be_origin=backend&search_layout=grid&position=41&type=item&tracking_id=173f1317-b186-4d06-b2ab-52cef267834e&price_drop=not_apply,"Casa en venta | Casa En San Juan De Aragón Iii Sección, Gustavo A. Madero Con 6 Recámaras, 224 M², Id: 161784 | Houm | MXN | 4,000,000 | 6 recámaras | 3 baños | 224 m² construidos | Avenida 589, San Juan De Aragón III Sección, Gustavo A. Madero, Distrito Federal"
,"MXN856,422",,,,,https://departamento.mercadolibre.com.mx/MLM-2779182383-el-arbolillo-iii-croc-departamento-venta-gustavo-a-madero-cdmx-_JM#polycard_client=search-desktop&be_origin=backend&search_layout=grid&position=42&type=item&tracking_id=173f1317-b186-4d06-b2ab-52cef267834e&price_drop=not_apply,"Departamento en venta | El Arbolillo Iii Croc, Departamento Venta, Gustavo A. Madero, Cdmx | MXN | 856,422 | 2 recámaras | 1 baño | 46 m² construidos | El Arbolillo, Gustavo A. Madero, Distrito Federal"
,"MXN8,900,000",,,,,https://casa.mercadolibre.com.mx/MLM-2940756749-amplia-casa-familiar-lindavista-_JM#polycard_client=search-desktop&be_origin=backend&search_layout=grid&position=43&type=item&tracking_id=173f1317-b186-4d06-b2ab-52cef267834e&price_drop=not_apply,"Casa en venta | Amplia Casa Familiar Lindavista | MXN | 8,900,000 | 5 recámaras | 2 baños | 297 m² construidos | Payta, Lindavista Sur, Ciudad De México, Lindavista Norte, Gustavo A. Madero, Distrito Federal"
,"MXN8,900,000",,,,,https://casa.mercadolibre.com.mx/MLM-2940756453-casa-lindavista-5-recamaras-_JM#polycard_client=search-desktop&be_origin=backend&search_layout=grid&position=44&type=item&tracking_id=173f1317-b186-4d06-b2ab-52cef267834e&price_drop=not_apply,"Casa en venta | Casa Lindavista 5 Recamaras | MXN | 8,900,000 | 5 recámaras | 2 baños | 297 m² construidos | Payta 725, Lindavista, Ciudad De México, Lindavista Sur, Gustavo A. Madero, Distrito Federal"
,"MXN1,200,000",,,,,https://departamento.mercadolibre.com.mx/MLM-2940747855-departamento-en-venta-tel5636024140-_JM#polycard_client=search-desktop&be_origin=backend&search_layout=grid&position=45&type=item&tracking_id=173f1317-b186-4d06-b2ab-52cef267834e&price_drop=not_apply,"Departamento en venta | Departamento En Venta Tel...5636024140 | MXN | 1,200,000 | 2 recámaras | 1 baño | 48 m² construidos | Carr. Tenayuca Chalmita 50, Arbolillo II, Ciudad De México, El Arbolillo II CROC, Gustavo A. Madero, Distrito Federal"
,"MXN2,596,094",,,,,https://terreno.mercadolibre.com.mx/MLM-3770638440-santa-maria-ticoman-terreno-venta-gustavo-madero-cdmx-_JM#polycard_client=search-desktop&be_origin=backend&search_layout=grid&position=46&type=item&tracking_id=173f1317-b186-4d06-b2ab-52cef267834e&price_drop=not_apply,"Terreno en venta | Santa Maria Ticoman Terreno Venta Gustavo Madero Cdmx | MXN | 2,596,094 | 492 m² de terreno | La Laguna Ticoman, Gustavo A. Madero, Distrito Federal"
,"MXN2,300,000",,,,,https://casa.mercadolibre.com.mx/MLM-5395540186-santiago-atepetlac-casa-residencial-venta-gustavo-a-madero-cdmx-_JM#polycard_client=search-desktop&float_highlight=recent_publication&price_drop=not_apply&be_origin=backend&search_layout=grid&position=47&type=item&tracking_id=173f1317-b186-4d06-b2ab-52cef267834e,"PUBLICADO ESTA SEMANA | Casa en venta | Santiago Atepetlac  Casa Residencial  Venta Gustavo A. Madero Cdmx. | MXN | 2,300,000 | 3 recámaras | 2 baños | 240 m² construidos | Santiago Atepetlac, Gustavo A. Madero, Distrito Federal"
,"MXN4,500,000",,,,,https://casa.mercadolibre.com.mx/MLM-4476289040-zona-escolar-gustavo-a-madero-cdmx-casa-en-venta-_JM#polycard_client=search-desktop&be_origin=backend&search_layout=grid&position=48&type=item&tracking_id=173f1317-b186-4d06-b2ab-52cef267834e&price_drop=not_apply,"Casa en venta | Zona Escolar, Gustavo A. Madero Cdmx Casa En Venta | MXN | 4,500,000 | 4 recámaras | 3 baños | 387 m² construidos | Zona Escolar, Gustavo A. Madero, Distrito Federal"
,"MXN1,083,300",,,,,https://departamento.mercadolibre.com.mx/MLM-5395492056-santiago-atepetlac-departamento-en-venta-gustavo-a-madero-cdmx-_JM#polycard_client=search-desktop&float_highlight=recent_publication&price_drop=not_apply&be_origin=backend&search_layout=grid&position=1&type=item&tracking_id=788fe447-56f5-44ef-ad44-d1a2bdaab788,"PUBLICADO ESTA SEMANA | Departamento en venta | Santiago Atepetlac, Departamento En Venta, Gustavo A Madero, Cdmx. | MXN | 1,083,300 | 2 recámaras | 1 baño | 59 m² construidos | Santiago Atepetlac, Gustavo A. Madero, Distrito Federal"
,"MXN7,875,000",,,,,https://casa.mercadolibre.com.mx/MLM-4587954592-lindavista-casa-venta-gustavo-madero-cdmx-_JM#polycard_client=search-desktop&be_origin=backend&search_layout=grid&position=2&type=item&tracking_id=788fe447-56f5-44ef-ad44-d1a2bdaab788&price_drop=not_apply,"Casa en venta | Lindavista Casa Venta Gustavo Madero Cdmx | MXN | 7,875,000 | 3 recámaras | 3 baños | 214 m² construidos | Lindavista Norte, Gustavo A. Madero, Distrito Federal"
,"MXN3,600,000",,,,,https://casa.mercadolibre.com.mx/MLM-4632991256-la-providencia-gustavo-a-madero-cdmx-casa-en-venta-_JM#polycard_client=search-desktop&be_origin=backend&search_layout=grid&position=3&type=item&tracking_id=788fe447-56f5-44ef-ad44-d1a2bdaab788&price_drop=not_apply,"Casa en venta | La Providencia, Gustavo A. Madero, Cdmx. Casa En Venta | MXN | 3,600,000 | 3 recámaras | 2 baños | 233 m² construidos | Providencia, Gustavo A. Madero, Distrito Federal"
,"MXN2,090,000",,,,,https://departamento.mercadolibre.com.mx/MLM-2608429395-granjas-modernas-departamento-venta-gustavo-madero-cdmx-_JM#polycard_client=search-desktop&be_origin=backend&search_layout=grid&position=4&type=item&tracking_id=788fe447-56f5-44ef-ad44-d1a2bdaab788&price_drop=not_apply,"Departamento en venta | Granjas Modernas Departamento Venta Gustavo Madero Cdmx | MXN | 2,090,000 | 2 recámaras | 1 baño | 81 m² construidos | Granjas Modernas, Gustavo A. Madero, Distrito Federal"
,"MXN12,900,000",,,,,https://casa.mercadolibre.com.mx/MLM-2845865615-casa-en-venta-en-colonia-lindavista-norte-gustavo-a-madero-ciudad-de-mexico-_JM#polycard_client=search-desktop&be_origin=backend&search_layout=grid&position=5&type=item&tracking_id=788fe447-56f5-44ef-ad44-d1a2bdaab788&price_drop=not_apply,"Casa en venta | Casa En Venta En Colonia Lindavista Norte, Gustavo A. Madero, Ciudad De México | MXN | 12,900,000 | 4 recámaras | 2 baños | 440 m² construidos | Manizales 0, Lindavista Norte, Gustavo A. Madero, Distrito Federal"
,"MXN4,700,000",,,,,https://departamento.mercadolibre.com.mx/MLM-4837300266-departamento-en-venta-en-colonia-lindavista-norte-gustavo-a-madero-ciudad-de-mexico-_JM#polycard_client=search-desktop&be_origin=backend&search_layout=grid&position=6&type=item&tracking_id=788fe447-56f5-44ef-ad44-d1a2bdaab788&price_drop=not_apply,"Departamento en venta | Departamento En Venta En Colonia Lindavista Norte, Gustavo A. Madero, Ciudad De México | MXN | 4,700,000 | 2 recámaras | 1 baño | 194 m² construidos | Chosica 655, Lindavista Norte, Gustavo A. Madero, Distrito Federal"
,"MXN17,680,000",,,,,https://casa.mercadolibre.com.mx/MLM-2782249757-casa-en-venta-en-colonia-planetario-lindavista-gustavo-a-madero-ciudad-de-mexico-_JM#polycard_client=search-desktop&be_origin=backend&search_layout=grid&position=7&type=item&tracking_id=788fe447-56f5-44ef-ad44-d1a2bdaab788&price_drop=not_apply,"Casa en venta | Casa En Venta En Colonia Planetario Lindavista, Gustavo A. Madero, Ciudad De México | MXN | 17,680,000 | 4 recámaras | 4 baños | 440 m² construidos | Lindavista 00, Planetario Lindavista, Gustavo A. Madero, Distrito Federal"
,"MXN1,139,500",,,,,https://departamento.mercadolibre.com.mx/MLM-4640970576-santiago-atepetlac-departamento-en-venta-gustavo-a-madero-cdmx-_JM#polycard_client=search-desktop&be_origin=backend&search_layout=grid&position=8&type=item&tracking_id=788fe447-56f5-44ef-ad44-d1a2bdaab788&price_drop=not_apply,"Departamento en venta | Santiago Atepetlac Departamento En Venta Gustavo A. Madero Cdmx. | MXN | 1,139,500 | 2 recámaras | 1 baño | 59 m² construidos | Santiago Atepetlac, Gustavo A. Madero, Distrito Federal"
,"MXN16,700,000",,,,,https://casa.mercadolibre.com.mx/MLM-2740013967-casa-en-venta-en-colonia-torres-lindavista-gustavo-a-madero-ciudad-de-mexico-_JM#polycard_client=search-desktop&be_origin=backend&search_layout=grid&position=9&type=item&tracking_id=788fe447-56f5-44ef-ad44-d1a2bdaab788&price_drop=not_apply,"Casa en venta | Casa En Venta En Colonia Torres Lindavista, Gustavo A. Madero, Ciudad De México | MXN | 16,700,000 | 4 recámaras | 4 baños | 420 m² construidos | . 0, Torres Lindavista, Gustavo A. Madero, Distrito Federal"
,"MXN4,800,000",,,,,https://departamento.mercadolibre.com.mx/MLM-2756606335-departamento-en-venta-en-lindavista-norte-_JM#polycard_client=search-desktop&be_origin=backend&search_layout=grid&position=10&type=item&tracking_id=788fe447-56f5-44ef-ad44-d1a2bdaab788&price_drop=not_apply,"Departamento en venta | Departamento En Venta En Lindavista Norte | MXN | 4,800,000 | 2 recámaras | 2 baños | 120 m² construidos | Av. Lindavista  S/N, Lindavista Norte, Gustavo A. Madero, Distrito Federal"
,"MXN2,150,000",,,,,https://departamento.mercadolibre.com.mx/MLM-5030635980-departamento-en-venta-en-eduardo-molina-gustavo-a-madero-cdmx-_JM#polycard_client=search-desktop&be_origin=backend&search_layout=grid&position=11&type=item&tracking_id=788fe447-56f5-44ef-ad44-d1a2bdaab788&price_drop=not_apply,"Departamento en venta | Departamento En Venta En Eduardo Molina, Gustavo A. Madero, Cdmx | MXN | 2,150,000 | 3 recámaras | 1 baño | 60 m² construidos | Av. San Juan De Aragon No. 544 Edif. Napoles Depto. 505, Eduardo Molina, Gustavo A. Madero, Distrito Federal"
,"MXN3,672,000",,,,,https://casa.mercadolibre.com.mx/MLM-5395527760-guadalupe-proletaria-casa-venta-gustavo-a-madero-cdmx-_JM#polycard_client=search-desktop&float_highlight=recent_publication&price_drop=not_apply&be_origin=backend&search_layout=grid&position=12&type=item&tracking_id=788fe447-56f5-44ef-ad44-d1a2bdaab788,"PUBLICADO ESTA SEMANA | Casa en venta | Guadalupe Proletaria, Casa Venta, Gustavo A Madero, Cdmx | MXN | 3,672,000 | 3 recámaras | 2 baños | 211 m² construidos | Ampliación Guadalupe Proletaria, Gustavo A. Madero, Distrito Federal"
,"MXN3,700,000",,,,,https://casa.mercadolibre.com.mx/MLM-5395527932-ampliacion-guadalupe-proletaria-casa-venta-gustavo-madero-cdmx-_JM#polycard_client=search-desktop&float_highlight=recent_publication&price_drop=not_apply&be_origin=backend&search_layout=grid&position=13&type=item&tracking_id=788fe447-56f5-44ef-ad44-d1a2bdaab788,"PUBLICADO ESTA SEMANA | Casa en venta | Ampliación Guadalupe Proletaria Casa Venta Gustavo Madero Cdmx | MXN | 3,700,000 | 4 recámaras | 3 baños | 186 m² construidos | Ampliación Guadalupe Proletaria, Gustavo A. Madero, Distrito Federal"
,"MXN1,579,305",,,,,https://inmueble.mercadolibre.com.mx/MLM-3770482728-heroes-de-nacozari-edificio-venta-gustavo-a-madero-cdmx-_JM#polycard_client=search-desktop&be_origin=backend&search_layout=grid&position=14&type=item&tracking_id=788fe447-56f5-44ef-ad44-d1a2bdaab788&price_drop=not_apply,"Edificio en venta | Heroes De Nacozari Edificio Venta Gustavo A. Madero Cdmx | MXN | 1,579,305 | 505 m² construidos | Héroe De Nacozari, Gustavo A. Madero, Distrito Federal"
,"MXN6,300,000",,,,,https://casa.mercadolibre.com.mx/MLM-2867471051-casa-con-local-comercial-y-potencial-de-desarrollo-230-m-tepeyac-insurgentes-_JM#polycard_client=search-desktop&be_origin=backend&search_layout=grid&position=15&type=item&tracking_id=788fe447-56f5-44ef-ad44-d1a2bdaab788&price_drop=not_apply,"Casa en venta | Casa Con Local Comercial Y Potencial De Desarrollo | 230 M² |tepeyac Insurgentes | MXN | 6,300,000 | 4 recámaras | 3 baños | 200 m² construidos | Tepeyac Insurgentes, Gustavo A. Madero, Distrito Federal"
,"MXN5,925,938",,,,,https://casa.mercadolibre.com.mx/MLM-2608238259-acueducto-de-guadalupe-casa-venta-gustavo-a-madero-cdmx-_JM#polycard_client=search-desktop&be_origin=backend&search_layout=grid&position=16&type=item&tracking_id=788fe447-56f5-44ef-ad44-d1a2bdaab788&price_drop=not_apply,"Casa en venta | Acueducto De Guadalupe, Casa Venta, Gustavo A Madero, Cdmx | MXN | 5,925,938 | 4 recámaras | 3 baños | 390 m² construidos | Acueducto De Guadalupe, Gustavo A. Madero, Distrito Federal"
,"MXN690,900",,,,,https://departamento.mercadolibre.com.mx/MLM-5395492682-el-arbolillo-iii-croc-departamento-venta-gustavo-a-madero-cdmx-_JM#polycard_client=search-desktop&float_highlight=recent_publication&price_drop=not_apply&be_origin=backend&search_layout=grid&position=17&type=item&tracking_id=788fe447-56f5-44ef-ad44-d1a2bdaab788,"PUBLICADO ESTA SEMANA | Departamento en venta | El Arbolillo Iii Croc  Departamento  Venta  Gustavo A. Madero  Cdmx. | MXN | 690,900 | 2 recámaras | 1 baño | 46 m² construidos | El Arbolillo III CROC, Gustavo A. Madero, Distrito Federal"
,"MXN4,300,000",,,,,https://inmueble.mercadolibre.com.mx/MLM-3770533226-constitucion-de-la-republica-edificio-en-venta-gustavo-a-madero-cdmx-_JM#polycard_client=search-desktop&be_origin=backend&search_layout=grid&position=18&type=item&tracking_id=788fe447-56f5-44ef-ad44-d1a2bdaab788&price_drop=not_apply,"Edificio en venta | Constitución De La República, Edificio En Venta, Gustavo A. Madero, Cdmx | MXN | 4,300,000 | 422 m² construidos | Constitución De La República, Gustavo A. Madero, Distrito Federal"
,"MXN3,685,000",,,,,https://casa.mercadolibre.com.mx/MLM-2936888763-la-pradera-1a-seccion-gustavo-a-madero-_JM#polycard_client=search-desktop&be_origin=backend&search_layout=grid&position=19&type=item&tracking_id=788fe447-56f5-44ef-ad44-d1a2bdaab788&price_drop=not_apply,"Casa en venta | La Pradera 1a Sección, Gustavo A. Madero | MXN | 3,685,000 | 6 recámaras | 2 baños | 216 m² construidos | La Pradera, Gustavo A. Madero, Distrito Federal"
,"MXN6,176,075",,,,,https://casa.mercadolibre.com.mx/MLM-2608212945-san-juan-de-aragon-casa-a-en-venta-gustavo-madero-cdmx-_JM#polycard_client=search-desktop&be_origin=backend&search_layout=grid&position=20&type=item&tracking_id=788fe447-56f5-44ef-ad44-d1a2bdaab788&price_drop=not_apply,"Casa en venta | San Juan De Aragon Casa A En Venta Gustavo Madero Cdmx. | MXN | 6,176,075 | 3 recámaras | 2 baños | 248 m² construidos | San Juan De Aragón II Sección, Gustavo A. Madero, Distrito Federal"
,"MXN2,324,000",,,,,https://departamento.mercadolibre.com.mx/MLM-5395527964-nueva-atzacoalco-departamento-venta-gustavo-madero-cdmx-_JM#polycard_client=search-desktop&float_highlight=recent_publication&price_drop=not_apply&be_origin=backend&search_layout=grid&position=21&type=item&tracking_id=788fe447-56f5-44ef-ad44-d1a2bdaab788,"PUBLICADO ESTA SEMANA | Departamento en venta | Nueva Atzacoalco Departamento Venta Gustavo Madero Cdmx. | MXN | 2,324,000 | 2 recámaras | 1 baño | 58 m² construidos | Santiago Atzacoalco, Gustavo A. Madero, Distrito Federal"
,"MXN18,000,000",,,,,https://terreno.mercadolibre.com.mx/MLM-5187281794-terreno-en-venta-vallejo-_JM#polycard_client=search-desktop&be_origin=backend&search_layout=grid&position=22&type=item&tracking_id=788fe447-56f5-44ef-ad44-d1a2bdaab788&price_drop=not_apply,"Terreno en venta | Terreno En Venta Vallejo | MXN | 18,000,000 | 764 m² de terreno | Terreno EN Venta Vallejo, Vallejo, Gustavo A. Madero, Distrito Federal"
,"MXN8,750,000",,,,,https://casa.mercadolibre.com.mx/MLM-2748895621-amplia-casa-con-locales-cerca-de-lindavista-norte-_JM#polycard_client=search-desktop&be_origin=backend&search_layout=grid&position=23&type=item&tracking_id=788fe447-56f5-44ef-ad44-d1a2bdaab788&price_drop=not_apply,"Casa en venta | Amplia Casa Con Locales Cerca De Lindavista Norte | MXN | 8,750,000 | 2 recámaras | 1 baño | 180 m² construidos | San Bartolo Atepehuacan, Gustavo A. Madero, Distrito Federal"
,"MXN9,590,000",,,,,https://casa.mercadolibre.com.mx/MLM-2855984089-casa-con-departamento-en-venta-en-ferrocarrilera-insurgentes-_JM#polycard_client=search-desktop&be_origin=backend&search_layout=grid&position=24&type=item&tracking_id=788fe447-56f5-44ef-ad44-d1a2bdaab788&price_drop=not_apply,"Casa en venta | Casa Con Departamento En Venta En Ferrocarrilera Insurgentes | MXN | 9,590,000 | 8 recámaras | 4 baños | 429 m² construidos | MANUEL MORALES, Ferrocarrilera, Gustavo A. Madero, Distrito Federal"
,"MXN2,596,093",,,,,https://inmueble.mercadolibre.com.mx/MLM-4899066602-santa-maria-ticoman-bodega-venta-gustavo-madero-cdmx-_JM#polycard_client=search-desktop&be_origin=backend&search_layout=grid&position=25&type=item&tracking_id=788fe447-56f5-44ef-ad44-d1a2bdaab788&price_drop=not_apply,"Bodega en venta | Santa Maria Ticoman Bodega Venta Gustavo Madero Cdmx | MXN | 2,596,093 | 676 m² construidos | La Laguna Ticoman, Gustavo A. Madero, Distrito Federal"
,"MXN854,600",,,,,https://departamento.mercadolibre.com.mx/MLM-5395504054-el-arbolillo-iii-gustavo-a-madero-cdmx-departamento-en-venta-_JM#polycard_client=search-desktop&float_highlight=recent_publication&price_drop=not_apply&be_origin=backend&search_layout=grid&position=26&type=item&tracking_id=788fe447-56f5-44ef-ad44-d1a2bdaab788,"PUBLICADO ESTA SEMANA | Departamento en venta | El Arbolillo Iii  Gustavo A. Madero Cdmx Departamento En Venta | MXN | 854,600 | 2 recámaras | 1 baño | 43 m² construidos | El Arbolillo III CROC, Gustavo A. Madero, Distrito Federal"
,"MXN20,000,000",,,,,https://casa.mercadolibre.com.mx/MLM-5395503450-casas-locales-departamentos-venta-villa-gustavo-madero-cdmx-_JM#polycard_client=search-desktop&float_highlight=recent_publication&price_drop=not_apply&be_origin=backend&search_layout=grid&position=27&type=item&tracking_id=788fe447-56f5-44ef-ad44-d1a2bdaab788,"PUBLICADO ESTA SEMANA | Casa en venta | Casas, Locales, Departamentos Venta Villa Gustavo Madero Cdmx | MXN | 20,000,000 | 28 recámaras | 28 baños | 1,200 m² construidos | Villa Gustavo A. Madero, Gustavo A. Madero, Distrito Federal"
,"MXN2,600,000",,,,,https://casa.mercadolibre.com.mx/MLM-5310269766-ampliacion-providencia-gustavo-a-madero-casa-en-venta-_JM#polycard_client=search-desktop&be_origin=backend&search_layout=grid&position=28&type=item&tracking_id=788fe447-56f5-44ef-ad44-d1a2bdaab788&price_drop=not_apply,"Casa en venta | Ampliación Providencia, Gustavo A, Madero, Casa En Venta | MXN | 2,600,000 | 4 recámaras | 3 baños | 215 m² construidos | Ampliación Providencia, Gustavo A. Madero, Distrito Federal"
,"MXN40,000,000",,,,,https://inmueble.mercadolibre.com.mx/MLM-4261916886-bodega-en-venta-en-san-juan-de-aragon-gustavo-a-madero-ciudad-de-mexico-_JM#polycard_client=search-desktop&be_origin=backend&search_layout=grid&position=29&type=item&tracking_id=788fe447-56f5-44ef-ad44-d1a2bdaab788&price_drop=not_apply,"Bodega en venta | Bodega En Venta En San Juan De Aragon, Gustavo A. Madero, Ciudad De México | MXN | 40,000,000 | 2 baños | 1,806 m² construidos | N/A 0, San Juan De Aragón, Gustavo A. Madero, Distrito Federal"
,"MXN208,500",,,,,https://inmueble.mercadolibre.com.mx/MLM-4777695260-tepeyac-gustavo-a-madero-cdmx-cajon-de-estacionamiento-en-venta-_JM#polycard_client=search-desktop&be_origin=backend&search_layout=grid&position=30&type=item&tracking_id=788fe447-56f5-44ef-ad44-d1a2bdaab788&price_drop=not_apply,"Otro inmueble en venta | Tepeyac Gustavo A. Madero Cdmx Cajón De Estacionamiento En Venta | MXN | 208,500 | 4 m² construidos | Valle Del Tepeyac, Gustavo A. Madero, Distrito Federal"
,"MXN1,106,000",,,,,https://departamento.mercadolibre.com.mx/MLM-5395527380-vasco-de-quiroga-departamento-venta-gustavo-a-madero-cdmx-_JM#polycard_client=search-desktop&float_highlight=recent_publication&price_drop=not_apply&be_origin=backend&search_layout=grid&position=31&type=item&tracking_id=788fe447-56f5-44ef-ad44-d1a2bdaab788,"PUBLICADO ESTA SEMANA | Departamento en venta | Vasco De Quiroga, Departamento Venta, Gustavo A Madero, Cdmx | MXN | 1,106,000 | 2 recámaras | 1 baño | 59 m² construidos | Vasco De Quiroga, Gustavo A. Madero, Distrito Federal"
,"MXN250,000,000",,,,,https://inmueble.mercadolibre.com.mx/MLM-2406567955-edificio-en-venta-en-granjas-modernas-gustavo-a-madero-ciudad-de-mexico-_JM#polycard_client=search-desktop&be_origin=backend&search_layout=grid&position=32&type=item&tracking_id=788fe447-56f5-44ef-ad44-d1a2bdaab788&price_drop=not_apply,"Edificio en venta | Edificio En Venta En Granjas Modernas, Gustavo A. Madero, Ciudad De México | MXN | 250,000,000 | 1 baño | 7,860 m² construidos | N/A 1 - 300, Granjas Modernas, Gustavo A. Madero, Distrito Federal"
,"MXN21,933,120",,,,,https://inmueble.mercadolibre.com.mx/MLM-3770546122-aragon-la-villa-edificio-en-venta-gustavo-a-madero-cdmx-_JM#polycard_client=search-desktop&be_origin=backend&search_layout=grid&position=33&type=item&tracking_id=788fe447-56f5-44ef-ad44-d1a2bdaab788&price_drop=not_apply,"Edificio en venta | Aragon La Villa, Edificio En Venta,  Gustavo A Madero, Cdmx | MXN | 21,933,120 | 1,474 m² construidos | Aragón La Villa, Gustavo A. Madero, Distrito Federal"
,"MXN13,800,000",,,,,https://terreno.mercadolibre.com.mx/MLM-2748804943-se-vende-terreno-de-360m2-en-col-tepeyac-insurgentes-_JM#polycard_client=search-desktop&be_origin=backend&search_layout=grid&position=34&type=item&tracking_id=788fe447-56f5-44ef-ad44-d1a2bdaab788&price_drop=not_apply,"Terreno en venta | Se Vende Terreno De 360m2 En Col.  Tepeyac Insurgentes | MXN | 13,800,000 | 360 m² de terreno | Tepeyac Insurgentes, Gustavo A. Madero, Distrito Federal"
,"MXN250,000,000",,,,,https://inmueble.mercadolibre.com.mx/MLM-4261852176-edificio-en-venta-en-granjas-modernas-gustavo-a-madero-ciudad-de-mexico-_JM#polycard_client=search-desktop&be_origin=backend&search_layout=grid&position=35&type=item&tracking_id=788fe447-56f5-44ef-ad44-d1a2bdaab788&price_drop=not_apply,"Edificio en venta | Edificio En Venta En Granjas Modernas, Gustavo A. Madero, Ciudad De México | MXN | 250,000,000 | 1 baño | 7,860 m² construidos | N/A 1 - 300, Granjas Modernas, Gustavo A. Madero, Distrito Federal"
,"MXN14,300,000",,,,,https://inmueble.mercadolibre.com.mx/MLM-4899054630-guadalupe-tepeyac-gustavo-a-madero-cdmx-edificio-en-venta-_JM#polycard_client=search-desktop&be_origin=backend&search_layout=grid&position=36&type=item&tracking_id=788fe447-56f5-44ef-ad44-d1a2bdaab788&price_drop=not_apply,"Edificio en venta | Guadalupe Tepeyac, Gustavo A. Madero, Cdmx. Edificio En Venta | MXN | 14,300,000 | 714 m² construidos | Guadalupe Tepeyac, Gustavo A. Madero, Distrito Federal"
,"MXN14,300,000",,,,,https://inmueble.mercadolibre.com.mx/MLM-2759320557-guadalupe-tepeyac-gustavo-a-madero-cdmx-edificio-en-venta-_JM#polycard_client=search-desktop&be_origin=backend&search_layout=grid&position=37&type=item&tracking_id=788fe447-56f5-44ef-ad44-d1a2bdaab788&price_drop=not_apply,"Edificio en venta | Guadalupe Tepeyac, Gustavo A. Madero, Cdmx. Edificio En Venta | MXN | 14,300,000 | 714 m² construidos | Guadalupe Tepeyac, Gustavo A. Madero, Distrito Federal"
,"MXN16,500,000",,,,,https://inmueble.mercadolibre.com.mx/MLM-2759247565-local-comercial-en-venta-en-colonia-guadalupe-tepeyac-gustavo-a-madero-ciudad-de-mexico-_JM#polycard_client=search-desktop&be_origin=backend&search_layout=grid&position=38&type=item&tracking_id=788fe447-56f5-44ef-ad44-d1a2bdaab788&price_drop=not_apply,"Local comercial en venta | Local Comercial En Venta En Colonia Guadalupe Tepeyac, Gustavo A. Madero, Ciudad De México | MXN | 16,500,000 | 5 baños | 659 m² construidos | Noé 42, Guadalupe Tepeyac, Gustavo A. Madero, Distrito Federal"
,"MXN5,635,000",,,,,https://casa.mercadolibre.com.mx/MLM-5395504162-lindavista-casa-venta-gustavo-a-madero-cdmx-_JM#polycard_client=search-desktop&float_highlight=recent_publication&price_drop=not_apply&be_origin=backend&search_layout=grid&position=39&type=item&tracking_id=788fe447-56f5-44ef-ad44-d1a2bdaab788,"PUBLICADO ESTA SEMANA | Casa en venta | Lindavista Casa Venta Gustavo A Madero Cdmx | MXN | 5,635,000 | 4 recámaras | 3 baños | 310 m² construidos | Lindavista Norte, Gustavo A. Madero, Distrito Federal"
,"MXN2,538,000",,,,,https://departamento.mercadolibre.com.mx/MLM-5395528236-constitucion-de-la-republica-departamento-en-venta-gustavo-a-madero-cdmx-_JM#polycard_client=search-desktop&float_highlight=recent_publication&price_drop=not_apply&be_origin=backend&search_layout=grid&position=40&type=item&tracking_id=788fe447-56f5-44ef-ad44-d1a2bdaab788,"PUBLICADO ESTA SEMANA | Departamento en venta | Constitucion De La Republica, Departamento En Venta, Gustavo A. Madero, Cdmx | MXN | 2,538,000 | 2 recámaras | 2 baños | 66 m² construidos | Constitución De La República, Gustavo A. Madero, Distrito Federal"
,"MXN1,375,000",,,,,https://departamento.mercadolibre.com.mx/MLM-2608238553-gam-acueducto-de-guadalupe-departamento-venta-ciudad-de-mexico-_JM#polycard_client=search-desktop&be_origin=backend&search_layout=grid&position=41&type=item&tracking_id=788fe447-56f5-44ef-ad44-d1a2bdaab788&price_drop=not_apply,"Departamento en venta | Gam Acueducto De Guadalupe Departamento Venta Ciudad De Mexico | MXN | 1,375,000 | 2 recámaras | 1 baño | 58 m² construidos | Acueducto De Guadalupe, Gustavo A. Madero, Distrito Federal"
,"MXN1,207,910",,,,,https://departamento.mercadolibre.com.mx/MLM-5395528072-santiago-atepetlac-departamento-venta-gustavo-a-madero-cdmx-_JM#polycard_client=search-desktop&float_highlight=recent_publication&price_drop=not_apply&be_origin=backend&search_layout=grid&position=42&type=item&tracking_id=788fe447-56f5-44ef-ad44-d1a2bdaab788,"PUBLICADO ESTA SEMANA | Departamento en venta | Santiago Atepetlac, Departamento Venta, Gustavo A. Madero, Cdmx | MXN | 1,207,910 | 2 recámaras | 1 baño | 59 m² construidos | Santiago Atepetlac, Gustavo A. Madero, Distrito Federal"
,"MXN3,950,000",,,,,https://terreno.mercadolibre.com.mx/MLM-2419433461-terreno-en-venta-en-colonia-residencial-acueducto-de-guadalupe-gustavo-a-madero-ciudad-de-mexico-_JM#polycard_client=search-desktop&be_origin=backend&search_layout=grid&position=43&type=item&tracking_id=788fe447-56f5-44ef-ad44-d1a2bdaab788&price_drop=not_apply,"Terreno en venta | Terreno En Venta En Colonia Residencial Acueducto De Guadalupe, Gustavo A. Madero, Ciudad De México | MXN | 3,950,000 | 160 m² de terreno | Farallones SN, Residencial Acueducto De Guadalupe, Gustavo A. Madero, Distrito Federal"
,"MXN4,316,783",,,,,https://casa.mercadolibre.com.mx/MLM-2608165545-ampliacion-progreso-nacionalcasa-producto-venta-gustavo-a-maderocdmx-_JM#polycard_client=search-desktop&be_origin=backend&search_layout=grid&position=44&type=item&tracking_id=788fe447-56f5-44ef-ad44-d1a2bdaab788&price_drop=not_apply,"Casa en venta | Ampliacion Progreso Nacionalcasa Producto Venta Gustavo A. Maderocdmx | MXN | 4,316,783 | 6 recámaras | 2 baños | 343 m² construidos | Ampliación Progreso Nacional, Gustavo A. Madero, Distrito Federal"
,"MXN3,250,000",,,,,https://casa.mercadolibre.com.mx/MLM-4830272260-inmueble-en-venta-san-felipe-de-jesus-cerca-del-mercado-excelente-para-bodega-_JM#polycard_client=search-desktop&be_origin=backend&search_layout=grid&position=45&type=item&tracking_id=788fe447-56f5-44ef-ad44-d1a2bdaab788&price_drop=not_apply,"Casa en venta | Inmueble En Venta San Felipe De Jesús. Cerca Del Mercado. Excelente Para Bodega | MXN | 3,250,000 | 6 recámaras | 2 baños | 250 m² construidos | 25 De Julio, Gustavo A. Madero, Distrito Federal"
,"MXN250,000,000",,,,,https://inmueble.mercadolibre.com.mx/MLM-3770520040-granjas-modernas-hospital-en-venta-gustavo-a-madero-ciudad-de-mexico-_JM#polycard_client=search-desktop&be_origin=backend&search_layout=grid&position=46&type=item&tracking_id=788fe447-56f5-44ef-ad44-d1a2bdaab788&price_drop=not_apply,"Edificio en venta | Granjas Modernas Hospital En Venta Gustavo A. Madero Ciudad De México | MXN | 250,000,000 | 7,860 m² construidos | Granjas Modernas, Gustavo A. Madero, Distrito Federal"
,"MXN4,600,000",,,,,https://inmueble.mercadolibre.com.mx/MLM-3770573304-guadalupe-tepeyac-edificio-venta-gustavo-a-madero-cdmx-_JM#polycard_client=search-desktop&be_origin=backend&search_layout=grid&position=47&type=item&tracking_id=788fe447-56f5-44ef-ad44-d1a2bdaab788&price_drop=not_apply,"Edificio en venta | Guadalupe Tepeyac Edificio Venta Gustavo A Madero Cdmx | MXN | 4,600,000 | 487 m² construidos | Guadalupe Tepeyac, Gustavo A. Madero, Distrito Federal"
,"MXN832,300",,,,,https://departamento.mercadolibre.com.mx/MLM-5395539142-el-arbolillo-ctm-gustavo-a-madero-cdmx-_JM#polycard_client=search-desktop&float_highlight=recent_publication&price_drop=not_apply&be_origin=backend&search_layout=grid&position=48&type=item&tracking_id=788fe447-56f5-44ef-ad44-d1a2bdaab788,"PUBLICADO ESTA SEMANA | Departamento en venta | El Arbolillo Ctm Gustavo A Madero Cdmx | MXN | 832,300 | 2 recámaras | 1 baño | 45 m² construidos | El Arbolillo III CROC, Gustavo A. Madero, Distrito Federal"
,"MXN138,000,000",,,,,https://terreno.mercadolibre.com.mx/MLM-3770598752-7-de-noviembre-terreno-venta-gustavo-madero-cdmx-_JM#polycard_client=search-desktop&be_origin=backend&search_layout=grid&position=1&type=item&tracking_id=2fbb3835-2c68-46ea-bafa-961a76690cc7&price_drop=not_apply,"Terreno en venta | 7 De Noviembre Terreno Venta Gustavo Madero Cdmx | MXN | 138,000,000 | 2,904 m² de terreno | 7 De Noviembre, Gustavo A. Madero, Distrito Federal"
,"MXN782,300",,,,,https://departamento.mercadolibre.com.mx/MLM-5395492238-el-arbolillo-iii-croc-departamento-venta-gustavo-a-madero-cdmx-_JM#polycard_client=search-desktop&float_highlight=recent_publication&price_drop=not_apply&be_origin=backend&search_layout=grid&position=2&type=item&tracking_id=2fbb3835-2c68-46ea-bafa-961a76690cc7,"PUBLICADO ESTA SEMANA | Departamento en venta | El Arbolillo Iii Croc, Departamento Venta, Gustavo A. Madero, Cdmx | MXN | 782,300 | 2 recámaras | 1 baño | 45 m² construidos | El Arbolillo III CROC, Gustavo A. Madero, Distrito Federal"
,"MXN836,600",,,,,https://departamento.mercadolibre.com.mx/MLM-5395503540-el-arbolillo-iii-croc-departamento-venta-gustavo-a-madero-cdmx-_JM#polycard_client=search-desktop&float_highlight=recent_publication&price_drop=not_apply&be_origin=backend&search_layout=grid&position=3&type=item&tracking_id=2fbb3835-2c68-46ea-bafa-961a76690cc7,"PUBLICADO ESTA SEMANA | Departamento en venta | El Arbolillo Iii Croc, Departamento Venta, Gustavo A. Madero, Cdmx | MXN | 836,600 | 2 recámaras | 1 baño | 42 m² construidos | El Arbolillo III CROC, Gustavo A. Madero, Distrito Federal"
,"MXN781,000",,,,,https://departamento.mercadolibre.com.mx/MLM-5395528400-el-arbolillo-iii-croc-departamento-venta-gustavo-a-madero-cdmx-_JM#polycard_client=search-desktop&float_highlight=recent_publication&price_drop=not_apply&be_origin=backend&search_layout=grid&position=4&type=item&tracking_id=2fbb3835-2c68-46ea-bafa-961a76690cc7,"PUBLICADO ESTA SEMANA | Departamento en venta | El Arbolillo Iii Croc, Departamento Venta, Gustavo A. Madero, Cdmx | MXN | 781,000 | 2 recámaras | 1 baño | 44 m² construidos | El Arbolillo III CROC, Gustavo A. Madero, Distrito Federal"
,"MXN775,100",,,,,https://departamento.mercadolibre.com.mx/MLM-5395504022-el-arbolillo-iii-croc-departamento-venta-gustavo-a-madero-cdmx-_JM#polycard_client=search-desktop&float_highlight=recent_publication&price_drop=not_apply&be_origin=backend&search_layout=grid&position=5&type=item&tracking_id=2fbb3835-2c68-46ea-bafa-961a76690cc7,"PUBLICADO ESTA SEMANA | Departamento en venta | El Arbolillo Iii Croc, Departamento Venta, Gustavo A. Madero, Cdmx | MXN | 775,100 | 2 recámaras | 1 baño | 43 m² construidos | El Arbolillo III CROC, Gustavo A. Madero, Distrito Federal"
,"MXN776,800",,,,,https://departamento.mercadolibre.com.mx/MLM-5395503682-el-arbolillo-iii-croc-departamento-venta-gustavo-a-madero-cdmx-_JM#polycard_client=search-desktop&float_highlight=recent_publication&price_drop=not_apply&be_origin=backend&search_layout=grid&position=6&type=item&tracking_id=2fbb3835-2c68-46ea-bafa-961a76690cc7,"PUBLICADO ESTA SEMANA | Departamento en venta | El Arbolillo Iii Croc, Departamento Venta, Gustavo A. Madero, Cdmx | MXN | 776,800 | 2 recámaras | 1 baño | 42 m² construidos | El Arbolillo III CROC, Gustavo A. Madero, Distrito Federal"
,"MXN777,800",,,,,https://departamento.mercadolibre.com.mx/MLM-5395527540-el-arbolillo-iii-croc-departamento-venta-gustavo-a-madero-cdmx-_JM#polycard_client=search-desktop&float_highlight=recent_publication&price_drop=not_apply&be_origin=backend&search_layout=grid&position=7&type=item&tracking_id=2fbb3835-2c68-46ea-bafa-961a76690cc7,"PUBLICADO ESTA SEMANA | Departamento en venta | El Arbolillo Iii Croc, Departamento Venta, Gustavo A. Madero, Cdmx | MXN | 777,800 | 2 recámaras | 1 baño | 43 m² construidos | El Arbolillo III CROC, Gustavo A. Madero, Distrito Federal"
,"MXN2,560,000",,,,,https://departamento.mercadolibre.com.mx/MLM-5395492572-villa-gustavo-madero-departamento-venta-gustavo-madero-cdmx-_JM#polycard_client=search-desktop&float_highlight=recent_publication&price_drop=not_apply&be_origin=backend&search_layout=grid&position=8&type=item&tracking_id=2fbb3835-2c68-46ea-bafa-961a76690cc7,"PUBLICADO ESTA SEMANA | Departamento en venta | Villa Gustavo Madero Departamento Venta Gustavo Madero Cdmx. | MXN | 2,560,000 | 2 recámaras | 1 baño | 78 m² construidos | Villa Gustavo A. Madero, Gustavo A. Madero, Distrito Federal"
,"MXN815,640",,,,,https://departamento.mercadolibre.com.mx/MLM-5395539868-el-arbolillo-iii-croc-departamento-venta-gustavo-a-madero-cdmx-_JM#polycard_client=search-desktop&float_highlight=recent_publication&price_drop=not_apply&be_origin=backend&search_layout=grid&position=9&type=item&tracking_id=2fbb3835-2c68-46ea-bafa-961a76690cc7,"PUBLICADO ESTA SEMANA | Departamento en venta | El Arbolillo Iii Croc, Departamento Venta, Gustavo A. Madero, Cdmx | MXN | 815,640 | 2 recámaras | 1 baño | 42 m² construidos | El Arbolillo III CROC, Gustavo A. Madero, Distrito Federal"
,"MXN858,600",,,,,https://departamento.mercadolibre.com.mx/MLM-5395540234-el-arbolillo-iii-croc-departamento-venta-gustavo-a-madero-cdmx-_JM#polycard_client=search-desktop&float_highlight=recent_publication&price_drop=not_apply&be_origin=backend&search_layout=grid&position=10&type=item&tracking_id=2fbb3835-2c68-46ea-bafa-961a76690cc7,"PUBLICADO ESTA SEMANA | Departamento en venta | El Arbolillo Iii Croc, Departamento Venta, Gustavo A. Madero, Cdmx | MXN | 858,600 | 2 recámaras | 1 baño | 43 m² construidos | El Arbolillo III CROC, Gustavo A. Madero, Distrito Federal"
,"MXN68,000,000",,,,,https://inmueble.mercadolibre.com.mx/MLM-4255854564-tepeyac-insurgentes-gustavo-a-madero-cdmx-edificio-en-venta-_JM#polycard_client=search-desktop&be_origin=backend&search_layout=grid&position=11&type=item&tracking_id=2fbb3835-2c68-46ea-bafa-961a76690cc7&price_drop=not_apply,"Edificio en venta | Tepeyac Insurgentes, Gustavo A. Madero, Cdmx Edificio En Venta | MXN | 68,000,000 | 1,238 m² construidos | Tepeyac Insurgentes, Gustavo A. Madero, Distrito Federal"
,"MXN5,300,000",,,,,https://casa.mercadolibre.com.mx/MLM-2608377707-san-juan-de-aragon-casa-en-venta-gustavo-a-madero-cdmx-_JM#polycard_client=search-desktop&be_origin=backend&search_layout=grid&position=12&type=item&tracking_id=2fbb3835-2c68-46ea-bafa-961a76690cc7&price_drop=not_apply,"Casa en venta | San Juan De Aragon, Casa En Venta, Gustavo A Madero, Cdmx | MXN | 5,300,000 | 7 recámaras | 3 baños | 248 m² construidos | San Juan De Aragón II Sección, Gustavo A. Madero, Distrito Federal"
,"MXN2,100,000",,,,,https://departamento.mercadolibre.com.mx/MLM-2798152043-se-vende-departamento-en-dm-nacional-gustavo-a-madero-cdmx-_JM#polycard_client=search-desktop&be_origin=backend&search_layout=grid&position=13&type=item&tracking_id=2fbb3835-2c68-46ea-bafa-961a76690cc7&price_drop=not_apply,"Departamento en venta | Se Vende Departamento En Dm Nacional, Gustavo A. Madero, Cdmx | MXN | 2,100,000 | 3 recámaras | 2 baños | 60 m² construidos | Clz. San Juan De Aragon  Edif. Malva Real 530, DM Nacional, Gustavo A. Madero, Distrito Federal"
,"MXN12,800,000",,,,,https://inmueble.mercadolibre.com.mx/MLM-5140780968-edificio-residencial-y-comercial-mixto-en-venta-en-calzada-de-guadalupe-en-colonia-guadalupe-tepeyac-_JM#polycard_client=search-desktop&be_origin=backend&search_layout=grid&position=14&type=item&tracking_id=2fbb3835-2c68-46ea-bafa-961a76690cc7&price_drop=not_apply,"Edificio en venta | Edificio Residencial Y Comercial Mixto En Venta En Calzada De Guadalupe En Colonia Guadalupe Tepeyac | MXN | 12,800,000 | 714 m² construidos | Calzada De Guadalupe, Guadalupe Tepeyac, Gustavo A. Madero, Distrito Federal"
,"MXN12,800,000",,,,,https://inmueble.mercadolibre.com.mx/MLM-5140759352-edificio-mixto-comercial-y-residencial-en-venta-en-calzada-de-guadalupe-en-colonia-guadalupe-tepeyac-_JM#polycard_client=search-desktop&be_origin=backend&search_layout=grid&position=15&type=item&tracking_id=2fbb3835-2c68-46ea-bafa-961a76690cc7&price_drop=not_apply,"Edificio en venta | Edificio Mixto Comercial Y Residencial En Venta En Calzada De Guadalupe En Colonia Guadalupe Tepeyac | MXN | 12,800,000 | 714 m² construidos | Calzada De Guadalupe, Guadalupe Tepeyac, Gustavo A. Madero, Distrito Federal"
,"MXN2,736,386",,,,,https://departamento.mercadolibre.com.mx/MLM-5140759316-departamento-en-venta-nueva-industrial-vallejo-gustavo-a-madero-_JM#polycard_client=search-desktop&be_origin=backend&search_layout=grid&position=16&type=item&tracking_id=2fbb3835-2c68-46ea-bafa-961a76690cc7&price_drop=not_apply,"Departamento en venta | Departamento En Venta Nueva Industrial Vallejo, Gustavo A. Madero | MXN | 2,736,386 | 2 recámaras | 1 baño | 56 m² construidos | Miguel Othón De Mendizábal Poniente, Nueva Industrial Vallejo, Gustavo A. Madero, Distrito Federal"
,"MXN1,600,000",,,,,https://departamento.mercadolibre.com.mx/MLM-5289079758-departamento-en-venta-en-pb-en-la-u-h-el-milagro-el-milagro-gustavo-a-madero-26-2948-avc-_JM#polycard_client=search-desktop&be_origin=backend&search_layout=grid&position=17&type=item&tracking_id=2fbb3835-2c68-46ea-bafa-961a76690cc7&price_drop=not_apply,"Departamento en venta | Departamento En Venta En Pb En La U. H. El Milagro, El Milagro, Gustavo A. Madero #26 - 2948 Avc | MXN | 1,600,000 | 2 recámaras | 1 baño | 54 m² construidos | Nte. 94-A, Milagro, Ciudad De México, El Milagro, Gustavo A. Madero, Distrito Federal"
,"MXN12,600,000",,,,,https://inmueble.mercadolibre.com.mx/MLM-5178662852-excelente-bodega-comercial-o-industrial-con-gran-potencial-para-desarrollar-uso-mixto-hasta-8-niveles-hm-830z-zona-val-_JM#polycard_client=search-desktop&be_origin=backend&search_layout=grid&position=18&type=item&tracking_id=2fbb3835-2c68-46ea-bafa-961a76690cc7&price_drop=not_apply,"Bodega en venta | Excelente Bodega Comercial O Industrial Con Gran Potencial Para Desarrollar Uso Mixto Hasta 8 Niveles Hm 8/30/z Zona Val | MXN | 12,600,000 | 3 baños | 500 m² construidos | Excelente Bodega Comercial O Industrial Con Gran Potencial Para Desarrollar Uso Mixto Hasta 8 Niveles HM 8/30/z Zona Val, Gustavo A. Madero, Distrito Federal"
,"MXN1,600,000",,,,,https://departamento.mercadolibre.com.mx/MLM-2916817603-departamento-en-venta-colonia-en-milagro-gustavo-a-madreo-planta-baja-ch26-2948-_JM#polycard_client=search-desktop&be_origin=backend&search_layout=grid&position=19&type=item&tracking_id=2fbb3835-2c68-46ea-bafa-961a76690cc7&price_drop=not_apply,"Departamento en venta | Departamento En Venta - Colonia En Milagro, Gustavo A. Madreo Planta Baja Ch#26-2948 | MXN | 1,600,000 | 2 recámaras | 1 baño | 54 m² construidos | Nte. 94-A 8519, Milagro, Ciudad De México, El Milagro, Gustavo A. Madero, Distrito Federal"
,"MXN1,920,000",,,,,https://departamento.mercadolibre.com.mx/MLM-4694060244-venta-departamento-tipo-loft-en-desarrollo-boutique-de-solo-10-departamentos-en-oceania-ch26-1794-_JM#polycard_client=search-desktop&be_origin=backend&search_layout=grid&position=20&type=item&tracking_id=2fbb3835-2c68-46ea-bafa-961a76690cc7&price_drop=not_apply,"Departamento en venta | Venta Departamento Tipo Loft En Desarrollo Boutique De Solo 10 Departamentos En Oceanía Ch#26-1794 | MXN | 1,920,000 | 1 recámara | 1 baño | 40 m² construidos | Av. Río Consulado 2608, San Juan De Aragón I Secc, Ciudad De México, San Juan De Aragón I Sección, Gustavo A. Madero, Distrito Federal"
,"MXN2,429,000",,,,,https://departamento.mercadolibre.com.mx/MLM-4693996858-venta-departamento-tipo-loft-en-oceania-ch26-1792-_JM#polycard_client=search-desktop&be_origin=backend&search_layout=grid&position=21&type=item&tracking_id=2fbb3835-2c68-46ea-bafa-961a76690cc7&price_drop=not_apply,"Departamento en venta | Venta Departamento Tipo Loft En Oceanía Ch26-1792 | MXN | 2,429,000 | 1 recámara | 1 baño | 49 m² construidos | Av. Río Consulado 2608, San Juan De Aragón I Secc, Ciudad De México, San Juan De Aragón I Sección, Gustavo A. Madero, Distrito Federal"
,"MXN2,847,831",,,,,https://departamento.mercadolibre.com.mx/MLM-4693610278-venta-departamento-tipo-loft-con-terraza-privada-ch-26-1795-_JM#polycard_client=search-desktop&be_origin=backend&search_layout=grid&position=22&type=item&tracking_id=2fbb3835-2c68-46ea-bafa-961a76690cc7&price_drop=not_apply,"Departamento en venta | Venta Departamento Tipo Loft Con Terraza Privada Ch #26-1795 | MXN | 2,847,831 | 1 recámara | 1 baño | 79 m² construidos | Av. Río Consulado 2608, San Juan De Aragón I Secc, Ciudad De México, San Juan De Aragón I Sección, Gustavo A. Madero, Distrito Federal"
,"MXN2,712,220",,,,,https://departamento.mercadolibre.com.mx/MLM-2698717561-departamento-en-preventa-tipo-loft-con-amplia-terraza-en-circuito-interior-rio-consulado-26-1795-avc-_JM#polycard_client=search-desktop&be_origin=backend&search_layout=grid&position=23&type=item&tracking_id=2fbb3835-2c68-46ea-bafa-961a76690cc7&price_drop=not_apply,"Departamento en venta | Departamento En Preventa Tipo Loft Con Amplia Terraza En Circuito Interior Río Consulado #26-1795 Avc | MXN | 2,712,220 | 1 recámara | 1 baño | 36 m² construidos | Av. Río Consulado, San Juan De Aragón I Secc, Ciudad De México, San Juan De Aragón I Sección, Gustavo A. Madero, Distrito Federal"
,"MXN3,300,000",,,,,https://inmueble.mercadolibre.com.mx/MLM-3767930022-ib-cm0625-bodega-industrial-en-renta-en-gustavo-a-madero-15000-m2-_JM#polycard_client=search-desktop&be_origin=backend&search_layout=grid&position=24&type=item&tracking_id=2fbb3835-2c68-46ea-bafa-961a76690cc7&price_drop=not_apply,"Bodega en venta | Ib-cm0625 - Bodega Industrial En Renta En Gustavo A. Madero, 15,000 M2. | MXN | 3,300,000 | 15,000 m² construidos | Av. Talismán 448, Granjas Modernas, Ciudad De México, CDMX, México, Gustavo A. Madero, Distrito Federal"
,"MXN3,300,000",,,,,https://inmueble.mercadolibre.com.mx/MLM-3767930172-ib-cm0626-bodega-industrial-en-renta-en-gustavo-a-madero-15000-m2-_JM#polycard_client=search-desktop&be_origin=backend&search_layout=grid&position=25&type=item&tracking_id=2fbb3835-2c68-46ea-bafa-961a76690cc7&price_drop=not_apply,"Bodega en venta | Ib-cm0626 - Bodega Industrial En Renta En Gustavo A. Madero, 15,000 M2. | MXN | 3,300,000 | 15,000 m² construidos | Av. Talismán 448, Granjas Modernas, Ciudad De México, CDMX, México, Gustavo A. Madero, Distrito Federal"
,"MXN1,350,000",,,,,https://casa.mercadolibre.com.mx/MLM-5412814010-casa-en-venta-en-la-escalera-en-aguascalientes-_JM#polycard_client=search-desktop&float_highlight=recent_publication&price_drop=not_apply&be_origin=backend&search_layout=grid&position=26&type=item&tracking_id=2fbb3835-2c68-46ea-bafa-961a76690cc7,"PUBLICADO HOY | Casa en venta | Casa En Venta En La Escalera En Aguascalientes. | MXN | 1,350,000 | 2 recámaras | 2 baños | 140 m² construidos | Casa En Venta En Fracc. La Escalera En Jesús Ma. Aguascalientes., La Escalera, Gustavo A. Madero, Distrito Federal"
,"MXN12,500,000",,,,,https://terreno.mercadolibre.com.mx/MLM-2962172025-venta-de-terreno-en-la-escalera-jesus-maria-aguascalientes-_JM#polycard_client=search-desktop&float_highlight=recent_publication&price_drop=not_apply&be_origin=backend&search_layout=grid&position=27&type=item&tracking_id=2fbb3835-2c68-46ea-bafa-961a76690cc7,"PUBLICADO HOY | Terreno en venta | Venta De Terreno En La Escalera, Jesús María, Aguascalientes. | MXN | 12,500,000 | 25,000 m² de terreno | Venta De Terreno En La Escalera, Jesús María, Aguascalientes. //, La Escalera, Gustavo A. Madero, Distrito Federal"
,"MXN6,000,000",,,,,https://casa.mercadolibre.com.mx/MLM-2957278469-conjunto-de-casa-departamento-y-local-comercial-_JM#polycard_client=search-desktop&float_highlight=recent_publication&price_drop=not_apply&be_origin=backend&search_layout=grid&position=28&type=item&tracking_id=2fbb3835-2c68-46ea-bafa-961a76690cc7,"PUBLICADO ESTA SEMANA | Casa en venta | Conjunto De Casa, Departamento Y Local Comercial. | MXN | 6,000,000 | 4 recámaras | 2 baños | 378 m² construidos | Santa Rosa, Mexico City, Santa Rosa, Gustavo A. Madero, Distrito Federal"
,"MXN2,650,000",,,,,https://departamento.mercadolibre.com.mx/MLM-5401557408-hermoso-departamento-cerca-de-via-vallejo-con-estacionamiento-_JM#polycard_client=search-desktop&float_highlight=recent_publication&price_drop=not_apply&be_origin=backend&search_layout=grid&position=29&type=item&tracking_id=2fbb3835-2c68-46ea-bafa-961a76690cc7,"PUBLICADO ESTA SEMANA | Departamento en venta | Hermoso Departamento Cerca De Via Vallejo Con Estacionamiento | MXN | 2,650,000 | 2 recámaras | 1 baño | 67 m² construidos | Lindavista Vallejo III Secc, Mexico City, Nueva Vallejo, Gustavo A. Madero, Distrito Federal"
,"MXN2,200,000",,,,,https://departamento.mercadolibre.com.mx/MLM-2946308945-oportunidad-gam-departamento-en-venta-2-recamaras-excelentes-ubicacion-_JM#polycard_client=search-desktop&float_highlight=recent_publication&price_drop=not_apply&be_origin=backend&search_layout=grid&position=30&type=item&tracking_id=2fbb3835-2c68-46ea-bafa-961a76690cc7,"PUBLICADO ESTA SEMANA | Departamento en venta | Oportunidad!!!! Gam Departamento En Venta 2 Recámaras Excelentes Ubicacion | MXN | 2,200,000 | 2 recámaras | 1 baño | 55 m² construidos | Insurgentes Nte. 1249, Guadalupe Insurgentes, Ciudad De México, Guadalupe Insurgentes, Gustavo A. Madero, Distrito Federal"
,"MXN1,785,000",,,,,https://casa.mercadolibre.com.mx/MLM-2932054337-la-mejor-casa-en-venta-de-pachuca-3-recamaras-equipada-con-cocina-y-closets-gratis-_JM#polycard_client=search-desktop&be_origin=backend&search_layout=grid&position=31&type=item&tracking_id=2fbb3835-2c68-46ea-bafa-961a76690cc7&price_drop=not_apply,"Casa en venta | La Mejor Casa En Venta De Pachuca 3 Recamaras Equipada Con Cocina Y Closets Gratis | MXN | 1,785,000 | 3 recámaras | 1 baño | 103 m² construidos | Gustavo A. Madero, Mexico City, Ampliación Arboledas, Gustavo A. Madero, Distrito Federal"
,"MXN4,999,999",,,,,https://casa.mercadolibre.com.mx/MLM-2923109179-bonita-casa-con-acabados-y-amplia-_JM#polycard_client=search-desktop&be_origin=backend&search_layout=grid&position=32&type=item&tracking_id=2fbb3835-2c68-46ea-bafa-961a76690cc7&price_drop=not_apply,"Casa en venta | Bonita Casa Con Acabados Y Amplia | MXN | 4,999,999 | 3 recámaras | 3 baños | 200 m² construidos | Nte 90 5911, Gertrudis Sánchez II Secc, Ciudad De México, Gertrudis Sánchez 2a Sección, Gustavo A. Madero, Distrito Federal"
,"MXN2,190,000",,,,,https://departamento.mercadolibre.com.mx/MLM-5293640460-departamento-en-margarita-maza-de-juarez-conjunto-habitacional-mexico-nuevo-vallejo-_JM#polycard_client=search-desktop&be_origin=backend&search_layout=grid&position=33&type=item&tracking_id=2fbb3835-2c68-46ea-bafa-961a76690cc7&price_drop=not_apply,"Departamento en venta | Departamento En Margarita Maza De Juárez Conjunto Habitacional México Nuevo Vallejo | MXN | 2,190,000 | 2 recámaras | 1 baño | 50 m² construidos | México Nuevo Vallejo, Margarita Maza De Juárez 168, Margarita Maza De Juárez Deportivo, Ciudad De México, Nueva Industrial Vallejo, Gustavo A. Madero, Distrito Federal"
,"MXN2,950,000",,,,,https://departamento.mercadolibre.com.mx/MLM-5363024488-hermoso-departamento-en-residencial-acueducto-de-guadalupe-_JM#polycard_client=search-desktop&be_origin=backend&search_layout=grid&position=34&type=item&tracking_id=2fbb3835-2c68-46ea-bafa-961a76690cc7&price_drop=not_apply,"Departamento en venta | Hermoso Departamento En Residencial Acueducto De Guadalupe. | MXN | 2,950,000 | 2 recámaras | 1 baño | 84 m² construidos | De La Borrasca 7, Acueducto De Guadalupe, Ciudad De México, Acueducto De Guadalupe, Gustavo A. Madero, Distrito Federal"
,"MXN8,700,000",,,,,https://casa.mercadolibre.com.mx/MLM-2918335685-cdmx-lindavista-norte-excelente-oportunidad-casa-muy-amplia-con-buenos-espacios-porton-electrico-y-amplia-bodega-para-negocio-independiente-documentos-en-orden-y-sin-adeudos-_JM#polycard_client=search-desktop&be_origin=backend&search_layout=grid&position=35&type=item&tracking_id=2fbb3835-2c68-46ea-bafa-961a76690cc7&price_drop=not_apply,"Casa en venta | Cdmx. Lindavista. Norte. Excelente Oportunidad.  Casa Muy Amplia Con Buenos Espacios.  Portón Eléctrico Y Amplia Bodega Para Negocio Independiente. Documentos En Orden Y Sin Adeudos | MXN | 8,700,000 | 4 recámaras | 4 baños | 425 m² construidos | Ramiriqui 900 - 1200, Lindavista, Ciudad De México, Lindavista, Gustavo A. Madero, Distrito Federal"
,"MXN8,000,000",,,,,https://casa.mercadolibre.com.mx/MLM-5352666364-casa-en-venta-calle-rebeca-180colonia-guadalupe-tepeyac-a-unos-metros-de-club-sams-se-muestra-con-previa-cita-toda-la-documentacion-en-orden-_JM#polycard_client=search-desktop&be_origin=backend&search_layout=grid&position=36&type=item&tracking_id=2fbb3835-2c68-46ea-bafa-961a76690cc7&price_drop=not_apply,"Casa en venta | Casa En Venta Calle Rebeca 180colonia Guadalupe Tepeyac A Unos Metros De Club Sams Se Muestra Con Previa Cita Toda La Documentación En Orden | MXN | 8,000,000 | 4 recámaras | 3 baños | 305 m² construidos | Rebeca 180, Guadalupe Tepeyac, Ciudad De México, Guadalupe Tepeyac, Gustavo A. Madero, Distrito Federal"
,"MXN10,900,000",,,,,https://casa.mercadolibre.com.mx/MLM-2906041039-amplio-jardin-cuarto-de-servicio-y-lavado-en-construccion-independiente-bien-iluminada-amplia-terraza-con-acceso-a-cocina-grandes-ventanas-jacuzzi-en-habitacion-principal-y-vestidor-_JM#polycard_client=search-desktop&be_origin=backend&search_layout=grid&position=37&type=item&tracking_id=2fbb3835-2c68-46ea-bafa-961a76690cc7&price_drop=not_apply,"Casa en venta | Amplio Jardín, Cuarto De Servicio Y Lavado En Construcción Independiente, Bien Iluminada, Amplia Terraza Con Acceso A Cocina, Grandes Ventanas. Jacuzzi En Habitación Principal Y Vestidor | MXN | 10,900,000 | 4 recámaras | 45 baños | 291 m² construidos | Chiclayo 920, Lindavista Nte., Ciudad De México, Colonia Lindavista Norte, Gustavo A. Madero, Distrito Federal"
,"MXN4,000,000",,,,,https://casa.mercadolibre.com.mx/MLM-5376297764-casa-con-uso-de-suelo-mixto-distribucion-casa-principal-en-2-plantas-y-un-acceso-independiente-para-5-recamaras-adicionales-3-banos-en-total-cocina-comedor-sala-un-local-comercial-a-la-calle-_JM#polycard_client=search-desktop&be_origin=backend&search_layout=grid&position=38&type=item&tracking_id=2fbb3835-2c68-46ea-bafa-961a76690cc7&price_drop=not_apply,"Casa en venta | Casa Con Uso De Suelo Mixto, Distribución: Casa Principal En 2 Plantas Y Un Acceso Independiente Para 5 Recamaras Adicionales, 3 Baños En Total Cocina-comedor, Sala, Un Local Comercial A La Calle, | MXN | 4,000,000 | 9 recámaras | 3 baños | 260 m² construidos | Acoltzin 1 - 300, Santa Isabel Tola, Ciudad De México, Santa Isabel Tola, Gustavo A. Madero, Distrito Federal"
,"MXN1,700,000",,,,,https://departamento.mercadolibre.com.mx/MLM-5412127724-departamento-planta-baja-en-venta-santa-rosa-galaxia-vallejo-gustavo-a-madero-cdmx-_JM#polycard_client=search-desktop&float_highlight=recent_publication&price_drop=not_apply&be_origin=backend&search_layout=grid&position=39&type=item&tracking_id=2fbb3835-2c68-46ea-bafa-961a76690cc7,"PUBLICADO HOY | Departamento en venta | Departamento Planta Baja En Venta Santa Rosa Galaxia Vallejo Gustavo A Madero Cdmx | MXN | 1,700,000 | 2 recámaras | 1 baño | 65 m² construidos | Vallejo Poniente, Mexico City, Santa Rosa, Gustavo A. Madero, Distrito Federal"
,"MXN1,500,000",,,,,https://departamento.mercadolibre.com.mx/MLM-2932302589-departamento-en-buenas-condiciones-recien-impermiabilizadozona-con-buena-conexion-a-transporte-de-mbus-cerca-3-centros-comerciales-y-escuelas-_JM#polycard_client=search-desktop&be_origin=backend&search_layout=grid&position=40&type=item&tracking_id=2fbb3835-2c68-46ea-bafa-961a76690cc7&price_drop=not_apply,"Departamento en venta | Departamento En Buenas Condiciones, Recién  Impermiabilizado,zona Con Buena Conexión A Transporte De Mbus , Cerca 3 Centros Comerciales Y Escuelas | MXN | 1,500,000 | 2 recámaras | 1 baño | 65 m² construidos | San Juan De Aragón 544 DM Nacional, Torres De San Juan, Ciudad De México, DM Nacional, Gustavo A. Madero, Distrito Federal"
,"MXN4,200,000",,,,,https://inmueble.mercadolibre.com.mx/MLM-2929768633-nave-industrial-disenada-para-albergar-procesos-de-fabricacion-ensamblaje-produccion-y-almacenamiento-de-materiales-_JM#polycard_client=search-desktop&be_origin=backend&search_layout=grid&position=41&type=item&tracking_id=2fbb3835-2c68-46ea-bafa-961a76690cc7&price_drop=not_apply,"Bodega en venta | Nave Industrial - Diseñada Para Albergar Procesos De Fabricación, Ensamblaje, Producción Y Almacenamiento De Materiales. | MXN | 4,200,000 | 2 baños | 250 m² construidos | C. 1 62, San José De La Escalera, Ciudad De México, San José De La Escalera, Gustavo A. Madero, Distrito Federal"
,"MXN1,700,000",,,,,https://departamento.mercadolibre.com.mx/MLM-5333342350-departamento-planta-baja-en-venta-santa-rosa-galaxia-gustavo-a-madero-cdmx-_JM#polycard_client=search-desktop&be_origin=backend&search_layout=grid&position=42&type=item&tracking_id=2fbb3835-2c68-46ea-bafa-961a76690cc7&price_drop=not_apply,"Departamento en venta | Departamento Planta Baja En Venta Santa Rosa Galaxia Gustavo A. Madero Cdmx | MXN | 1,700,000 | 2 recámaras | 1 baño | 65 m² construidos | Vallejo Poniente, Mexico City, Santa Rosa, Gustavo A. Madero, Distrito Federal"
,"MXN7,900,000",,,,,https://casa.mercadolibre.com.mx/MLM-2904558335-casa-recien-remodelada-y-totalmente-habitable-ya-ideal-para-inversion-en-hotel-hostal-u-hospedaje-de-cualquier-tipo-ya-que-se-encuentra-en-zona-turistica-no-pierdas-esta-gran-oportunidaddeinvertir-_JM#polycard_client=search-desktop&be_origin=backend&search_layout=grid&position=43&type=item&tracking_id=2fbb3835-2c68-46ea-bafa-961a76690cc7&price_drop=not_apply,"Casa en venta | Casa Recién Remodelada Y Totalmente Habitable Ya. Ideal Para Inversión, En Hotel, Hostal U Hospedaje De Cualquier Tipo Ya Que Se Encuentra En Zona Turística. No Pierdas Esta Gran Oportunidaddeinvertir | MXN | 7,900,000 | 6 recámaras | 3 baños | 237 m² construidos | Industria 1 - 300, Tepeyac Insurgentes, Ciudad De México, Tepeyac Insurgentes, Gustavo A. Madero, Distrito Federal"
,"MXN5,500,000",,,,,https://inmueble.mercadolibre.com.mx/MLM-5326895032-gran-oportunidad-casa-depto-independiente-el-coyol-gam-descripcion-buscas-una-propiedad-que-se-pague-sola-o-espacio-para-toda-la-familia-esta-casa-en-el-coyol-es-una-joya-de-inversion-_JM#polycard_client=search-desktop&be_origin=backend&search_layout=grid&position=44&type=item&tracking_id=2fbb3835-2c68-46ea-bafa-961a76690cc7&price_drop=not_apply,"Otro inmueble en venta | Gran Oportunidad: Casa + Depto Independiente | El Coyol, Gam Descripción: ¿buscas Una Propiedad Que Se Pague Sola O Espacio Para Toda La Familia? Esta Casa En El Coyol Es Una Joya De Inversión. | MXN | 5,500,000 | 85 m² construidos | C. 321 64, El Coyol, Gustavo A. Madero, 07420 Ciudad De México, CDMX, Mexico, El Coyol, Gustavo A. Madero, Distrito Federal"
,"MXN5,750,000",,,,,https://casa.mercadolibre.com.mx/MLM-5364334088-casa-en-venta-colonia-aragon-inguaran-_JM#polycard_client=search-desktop&be_origin=backend&search_layout=grid&position=45&type=item&tracking_id=2fbb3835-2c68-46ea-bafa-961a76690cc7&price_drop=not_apply,"Casa en venta | Casa En Venta Colonia Aragon Inguaran | MXN | 5,750,000 | 4 recámaras | 3 baños | 390 m² construidos | Nte. 70-A 6113, Gertrudis Sánchez I Secc, Gustavo A. Madero, 7800 - 8100 Ciudad De México, CDMX, Mexico, Aragón Inguaran, Gustavo A. Madero, Distrito Federal"
,"MXN5,150,000",,,,,https://departamento.mercadolibre.com.mx/MLM-5337056394-venta-depto-lindavista-sur-magnifica-ubicacion-arequipa-750-depto-tercer-piso-int-con-elevador-92mts-_JM#polycard_client=search-desktop&be_origin=backend&search_layout=grid&position=46&type=item&tracking_id=2fbb3835-2c68-46ea-bafa-961a76690cc7&price_drop=not_apply,"Departamento en venta | Venta Depto Lindavista Sur Magnífica Ubicación Arequipa 750 Depto Tercer Piso Int Con Elevador 92mts | MXN | 5,150,000 | 3 recámaras | 2 baños | 92 m² construidos | Arequipa 750, Lindavista, Ciudad De México, Lindavista Sur, Gustavo A. Madero, Distrito Federal"
,"MXN1,950,000",,,,,https://departamento.mercadolibre.com.mx/MLM-5276503276-departamento-demtet-_JM#polycard_client=search-desktop&be_origin=backend&search_layout=grid&position=47&type=item&tracking_id=2fbb3835-2c68-46ea-bafa-961a76690cc7&price_drop=not_apply,"Departamento en venta | Departamento Demtet | MXN | 1,950,000 | 2 recámaras | 1 baño | 56 m² construidos | DM Nacional, Mexico City, DM Nacional, Gustavo A. Madero, Distrito Federal"
,"MXN3,750,000",,,,,https://inmueble.mercadolibre.com.mx/MLM-5262370652-venta-de-bodega-en-cdmx-_JM#polycard_client=search-desktop&be_origin=backend&search_layout=grid&position=48&type=item&tracking_id=2fbb3835-2c68-46ea-bafa-961a76690cc7&price_drop=not_apply,"Bodega en venta | Venta De Bodega En Cdmx | MXN | 3,750,000 | 4 baños | 600 m² construidos | A. Sánchez Molina MZ25 LT1, Zona Escolar, Gustavo A. Madero, 07230 Ciudad De México, CDMX, Mexico, Zona Escolar, Gustavo A. Madero, Distrito Federal"
,"MXN3,000,000",,,,,https://casa.mercadolibre.com.mx/MLM-5271788346-casa-a-remodelar-amplia-y-con-ambiente-muy-acogedor-_JM#polycard_client=search-desktop&be_origin=backend&search_layout=grid&position=1&type=item&tracking_id=ce00806a-1a88-41e1-b6ad-5bc1b9c11ed2&price_drop=not_apply,"Casa en venta | Casa A Remodelar, Amplia Y Con Ambiente Muy Acogedor | MXN | 3,000,000 | 6 recámaras | 4 baños | 168 m² construidos | Pte. 108 439, Defensores De La República, Gustavo A. Madero, 07780 Ciudad De México, CDMX, Mexico, Defensores De La República, Gustavo A. Madero, Distrito Federal"
,"MXN3,000,000",,,,,https://casa.mercadolibre.com.mx/MLM-2911500339-la-casa-cuenta-con-una-buena-ubicacion-la-construccion-ya-tiene-sus-anos-de-antiguedad-buena-oportunidad-para-remodelacion--_JM#polycard_client=search-desktop&be_origin=backend&search_layout=grid&position=2&type=item&tracking_id=ce00806a-1a88-41e1-b6ad-5bc1b9c11ed2&price_drop=not_apply,"Casa en venta | La Casa Cuenta Con Una Buena Ubicación La Construcción Ya Tiene Sus Años De Antigüedad, Buena Oportunidad Para Remodelación ! | MXN | 3,000,000 | 3 recámaras | 2 baños | 150 m² construidos | Av Politécnico Nacional 3, Zona Escolar, Gustavo A. Madero, 7200 - 7500 Ciudad De México, CDMX, Mexico, Zona Escolar, Gustavo A. Madero, Distrito Federal"
,"MXN150,000",,,,,https://inmueble.mercadolibre.com.mx/MLM-2937067101-nicho-de-la-basilica-de-guadalupe-_JM#polycard_client=search-desktop&be_origin=backend&search_layout=grid&position=3&type=item&tracking_id=ce00806a-1a88-41e1-b6ad-5bc1b9c11ed2&price_drop=not_apply,"Otro inmueble en venta | Nicho De La Basílica De Guadalupe | MXN | 150,000 | 3 m² construidos | Plaza Mariana, Fray Juan De Zumárraga No. 2, Villa Gustavo A. Madero, Ciudad De México, 15 De Agosto, Gustavo A. Madero, Distrito Federal"
,"MXN4,350,000",,,,,https://casa.mercadolibre.com.mx/MLM-5363024640-bonita-casa-de-3-departamentos-independientes-a-10-minutos-del-aeropuerto-internacional-de-la-ciudad-de-mexico-a-un-costado-de-parque-tepeyac-liverpool-y-cerca-de-plaza-linda-vista-liverpool-_JM#polycard_client=search-desktop&be_origin=backend&search_layout=grid&position=4&type=item&tracking_id=ce00806a-1a88-41e1-b6ad-5bc1b9c11ed2&price_drop=not_apply,"Casa en remate | Bonita Casa De 3 Departamentos Independientes. A 10 Minutos Del Aeropuerto Internacional De La Ciudad De México, A Un Costado De Parque Tepeyac (liverpool), Y Cerca De Plaza Linda Vista (liverpool) | MXN | 4,350,000 | 6 recámaras | 4 baños | 155 m² construidos | Codorniz DD1, Indeco, Ciudad De México, Ampliación Casas Alemán, Gustavo A. Madero, Distrito Federal | Destacado"
,"MXN635,000",,,,,https://departamento.mercadolibre.com.mx/MLM-2901617085-vive-en-la-cdmx-a-un-excelente-precio-solo-recursos-propios-_JM#polycard_client=search-desktop&be_origin=backend&search_layout=grid&position=5&type=item&tracking_id=ce00806a-1a88-41e1-b6ad-5bc1b9c11ed2&price_drop=not_apply,"Departamento en remate | Vive En La Cdmx A Un Excelente Precio, Solo Recursos Propios. | MXN | 635,000 | 2 recámaras | 1 baño | 45 m² construidos | Del Obrero, Gustavo A. Madero, Distrito Federal | Destacado"
,"MXN3,700,000",,,,,https://casa.mercadolibre.com.mx/MLM-2948113465-casa-en-venta-avenida-553-san-juan-de-aragon-terreno-220-m2-construccion-248-m2-_JM#polycard_client=search-desktop&float_highlight=recent_publication&price_drop=not_apply&be_origin=backend&search_layout=grid&position=6&type=item&tracking_id=ce00806a-1a88-41e1-b6ad-5bc1b9c11ed2,"PUBLICADO ESTA SEMANA | Casa en remate | Casa En Venta!!  Avenida 553, San Juan De Aragón, Terreno 220 M2, Construcción 248 M2 | MXN | 3,700,000 | 4 recámaras | 4 baños | 248 m² construidos | Av. 553 196, San Juan De Aragón II Secc, Ciudad De México, San Juan De Aragón 2a Secc., Gustavo A. Madero, Distrito Federal | Destacado"
,"MXN17,000,000",,,,,https://inmueble.mercadolibre.com.mx/MLM-5385281634-edificio-aragon-la-villa-gam-cdmx-a-una-calle-de-calzada-de-guadalupe-oportunidad-de-inversion-terreno-762-m2-construccion-1474-m2-uso-de-suelo-hm420a-_JM#polycard_client=search-desktop&float_highlight=recent_publication&price_drop=not_apply&be_origin=backend&search_layout=grid&position=7&type=item&tracking_id=ce00806a-1a88-41e1-b6ad-5bc1b9c11ed2,"PUBLICADO ESTA SEMANA | Edificio en remate | Edificio Aragon La Villa G.a.m. Cdmx, A Una Calle De Calzada De Guadalupe, Oportunidad De Inversión, Terreno 762 M2 Construcción 1474 M2, Uso De Suelo: Hm/4/20/a | MXN | 17,000,000 | 5 baños | 1,474 m² construidos | Cuauhtémoc, Aragón La Villa(Aragón), Ciudad De México, Aragón La Villa, Gustavo A. Madero, Distrito Federal | Destacado"
,"MXN1,500,000",,,,,https://casa.mercadolibre.com.mx/MLM-2935143655-excelente-casa-duplex-solo-con-recursos-propios-_JM#polycard_client=search-desktop&be_origin=backend&search_layout=grid&position=8&type=item&tracking_id=ce00806a-1a88-41e1-b6ad-5bc1b9c11ed2&price_drop=not_apply,"Casa en remate | Excelente Casa Duplex, Solo Con Recursos Propios | MXN | 1,500,000 | 3 recámaras | 1 baño | 58 m² construidos | Acueducto De Guadalupe, Gustavo A. Madero, Distrito Federal"
,"MXN907,350",,,,,https://departamento.mercadolibre.com.mx/MLM-5395491610-san-juan-de-aragon-gustavo-a-madero-cdmx-_JM#polycard_client=search-desktop&float_highlight=recent_publication&price_drop=not_apply&be_origin=backend&search_layout=grid&position=9&type=item&tracking_id=ce00806a-1a88-41e1-b6ad-5bc1b9c11ed2,"PUBLICADO ESTA SEMANA | Departamento en remate | San Juan De Aragon Gustavo A Madero Cdmx | MXN | 907,350 | 3 recámaras | 2 baños | 99 m² construidos | San Juan De Aragón VI Sección, Gustavo A. Madero, Distrito Federal"
,"MXN3,706,450",,,,,https://casa.mercadolibre.com.mx/MLM-5395528392-martires-de-rio-blanco-gustavo-a-madero-ciudad-de-mexico-_JM#polycard_client=search-desktop&float_highlight=recent_publication&price_drop=not_apply&be_origin=backend&search_layout=grid&position=10&type=item&tracking_id=ce00806a-1a88-41e1-b6ad-5bc1b9c11ed2,"PUBLICADO ESTA SEMANA | Casa en remate | Mártires De Río Blanco Gustavo A. Madero Ciudad De México | MXN | 3,706,450 | 3 recámaras | 2 baños | 120 m² construidos | Mártires De Río Blanco, Gustavo A. Madero, Distrito Federal"
,"MXN911,950",,,,,https://departamento.mercadolibre.com.mx/MLM-2756052565-vallejo-gustavo-a-madero-ciudad-de-mexico-_JM#polycard_client=search-desktop&be_origin=backend&search_layout=grid&position=11&type=item&tracking_id=ce00806a-1a88-41e1-b6ad-5bc1b9c11ed2&price_drop=not_apply,"Departamento en remate | Vallejo, Gustavo A. Madero Ciudad De México | MXN | 911,950 | 2 recámaras | 1 baño | 65 m² construidos | Vallejo, Gustavo A. Madero, Distrito Federal"
,"MXN4,174,128",,,,,https://casa.mercadolibre.com.mx/MLM-5395540058-nueva-vallejo-gustavo-a-madero-_JM#polycard_client=search-desktop&float_highlight=recent_publication&price_drop=not_apply&be_origin=backend&search_layout=grid&position=12&type=item&tracking_id=ce00806a-1a88-41e1-b6ad-5bc1b9c11ed2,"PUBLICADO ESTA SEMANA | Casa en remate | Nueva Vallejo Gustavo A Madero | MXN | 4,174,128 | 4 recámaras | 3 baños | 145 m² construidos | Nueva Vallejo, Gustavo A. Madero, Distrito Federal"
,"MXN2,829,000",,,,,https://casa.mercadolibre.com.mx/MLM-5395539166-ctm-el-risco-gustavo-a-madero-_JM#polycard_client=search-desktop&float_highlight=recent_publication&price_drop=not_apply&be_origin=backend&search_layout=grid&position=13&type=item&tracking_id=ce00806a-1a88-41e1-b6ad-5bc1b9c11ed2,"PUBLICADO ESTA SEMANA | Casa en remate | Ctm El Risco Gustavo A Madero | MXN | 2,829,000 | 3 recámaras | 3 baños | 120 m² construidos | C.T.M. El Risco, Gustavo A. Madero, Distrito Federal"
,"MXN5,400,000",,,,,https://casa.mercadolibre.com.mx/MLM-5413562374-se-vende-casa-en-colonia-residencial-acueducto-_JM#polycard_client=search-desktop&float_highlight=recent_publication&price_drop=not_apply&be_origin=backend&search_layout=grid&position=14&type=item&tracking_id=ce00806a-1a88-41e1-b6ad-5bc1b9c11ed2,"PUBLICADO HOY | Casa en venta | Se Vende Casa En Colonia Residencial Acueducto | MXN | 5,400,000 | 3 recámaras | 2 baños | 160 m² construidos | De La Arena 33, Acueducto De Guadalupe, Ciudad De México, Residencial Acueducto De Guadalupe, Gustavo A. Madero, Distrito Federal | Destacado"
,"MXN3,475,000",,,,,https://departamento.mercadolibre.com.mx/MLM-2962583821-gran-oportunidad-muy-bien-ubicado-a-dos-cuadras-del-metro-potrero-solo-cuatro-departamentos-en-el-edificio-uno-por-nivel-ubicado-en-el-1-piso-en-una-colonia-muy-bonita-y-con-buena-plusvalia-_JM#polycard_client=search-desktop&float_highlight=recent_publication&price_drop=not_apply&be_origin=backend&search_layout=grid&position=15&type=item&tracking_id=ce00806a-1a88-41e1-b6ad-5bc1b9c11ed2,"PUBLICADO HOY | Departamento en venta | Gran Oportunidad, Muy Bien Ubicado, A Dos Cuadras Del Metro Potrero, Solo Cuatro Departamentos En El Edificio, Uno Por Nivel, Ubicado En El 1 Piso. En Una Colonia Muy Bonita Y Con Buena Plusvalía. | MXN | 3,475,000 | 3 recámaras | 2 baños | 94 m² construidos | Pirineos 39, Industrial, Gustavo A. Madero, 07800 Ciudad De México, CDMX, Mexico, Industrial, Gustavo A. Madero, Distrito Federal | Destacado"
,"MXN1,894,903",,,,,https://departamento.mercadolibre.com.mx/MLM-5413687622-departamento-en-venta-en-zona-escolar-gam-_JM#polycard_client=search-desktop&float_highlight=recent_publication&price_drop=not_apply&be_origin=backend&search_layout=grid&position=16&type=item&tracking_id=ce00806a-1a88-41e1-b6ad-5bc1b9c11ed2,"PUBLICADO HOY | Departamento en venta | Departamento En Venta, En Zona Escolar Gam | MXN | 1,894,903 | 3 recámaras | 1 baño | 55 m² construidos | Tenayuca Chalmita 551 Edif C, Zona Escolar, Gustavo A. Madero, Distrito Federal"
,"MXN1,526,500",,,,,https://departamento.mercadolibre.com.mx/MLM-2962328825-departamento-en-venta-en-vasco-de-quiroga-_JM#polycard_client=search-desktop&float_highlight=recent_publication&price_drop=not_apply&be_origin=backend&search_layout=grid&position=17&type=item&tracking_id=ce00806a-1a88-41e1-b6ad-5bc1b9c11ed2,"PUBLICADO HOY | Departamento en venta | Departamento En Venta, En Vasco De Quiroga | MXN | 1,526,500 | 2 recámaras | 1 baño | 60 m² construidos | Ing Eduardo Molina 1720 Edif 12, Vasco De Quiroga, Gustavo A. Madero, Distrito Federal"
,"MXN4,200,000",,,,,https://casa.mercadolibre.com.mx/MLM-5413720736-venta-de-casa-en-avenida-principal-_JM#polycard_client=search-desktop&float_highlight=recent_publication&price_drop=not_apply&be_origin=backend&search_layout=grid&position=18&type=item&tracking_id=ce00806a-1a88-41e1-b6ad-5bc1b9c11ed2,"PUBLICADO HOY | Casa en venta | Venta De Casa En Avenida Principal | MXN | 4,200,000 | 2 recámaras | 1 baño | 124 m² construidos | Providencia, Gustavo A. Madero, Distrito Federal"
,"MXN127,000,000",,,,,https://inmueble.mercadolibre.com.mx/MLM-5413720572-edificio-en-venta-con-operacion-actual-como-colegio-_JM#polycard_client=search-desktop&float_highlight=recent_publication&price_drop=not_apply&be_origin=backend&search_layout=grid&position=19&type=item&tracking_id=ce00806a-1a88-41e1-b6ad-5bc1b9c11ed2,"PUBLICADO HOY | Edificio en venta | Edificio En Venta Con Operación Actual Como Colegio | MXN | 127,000,000 | 1,497 m² construidos | Industrial, Gustavo A. Madero, Distrito Federal"
