tipo_inmueble,titulo,precio_mxn,recamaras,banos,m2,colonia,ubicacion,publicado_reciente,url
Departamento,,3800000,3,3,75,Sara 4449,"Sara 4449, Guadalupe Tepeyac, Ciudad De México, Guadalupe Tepeyac, Gustavo A. Madero, Distrito Federal",True,https://departamento.mercadolibre.com.mx/MLM-5390330888-hermoso-departamento-en-venta-en-sara-towers-de-3-recamaras-y-2-banos-comodo-y-bien-iluminado-_JM
Casa,Casa Con Potencial Residencial Y Comercial,4500000,3,3,440,San Felipe De Jesús,"San Felipe De Jesús, Gustavo A. Madero, Distrito Federal",False,https://casa.mercadolibre.com.mx/MLM-4833606036-casa-con-potencial-residencial-y-comercial-_JM
Casa,,9300000,8,5,255,Chiclayo,"Chiclayo, Gustavo A. Madero, Distrito Federal",False,https://casa.mercadolibre.com.mx/MLM-4965643814-casa-en-venta-en-lindavista-norte-_JM
Casa,,13650000,4,5,300,Sin Calle,"Sin Calle, Lindavista Norte, Gustavo A. Madero, Distrito Federal",False,https://casa.mercadolibre.com.mx/MLM-2817912093-residencia-en-venta-remodelada-y-lista-para-habitar-lindavista-norte-_JM
Casa,,5850000,6,4,293,Avenida Cruz Azul 100,"Avenida Cruz Azul 100, Gustavo A. Madero, Distrito Federal",False,https://casa.mercadolibre.com.mx/MLM-2792149385-casa-en-venta-en-industrial-_JM
Departamento,,2643334,2,1,68,Av. Acueducto De Guadalupe 511,"Av. Acueducto De Guadalupe 511, Santa Isabel Tola, Gustavo A. Madero, Distrito Federal",False,https://departamento.mercadolibre.com.mx/MLM-4995492040-departamento-en-venta-en-santa-isabel-tola-_JM
Casa,,6800000,8,7,360,Calle Wagner 300,"Calle Wagner 300, Gustavo A. Madero, Distrito Federal",False,https://casa.mercadolibre.com.mx/MLM-5225283468-casa-en-venta-en-vallejo-_JM
Departamento,,7995000,3,3,127,Pernambuco 800,"Pernambuco 800, Gustavo A. Madero, Distrito Federal",False,https://departamento.mercadolibre.com.mx/MLM-4995470604-departamento-en-venta-en-lindavista-_JM
Casa,,19000000,3,3,275,Pujato No. 8,"Pujato No. 8, Lindavista Norte, Gustavo A. Madero, Distrito Federal",False,https://casa.mercadolibre.com.mx/MLM-2902831841-casa-en-venta-en-lindavista-norte-_JM
Departamento,,2189000,2,1,50,Av. Acueducto 835,"Av. Acueducto 835, Candelaria Ticoman, Ciudad De México, Barrio Candelaria Ticomán, Gustavo A. Madero, Distrito Federal",False,https://departamento.mercadolibre.com.mx/MLM-2798063013-excelentes-departamentos-nuevos-av-acueducto-preventa-2-y-3-recamaras-balcon-muy-buena-ubicacion-_JM
Casa,,15000000,5,5,500,Torres Lindavista,"Torres Lindavista, Gustavo A. Madero, Distrito Federal",False,https://casa.mercadolibre.com.mx/MLM-2776038787-casa-en-venta-en-torres-lindavista-_JM
Departamento,,3150000,3,1,64,Guadalupe Tepeyac,"Guadalupe Tepeyac, Mexico City, Guadalupe Tepeyac, Gustavo A. Madero, Distrito Federal",False,https://departamento.mercadolibre.com.mx/MLM-2831523237-sara-towers-guadalupe-tepeyac-departamento-3-recamaras-bastante-luminoso-_JM
Departamento,,2799000,2,2,66,Eje 1 Oriente Ferrocarril Hidalgo 1337,"Eje 1 Oriente Ferrocarril Hidalgo 1337,Colonia Tablas De San Agustín, Alcaldía Gustavo A. Madero, C.P. 7800, Ciudad De México, Gustavo A. Madero, Distrito Federal",False,https://departamento.mercadolibre.com.mx/MLM-4761769620-departamento-en-venta-en-tablas-de-san-agustin-_JM
Departamento,,2755817,2,1,70,Av. Acueducto De Guadalupe 511,"Av. Acueducto De Guadalupe 511, Santa Isabel Tola, Gustavo A. Madero, Distrito Federal",False,https://departamento.mercadolibre.com.mx/MLM-2784668511-departamento-en-venta-en-santa-isabel-tola-_JM
Departamento,,2432700,3,1,77,Calz. San Juan De Aragón 533,"Calz. San Juan De Aragón 533, Gustavo A. Madero, Distrito Federal",False,https://departamento.mercadolibre.com.mx/MLM-4971136862-departamento-en-venta-san-juan-de-aragon-cdmx-_JM
Casa,,6900000,5,2,450,Adolfo Ruiz Cortínez Lt 14 Mz 104,"Adolfo Ruiz Cortínez Lt 14 Mz 104, Zona Escolar Oriente, Gustavo A. Madero, Distrito Federal",False,https://casa.mercadolibre.com.mx/MLM-3876924578-amplia-casa-en-zona-escolar-oriente-gustavo-a-madero-_JM
Departamento,,3070028,2,1,76,Av. Acueducto De Guadalupe 511,"Av. Acueducto De Guadalupe 511, Santa Isabel Tola, Gustavo A. Madero, Distrito Federal",False,https://departamento.mercadolibre.com.mx/MLM-4995472436-departamento-en-venta-en-santa-isabel-tola-_JM
Departamento,Bonito Departamento Excelente Ubicacion En Frente De La Central Camionera Del Norte,2650000,2,2,60,Pte 116 16,"Pte 116 16, Panamericana, Gustavo A. Madero, 07770 Ciudad De México, CDMX, Mexico, Magdalena De Las Salinas, Gustavo A. Madero, Distrito Federal",False,https://departamento.mercadolibre.com.mx/MLM-2847955771-bonito-departamento-excelente-ubicacion-en-frente-de-la-central-camionera-del-norte-_JM
Departamento,,3153688,2,1,77,Av. Acueducto De Guadalupe 511,"Av. Acueducto De Guadalupe 511, Santa Isabel Tola, Gustavo A. Madero, Distrito Federal",False,https://departamento.mercadolibre.com.mx/MLM-4995492710-departamento-en-venta-en-santa-isabel-tola-_JM
Departamento,,3072688,2,1,76,Av. Acueducto De Guadalupe 511,"Av. Acueducto De Guadalupe 511, Santa Isabel Tola, Gustavo A. Madero, Distrito Federal",False,https://departamento.mercadolibre.com.mx/MLM-4995505478-departamento-en-venta-en-santa-isabel-tola-_JM
Departamento,,1920000,1,1,40,San Juan De Aragón I Sección,"San Juan De Aragón I Sección, Gustavo A. Madero, Distrito Federal",False,https://departamento.mercadolibre.com.mx/MLM-3829176052-departamentos-en-venta-en-aragon-_JM
Departamento,,3620000,2,2,63,Insurgentes Nte.,"Insurgentes Nte., Ciudad De México, Colonia Lindavista Norte, Gustavo A. Madero, Distrito Federal",False,https://departamento.mercadolibre.com.mx/MLM-2737583677-departamento-en-venta-en-lindavista-gustavo-a-madero-_JM
Bodega,,78000000,,4,2300,De Los Rompeolas,"De Los Rompeolas, Acueducto De Guadalupe, Ciudad De México, Acueducto De Guadalupe, Gustavo A. Madero, Distrito Federal",False,https://inmueble.mercadolibre.com.mx/MLM-2576516229-bodega-en-venta-en-alcaldia-gustavo-a-madero-acueducto-de-guadalupe-_JM
Oficina,,105000,,,375,Nueva Industrial Vallejo,"Nueva Industrial Vallejo, Gustavo A. Madero, Distrito Federal",False,https://inmueble.mercadolibre.com.mx/MLM-2814397363-oficina-en-renta-en-nueva-industrial-vallejo-gustavo-a-madero-cdmx-_JM
Edificio,"Tepeyac Insurgentes, Calle Unión, Venta De Edificio Con 4 Departamentos",14500000,,8,411,Unión 266,"Unión 266, Tepeyac Insurgentes, Ciudad De México, CDMX, México, Tepeyac Insurgentes, Gustavo A. Madero, Distrito Federal",False,https://inmueble.mercadolibre.com.mx/MLM-4717199702-tepeyac-insurgentes-calle-union-venta-de-edificio-con-4-departamentos-_JM
Departamento,,3650000,3,2,75,Av. Acueducto,"Av. Acueducto, Residencial Zacatenco, Ciudad De México, Residencial Zacatenco, Gustavo A. Madero, Distrito Federal",False,https://departamento.mercadolibre.com.mx/MLM-2878058587-departamento-en-venta-con-excelente-iluminacion-natural-en-residencial-zacatenco-a-unos-pasos-de-plaza-vista-norte-y-con-facil-acceso-a-restaurantes-gimnasio-tiendas-y-supermercado-_JM
Casa,Venta Casa En Campestre Aragón,5200000,6,3,260,Campestre Aragón,"Campestre Aragón, Gustavo A. Madero, Distrito Federal",False,https://casa.mercadolibre.com.mx/MLM-2881215145-venta-casa-en-campestre-aragon-_JM
Edificio,Venta Edificio En Guadalupe Tepeyac,17000000,,,768,Guadalupe Tepeyac,"Guadalupe Tepeyac, Gustavo A. Madero, Distrito Federal",False,https://inmueble.mercadolibre.com.mx/MLM-2881215021-venta-edificio-en-guadalupe-tepeyac-_JM
Edificio,Venta Salón De Eventos En El Corazón De La Guadalupe Tepeyac,16000000,,,369,Guadalupe Tepeyac,"Guadalupe Tepeyac, Gustavo A. Madero, Distrito Federal",False,https://inmueble.mercadolibre.com.mx/MLM-2881176493-venta-salon-de-eventos-en-el-corazon-de-la-guadalupe-tepeyac-_JM
Terreno,"Terreno Venta En Guadalupe Insurgentes, Cdmx",8850000,,,346,Guadalupe Insurgentes,"Guadalupe Insurgentes, Gustavo A. Madero, Distrito Federal",True,https://terreno.mercadolibre.com.mx/MLM-5402162276-terreno-venta-en-guadalupe-insurgentes-cdmx-_JM
Edificio,,10900000,,,450,Gertrudis Sánchez 1a Sección,"Gertrudis Sánchez 1a Sección, Gustavo A. Madero, Distrito Federal",True,https://inmueble.mercadolibre.com.mx/MLM-5406939338-excelente-edificio-en-venta-col-gertrudis-sanchez-gustavo-a-madero-cdmx-_JM
Casa,,3500000,2,2,81,C. Tetrazzini 292,"C. Tetrazzini 292, Vallejo, Ciudad De México, Vallejo, Gustavo A. Madero, Distrito Federal",False,https://casa.mercadolibre.com.mx/MLM-2607898521-casa-en-venta-en-vallejo-gustavo-a-madero-_JM
Departamento,Departamentos En Preventa Cerca De La Raza,1302875,3,1,62,Borodin 3,"Borodin 3, Vallejo, Ciudad De México, Vallejo, Gustavo A. Madero, Distrito Federal",False,https://departamento.mercadolibre.com.mx/MLM-2590771479-departamentos-en-preventa-cerca-de-la-raza-_JM
Casa,Casa Grande Y Bonita A Unos Minutos Del Ipn Zacatenco,6200000,3,3,245,De La Arena 34,"De La Arena 34, Acueducto De Guadalupe, Gustavo A. Madero, 07270 Ciudad De México, CDMX, Mexico, Residencial Acueducto De Guadalupe, Gustavo A. Madero, Distrito Federal",False,https://casa.mercadolibre.com.mx/MLM-4458820946-casa-grande-y-bonita-a-unos-minutos-del-ipn-zacatenco-_JM
Departamento,Departamento En Preventa En Gam Con Recursos Propios,1198750,2,1,54,Borodin 3,"Borodin 3, Vallejo, Ciudad De México, Vallejo, Gustavo A. Madero, Distrito Federal",False,https://departamento.mercadolibre.com.mx/MLM-2590807827-departamento-en-preventa-en-gam-con-recursos-propios-_JM
Casa,"Casa Para Remodelar En Vallejo Gam, Ideal Para Inversión O Familia",4250000,4,4,178,Vallejo,"Vallejo, Gustavo A. Madero, Distrito Federal",False,https://casa.mercadolibre.com.mx/MLM-4754184100-casa-para-remodelar-en-vallejo-gam-ideal-para-inversion-o-familia-_JM
Casa,Venta Casa 3 Ambientes Guadalupe Insurgentes,8250000,3,2,281,SOTERO PRIETO,"SOTERO PRIETO, 58, Guadalupe Insurgentes, Gustavo A. Madero, Distrito Federal",False,https://casa.mercadolibre.com.mx/MLM-4507909748-venta-casa-3-ambientes-guadalupe-insurgentes-_JM
Casa,"Se Vende Residencia En Colonia Lindavista, Cdmx.",19900000,4,3,585,Lindavista Sur,"Lindavista Sur, Gustavo A. Madero, Distrito Federal",False,https://casa.mercadolibre.com.mx/MLM-2837308743-se-vende-residencia-en-colonia-lindavista-cdmx-_JM
Departamento,"Pent-house En Exclusivo Desarrollo, Solo 6 Departementos, Listo Para Entrega.",3750000,2,2,118,Saul 56,"Saul 56, Guadalupe Tepeyac, Ciudad De México, CDMX, México, Guadalupe Tepeyac, Gustavo A. Madero, Distrito Federal",True,https://departamento.mercadolibre.com.mx/MLM-5400952432-pent-house-en-exclusivo-desarrollo-solo-6-departementos-listo-para-entrega-_JM
Casa,,17999997,8,9,504,Martha 64,"Martha 64, Guadalupe Tepeyac, Gustavo A. Madero, 07840 Ciudad De México, CDMX, Mexico, Guadalupe Tepeyac, Gustavo A. Madero, Distrito Federal",False,https://casa.mercadolibre.com.mx/MLM-2718542243-gran-inversion-casa-de-504-m2-de-construccion-con-plusvalia-garantizada-en-gustavo-a-madero-_JM
Casa,"Tu Hogar Ideal En Acueducto De Guadalupe: Ubicación Premium, Zona Escolar Y Centros Comerciales",6199994,3,3,245,De La Arena 34,"De La Arena 34, Acueducto De Guadalupe, Gustavo A. Madero, 07270 Ciudad De México, CDMX, Mexico, Residencial Acueducto De Guadalupe, Gustavo A. Madero, Distrito Federal",False,https://casa.mercadolibre.com.mx/MLM-2722438487-tu-hogar-ideal-en-acueducto-de-guadalupe-ubicacion-premium-zona-escolar-y-centros-comerciales-_JM
Departamento,"Venta Departamento Luis De La Rosa, Constitución De La República",1992500,2,1,51,Constitución De La República,"Constitución De La República, Gustavo A. Madero, Distrito Federal",False,https://departamento.mercadolibre.com.mx/MLM-5091433572-venta-departamento-luis-de-la-rosa-constitucion-de-la-republica-_JM
Casa,Venta Casa 4 Ambientes Salvador Díaz Mirón,4350000,4,3,226,Norte 74,"Norte 74, 8041, Salvador Díaz Mirón, Gustavo A. Madero, Distrito Federal",False,https://casa.mercadolibre.com.mx/MLM-2843257117-venta-casa-4-ambientes-salvador-diaz-miron-_JM
Departamento,,2400000,2,2,63,7 De Noviembre,"7 De Noviembre, Gustavo A. Madero, Distrito Federal",False,https://departamento.mercadolibre.com.mx/MLM-5368473650-departamento-en-venta-en-av-congreso-de-la-union-con-balcon-y-un-cajon-fijo-_JM
Departamento,"Venta Departamentos, Guadalupe Tepeyac, Gam, Cdmx",2599590,2,2,40,Sara,"Sara, Guadalupe Tepeyac, Ciudad De México, Guadalupe Tepeyac, Gustavo A. Madero, Distrito Federal",False,https://departamento.mercadolibre.com.mx/MLM-5080691562-venta-departamentos-guadalupe-tepeyac-gam-cdmx-_JM
Departamento,"Depto En Col.guadalupe Proletaria, Gam",1800000,3,1,65,Guadalupe Proletaria,"Guadalupe Proletaria, Gustavo A. Madero, Distrito Federal",False,https://departamento.mercadolibre.com.mx/MLM-2737846821-depto-en-colguadalupe-proletaria-gam-_JM
Casa,Espectacular Casa En La Colonia Guadalupe Tepeyac Con Potencial De Inversión Con Una Excelente Ubicación,18000000,8,9,504,Martha 64,"Martha 64, Guadalupe Tepeyac, Gustavo A. Madero, 07840 Ciudad De México, CDMX, Mexico, Guadalupe Tepeyac, Gustavo A. Madero, Distrito Federal",False,https://casa.mercadolibre.com.mx/MLM-2600972989-espectacular-casa-en-la-colonia-guadalupe-tepeyac-con-potencial-de-inversion-con-una-excelente-ubicacion-_JM
Casa,Gran Oportunidad! Casa En Aragón Duplex Con Uso De Suelo Mixto. Ideal Para Residencia O Comercio,5000000,5,3,284,Nte. 70 6068,"Nte. 70 6068, Aragón Inguarán, Ciudad De México, Aragón Inguaran, Gustavo A. Madero, Distrito Federal",False,https://casa.mercadolibre.com.mx/MLM-2722221837-gran-oportunidad-casa-en-aragon-duplex-con-uso-de-suelo-mixto-ideal-para-residencia-o-comercio-_JM
Departamento,,2810000,64,2,64,Aragón La Villa,"Aragón La Villa, Gustavo A. Madero, Distrito Federal",False,https://departamento.mercadolibre.com.mx/MLM-5192525738-departamento-64m2-balcon-2-recamaras-bodega-en-aragon-la-villa-_JM
Casa,,8750000,4,2,254,Aragón La Villa,"Aragón La Villa, Gustavo A. Madero, Distrito Federal",False,https://casa.mercadolibre.com.mx/MLM-4679961070-casa-en-venta-a-3-calles-de-la-basilica-de-guadalupe-_JM
Terreno,,17490000,,,650,Arequipa SN,"Arequipa SN, Colonia Lindavista Norte, Gustavo A. Madero, Distrito Federal",False,https://terreno.mercadolibre.com.mx/MLM-5286706662-lindavista-terreno-premium650m2-cconstruccion-vigilancia-_JM
Departamento,,2528297,2,1,68,Santa Isabel Tola,"Santa Isabel Tola, Gustavo A. Madero, Distrito Federal",False,https://departamento.mercadolibre.com.mx/MLM-2874606383-departamento-en-venta-av-acueducto-de-guadalupe-511-santa-isabel-tola-_JM
Departamento,Venta Departamento 2 Ambientes Guadalupe Insurgentes,2450000,2,1,50,Insurgentes Norte,"Insurgentes Norte, 1249, Guadalupe Insurgentes, Gustavo A. Madero, Distrito Federal",False,https://departamento.mercadolibre.com.mx/MLM-5132127684-venta-departamento-2-ambientes-guadalupe-insurgentes-_JM
Bodega,,3700000,,,343,Zona Escolar,"Zona Escolar, Gustavo A. Madero, Distrito Federal",False,https://inmueble.mercadolibre.com.mx/MLM-5262373734-bodega-venta-suelo-industrial-buen-estado-en-gustavo-a-madero-cod-bgv284-_JM
Edificio,,12800000,,1,714,Calzada De Guadalupe 299,"Calzada De Guadalupe 299, Guadalupe Tepeyac, Gustavo A. Madero, Distrito Federal",False,https://inmueble.mercadolibre.com.mx/MLM-5287389720-edificio-en-venta-en-calzada-de-guadalupe-_JM
Departamento,,2770368,2,1,76,Santa Isabel Tola,"Santa Isabel Tola, Gustavo A. Madero, Distrito Federal",False,https://departamento.mercadolibre.com.mx/MLM-5209618438-departamento-en-venta-av-acueducto-de-guadalupe-511-santa-isabel-tola-_JM
Casa,,5100000,3,1,206,NORTE 90,"NORTE 90, Gertrudis Sánchez 2a Sección, Gustavo A. Madero, Distrito Federal",False,https://casa.mercadolibre.com.mx/MLM-2911667335-casa-en-venta-norte-90-gustavo-a-madero-_JM
Departamento,,2817777,2,1,76,Santa Isabel Tola,"Santa Isabel Tola, Gustavo A. Madero, Distrito Federal",False,https://departamento.mercadolibre.com.mx/MLM-2874594591-departamento-en-venta-av-acueducto-de-guadalupe-511-santa-isabel-tola-_JM
Edificio,,124000000,,20,7860,Honorable Congreso De La Unión 5737,"Honorable Congreso De La Unión 5737, Granjas Modernas, Ciudad De México, Granjas Modernas, Gustavo A. Madero, Distrito Federal",False,https://inmueble.mercadolibre.com.mx/MLM-3652327814-venta-de-hospital-en-gustavo-a-madero-en-obra-negra-_JM
Departamento,,1663000,2,1,60,Vallejo,"Vallejo, Mexico City, Vallejo, Gustavo A. Madero, Distrito Federal",False,https://departamento.mercadolibre.com.mx/MLM-4975301440-departamento-en-venta-joyas-vallejo-galaxias-unidad-c-se-acepta-credito-infonavit-credito-bancario-y-efectivo-informes-55-8642-76048-_JM
Departamento,,3008396,2,1,74,Santa Isabel Tola,"Santa Isabel Tola, Gustavo A. Madero, Distrito Federal",False,https://departamento.mercadolibre.com.mx/MLM-5209618458-departamento-en-venta-av-acueducto-de-guadalupe-511-santa-isabel-tola-_JM
Departamento,,2635884,2,1,70,Santa Isabel Tola,"Santa Isabel Tola, Gustavo A. Madero, Distrito Federal",False,https://departamento.mercadolibre.com.mx/MLM-5209618442-departamento-en-venta-av-acueducto-de-guadalupe-511-santa-isabel-tola-_JM
Departamento,,2844360,2,1,74,Santa Isabel Tola,"Santa Isabel Tola, Gustavo A. Madero, Distrito Federal",False,https://departamento.mercadolibre.com.mx/MLM-2874535707-departamento-en-venta-av-acueducto-de-guadalupe-511-santa-isabel-tola-_JM
Departamento,"Preventa De Departamentos En Acueducto, Ticomán, Cdmx",2176000,2,1,50,Av. Acueducto 835,"Av. Acueducto 835, Candelaria Ticoman, Ciudad De México, Ticoman, Gustavo A. Madero, Distrito Federal",False,https://departamento.mercadolibre.com.mx/MLM-2689310789-preventa-de-departamentos-en-acueducto-ticoman-cdmx-_JM
Departamento,,2895000,2,2,60,Ote. 107 3370,"Ote. 107 3370, Bondojito, Ciudad De México, Bondojito, Gustavo A. Madero, Distrito Federal",False,https://departamento.mercadolibre.com.mx/MLM-2907464873-departamento-en-venta-col-bondojito-_JM
Departamento,,1748500,,1,60,Santa Rosa,"Santa Rosa, Gustavo A. Madero, Distrito Federal",False,https://departamento.mercadolibre.com.mx/MLM-2718608817-departamento-en-venta-en-unidad-habitacional-_JM
Casa,Bonita Y Comoda Casa En Loma De La Palma,4495000,6,3,200,Puerto Mazatlan,"Puerto Mazatlan, Loma La Palma, Ciudad De México, Loma La Palma, Gustavo A. Madero, Distrito Federal",True,https://casa.mercadolibre.com.mx/MLM-5402893598-bonita-y-comoda-casa-en-loma-de-la-palma-_JM
Casa,,8976900,3,2,397,Ambato,"Ambato, Lindavista Nte., Ciudad De México, Colonia Lindavista Norte, Gustavo A. Madero, Distrito Federal",False,https://casa.mercadolibre.com.mx/MLM-4991290662-casa-en-venta-colonia-lindavista-norte-_JM
Edificio,,20000000,,,390,Lindavista Norte,"Lindavista Norte, Gustavo A. Madero, Distrito Federal",False,https://inmueble.mercadolibre.com.mx/MLM-4957412058-edificio-en-venta-lindavista-cdmx-_JM
Departamento,Se Vende Departamento En Martín Carrera,2300000,2,2,60,Miguel Miramont 149,"Miguel Miramont 149, Martín Carrera, Gustavo A. Madero, Distrito Federal",False,https://departamento.mercadolibre.com.mx/MLM-2909232565-se-vende-departamento-en-martin-carrera-_JM
Departamento,,1663000,2,1,60,Cam. San Juan Ixtacala 59,"Cam. San Juan Ixtacala 59, Santa Rosa, Ciudad De México, Santa Rosa, Gustavo A. Madero, Distrito Federal",False,https://departamento.mercadolibre.com.mx/MLM-4578855442-departamento-en-venta-en-joyas-vallejo-_JM
Departamento,,2040000,2,1,49,Av. Centenario 1966,"Av. Centenario 1966, Pueblo De Santiago Atzacoalco, Ciudad De México, Atzacoalco, Gustavo A. Madero, Distrito Federal",False,https://departamento.mercadolibre.com.mx/MLM-2845705061-departamento-en-venta-49m2-en-2do-piso-col-santiago-atzacoalco-gam-cdmx-_JM
Casa,,8850000,4,3,417,Ing. Roberto Gayol 121,"Ing. Roberto Gayol 121, Guadalupe Insurgentes, Ciudad De México, Guadalupe Insurgentes, Gustavo A. Madero, Distrito Federal",False,https://casa.mercadolibre.com.mx/MLM-2720617931-excelente-casa-en-venta-guadalupe-insurgentes-_JM
Edificio,,8400000,,,369,San Bartolo Atepehuacan,"San Bartolo Atepehuacan, Gustavo A. Madero, Distrito Federal",False,https://inmueble.mercadolibre.com.mx/MLM-4443049266-edificio-comercial-av-100-metros-gustavo-a-madero-_JM
Departamento,,2604000,2,1,66,Gustavo A. Madero,"Gustavo A. Madero, Mexico City, Guadalupe Victoria, Gustavo A. Madero, Distrito Federal",True,https://departamento.mercadolibre.com.mx/MLM-5376895950-departamento-en-venta-en-guadaluope-victoria-ll-gustavo-a-madero-se-acepta-infonavit-bancario-y-efectivo-_JM
Terreno,,4300000,,,194,Nte. 11,"Nte. 11, Defensores De La República, Ciudad De México, Defensores De La República, Gustavo A. Madero, Distrito Federal",False,https://terreno.mercadolibre.com.mx/MLM-2874371767-terreno-en-venta-uso-mixto-cerca-metrobus-cuitlahuac-_JM
Bodega,,9800000,,2,150,Mendelssohn 162,"Mendelssohn 162, Vallejo, Ciudad De México, Vallejo, Gustavo A. Madero, Distrito Federal",False,https://inmueble.mercadolibre.com.mx/MLM-2810019157-bodega-en-venta-_JM
Departamento,,785000,2,1,60,Sara 4625,"Sara 4625, Colonia, Guadalupe Tepeyac, Ciudad De México, Guadalupe Tepeyac, Gustavo A. Madero, Distrito Federal",False,https://departamento.mercadolibre.com.mx/MLM-2943511729-departamentos-del-invi-en-la-gustavo-a-madero-cdmx-_JM
Edificio,,994000,,,2840,Lindavista Norte,"Lindavista Norte, Gustavo A. Madero, Distrito Federal",False,https://inmueble.mercadolibre.com.mx/MLM-5178249454-edificio-en-renta-en-lindavista-gustavo-a-madero-cdmx-_JM
Departamento,,1890000,2,1,60,DM Nacional,"DM Nacional, Gustavo A. Madero, Distrito Federal",False,https://departamento.mercadolibre.com.mx/MLM-5236047994-bonito-departamento-de-2-recamaras-en-col-san-juan-de-aragon-_JM
Edificio,"Excelente Edificio De Oficinas Con Gran Potencial Para Desarrollar Uso Mixto A Una Calle De Vallejo, Colonia Santa Rosa",12600000,,3,500,Excelente Edificio De Oficinas Con Gran Potencial Para Desarrollar Uso Mixto A Una Calle De Vallejo,"Excelente Edificio De Oficinas Con Gran Potencial Para Desarrollar Uso Mixto A Una Calle De Vallejo, Colonia Santa Rosa, Gustavo A. Madero, Distrito Federal",False,https://inmueble.mercadolibre.com.mx/MLM-2862306345-excelente-edificio-de-oficinas-con-gran-potencial-para-desarrollar-uso-mixto-a-una-calle-de-vallejo-colonia-santa-rosa-_JM
Casa,,6590000,4,4,336,Residencial Acueducto De Guadalupe,"Residencial Acueducto De Guadalupe, Gustavo A. Madero, Distrito Federal",False,https://casa.mercadolibre.com.mx/MLM-2937241455-casa-en-venta-en-residencial-acueducto-de-guadalupe-_JM
Departamento,,850000,3,1,63,Abundio Martínez,"Abundio Martínez, Vallejo, Ciudad De México, Vallejo, Gustavo A. Madero, Distrito Federal",False,https://departamento.mercadolibre.com.mx/MLM-2933131665-vivienda-de-interes-social-preventa-vallejo-gustavo-a-madero-_JM
Departamento,,3650000,3,2,110,San Bartolo Atepehuacan,"San Bartolo Atepehuacan, Mexico City, San Bartolo Atepehuacan, Gustavo A. Madero, Distrito Federal",False,https://departamento.mercadolibre.com.mx/MLM-2483998391-en-venta-de-hermoso-departamento-_JM
Departamento,,3650000,3,1,110,Huahuete  SN,"Huahuete  SN, Gustavo A. Madero, Distrito Federal",False,https://departamento.mercadolibre.com.mx/MLM-4833782240-departamento-en-venta-en-gustavo-a-madero-_JM
Casa,,5900000,6,3,216,La Joya,"La Joya, Gustavo A. Madero, Distrito Federal",False,https://casa.mercadolibre.com.mx/MLM-2940999661-casa-en-esquina-216-m-con-uso-de-suelo-mixto-y-3-departamentos-en-la-joya-gusta-_JM
Casa,,2990000,5,2,257,Nicandro Castillo,"Nicandro Castillo, Juventino Rosas, Ciudad De México, Arboledas De Cuautepec El Alto, Gustavo A. Madero, Distrito Federal",False,https://casa.mercadolibre.com.mx/MLM-5290375410-casa-para-inversion-cuenta-con-5-departamentos-en-gustavo-a-madero-_JM
Casa,"Hermosa Casa A La Venta En Lindavista Norte, Bastante Amplia, Cómoda E Iluminada",8800000,3,3,240,Lindavista Nte.,"Lindavista Nte., Mexico City, Colonia Lindavista Norte, Gustavo A. Madero, Distrito Federal",True,https://casa.mercadolibre.com.mx/MLM-5385337188-hermosa-casa-a-la-venta-en-lindavista-norte-bastante-amplia-comoda-e-iluminada-_JM
Casa,Casa En Esquina Ideal Para Negocio Y Vivienda,3300000,4,2,120,Puerto Mazatlan,"Puerto Mazatlan, Loma La Palma, Ciudad De México, Loma De La Palma, Gustavo A. Madero, Distrito Federal",False,https://casa.mercadolibre.com.mx/MLM-4693932672-casa-en-esquina-ideal-para-negocio-y-vivienda-_JM
Casa,,20800000,6,7,550,Jovellanos 45,"Jovellanos 45, Torres Lindavista, Ciudad De México, Torres Lindavista, Gustavo A. Madero, Distrito Federal",False,https://casa.mercadolibre.com.mx/MLM-4955454240-casa-de-6-recamaras-en-venta-en-torres-lindavista-a-5-min-de-metro-politecnico-_JM
Departamento,Departamento A Estrenar En Colonia Guadalupe Insurgentes,3460000,2,1,50,Ing. Braulio Martínez  #x,"Ing. Braulio Martínez  #x, Guadalupe Insurgentes, Gustavo A. Madero, Distrito Federal",False,https://departamento.mercadolibre.com.mx/MLM-4961019566-departamento-a-estrenar-en-colonia-guadalupe-insurgentes-_JM
Edificio,,8950000,,6,350,C. Granate,"C. Granate, Col. Estrella, Ciudad De México, Estrella, Gustavo A. Madero, Distrito Federal",False,https://inmueble.mercadolibre.com.mx/MLM-2613483515-edificio-en-venta-en-gustavo-a-madero-col-estrella-_JM
Departamento,,3300000,2,2,67,Terrazas Lindavista,"Terrazas Lindavista, Eje Central Lázaro Cárdenas 1040, Nueva Industrial Vallejo, Ciudad De México, Nueva Industrial Vallejo, Gustavo A. Madero, Distrito Federal",False,https://departamento.mercadolibre.com.mx/MLM-4738938096-departamento-en-venta-en-terrazas-lindavista-_JM
Departamento,,2550000,2,2,58,Capultitlan,"Capultitlan, Mexico City, Capultitlán, Gustavo A. Madero, Distrito Federal",False,https://departamento.mercadolibre.com.mx/MLM-2897773395-departamento-en-venta-en-capultitlan-gustavo-a-madero-cdmx-_JM
Casa,Casa Bonita Recién Remodelada En Zona De Lindavista,6900000,2,2,173,Corumbá 300 - 600,"Corumbá 300 - 600, Valle Del Tepeyac, Ciudad De México, Valle Del Tepeyac, Gustavo A. Madero, Distrito Federal",True,https://casa.mercadolibre.com.mx/MLM-2952545245-casa-bonita-recien-remodelada-en-zona-de-lindavista-_JM
Casa,,4200000,4,3,323,Ignacio Zaragoza,"Ignacio Zaragoza, Pueblo De San Juan De Aragón, Ciudad De México, San Juan De Aragón, Gustavo A. Madero, Distrito Federal",False,https://casa.mercadolibre.com.mx/MLM-4535016290-casa-en-venta-en-san-juan-de-aragon-_JM
Casa,,3800000,5,3,300,San Juan De Aragón IV Sección,"San Juan De Aragón IV Sección, Gustavo A. Madero, Distrito Federal",False,https://casa.mercadolibre.com.mx/MLM-5357496606-casa-san-juan-de-aragon-gustavo-a-madero-_JM
Departamento,,1450000,2,1,56,Otro Sin Referencia 30,"Otro Sin Referencia 30, DM Nacional, José María Morelos Y Pavón II, Gustavo A. Madero, 07450 Ciudad De México, CDMX, Mexico, DM Nacional, Gustavo A. Madero, Distrito Federal",False,https://departamento.mercadolibre.com.mx/MLM-5366186000-departamento-en-venta-dm-nacional-_JM
Departamento,,1990000,2,1,50,Vallejo,"Vallejo, Gustavo A. Madero, Distrito Federal",False,https://departamento.mercadolibre.com.mx/MLM-5246081432-departamentos-en-ventaentrega-inmediata-vallejo-gam-cdmx-_JM
Local Comercial,Local  Comercial A Media Cuadra  De Av. Principal,1698000,,1,68,7 De Noviembre,"7 De Noviembre, Gustavo A. Madero, Distrito Federal",False,https://inmueble.mercadolibre.com.mx/MLM-2237352649-local-comercial-a-media-cuadra-de-av-principal-_JM
Casa,,8800000,3,4,225,Pujato SN,"Pujato SN, Lindavista Norte, Gustavo A. Madero, Distrito Federal",False,https://casa.mercadolibre.com.mx/MLM-4608642760-casa-en-venta-en-lindavista-norte-_JM
Casa,,9000000,4,4,337,Salaverry 899,"Salaverry 899, Lindavista Nte., Ciudad De México, Colonia Lindavista Norte, Gustavo A. Madero, Distrito Federal",False,https://casa.mercadolibre.com.mx/MLM-4754146260-casa-en-venta-en-lindavista-_JM
Departamento,,1754000,3,1,60,Martín Carrera,"Martín Carrera, Mexico City, Martín Carrera, Gustavo A. Madero, Distrito Federal",False,https://departamento.mercadolibre.com.mx/MLM-5194306838-departamento-en-venta-en-martin-carrera-a-calles-de-parque-tepeyac-_JM
Departamento,Hermoso Departamento Saliendo De Metro Potrero Cm,1500000,2,1,61,Insurgentes Nte. 1190,"Insurgentes Nte. 1190, Capultitlan, Ciudad De México, Capultitlán, Gustavo A. Madero, Distrito Federal",False,https://departamento.mercadolibre.com.mx/MLM-2935099989-hermoso-departamento-saliendo-de-metro-potrero-cm-_JM
Casa,,7700000,3,2,240,Valle Del Tepeyac,"Valle Del Tepeyac, Gustavo A. Madero, Distrito Federal",False,https://casa.mercadolibre.com.mx/MLM-2894400845-valle-del-tepeyac-amplia-casa-en-venta-_JM
Departamento,"Departamento En  Venta En Insurgentes Norte, Magdalena De Las Salinas",5477700,2,2,75,Insurgentes Norte 1346,"Insurgentes Norte 1346, Magdalena De Las Salinas, Gustavo A. Madero, Distrito Federal",False,https://departamento.mercadolibre.com.mx/MLM-4647496996-departamento-en-venta-en-insurgentes-norte-magdalena-de-las-salinas-_JM
Bodega,Bodega Comercial En Esquina Ideal Para Desarrollo Habitacional O Comercial,15300000,,,558,PONIENTE 106 203,"PONIENTE 106 203, Guadalupe Victoria, Gustavo A. Madero, Distrito Federal",False,https://inmueble.mercadolibre.com.mx/MLM-2797880485-bodega-comercial-en-esquina-ideal-para-desarrollo-habitacional-o-comercial-_JM
Departamento,,4753500,2,2,75,Insurgentes Norte Al 1346,"Insurgentes Norte Al 1346, Magdalena De Las Salinas, Gustavo A. Madero, Distrito Federal",False,https://departamento.mercadolibre.com.mx/MLM-4972125892-departamento-en-venta-en-lindavista-_JM
Departamento,"Departamento En  Venta En Insurgentes Norte, Magdalena De Las Salinas",4819700,2,2,75,Insurgentes Norte 1346,"Insurgentes Norte 1346, Magdalena De Las Salinas, Gustavo A. Madero, Distrito Federal",False,https://departamento.mercadolibre.com.mx/MLM-4653873378-departamento-en-venta-en-insurgentes-norte-magdalena-de-las-salinas-_JM
Casa,,6200000,5,2,180,Eten 546,"Eten 546, Valle Del Tepeyac, Gustavo A. Madero, 7500 - 7800 Ciudad De México, CDMX, Mexico, Valle Del Tepeyac, Gustavo A. Madero, Distrito Federal",False,https://casa.mercadolibre.com.mx/MLM-2938419211-casa-en-venta-valle-del-tepeyac-casa-amplia-separada-en-dos-ideal-para-acondicionar-_JM
Casa,Vive Con Tranquilidad En La Alc. Gam Solo Recursos Propios,2350000,3,2,119,C.T.M. El Risco,"C.T.M. El Risco, Gustavo A. Madero, Distrito Federal",False,https://casa.mercadolibre.com.mx/MLM-5139312170-vive-con-tranquilidad-en-la-alc-gam-solo-recursos-propios-_JM
Departamento,,1790000,2,1,60,Calz. San Juan De Aragón 439,"Calz. San Juan De Aragón 439, DM Nacional, Granjas Modernas, Ciudad De México, DM Nacional, Gustavo A. Madero, Distrito Federal",False,https://departamento.mercadolibre.com.mx/MLM-2720804853-departamento-en-venta-en-rinconada-san-gabriel-_JM
Casa,Se Vende Casa En San Juan De Aragón Vi Sección,3600000,3,1,126,C. 1545 69,"C. 1545 69, San Juan De Aragón VI Secc, Ciudad De México, San Juan De Aragón 6a Secc., Gustavo A. Madero, Distrito Federal",False,https://casa.mercadolibre.com.mx/MLM-2911222437-se-vende-casa-en-san-juan-de-aragon-vi-seccion-_JM
Casa,"Acueducto De Guadalupe Te Espera. Casa Iluminada, Con Espacios Perfectos Para Ti",6590000,4,4,336,Acueducto De Guadalupe,"Acueducto De Guadalupe, Mexico City, Residencial Acueducto De Guadalupe, Gustavo A. Madero, Distrito Federal",False,https://casa.mercadolibre.com.mx/MLM-2416575509-acueducto-de-guadalupe-te-espera-casa-iluminada-con-espacios-perfectos-para-ti-_JM
Casa,,14900000,3,2,380,Torres Lindavista,"Torres Lindavista, Gustavo A. Madero, Distrito Federal",False,https://casa.mercadolibre.com.mx/MLM-5204850300-casa-en-venta-torres-lindavista-_JM
Casa,Venta De Casa En San Juan De Aragón 3a Sección,5990000,8,5,370,Av. 611 133,"Av. 611 133, San Juan De Aragón III Secc, Ciudad De México, San Juan De Aragón 3a Secc., Gustavo A. Madero, Distrito Federal",False,https://casa.mercadolibre.com.mx/MLM-5153750422-venta-de-casa-en-san-juan-de-aragon-3a-seccion-_JM
Casa,,14900000,2,3,600,Porto Alegre SN,"Porto Alegre SN, Torres Lindavista, Gustavo A. Madero, Distrito Federal",False,https://casa.mercadolibre.com.mx/MLM-4660104768-casa-en-venta-en-torres-lindavista-_JM
Departamento,,2031100,2,1,50,Av. Luis De La Rosa 16,"Av. Luis De La Rosa 16, Constitución De La República, Gustavo A. Madero, Distrito Federal",False,https://departamento.mercadolibre.com.mx/MLM-4794700462-departamento-en-venta-en-constitucion-de-la-republica-_JM
Terreno,"Venta De Bodega En San Felipe De Jesús, G.a.m.",3980000,,,200,Antigua Veracruz MZ36 LT4,"Antigua Veracruz MZ36 LT4, San Felipe De Jesús, Ciudad De México, San Felipe De Jesús, Gustavo A. Madero, Distrito Federal",False,https://terreno.mercadolibre.com.mx/MLM-2746103329-venta-de-bodega-en-san-felipe-de-jesus-gam-_JM
Departamento,,2432700,3,1,77,Calz. San Juan De Aragón 533,"Calz. San Juan De Aragón 533, Fovissste Aragón, Ciudad De México, Aragón Fovissste, Gustavo A. Madero, Distrito Federal",False,https://departamento.mercadolibre.com.mx/MLM-4841682898-departamento-en-venta-en-pueblo-san-juan-de-aragon-_JM
Departamento,,2040000,2,1,50,Pueblo De Santiago Atzacoalco,"Pueblo De Santiago Atzacoalco, Mexico City, Pueblo Santiago Atzacoalco, Gustavo A. Madero, Distrito Federal",False,https://departamento.mercadolibre.com.mx/MLM-2878189405-departamento-nuevo-en-venta-a-5-minutos-de-patio-martin-carrera-_JM
Casa,,6500000,4,4,320,AV 527 133,"AV 527 133, San Juan De Aragón I Sección, Gustavo A. Madero, Distrito Federal",False,https://casa.mercadolibre.com.mx/MLM-5300454034--casa-en-venta-amplios-espacios-para-tu-familia-_JM
Edificio,,22500000,,,840,Lindavista Vallejo III Sección,"Lindavista Vallejo III Sección, Gustavo A. Madero, Distrito Federal",False,https://inmueble.mercadolibre.com.mx/MLM-2501069371-edificio-en-venta-en-vallejo-g-a-madero-_JM
Departamento,,3964953,2,2,71,San Juan De Aragón I Sección,"San Juan De Aragón I Sección, Gustavo A. Madero, Distrito Federal",False,https://departamento.mercadolibre.com.mx/MLM-5034811546-rio-consulado-departamentos-en-preventa-san-juan-de-aragon-gustavo-a-madero-_JM
Bodega,,4200000,,,439,Zona Escolar,"Zona Escolar, Gustavo A. Madero, Distrito Federal",False,https://inmueble.mercadolibre.com.mx/MLM-5262386462-bodega-en-venta-suelo-comercial-alcaldia-gam-cod-bgv283-_JM
Departamento,,3575613,2,1,65,San Juan De Aragón I Sección,"San Juan De Aragón I Sección, Gustavo A. Madero, Distrito Federal",False,https://departamento.mercadolibre.com.mx/MLM-2800675923-preventa-departamento-en-venta-en-san-juan-de-aragon-gustavo-a-madero-_JM
Departamento,Departamento Nuevo Al Norte De La Cdmx,2350000,2,1,50,Sin Calle,"Sin Calle, Bondojito, Gustavo A. Madero, Distrito Federal",False,https://departamento.mercadolibre.com.mx/MLM-5071770954-departamento-nuevo-al-norte-de-la-cdmx-_JM
Edificio,,5290000,,4,294,Juan Sebastián Bach 191,"Juan Sebastián Bach 191, Vallejo, Gustavo A. Madero, 07870 Ciudad De México, CDMX, Mexico, Arboledas, Gustavo A. Madero, Distrito Federal",False,https://inmueble.mercadolibre.com.mx/MLM-2574002683-edificio-para-inversion-de-3-niveles-en-vallejo-ciudad-de-mexico-_JM
Departamento,,3030440,2,1,77,Santa Isabel Tola,"Santa Isabel Tola, Gustavo A. Madero, Distrito Federal",False,https://departamento.mercadolibre.com.mx/MLM-5209618408-departamento-en-venta-av-acueducto-de-guadalupe-511-santa-isabel-tola-_JM
Edificio,,11000000,,2,400,Av Huasteca 176,"Av Huasteca 176, Industrial, Ciudad De México, Industrial, Gustavo A. Madero, Distrito Federal",False,https://inmueble.mercadolibre.com.mx/MLM-2880655703-edificio-en-venta-con-uso-de-suelo-mixto-industrial-gustavo-a-madero-_JM
Departamento,,2040000,2,1,49,Av Centenario 1966,"Av Centenario 1966, Santiago Atzacoalco, Gustavo A. Madero, Distrito Federal",False,https://departamento.mercadolibre.com.mx/MLM-5078580412-hermoso-departamento-con-gran-ubicacion-en-gustavo-a-madero-_JM
Departamento,"Departamento En  Venta En Insurgentes Norte, Magdalena De Las Salinas",4732300,2,2,75,Insurgentes Norte 1346,"Insurgentes Norte 1346, Magdalena De Las Salinas, Gustavo A. Madero, Distrito Federal",False,https://departamento.mercadolibre.com.mx/MLM-4685574422-departamento-en-venta-en-insurgentes-norte-magdalena-de-las-salinas-_JM
Terreno,"Venta Terreno, Av. Ticomán, Lindavista, Excelente Ubicación",12500000,,,330,Calz. Ticomán 206,"Calz. Ticomán 206, Lindavista, Ciudad De México, Colonia Lindavista Norte, Gustavo A. Madero, Distrito Federal",False,https://terreno.mercadolibre.com.mx/MLM-5310051702-venta-terreno-av-ticoman-lindavista-excelente-ubicacion-_JM
Departamento,Departamento En Planta Baja Frente A Cablebus La Patera,1620000,2,1,52,Virginia Fábregas 167,"Virginia Fábregas 167, Arbolillo II, Gustavo A. Madero, 07239 Ciudad De México, CDMX, Mexico, Jorge Negrete, Gustavo A. Madero, Distrito Federal",False,https://departamento.mercadolibre.com.mx/MLM-2907197885-departamento-en-planta-baja-frente-a-cablebus-la-patera-_JM
Edificio,"Col. Lindavista, Ticomán Y Riobamba, Edificio Productos",12500000,,8,594,Calz. Ticomán 206,"Calz. Ticomán 206, Lindavista, Ciudad De México, Colonia Lindavista Norte, Gustavo A. Madero, Distrito Federal",False,https://inmueble.mercadolibre.com.mx/MLM-5325794684-col-lindavista-ticoman-y-riobamba-edificio-productos-_JM
Departamento,,1748000,2,1,60,Cam. San Juan Ixtacala 59,"Cam. San Juan Ixtacala 59, Santa Rosa, Ciudad De México, Santa Rosa, Gustavo A. Madero, Distrito Federal",False,https://departamento.mercadolibre.com.mx/MLM-5198751306-departamento-en-venta-en-joyas-vallejo-_JM
Otro Inmueble,"En Lindavista, Sobre Av Ticomán, Magnifica Propiedad.",12500000,,,594,Calz. Ticomán 206,"Calz. Ticomán 206, Lindavista, Ciudad De México, Colonia Lindavista Norte, Gustavo A. Madero, Distrito Federal",False,https://inmueble.mercadolibre.com.mx/MLM-5330998682-en-lindavista-sobre-av-ticoman-magnifica-propiedad-_JM
Departamento,Departamento En Santiago Atzacoalco,2040000,2,1,49,Cuauhtémoc 11 11,"Cuauhtémoc 11 11, Santiago Atzacoalco, Gustavo A. Madero, Distrito Federal",False,https://departamento.mercadolibre.com.mx/MLM-5352893432-departamento-en-santiago-atzacoalco-_JM
Departamento,,2593500,2,2,58,Schumann 117,"Schumann 117, Depto 502, Vallejo,  Gustavo A. Madero 07870, Cdmx, Vallejo, Gustavo A. Madero, Distrito Federal",False,https://departamento.mercadolibre.com.mx/MLM-2924134929-departamento-en-venta-colonia-vallejo-2-rec-1-bano-1-estacionamiento-_JM
Departamento,,2200000,3,1,65,Juan De Dios Bátiz I,"Juan De Dios Bátiz I, Mexico City, Juan De Dios Batiz, Gustavo A. Madero, Distrito Federal",False,https://departamento.mercadolibre.com.mx/MLM-5041467624-departamento-en-venta-unidad-batiz-_JM
Departamento,,2040000,2,1,49,Santiago Atzacoalco,"Santiago Atzacoalco, Gustavo A. Madero, Distrito Federal",False,https://departamento.mercadolibre.com.mx/MLM-2930117803-departamento-en-venta-en-santiago-atzacoalco-gustavo-a-madero-_JM
Departamento,,5120000,3,2,90,Lindavista Nte.,"Lindavista Nte., Mexico City, Colonia Lindavista Norte, Gustavo A. Madero, Distrito Federal",False,https://departamento.mercadolibre.com.mx/MLM-4619825880-departamento-en-venta-en-lindavista-norte-_JM
Departamento,Departamento En Planta Baja,1390000,2,1,45,Av Cuautepec 1650,"Av Cuautepec 1650, Jorge Negrete, Ciudad De México, Jorge Negrete, Gustavo A. Madero, Distrito Federal",False,https://departamento.mercadolibre.com.mx/MLM-5058323500-departamento-en-planta-baja-_JM
Terreno,,16500000,,,491,Insurgentes Norte Esq. Godart,"Insurgentes Norte Esq. Godart, Gustavo A. Madero, Distrito Federal",False,https://terreno.mercadolibre.com.mx/MLM-4783822774-terreno-en-venta-para-desarrollar-insurgentes-norte-gam-_JM
Departamento,,1650000,2,1,57,Calz. San Juan De Aragón 439,"Calz. San Juan De Aragón 439, DM Nacional, Granjas Modernas, Ciudad De México, DM Nacional, Gustavo A. Madero, Distrito Federal",False,https://departamento.mercadolibre.com.mx/MLM-2720767905-departamento-en-venta-en-calzada-san-juan-de-aragon-_JM
Departamento,,1945000,3,1,69,And. Paseo El Arbolillo 43,"And. Paseo El Arbolillo 43, Unidad Habitacional, México Izapa, Gustavo A. Madero, 07239 Ciudad De México, CDMX, Mexico, El Arbolillo, Gustavo A. Madero, Distrito Federal",False,https://departamento.mercadolibre.com.mx/MLM-4830889242-departamento-en-venta-en-el-arbolillo-_JM
Departamento,,3000000,2,2,54,Condominio Grand Insurgentes,"Condominio Grand Insurgentes, Av. Insurgentes Nte. 1260, Capultitlan, Ciudad De México, Capultitlán, Gustavo A. Madero, Distrito Federal",False,https://departamento.mercadolibre.com.mx/MLM-4154563176-departamento-en-venta-cerca-de-metro-potrero-_JM
Departamento,,2750000,2,2,84,Margarita Maza De Juárez 1045,"Margarita Maza De Juárez 1045, Nueva Industrial Vallejo, Ciudad De México, Nueva Industrial Vallejo, Gustavo A. Madero, Distrito Federal",False,https://departamento.mercadolibre.com.mx/MLM-2720500639-bonito-departamento-en-venta-col-nueva-industrial-vallejo-_JM
Casa,,9000000,,7,437,Abasolo 76,"Abasolo 76, Villa Gustavo A. Madero, Gustavo A. Madero, 07050 Ciudad De México, CDMX, Mexico, Aragón La Villa, Gustavo A. Madero, Distrito Federal",False,https://casa.mercadolibre.com.mx/MLM-5327576038-casa-uso-suelo-mixto-comercial-en-pb-y-habitacional-en-pa-linea-telefonica-servicios-agualuza-una-calle-delegacion-gustavo-a-madero-plaza-mariana-a-espaldas-centro-escolar-morelos-y-metrobus-esq-_JM
Departamento,,1526500,2,1,60,Gustavo A. Madero,"Gustavo A. Madero, Mexico City, Vasco De Quiroga, Gustavo A. Madero, Distrito Federal",False,https://departamento.mercadolibre.com.mx/MLM-5376884728-departamento-en-venta-en-vasco-de-quiroga-se-acepta-credito-infonavit-bancario-y-efectivo-_JM
Terreno,,3300000,,,200,Av. 1-A 14,"Av. 1-A 14, San José De La Escalera, Gustavo A. Madero, 07630 Ciudad De México, CDMX, Mexico, San José De La Escalera, Gustavo A. Madero, Distrito Federal",False,https://terreno.mercadolibre.com.mx/MLM-4032452446-terreno-en-venta-para-4-viviendas-_JM
Terreno,Terreno A Una Cuadra De Circuito Interior Y Metro Aragón,2900000,,,129,Calle Pesetas 39,"Calle Pesetas 39, Héroes De Cerro Prieto, Gustavo A. Madero, Distrito Federal",False,https://terreno.mercadolibre.com.mx/MLM-4991546210-terreno-a-una-cuadra-de-circuito-interior-y-metro-aragon-_JM
Departamento,,2780000,1,1,38,Alberto Herrera,"Alberto Herrera, Aragón, La Villa 75, Aragón La Villa, Gustavo A. Madero, Distrito Federal",False,https://departamento.mercadolibre.com.mx/MLM-5327034894-pre-venta-en-aragon-la-villa-cdmx-1-hab-1-bano-_JM
Casa,,6100000,3,1,206,Oriente 101,"Oriente 101, Gertrudis Sánchez III Secc, Ciudad De México, Gertrudis Sánchez 2a Secc., Gustavo A. Madero, Distrito Federal",False,https://casa.mercadolibre.com.mx/MLM-4672107100-casa-en-venta-en-gertrudis-sanchez-_JM
Local Comercial,,4900000,,,150,Santa Isabel Tola,"Santa Isabel Tola, Gustavo A. Madero, Distrito Federal",False,https://inmueble.mercadolibre.com.mx/MLM-2536684353-local-en-venta-colonia-santa-isabel-tola-_JM
Casa,"Venta De Casa En La Padera, G.a.m.",4750000,7,5,291,Av. De Los Pinos 171,"Av. De Los Pinos 171, Amp La Providencia, Ciudad De México, La Pradera, Gustavo A. Madero, Distrito Federal",False,https://casa.mercadolibre.com.mx/MLM-4977826180-venta-de-casa-en-la-padera-gam-_JM
Edificio,,6850000,,,512,Guadalupe Tepeyac,"Guadalupe Tepeyac, Gustavo A. Madero, Distrito Federal",False,https://inmueble.mercadolibre.com.mx/MLM-2864676625-terreno-con-proyecto-arquitectonico-ubicado-en-la-ciudad-de-mexico-_JM
Terreno,,6500000,,,160,Guadalupe Tepeyac,"Guadalupe Tepeyac, Gustavo A. Madero, Distrito Federal",False,https://terreno.mercadolibre.com.mx/MLM-5186947708-terreno-con-proyecto-arquitectonico-ubicado-en-la-ciudad-de-mexico-_JM
Terreno,,6200000,,,160,Guadalupe Tepeyac,"Guadalupe Tepeyac, Gustavo A. Madero, Distrito Federal",False,https://terreno.mercadolibre.com.mx/MLM-5186929376-terreno-con-proyecto-arquitectonico-ubicado-en-la-ciudad-de-mexico-_JM
Terreno,,6200000,,,160,Guadalupe Tepeyac,"Guadalupe Tepeyac, Gustavo A. Madero, Distrito Federal",False,https://terreno.mercadolibre.com.mx/MLM-2916702137-terreno-con-proyecto-arquitectonico-ubicado-en-la-ciudad-de-mexico-_JM
Terreno,,6200000,,,160,Guadalupe Tepeyac,"Guadalupe Tepeyac, Gustavo A. Madero, Distrito Federal",False,https://terreno.mercadolibre.com.mx/MLM-5186926672-terreno-con-proyecto-arquitectonico-ubicado-en-la-ciudad-de-mexico-_JM
Bodega,Se Vende Nave Industrial,23000000,,4,879,Lindavista,"Lindavista, Mexico City, Capultitlán, Gustavo A. Madero, Distrito Federal",True,https://inmueble.mercadolibre.com.mx/MLM-5390365548-se-vende-nave-industrial-_JM
Casa,,3150000,3,1,134,Solidaridad Nacional,"Solidaridad Nacional, Gustavo A. Madero, Distrito Federal",False,https://casa.mercadolibre.com.mx/MLM-5246059374-casa-en-venta-solidaridad-nacional-gam-cdmx-no-se-aceptan-creditos-_JM
Casa,,6990000,3,2,199,Lindavista Norte,"Lindavista Norte, Gustavo A. Madero, Distrito Federal",False,https://casa.mercadolibre.com.mx/MLM-2865310047-casa-en-venta-en-lindavista-_JM
Terreno,,2500000,,,122,Av. 483 1 - 300,"Av. 483 1 - 300, San Juan De Aragón VII Secc, Ciudad De México, San Juan De Aragón 7a Secc., Gustavo A. Madero, Distrito Federal",False,https://terreno.mercadolibre.com.mx/MLM-2783046743-terreno-en-venta-av-483-col-san-juan-de-aragon-vii-seccion-gam-cdmx-_JM
Casa,"Casa Multifamiliar En San Juan De Aragón Iii, Gam. Cdmx",6643700,7,4,580,Casa Multifamiliar En San Juan De Aragón Iii,"Casa Multifamiliar En San Juan De Aragón Iii, Gam. Cdmx, Gustavo A. Madero, Distrito Federal",False,https://casa.mercadolibre.com.mx/MLM-5310544224-casa-multifamiliar-en-san-juan-de-aragon-iii-gam-cdmx-_JM
Departamento,,6210000,3,2,119,Av Politécnico Nacional,"Av Politécnico Nacional, Col. Lindavista, Gustavo A. Madero, Distrito Federal",False,https://departamento.mercadolibre.com.mx/MLM-2907994781-departamento-en-venta-col-lindavista-gustavo-a-madero-_JM
Departamento,,5104500,2,2,67,Av Politécnico,"Av Politécnico, Col. Lindavista, Gustavo A. Madero, Distrito Federal",False,https://departamento.mercadolibre.com.mx/MLM-2908007511-departamento-en-venta-col-lindavista-gustavo-a-madero-_JM
Casa,,2500000,3,1,175,Parque Metropolitano,"Parque Metropolitano, Gustavo A. Madero, Distrito Federal",False,https://casa.mercadolibre.com.mx/MLM-2902002797-casa-en-venta-en-cuautepec-ciudad-de-mexico-_JM
Departamento,,665656800,3,3,120,Residencial Zacatenco,"Residencial Zacatenco, Gustavo A. Madero, Distrito Federal",False,https://departamento.mercadolibre.com.mx/MLM-2718616893-departamento-en-venta-entrega-inmediata-_JM
Terreno,,13500000,,,301,San Juan De Aragón I Sección,"San Juan De Aragón I Sección, Gustavo A. Madero, Distrito Federal",False,https://terreno.mercadolibre.com.mx/MLM-5159191244-terreno-en-venta-gustavo-a-madero-_JM
Departamento,,2409267,2,1,54,Av. Ing. Eduardo Molina,"Av. Ing. Eduardo Molina, Salvador Díaz Mirón, Gustavo A. Madero, Distrito Federal",False,https://departamento.mercadolibre.com.mx/MLM-5140746228-departamento-en-venta-en-vasco-de-quiroga-gustavo-a-madero-_JM
Edificio,,13200000,16,8,200,Av Instituto Politécnico Nacional 2027,"Av Instituto Politécnico Nacional 2027, Lindavista Norte, Gustavo A. Madero, Distrito Federal",False,https://inmueble.mercadolibre.com.mx/MLM-5412803154-edificio-en-venta-en-lindavista-norte-_JM
Departamento,,2200000,2,1,66,Cuitlahuac 38,"Cuitlahuac 38, Guadalupe Victoria, Gustavo A. Madero, Distrito Federal",True,https://departamento.mercadolibre.com.mx/MLM-5384838050-departamento-en-venta-en-guadalupe-victoria-_JM
Terreno,"Venta Terreno En Martín Carrera, Gam",11300000,,,519,Av. Gral. Martín Carrera,"Av. Gral. Martín Carrera, Martín Carrera, Gustavo A. Madero, Distrito Federal",False,https://terreno.mercadolibre.com.mx/MLM-2962059089-venta-terreno-en-martin-carrera-gam-_JM
Casa,,8000000,3,2,248,Otavalo Sn,"Otavalo Sn, Lindavista Norte, Gustavo A. Madero, Distrito Federal",True,https://casa.mercadolibre.com.mx/MLM-2950612933-casa-duplex-en-venta-en-lindavista-norte-con-roof-garden-_JM
Casa,,6850000,4,3,262,Latacunga S/N,"Latacunga S/N, Lindavista Norte, Gustavo A. Madero, Distrito Federal",False,https://casa.mercadolibre.com.mx/MLM-2962056527-casa-en-venta-en-lindavista-_JM
Casa,,7300000,3,3,322,San Bartolo Atepehuacan Sn,"San Bartolo Atepehuacan Sn, San Bartolo Atepehuacan, Gustavo A. Madero, Distrito Federal",False,https://casa.mercadolibre.com.mx/MLM-5412137034-casa-en-condominio-en-venta-en-san-bartolo-atepehuacan-con-terraza-y-vestidor-_JM
Casa,,6500000,3,2,148,Otavalo Sn,"Otavalo Sn, Lindavista Norte, Gustavo A. Madero, Distrito Federal",True,https://casa.mercadolibre.com.mx/MLM-5389861860-casa-duplex-en-venta-en-lindavista-norte-en-calle-cerrada-con-roof-garden-_JM
Casa,,7500000,3,3,261,Gustavo A. Madero,"Gustavo A. Madero, Distrito Federal",False,https://casa.mercadolibre.com.mx/MLM-5049136884-casa-en-venta-en-lindavista-_JM
Departamento,Venta De Departamento Tipo Loft,1220000,1,1,49,San José De La Escalera,"San José De La Escalera, Gustavo A. Madero, Distrito Federal",False,https://departamento.mercadolibre.com.mx/MLM-5107173398-venta-de-departamento-tipo-loft-_JM
Casa,"Casa En 2 Niveles Con Patios Y Buenos Acabados En Ctm Risco, Gam",2750000,3,1,97,Andador 37 Luis Yuren 10 Mz. 6,"Andador 37 Luis Yuren 10 Mz. 6, El Risco CTM, Gustavo A. Madero, Distrito Federal",False,https://casa.mercadolibre.com.mx/MLM-2798130843-casa-en-2-niveles-con-patios-y-buenos-acabados-en-ctm-risco-gam-_JM
Casa,,22000000,5,5,433,Ayacucho 50,"Ayacucho 50, Torres Lindavista, Gustavo A. Madero, Distrito Federal",False,https://casa.mercadolibre.com.mx/MLM-2605784887-casa-en-venta-en-torres-lindavista-_JM
Casa,,2500000,6,2,165,Cuautepec De Madero,"Cuautepec De Madero, Gustavo A. Madero, Distrito Federal",False,https://casa.mercadolibre.com.mx/MLM-2746842953-se-vende-casa-en-escuela-secundaria-160-gustavo-a-madero-cdmx-_JM
Departamento,Preventa Hacienda Acueducto Lindavista,2100000,2,1,48,Ticoman,"Ticoman, Gustavo A. Madero, Distrito Federal",False,https://departamento.mercadolibre.com.mx/MLM-4841450350-preventa-hacienda-acueducto-lindavista-_JM
Casa,,16000000,4,2,343,Excelsior 83,"Excelsior 83, Industrial, Gustavo A. Madero, Distrito Federal",False,https://casa.mercadolibre.com.mx/MLM-2846516953-casa-en-venta-en-industrial-_JM
Casa,,7765000,3,2,350,MATANZAS,"MATANZAS, Residencial Zacatenco, Gustavo A. Madero, Distrito Federal",False,https://casa.mercadolibre.com.mx/MLM-5030444274-venta-casa-lindavista-gustavo-a-madero-cdmx-_JM
Casa,Terreno-casa  Venta Santa Isabel Tola,15000000,3,3,252,Santa Isabel Tola,"Santa Isabel Tola, Gustavo A. Madero, Distrito Federal",False,https://casa.mercadolibre.com.mx/MLM-2694749949-terreno-casa-venta-santa-isabel-tola-_JM
Casa,,5838363,3,2,229,Calle De La Ola,"Calle De La Ola, Acueducto De Guadalupe, Gustavo A. Madero, Distrito Federal",False,https://casa.mercadolibre.com.mx/MLM-4761548066-casa-en-venta-en-acueducto-de-guadalupe-_JM
Departamento,Departamento Seminuevo En Vallejo Cerca Del Hospital La Raza Y La Basilica De Gu,2380000,2,2,55,Vallejo,"Vallejo, Gustavo A. Madero, Distrito Federal",False,https://departamento.mercadolibre.com.mx/MLM-2763099801-departamento-seminuevo-en-vallejo-cerca-del-hospital-la-raza-y-la-basilica-de-gu-_JM
Casa,"Venta De Casa En Martín Carrera, Cdmx",2350000,2,1,90,Martín Carrera,"Martín Carrera, Gustavo A. Madero, Distrito Federal",False,https://casa.mercadolibre.com.mx/MLM-2844372759-venta-de-casa-en-martin-carrera-cdmx-_JM
Casa,,11899000,6,4,425,Corona,"Corona, Industrial, Gustavo A. Madero, Distrito Federal",False,https://casa.mercadolibre.com.mx/MLM-4671051976-casa-en-venta-corona-industrial-gustavo-a-madero-ciudad-de-mexico-_JM
Departamento,,2370375,2,1,63,Alicia 38,"Alicia 38, Guadalupe Tepeyac, Gustavo A. Madero, Distrito Federal",False,https://departamento.mercadolibre.com.mx/MLM-2738954483-departamento-en-venta-en-colonia-guadalupe-tepeyac-gustavo-a-madero-ciudad-de-mexico-_JM
Casa,"Casa Producto, Puerto Madero, Casas Aleman, Gam, Cdmx.",6100000,14,9,462,Puerto Madero,"Puerto Madero, Ampliación Casas Alemán, Gustavo A. Madero, Distrito Federal",False,https://casa.mercadolibre.com.mx/MLM-4672101500-casa-producto-puerto-madero-casas-aleman-gam-cdmx-_JM
Terreno,,2600000,,,136,Martín Carrera,"Martín Carrera, Gustavo A. Madero, Distrito Federal",False,https://terreno.mercadolibre.com.mx/MLM-4750845486-casa-en-venta-en-martin-carrera-2600000-pesos-_JM
Casa,,11899000,6,4,425,Corona,"Corona, Industrial, Gustavo A. Madero, Distrito Federal",False,https://casa.mercadolibre.com.mx/MLM-5030337524-casa-en-venta-corona-industrial-gustavo-a-madero-ciudad-de-mexico-_JM
Casa,"Casa Producto, Puerto Madero, Casas Aleman, Gam, Cdmx.",5750000,14,9,462,Puerto Madero,"Puerto Madero, Ampliación Casas Alemán, Gustavo A. Madero, Distrito Federal",False,https://casa.mercadolibre.com.mx/MLM-2798064693-casa-producto-puerto-madero-casas-aleman-gam-cdmx-_JM
Casa,,12900000,4,4,550,Buenavista 600,"Buenavista 600, Gustavo A. Madero, Distrito Federal",False,https://casa.mercadolibre.com.mx/MLM-5373075718-casa-en-venta-en-planetario-lindavista-_JM
Departamento,,4190000,2,2,73,CIENFUEGOS 1000,"CIENFUEGOS 1000, San Pedro Zacatenco, Gustavo A. Madero, Distrito Federal",False,https://departamento.mercadolibre.com.mx/MLM-4761859620-departamento-en-venta-en-residencial-zacatenco-_JM
Terreno,,3950000,,,160,Calle De Los Farallones 0,"Calle De Los Farallones 0, Gustavo A. Madero, Distrito Federal",False,https://terreno.mercadolibre.com.mx/MLM-4761873680-terreno-residencial-en-venta-en-residencial-acueducto-de-guadalupe-_JM
Local Comercial,,1891781,,,21,Poniente 108 654,"Poniente 108 654, Defensores De La República, Gustavo A. Madero, Distrito Federal",False,https://inmueble.mercadolibre.com.mx/MLM-4761626302-local-en-venta-en-defensores-de-la-republica-_JM
Departamento,,3600000,3,2,114,La Patera Vallejo,"La Patera Vallejo, Gustavo A. Madero, Distrito Federal",False,https://departamento.mercadolibre.com.mx/MLM-5376858354-departamento-en-venta-vallejo-colonia-patera-condomodulos-_JM
Departamento,,3050000,2,1,65,Emiliano Zapata,"Emiliano Zapata, Gustavo A. Madero, Distrito Federal",False,https://departamento.mercadolibre.com.mx/MLM-2750066849-departamento-en-venta-frente-al-deportivo-bondogito-_JM
Edificio,,6000000,,,210,Avenida Ingeniero Alfredo Robles Domínguez 100,"Avenida Ingeniero Alfredo Robles Domínguez 100, Vallejo, Gustavo A. Madero, Distrito Federal",False,https://inmueble.mercadolibre.com.mx/MLM-2735691573-edificio-en-venta-en-vallejo-_JM
Local Comercial,,1764415,,,20,Poniente 108 654,"Poniente 108 654, Defensores De La República, Gustavo A. Madero, Distrito Federal",False,https://inmueble.mercadolibre.com.mx/MLM-4761690900-local-en-venta-en-defensores-de-la-republica-_JM
Local Comercial,,2007189,,,25,Poniente 108 654,"Poniente 108 654, Defensores De La República, Gustavo A. Madero, Distrito Federal",False,https://inmueble.mercadolibre.com.mx/MLM-4761794456-local-en-venta-en-defensores-de-la-republica-_JM
Terreno,,23000000,,,1173,Uranio 200,"Uranio 200, Nueva Industrial Vallejo, Gustavo A. Madero, Distrito Federal",False,https://terreno.mercadolibre.com.mx/MLM-4761600424-terreno-industrial-en-venta-en-industrial-vallejo-_JM
Local Comercial,,1756643,,,20,Poniente 108 654,"Poniente 108 654, Defensores De La República, Gustavo A. Madero, Distrito Federal",False,https://inmueble.mercadolibre.com.mx/MLM-4761729416-local-en-venta-en-defensores-de-la-republica-_JM
Local Comercial,,1478851,,,17,Poniente 108 654,"Poniente 108 654, Defensores De La República, Gustavo A. Madero, Distrito Federal",False,https://inmueble.mercadolibre.com.mx/MLM-4761896450-local-en-venta-en-defensores-de-la-republica-_JM
Local Comercial,,2365926,,,29,Poniente 108 654,"Poniente 108 654, Defensores De La República, Gustavo A. Madero, Distrito Federal",False,https://inmueble.mercadolibre.com.mx/MLM-4761742566-local-en-venta-en-defensores-de-la-republica-_JM
Terreno,,251284000,,,11412,Poniente,"Poniente, Industrial Vallejo, Gustavo A. Madero, Distrito Federal",False,https://terreno.mercadolibre.com.mx/MLM-4761626250-terreno-comercial-en-venta-en-industrial-vallejo-_JM
Terreno,,47000000,,,1600,Capultitlan,"Capultitlan, Gustavo A. Madero, Ciudad De México, Capultitlán, Gustavo A. Madero, Distrito Federal",False,https://terreno.mercadolibre.com.mx/MLM-4761561856-terreno-residencial-en-venta-en-capultitlan-_JM
Bodega,,110000000,,,7359,Congreso De La Unión Calle Pelícano,"Congreso De La Unión Calle Pelícano, Amp San Juan De Aragón, 07470 Ciudad De México, CDMX, Mexico, Granjas Modernas, Gustavo A. Madero, Distrito Federal",False,https://inmueble.mercadolibre.com.mx/MLM-2748624915-propiedad-industrial-en-venta-ciudad-de-mexico-gustavo-a-madero-tepeyac-_JM
Departamento,,2010000,3,1,60,Cam San Juan De Aragon 129 EDI ¨B¨ DPTO 301,"Cam San Juan De Aragon 129 EDI ¨B¨ DPTO 301, El Olivo, Gustavo A. Madero, Distrito Federal",False,https://departamento.mercadolibre.com.mx/MLM-2743005731-departamento-en-venta-en-san-juan-de-aragon-_JM
Departamento,,3426400,2,1,64,Ferrocarril Hidalgo  1375,"Ferrocarril Hidalgo  1375, Bondojito, Gustavo A. Madero, Distrito Federal",False,https://departamento.mercadolibre.com.mx/MLM-2739006407-departamento-en-venta-en-colonia-bondojito-gustavo-a-madero-ciudad-de-mexico-_JM
Edificio,,13200000,,,800,Lindavista Norte,"Lindavista Norte, Gustavo A. Madero, Distrito Federal",False,https://inmueble.mercadolibre.com.mx/MLM-4642306376-edificio-en-lindavista-gustavo-a-madero-_JM
Terreno,,1145000,,,1006,Isla Del Bosque L24,"Isla Del Bosque L24, Lindavista Sur, Gustavo A. Madero, Distrito Federal",False,https://terreno.mercadolibre.com.mx/MLM-4761665138-terreno-residencial-en-venta-en-bosque-real-_JM
Terreno,,2900000,,,171,Triunfo A 132,"Triunfo A 132, Campestre Aragón, Gustavo A. Madero, Distrito Federal",False,https://terreno.mercadolibre.com.mx/MLM-2738837935-terreno-en-venta-en-colonia-campestre-aragon-gustavo-a-madero-ciudad-de-mexico-_JM
Casa,,14000000,5,3,298,Avenida Montiel Esq. Con Entre Coquinbo Y Curazao,"Avenida Montiel Esq. Con Entre Coquinbo Y Curazao, Gustavo A. Madero, Distrito Federal",False,https://casa.mercadolibre.com.mx/MLM-2710976453-casa-en-venta-en-lindavista-sur-_JM
Local Comercial,,2319308,,,29,Poniente 108 654,"Poniente 108 654, Defensores De La República, Gustavo A. Madero, Distrito Federal",False,https://inmueble.mercadolibre.com.mx/MLM-4761820356-local-en-venta-en-defensores-de-la-republica-_JM
Casa,,6700000,3,2,195,C. 313 454,"C. 313 454, Nueva Atzacoalco, Gustavo A. Madero, Distrito Federal",False,https://casa.mercadolibre.com.mx/MLM-2798036913-venta-casa-nueva-atzacoalco-gustavo-a-madero-cdmx-_JM
Departamento,,2250000,3,2,88,Edif 32 Ent A Depto 501,"Edif 32 Ent A Depto 501, Lindavista Vallejo II Sección, Gustavo A. Madero, Distrito Federal",False,https://departamento.mercadolibre.com.mx/MLM-2753727083-departamento-en-venta-en-lindavista-vallejo-ii-_JM
Casa,Casa Venta Tepeyac Insurgentes,9200000,3,2,190,Tepeyac Insurgentes,"Tepeyac Insurgentes, Gustavo A. Madero, Distrito Federal",False,https://casa.mercadolibre.com.mx/MLM-4830289986-casa-venta-tepeyac-insurgentes-_JM
Departamento,,5490000,3,2,153,Planetario Lindavista,"Planetario Lindavista, Gustavo A. Madero, Distrito Federal",False,https://departamento.mercadolibre.com.mx/MLM-5199709970-mhl-departamento-en-venta-lindavista-alcaldia-gustavo-a-madero-_JM
Casa,,7300000,3,3,322,Av De Los 45 Metros Sn,"Av De Los 45 Metros Sn, San Bartolo Atepehuacan, Gustavo A. Madero, Distrito Federal",False,https://casa.mercadolibre.com.mx/MLM-2867658021-casa-en-venta-en-alcaldia-gustavo-a-madero-con-terraza-y-3-recamaras-_JM
Edificio,,7900000,,,369,Estrella,"Estrella, Gustavo A. Madero, Distrito Federal",False,https://inmueble.mercadolibre.com.mx/MLM-5153190538-dge-edificio-en-venta-colonia-estrella-alcaldia-gustavo-a-madero-_JM
Casa,,7230000,3,2,265,Norte 82-A 6100,"Norte 82-A 6100, Gustavo A. Madero, Distrito Federal",False,https://casa.mercadolibre.com.mx/MLM-2874611745-casa-en-venta-en-gertrudiz-sanchez-_JM
Casa,,4325000,1,3,213,Cda Emiliano Zapata 20,"Cda Emiliano Zapata 20, San Felipe De Jesús, Gustavo A. Madero, Distrito Federal",False,https://casa.mercadolibre.com.mx/MLM-2738786137-casa-en-venta-en-san-felipe-de-jesus-gustavo-a-madero-_JM
Casa,,8900000,4,2,335,Delia 100,"Delia 100, Guadalupe Tepeyac, Gustavo A. Madero, Distrito Federal",False,https://casa.mercadolibre.com.mx/MLM-2865243605-guadalupe-tepeyac-casa-en-venta-_JM
Casa,Se Vende Casa En San Juan De Aragon Zp536,5100000,3,1,156,San Juan De Aragón IV Sección,"San Juan De Aragón IV Sección, Gustavo A. Madero, Distrito Federal",False,https://casa.mercadolibre.com.mx/MLM-2926586237-se-vende-casa-en-san-juan-de-aragon-zp536-_JM
Casa,,7500000,9,3,480,Providencia,"Providencia, Gustavo A. Madero, Distrito Federal",False,https://casa.mercadolibre.com.mx/MLM-5146509454-edificio-en-venta-col-providencia-uso-de-suelo-_JM
Departamento,,480000,2,3,152,Blvrd. Bosque Real,"Blvrd. Bosque Real, Bosque Real, 52770 Huixquilucan, Edo De México., Progreso Nacional, Gustavo A. Madero, Distrito Federal",False,https://departamento.mercadolibre.com.mx/MLM-4761625518-departamento-en-venta-en-bosque-real-_JM
Departamento,,3090000,3,1,65,Eje Central Lazaro Cardenas 1040,"Eje Central Lazaro Cardenas 1040, Nueva Industrial Vallejo, Gustavo A. Madero, Distrito Federal",False,https://departamento.mercadolibre.com.mx/MLM-2797981893-departamento-en-venta-en-colonia-nueva-industrial-vallejo-gustavo-a-madero-ciudad-de-mexico-_JM
Departamento,,4536000,2,2,109,Av. Acueducto 650,"Av. Acueducto 650, San Pedro Zacatenco, Gustavo A. Madero, Distrito Federal",False,https://departamento.mercadolibre.com.mx/MLM-2605871735-departamento-en-venta-en-residencial-zacatenco-_JM
Casa,,7000000,4,3,185,Industrial,"Industrial, Gustavo A. Madero, Distrito Federal",False,https://casa.mercadolibre.com.mx/MLM-2908789573-casa-sola-para-remodelar-en-rio-blanco-gustavo-a-madero-_JM
Local Comercial,,13000000,,12,1064,Pedro Luis Ogazon 105,"Pedro Luis Ogazon 105, Vallejo, Gustavo A. Madero, Distrito Federal",False,https://inmueble.mercadolibre.com.mx/MLM-4671727236-venta-de-local-comercial-en-colonia-vallejo-delegacion-gustavo-a-madero-_JM
Local Comercial,,13000000,,12,1064,Pedro Luis Ogazon 105,"Pedro Luis Ogazon 105, Vallejo, Gustavo A. Madero, Distrito Federal",False,https://inmueble.mercadolibre.com.mx/MLM-5022802036-venta-de-local-comercial-en-colonia-vallejo-delegacion-gustavo-a-madero-_JM
Departamento,,2855070,2,1,58,Cuitlahuac 99,"Cuitlahuac 99, Villa De Aragón, Gustavo A. Madero, Distrito Federal",False,https://departamento.mercadolibre.com.mx/MLM-2738786233-departamento-en-venta-en-villa-de-aragon-_JM
Casa,Venta De Casa En Progreso Nacional Ct855,4400000,2,2,160,Progreso Nacional,"Progreso Nacional, Gustavo A. Madero, Distrito Federal",False,https://casa.mercadolibre.com.mx/MLM-2867536185-venta-de-casa-en-progreso-nacional-ct855-_JM
Casa,,7664000,8,3,263,Norte 0,"Norte 0, Gustavo A. Madero, Distrito Federal",False,https://casa.mercadolibre.com.mx/MLM-2884273285-casa-en-venta-en-la-joyita-_JM
Local Comercial,,12000000,,12,1064,Pedro Luis Ogazon 105,"Pedro Luis Ogazon 105, Vallejo, Gustavo A. Madero, Distrito Federal",False,https://inmueble.mercadolibre.com.mx/MLM-5030475644-venta-de-local-comercial-en-colonia-vallejo-delegacion-gustavo-a-madero-_JM
Bodega,Edificio Venta  Ampliación San Juan De Aragón,100000000,,,4186,Ampliación San Juan De Aragón,"Ampliación San Juan De Aragón, Gustavo A. Madero, Distrito Federal",False,https://inmueble.mercadolibre.com.mx/MLM-5241288952-edificio-venta-ampliacion-san-juan-de-aragon-_JM
Edificio,,6000000,,,288,Tres Estrellas,"Tres Estrellas, Gustavo A. Madero, Distrito Federal",False,https://inmueble.mercadolibre.com.mx/MLM-2479353637-pequeno-edificio-en-venta-av-talisman-inversionistas-_JM
Departamento,,2984315,3,2,54,SARA 4413,"SARA 4413, Guadalupe Tepeyac, Gustavo A. Madero, Distrito Federal",False,https://departamento.mercadolibre.com.mx/MLM-5042106658-departamento-en-venta-en-colonia-guadalupe-tepeyac-gustavo-a-madero-ciudad-de-mexico-_JM
Departamento,,4191000,3,2,88,Residencial Zacatenco,"Residencial Zacatenco, Gustavo A. Madero, Distrito Federal",False,https://departamento.mercadolibre.com.mx/MLM-4948185854-venta-de-departamentos-en-residencial-zacatenco-gustavo-a-madero-da557-_JM
Departamento,Modernos Departamenos Listos Para Estrenar A La Venta En Lindavista,4427098,3,2,98,Residencial Zacatenco,"Residencial Zacatenco, Gustavo A. Madero, Distrito Federal",False,https://departamento.mercadolibre.com.mx/MLM-5132966282-modernos-departamenos-listos-para-estrenar-a-la-venta-en-lindavista-_JM
Casa,,6500000,3,3,386,Unión 94,"Unión 94, Industrial, Gustavo A. Madero, Distrito Federal",False,https://casa.mercadolibre.com.mx/MLM-2932323063-casa-en-venta-en-colonia-industrial-gustavo-a-madero-ciudad-de-mexico-_JM
Casa,"Braulio Martinez, Col. Guadalupe Insurgentes. Excelente Ubicación",6350000,6,2,262,Ing Braulio Martinez Al 141,"Ing Braulio Martinez Al 141, Guadalupe Insurgentes, Gustavo A. Madero, Distrito Federal",False,https://casa.mercadolibre.com.mx/MLM-2936661865-braulio-martinez-col-guadalupe-insurgentes-excelente-ubicacion-_JM
Departamento,Departamentos En Preventa En Lindavista,4490400,2,2,65,Departamentos En Preventa En Lindavista S/N,"Departamentos En Preventa En Lindavista S/N, Lindavista Norte, Gustavo A. Madero, Distrito Federal",False,https://departamento.mercadolibre.com.mx/MLM-2745324507-departamentos-en-preventa-en-lindavista-_JM
Bodega,,5900000,,,281,Santa Isabel Tola S/N,"Santa Isabel Tola S/N, Santa Isabel Tola, Gustavo A. Madero, Distrito Federal",False,https://inmueble.mercadolibre.com.mx/MLM-2745122719-venta-casa-bodega-en-gustavo-a-madero-_JM
Casa,,3100000,3,2,240,Venta Casa En La Colonia Cocoyotes S/N,"Venta Casa En La Colonia Cocoyotes S/N, Cocoyotes, Gustavo A. Madero, Distrito Federal",False,https://casa.mercadolibre.com.mx/MLM-2745045377-casa-en-venta-en-cocoyotes-gustavo-a-madero-_JM
Departamento,,2350000,2,1,50,Guadalupe Insurgentes Sn,"Guadalupe Insurgentes Sn, Guadalupe Insurgentes, Gustavo A. Madero, Distrito Federal",False,https://departamento.mercadolibre.com.mx/MLM-4829888402-venta-departamento-guadalupe-insurgentes-gustavo-a-madero-_JM
Casa,,12500000,5,4,350,Avenida Miguel Othon De Mendizabal S/N,"Avenida Miguel Othon De Mendizabal S/N, Torres Lindavista, Gustavo A. Madero, Distrito Federal",False,https://casa.mercadolibre.com.mx/MLM-4791455396-casa-en-venta-en-torres-lindavista-_JM
Casa,"Venta De Casa En Lindavista, Gam Da391",7600000,5,3,338,Lindavista Norte,"Lindavista Norte, Gustavo A. Madero, Distrito Federal",False,https://casa.mercadolibre.com.mx/MLM-4948095018-venta-de-casa-en-lindavista-gam-da391-_JM
Casa,,9000000,4,3,337,Lindavista Sur,"Lindavista Sur, Gustavo A. Madero, Distrito Federal",False,https://casa.mercadolibre.com.mx/MLM-2943281219-casa-en-venta-con-jardin-en-lindavista-ib42-_JM
Departamento,,2432700,3,1,77,San Juan De Aragón I Sección,"San Juan De Aragón I Sección, Gustavo A. Madero, Distrito Federal",False,https://departamento.mercadolibre.com.mx/MLM-2926586497-venta-de-departamento-en-san-juan-de-aragon-gustavo-a-madero-zp538-_JM
Departamento,,3600000,3,1,110,Nueva Atzacoalco,"Nueva Atzacoalco, Gustavo A. Madero, Distrito Federal",False,https://departamento.mercadolibre.com.mx/MLM-5178985368-venta-de-departamento-en-nueva-atzacoalco-gustavo-a-madero-ze202-_JM
Edificio,,13290000,,,687,Guadalupe Tepeyac,"Guadalupe Tepeyac, Gustavo A. Madero, Distrito Federal",False,https://inmueble.mercadolibre.com.mx/MLM-4948069420-edificio-en-venta-calzada-de-guadalupe-cuauthemoc-cdmx-le706-_JM
Casa,,6500000,8,4,340,Brasilia  13,"Brasilia  13, San Pedro Zacatenco, Gustavo A. Madero, Distrito Federal",False,https://casa.mercadolibre.com.mx/MLM-2924560907-casa-en-venta-en-colonia-san-pedro-zacatenco-gustavo-a-madero-ciudad-de-mexico-_JM
Casa,,7500000,8,3,426,Héroes De Chapultepec,"Héroes De Chapultepec, Gustavo A. Madero, Distrito Federal",False,https://casa.mercadolibre.com.mx/MLM-5352617340-casa-en-venta-puerto-coatzacoalcos-sur-heroes-de-chapultepec-_JM
Departamento,,2900000,2,1,60,Villa De Aragón,"Villa De Aragón, Gustavo A. Madero, Distrito Federal",False,https://departamento.mercadolibre.com.mx/MLM-4948122548-departamento-en-venta-en-villa-de-aragon-gustavo-a-madero-lc472-_JM
Edificio,,9600000,,,461,Vallejo,"Vallejo, Gustavo A. Madero, Distrito Federal",False,https://inmueble.mercadolibre.com.mx/MLM-4948082678-edificio-comercial-vallejo-gustavo-a-madero-cdmx-da582-_JM
Oficina,,35000000,,2,1000,Nueva Industrial Vallejo,"Nueva Industrial Vallejo, Gustavo A. Madero, Distrito Federal",False,https://inmueble.mercadolibre.com.mx/MLM-2867740557-oficina-en-venta-en-gustavo-a-madero-nueva-industrial-vallejo-cdmx-_JM
Departamento,Venta De Departamento En Vallejo,2000000,3,1,60,Progreso Nacional,"Progreso Nacional, Gustavo A. Madero, Distrito Federal",False,https://departamento.mercadolibre.com.mx/MLM-2939302037-venta-de-departamento-en-vallejo-_JM
Departamento,,3500000,3,1,75,Nueva Atzacoalco,"Nueva Atzacoalco, Gustavo A. Madero, Distrito Federal",False,https://departamento.mercadolibre.com.mx/MLM-2795002003-venta-de-departamento-en-nueva-atzacoalco-gustavo-a-madero-da558-_JM
Casa,Venta De Casa En Ferrocarril Industrial 7 De Noviembre Gam Zp508,6500000,3,3,386,7 De Noviembre,"7 De Noviembre, Gustavo A. Madero, Distrito Federal",False,https://casa.mercadolibre.com.mx/MLM-5228704256-venta-de-casa-en-ferrocarril-industrial-7-de-noviembre-gam-zp508-_JM
Departamento,,1600000,2,1,59,Av. Ingeniero Eduardo Molina 1720,"Av. Ingeniero Eduardo Molina 1720, Edf 16, Depto 112, Vasco De Quiroga, Gustavo A. Madero, Distrito Federal",False,https://departamento.mercadolibre.com.mx/MLM-2937030791-departamento-en-venta-torres-de-quiroga-gustavo-a-madero-cdmx-_JM
Terreno,,8650000,,,584,San Pedro Zacatenco,"San Pedro Zacatenco, Gustavo A. Madero, Distrito Federal",False,https://terreno.mercadolibre.com.mx/MLM-4323082746-terreno-en-venta-_JM
Edificio,Edificio De 3 Niveles En Esquina,5990000,,,500,Nueva Atzacoalco,"Nueva Atzacoalco, Gustavo A. Madero, Distrito Federal",False,https://inmueble.mercadolibre.com.mx/MLM-2883050005-edificio-de-3-niveles-en-esquina-_JM
Departamento,Se Vende Departamento En Martin Carrera.,1600000,1,1,48,15 De Agosto,"15 De Agosto, Gustavo A. Madero, Distrito Federal",False,https://departamento.mercadolibre.com.mx/MLM-2850346143-se-vende-departamento-en-martin-carrera-_JM
Casa,,5500000,5,5,250,Del Obrero S/N,"Del Obrero S/N, Del Obrero, Gustavo A. Madero, Distrito Federal",False,https://casa.mercadolibre.com.mx/MLM-2745019355-casa-en-venta-en-la-colonia-del-obrero-gustavo-a-madero-_JM
Edificio,,5230000,,7,386,Huitzilihuitl S/n,"Huitzilihuitl S/n, Santa Isabel Tola, Gustavo A. Madero, Distrito Federal",False,https://inmueble.mercadolibre.com.mx/MLM-4389175702-edificio-en-venta-en-colonia-santa-isabel-tola-gustavo-a-madero-ciudad-de-mexico-_JM
Terreno,Venta De Terreno Comercial En La Laguna Ticoman  Gm494,3099000,,,89,La Laguna Ticoman,"La Laguna Ticoman, Gustavo A. Madero, Distrito Federal",False,https://terreno.mercadolibre.com.mx/MLM-4948198772-venta-de-terreno-comercial-en-la-laguna-ticoman-gm494-_JM
Local Comercial,,4260000,,1,50,Miguel Bernard 1187,"Miguel Bernard 1187, La Purísima Ticoman, Gustavo A. Madero, Distrito Federal",False,https://inmueble.mercadolibre.com.mx/MLM-2738967699-local-comercial-en-venta-en-colonia-la-purisima-ticoman-gustavo-a-madero-ciudad-de-mexico-_JM
Departamento,,2971437,2,1,56,Miguel Othón De Mendizabal Oriente 0,"Miguel Othón De Mendizabal Oriente 0, Gustavo A. Madero, Distrito Federal",False,https://departamento.mercadolibre.com.mx/MLM-5196120290-departamento-en-venta-en-nueva-industrial-vallejo-_JM
Bodega,,7200000,,1,421,Cuauhtemoc MZ6 LT52A,"Cuauhtemoc MZ6 LT52A, 25 De Julio, Colonia 25 De Julio, Gustavo A. Madero, Distrito Federal",False,https://inmueble.mercadolibre.com.mx/MLM-2691836825-venta-de-bodega-en-la-colonia-25-de-julio-gustavo-a-madero-cdmx-_JM
Casa,,7300000,3,3,322,De Los 45 Metros SN,"De Los 45 Metros SN, San Bartolo Atepehuacan, Gustavo A. Madero, Distrito Federal",False,https://casa.mercadolibre.com.mx/MLM-2896956721-casa-en-condominio-en-venta-en-san-bartolo-atepehuacan-con-terraza-y-3-recamaras-_JM
Departamento,Venta De Departamento En Lindavista Norte Gam Da563,3500000,3,1,90,Lindavista Norte,"Lindavista Norte, Gustavo A. Madero, Distrito Federal",False,https://departamento.mercadolibre.com.mx/MLM-5303960618-venta-de-departamento-en-lindavista-norte-gam-da563-_JM
Edificio,Edificio Comercial En Aragon,10000000,,,374,Estado De Querétaro Esq. Con Estado De San Luis Potosi Y Calle 3,"Estado De Querétaro Esq. Con Estado De San Luis Potosi Y Calle 3, Gustavo A. Madero, Distrito Federal",False,https://inmueble.mercadolibre.com.mx/MLM-2901955695-edificio-comercial-en-aragon-_JM
Edificio,,83000000,,,3077,Av. Insurgentes Nte.,"Av. Insurgentes Nte., Industrial, Gustavo A. Madero, Distrito Federal",False,https://inmueble.mercadolibre.com.mx/MLM-4761833338-edificio-en-venta-en-industrial-_JM
Bodega,,14500000,,,1104,Villa Gustavo A. Madero,"Villa Gustavo A. Madero, Gustavo A. Madero, Distrito Federal",False,https://inmueble.mercadolibre.com.mx/MLM-2615852347-bodega-en-venta-en-villa-gustavo-a-madero-_JM
Edificio,,12000000,,,640,Villa De Aragón,"Villa De Aragón, Gustavo A. Madero, Distrito Federal",False,https://inmueble.mercadolibre.com.mx/MLM-4948198722-edificio-en-venta-villa-de-aragaon-gam-da544-_JM
Bodega,,7200000,,1,421,Cuauhtemoc MZ6 LT52A,"Cuauhtemoc MZ6 LT52A, 25 De Julio, Colonia 25 De Julio, Gustavo A. Madero, Distrito Federal",False,https://inmueble.mercadolibre.com.mx/MLM-5022872764-venta-de-bodega-en-la-colonia-25-de-julio-gustavo-a-madero-cdmx-_JM
Bodega,,7200000,,1,421,Cuauhtemoc MZ6 LT52A,"Cuauhtemoc MZ6 LT52A, 25 De Julio, Colonia 25 De Julio, Gustavo A. Madero, Distrito Federal",False,https://inmueble.mercadolibre.com.mx/MLM-5030567750-venta-de-bodega-en-la-colonia-25-de-julio-gustavo-a-madero-cdmx-_JM
Edificio,,16000000,,,,Avenida Ticoman,"Avenida Ticoman, Gustavo A. Madero, Distrito Federal",False,https://inmueble.mercadolibre.com.mx/MLM-4959614112-edificio-comercial-en-venta-en-lindavista-_JM
Casa,,5600000,5,3,185,Albino Zertuche 20,"Albino Zertuche 20, 15 De Agosto, Gustavo A. Madero, Distrito Federal",False,https://casa.mercadolibre.com.mx/MLM-2707429747-casa-en-venta-en-colonia-15-de-agosto-gustavo-a-madero-ciudad-de-mexico-_JM
Edificio,,78000000,,,2300,Rompeolas 36,"Rompeolas 36, Residencial Acueducto De Guadalupe, Gustavo A. Madero, Distrito Federal",False,https://inmueble.mercadolibre.com.mx/MLM-2515375525-edificio-en-venta-en-colonia-residencial-acueducto-de-guadalupe-gustavo-a-madero-ciudad-de-mexico-_JM
Terreno,,80000000,,,3520,Pelícano 200,"Pelícano 200, San Juan De Aragón Amp, Gustavo A. Madero, Distrito Federal",False,https://terreno.mercadolibre.com.mx/MLM-4761871856-terreno-industrial-en-venta-en-ampliacion-san-juan-de-aragon-_JM
Local Comercial,,30000000,,1,1718,Avenida Montevideo 198,"Avenida Montevideo 198, Lindavista Norte, Gustavo A. Madero, Distrito Federal",False,https://inmueble.mercadolibre.com.mx/MLM-2940695613-local-comercial-en-venta-en-colonia-lindavista-norte-gustavo-a-madero-ciudad-de-mexico-_JM
Departamento,,2250000,3,2,88,Edif 32 Ent A Depto 501,"Edif 32 Ent A Depto 501, Lindavista Vallejo II Sección, Gustavo A. Madero, Distrito Federal",False,https://departamento.mercadolibre.com.mx/MLM-2888996843-venta-de-departamento-en-lindavista-vallejo-ii-secc-gustavo-a-madero-cdmx-_JM
Terreno,,35000000,,,1500,La Purísima Ticoman,"La Purísima Ticoman, Gustavo A. Madero, Distrito Federal",False,https://terreno.mercadolibre.com.mx/MLM-2909092945-terreno-comercial-en-venta-calzada-ticoman-_JM
Terreno,,14500000,,,630,Artes 94-bis,"Artes 94-bis, Estanzuela, Gustavo A. Madero, Distrito Federal",False,https://terreno.mercadolibre.com.mx/MLM-3963503224-terreno-en-venta-en-colonia-estanzuela-gustavo-a-madero-ciudad-de-mexico-_JM
Departamento,,4600000,2,2,83,Éuzkaro,"Éuzkaro, Gustavo A. Madero, Distrito Federal",False,https://departamento.mercadolibre.com.mx/MLM-4761728602-departamento-en-venta-en-industrial-_JM
Bodega,,3500000,,,166,Valle De Madero,"Valle De Madero, Gustavo A. Madero, Distrito Federal",False,https://inmueble.mercadolibre.com.mx/MLM-4640677130-bodega-en-venta-en-valle-madero-gustavo-a-madero-_JM
Casa,,6100000,5,3,185,Albino Zertuche 24,"Albino Zertuche 24, 15 De Agosto, Gustavo A. Madero, Distrito Federal",False,https://casa.mercadolibre.com.mx/MLM-2707286527-casa-en-venta-en-colonia-15-de-agosto-gustavo-a-madero-ciudad-de-mexico-_JM
Edificio,,11300000,,12,847,Xochiquetzal S/n,"Xochiquetzal S/n, Santa Isabel Tola, Gustavo A. Madero, Distrito Federal",False,https://inmueble.mercadolibre.com.mx/MLM-2572323809-edificio-en-venta-en-colonia-santa-isabel-tola-gustavo-a-madero-ciudad-de-mexico-_JM
Casa,,9500000,,3,560,Villa Gustavo A. Madero,"Villa Gustavo A. Madero, Gustavo A. Madero, Distrito Federal",False,https://casa.mercadolibre.com.mx/MLM-5227879088-casa-en-venta-uso-de-suelo-comercial-residencial-_JM
Terreno,Venta Terreno En Mendelssohn Vallejo,38950000,,,1016,Vallejo,"Vallejo, Gustavo A. Madero, Distrito Federal",False,https://terreno.mercadolibre.com.mx/MLM-5200927472-venta-terreno-en-mendelssohn-vallejo-_JM
Edificio,,14000000,,,816,Bondojito,"Bondojito, Gustavo A. Madero, Distrito Federal",False,https://inmueble.mercadolibre.com.mx/MLM-4790302686-edificio-en-venta-en-bondojito-_JM
Edificio,,7300000,,5,274,Rublos 35,"Rublos 35, Héroes De Cerro Prieto, Gustavo A. Madero, Distrito Federal",False,https://inmueble.mercadolibre.com.mx/MLM-2767775711-venta-de-edificio-en-heroes-de-cerro-prieto-gustavo-a-madero-cdmx-_JM
Edificio,,7300000,,5,274,Rublos 35,"Rublos 35, Héroes De Cerro Prieto, Gustavo A. Madero, Distrito Federal",False,https://inmueble.mercadolibre.com.mx/MLM-2798134141-venta-de-edificio-en-heroes-de-cerro-prieto-gustavo-a-madero-cdmx-_JM
Edificio,,7300000,,5,274,Rublos 35,"Rublos 35, Héroes De Cerro Prieto, Gustavo A. Madero, Distrito Federal",False,https://inmueble.mercadolibre.com.mx/MLM-2794970309-venta-de-edificio-en-heroes-de-cerro-prieto-gustavo-a-madero-cdmx-_JM
Local Comercial,,33450000,,,925,Avenida Cuitláhuac 100,"Avenida Cuitláhuac 100, Guadalupe Victoria, Gustavo A. Madero, Distrito Federal",False,https://inmueble.mercadolibre.com.mx/MLM-4771166348-col-guadalupe-victoria-bodega-en-venta-con-amplio-uso-de-suelo-en-la-gam-_JM
Casa,,6000000,4,2,274,San Pedro El Chico,"San Pedro El Chico, Gustavo A. Madero, Distrito Federal",False,https://casa.mercadolibre.com.mx/MLM-2858426815-mrm-casa-en-venta-en-alcaldia-gustavo-a-madero-_JM
Casa,,6900000,5,2,450,Adolfo Ruiz Cortines 100,"Adolfo Ruiz Cortines 100, Zona Escolar Oriente, Gustavo A. Madero, Distrito Federal",False,https://casa.mercadolibre.com.mx/MLM-5351954120-casa-en-venta-de-5-recamaras-en-colonia-zona-escolar-oriente-_JM
Terreno,,4000000,,,197,Talpa S/N,"Talpa S/N, San Felipe De Jesús, Gustavo A. Madero, Distrito Federal",False,https://terreno.mercadolibre.com.mx/MLM-2745161617-terreno-en-venta-san-felipe-de-jesus-gustavo-a-madero-_JM
Local Comercial,Local Comercial  Santa Isabel Tola  (renta O Venta)  Da549,18000000,,,330,Santa Isabel Tola,"Santa Isabel Tola, Gustavo A. Madero, Distrito Federal",False,https://inmueble.mercadolibre.com.mx/MLM-5072016674-local-comercial-santa-isabel-tola-renta-o-venta-da549-_JM
Terreno,,38058000,,,1000,Calle Del Panteón Y Camino A Tlecuilco S/N,"Calle Del Panteón Y Camino A Tlecuilco S/N, San Juan, 52400 Malinalco, Méx., México, Gustavo A. Madero, Distrito Federal",False,https://terreno.mercadolibre.com.mx/MLM-4977799954-terreno-comercial-en-venta-en-san-juan-de-aragon-_JM
Edificio,,15500000,,,1500,Villa De Aragón,"Villa De Aragón, Gustavo A. Madero, Distrito Federal",False,https://inmueble.mercadolibre.com.mx/MLM-5147823228-fausto-romero-edificio-en-venta-_JM
Departamento,Venta Departamento En La Nueva Atzacoalco Planta Baja,1600000,2,2,57,Nueva Atzacoalco,"Nueva Atzacoalco, Gustavo A. Madero, Distrito Federal",False,https://departamento.mercadolibre.com.mx/MLM-2881228003-venta-departamento-en-la-nueva-atzacoalco-planta-baja-_JM
Departamento,"Venta Departamento En Dos Plantas En La Colonia 7 De Noviembre, ¡impecable!",6500000,3,2,101,7 De Noviembre,"7 De Noviembre, Gustavo A. Madero, Distrito Federal",False,https://departamento.mercadolibre.com.mx/MLM-2881201997-venta-departamento-en-dos-plantas-en-la-colonia-7-de-noviembre-impecable-_JM
Casa,"Venta Casa Calzada Misterios, Atn Inversionistas!!",7900000,5,5,297,Tepeyac Insurgentes,"Tepeyac Insurgentes, Gustavo A. Madero, Distrito Federal",False,https://casa.mercadolibre.com.mx/MLM-2881176437-venta-casa-calzada-misterios-atn-inversionistas-_JM
Departamento,,2200000,2,2,53,AV CENTENARIO,"AV CENTENARIO, Santiago Atzacoalco, Gustavo A. Madero, Distrito Federal",True,https://departamento.mercadolibre.com.mx/MLM-2956691749-departamento-en-venta-en-av-centenario-gustavo-a-madero-_JM
Departamento,,4538900,2,2,65,Departamento En  Venta Gustavo Madero Lindavista  GIS  25-661,"Departamento En  Venta Gustavo Madero Lindavista  GIS  25-661, Gustavo A. Madero, Distrito Federal",True,https://departamento.mercadolibre.com.mx/MLM-5384509670-departamento-en-venta-gustavo-madero-lindavista-gis-25-661-_JM
Departamento,,4713000,2,2,71,Departamento En  Venta Gustavo Madero Lindavista  GIS  25-660,"Departamento En  Venta Gustavo Madero Lindavista  GIS  25-660, Gustavo A. Madero, Distrito Federal",True,https://departamento.mercadolibre.com.mx/MLM-5384509722-departamento-en-venta-gustavo-madero-lindavista-gis-25-660-_JM
Departamento,,4534500,2,2,65,Departamento En  Venta Gustavo Madero Lindavista  GIS  25-659,"Departamento En  Venta Gustavo Madero Lindavista  GIS  25-659, Gustavo A. Madero, Distrito Federal",True,https://departamento.mercadolibre.com.mx/MLM-2947953379-departamento-en-venta-gustavo-madero-lindavista-gis-25-659-_JM
Departamento,,2190000,2,1,52,Tetrazzini,"Tetrazzini, Vallejo, Gustavo A. Madero, Distrito Federal",True,https://departamento.mercadolibre.com.mx/MLM-2956702027-departamento-en-venta-vallejo-gustavo-a-madero-cdmx-_JM
Departamento,,1300000,2,1,54,Poniente 140,"Poniente 140, Lindavista Vallejo I Sección, Gustavo A. Madero, Distrito Federal",False,https://departamento.mercadolibre.com.mx/MLM-2962193249-departamento-en-venta-_JM
Departamento,Venta Departamento 2 Ambientes Tres Estrellas,2700000,2,1,72,Oniquina,"Oniquina, 6225, Tres Estrellas, Gustavo A. Madero, Distrito Federal",True,https://departamento.mercadolibre.com.mx/MLM-2959119687-venta-departamento-2-ambientes-tres-estrellas-_JM
Casa,,5985000,3,2,202,CAMINO DE LA AMISTAD 216,"CAMINO DE LA AMISTAD 216, Campestre Aragón, Gustavo A. Madero, Distrito Federal",True,https://casa.mercadolibre.com.mx/MLM-5407572036-casa-sola-en-venta-aragon-gustavo-a-madero-_JM
Casa,Terreno Con Construcción Ideal Para Bodega O Proyecto,8900000,4,4,351,Granjas Modernas,"Granjas Modernas, Gustavo A. Madero, Distrito Federal",True,https://casa.mercadolibre.com.mx/MLM-5406902734-terreno-con-construccion-ideal-para-bodega-o-proyecto-351-m-_JM
Casa,,6550000,,,262,TUXTEPEX 35,"TUXTEPEX 35, La Purísima Ticoman, Gustavo A. Madero, Distrito Federal",True,https://casa.mercadolibre.com.mx/MLM-2956704123-casa-en-venta-en-ticoman-gustavo-a-madero-_JM
Casa,,11000000,4,2,276,Managua 698,"Managua 698, Colonia Lindavista Norte, Gustavo A. Madero, Distrito Federal",True,https://casa.mercadolibre.com.mx/MLM-5385987454-casa-en-venta-_JM
Departamento,Venta Departamento 2 Ambientes San Pedro Zacatenco,1749000,2,1,60,Acueducto Poniente,"Acueducto Poniente, 603, San Pedro Zacatenco, Gustavo A. Madero, Distrito Federal",True,https://departamento.mercadolibre.com.mx/MLM-5389454652-venta-departamento-2-ambientes-san-pedro-zacatenco-_JM
Casa,,10600000,4,2,298,Barranquilla  102,"Barranquilla  102, Lindavista Norte, Gustavo A. Madero, Distrito Federal",False,https://casa.mercadolibre.com.mx/MLM-5410065094-casa-en-venta-en-colonia-lindavista-norte-gustavo-a-madero-ciudad-de-mexico-_JM
Departamento,,2390000,2,2,60,Martin Carrera Gustavo Madero,"Martin Carrera Gustavo Madero, Martín Carrera, Gustavo A. Madero, Distrito Federal",True,https://departamento.mercadolibre.com.mx/MLM-2947905019-departamento-en-venta-en-martin-carrera-gustavo-madero-gis-25-352-_JM
Departamento,,2580001,2,1,54,JULIETA,"JULIETA, Guadalupe Tepeyac, Gustavo A. Madero, Distrito Federal",True,https://departamento.mercadolibre.com.mx/MLM-5399142658-departamento-en-venta-en-guadalupe-tepeyac-gustavo-a-madero-ciudad-de-mexico-_JM
Departamento,Venta Departamentos Vallejo T-df0219-0102,3300000,3,2,128,CALZ. DE GUADALUPE,"CALZ. DE GUADALUPE, Vallejo, Gustavo A. Madero, Distrito Federal",True,https://departamento.mercadolibre.com.mx/MLM-2948008983-venta-departamentos-vallejo-t-df0219-0102-_JM
Departamento,,4538900,2,2,65,Departamento En  Venta En Gustavo Madero,"Departamento En  Venta En Gustavo Madero, Lindavista AM. 25-661, Gustavo A. Madero, Distrito Federal",True,https://departamento.mercadolibre.com.mx/MLM-2947905913-departamento-en-venta-en-gustavo-madero-lindavista-mg-25-661-_JM
Casa,,4260000,6,5,302,Fernando Casas Alemán,"Fernando Casas Alemán, Gustavo A. Madero, Distrito Federal",True,https://casa.mercadolibre.com.mx/MLM-2950789441-casa-en-venta-con-5-departamentos-en-casas-aleman-gam-_JM
Terreno,,11000000,,,,Tepeyac Insurgentes,"Tepeyac Insurgentes, Gustavo A. Madero, Distrito Federal",True,https://terreno.mercadolibre.com.mx/MLM-5407185484-terreno-industrial-tepeyac-insurgentes-3-frentes-348m2-_JM
Departamento,Venta Departamento 2 Ambientes Guadalupe Victoria,2604000,2,1,66,Av. Cuitlahuac,"Av. Cuitlahuac, 38, Guadalupe Victoria, Gustavo A. Madero, Distrito Federal",True,https://departamento.mercadolibre.com.mx/MLM-5407284132-venta-departamento-2-ambientes-guadalupe-victoria-_JM
Casa,,5200000,3,1,103,San Bartolo Atepehuacan,"San Bartolo Atepehuacan, Gustavo A. Madero, Distrito Federal",True,https://casa.mercadolibre.com.mx/MLM-5402553734-casa-en-venta-en-montevideo-gustavo-a-madero-cdmx-_JM
Departamento,Venta Departamento 2 Ambientes Santa Rosa,1663500,2,1,60,Calzada Vallejo,"Calzada Vallejo, 1323, Santa Rosa, Gustavo A. Madero, Distrito Federal",True,https://departamento.mercadolibre.com.mx/MLM-5406945946-venta-departamento-2-ambientes-santa-rosa-_JM
Casa,Venta Casas Vallejo T-df0219-0103,5545402,8,4,297,FUNDIDORES,"FUNDIDORES, Vallejo, Gustavo A. Madero, Distrito Federal",True,https://casa.mercadolibre.com.mx/MLM-5400888544-venta-casas-vallejo-t-df0219-0103-_JM
Bodega,,9800000,,,450,Gertrudis Sánchez 1a Sección,"Gertrudis Sánchez 1a Sección, Gustavo A. Madero, Distrito Federal",True,https://inmueble.mercadolibre.com.mx/MLM-5406902750-excelente-bodega-en-venta-cerca-de-eduardo-molina-gertrudis-sanchez-gam-cdmx-_JM
Departamento,Venta Departamentos Guadalupe Tepeyac T-df0219-0104,2690000,2,1,78,CARLOTA,"CARLOTA, Guadalupe Tepeyac, Gustavo A. Madero, Distrito Federal",True,https://departamento.mercadolibre.com.mx/MLM-5400670324-venta-departamentos-guadalupe-tepeyac-t-df0219-0104-_JM
Casa,Venta Casa 5 Ambientes San Juan De Aragón Vi Sección,6800000,5,2,257,AV.414 A,"AV.414 A, 335, San Juan De Aragón VI Sección, Gustavo A. Madero, Distrito Federal",True,https://casa.mercadolibre.com.mx/MLM-5400683316-venta-casa-5-ambientes-san-juan-de-aragon-vi-seccion-_JM
Departamento,Venta Departamentos Vallejo T-df0236-0061,1350000,2,1,44,ABUNDIO MARTINEZ,"ABUNDIO MARTINEZ, Vallejo, Gustavo A. Madero, Distrito Federal",True,https://departamento.mercadolibre.com.mx/MLM-2951149259-venta-departamentos-vallejo-t-df0236-0061-_JM
Departamento,Venta Departamento 2 Ambientes Lindavista Norte,4829600,2,2,65,AV INSTITUTO POLITECNICO NACIONAL,"AV INSTITUTO POLITECNICO NACIONAL, 1939, Lindavista Norte, Gustavo A. Madero, Distrito Federal",True,https://departamento.mercadolibre.com.mx/MLM-2950581167-venta-departamento-2-ambientes-lindavista-norte-_JM
Departamento,,2080000,2,2,65,Av. Ingeniero Eduardo Molina 8140  F 004,"Av. Ingeniero Eduardo Molina 8140  F 004, Vasco De Quiroga, Gustavo A. Madero, Distrito Federal",False,https://departamento.mercadolibre.com.mx/MLM-5408966534-departamento-en-venta-planta-baja-eduardo-molina-col-vasco-de-quiroga-_JM
Casa,Excelente Residencia En El Corazón De Lindavista,12900000,4,4,300,Callao 600 - 900,"Callao 600 - 900, Lindavista Nte., Ciudad De México, Colonia Lindavista Norte, Gustavo A. Madero, Distrito Federal",True,https://casa.mercadolibre.com.mx/MLM-5401860020-excelente-residencia-en-el-corazon-de-lindavista-_JM
Terreno,,3150000,,,150,Gertrudis Sánchez 1a Sección,"Gertrudis Sánchez 1a Sección, Gustavo A. Madero, Distrito Federal",False,https://terreno.mercadolibre.com.mx/MLM-2962046227-terreno-comercial-en-venta-en-esquina-en-gertrudis-sanchez-_JM
Terreno,,420000000,,,18000,Mexico,"Mexico, Villa Gustavo A. Madero, Gustavo A. Madero, Distrito Federal",False,https://terreno.mercadolibre.com.mx/MLM-2962210391-venta-terreno-deportivo-zacatenco-18000-m2-insurgentes-norte-_JM
Departamento,,1200000,2,1,52,Gustavo A. Madero,"Gustavo A. Madero, Mexico City, El Arbolillo, Gustavo A. Madero, Distrito Federal",True,https://departamento.mercadolibre.com.mx/MLM-2950779955-departamento-en-venta-en-el-arbolillo-_JM
Departamento,,1980000,39,1,39,Aragón La Villa,"Aragón La Villa, Gustavo A. Madero, Distrito Federal",False,https://departamento.mercadolibre.com.mx/MLM-2670247071-departamento-39m2-de-1-recamara-balcon-bodega-en-aragon-la-villa-_JM
Casa,Venta Casas Lindavista Norte T-df0085-0600,3400000,4,4,200,CALLE 10,"CALLE 10, Lindavista Norte, Gustavo A. Madero, Distrito Federal",False,https://casa.mercadolibre.com.mx/MLM-4780229916-venta-casas-lindavista-norte-t-df0085-0600-_JM
Departamento,Excelente Departamento  Con Inmejorable  Ubicación Muy Cerca  Del Metrobus Tenayuca En Guatavo A. Madero,1600000,2,1,67,Calz. Vallejo 1268,"Calz. Vallejo 1268, Santa Rosa, Ciudad De México, Santa Rosa, Gustavo A. Madero, Distrito Federal",False,https://departamento.mercadolibre.com.mx/MLM-2705512547-excelente-departamento-con-inmejorable-ubicacion-muy-cerca-del-metrobus-tenayuca-en-guatavo-a-madero-_JM
Casa,Casa En Col-cuautepec Del-gam,3150000,3,1,108,Cuautepec De Madero,"Cuautepec De Madero, Gustavo A. Madero, Distrito Federal",False,https://casa.mercadolibre.com.mx/MLM-2748832665-casa-en-col-cuautepec-del-gam-_JM
Departamento,Venta Departamentos San Juan De Aragon Vii Seccion T-df0238-0038,1300000,2,1,59,AV. EDUARDO MOLINA,"AV. EDUARDO MOLINA, San Juan De Aragón VII Sección, Gustavo A. Madero, Distrito Federal",False,https://departamento.mercadolibre.com.mx/MLM-5118589286-venta-departamentos-san-juan-de-aragon-vii-seccion-t-df0238-0038-_JM
Casa,,1950000,2,1,108,Santiago Atepetlac,"Santiago Atepetlac, Gustavo A. Madero, Distrito Federal",False,https://casa.mercadolibre.com.mx/MLM-2874594253-casa-en-venta-gustavo-a-madero-_JM
Casa,,2940000,3,3,193,Av. 495 28,"Av. 495 28, San Juan De Aragón 7a Secc., Gustavo A. Madero, Distrito Federal",False,https://casa.mercadolibre.com.mx/MLM-5107706830-casa-en-venta-col-san-juan-de-aragon-gam-cdmx-_JM
Departamento,Venta Departamentos San Juan De Aragon Vi Seccion T-df0238-0037,1000000,2,1,55,VALLE DE MITLA,"VALLE DE MITLA, San Juan De Aragón VI Sección, Gustavo A. Madero, Distrito Federal",False,https://departamento.mercadolibre.com.mx/MLM-5118576318-venta-departamentos-san-juan-de-aragon-vi-seccion-t-df0238-0037-_JM
Departamento,,1350000,2,1,44,La Esmeralda,"La Esmeralda, Gustavo A. Madero, Distrito Federal",False,https://departamento.mercadolibre.com.mx/MLM-5058300014-departamento-en-arcos-esmeralda-44m2-acepta-creditos-_JM
Departamento,¡entrega Inmediata! Solo Recursos Propios,1270000,2,1,60,Acueducto De Guadalupe,"Acueducto De Guadalupe, Gustavo A. Madero, Distrito Federal",False,https://departamento.mercadolibre.com.mx/MLM-2749972035-entrega-inmediata-solo-recursos-propios-_JM
Casa,Venta Casas San Juan De Aragon V Seccion T-df0181-0222,2200000,4,1,110,C. CONDOMINIO 41,"C. CONDOMINIO 41, San Juan De Aragón V Sección, Gustavo A. Madero, Distrito Federal",False,https://casa.mercadolibre.com.mx/MLM-5205054316-venta-casas-san-juan-de-aragon-v-seccion-t-df0181-0222-_JM
Casa,Casa Con Amplios Espacios,7250000,4,3,217,Calle Brillante 36,"Calle Brillante 36, Col. Estrella, Ciudad De México, Estrella, Gustavo A. Madero, Distrito Federal",False,https://casa.mercadolibre.com.mx/MLM-2831389899-casa-con-amplios-espacios-_JM
Casa,,9850000,5,3,333,Callao,"Callao, Lindavista, Gustavo A. Madero, Distrito Federal",False,https://casa.mercadolibre.com.mx/MLM-5058093094-casa-en-venta-en-lindavista-gustavo-a-madero-cdmx-_JM
Casa,,6000000,3,1,320,Industrial,"Industrial, Gustavo A. Madero, Distrito Federal",False,https://casa.mercadolibre.com.mx/MLM-4635910764-construccion-para-inversion-en-venta-remodela-y-gana-_JM
Departamento,,1800000,2,1,56,Nueva Industrial Vallejo,"Nueva Industrial Vallejo, Gustavo A. Madero, Distrito Federal",False,https://departamento.mercadolibre.com.mx/MLM-5357496766-departamento-en-venta-nueva-industrial-vallejo-gustavo-a-madero-_JM
Casa,Venta Casas Pradera Ii Seccion T-df0238-0033,2000000,2,1,72,VOLCAN DE FUEGO,"VOLCAN DE FUEGO, Pradera II Sección, Gustavo A. Madero, Distrito Federal",False,https://casa.mercadolibre.com.mx/MLM-2750042307-venta-casas-pradera-ii-seccion-t-df0238-0033-_JM
Departamento,Departamento Interior E Iluminado En Calzada Vallejo,1650000,2,2,62,Santa Rosa,"Santa Rosa, Gustavo A. Madero, Distrito Federal",False,https://departamento.mercadolibre.com.mx/MLM-4833754568-departamento-interior-e-iluminado-en-calzada-vallejo-_JM
Casa,Venta Casas San Juan De Aragon V Seccion T-df0181-0227,2280000,3,1,67,C. 683,"C. 683, San Juan De Aragón V Sección, Gustavo A. Madero, Distrito Federal",False,https://casa.mercadolibre.com.mx/MLM-5290489874-venta-casas-san-juan-de-aragon-v-seccion-t-df0181-0227-_JM
Casa,Venta Casas Ampliacion San Juan De Aragon T-df0234-0035,500000,1,1,61,CAM. SAN JUAN DE ARAGON,"CAM. SAN JUAN DE ARAGON, Ampliación San Juan De Aragón, Gustavo A. Madero, Distrito Federal",False,https://casa.mercadolibre.com.mx/MLM-5035894736-venta-casas-ampliacion-san-juan-de-aragon-t-df0234-0035-_JM
Casa,,5100000,4,2,159,Acueducto De Guadalupe,"Acueducto De Guadalupe, Gustavo A. Madero, Distrito Federal",False,https://casa.mercadolibre.com.mx/MLM-5091413230-casa-venta-en-col-acueducto-de-guadalupe-159-m2-_JM
Departamento,Venta Departamentos Nueva Industrial Vallejo T-df0257-0003,2100000,3,1,72,AV. MIGUEL OTHON DE MENDIZABAL,"AV. MIGUEL OTHON DE MENDIZABAL, Nueva Industrial Vallejo, Gustavo A. Madero, Distrito Federal",False,https://departamento.mercadolibre.com.mx/MLM-4786367532-venta-departamentos-nueva-industrial-vallejo-t-df0257-0003-_JM
Departamento,Venta Departamentos Vallejo T-df0219-0081,2800000,3,2,154,EJE CENTRAL LAZARO CARDENAS,"EJE CENTRAL LAZARO CARDENAS, Vallejo, Gustavo A. Madero, Distrito Federal",False,https://departamento.mercadolibre.com.mx/MLM-2708081899-venta-departamentos-vallejo-t-df0219-0081-_JM
Casa,Venta Casas Tepeyac Insurgentes T-df0215-0076,4670000,4,2,280,FRAY MARTIN DE VALENCIA,"FRAY MARTIN DE VALENCIA, Tepeyac Insurgentes, Gustavo A. Madero, Distrito Federal",False,https://casa.mercadolibre.com.mx/MLM-4671654488-venta-casas-tepeyac-insurgentes-t-df0215-0076-_JM
Casa,Perfecta Casa  Grande Para Inversionistas En La Col. Guadalupe Tepeyac A Unos Minutos De Walmart Tepeyac!,17999999,8,9,504,Martha,"Martha, Guadalupe Tepeyac, Ciudad De México, Guadalupe Tepeyac, Gustavo A. Madero, Distrito Federal",False,https://casa.mercadolibre.com.mx/MLM-2705545201-perfecta-casa-grande-para-inversionistas-en-la-col-guadalupe-tepeyac-a-unos-minutos-de-walmart-tepeyac-_JM
Casa,,9000000,3,3,500,Lindavista Norte,"Lindavista Norte, Gustavo A. Madero, Distrito Federal",False,https://casa.mercadolibre.com.mx/MLM-2703374409-casa-en-venta-en-lindavista-sobre-av-montevideo-_JM
Departamento,,1495000,2,1,60,Eduardo Molina 1320 Edif. 8 Dpto. 110,"Eduardo Molina 1320 Edif. 8 Dpto. 110, Vasco De Quiroga, Gustavo A. Madero, Distrito Federal",False,https://departamento.mercadolibre.com.mx/MLM-2798134853-departamento-en-venta-en-vasco-de-quiroga-gustavo-a-madero-cdmx-_JM
Casa,Gran Oportunidad Patrimonial En La Gam: Casa De Amplias Dimensiones Con Excelente Conectividad Y Precio De Ocasión A Tratar Para Cierre Inmediato,6199998,3,3,245,De La Arena 34,"De La Arena 34, Acueducto De Guadalupe, Gustavo A. Madero, 07270 Ciudad De México, CDMX, Mexico, Residencial Acueducto De Guadalupe, Gustavo A. Madero, Distrito Federal",False,https://casa.mercadolibre.com.mx/MLM-2720545187-gran-oportunidad-patrimonial-en-la-gam-casa-de-amplias-dimensiones-con-excelente-conectividad-y-precio-de-ocasion-a-tratar-para-cierre-inmediato-_JM
Casa,,3100000,5,2,232,Volcán Tlajomulco 22,"Volcán Tlajomulco 22, Ampliación Providencia, Gustavo A. Madero, Distrito Federal",False,https://casa.mercadolibre.com.mx/MLM-5058033336-casa-en-venta-en-colonia-ampliacion-providencia-gam-ciudad-de-mexico-_JM
Casa,,25000000,3,3,581,Lindavista Norte,"Lindavista Norte, Gustavo A. Madero, Distrito Federal",False,https://casa.mercadolibre.com.mx/MLM-2850532965-casa-en-venta-lindavista-gustavo-a-madero-_JM
Departamento,,1750000,2,1,50,Nueva Industrial Vallejo,"Nueva Industrial Vallejo, Gustavo A. Madero, Distrito Federal",False,https://departamento.mercadolibre.com.mx/MLM-2821350063-acogedor-departamento-en-venta-en-el-corazon-de-vallejo-_JM
Casa,,4600000,3,4,231,Panamericana,"Panamericana, Gustavo A. Madero, Distrito Federal",False,https://casa.mercadolibre.com.mx/MLM-4690054302-casa-en-venta-panamericana-gustavo-a-madero-_JM
Casa,,4950000,2,1,466,C. Apango 48,"C. Apango 48, Cuautepec Alto Centro, Ciudad De México, Arboledas De Cuautepec El Alto, Gustavo A. Madero, Distrito Federal",False,https://casa.mercadolibre.com.mx/MLM-2746135039-inmueble-con-466-m2-en-venta-en-cuautepec-_JM
Casa,,32800000,7,9,1390,Lindavista Norte,"Lindavista Norte, Gustavo A. Madero, Distrito Federal",False,https://casa.mercadolibre.com.mx/MLM-5171491326-bajo-de-precio-casas-conjuntas-en-venta-en-lindavista-norte-cali-rcv636847-_JM
Casa,Venta Casas Torres Lindavista T-df0213-0056,9490000,4,3,300,CARACAS,"CARACAS, Torres Lindavista, Gustavo A. Madero, Distrito Federal",False,https://casa.mercadolibre.com.mx/MLM-2765380135-venta-casas-torres-lindavista-t-df0213-0056-_JM
Casa,,3950000,4,2,160,Cuautepec De Madero,"Cuautepec De Madero, Gustavo A. Madero, Distrito Federal",False,https://casa.mercadolibre.com.mx/MLM-2874535307-casa-en-venta-cuautepec-deportivo-juventino-rosas-excelente-mantenimiento-_JM
Departamento,,1690000,2,1,55,El Coyol,"El Coyol, Gustavo A. Madero, Distrito Federal",False,https://departamento.mercadolibre.com.mx/MLM-2937241723-departamento-en-venta-en-gustavo-a-madero-_JM
Casa,,2500000,2,3,120,Norte 50 A 3839,"Norte 50 A 3839, Emiliano Zapata, Gustavo A. Madero, Distrito Federal",False,https://casa.mercadolibre.com.mx/MLM-5178509548-casa-en-venta-a-unos-metros-de-circuito-uso-de-suelo-mixto-ideal-para-invertir-_JM
Departamento,,1650000,2,1,64,Joyas Vallejo,"Joyas Vallejo, Santa Rosa, Gustavo A. Madero, Distrito Federal",False,https://departamento.mercadolibre.com.mx/MLM-2865125691-departamento-en-venta-santa-rosa-gustavo-a-madero-cdmx-_JM
Casa,"¡bajo De Precio! Casa Venta En Arequipa, Lindavista Norte, Rcv636832",35700000,4,5,1300,Lindavista Norte,"Lindavista Norte, Gustavo A. Madero, Distrito Federal",False,https://casa.mercadolibre.com.mx/MLM-2858590141-bajo-de-precio-casa-venta-en-arequipa-lindavista-norte-rcv636832-_JM
Departamento,,1599996,2,1,67,Calz. Vallejo 1268,"Calz. Vallejo 1268, Santa Rosa, Ciudad De México, Santa Rosa, Gustavo A. Madero, Distrito Federal",False,https://departamento.mercadolibre.com.mx/MLM-2720637793-departamento-en-gustavo-a-madero-ubicacion-estrategica-a-pasos-del-metrobus-tenayuca-conectividad-total-y-precio-atractivo-a-tratar-gran-oportunidad-_JM
Departamento,Venta Departamentos La Purisima Ticoman T-df0213-0059,1300000,2,1,58,AND. PASEO EL ARBOLILLO,"AND. PASEO EL ARBOLILLO, La Purísima Ticoman, Gustavo A. Madero, Distrito Federal",False,https://departamento.mercadolibre.com.mx/MLM-5166616252-venta-departamentos-la-purisima-ticoman-t-df0213-0059-_JM
Casa,"Oportunidad Inmobiliaria En Guadalupe Tepeyac: Casa De Gran Metraje Con Potencial Residencial O Comercial, Ubicada En Zona De Alta Plusvalía Muy Cerca De La Villa Y Calzada De Guadalupe",17999996,8,9,504,Martha 64,"Martha 64, Guadalupe Tepeyac, Gustavo A. Madero, 07840 Ciudad De México, CDMX, Mexico, Guadalupe Tepeyac, Gustavo A. Madero, Distrito Federal",False,https://casa.mercadolibre.com.mx/MLM-2720558745-oportunidad-inmobiliaria-en-guadalupe-tepeyac-casa-de-gran-metraje-con-potencial-residencial-o-comercial-ubicada-en-zona-de-alta-plusvalia-muy-cerca-de-la-villa-y-calzada-de-guadalupe-_JM
Casa,Venta Casas San Juan De Aragon Vi Seccion T-df0238-0036,3200000,7,5,180,AV. 699,"AV. 699, San Juan De Aragón VI Sección, Gustavo A. Madero, Distrito Federal",False,https://casa.mercadolibre.com.mx/MLM-5118589302-venta-casas-san-juan-de-aragon-vi-seccion-t-df0238-0036-_JM
Casa,"Residencia Familiar En Acueducto De Guadalupe: Privacidad Total En Calle Cerrada, Cercanía A Centros Comerciales De Élite Y Zona Escolar Ipn; ¡la Mejor Inversión Del Norte De Cdmx!",6199994,3,3,245,De La Arena 34,"De La Arena 34, Acueducto De Guadalupe, Gustavo A. Madero, 07270 Ciudad De México, CDMX, Mexico, Residencial Acueducto De Guadalupe, Gustavo A. Madero, Distrito Federal",False,https://casa.mercadolibre.com.mx/MLM-2720681381-residencia-familiar-en-acueducto-de-guadalupe-privacidad-total-en-calle-cerrada-cercania-a-centros-comerciales-de-elite-y-zona-escolar-ipn-la-mejor-inversion-del-norte-de-cdmx-_JM
Casa,,5000000,3,2,178,Salama,"Salama, Valle Del Tepeyac, Gustavo A. Madero, Distrito Federal",False,https://casa.mercadolibre.com.mx/MLM-2779185605-casa-en-venta-a-lado-de-lindavista-_JM
Casa,,17650000,4,4,331,Caracas Sur,"Caracas Sur, Torres Lindavista, Gustavo A. Madero, Distrito Federal",False,https://casa.mercadolibre.com.mx/MLM-2811213953-casa-en-venta-en-fraccionamiento-torres-lindavista-gustavo-a-madero-cdmx-_JM
Casa,Máxima Amplitud Y Ubicación Premium En Gam: La Propiedad Que Buscabas Para Crecer,17999994,8,9,504,Martha 64,"Martha 64, Guadalupe Tepeyac, Gustavo A. Madero, 07840 Ciudad De México, CDMX, Mexico, Guadalupe Tepeyac, Gustavo A. Madero, Distrito Federal",False,https://casa.mercadolibre.com.mx/MLM-2722436067-maxima-amplitud-y-ubicacion-premium-en-gam-la-propiedad-que-buscabas-para-crecer-_JM
Casa,,5400000,8,5,263,Nte. 50,"Nte. 50, La Joyita, Ciudad De México, La Joyita, Gustavo A. Madero, Distrito Federal",False,https://casa.mercadolibre.com.mx/MLM-4827550000-casa-en-venta-cerca-de-la-basilica-la-joyita-gustavo-a-madero-_JM
Casa,,6550000,5,3,200,Casa EN Venta Cuchilla DEL Tesoro Poniente  6 Gustavo A. Madero,"Casa EN Venta Cuchilla DEL Tesoro Poniente  6 Gustavo A. Madero, Cuchilla Del Tesoro, Gustavo A. Madero, Distrito Federal",False,https://casa.mercadolibre.com.mx/MLM-2850678753-casa-en-venta-cuchilla-del-tesoro-gustavo-a-madero-_JM
Casa,Venta Casas San Juan De Aragon V Seccion T-df0181-0241,4500000,3,2,100,CALLE 647,"CALLE 647, San Juan De Aragón V Sección, Gustavo A. Madero, Distrito Federal",False,https://casa.mercadolibre.com.mx/MLM-2894392759-venta-casas-san-juan-de-aragon-v-seccion-t-df0181-0241-_JM
Casa,,6199995,3,3,245,De La Arena 34,"De La Arena 34, Acueducto De Guadalupe, Gustavo A. Madero, 07270 Ciudad De México, CDMX, Mexico, Residencial Acueducto De Guadalupe, Gustavo A. Madero, Distrito Federal",False,https://casa.mercadolibre.com.mx/MLM-2720729539-casa-en-venta-en-acueducto-de-guadalupe-ubicacion-estrategica-en-calle-privada-a-minutos-de-escuelas-ipn-y-centros-comerciales-seguridad-confort-y-plusvalia-en-la-gam-_JM
Casa,,15000000,7,3,371,Samuel,"Samuel, Guadalupe Tepeyac, Gustavo A. Madero, Distrito Federal",False,https://casa.mercadolibre.com.mx/MLM-4985158698-casa-en-venta-guadalupe-tepeyacgam-_JM
Casa,,16500000,5,3,674,San Juan De Puerto Rico,"San Juan De Puerto Rico, Residencial Zacatenco, Gustavo A. Madero, Distrito Federal",False,https://casa.mercadolibre.com.mx/MLM-2779161861-casa-en-venta-residencial-zacatenco-_JM
Departamento,¡invierte Seguro En Joyas Vallejo! Departamento Con Plusvalía Imbatible Y Ubicación Estratégica,1599994,2,1,67,Calz. Vallejo 1268,"Calz. Vallejo 1268, Santa Rosa, Ciudad De México, Santa Rosa, Gustavo A. Madero, Distrito Federal",False,https://departamento.mercadolibre.com.mx/MLM-2722269643-invierte-seguro-en-joyas-vallejo-departamento-con-plusvalia-imbatible-y-ubicacion-estrategica-_JM
Casa,,17999994,8,9,504,Martha 64,"Martha 64, Guadalupe Tepeyac, Gustavo A. Madero, 07840 Ciudad De México, CDMX, Mexico, Guadalupe Tepeyac, Gustavo A. Madero, Distrito Federal",False,https://casa.mercadolibre.com.mx/MLM-2732266653-preciosa-casa-grande-en-la-colonia-guadalupe-tepeyac-gustavo-a-madero-especial-para-invertir-en-airbnb-por-su-cercania-con-la-villa-_JM
Departamento,,1800000,3,1,68,Acueducto De Guadalupe,"Acueducto De Guadalupe, Gustavo A. Madero, Distrito Federal",False,https://departamento.mercadolibre.com.mx/MLM-5187042068-departamento-en-venta-en-acueducto-de-guadalupe-_JM
Casa,,7200000,6,4,333,Norte 74 A No. 3517,"Norte 74 A No. 3517, La Joya, Gustavo A. Madero, Distrito Federal",False,https://casa.mercadolibre.com.mx/MLM-2880762111-casa-en-venta-en-la-joya-gustavo-a-madero-ciudad-de-mexico-_JM
Casa,Oportunidad Para Inversionistas,17999997,8,9,504,Martha 64,"Martha 64, Guadalupe Tepeyac, Gustavo A. Madero, 07840 Ciudad De México, CDMX, Mexico, Guadalupe Tepeyac, Gustavo A. Madero, Distrito Federal",False,https://casa.mercadolibre.com.mx/MLM-2716410167-oportunidad-para-inversionistas-casa-en-guadalupe-tepeyac-gustavo-a-madero-_JM
Departamento,,2600000,2,2,15,15 De Agosto,"15 De Agosto, Gustavo A. Madero, Distrito Federal",False,https://departamento.mercadolibre.com.mx/MLM-5257027098-departamento-en-col-15-de-agosto-60m2-_JM
Casa,Venta De Casa En Condominio En Lindavista Frente Politecnico Nacional,5850000,3,2,129,Lindavista Sur,"Lindavista Sur, Gustavo A. Madero, Distrito Federal",False,https://casa.mercadolibre.com.mx/MLM-2800603931-venta-de-casa-en-condominio-en-lindavista-frente-politecnico-nacional-_JM
Departamento,¡la Joya Del Norte! Departamento En Joyas Vallejo A Un Precio Increíble!!! Ubicación Estratégica: Departamento  Con Conectividad Total!!,1599999,2,1,67,Calz. Vallejo 1268,"Calz. Vallejo 1268, Santa Rosa, Ciudad De México, Santa Rosa, Gustavo A. Madero, Distrito Federal",False,https://departamento.mercadolibre.com.mx/MLM-4698751916-la-joya-del-norte-departamento-en-joyas-vallejo-a-un-precio-increible-ubicacion-estrategica-departamento-con-conectividad-total-_JM
Casa,,9405000,5,3,459,15 De Septiembre,"15 De Septiembre, Santa María Ticoman, Gustavo A. Madero, Distrito Federal",False,https://casa.mercadolibre.com.mx/MLM-2811109167-casa-en-venta-en-santa-maria-ticoman-gustavo-a-madero-cdmx-_JM
Casa,Venta Casas San Juan De Aragon Iv Seccion T-df0181-0219,5400000,3,1,108,PRIMERA CDA. AV. 571,"PRIMERA CDA. AV. 571, San Juan De Aragón IV Sección, Gustavo A. Madero, Distrito Federal",False,https://casa.mercadolibre.com.mx/MLM-4780369882-venta-casas-san-juan-de-aragon-iv-seccion-t-df0181-0219-_JM
Departamento,,4667400,2,2,65,Gustavo Madero,"Gustavo Madero ,lindavista, Gustavo A. Madero, Distrito Federal",False,https://departamento.mercadolibre.com.mx/MLM-4819176758-departamento-en-venta-en-gustavo-madero-lindavista-af-25-661-_JM
Casa,,5300000,1,1,450,Nueva Atzacoalco,"Nueva Atzacoalco, Gustavo A. Madero, Distrito Federal",False,https://casa.mercadolibre.com.mx/MLM-5140240048-venta-propieda-en-nueva-aztacoalco-gustavo-a-madero-_JM
Departamento,,3200000,3,2,108,San Bartolo Atepehuacan,"San Bartolo Atepehuacan, Gustavo A. Madero, Distrito Federal",False,https://departamento.mercadolibre.com.mx/MLM-2776055219-departamento-de-1083m-en-san-bartolo-atepehuacan-_JM
Departamento,Venta Departamento Galaxias Vallejo 11264,1500000,2,1,60,11264 Calzada Vallejo 1268 Edificio D-10 Depto 003 Galaxias Vallejo,"11264 Calzada Vallejo 1268 Edificio D-10 Depto 003 Galaxias Vallejo, Santa Rosa, Gustavo A. Madero, Distrito Federal",False,https://departamento.mercadolibre.com.mx/MLM-5030636690-venta-departamento-galaxias-vallejo-11264-_JM
Departamento,Venta Departamentos San Juan De Aragon Iv Seccion T-df0181-0217,1480000,2,1,60,C. NORTE 94 A,"C. NORTE 94 A, San Juan De Aragón IV Sección, Gustavo A. Madero, Distrito Federal",False,https://departamento.mercadolibre.com.mx/MLM-5205054370-venta-departamentos-san-juan-de-aragon-iv-seccion-t-df0181-0217-_JM
Casa,,2980000,2,1,120,San Felipe De Jesús,"San Felipe De Jesús, Gustavo A. Madero, Distrito Federal",False,https://casa.mercadolibre.com.mx/MLM-2738995923-casa-en-venta-san-felipe-de-jesus-gustavo-a-madero-_JM
Casa,Venta Casas Vallejo T-df0236-0026,4200000,2,1,190,BORODIN,"BORODIN, Vallejo, Gustavo A. Madero, Distrito Federal",False,https://casa.mercadolibre.com.mx/MLM-4754239394-venta-casas-vallejo-t-df0236-0026-_JM
Casa,,4050000,2,1,200,San Felipe De Jesús,"San Felipe De Jesús, Gustavo A. Madero, Distrito Federal",False,https://casa.mercadolibre.com.mx/MLM-2937241909-casa-en-venta-san-felipe-de-jesus-gustavo-a-madero-_JM
Departamento,,4363817,2,2,65,Gustavo Madero,"Gustavo Madero ,lindavista, Gustavo A. Madero, Distrito Federal",False,https://departamento.mercadolibre.com.mx/MLM-4819384814-departamento-en-venta-en-gustavo-madero-lindavista-af-25-659-_JM
Departamento,,4713117,2,2,71,Avenida Politécnico Nacional,"Avenida Politécnico Nacional, Gustavo A. Madero, Distrito Federal",False,https://departamento.mercadolibre.com.mx/MLM-5063017406-departamento-en-venta-en-gustavo-madero-lindavista-af-25-660-_JM
Departamento,,1599996,2,1,67,Calz. Vallejo 1268,"Calz. Vallejo 1268, Santa Rosa, Ciudad De México, Santa Rosa, Gustavo A. Madero, Distrito Federal",False,https://departamento.mercadolibre.com.mx/MLM-2720635563-departamento-con-ubicacion-estrategica-en-gustavo-a-madero-conectividad-total-cercania-a-centros-comerciales-y-plusvalia-garantizada-en-el-norte-de-cdmx-_JM
Edificio,,64992895,,,1,Guadalupe Insurgentes,"Guadalupe Insurgentes, Gustavo A. Madero, Distrito Federal",False,https://inmueble.mercadolibre.com.mx/MLM-4367566858-edificio-en-venta-sobre-avenida-insurgentes-norte-_JM
Oficina,Venta Oficina 2 Ambientes Tepeyac Insurgentes,1548000,,,26,Valparaiso,"Valparaiso, 153 C, Tepeyac Insurgentes, Gustavo A. Madero, Distrito Federal",False,https://inmueble.mercadolibre.com.mx/MLM-2908377709-venta-oficina-2-ambientes-tepeyac-insurgentes-_JM
Departamento,Venta Departamentos Tepeyac Insurgentes T-df0215-0085,2890000,2,2,68,OTE 107,"OTE 107, Tepeyac Insurgentes, Gustavo A. Madero, Distrito Federal",False,https://departamento.mercadolibre.com.mx/MLM-4672134374-venta-departamentos-tepeyac-insurgentes-t-df0215-0085-_JM
Departamento,,3793900,2,2,66,Lindavista Norte,"Lindavista Norte, Gustavo A. Madero, Distrito Federal",False,https://departamento.mercadolibre.com.mx/MLM-2605595859-departamento-en-venta-en-col-linda-vista-norte-gam-cdmx-_JM
Casa,,4000000,5,3,244,PTO ALVARADO 38,"PTO ALVARADO 38, Ampliación Casas Alemán, Gustavo A. Madero, Distrito Federal",False,https://casa.mercadolibre.com.mx/MLM-2798045775-casa-en-venta-con-tres-departamentos-en-casa-aleman-gustavo-a-madero-cdmx-_JM
Departamento,Departamento Nuevo En Complejo Residencial De Lindavista,4190000,2,2,84,CIENFUEGOS,"CIENFUEGOS, Residencial Zacatenco, Gustavo A. Madero, Distrito Federal",False,https://departamento.mercadolibre.com.mx/MLM-2945579445-departamento-nuevo-en-complejo-residencial-de-lindavista-_JM
Departamento,,1942500,2,1,50,Vallejo,"Vallejo, Gustavo A. Madero, Distrito Federal",False,https://departamento.mercadolibre.com.mx/MLM-5042655326-departamento-nuevo-en-venta-en-vallejo-_JM
Departamento,,6499000,3,3,225,Lindavista,"Lindavista, Mexico City, Lindavista, Gustavo A. Madero, Distrito Federal",False,https://departamento.mercadolibre.com.mx/MLM-2448713893-bonito-penthouse-en-venta-en-lindavista-gustavo-a-madero-_JM
Casa,Venta Casa 3 Ambientes San Felipe De Jesús,2900000,3,1,200,TALPA,"TALPA, 117, San Felipe De Jesús, Gustavo A. Madero, Distrito Federal",False,https://casa.mercadolibre.com.mx/MLM-4955491822-venta-casa-3-ambientes-san-felipe-de-jesus-_JM
Edificio,,16500000,,,885,Siete Maravillas,"Siete Maravillas, Gustavo A. Madero, Distrito Federal",False,https://inmueble.mercadolibre.com.mx/MLM-2624717369-venta-de-edificio-en-la-gustavo-a-madero-cdmx-_JM
Casa,,10300000,4,3,240,Managua,"Managua, Lindavista Norte, Gustavo A. Madero, Distrito Federal",False,https://casa.mercadolibre.com.mx/MLM-5041711690-casa-en-venta-en-lindavista-_JM
Casa,,8650000,3,4,247,Norte 26,"Norte 26, Industrial, Gustavo A. Madero, Distrito Federal",False,https://casa.mercadolibre.com.mx/MLM-5030642940-casa-en-venta-colonia-industrial-_JM
Casa,Venta Casas Villa De Aragon T-df0238-0046,5500000,4,2,289,VILLA QUETZALCOATL,"VILLA QUETZALCOATL, Villa De Aragón, Gustavo A. Madero, Distrito Federal",False,https://casa.mercadolibre.com.mx/MLM-5208373596-venta-casas-villa-de-aragon-t-df0238-0046-_JM
Casa,,11500000,3,2,200,Torres Lindavista,"Torres Lindavista, Gustavo A. Madero, Distrito Federal",False,https://casa.mercadolibre.com.mx/MLM-5091444760-casa-en-venta-en-fraccionamiento-torres-de-lindavista-gustavo-a-madero-_JM
Casa,,8250000,5,4,284,Norte 80 A 6651,"Norte 80 A 6651, San Pedro El Chico, Gustavo A. Madero, Distrito Federal",False,https://casa.mercadolibre.com.mx/MLM-2798123071-casa-a-la-venta-san-pedro-el-chico-gustavo-a-madero-cdmx-_JM
Departamento,,2350000,2,1,50,Guadalupe Insurgentes,"Guadalupe Insurgentes, Gustavo A. Madero, Distrito Federal",False,https://departamento.mercadolibre.com.mx/MLM-2686984377-departamento-en-venta-guadalupe-insurgentes-gustavo-a-madero-_JM
Casa,,35890000,4,4,609,Riobamba,"Riobamba, Lindavista, Gustavo A. Madero, Distrito Federal",False,https://casa.mercadolibre.com.mx/MLM-5030542642-casa-en-venta-colonia-lindavista-_JM
Departamento,,1350000,2,1,2,Salvador Díaz Mirón,"Salvador Díaz Mirón, Gustavo A. Madero, Distrito Federal",False,https://departamento.mercadolibre.com.mx/MLM-5153852538-departamento-en-venta-listo-para-habitar-en-eduardo-molina-2-recs-60m-_JM
Casa,,5200000,4,3,268,De La Playa 51,"De La Playa 51, Acueducto De Guadalupe, Gustavo A. Madero, 07790 Ciudad De México, CDMX, Mexico, Acueducto De Guadalupe, Gustavo A. Madero, Distrito Federal",False,https://casa.mercadolibre.com.mx/MLM-2720728657-casa-en-venta-col-acueducto-de-guadalupe-gustavo-a-madero-ciudad-de-mexico-_JM
Departamento,Departamentos Nuevos En Gam Preventa Con Gran Plusvalía Y Facilidades De Pago,1958905,2,1,45,Union 134,"Union 134, Industrial, Gustavo A. Madero, Distrito Federal",False,https://departamento.mercadolibre.com.mx/MLM-2691693963-departamentos-nuevos-en-gam-preventa-con-gran-plusvalia-y-facilidades-de-pago-_JM
Departamento,,4800000,2,2,92,Torres Lindavista,"Torres Lindavista, Gustavo A. Madero, Distrito Federal",False,https://departamento.mercadolibre.com.mx/MLM-2937316047-departamento-torres-lindavista-gustavo-a-madero-_JM
Departamento,,1395000,3,1,62,Zona De Estacionamiento Edif. 71 Depto 302 Zona 2,"Zona De Estacionamiento Edif. 71 Depto 302 Zona 2, Jorge Negrete, Gustavo A. Madero, Distrito Federal",False,https://departamento.mercadolibre.com.mx/MLM-2821699455-departamento-en-venta-en-gustavo-a-madero-_JM
Casa,,5200000,2,2,152,Avenida 604,"Avenida 604, San Juan De Aragón 3a Secc., Gustavo A. Madero, Distrito Federal",False,https://casa.mercadolibre.com.mx/MLM-5058024656-casa-en-venta-colonia-san-juan-de-aragon-tercera-seccion-cdmx-_JM
Casa,Casa En Lindavista - Zona Cerrada A Transito Local.,8900000,3,3,330,Lindavista Norte,"Lindavista Norte, Gustavo A. Madero, Distrito Federal",False,https://casa.mercadolibre.com.mx/MLM-2869693377-casa-en-lindavista-zona-cerrada-a-transito-local-_JM
Local Comercial,"Se Vende Y Traspasa Con Mercancia Local  En Col. Industrial, Gam, Cdmx",950000,,,7,La Constancia 45,"La Constancia 45, Estrella, Gustavo A. Madero, Distrito Federal",False,https://inmueble.mercadolibre.com.mx/MLM-2689487845-se-vende-y-traspasa-con-mercancia-local-en-col-industrial-gam-cdmx-_JM
Casa,,6000000,4,2,210,Tepeyac Insurgentes,"Tepeyac Insurgentes, Gustavo A. Madero, Distrito Federal",False,https://casa.mercadolibre.com.mx/MLM-5357496760-casa-en-venta-en-gustavo-a-madero-_JM
Casa,,10065000,7,5,629,Neiva,"Neiva, Lindavista Nte., Ciudad De México, Colonia Lindavista Norte, Gustavo A. Madero, Distrito Federal",False,https://casa.mercadolibre.com.mx/MLM-2732732447-casa-en-venta-col-lindavista-gustavo-a-madero-ciudad-de-mexico-_JM
Casa,,5790000,3,2,166,San Pedro El Chico,"San Pedro El Chico, Gustavo A. Madero, Distrito Federal",False,https://casa.mercadolibre.com.mx/MLM-5193033344-casa-en-venta-san-pedro-el-chico-gustavo-a-madero-_JM
Departamento,Venta Departamentos Nueva Industrial Vallejo T-df0257-0005,2200000,2,1,51,MARGARITA MAZA DE JUAREZ,"MARGARITA MAZA DE JUAREZ, Nueva Industrial Vallejo, Gustavo A. Madero, Distrito Federal",False,https://departamento.mercadolibre.com.mx/MLM-2800904841-venta-departamentos-nueva-industrial-vallejo-t-df0257-0005-_JM
Casa,,5298000,5,2,241,San Juan De Aragón VI Sección,"San Juan De Aragón VI Sección, Gustavo A. Madero, Distrito Federal",False,https://casa.mercadolibre.com.mx/MLM-5357408188-casa-en-venta-san-juan-de-aragon-gustavo-a-madero-_JM
Casa,,3580000,5,2,192,Puerto Papantla,"Puerto Papantla, Casas Alemán Amp, Gustavo A. Madero, Distrito Federal",False,https://casa.mercadolibre.com.mx/MLM-5030453452-casa-en-venta-colonia-fernando-casas-aleman-_JM
Casa,,5100000,3,1,160,CALLE 631 38,"CALLE 631 38, San Juan De Aragón IV Sección, Gustavo A. Madero, Distrito Federal",False,https://casa.mercadolibre.com.mx/MLM-5119626508-casa-en-venta-en-san-juan-de-aragon-iv-y-v-seccion-gustavo-a-madero-cdmx-_JM
Casa,,4300000,4,2,354,Calle 321 529,"Calle 321 529, Nueva Atzacoalco, Gustavo A. Madero, Distrito Federal",False,https://casa.mercadolibre.com.mx/MLM-2798091705-casa-en-venta-en-col-nueva-atzacoalco-gustavo-a-madero-cdmx-_JM
Casa,Venta Casas San Juan De Aragon Vi Seccion T-df0238-0045,4444000,6,2,217,C. 1501,"C. 1501, San Juan De Aragón VI Sección, Gustavo A. Madero, Distrito Federal",False,https://casa.mercadolibre.com.mx/MLM-5208373598-venta-casas-san-juan-de-aragon-vi-seccion-t-df0238-0045-_JM
Casa,Casa Cond. Con Roof Garden Privado / Vigilancia 24 Hr,9200000,3,4,202,Lindavista Sur,"Lindavista Sur, Gustavo A. Madero, Distrito Federal",False,https://casa.mercadolibre.com.mx/MLM-2738855429-casa-cond-con-roof-garden-privado-vigilancia-24-hr-_JM
Casa,,5500000,4,4,330,Norte 5 A 4722,"Norte 5 A 4722, Defensores De La República, Gustavo A. Madero, Distrito Federal",False,https://casa.mercadolibre.com.mx/MLM-2691667049-casa-en-venta-en-colonia-panamericana-gam-_JM
Departamento,,1350000,2,1,51,Unidad Habitacional El Arbolillo II 40 Edif 40 Depto 203,"Unidad Habitacional El Arbolillo II 40 Edif 40 Depto 203, El Arbolillo, Gustavo A. Madero, Distrito Federal",False,https://departamento.mercadolibre.com.mx/MLM-2811202961-departamento-en-venta-en-col-el-arbolillo-gustavo-a-madero-cdmx-_JM
Departamento,,8125600,3,2,96,Lindavista Norte,"Lindavista Norte, Gustavo A. Madero, Distrito Federal",False,https://departamento.mercadolibre.com.mx/MLM-2909327577-departamento-en-venta-en-lindavista-norte-gustavo-a-madero-_JM
Casa,,6500000,7,6,366,De La Ribera 50,"De La Ribera 50, Acueducto De Guadalupe, Gustavo A. Madero, Distrito Federal",False,https://casa.mercadolibre.com.mx/MLM-2798088953-casa-en-venta-en-residencial-acueducto-de-guadalupe-cdmx-_JM
Departamento,,1800000,2,1,57,San Pedro El Chico,"San Pedro El Chico, Gustavo A. Madero, Distrito Federal",False,https://departamento.mercadolibre.com.mx/MLM-2897178179-departamento-en-venta-san-pedro-el-chico-gustavo-a-madero-_JM
Casa,,20000000,3,3,425,Lindavista Norte,"Lindavista Norte, Gustavo A. Madero, Distrito Federal",False,https://casa.mercadolibre.com.mx/MLM-2874606411-casa-en-venta-en-lindavista-norte-3-recamaras-_JM
Casa,Venta Casas Lindavista Norte T-df0085-0609,11500000,3,3,300,MATAGALPA,"MATAGALPA, Lindavista Norte, Gustavo A. Madero, Distrito Federal",False,https://casa.mercadolibre.com.mx/MLM-5203835526-venta-casas-lindavista-norte-t-df0085-0609-_JM
Casa,,6900000,3,2,242,Barras,"Barras, Lindavista, Gustavo A. Madero, Distrito Federal",False,https://casa.mercadolibre.com.mx/MLM-5278042454-casa-en-venta-colonia-lindavista-_JM
Casa,,8300000,5,2,357,Cienfuegos,"Cienfuegos, Colonia Lindavista Sur, Gustavo A. Madero, Distrito Federal",False,https://casa.mercadolibre.com.mx/MLM-5030480254-casa-en-venta-colonia-lindavista-sur-_JM
Departamento,Venta Departamentos Lindavista Norte T-df0085-0604,2950000,3,2,81,BARRAS,"BARRAS, Lindavista Norte, Gustavo A. Madero, Distrito Federal",False,https://departamento.mercadolibre.com.mx/MLM-2763220757-venta-departamentos-lindavista-norte-t-df0085-0604-_JM
Casa,,7100000,3,3,209,Zacatenco,"Zacatenco, Tepeyac Insurgentes, Gustavo A. Madero, Distrito Federal",False,https://casa.mercadolibre.com.mx/MLM-5030570902-casa-en-venta-colonia-tepeyac-insurgentes-_JM
Casa,,16500000,4,3,629,Matanzas 682,"Matanzas 682, Colonia Lindavista Norte, Gustavo A. Madero, Distrito Federal",False,https://casa.mercadolibre.com.mx/MLM-2798049981-casa-en-venta-a-media-calle-de-montevideo-_JM
Casa,Venta Casas La Escalera T-df0213-0042,8500000,4,6,400,ARROYO ESCONDIDO,"ARROYO ESCONDIDO, La Escalera, Gustavo A. Madero, Distrito Federal",False,https://casa.mercadolibre.com.mx/MLM-4699117374-venta-casas-la-escalera-t-df0213-0042-_JM
Departamento,,4950000,3,2,105,Pernambuco,"Pernambuco, Lindavista, Gustavo A. Madero, Distrito Federal",False,https://departamento.mercadolibre.com.mx/MLM-5057913416-departamento-en-venta-en-lindavista-gustavo-a-madero-cdmx-_JM
Departamento,,1300000,2,1,60,Vasco De Quiroga,"Vasco De Quiroga, Col Del Obrero, Mexico City, Vasco De Quiroga, Gustavo A. Madero, Distrito Federal",False,https://departamento.mercadolibre.com.mx/MLM-5331962788-departamento-en-venta-planta-baja-en-privad-vasco-de-quiroga-gustavo-a-madero-cdmx-venta-solo-de-contado-_JM
Casa,Venta Casas Villa De Aragon T-df0238-0047,4700000,3,3,315,VILLA TENOCHTITLAN,"VILLA TENOCHTITLAN, Villa De Aragón, Gustavo A. Madero, Distrito Federal",False,https://casa.mercadolibre.com.mx/MLM-5235669228-venta-casas-villa-de-aragon-t-df0238-0047-_JM
Casa,,5000000,5,2,240,Avenida 585,"Avenida 585, San Juan De Aragón, Gustavo A. Madero, Distrito Federal",False,https://casa.mercadolibre.com.mx/MLM-2865212867-casa-en-venta-en-sanjuan-de-aragon-_JM
Departamento,Venta Departamentos Vallejo T-df0236-0045,1960000,2,1,65,RICARDO BELL,"RICARDO BELL, Vallejo, Gustavo A. Madero, Distrito Federal",False,https://departamento.mercadolibre.com.mx/MLM-2831486415-venta-departamentos-vallejo-t-df0236-0045-_JM
Casa,Venta De Casa Con 5 Departamentos En Magdalena De Las Salinas,4230000,5,5,285,Magdalena De Las Salinas,"Magdalena De Las Salinas, Gustavo A. Madero, Distrito Federal",False,https://casa.mercadolibre.com.mx/MLM-4633827972-venta-de-casa-con-5-departamentos-en-magdalena-de-las-salinas-_JM
Casa,,18800000,3,3,493,Torres Lindavista,"Torres Lindavista, Gustavo A. Madero, Distrito Federal",False,https://casa.mercadolibre.com.mx/MLM-5357408150-casa-en-venta-torres-lindavista-gustavo-a-madero-_JM
Casa,,4600000,,5,373,Estado De Baja California Sur,"Estado De Baja California Sur, Providencia, Gustavo A. Madero, Distrito Federal",False,https://casa.mercadolibre.com.mx/MLM-2798056915-casa-en-venta-colonia-providencia-_JM
Casa,,4998000,5,3,400,Pte. 6 39,"Pte. 6 39, Cuchilla Del Tesoro, Gustavo A. Madero, Distrito Federal",False,https://casa.mercadolibre.com.mx/MLM-2740193031-casa-en-venta-en-colonia-cuchilla-del-tesoro-gustavo-a-madero-ciudad-de-mexico-_JM
Terreno,"Venta De Terreno Casa Tipo Producto, 3 Departamentos., Uso Mixto",4500000,,,226,La Malinche,"La Malinche, Gustavo A. Madero, Distrito Federal",False,https://terreno.mercadolibre.com.mx/MLM-5131852602-venta-de-terreno-casa-tipo-producto-3-departamentos-uso-mixto-_JM
Casa,Venta Casas Lindavista Norte T-df0085-0610,9200000,4,4,210,AMBATO,"AMBATO, Lindavista Norte, Gustavo A. Madero, Distrito Federal",False,https://casa.mercadolibre.com.mx/MLM-5203835520-venta-casas-lindavista-norte-t-df0085-0610-_JM
Departamento,,2720000,48,48,48,Aragón La Villa,"Aragón La Villa, Gustavo A. Madero, Distrito Federal",False,https://departamento.mercadolibre.com.mx/MLM-4627271258-departamento-48m2-de-2-recamaras-2-banos-planta-baja-en-aragon-la-villa-_JM
Departamento,Venta Departamentos San Bartolo Atepehuacan T-df0217-0104,2800000,2,1,70,PONIENTE 112,"PONIENTE 112, San Bartolo Atepehuacan, Gustavo A. Madero, Distrito Federal",False,https://departamento.mercadolibre.com.mx/MLM-5127539284-venta-departamentos-san-bartolo-atepehuacan-t-df0217-0104-_JM
Casa,Venta Casa 4 Ambientes Zona Escolar,3200000,4,1,126,MAESTRO RURAL,"MAESTRO RURAL, 8, Zona Escolar, Gustavo A. Madero, Distrito Federal",False,https://casa.mercadolibre.com.mx/MLM-2865083745-venta-casa-4-ambientes-zona-escolar-_JM
Casa,,6000000,6,3,287,Villa De Aragón,"Villa De Aragón, Gustavo A. Madero, Distrito Federal",False,https://casa.mercadolibre.com.mx/MLM-5357382918-casa-en-villa-de-aragon-gustavo-a-madero-_JM
Casa,Venta Casas Vallejo T-df0236-0032,4799999,4,3,319,LEON CAVALLO,"LEON CAVALLO, Vallejo, Gustavo A. Madero, Distrito Federal",False,https://casa.mercadolibre.com.mx/MLM-4824317562-venta-casas-vallejo-t-df0236-0032-_JM
Terreno,,4200000,,,805,Avenida Río De Los Remedios No. 164,"Avenida Río De Los Remedios No. 164, La Candelaria Ticoman, Gustavo A. Madero, Distrito Federal",False,https://terreno.mercadolibre.com.mx/MLM-4670351106-terreno-en-venta-colonia-la-candelaria-ticoman-en-gustavo-a-madero-_JM
Casa,Venta Casas Lindavista Sur T-df0217-0080,3200000,10,4,190,AV DEL TANQUE II,"AV DEL TANQUE II, Lindavista Sur, Gustavo A. Madero, Distrito Federal",False,https://casa.mercadolibre.com.mx/MLM-2782080571-venta-casas-lindavista-sur-t-df0217-0080-_JM
Departamento,Venta Departamentos Ex Ejido San Juan De Aragon Sector 32 T-df0237-0015,1400000,2,1,47,PUERTO OPORTO,"PUERTO OPORTO, San Juan De Aragón I Sección, Gustavo A. Madero, Distrito Federal",False,https://departamento.mercadolibre.com.mx/MLM-4789167488-venta-departamentos-ex-ejido-san-juan-de-aragon-sector-32-t-df0237-0015-_JM
Casa,,39980000,,6,863,Lima,"Lima, Colonia Lindavista Norte, Gustavo A. Madero, Distrito Federal",False,https://casa.mercadolibre.com.mx/MLM-5058128858-clinica-en-venta-colonia-lindavista-gustavo-a-madero-ciudad-de-mexico-_JM
Casa,,8750000,4,4,306,Puente De Calderón,"Puente De Calderón, San Bartolo Atepehuacan, Gustavo A. Madero, Distrito Federal",False,https://casa.mercadolibre.com.mx/MLM-5030537858-casa-en-venta-colonia-san-bartolo-atepehuacan-_JM
Local Comercial,Excelente Propiedad Comercial En Aragon La Villa,5850000,,2,241,5 De Febrero No.34,"5 De Febrero No.34, Aragón La Villa, Gustavo A. Madero, Distrito Federal",False,https://inmueble.mercadolibre.com.mx/MLM-2470339465-excelente-propiedad-comercial-en-aragon-la-villa-_JM
Casa,,6250000,6,4,322,Norte 84,"Norte 84, San Pedro El Chico, Gustavo A. Madero, Distrito Federal",False,https://casa.mercadolibre.com.mx/MLM-5057996874-casa-en-venta-en-san-pedro-chico-gustavo-a-madero-cdmx-_JM
Casa,Venta Casas Vallejo T-df0236-0039,5800000,3,3,250,C. GOUNOD,"C. GOUNOD, Vallejo, Gustavo A. Madero, Distrito Federal",False,https://casa.mercadolibre.com.mx/MLM-2785716767-venta-casas-vallejo-t-df0236-0039-_JM
Casa,,13900000,3,3,575,Cienfuegos,"Cienfuegos, Lindavista, Gustavo A. Madero, Distrito Federal",False,https://casa.mercadolibre.com.mx/MLM-5058188126-casa-en-venta-en-lindavista-gustavo-a-madero-cdmx-_JM
Departamento,,4900000,3,2,119,Otilia,"Otilia, Guadalupe Tepeyac, Gustavo A. Madero, Distrito Federal",False,https://departamento.mercadolibre.com.mx/MLM-5030570096-departamento-en-venta-colonia-guadalupe-tepeyac-_JM
Casa,,6600000,5,4,400,Calle Nte. 74,"Calle Nte. 74, La Joya, Ciudad De México, La Joya, Gustavo A. Madero, Distrito Federal",True,https://casa.mercadolibre.com.mx/MLM-5389439248-casa-en-venta-en-colonia-la-joya-gustavo-a-madero-_JM
Departamento,Departamento En Martín Carrera,2300000,2,2,60,Departamentos Y Estudios En Preventa En Atmósfera Martín Carrera: Av. Martín Carrera #130,"Departamentos Y Estudios En Preventa En Atmósfera Martín Carrera: Av. Martín Carrera #130, Martín Carrera, Gustavo A. Madero, Cdmx, México Al 100, Martín Carrera, Gustavo A. Madero, Distrito Federal",False,https://departamento.mercadolibre.com.mx/MLM-2782334415-departamento-en-martin-carrera-_JM
Casa,,5490000,3,1,203,Valle Del Tepeyac,"Valle Del Tepeyac, Gustavo A. Madero, Distrito Federal",False,https://casa.mercadolibre.com.mx/MLM-5262373686-casa-en-venta-cerca-de-ave-100-metros-cod-zv1396-_JM
Casa,,17790000,3,4,1005,Insurgentes Norte 1099,"Insurgentes Norte 1099, Vallejo, Gustavo A. Madero, Distrito Federal",False,https://casa.mercadolibre.com.mx/MLM-4701169214-casa-en-venta-en-colonia-vallejo-gustavo-a-madero-ciudad-de-mexico-_JM
Casa,Venta Casas San Juan De Aragon I Seccion T-df0237-0013,3700000,6,3,200,NTE 78-A,"NTE 78-A, San Juan De Aragón I Sección, Gustavo A. Madero, Distrito Federal",False,https://casa.mercadolibre.com.mx/MLM-2740243075-venta-casas-san-juan-de-aragon-i-seccion-t-df0237-0013-_JM
Edificio,,19000000,,,1200,Santa Rosa,"Santa Rosa, Gustavo A. Madero, Distrito Federal",False,https://inmueble.mercadolibre.com.mx/MLM-4255604128-edificio-venta-gustavo-a-madero-santa-rosa-calle-14-a-cev539986-_JM
Departamento,Venta Departamentos Lindavista Norte T-df0085-0596,3200000,3,2,94,AVENIDA MIGUEL BERNARD,"AVENIDA MIGUEL BERNARD, Lindavista Norte, Gustavo A. Madero, Distrito Federal",False,https://departamento.mercadolibre.com.mx/MLM-2738846051-venta-departamentos-lindavista-norte-t-df0085-0596-_JM
Casa,Venta Casas San Juan De Aragon Iii Seccion T-df0181-0234,4500000,3,2,110,PRIMERA CDA. 571,"PRIMERA CDA. 571, San Juan De Aragón III Sección, Gustavo A. Madero, Distrito Federal",False,https://casa.mercadolibre.com.mx/MLM-2872549441-venta-casas-san-juan-de-aragon-iii-seccion-t-df0181-0234-_JM
Departamento,Venta Departamentos Granjas Modernas T-df0234-0029,900000,2,1,65,SAUCES 3,"SAUCES 3, Granjas Modernas, Gustavo A. Madero, Distrito Federal",False,https://departamento.mercadolibre.com.mx/MLM-2801027275-venta-departamentos-granjas-modernas-t-df0234-0029-_JM
Departamento,,4165465,2,2,73,CIENFUEGOS,"CIENFUEGOS, Lindavista Norte, Gustavo A. Madero, Distrito Federal",False,https://departamento.mercadolibre.com.mx/MLM-5153919678-departamento-en-venta-en-lindavista-norte-gustavo-a-madero-ciudad-de-mexico-_JM
Departamento,,5850000,3,2,185,Siete Maravillas,"Siete Maravillas, Gustavo A. Madero, Distrito Federal",False,https://departamento.mercadolibre.com.mx/MLM-5357408170-departamento-en-venta-siete-maravillas-gustavo-a-madero-_JM
Casa,,24000000,22,11,1381,Callao 773 Lt. 1 Mz. 109,"Callao 773 Lt. 1 Mz. 109, Colonia Lindavista Vallejo II Sección, Gustavo A. Madero, Distrito Federal",False,https://casa.mercadolibre.com.mx/MLM-5057854982-edificio-con-11-departamentos-en-venta-colonia-lindavista-gustavo-amadero-cdmx-_JM
Casa,,3100000,2,2,161,11119 Prudencia Griffel,"11119 Prudencia Griffel, Jorge Negrete, Gustavo A. Madero, Distrito Federal",False,https://casa.mercadolibre.com.mx/MLM-5030451488-casa-en-venta-jorge-negrete-gustavo-a-madero-11119-_JM
Casa,,14000000,11,9,549,Av. La Rioja 23,"Av. La Rioja 23, San Pedro Zacatenco, Gustavo A. Madero, Distrito Federal",False,https://casa.mercadolibre.com.mx/MLM-5030481566-casa-en-venta-san-pedro-zacatenco-gam-ciudad-de-mexico-_JM
Terreno,,4800000,,,275,Salaverry,"Salaverry, San Pedro Zacatenco 135, Residencial Zacatenco, Gustavo A. Madero, Distrito Federal",False,https://terreno.mercadolibre.com.mx/MLM-5023273268-terreno-en-venta-en-san-pedro-zacatenco-gustavo-a-maderocdmx-_JM
Departamento,Venta Departamentos San Juan De Aragon I Seccion T-df0237-0009,3360000,3,2,112,AV OCEANIA,"AV OCEANIA, San Juan De Aragón I Sección, Gustavo A. Madero, Distrito Federal",False,https://departamento.mercadolibre.com.mx/MLM-5216511730-venta-departamentos-san-juan-de-aragon-i-seccion-t-df0237-0009-_JM
Departamento,,2997274,2,1,80,Santa Isabel Tola,"Santa Isabel Tola, Gustavo A. Madero, Distrito Federal",False,https://departamento.mercadolibre.com.mx/MLM-2874594613-departamento-en-venta-av-acueducto-de-guadalupe-511-santa-isabel-tola-_JM
Casa,Venta Casas San Juan De Aragon Vi Seccion T-df0238-0044,7650000,3,1,290,AV. 499,"AV. 499, San Juan De Aragón VI Sección, Gustavo A. Madero, Distrito Federal",False,https://casa.mercadolibre.com.mx/MLM-2850325401-venta-casas-san-juan-de-aragon-vi-seccion-t-df0238-0044-_JM
Departamento,Venta Departamentos Tepeyac Insurgentes T-df0215-0091,3090000,3,2,80,CALZADA DE LOS MISTERIOS,"CALZADA DE LOS MISTERIOS, Tepeyac Insurgentes, Gustavo A. Madero, Distrito Federal",False,https://departamento.mercadolibre.com.mx/MLM-2742770449-venta-departamentos-tepeyac-insurgentes-t-df0215-0091-_JM
Casa,,6550000,5,3,200,Poniente 6 39,"Poniente 6 39, Cuchilla Del Tesoro, Gustavo A. Madero, Distrito Federal",False,https://casa.mercadolibre.com.mx/MLM-2740063131-casa-en-venta-en-colonia-cuchilla-del-tesoro-gustavo-a-madero-ciudad-de-mexico-_JM
Edificio,,8950000,,7,322,Granate,"Granate, Estrella, Gustavo A. Madero, Distrito Federal",False,https://inmueble.mercadolibre.com.mx/MLM-2781899731-edificio-en-venta-en-estrella-gam-gustavo-a-madero-_JM
Bodega,,10000000,,,750,Defensores De La República,"Defensores De La República, Gustavo A. Madero, Distrito Federal",False,https://inmueble.mercadolibre.com.mx/MLM-2413016227-bodega-750m2-zona-vallejo-_JM
Casa,Venta Casas San Juan De Aragon I Seccion T-df0227-0045,6500000,6,3,315,AV. 527,"AV. 527, San Juan De Aragón I Sección, Gustavo A. Madero, Distrito Federal",False,https://casa.mercadolibre.com.mx/MLM-2875576339-venta-casas-san-juan-de-aragon-i-seccion-t-df0227-0045-_JM
Departamento,,4100000,3,1,143,Sin Calle,"Sin Calle, Lindavista Sur, Gustavo A. Madero, Distrito Federal",False,https://departamento.mercadolibre.com.mx/MLM-2872701661-departamento-en-venta-en-lindavista-_JM
Casa,,4500000,6,5,361,1 161,"1 161, San José De La Escalera, Gustavo A. Madero, Distrito Federal",False,https://casa.mercadolibre.com.mx/MLM-5030411210-casa-en-venta-en-esquina-san-jose-de-la-escalera-gustavo-a-madero-cdmx-_JM
Casa,Venta Casas Guadalupe Tepeyac T-df0219-0098,8500000,3,3,310,PTO. DE MAZATLAN,"PTO. DE MAZATLAN, Guadalupe Tepeyac, Gustavo A. Madero, Distrito Federal",False,https://casa.mercadolibre.com.mx/MLM-2867492575-venta-casas-guadalupe-tepeyac-t-df0219-0098-_JM
Casa,,5300000,2,1,220,Ampliación Emiliano Zapata,"Ampliación Emiliano Zapata, Gustavo A. Madero, Distrito Federal",False,https://casa.mercadolibre.com.mx/MLM-2748820599-casa-en-venta-en-gustavo-a-madero-_JM
Casa,Venta Casas Guadalupe Insurgentes T-df0024-0428,7200000,4,3,158,AURELIO LEYVA,"AURELIO LEYVA, Guadalupe Insurgentes, Gustavo A. Madero, Distrito Federal",False,https://casa.mercadolibre.com.mx/MLM-5338088034-venta-casas-guadalupe-insurgentes-t-df0024-0428-_JM
Edificio,,120000000,3,1,1400,Ciudad De México,"Ciudad De México, CDMX, México, Gustavo A. Madero, Distrito Federal",False,https://inmueble.mercadolibre.com.mx/MLM-2872305943-edificio-en-leyes-de-reforma-3a-seccion-iztapalapa-ciudad-de-mexico-crb-902-ed-_JM
Casa,Venta Casas San Juan De Aragon Ii Seccion T-df0227-0044,7200000,7,4,200,AV. 547,"AV. 547, San Juan De Aragón II Sección, Gustavo A. Madero, Distrito Federal",False,https://casa.mercadolibre.com.mx/MLM-5165206228-venta-casas-san-juan-de-aragon-ii-seccion-t-df0227-0044-_JM
Casa,Venta Casas San Juan De Aragon Ii Seccion T-df0227-0043,5200000,3,2,130,AV. 553,"AV. 553, San Juan De Aragón II Sección, Gustavo A. Madero, Distrito Federal",False,https://casa.mercadolibre.com.mx/MLM-5100001724-venta-casas-san-juan-de-aragon-ii-seccion-t-df0227-0043-_JM
Bodega,,10000000,,,750,Nueva Industrial Vallejo,"Nueva Industrial Vallejo, Gustavo A. Madero, Distrito Federal",False,https://inmueble.mercadolibre.com.mx/MLM-3959046582-bodega-750m2-zona-vallejo-_JM
Departamento,Venta Departamentos Industrial T-df0024-0426,2300000,1,1,86,SANTA GERTRUDIS,"SANTA GERTRUDIS, Industrial, Gustavo A. Madero, Distrito Federal",False,https://departamento.mercadolibre.com.mx/MLM-5338100142-venta-departamentos-industrial-t-df0024-0426-_JM
Casa,,8740000,5,3,320,Norte 74,"Norte 74, La Joya, Gustavo A. Madero, Distrito Federal",False,https://casa.mercadolibre.com.mx/MLM-5058050752-casa-en-venta-colonia-la-joya-gustavo-a-madero-ciudad-de-mexico-_JM
Casa,,10400000,9,5,402,Jorge Bizet,"Jorge Bizet, Vallejo, Gustavo A. Madero, Distrito Federal",False,https://casa.mercadolibre.com.mx/MLM-2798110137-casa-en-venta-colonia-vallejo-_JM
Casa,¡oro Puro A Pasos De La Villa! Propiedad Con Potencial Ilimitado Y Ubicación Estratégica,17999998,8,9,504,Martha 64,"Martha 64, Guadalupe Tepeyac, Gustavo A. Madero, 07840 Ciudad De México, CDMX, Mexico, Guadalupe Tepeyac, Gustavo A. Madero, Distrito Federal",False,https://casa.mercadolibre.com.mx/MLM-2714293347-oro-puro-a-pasos-de-la-villa-propiedad-con-potencial-ilimitado-y-ubicacion-estrategica-_JM
Casa,,25245000,3,3,,Lindavista Sur,"Lindavista Sur, Gustavo A. Madero, Distrito Federal",False,https://casa.mercadolibre.com.mx/MLM-4977935754-casa-con-uso-de-suelo-mixto-casa-y-oficinas-de-898m2-en-lindavista-gustavo-a-madero-ciudad-d-_JM
Bodega,,4890000,,,180,Norte 66 A,"Norte 66 A, Cuchilla La Joya, Gustavo A. Madero, Distrito Federal",False,https://inmueble.mercadolibre.com.mx/MLM-2798153511-bodega-en-venta-colonia-cuchilla-la-joya-_JM
Casa,,7800000,5,4,368,Prolongación De Turquesa 33,"Prolongación De Turquesa 33, Estrella, Gustavo A. Madero, Distrito Federal",False,https://casa.mercadolibre.com.mx/MLM-2797445597-casa-en-venta-al-norte-de-la-ciudad-_JM
Departamento,,2140000,3,1,75,Moctezuma,"Moctezuma, Aragón La Villa, Gustavo A. Madero, Distrito Federal",False,https://departamento.mercadolibre.com.mx/MLM-2811109471-departamento-en-venta-en-aragon-la-villa-gustavo-a-madero-cdmx-_JM
Casa,,6100000,4,2,223,Norte 17,"Norte 17, Nueva Vallejo, Gustavo A. Madero, Distrito Federal",False,https://casa.mercadolibre.com.mx/MLM-2855872541-casa-en-venta-en-residencial-vallejo-gustavo-a-madero-cdmx-_JM
Edificio,,8000000,,,476,Ampliación Casas Alemán,"Ampliación Casas Alemán, Gustavo A. Madero, Distrito Federal",False,https://inmueble.mercadolibre.com.mx/MLM-5228703658-edificio-476m2c-3-locales-col-casas-aleman-_JM
Casa,,6500000,8,4,340,Brasilia,"Brasilia, San Pedro Zacatenco, Gustavo A. Madero, Distrito Federal",True,https://casa.mercadolibre.com.mx/MLM-5378484792-casa-en-venta-en-san-pedro-zacatenco-_JM
Casa,Venta Casas La Purisima Ticoman T-df0213-0060,4000000,3,2,150,CALLE 40,"CALLE 40, La Purísima Ticoman, Gustavo A. Madero, Distrito Federal",False,https://casa.mercadolibre.com.mx/MLM-5166616220-venta-casas-la-purisima-ticoman-t-df0213-0060-_JM
Departamento,,4847268,2,2,102,San Juan De Aragón I Sección,"San Juan De Aragón I Sección, Gustavo A. Madero, Distrito Federal",False,https://departamento.mercadolibre.com.mx/MLM-2800604265-departamento-en-preventa-en-rio-consulado-san-juan-de-aragon-gustavo-a-madero-_JM
Casa,Venta Casas Lindavista Norte T-df0085-0617,10200000,6,2,300,COQUIMBO,"COQUIMBO, Lindavista Norte, Gustavo A. Madero, Distrito Federal",False,https://casa.mercadolibre.com.mx/MLM-5291503868-venta-casas-lindavista-norte-t-df0085-0617-_JM
Casa,Bonita Casa En San Jeronimo - Ham-793-cs*,6000000,3,3,385,La Malinche,"La Malinche, 10010 Ciudad De México, CDMX, México, Gustavo A. Madero, Distrito Federal",False,https://casa.mercadolibre.com.mx/MLM-5204823770-bonita-casa-en-san-jeronimo-ham-793-cs-_JM
Casa,Venta Casas San Juan De Aragon Ii Seccion T-df0227-0042,5800000,4,3,250,NTE. 172,"NTE. 172, San Juan De Aragón II Sección, Gustavo A. Madero, Distrito Federal",False,https://casa.mercadolibre.com.mx/MLM-2831258317-venta-casas-san-juan-de-aragon-ii-seccion-t-df0227-0042-_JM
Departamento,,3650000,3,2,94,La Escalera,"La Escalera, Gustavo A. Madero, Distrito Federal",False,https://departamento.mercadolibre.com.mx/MLM-2834069059-departamento-en-venta-la-escalera-gustavo-a-madero-_JM
Departamento,Activo De Inversión En Ubicación Prime: 5 Departamentos + Local Comercial Con Us,10290000,8,5,419,Tepeyac Insurgentes,"Tepeyac Insurgentes, Gustavo A. Madero, Distrito Federal",False,https://departamento.mercadolibre.com.mx/MLM-2913629569-activo-de-inversion-en-ubicacion-prime-5-departamentos-local-comercial-con-us-_JM
Edificio,,8950000,,7,322,Granate,"Granate, Estrella, Gustavo A. Madero, Distrito Federal",False,https://inmueble.mercadolibre.com.mx/MLM-2760801437-edificio-en-venta-en-estrella-gam-gustavo-a-madero-_JM
Departamento,,2550000,2,1,55,Calzada San Juan De Aragón 439,"Calzada San Juan De Aragón 439, Rinconada Don Blas Edificio B, DM Nacional, Gustavo A. Madero, Distrito Federal",False,https://departamento.mercadolibre.com.mx/MLM-5022787828-departamento-en-venta-en-dm-nacional-san-juan-de-aragon-gran-canal-_JM
Departamento,,1465000,2,1,51,Calzada Chalma La Villa 50,"Calzada Chalma La Villa 50, Zona Escolar Oriente, Gustavo A. Madero, Distrito Federal",False,https://departamento.mercadolibre.com.mx/MLM-2901718117-departamento-en-venta-el-arbolillo-croc-gustavo-a-madero-_JM
Casa,,3150000,3,1,108,Cuautepec Barrio Alto,"Cuautepec Barrio Alto, Gustavo A. Madero, Distrito Federal",False,https://casa.mercadolibre.com.mx/MLM-2911214331-casa-en-venta-en-cuautepec-barrio-alto-gustavo-a-madero-_JM
Departamento,"Joyas Vallejo, Metrobús Tenayuca",1748000,2,1,55,Santa Rosa,"Santa Rosa, Gustavo A. Madero, Distrito Federal",False,https://departamento.mercadolibre.com.mx/MLM-2720563635-joyas-vallejo-metrobus-tenayuca-_JM
Casa,,17950000,3,3,407,Pernambuco,"Pernambuco, Lindavista Sur, Gustavo A. Madero, Distrito Federal",False,https://casa.mercadolibre.com.mx/MLM-5339274476-casa-en-venta-en-lindavista-660968-_JM
Departamento,,4600000,3,2,94,Avenida Acueducto,"Avenida Acueducto, Residencial La Escalera, Gustavo A. Madero, Distrito Federal",False,https://departamento.mercadolibre.com.mx/MLM-5030212546-departamento-en-venta-colonia-residencial-zacatenco-enkasa-vista-norte-_JM
Casa,Venta Casa 4 Ambientes Lindavista Norte,8550000,4,3,250,Conocido,"Conocido, 120, Lindavista Norte, Gustavo A. Madero, Distrito Federal",False,https://casa.mercadolibre.com.mx/MLM-2940734807-venta-casa-4-ambientes-lindavista-norte-_JM
Departamento,,1350000,2,1,52,El Arbolillo 43,"El Arbolillo 43, Arbolillo II, Gustavo A. Madero, 07239 Ciudad De México, CDMX Edificio 47 Departamento 203, El Arbolillo, Gustavo A. Madero, Distrito Federal",False,https://departamento.mercadolibre.com.mx/MLM-5030572072-departamento-en-venta-el-arbolillo-2-gustavo-a-madero-cdmex-_JM
Departamento,,1999000,3,2,62,Vasco De Quiroga,"Vasco De Quiroga, Gustavo A. Madero, Distrito Federal",False,https://departamento.mercadolibre.com.mx/MLM-2917168473-departamento-en-venta-planta-baja-gustavo-a-madero-_JM
Casa,,8500000,3,1,204,Ciudad De México,"Ciudad De México, CDMX, México, Gustavo A. Madero, Distrito Federal",False,https://casa.mercadolibre.com.mx/MLM-5204849316-casa-en-condominio-en-el-rincon-alvaro-obregon-ciudad-de-mexico-crb-1176-cd-_JM
Departamento,Precio Especial De Oportunidad!!!,1599998,2,1,67,Calz. Vallejo 1268,"Calz. Vallejo 1268, Santa Rosa, Ciudad De México, Santa Rosa, Gustavo A. Madero, Distrito Federal",False,https://departamento.mercadolibre.com.mx/MLM-2714310737-propiedad-en-venta-confort-y-seguridad-en-joyas-vallejo-precio-especial-de-oportunidad-_JM
Casa,Venta Casas Lindavista Sur T-df0217-0101,6700000,7,4,400,NORTE 25,"NORTE 25, Lindavista Sur, Gustavo A. Madero, Distrito Federal",False,https://casa.mercadolibre.com.mx/MLM-2824389363-venta-casas-lindavista-sur-t-df0217-0101-_JM
Edificio,,120000000,3,1,1400,Ciudad De México,"Ciudad De México, CDMX, México, Gustavo A. Madero, Distrito Federal",False,https://inmueble.mercadolibre.com.mx/MLM-2872441655-edificio-en-leyes-de-reforma-3a-seccion-iztapalapa-ciudad-de-mexico-crb-902-ed-_JM
Edificio,Venta Edificios Vallejo T-df0219-0083,10700000,,,540,ESCUELA INDUSTRIAL,"ESCUELA INDUSTRIAL, Vallejo, Gustavo A. Madero, Distrito Federal",False,https://inmueble.mercadolibre.com.mx/MLM-2738954891-venta-edificios-vallejo-t-df0219-0083-_JM
Edificio,,8950000,,7,322,Granate,"Granate, Estrella, Gustavo A. Madero, Distrito Federal",False,https://inmueble.mercadolibre.com.mx/MLM-5058056268-edificio-en-venta-en-estrella-gam-gustavo-a-madero-_JM
Edificio,,8950000,,7,322,Granate,"Granate, Estrella, Gustavo A. Madero, Distrito Federal",False,https://inmueble.mercadolibre.com.mx/MLM-5022783942-edificio-en-venta-en-estrella-gam-gustavo-a-madero-_JM
Casa,,10200000,3,5,347,Huacho,"Huacho, 7, San Bartolo Atepehuacan, Gustavo A. Madero, Distrito Federal",False,https://casa.mercadolibre.com.mx/MLM-4755008634-casa-en-venta-en-san-bartolo-atepehuacan-_JM
Departamento,,4531400,2,2,65,AV INSTITUTO POLITECNICO NACIONAL,"AV INSTITUTO POLITECNICO NACIONAL, Lindavista Norte, Gustavo A. Madero, Distrito Federal",False,https://departamento.mercadolibre.com.mx/MLM-2939176663-departamento-en-venta-en-lindavista-norte-gustavo-a-madero-ciudad-de-mexico-_JM
Casa,,6370000,9,3,391,Estado De Hidalgo 37-A,"Estado De Hidalgo 37-A, Providencia, Gustavo A. Madero, Distrito Federal",False,https://casa.mercadolibre.com.mx/MLM-5030586078-casa-en-venta-en-gustavo-a-madero-_JM
Casa,,5100000,4,2,179,Norte 66 A,"Norte 66 A, Cuchilla La Joya, Gustavo A. Madero, Distrito Federal",False,https://casa.mercadolibre.com.mx/MLM-5257430206-casa-en-venta-en-gustavo-a-madero-_JM
Edificio,,8950000,,7,322,Granate,"Granate, Estrella, Gustavo A. Madero, Distrito Federal",False,https://inmueble.mercadolibre.com.mx/MLM-2798096155-edificio-en-venta-en-estrella-gam-gustavo-a-madero-_JM
Casa,Venta Casa 6 Ambientes San Felipe De Jesús,4495000,6,2,456,Atoyac,"Atoyac, 361, San Felipe De Jesús, Gustavo A. Madero, Distrito Federal",False,https://casa.mercadolibre.com.mx/MLM-4756002878-venta-casa-6-ambientes-san-felipe-de-jesus-_JM
Edificio,,10000000,,,750,Defensores De La República,"Defensores De La República, Gustavo A. Madero, Distrito Federal",False,https://inmueble.mercadolibre.com.mx/MLM-5140133872-bodega-750m2-zona-vallejo-_JM
Departamento,,1350000,3,1,76,San Felipe De Jesús,"San Felipe De Jesús, Gustavo A. Madero, Distrito Federal",False,https://departamento.mercadolibre.com.mx/MLM-5376526932-san-felipe-de-jesus-3-recamaras-_JM
Casa,,7500000,4,2,249,Natal 670,"Natal 670, Montevideo, Gustavo A. Madero, Distrito Federal",False,https://casa.mercadolibre.com.mx/MLM-2901302289-casa-en-venta-en-calle-natal-esquina-con-montevideo-_JM
Edificio,,48800000,,3,1819,Gustavo A. Madero,"Gustavo A. Madero, Mexico City, Lindavista, Gustavo A. Madero, Distrito Federal",False,https://inmueble.mercadolibre.com.mx/MLM-5058310064-edificio-con-uso-escolar-en-venta-de-1819m2-en-lindavista-gustavo-a-madero-ciudad-de-mexico-_JM
Casa,Venta Casas Acueducto De Guadalupe T-df0085-0611,9100000,12,12,500,17-A,"17-A, Acueducto De Guadalupe, Gustavo A. Madero, Distrito Federal",False,https://casa.mercadolibre.com.mx/MLM-5204105464-venta-casas-acueducto-de-guadalupe-t-df0085-0611-_JM
Casa,,5300000,4,2,264,Gabriel Hernández,"Gabriel Hernández, Gustavo A. Madero, Distrito Federal",False,https://casa.mercadolibre.com.mx/MLM-5357496656-casa-en-venta-gabriel-hernandez-gustavo-a-madero-_JM
Casa,,6800000,5,3,347,La Joya,"La Joya, Gustavo A. Madero, Distrito Federal",False,https://casa.mercadolibre.com.mx/MLM-2937241919-casa-en-venta-la-joya-gustavo-a-madero-_JM
Edificio,,9200000,,,301,Poniente 122,"Poniente 122, Ampliación Panamericana, Gustavo A. Madero, Distrito Federal",False,https://inmueble.mercadolibre.com.mx/MLM-5243371202-edificio-habitacional-y-comercial-en-venta-_JM
Terreno,,4800000,,,275,Salaverry,"Salaverry, San Pedro Zacatenco 135, Residencial Zacatenco, Gustavo A. Madero, Distrito Federal",False,https://terreno.mercadolibre.com.mx/MLM-2765646459-terreno-en-venta-en-san-pedro-zacatenco-gustavo-a-maderocdmx-_JM
Casa,Venta Casas San Juan De Aragon I Seccion T-df0227-0047,5500000,6,3,170,AV. 523,"AV. 523, San Juan De Aragón I Sección, Gustavo A. Madero, Distrito Federal",False,https://casa.mercadolibre.com.mx/MLM-2919058787-venta-casas-san-juan-de-aragon-i-seccion-t-df0227-0047-_JM
Departamento,,3150000,3,2,58,Guadalupe Tepeyac,"Guadalupe Tepeyac, Gustavo A. Madero, Distrito Federal",False,https://departamento.mercadolibre.com.mx/MLM-2834096543-departamento-en-venta-guadalupe-tepeyac-gustavo-a-madero-_JM
Casa,Venta De Salon De Eventos Con Restaurante Y Un Loft,30000000,2,7,1320,Huitzilihuitl 9,"Huitzilihuitl 9, Santa Isabel Tola, Gustavo A. Madero, Distrito Federal",False,https://casa.mercadolibre.com.mx/MLM-5057771492-venta-de-salon-de-eventos-con-restaurante-y-un-loft-_JM
Casa,,9450000,5,4,369,Arroyo De Los Ahuehuetes,"Arroyo De Los Ahuehuetes, Residencial Zacatenco, Gustavo A. Madero, Distrito Federal",False,https://casa.mercadolibre.com.mx/MLM-2811186179-casa-en-venta-en-residencial-la-escalera-gustavo-a-madero-cdmx-_JM
Casa,Venta Casas Acueducto De Guadalupe T-df0085-0619,6200000,4,3,160,FARALLONES,"FARALLONES, Acueducto De Guadalupe, Gustavo A. Madero, Distrito Federal",False,https://casa.mercadolibre.com.mx/MLM-5352863586-venta-casas-acueducto-de-guadalupe-t-df0085-0619-_JM
Casa,,5400000,4,2,202,H. Congreso De La Unión 3640,"H. Congreso De La Unión 3640, Mártires De Río Blanco, Gustavo A. Madero, Distrito Federal",False,https://casa.mercadolibre.com.mx/MLM-5058002512-casa-en-venta-en-martires-de-rio-blanco-gustavo-a-madero-cdmx-_JM
Departamento,,4800000,3,2,120,Acueducto De Guadalupe,"Acueducto De Guadalupe, Gustavo A. Madero, Distrito Federal",False,https://departamento.mercadolibre.com.mx/MLM-5262348176-departamento-en-venta-ubicacion-gustavo-a-madero-cod-dv1202-_JM
Casa,,8400000,4,3,492,Boca Del Río,"Boca Del Río, Residencial Acueducto De Guadalupe, Gustavo A. Madero, Distrito Federal",False,https://casa.mercadolibre.com.mx/MLM-5086387624-casa-en-venta-en-residencial-acueducto-de-guadalupe-gustavo-a-madero-cdmx-_JM
Departamento,,5100000,3,2,119,Lindavista,"Lindavista, San Bartolo Atepehuacan, Gustavo A. Madero, Distrito Federal",False,https://departamento.mercadolibre.com.mx/MLM-2798123405-departamento-en-venta-colonia-san-bartolo-atepehuacan-_JM
Terreno,,10500000,,,314,Granjas Modernas,"Granjas Modernas, Gustavo A. Madero, Distrito Federal",False,https://terreno.mercadolibre.com.mx/MLM-2901602625-venta-casa-granjas-modernas-ciudad-de-mexico-_JM
Departamento,Venta De Departamento,4550000,3,2,94,Avenida Insurgentes Norte 1932,"Avenida Insurgentes Norte 1932, Colonia Lindavista Sur, Gustavo A. Madero, Distrito Federal",False,https://departamento.mercadolibre.com.mx/MLM-5153546486-venta-de-departamento-_JM
Casa,,8300000,11,9,536,Pedernal,"Pedernal, Tres Estrellas, Gustavo A. Madero, Distrito Federal",False,https://casa.mercadolibre.com.mx/MLM-5030565204-casa-de-productos-en-venta-colonia-tres-estrellas-_JM
Departamento,Se Vende Hermoso Departamento Ubicado En Tercer Nivel Remodelado.,1970000,2,1,65,Henry Ford,"Henry Ford, Bondojito, Gustavo A. Madero, Distrito Federal",False,https://departamento.mercadolibre.com.mx/MLM-5029452966-se-vende-hermoso-departamento-ubicado-en-tercer-nivel-remodelado-_JM
Casa,,2980000,2,1,120,Guanajuato MZ298 LT5,"Guanajuato MZ298 LT5, San Felipe De Jesús, Gustavo A. Madero, 7500 - 7800 Ciudad De México, CDMX, Mexico, San Felipe De Jesús, Gustavo A. Madero, Distrito Federal",False,https://casa.mercadolibre.com.mx/MLM-5271958598-casa-en-venta-como-terreno-en-san-felipe-de-jesus-_JM
Bodega,,11800000,,,811,Avenida Cerro Del Chiquihuite,"Avenida Cerro Del Chiquihuite, La Candelaria Ticoman, Gustavo A. Madero, Distrito Federal",False,https://inmueble.mercadolibre.com.mx/MLM-5029026438-bodega-en-venta-colonia-la-candelaria-ticoman-en-gustavo-a-madero-_JM
Departamento,,3900000,2,1,115,Matagalpa 1029 Depto 5,"Matagalpa 1029 Depto 5, Zacatenco, Gustavo A. Madero, Distrito Federal",False,https://departamento.mercadolibre.com.mx/MLM-2911341089-departamento-en-venta-en-residencial-zacatenco-gustavo-a-madero-cdmex-_JM
Departamento,Venta Departamento 2 Ambientes Residencial Zacatenco,3900000,2,2,74,Cienfuegos,"Cienfuegos, 1166, Residencial Zacatenco, Gustavo A. Madero, Distrito Federal",False,https://departamento.mercadolibre.com.mx/MLM-2756053045-venta-departamento-2-ambientes-residencial-zacatenco-_JM
Casa,,9450000,5,4,369,Arroyo De Los Ahuehuetes,"Arroyo De Los Ahuehuetes, Residencial Zacatenco, Gustavo A. Madero, Distrito Federal",False,https://casa.mercadolibre.com.mx/MLM-4990219650-casa-en-venta-en-residencial-la-escalera-gustavo-a-madero-cdmx-_JM
Departamento,Venta Departamentos 7 De Noviembre T-df0219-0096,1490000,3,1,64,MELLADO,"MELLADO, 7 De Noviembre, Gustavo A. Madero, Distrito Federal",False,https://departamento.mercadolibre.com.mx/MLM-5187539226-venta-departamentos-7-de-noviembre-t-df0219-0096-_JM
Local Comercial,,7990000,,1,360,San Bartolo Atepehuacan,"San Bartolo Atepehuacan, Gustavo A. Madero, Distrito Federal",False,https://inmueble.mercadolibre.com.mx/MLM-2785486429-local-con-bodega-en-venta-elevador-interno-3-niveles-_JM
Edificio,Venta Edificios Guadalupe Tepeyac T-df0219-0084,11000000,,,502,AV NOE,"AV NOE, Guadalupe Tepeyac, Gustavo A. Madero, Distrito Federal",False,https://inmueble.mercadolibre.com.mx/MLM-2738915849-venta-edificios-guadalupe-tepeyac-t-df0219-0084-_JM
Departamento,,2950000,2,1,59,Calzada Vallejo,"Calzada Vallejo, Nueva Vallejo, Gustavo A. Madero, Distrito Federal",False,https://departamento.mercadolibre.com.mx/MLM-2811217889-departamento-en-venta-colonia-nueva-vallejo-gustavo-a-madero-cdmx-_JM
Edificio,,45000000,,,1961,Calz De Guadalupe,"Calz De Guadalupe, Guadalupe Tepeyac, Gustavo A. Madero, Distrito Federal",True,https://inmueble.mercadolibre.com.mx/MLM-5378446482-edificio-en-venta-guadalupe-tepeyac-_JM
Departamento,,2535000,2,1,63,Caruso 321,"Caruso 321, Industrial Vallejo, Gustavo A. Madero, Distrito Federal",False,https://departamento.mercadolibre.com.mx/MLM-2855931119-departamento-en-venta-en-vallejo-gustavo-a-madero-ciudad-de-mexico-_JM
Departamento,,3907700,2,1,65,Avenida Instituto Politécnico Nacional,"Avenida Instituto Politécnico Nacional, Colonia Lindavista Sur, Gustavo A. Madero, Distrito Federal",False,https://departamento.mercadolibre.com.mx/MLM-2841853931-panorama-lindavista-_JM
Edificio,Venta Edificios Industrial T-df0219-0087,14000000,,,645,EXCELSIOR,"EXCELSIOR, Industrial, Gustavo A. Madero, Distrito Federal",False,https://inmueble.mercadolibre.com.mx/MLM-2765679467-venta-edificios-industrial-t-df0219-0087-_JM
Departamento,,2432700,3,1,77,Ampliación San Juan De Aragón,"Ampliación San Juan De Aragón, Gustavo A. Madero, Distrito Federal",False,https://departamento.mercadolibre.com.mx/MLM-5263949014-departamento-en-venta-ubicado-san-juan-de-aragon-iii-gustavo-a-madero-cdmx-_JM
Departamento,Venta Departamento 2 Ambientes Santa Rosa,1570000,2,2,47,OPALO,"OPALO, S/N, Santa Rosa, Gustavo A. Madero, Distrito Federal",False,https://departamento.mercadolibre.com.mx/MLM-5179144778-venta-departamento-2-ambientes-santa-rosa-_JM
Casa,,17700000,3,4,355,Gta. Sur 64,"Gta. Sur 64, San Buenaventura, Tlalpan, 14620 Ciudad De México, CDMX, México, Gustavo A. Madero, Distrito Federal",False,https://casa.mercadolibre.com.mx/MLM-5204850984-casa-en-fraccionamiento-en-club-de-golf-mexico-tlalpan-ciudad-de-mexico-ims-1328-fr-_JM
Departamento,Venta Departamentos Industrial T-df0215-0103,2490000,2,1,55,AV HUASTECA,"AV HUASTECA, Industrial, Gustavo A. Madero, Distrito Federal",False,https://departamento.mercadolibre.com.mx/MLM-5309688794-venta-departamentos-industrial-t-df0215-0103-_JM
Edificio,Venta De Edificio Para Clínica,16800000,,6,590,Asperon 6240,"Asperon 6240, Aragón Inguaran, Gustavo A. Madero, Distrito Federal",False,https://inmueble.mercadolibre.com.mx/MLM-5022578432-venta-de-edificio-para-clinica-_JM
Casa,,9900000,2,1,450,Norte 74-A,"Norte 74-A, Faja De Oro, Gustavo A. Madero, Distrito Federal",False,https://casa.mercadolibre.com.mx/MLM-4473944872-se-vende-casa-con-restaurante-de-mariscos-y-departamento-en-col-faja-de-oro-gustavo-a-madero-_JM
Departamento,,4713900,2,2,71,Gustavo Madero,"Gustavo Madero, Lindavista, Gustavo A. Madero, Distrito Federal",False,https://departamento.mercadolibre.com.mx/MLM-2745693235-departamento-en-venta-en-lindavista-gustavo-madero-jl-25-660-_JM
Edificio,,4100000,,5,352,Ampliación Panamericana,"Ampliación Panamericana, Gustavo A. Madero, Distrito Federal",False,https://inmueble.mercadolibre.com.mx/MLM-2691654883-edificio-habitacional-en-venta-panamericana-gustavo-a-madero-cdmx-_JM
Edificio,Venta De Edificio Para Clínica,16800000,,6,590,Asperon 6240,"Asperon 6240, Aragón Inguaran, Gustavo A. Madero, Distrito Federal",False,https://inmueble.mercadolibre.com.mx/MLM-2760683007-venta-de-edificio-para-clinica-_JM
Departamento,,2711500,2,1,58,Vallejo,"Vallejo, Gustavo A. Madero, Distrito Federal",False,https://departamento.mercadolibre.com.mx/MLM-5264318106-departamento-en-venta-ubicado-vallejo-gustavo-a-madero-cdmx-_JM
Casa,,22000000,6,8,589,Trujillo,"Trujillo, Lindavista Sur, Gustavo A. Madero, Distrito Federal",True,https://casa.mercadolibre.com.mx/MLM-2945983485-casa-en-venta-en-lindavista-sur-_JM
Casa,,11950000,6,4,560,Salaverry,"Salaverry, Residencial Zacatenco, Gustavo A. Madero, Distrito Federal",False,https://casa.mercadolibre.com.mx/MLM-2753916801-casa-sola-en-venta-en-residencial-zacatenco-gustavo-a-madero-ciudad-de-mexico-_JM
Casa,,6400000,3,3,165,01730 Ciudad De México,"01730 Ciudad De México, CDMX, México, Gustavo A. Madero, Distrito Federal",False,https://casa.mercadolibre.com.mx/MLM-5204814728-casa-sola-en-lomas-de-las-aguilas-alvaro-obregon-ciudad-de-mexico-task-9-cs-_JM
Departamento,Departamentos Nuevos En Gam Preventa Con Gran Plusvalía Y Facilidades De Pago,2031105,2,1,45,Union 134,"Union 134, Industrial, Gustavo A. Madero, Distrito Federal",False,https://departamento.mercadolibre.com.mx/MLM-2945581313-departamentos-nuevos-en-gam-preventa-con-gran-plusvalia-y-facilidades-de-pago-_JM
Local Comercial,"Se Vende Y Traspasa Con Mercancia Local  En Col. Industrial, Gam, Cdmx",950000,,,7,La Constancia 45,"La Constancia 45, Estrella, Gustavo A. Madero, Distrito Federal",False,https://inmueble.mercadolibre.com.mx/MLM-2794935583-se-vende-y-traspasa-con-mercancia-local-en-col-industrial-gam-cdmx-_JM
Departamento,"* Venta Departamento Luis De La Rosa, Constitución De La República",2172400,2,1,51,Constitución De La República,"Constitución De La República, Gustavo A. Madero, Distrito Federal",False,https://departamento.mercadolibre.com.mx/MLM-2678832833--venta-departamento-luis-de-la-rosa-constitucion-de-la-republica-_JM
Casa,,22800000,5,2,750,Coquimbo,"Coquimbo, Lindavista, Gustavo A. Madero, Distrito Federal",True,https://casa.mercadolibre.com.mx/MLM-2945983253-casa-en-venta-coquimbo-lindavista-_JM
Departamento,Venta Departamentos San Juan De Aragon Iv Seccion T-df0181-0221,2600000,3,2,87,AV. 661,"AV. 661, San Juan De Aragón IV Sección, Gustavo A. Madero, Distrito Federal",False,https://departamento.mercadolibre.com.mx/MLM-4826755548-venta-departamentos-san-juan-de-aragon-iv-seccion-t-df0181-0221-_JM
Casa,Venta Casas Estrella T-df0207-0097,14000000,5,3,400,JOYAS,"JOYAS, Estrella, Gustavo A. Madero, Distrito Federal",False,https://casa.mercadolibre.com.mx/MLM-4766313660-venta-casas-estrella-t-df0207-0097-_JM
Departamento,,11900000,3,4,290,Ciudad De México,"Ciudad De México, CDMX, México, Gustavo A. Madero, Distrito Federal",False,https://departamento.mercadolibre.com.mx/MLM-5204827702-departamento-en-bosques-de-las-lomas-cuajimalpa-de-morelos-ciudad-de-mexico-task-15-de-_JM
Edificio,Venta De Edificio Para Clínica,16800000,,6,590,Asperon 6240,"Asperon 6240, Aragón Inguaran, Gustavo A. Madero, Distrito Federal",False,https://inmueble.mercadolibre.com.mx/MLM-5030314814-venta-de-edificio-para-clinica-_JM
Casa,,4500000,4,2,189,Calle 16-a,"Calle 16-a, Santa Rosa, Ciudad De México, Santa Rosa, Gustavo A. Madero, Distrito Federal",False,https://casa.mercadolibre.com.mx/MLM-2557023961-casa-en-venta-en-santa-rosa-_JM
Departamento,Venta Departamentos Nueva Industrial Vallejo T-df0257-0013,1980000,2,1,53,PTE. 152,"PTE. 152, Nueva Industrial Vallejo, Gustavo A. Madero, Distrito Federal",False,https://departamento.mercadolibre.com.mx/MLM-2945238141-venta-departamentos-nueva-industrial-vallejo-t-df0257-0013-_JM
Departamento,,2100001,2,1,46,Calle Norte 7 A,"Calle Norte 7 A, Panamericana, Gustavo A. Madero, Distrito Federal",False,https://departamento.mercadolibre.com.mx/MLM-2748319049-departamento-en-venta-en-panamericana-gustavo-a-madero-ciudad-de-mexico-_JM
Departamento,,6950000,4,3,195,Avenida Miguel Othón De Mendizábal Oriente 456,"Avenida Miguel Othón De Mendizábal Oriente 456, Torres Lindavista, Gustavo A. Madero, Distrito Federal",False,https://departamento.mercadolibre.com.mx/MLM-5153088856-departamento-en-venta-en-torres-lindavista-_JM
Bodega,"Bodega Venta Esq. Congreso De La Unión, Oriente 171, Ibv619535",40000000,,,1950,Ampliación San Juan De Aragón,"Ampliación San Juan De Aragón, Gustavo A. Madero, Distrito Federal",False,https://inmueble.mercadolibre.com.mx/MLM-4255844034-bodega-venta-esq-congreso-de-la-union-oriente-171-ibv619535-_JM
Casa,Venta Casas Planetario Lindavista T-df0217-0105,11000000,4,4,220,LINDAVISTA,"LINDAVISTA, Planetario Lindavista, Gustavo A. Madero, Distrito Federal",False,https://casa.mercadolibre.com.mx/MLM-5352890362-venta-casas-planetario-lindavista-t-df0217-0105-_JM
Casa,Venta Casas Residencial Zacatenco T-df0085-0608,4300000,5,3,200,BRASILIA,"BRASILIA, Residencial Zacatenco, Gustavo A. Madero, Distrito Federal",False,https://casa.mercadolibre.com.mx/MLM-5204105474-venta-casas-residencial-zacatenco-t-df0085-0608-_JM
Departamento,,1597133,2,1,52,El Arbolillo II CROC,"El Arbolillo II CROC, Gustavo A. Madero, Distrito Federal",False,https://departamento.mercadolibre.com.mx/MLM-2899153633-departamento-en-venta-ubicado-en-el-arbolillo-2-gustavo-a-madero-cdmx-_JM
Casa,,9200000,3,3,3,Pernambuco,"Pernambuco, Ciudad De México, Colonia Lindavista Norte, Gustavo A. Madero, Distrito Federal",False,https://casa.mercadolibre.com.mx/MLM-2940610215-casa-con-3-recamaras-en-venta-de-115-m2-superficie-de-terreno-en-lindavista-norte-_JM
Casa,,8690000,9,5,168,San Pedro Zacatenco,"San Pedro Zacatenco, Gustavo A. Madero, Distrito Federal",False,https://casa.mercadolibre.com.mx/MLM-5326342068-casa-en-venta-en-zacatenco-gustavo-a-madero-_JM
Edificio,,4100000,,5,352,Ampliación Panamericana,"Ampliación Panamericana, Gustavo A. Madero, Distrito Federal",False,https://inmueble.mercadolibre.com.mx/MLM-5022809608-edificio-habitacional-en-venta-panamericana-gustavo-a-madero-cdmx-_JM
Departamento,,3820000,2,2,63,AV INSURGENTES NTE,"AV INSURGENTES NTE, Lindavista Norte, Gustavo A. Madero, Distrito Federal",False,https://departamento.mercadolibre.com.mx/MLM-5328321062-departamento-en-venta-en-lindavista-norte-gustavo-a-madero-ciudad-de-mexico-_JM
Departamento,,7500000,3,2,177,03900 Ciudad De México,"03900 Ciudad De México, CDMX, México, Gustavo A. Madero, Distrito Federal",False,https://departamento.mercadolibre.com.mx/MLM-2872474451-departamento-en-san-jose-insurgentes-benito-juarez-ciudad-de-mexico-ims-1303-de-_JM
Edificio,,22000000,,1,670,Calzada De Guadalupe 318,"Calzada De Guadalupe 318, Vallejo, Gustavo A. Madero, Distrito Federal",False,https://inmueble.mercadolibre.com.mx/MLM-4671663830-edificio-comercial-calzada-de-guadalupe-colonia-industrial-gustavo-a-madero-_JM
Casa,,4950000,5,3,203,Pedro Armendariz,"Pedro Armendariz, Jorge Negrete, Gustavo A. Madero, Distrito Federal",False,https://casa.mercadolibre.com.mx/MLM-5030538234-casa-en-venta-jorge-negrete-gustavo-a-madero-cdmx-_JM
Departamento,,4713900,2,2,100,Gustavo Madero,"Gustavo Madero, Gustavo A. Madero, Distrito Federal",False,https://departamento.mercadolibre.com.mx/MLM-2746291943-departamento-en-venta-en-gustavo-madero-lindavista-am-25-660-_JM
Departamento,,2900000,2,2,60,Nueva Industrial Vallejo,"Nueva Industrial Vallejo, Nueva Industrial Vallejo, Gustavo A. Madero, Distrito Federal",False,https://departamento.mercadolibre.com.mx/MLM-4819202890-departamento-en-venta-en-gustavo-maderonueva-industrial-vallejo-af-24-4517-_JM
Edificio,,22000000,,1,670,Calzada De Guadalupe 318,"Calzada De Guadalupe 318, Vallejo, Gustavo A. Madero, Distrito Federal",False,https://inmueble.mercadolibre.com.mx/MLM-2794952693-edificio-comercial-calzada-de-guadalupe-colonia-industrial-gustavo-a-madero-_JM
Departamento,"Departamento En  Venta En Insurgentes Norte, Magdalena De Las Salinas",8341500,2,2,100,Insurgentes Norte 1346,"Insurgentes Norte 1346, Magdalena De Las Salinas, Gustavo A. Madero, Distrito Federal",False,https://departamento.mercadolibre.com.mx/MLM-2921389331-departamento-en-venta-en-insurgentes-norte-magdalena-de-las-salinas-_JM
Departamento,Venta Departamentos San Bartolo Atepehuacan T-df0217-0086,2600000,2,2,92,AV. PERLILLAR,"AV. PERLILLAR, San Bartolo Atepehuacan, Gustavo A. Madero, Distrito Federal",False,https://departamento.mercadolibre.com.mx/MLM-2782089825-venta-departamentos-san-bartolo-atepehuacan-t-df0217-0086-_JM
Departamento,,4534800,2,2,65,Av. Instituto Politécnico Nacional. Reforma,"Av. Instituto Politécnico Nacional. Reforma, 32056, Lindavista Norte, Gustavo A. Madero, Distrito Federal",False,https://departamento.mercadolibre.com.mx/MLM-4824038116-departamento-en-venta-en-lindavista-norte-_JM
Terreno,,48300000,,,2500,Schumann,"Schumann, Vallejo, Gustavo A. Madero, Distrito Federal",True,https://terreno.mercadolibre.com.mx/MLM-2946106631-terreno-en-venta-en-industrial-vallejo-_JM
Edificio,"Edificio 1,186c / 3 Deptos / 1 Local / Col.  Nueva Atzacoalcos",12800000,,,1186,Nueva Atzacoalco,"Nueva Atzacoalco, Gustavo A. Madero, Distrito Federal",False,https://inmueble.mercadolibre.com.mx/MLM-5324597450-edificio-1186c-3-deptos-1-local-col-nueva-atzacoalcos-_JM
Casa,Venta Casas San Juan De Aragon I Seccion T-df0237-0018,5250000,4,2,190,AV. 523,"AV. 523, San Juan De Aragón I Sección, Gustavo A. Madero, Distrito Federal",False,https://casa.mercadolibre.com.mx/MLM-2867693591-venta-casas-san-juan-de-aragon-i-seccion-t-df0237-0018-_JM
Departamento,Frente A Mercado Gabriel Hernández,2765000,2,2,72,Av Centenario 2103,"Av Centenario 2103, Gabriel Hernández, Gustavo A. Madero, Distrito Federal",False,https://departamento.mercadolibre.com.mx/MLM-4660911892-frente-a-mercado-gabriel-hernandez-_JM
Departamento,Venta Departamentos Vallejo T-df0219-0101,3200000,2,1,87,DVORAK,"DVORAK, Vallejo, Gustavo A. Madero, Distrito Federal",False,https://departamento.mercadolibre.com.mx/MLM-5326407350-venta-departamentos-vallejo-t-df0219-0101-_JM
Departamento,,2593500,2,1,58,Schumann 117,"Schumann 117, Vallejo, Ciudad De México, Vallejo, Gustavo A. Madero, Distrito Federal",False,https://departamento.mercadolibre.com.mx/MLM-2855726337-departamento-en-venta-en-schumann-a-unas-cuadras-del-metro-la-raza-_JM
Departamento,Venta Departamentos Tepeyac Insurgentes T-df0215-0102,2290000,3,1,70,DELIBES,"DELIBES, Tepeyac Insurgentes, Gustavo A. Madero, Distrito Federal",False,https://departamento.mercadolibre.com.mx/MLM-5309650922-venta-departamentos-tepeyac-insurgentes-t-df0215-0102-_JM
Casa,,26000000,6,3,570,Pernambuco,"Pernambuco, Lindavista Norte, Gustavo A. Madero, Distrito Federal",True,https://casa.mercadolibre.com.mx/MLM-5378483322-casa-en-venta-en-lindavista-norte-_JM
Edificio,,4100000,,5,352,Ampliación Panamericana,"Ampliación Panamericana, Gustavo A. Madero, Distrito Federal",False,https://inmueble.mercadolibre.com.mx/MLM-2781979265-edificio-habitacional-en-venta-panamericana-gustavo-a-madero-cdmx-_JM
Terreno,,38000000,,,1771,Av Cuautepec 22,"Av Cuautepec 22, Jorge Negrete, Gustavo A. Madero, Distrito Federal",False,https://terreno.mercadolibre.com.mx/MLM-4672105298-terreno-en-venta-en-av-cuautepec-jorge-negrete-gustavo-a-madero-cdmx-_JM
Casa,Venta Casa 4 Ambientes Lindavista Sur,11000000,4,3,236,Puno,"Puno, 772, Lindavista Sur, Gustavo A. Madero, Distrito Federal",False,https://casa.mercadolibre.com.mx/MLM-4755993928-venta-casa-4-ambientes-lindavista-sur-_JM
Terreno,,2200000,,,100,Calle 13,"Calle 13, Ampliación Progreso Nacional, Gustavo A. Madero, Distrito Federal",True,https://terreno.mercadolibre.com.mx/MLM-5378443780-terreno-en-venta-en-ampliacion-progreso-nacional-_JM
Departamento,,4667400,2,2,65,Gustavo Madero,"Gustavo Madero ,lindavista, Gustavo A. Madero, Distrito Federal",False,https://departamento.mercadolibre.com.mx/MLM-2745718733-departamento-en-venta-en-lindavista-gustavo-madero-jl-25-661-_JM
Edificio,,4100000,,5,352,Ampliación Panamericana,"Ampliación Panamericana, Gustavo A. Madero, Distrito Federal",False,https://inmueble.mercadolibre.com.mx/MLM-2798118075-edificio-habitacional-en-venta-panamericana-gustavo-a-madero-cdmx-_JM
Terreno,,4800000,,,275,Salaverry,"Salaverry, San Pedro Zacatenco 135, Residencial Zacatenco, Gustavo A. Madero, Distrito Federal",False,https://terreno.mercadolibre.com.mx/MLM-2798152579-terreno-en-venta-en-san-pedro-zacatenco-gustavo-a-maderocdmx-_JM
Terreno,,4800000,,,275,Salaverry,"Salaverry, San Pedro Zacatenco 135, Residencial Zacatenco, Gustavo A. Madero, Distrito Federal",False,https://terreno.mercadolibre.com.mx/MLM-4991613670-terreno-en-venta-en-san-pedro-zacatenco-gustavo-a-maderocdmx-_JM
Edificio,,4100000,,5,352,Ampliación Panamericana,"Ampliación Panamericana, Gustavo A. Madero, Distrito Federal",False,https://inmueble.mercadolibre.com.mx/MLM-5058127154-edificio-habitacional-en-venta-panamericana-gustavo-a-madero-cdmx-_JM
Departamento,Venta Departamentos Industrial T-df0215-0100,1690000,2,1,55,AV. EUZKARO,"AV. EUZKARO, Industrial, Gustavo A. Madero, Distrito Federal",False,https://departamento.mercadolibre.com.mx/MLM-5309650946-venta-departamentos-industrial-t-df0215-0100-_JM
Casa,Venta Casas Estrella T-df0207-0110,5200000,2,1,129,MALAQUITA,"MALAQUITA, Estrella, Gustavo A. Madero, Distrito Federal",False,https://casa.mercadolibre.com.mx/MLM-5325191398-venta-casas-estrella-t-df0207-0110-_JM
Departamento,,4794000,3,2,125,Residencial Zacatenco,"Residencial Zacatenco, Gustavo A. Madero, Distrito Federal",False,https://departamento.mercadolibre.com.mx/MLM-2865186093-departamento-en-venta-lindavista-_JM
Casa,,5000000,5,2,240,Av 506,"Av 506, San Juan De Aragón, Gustavo A. Madero, Distrito Federal",False,https://casa.mercadolibre.com.mx/MLM-5218009446-casa-en-venta-en-san-juan-de-aragon-gam-_JM
Edificio,Venta Edificios Siete Maravillas T-df0213-0057,15600000,,,500,MIGUEL BERNARD,"MIGUEL BERNARD, Siete Maravillas, Gustavo A. Madero, Distrito Federal",False,https://inmueble.mercadolibre.com.mx/MLM-5079548630-venta-edificios-siete-maravillas-t-df0213-0057-_JM
Departamento,,4534500,2,2,65,Gustavo Madero,"Gustavo Madero ,lindavista, Gustavo A. Madero, Distrito Federal",False,https://departamento.mercadolibre.com.mx/MLM-2745511471-departamento-en-venta-en-lindavistagustavo-madero-jl-25-659-_JM
Casa,,8500000,4,4,246,Sardonia,"Sardonia, Estrella, Gustavo A. Madero, Distrito Federal",True,https://casa.mercadolibre.com.mx/MLM-2945983795-casa-en-venta-en-estrella-_JM
Departamento,Venta Departamentos San Bartolo Atepehuacan T-df0217-0111,3150000,3,1,94,EJE CENTRAL LAZARO CARDENAS,"EJE CENTRAL LAZARO CARDENAS, San Bartolo Atepehuacan, Gustavo A. Madero, Distrito Federal",False,https://departamento.mercadolibre.com.mx/MLM-5352903000-venta-departamentos-san-bartolo-atepehuacan-t-df0217-0111-_JM
Departamento,Departamento Nuevo En Complejo Residencial De Lindavista,4300000,2,2,88,CIENFUEGOS,"CIENFUEGOS, Residencial Zacatenco, Gustavo A. Madero, Distrito Federal",False,https://departamento.mercadolibre.com.mx/MLM-2945579453-departamento-nuevo-en-complejo-residencial-de-lindavista-_JM
Casa,Venta Casas Torres Lindavista T-df0213-0058,12749000,4,3,344,PUNTO FIJO,"PUNTO FIJO, Torres Lindavista, Gustavo A. Madero, Distrito Federal",False,https://casa.mercadolibre.com.mx/MLM-2821318405-venta-casas-torres-lindavista-t-df0213-0058-_JM
Edificio,,20000000,,10,390,Arequipa 702,"Arequipa 702, Lindavista, Gustavo A. Madero, Distrito Federal",False,https://inmueble.mercadolibre.com.mx/MLM-4676095078-edificio-en-venta-con-rentabilidad-inmediata-10-departamentos-_JM
Casa,,6600000,6,4,460,Progreso Nacional,"Progreso Nacional, Progreso Nacional, Gustavo A. Madero, Distrito Federal",False,https://casa.mercadolibre.com.mx/MLM-5331600942-venta-de-casa-_JM
Casa,,5800000,3,2,180,Moctezuma 719,"Moctezuma 719, Santa Isabel Tola, Gustavo A. Madero, Distrito Federal",False,https://casa.mercadolibre.com.mx/MLM-5264337024-casa-en-venta-_JM
Oficina,,246300000,,,2500,Av. Congreso De La Union,"Av. Congreso De La Union, San Juan De Aragón, Gustavo A. Madero, Distrito Federal",False,https://inmueble.mercadolibre.com.mx/MLM-2937316673-edificio-en-venta-gustavo-a-madero-col-ampliacion-san-juan-de-aragon-_JM
Terreno,,2000000,,,7,Cuautepec De Madero,"Cuautepec De Madero, Gustavo A. Madero, Distrito Federal",False,https://terreno.mercadolibre.com.mx/MLM-4429961012-terreno-en-venta-gustavo-a-madero-_JM
Terreno,,38000000,,,1771,Av Cuautepec 22,"Av Cuautepec 22, Jorge Negrete, Gustavo A. Madero, Distrito Federal",False,https://terreno.mercadolibre.com.mx/MLM-2794963313-terreno-en-venta-en-av-cuautepec-jorge-negrete-gustavo-a-madero-cdmx-_JM
Departamento,,3420000,2,1,81,Fundidora De Monterrey,"Fundidora De Monterrey, Industrial, Gustavo A. Madero, Distrito Federal",False,https://departamento.mercadolibre.com.mx/MLM-2913887259-departamento-en-venta-en-industrial-gustavo-a-madero-cdmx-_JM
Terreno,"Venta Terreno Uso Mixto, Nueva Vallejo, Gam",19800000,,,397,Nueva Vallejo,"Nueva Vallejo, Gustavo A. Madero, Distrito Federal",False,https://terreno.mercadolibre.com.mx/MLM-5290494834-venta-terreno-uso-mixto-nueva-vallejo-gam-_JM
Departamento,,4000000,2,2,70,Cienfuegos,"Cienfuegos, Zacatenco, Gustavo A. Madero, Distrito Federal",False,https://departamento.mercadolibre.com.mx/MLM-2850472015-departamento-en-venta-en-residencial-zacatenco-_JM
Departamento,,2775000,2,1,72,Tres Estrellas,"Tres Estrellas, Gustavo A. Madero, Distrito Federal",False,https://departamento.mercadolibre.com.mx/MLM-4873946886-departamentos-en-venta-oniquina-col-tres-estrellas-gustavo-a-madero-_JM
Departamento,Venta Departamentos Vallejo T-df0236-0046,1800000,2,1,57,FELIPE VILLANUEVA,"FELIPE VILLANUEVA, Vallejo, Gustavo A. Madero, Distrito Federal",False,https://departamento.mercadolibre.com.mx/MLM-2848241869-venta-departamentos-vallejo-t-df0236-0046-_JM
Departamento,,5100000,2,2,88,Ciudad De México,"Ciudad De México, CDMX, México, Gustavo A. Madero, Distrito Federal",False,https://departamento.mercadolibre.com.mx/MLM-2872475067-departamento-en-pedregal-de-carrasco-coyoacan-ciudad-de-mexico-ims-1324-de-_JM
Departamento,Venta Departamentos Guadalupe Tepeyac T-df0219-0095,2150000,2,1,54,AV.HENRY FORD,"AV.HENRY FORD, Guadalupe Tepeyac, Gustavo A. Madero, Distrito Federal",False,https://departamento.mercadolibre.com.mx/MLM-2865330921-venta-departamentos-guadalupe-tepeyac-t-df0219-0095-_JM
Departamento,,1350000,2,2,,Gustavo A. Madero,"Gustavo A. Madero, Mexico City, Torres De Quiroga, Gustavo A. Madero, Distrito Federal",False,https://departamento.mercadolibre.com.mx/MLM-5058217478-departamento-en-venta-listo-para-habitar-en-eduardo-molina-2-recs-60m-_JM
Casa,Venta Casas Aragon La Villa T-df0207-0109,8950000,8,2,380,MOCTEZUMA,"MOCTEZUMA, Aragón La Villa, Gustavo A. Madero, Distrito Federal",False,https://casa.mercadolibre.com.mx/MLM-5325408520-venta-casas-aragon-la-villa-t-df0207-0109-_JM
Casa,,13900000,4,3,254,Ciudad De México,"Ciudad De México, CDMX, México, Gustavo A. Madero, Distrito Federal",False,https://casa.mercadolibre.com.mx/MLM-2872487249-casa-en-condominio-en-san-angel-alvaro-obregon-ciudad-de-mexico-ims-1319-cd-_JM
Local Comercial,,18100000,,,712,Calzada Vallejo,"Calzada Vallejo, 1660, Santa Rosa, Gustavo A. Madero, Distrito Federal",False,https://inmueble.mercadolibre.com.mx/MLM-5331517696-edificio-comercial-en-venta-calzada-vallejo-1660-_JM
Local Comercial,,18100000,,,712,Calzada Vallejo,"Calzada Vallejo, 1660, Santa Rosa, Gustavo A. Madero, Distrito Federal",False,https://inmueble.mercadolibre.com.mx/MLM-2926204241-edificio-comercial-en-venta-calzada-vallejo-1660-_JM
Departamento,Venta Departamentos Lindavista Norte T-df0085-0618,2900000,2,1,65,INSURGENTES NORTE,"INSURGENTES NORTE, Lindavista Norte, Gustavo A. Madero, Distrito Federal",False,https://departamento.mercadolibre.com.mx/MLM-5352886342-venta-departamentos-lindavista-norte-t-df0085-0618-_JM
Casa,Venta Casa 6 Ambientes Mártires De Río Blanco,4963000,6,2,208,Norte 56 A,"Norte 56 A, 3824, Mártires De Río Blanco, Gustavo A. Madero, Distrito Federal",False,https://casa.mercadolibre.com.mx/MLM-5173546484-venta-casa-6-ambientes-martires-de-rio-blanco-_JM
Terreno,,38000000,,,1771,Av Cuautepec 22,"Av Cuautepec 22, Jorge Negrete, Gustavo A. Madero, Distrito Federal",False,https://terreno.mercadolibre.com.mx/MLM-2798100967-terreno-en-venta-en-av-cuautepec-jorge-negrete-gustavo-a-madero-cdmx-_JM
Casa,,5000000,5,2,240,Av. 504,"Av. 504, San Juan De Aragón, Gustavo A. Madero, Distrito Federal",False,https://casa.mercadolibre.com.mx/MLM-5218007320-casa-en-venta-en-san-juan-de-aragon-_JM
Departamento,,3962000,2,2,82,Residencial Zacatenco,"Residencial Zacatenco, Gustavo A. Madero, Distrito Federal",False,https://departamento.mercadolibre.com.mx/MLM-5186917264-departamento-en-venta-lindavista-_JM
Local Comercial,,17000000,,,619,Lindavista,"Lindavista, Gustavo A. Madero, Distrito Federal",False,https://inmueble.mercadolibre.com.mx/MLM-4721093810-local-en-venta-en-linda-vista-_JM
Casa,,10500000,7,3,333,Granjas Modernas,"Granjas Modernas, Gustavo A. Madero, Distrito Federal",False,https://casa.mercadolibre.com.mx/MLM-2901614891-venta-casa-granjas-modernas-ciudad-de-mexico-_JM
Terreno,Venta Terrenos Lindavista Sur T-df0217-0082,20000000,,,800,CALPUTITLAN,"CALPUTITLAN, Lindavista Sur, Gustavo A. Madero, Distrito Federal",False,https://terreno.mercadolibre.com.mx/MLM-2787631221-venta-terrenos-lindavista-sur-t-df0217-0082-_JM
Terreno,"Terreno En Insurgentes Norte, Lindavista: Uso De Suelo Hm/6/35/z",24000000,,,598,Lindavista Norte,"Lindavista Norte, Gustavo A. Madero, Distrito Federal",False,https://terreno.mercadolibre.com.mx/MLM-4633840912-terreno-en-insurgentes-norte-lindavista-uso-de-suelo-hm635z-_JM
Casa,Venta Casa 4 Ambientes Vallejo,6985000,4,3,383,JUAN SEBASTIAN BACH,"JUAN SEBASTIAN BACH, 253, Vallejo, Gustavo A. Madero, Distrito Federal",False,https://casa.mercadolibre.com.mx/MLM-4755963048-venta-casa-4-ambientes-vallejo-_JM
Departamento,Venta Departamentos La Purisima Ticoman T-df0213-0052,1795000,2,1,72,ESCUADRON 201,"ESCUADRON 201, La Purísima Ticoman, Gustavo A. Madero, Distrito Federal",False,https://departamento.mercadolibre.com.mx/MLM-2821264089-venta-departamentos-la-purisima-ticoman-t-df0213-0052-_JM
Departamento,Departamento Sky Towers Linda Vista,4250000,2,2,75,Magdalena De Las Salinas,"Magdalena De Las Salinas, Gustavo A. Madero, Distrito Federal",False,https://departamento.mercadolibre.com.mx/MLM-2848186047-departamento-sky-towers-linda-vista-_JM
Departamento,Frente A Mercado Gabriel Hernández,2469000,2,1,64,Av Centenario 2103,"Av Centenario 2103, Gabriel Hernández, Gustavo A. Madero, Distrito Federal",False,https://departamento.mercadolibre.com.mx/MLM-4660499692-frente-a-mercado-gabriel-hernandez-_JM
Edificio,Venta Edificios Vallejo T-df0236-0031,6500000,,,430,DEBUSSY,"DEBUSSY, Vallejo, Gustavo A. Madero, Distrito Federal",False,https://inmueble.mercadolibre.com.mx/MLM-2763274593-venta-edificios-vallejo-t-df0236-0031-_JM
Departamento,Venta Departamentos Lindavista Sur T-df0217-0098,3000000,2,1,59,MINA,"MINA, Lindavista Sur, Gustavo A. Madero, Distrito Federal",False,https://departamento.mercadolibre.com.mx/MLM-5042312264-venta-departamentos-lindavista-sur-t-df0217-0098-_JM
Casa,,7600000,7,4,160,Lindavista Vallejo I Sección,"Lindavista Vallejo I Sección, Gustavo A. Madero, Distrito Federal",False,https://casa.mercadolibre.com.mx/MLM-2850522473-casa-en-venta-lindavista-vallejo-i-seccion-gustavo-a-madero-_JM
Edificio,,15500000,,7,800,Tesoro S/N,"Tesoro S/N, Tres Estrellas, Gustavo A. Madero, Distrito Federal",False,https://inmueble.mercadolibre.com.mx/MLM-2794951055-edificio-en-venta-tres-estrellas-gustavo-a-madero-cdmx-_JM
Edificio,,15500000,,7,800,Tesoro S/N,"Tesoro S/N, Tres Estrellas, Gustavo A. Madero, Distrito Federal",False,https://inmueble.mercadolibre.com.mx/MLM-4671727920-edificio-en-venta-tres-estrellas-gustavo-a-madero-cdmx-_JM
Departamento,,2775000,2,1,49,Oniquina,"Oniquina, Tres Estrellas, Gustavo A. Madero, Distrito Federal",True,https://departamento.mercadolibre.com.mx/MLM-2945984301-departamento-en-pre-venta-en-colonia-tres-estrellas-en-gustavo-a-madero-_JM
Local Comercial,,4200000,,4,438,Calle Mina,"Calle Mina, 10, Villa Gustavo A. Madero, Gustavo A. Madero, Distrito Federal",False,https://inmueble.mercadolibre.com.mx/MLM-2834229475-venta-local-comercial-4-ambientes-villa-gustavo-a-madero-_JM
Terreno,,15900000,,,882,General Miguel Miramón,"General Miguel Miramón, Martín Carrera, Gustavo A. Madero, Distrito Federal",False,https://terreno.mercadolibre.com.mx/MLM-2747172513-terreno-en-vneta-martin-carrera-gustavo-a-madero-_JM
Edificio,,20000000,,10,390,Arequipa 702,"Arequipa 702, Lindavista, Gustavo A. Madero, Distrito Federal",False,https://inmueble.mercadolibre.com.mx/MLM-2945604629-edificio-en-venta-con-rentabilidad-inmediata-10-departamentos-_JM
Local Comercial,,18100000,,,712,Calzada Vallejo,"Calzada Vallejo, 1660, Santa Rosa, Gustavo A. Madero, Distrito Federal",False,https://inmueble.mercadolibre.com.mx/MLM-5297350598-edificio-comercial-en-venta-calzada-vallejo-1660-_JM
Terreno,,130000000,,,4347,Cuitlahuac,"Cuitlahuac, Guadalupe Victoria, Gustavo A. Madero, Distrito Federal",True,https://terreno.mercadolibre.com.mx/MLM-5378484204-terreno-en-venta-av-cuitlahuac-gustavo-a-madero-_JM
Local Comercial,,18100000,,,712,Calzada Vallejo,"Calzada Vallejo, 1660, Santa Rosa, Gustavo A. Madero, Distrito Federal",False,https://inmueble.mercadolibre.com.mx/MLM-5297350486-edificio-comercial-en-venta-calzada-vallejo-1660-_JM
Local Comercial,,18100000,,,712,Calzada Vallejo,"Calzada Vallejo, 1660, Santa Rosa, Gustavo A. Madero, Distrito Federal",False,https://inmueble.mercadolibre.com.mx/MLM-5297350582-edificio-comercial-en-venta-calzada-vallejo-1660-_JM
Local Comercial,,18100000,,,712,Calzada Vallejo,"Calzada Vallejo, 1660, Santa Rosa, Gustavo A. Madero, Distrito Federal",False,https://inmueble.mercadolibre.com.mx/MLM-2911611155-edificio-comercial-en-venta-calzada-vallejo-1660-_JM
Departamento,,2100000,1,1,40,Guadalupe Tepeyac,"Guadalupe Tepeyac, Mexico City, Guadalupe Tepeyac, Gustavo A. Madero, Distrito Federal",False,https://departamento.mercadolibre.com.mx/MLM-2926397383-departamento-en-venta-planta-baja-en-privada-1-recamara-guadalupe-tepeyac-gustavo-a-madero-cdmx-_JM
Casa,Venta Casas San Juan De Aragon Vi Seccion T-df0238-0039,7000000,4,3,280,AV. 414 - A,"AV. 414 - A, San Juan De Aragón VI Sección, Gustavo A. Madero, Distrito Federal",False,https://casa.mercadolibre.com.mx/MLM-2839083001-venta-casas-san-juan-de-aragon-vi-seccion-t-df0238-0039-_JM
Local Comercial,,1350000,,1,27,Calz. De Guadalupe,"Calz. De Guadalupe, Vallejo, Gustavo A. Madero, Distrito Federal",False,https://inmueble.mercadolibre.com.mx/MLM-4990459184-local-en-venta-en-vallejo-gustavo-a-madero-cdmx-_JM
Departamento,Venta Departamentos Lindavista Sur T-df0217-0100,1850000,2,1,53,MAPIMI,"MAPIMI, Lindavista Sur, Gustavo A. Madero, Distrito Federal",False,https://departamento.mercadolibre.com.mx/MLM-5086096378-venta-departamentos-lindavista-sur-t-df0217-0100-_JM
Departamento,Venta Departamento 2 Ambientes Industrial,2031000,2,1,50,Unión,"Unión, 134, Industrial, Gustavo A. Madero, Distrito Federal",False,https://departamento.mercadolibre.com.mx/MLM-5147853928-venta-departamento-2-ambientes-industrial-_JM
Edificio,,9800000,,,420,Mártires De Río Blanco,"Mártires De Río Blanco, Gustavo A. Madero, Distrito Federal",False,https://inmueble.mercadolibre.com.mx/MLM-5347080730-venta-de-edificio-en-martires-de-rio-blanco-gustavo-a-madero-_JM
Edificio,Venta Edificio 10 Ambientes Constitución De La República,4600000,,6,422,Av. Atzacoalco,"Av. Atzacoalco, 83, Constitución De La República, Gustavo A. Madero, Distrito Federal",False,https://inmueble.mercadolibre.com.mx/MLM-4754184080-venta-edificio-10-ambientes-constitucion-de-la-republica-_JM
Casa,Casa Con Uso De Suelo Mixto En El Corazon De Lindavista,9500000,,3,200,Montiel 222,"Montiel 222, Lindavista, Gustavo A. Madero, Distrito Federal",False,https://casa.mercadolibre.com.mx/MLM-2935152663-casa-con-uso-de-suelo-mixto-en-el-corazon-de-lindavista-_JM
Bodega,,5500000,,3,370,Av. Rio De Los Remedios 939,"Av. Rio De Los Remedios 939, La Candelaria Ticoman, Gustavo A. Madero, Distrito Federal",False,https://inmueble.mercadolibre.com.mx/MLM-2691667825-bodega-con-casa-en-venta-en-ticoman-gustavo-a-madero-_JM
Casa,,4300000,12,6,411,1a. Cda. Mexilamaco Mz 32 Lt 13,"1a. Cda. Mexilamaco Mz 32 Lt 13, Palmatitla, Gustavo A. Madero, Distrito Federal",False,https://casa.mercadolibre.com.mx/MLM-5030318192-venta-de-casa-en-palmatitla-gustavo-a-madero-cdmx-_JM
Edificio,Venta Edificios Lindavista Sur T-df0217-0079,12000000,,,490,SULLANA,"SULLANA, Lindavista Sur, Gustavo A. Madero, Distrito Federal",False,https://inmueble.mercadolibre.com.mx/MLM-2782080589-venta-edificios-lindavista-sur-t-df0217-0079-_JM
Departamento,Venta Departamentos 7 De Noviembre T-df0219-0097,2300000,2,1,51,PORTUGAL,"PORTUGAL, 7 De Noviembre, Gustavo A. Madero, Distrito Federal",False,https://departamento.mercadolibre.com.mx/MLM-5188520022-venta-departamentos-7-de-noviembre-t-df0219-0097-_JM
Departamento,Departamento Moderno En Vida Victoria,2625459,2,1,49,Avenida Ferrocarril Hidalgo 1375,"Avenida Ferrocarril Hidalgo 1375, Bondojito, Gustavo A. Madero, Distrito Federal",False,https://departamento.mercadolibre.com.mx/MLM-4785637274-departamento-moderno-en-vida-victoria-amenidades-premium-_JM
Casa,,10900000,8,6,514,Venta DE Casa EN  Gustavo  A Madero Colonia Lindaviista,"Venta DE Casa EN  Gustavo  A Madero Colonia Lindaviista, Gustavo A. Madero, Distrito Federal",False,https://casa.mercadolibre.com.mx/MLM-5237255072-casa-gustavo-a-madero-_JM
Bodega,Venta Bodega 2 Ambientes Santa Isabel Tola,8000000,,2,558,Caca,"Caca, 29, Santa Isabel Tola, Gustavo A. Madero, Distrito Federal",False,https://inmueble.mercadolibre.com.mx/MLM-5248680244-venta-bodega-2-ambientes-santa-isabel-tola-_JM
Departamento,,3000000,2,2,60,Misterios 218,"Misterios 218 ,vallejo, Vallejo, Gustavo A. Madero, Distrito Federal",False,https://departamento.mercadolibre.com.mx/MLM-5205809252-departamento-en-venta-en-colonia-vallejo-_JM
Local Comercial,,1350000,,1,27,Calz. De Guadalupe,"Calz. De Guadalupe, Vallejo, Gustavo A. Madero, Distrito Federal",False,https://inmueble.mercadolibre.com.mx/MLM-2794967795-local-en-venta-en-vallejo-gustavo-a-madero-cdmx-_JM
Local Comercial,,1350000,,1,27,Calz. De Guadalupe,"Calz. De Guadalupe, Vallejo, Gustavo A. Madero, Distrito Federal",False,https://inmueble.mercadolibre.com.mx/MLM-5058134970-local-en-venta-en-vallejo-gustavo-a-madero-cdmx-_JM
Departamento,,1800000,2,1,50,Av. San Juan De Aragón 600,"Av. San Juan De Aragón 600, Constitución De La República, Gustavo A. Madero, Distrito Federal",False,https://departamento.mercadolibre.com.mx/MLM-2945624917-departamento-en-venta-en-san-juan-de-aragon-_JM
Local Comercial,,1350000,,1,27,Calz. De Guadalupe,"Calz. De Guadalupe, Vallejo, Gustavo A. Madero, Distrito Federal",False,https://inmueble.mercadolibre.com.mx/MLM-4941501720-local-en-venta-en-vallejo-gustavo-a-madero-cdmx-_JM
Local Comercial,,1350000,,1,27,Calz. De Guadalupe,"Calz. De Guadalupe, Vallejo, Gustavo A. Madero, Distrito Federal",False,https://inmueble.mercadolibre.com.mx/MLM-5030573996-local-en-venta-en-vallejo-gustavo-a-madero-cdmx-_JM
Bodega,,5500000,,3,370,Av. Rio De Los Remedios 939,"Av. Rio De Los Remedios 939, La Candelaria Ticoman, Gustavo A. Madero, Distrito Federal",False,https://inmueble.mercadolibre.com.mx/MLM-2945581813-bodega-con-casa-en-venta-en-ticoman-gustavo-a-madero-_JM
Casa,Casa En Guadalupe Tepeyac,8690000,4,5,123,Guadalupe Tepeyac SN,"Guadalupe Tepeyac SN, Guadalupe Tepeyac, Gustavo A. Madero, Distrito Federal",False,https://casa.mercadolibre.com.mx/MLM-3777186248-casa-en-guadalupe-tepeyac-_JM
Departamento,Departamento Moderno En Vida Victoria,3003600,2,1,49,Avenida Ferrocarril Hidalgo 1375,"Avenida Ferrocarril Hidalgo 1375, Bondojito, Gustavo A. Madero, Distrito Federal",False,https://departamento.mercadolibre.com.mx/MLM-2945582839-departamento-moderno-en-vida-victoria-amenidades-premium-_JM
Terreno,,7000000,,,205,Eduardo Molina 3508,"Eduardo Molina 3508, La Joya, Gustavo A. Madero, 07890 Ciudad De México, CDMX, Mexico, La Joya, Gustavo A. Madero, Distrito Federal",False,https://terreno.mercadolibre.com.mx/MLM-2520196465-terreno-en-venta-sobre-eduardo-molina-_JM
Departamento,Venta Departamentos Dm Nacional T-df0234-0043,1300000,2,1,60,VASCO DE QUIROGA,"VASCO DE QUIROGA, DM Nacional, Gustavo A. Madero, Distrito Federal",False,https://departamento.mercadolibre.com.mx/MLM-4996658938-venta-departamentos-dm-nacional-t-df0234-0043-_JM
Casa,,9700000,4,4,254,Moctezuma,"Moctezuma, Aragón La Villa(Aragón), Ciudad De México, Aragón La Villa, Gustavo A. Madero, Distrito Federal",False,https://casa.mercadolibre.com.mx/MLM-2943470091-casadepartamentolocal-en-venta-en-zona-estrategica-_JM
Casa,Venta Casas Granjas Modernas T-df0234-0038,3500000,4,2,160,CASAS ALEMAN,"CASAS ALEMAN, Granjas Modernas, Gustavo A. Madero, Distrito Federal",False,https://casa.mercadolibre.com.mx/MLM-4837465136-venta-casas-granjas-modernas-t-df0234-0038-_JM
Casa,Casa Producto Con 4 Departamentos  Excelente Ubicación En Cdmx,4600000,1,1,297,Nueva Tenochtitlan,"Nueva Tenochtitlan, Gustavo A. Madero, Distrito Federal",False,https://casa.mercadolibre.com.mx/MLM-4766329690-casa-producto-con-4-departamentos-excelente-ubicacion-en-cdmx-_JM
Edificio,Venta Edificios Aragon Inguaran T-df0234-0031,9000000,12,,350,TEMACA,"TEMACA, Aragón Inguaran, Gustavo A. Madero, Distrito Federal",False,https://inmueble.mercadolibre.com.mx/MLM-4996720278-venta-edificios-aragon-inguaran-t-df0234-0031-_JM
Departamento,,1700000,2,1,49,Padre Juan Bosco,"Padre Juan Bosco, Vasco De Quiroga, Gustavo A. Madero, Distrito Federal",False,https://departamento.mercadolibre.com.mx/MLM-2811229953-departamento-en-venta-en-vasco-de-quiroga-gustavo-a-madero-cdmx-_JM
Terreno,,160000000,,,7901,Gustavo A. Madero,"Gustavo A. Madero, Mexico City, Barrio Candelaria Ticomán, Gustavo A. Madero, Distrito Federal",False,https://terreno.mercadolibre.com.mx/MLM-5058267966-excelente-terreno-en-venta-con-construccion-poligono-con-doble-acceso-_JM
Departamento,,2766500,2,1,58,Vallejo,"Vallejo, Mexico City, Vallejo, Gustavo A. Madero, Distrito Federal",False,https://departamento.mercadolibre.com.mx/MLM-4973709406-departamento-en-venta-en-vallejo-se-acepta-credito-infonavit-credito-bancario-y-efectivo-informes-55-8642-76048-_JM
Departamento,Venta Departamentos Estrella T-df0207-0061,2700000,2,2,60,TALISMAN,"TALISMAN, Estrella, Gustavo A. Madero, Distrito Federal",False,https://departamento.mercadolibre.com.mx/MLM-2705311339-venta-departamentos-estrella-t-df0207-0061-_JM
Terreno,Venta Terreno En Mendelssohn Vallejo,38950000,,,1016,Mendelssohn,"Mendelssohn, Vallejo, Ciudad De México, Vallejo, Gustavo A. Madero, Distrito Federal",False,https://terreno.mercadolibre.com.mx/MLM-2443431957-venta-terreno-en-mendelssohn-vallejo-_JM
Casa,,5100000,4,2,168,De La Neblina 1 - 300,"De La Neblina 1 - 300, Acueducto De Guadalupe, Ciudad De México, Acueducto De Guadalupe, Gustavo A. Madero, Distrito Federal",False,https://casa.mercadolibre.com.mx/MLM-2878123935-casa-en-venta-colonia-acueducto-de-guadalupe-_JM
Departamento,,1650000,2,1,51,Puerto Oporto,"Puerto Oporto, San Juan De Aragón, Gustavo A. Madero, Distrito Federal",False,https://departamento.mercadolibre.com.mx/MLM-5178859272-departamento-en-venta-en-san-juan-de-aragon-en-la-gam-_JM
Casa,,5750000,4,5,256,Nte. 3,"Nte. 3, Panamericana, Ciudad De México, Panamericana, Gustavo A. Madero, Distrito Federal",False,https://casa.mercadolibre.com.mx/MLM-2907742761-casa-en-venta-colonia-panamericana-gustavo-a-madero-_JM
Departamento,,4200000,3,3,90,Residencial Zacatenco,"Residencial Zacatenco, Mexico City, Zacatenco, Gustavo A. Madero, Distrito Federal",False,https://departamento.mercadolibre.com.mx/MLM-4772697370-departamento-en-venta-en-zacatenco-gustavo-a-madero-_JM
Casa,Venta Casas Granjas Modernas T-df0234-0042,6500000,4,2,334,NORTE 70,"NORTE 70, Granjas Modernas, Gustavo A. Madero, Distrito Federal",False,https://casa.mercadolibre.com.mx/MLM-4996720208-venta-casas-granjas-modernas-t-df0234-0042-_JM
Departamento,Departamentos Con Estacionamiento En Preventa,2775000,2,1,72,Oniquina 6225,"Oniquina 6225, Aragón Inguaran, Gustavo A. Madero, Distrito Federal",False,https://departamento.mercadolibre.com.mx/MLM-5376519326-departamentos-con-estacionamiento-en-preventa-gam-_JM
Departamento,Venta Departamentos La Purisima Ticoman T-df0213-0061,2490000,3,2,85,BLVD DEL TEMOLUCO,"BLVD DEL TEMOLUCO, La Purísima Ticoman, Gustavo A. Madero, Distrito Federal",False,https://departamento.mercadolibre.com.mx/MLM-5291772278-venta-departamentos-la-purisima-ticoman-t-df0213-0061-_JM
Departamento,Venta Departamentos Pradera Ii Seccion T-df0238-0050,1600000,3,1,64,AV CONSTITUCION DE LA REPUBLICA,"AV CONSTITUCION DE LA REPUBLICA, Pradera II Sección, Gustavo A. Madero, Distrito Federal",False,https://departamento.mercadolibre.com.mx/MLM-5332135996-venta-departamentos-pradera-ii-seccion-t-df0238-0050-_JM
Terreno,Venta Terreno 0 Ambiente Nueva Tenochtitlán,6400000,,,192,Avenida Eduardo Molina,"Avenida Eduardo Molina, 4701, Nueva Tenochtitlan, Gustavo A. Madero, Distrito Federal",False,https://terreno.mercadolibre.com.mx/MLM-2757168795-venta-terreno-0-ambiente-nueva-tenochtitlan-_JM
Departamento,,2031100,2,1,50,Luis De La Rosa,"Luis De La Rosa, Constitución De La República, Ciudad De México, Constitución De La República, Gustavo A. Madero, Distrito Federal",False,https://departamento.mercadolibre.com.mx/MLM-2798265229-preventa-departamentos-50m2-metro-martin-carrera-_JM
Departamento,Venta Departamentos Nueva Industrial Vallejo T-df0257-0015,1800000,2,1,58,CALZ. VALLEJO,"CALZ. VALLEJO, Nueva Industrial Vallejo, Gustavo A. Madero, Distrito Federal",False,https://departamento.mercadolibre.com.mx/MLM-2917167637-venta-departamentos-nueva-industrial-vallejo-t-df0257-0015-_JM
Terreno,Venta Terreno 0 Ambiente 7 De Noviembre,6700000,,,220,RIO CONSULADO,"RIO CONSULADO, 1796, 7 De Noviembre, Gustavo A. Madero, Distrito Federal",False,https://terreno.mercadolibre.com.mx/MLM-5107684386-venta-terreno-0-ambiente-7-de-noviembre-_JM
Casa,Venta Casas San Juan De Aragon I Seccion T-df0237-0021,4700000,8,5,360,AV. 523,"AV. 523, San Juan De Aragón I Sección, Gustavo A. Madero, Distrito Federal",False,https://casa.mercadolibre.com.mx/MLM-5315089176-venta-casas-san-juan-de-aragon-i-seccion-t-df0237-0021-_JM
Local Comercial,Venta Local Comercial 0 Ambiente San Pedro Zacatenco,300000000,,,1500,Calz. Ticomán,"Calz. Ticomán, 480, San Pedro Zacatenco, Gustavo A. Madero, Distrito Federal",False,https://inmueble.mercadolibre.com.mx/MLM-5251775826-venta-local-comercial-0-ambiente-san-pedro-zacatenco-_JM
Departamento,Venta Departamento 2 Ambientes Aragón La Villa,2508000,2,2,50,Alberto Herrera 75,"Alberto Herrera 75, Aragón La Villa(Aragón),, 131, Aragón La Villa, Gustavo A. Madero, Distrito Federal",False,https://departamento.mercadolibre.com.mx/MLM-2733697065-venta-departamento-2-ambientes-aragon-la-villa-_JM
Terreno,Venta Terreno 2 Ambientes San Bartolo Atepehuacan,6800000,,,309,Ricarte,"Ricarte, 659, San Bartolo Atepehuacan, Gustavo A. Madero, Distrito Federal",False,https://terreno.mercadolibre.com.mx/MLM-4755898692-venta-terreno-2-ambientes-san-bartolo-atepehuacan-_JM
Departamento,Venta Departamentos 7 De Noviembre T-df0219-0100,1200000,2,1,47,PEDRO MORENO,"PEDRO MORENO, 7 De Noviembre, Gustavo A. Madero, Distrito Federal",False,https://departamento.mercadolibre.com.mx/MLM-5199990162-venta-departamentos-7-de-noviembre-t-df0219-0100-_JM
Casa,,3300000,3,2,240,Prof. Pablo Moreno,"Prof. Pablo Moreno, Gabriel Hernández, Gustavo A. Madero, Distrito Federal",False,https://casa.mercadolibre.com.mx/MLM-5057729846-casa-en-venta-en-ampl-gabriel-hernandez-gustavo-a-madero-_JM
Casa,,4650000,3,2,420,Camino De La Prosperidad,"Camino De La Prosperidad, Campestre Aragón, Gustavo A. Madero, Distrito Federal",False,https://casa.mercadolibre.com.mx/MLM-5030316886-casa-en-venta-en-campestre-aragon-gustavo-a-madero-cdmx-_JM
Departamento,Departamento Enfrente Del Politécnico Nal,4671600,2,2,65,Av Instituto Politécnico Nacional 1923A,"Av Instituto Politécnico Nacional 1923A, Lindavista, Ciudad De México, Lindavista, Gustavo A. Madero, Distrito Federal",False,https://departamento.mercadolibre.com.mx/MLM-2897293329-departamento-enfrente-del-politecnico-nal-_JM
Bodega,,12500000,,,250,Tezozómoc,"Tezozómoc, Santa Isabel Tola, Gustavo A. Madero, Distrito Federal",False,https://inmueble.mercadolibre.com.mx/MLM-5178978840-bodega-en-venta-en-colonia-santa-isabel-tola-alcaldia-gustavo-a-madero-cdmx-_JM
Terreno,,33890000,,,355,5 De Mayo,"5 De Mayo, Nueva Atzacoalco, Gustavo A. Madero, Distrito Federal",True,https://terreno.mercadolibre.com.mx/MLM-5378484702-terreno-en-venta-en-nueva-atzacoalco-_JM
Casa,Venta Casas Industrial T-df0215-0090,7900000,5,5,220,GRAL. POPO,"GRAL. POPO, Industrial, Gustavo A. Madero, Distrito Federal",False,https://casa.mercadolibre.com.mx/MLM-2723936365-venta-casas-industrial-t-df0215-0090-_JM
Terreno,"Terreno Comercial Venta En Colonia Industrial, Misterios, Ctv634581",7200000,,,208,Industrial,"Industrial, Gustavo A. Madero, Distrito Federal",False,https://terreno.mercadolibre.com.mx/MLM-2522528479-terreno-comercial-venta-en-colonia-industrial-misterios-ctv634581-_JM
Local Comercial,Venta Locales Comerciales Guadalupe Tepeyac T-df0219-0079,2300000,,,20,AV. ING. BASILISO ROMO ANGUIANO,"AV. ING. BASILISO ROMO ANGUIANO, Guadalupe Tepeyac, Gustavo A. Madero, Distrito Federal",False,https://inmueble.mercadolibre.com.mx/MLM-2686977497-venta-locales-comerciales-guadalupe-tepeyac-t-df0219-0079-_JM
Terreno,Venta Terrenos 7 De Noviembre T-df0219-0075,4600000,,,98,ESTAÑO,"ESTAÑO, 7 De Noviembre, Gustavo A. Madero, Distrito Federal",False,https://terreno.mercadolibre.com.mx/MLM-2687171755-venta-terrenos-7-de-noviembre-t-df0219-0075-_JM
Local Comercial,Venta Locales Comerciales Vallejo T-df0236-0016,1400000,,,20,SMETANA,"SMETANA, Vallejo, Gustavo A. Madero, Distrito Federal",False,https://inmueble.mercadolibre.com.mx/MLM-4694062574-venta-locales-comerciales-vallejo-t-df0236-0016-_JM
Terreno,Venta Terrenos Vallejo T-df0236-0022,13850000,,,400,LEON CAVALLO,"LEON CAVALLO, Vallejo, Gustavo A. Madero, Distrito Federal",False,https://terreno.mercadolibre.com.mx/MLM-4693611362-venta-terrenos-vallejo-t-df0236-0022-_JM
Terreno,,7000000,,,360,Calzada De Los Misterios,"Calzada De Los Misterios, Vallejo, Gustavo A. Madero, Distrito Federal",False,https://terreno.mercadolibre.com.mx/MLM-2856966711-terreno-habitacional-en-venta-en-vallejo-gustavo-a-madero-ciudad-de-mexico-_JM
Departamento,,4900000,3,2,98,Residencial Zacatenco,"Residencial Zacatenco, Gustavo A. Madero, Distrito Federal",False,https://departamento.mercadolibre.com.mx/MLM-5186792292-departamento-en-venta-lindavista-_JM
Terreno,Venta Terreno 0 Ambiente Nueva Industrial Vallejo,23000000,,,1087,Uranio,"Uranio, 289, Nueva Industrial Vallejo, Gustavo A. Madero, Distrito Federal",False,https://terreno.mercadolibre.com.mx/MLM-5228285520-venta-terreno-0-ambiente-nueva-industrial-vallejo-_JM
Terreno,Se Vende Terreno Excelente  Lugar Estratégico Para Negocio,3290000,,,200,San Felipe De Jesús,"San Felipe De Jesús, Gustavo A. Madero, Distrito Federal",True,https://terreno.mercadolibre.com.mx/MLM-5376472050-se-vende-terreno-excelente-lugar-estrategico-para-negocio-_JM
Casa,Venta Casas Lindavista Sur T-df0217-0103,6750000,2,2,340,COBAN,"COBAN, Lindavista Sur, Gustavo A. Madero, Distrito Federal",False,https://casa.mercadolibre.com.mx/MLM-2833997889-venta-casas-lindavista-sur-t-df0217-0103-_JM
Local Comercial,,395000,,,12,Strauss 66,"Strauss 66, Vallejo, Gustavo A. Madero, Distrito Federal",False,https://inmueble.mercadolibre.com.mx/MLM-2742823419-local-en-venta-en-colonia-vallejo-ciudad-de-mexico-_JM
Casa,,90000000,1,1,10,San José Ticomán,"San José Ticomán, Gustavo A. Madero, Ciudad De México, Gustavo A. Madero, Distrito Federal",False,https://casa.mercadolibre.com.mx/MLM-2834109153-terreno-en-venta-san-jose-ticoman-gustavo-a-madero-_JM
Departamento,,5930000,3,2,100,Lindavista Norte,"Lindavista Norte, Gustavo A. Madero, Distrito Federal",False,https://departamento.mercadolibre.com.mx/MLM-2865157803-departamento-en-venta-lindavista-_JM
Terreno,Se Vende Terreno Excelente  Lugar Estratégico Para Negocio,3290000,,,200,San Felipe De Jesús,"San Felipe De Jesús, Gustavo A. Madero, Distrito Federal",True,https://terreno.mercadolibre.com.mx/MLM-5376953126-se-vende-terreno-excelente-lugar-estrategico-para-negocio-_JM
Departamento,,4480000,2,2,91,Lindavista Norte,"Lindavista Norte, Gustavo A. Madero, Distrito Federal",False,https://departamento.mercadolibre.com.mx/MLM-5187034478-departamento-en-venta-lindavista-_JM
Terreno,,12500000,,,570,Tezozómoc,"Tezozómoc, Santa Isabel Tola, Gustavo A. Madero, Distrito Federal",False,https://terreno.mercadolibre.com.mx/MLM-2943084009-terreno-en-venta-en-colonia-santa-isabel-tola-alcaldia-gustavo-a-madero-cdmx-_JM
Terreno,,7500000,,,278,Godard,"Godard, Guadalupe Victoria, Gustavo A. Madero, Distrito Federal",True,https://terreno.mercadolibre.com.mx/MLM-2946107489-terreno-en-venta-en-guadalupe-victoria-_JM
Terreno,,6900000,,,160,Guadalupe Tepeyac,"Guadalupe Tepeyac, Gustavo A. Madero, Distrito Federal",False,https://terreno.mercadolibre.com.mx/MLM-5185220418-terreno-con-proyecto-arquitectonico-ubicado-en-la-ciudad-de-mexico-_JM
Edificio,,6500000,,,512,Guadalupe Tepeyac,"Guadalupe Tepeyac, Gustavo A. Madero, Distrito Federal",False,https://inmueble.mercadolibre.com.mx/MLM-5186855228-terreno-con-proyecto-arquitectonico-ubicado-en-la-ciudad-de-mexico-_JM
Terreno,,6200000,,,160,Guadalupe Tepeyac,"Guadalupe Tepeyac, Gustavo A. Madero, Distrito Federal",False,https://terreno.mercadolibre.com.mx/MLM-2909328337-terreno-con-proyecto-arquitectonico-ubicado-en-la-ciudad-de-mexico-_JM
Departamento,Venta De Departamento En Lindavista,5990000,6,3,138,CALI 627,"CALI 627, Lindavista, Gustavo A. Madero, Distrito Federal",False,https://departamento.mercadolibre.com.mx/MLM-5107293202-venta-de-departamento-en-lindavista-_JM
Terreno,,50000000,,,589,Siete De Noviembre,"Siete De Noviembre, Mexico City, 7 De Noviembre, Gustavo A. Madero, Distrito Federal",False,https://terreno.mercadolibre.com.mx/MLM-4100184514-terreno-en-venta-en-av-rio-consulado-colonia-7-de-noviembre-_JM
Bodega,,19000000,,,877,MARTIN CARRERA 156,"MARTIN CARRERA 156, Martín Carrera, Gustavo A. Madero, Distrito Federal",False,https://inmueble.mercadolibre.com.mx/MLM-5030339494-bodega-en-venta-martin-carrera-gustavo-a-madero-cdmx-_JM
Bodega,,19000000,,,877,MARTIN CARRERA 156,"MARTIN CARRERA 156, Martín Carrera, Gustavo A. Madero, Distrito Federal",False,https://inmueble.mercadolibre.com.mx/MLM-5022682060-bodega-en-venta-martin-carrera-gustavo-a-madero-cdmx-_JM
Terreno,,13500000,,,301,Rio Consulado,"Rio Consulado, San Juan De Aragón II Sección, Gustavo A. Madero, Distrito Federal",True,https://terreno.mercadolibre.com.mx/MLM-5378484780-venta-de-terreno-gustavo-a-madero-_JM
Bodega,,19000000,,,877,MARTIN CARRERA 156,"MARTIN CARRERA 156, Martín Carrera, Gustavo A. Madero, Distrito Federal",False,https://inmueble.mercadolibre.com.mx/MLM-2760658667-bodega-en-venta-martin-carrera-gustavo-a-madero-cdmx-_JM
Terreno,Venta De Terreno En Lindavista,17380000,,,535,Cali 702,"Cali 702, Lindavista, Gustavo A. Madero, 07300 Ciudad De México, CDMX, Mexico, Colonia Lindavista Norte, Gustavo A. Madero, Distrito Federal",False,https://terreno.mercadolibre.com.mx/MLM-4846799200-venta-de-terreno-en-lindavista-_JM
Casa,,7000000,3,4,161,Av 300 - 600,"Av 300 - 600, San Juan De Aragón I Secc, Ciudad De México, San Juan De Aragón, Gustavo A. Madero, Distrito Federal",True,https://casa.mercadolibre.com.mx/MLM-5402568226-casa-en-venta-cerca-del-aeropuerto-_JM
Casa,,7500000,3,2,320,La Joya,"La Joya, Gustavo A. Madero, Distrito Federal",True,https://casa.mercadolibre.com.mx/MLM-5393023198-vendo-casa-en-la-gustavo-a-madero-_JM
Departamento,,907680,2,1,53,Lindavista Vallejo II Sección,"Lindavista Vallejo II Sección, Gustavo A. Madero, Distrito Federal",False,https://departamento.mercadolibre.com.mx/MLM-2608213945-lindavista-vallejo-departamento-venta-gustavo-madero-cdmx-_JM
Departamento,,1478000,3,1,70,La Patera Vallejo,"La Patera Vallejo, Gustavo A. Madero, Distrito Federal",False,https://departamento.mercadolibre.com.mx/MLM-2608165151-unidad-la-patera-departamento-venta-gustavo-a-madero-cdmx-_JM
Departamento,Industrial Vallejo Departamento Venta Gam Cdmx,630000,2,1,60,Industrial,"Industrial, Gustavo A. Madero, Distrito Federal",True,https://departamento.mercadolibre.com.mx/MLM-5395539840-industrial-vallejo-departamento-venta-gam-cdmx-_JM
Casa,,1241000,3,1,61,La Pradera 1a Sección,"La Pradera 1a Sección, Gustavo A. Madero, Distrito Federal",True,https://casa.mercadolibre.com.mx/MLM-5395492194-la-pradera-casa-venta-gustavo-a-madero-cdmx-_JM
Departamento,,1880000,3,1,69,Av. Chalmita,"Av. Chalmita, Zona Escolar Oriente, Gustavo A. Madero, Distrito Federal",False,https://departamento.mercadolibre.com.mx/MLM-4835618958-venta-departamento-_JM
Casa,,2928000,4,2,217,Ampliación Providencia,"Ampliación Providencia, Gustavo A. Madero, Distrito Federal",True,https://casa.mercadolibre.com.mx/MLM-5395503686-ampliacion-providencia-casa-venta-gustavo-madero-cdmx-_JM
Casa,,4000000,6,3,,Avenida 589,"Avenida 589, San Juan De Aragón III Sección, Gustavo A. Madero, Distrito Federal",False,https://casa.mercadolibre.com.mx/MLM-2894635981-casa-en-san-juan-de-aragon-iii-seccion-gustavo-a-madero-con-6-recamaras-224-m-id-161784-_JM
Departamento,,856422,2,1,46,El Arbolillo,"El Arbolillo, Gustavo A. Madero, Distrito Federal",False,https://departamento.mercadolibre.com.mx/MLM-2779182383-el-arbolillo-iii-croc-departamento-venta-gustavo-a-madero-cdmx-_JM
Casa,Amplia Casa Familiar Lindavista,8900000,5,2,297,Payta,"Payta, Lindavista Sur, Ciudad De México, Lindavista Norte, Gustavo A. Madero, Distrito Federal",False,https://casa.mercadolibre.com.mx/MLM-2940756749-amplia-casa-familiar-lindavista-_JM
Casa,,8900000,5,2,297,Payta 725,"Payta 725, Lindavista, Ciudad De México, Lindavista Sur, Gustavo A. Madero, Distrito Federal",False,https://casa.mercadolibre.com.mx/MLM-2940756453-casa-lindavista-5-recamaras-_JM
Departamento,,1200000,2,1,48,Carr. Tenayuca Chalmita 50,"Carr. Tenayuca Chalmita 50, Arbolillo II, Ciudad De México, El Arbolillo II CROC, Gustavo A. Madero, Distrito Federal",False,https://departamento.mercadolibre.com.mx/MLM-2940747855-departamento-en-venta-tel5636024140-_JM
Terreno,,2596094,,,492,La Laguna Ticoman,"La Laguna Ticoman, Gustavo A. Madero, Distrito Federal",False,https://terreno.mercadolibre.com.mx/MLM-3770638440-santa-maria-ticoman-terreno-venta-gustavo-madero-cdmx-_JM
Casa,,2300000,3,2,240,Santiago Atepetlac,"Santiago Atepetlac, Gustavo A. Madero, Distrito Federal",True,https://casa.mercadolibre.com.mx/MLM-5395540186-santiago-atepetlac-casa-residencial-venta-gustavo-a-madero-cdmx-_JM
Casa,,4500000,4,3,387,Zona Escolar,"Zona Escolar, Gustavo A. Madero, Distrito Federal",False,https://casa.mercadolibre.com.mx/MLM-4476289040-zona-escolar-gustavo-a-madero-cdmx-casa-en-venta-_JM
Departamento,,1083300,2,1,59,Santiago Atepetlac,"Santiago Atepetlac, Gustavo A. Madero, Distrito Federal",True,https://departamento.mercadolibre.com.mx/MLM-5395492056-santiago-atepetlac-departamento-en-venta-gustavo-a-madero-cdmx-_JM
Casa,,7875000,3,3,214,Lindavista Norte,"Lindavista Norte, Gustavo A. Madero, Distrito Federal",False,https://casa.mercadolibre.com.mx/MLM-4587954592-lindavista-casa-venta-gustavo-madero-cdmx-_JM
Casa,,3600000,3,2,233,Providencia,"Providencia, Gustavo A. Madero, Distrito Federal",False,https://casa.mercadolibre.com.mx/MLM-4632991256-la-providencia-gustavo-a-madero-cdmx-casa-en-venta-_JM
Departamento,,2090000,2,1,81,Granjas Modernas,"Granjas Modernas, Gustavo A. Madero, Distrito Federal",False,https://departamento.mercadolibre.com.mx/MLM-2608429395-granjas-modernas-departamento-venta-gustavo-madero-cdmx-_JM
Casa,,12900000,4,2,440,Manizales 0,"Manizales 0, Lindavista Norte, Gustavo A. Madero, Distrito Federal",False,https://casa.mercadolibre.com.mx/MLM-2845865615-casa-en-venta-en-colonia-lindavista-norte-gustavo-a-madero-ciudad-de-mexico-_JM
Departamento,,4700000,2,1,194,Chosica 655,"Chosica 655, Lindavista Norte, Gustavo A. Madero, Distrito Federal",False,https://departamento.mercadolibre.com.mx/MLM-4837300266-departamento-en-venta-en-colonia-lindavista-norte-gustavo-a-madero-ciudad-de-mexico-_JM
Casa,,17680000,4,4,440,Lindavista 00,"Lindavista 00, Planetario Lindavista, Gustavo A. Madero, Distrito Federal",False,https://casa.mercadolibre.com.mx/MLM-2782249757-casa-en-venta-en-colonia-planetario-lindavista-gustavo-a-madero-ciudad-de-mexico-_JM
Departamento,,1139500,2,1,59,Santiago Atepetlac,"Santiago Atepetlac, Gustavo A. Madero, Distrito Federal",False,https://departamento.mercadolibre.com.mx/MLM-4640970576-santiago-atepetlac-departamento-en-venta-gustavo-a-madero-cdmx-_JM
Casa,,16700000,4,4,420,Torres Lindavista,". 0, Torres Lindavista, Gustavo A. Madero, Distrito Federal",False,https://casa.mercadolibre.com.mx/MLM-2740013967-casa-en-venta-en-colonia-torres-lindavista-gustavo-a-madero-ciudad-de-mexico-_JM
Departamento,,4800000,2,2,120,Av. Lindavista  S/N,"Av. Lindavista  S/N, Lindavista Norte, Gustavo A. Madero, Distrito Federal",False,https://departamento.mercadolibre.com.mx/MLM-2756606335-departamento-en-venta-en-lindavista-norte-_JM
Departamento,,2150000,3,1,60,Av. San Juan De Aragon No. 544 Edif. Napoles Depto. 505,"Av. San Juan De Aragon No. 544 Edif. Napoles Depto. 505, Eduardo Molina, Gustavo A. Madero, Distrito Federal",False,https://departamento.mercadolibre.com.mx/MLM-5030635980-departamento-en-venta-en-eduardo-molina-gustavo-a-madero-cdmx-_JM
Casa,,3672000,3,2,211,Ampliación Guadalupe Proletaria,"Ampliación Guadalupe Proletaria, Gustavo A. Madero, Distrito Federal",True,https://casa.mercadolibre.com.mx/MLM-5395527760-guadalupe-proletaria-casa-venta-gustavo-a-madero-cdmx-_JM
Casa,,3700000,4,3,186,Ampliación Guadalupe Proletaria,"Ampliación Guadalupe Proletaria, Gustavo A. Madero, Distrito Federal",True,https://casa.mercadolibre.com.mx/MLM-5395527932-ampliacion-guadalupe-proletaria-casa-venta-gustavo-madero-cdmx-_JM
Edificio,,1579305,,,505,Héroe De Nacozari,"Héroe De Nacozari, Gustavo A. Madero, Distrito Federal",False,https://inmueble.mercadolibre.com.mx/MLM-3770482728-heroes-de-nacozari-edificio-venta-gustavo-a-madero-cdmx-_JM
Casa,Casa Con Local Comercial Y Potencial De Desarrollo,6300000,4,3,230,Tepeyac Insurgentes,"Tepeyac Insurgentes, Gustavo A. Madero, Distrito Federal",False,https://casa.mercadolibre.com.mx/MLM-2867471051-casa-con-local-comercial-y-potencial-de-desarrollo-230-m-tepeyac-insurgentes-_JM
Casa,,5925938,4,3,390,Acueducto De Guadalupe,"Acueducto De Guadalupe, Gustavo A. Madero, Distrito Federal",False,https://casa.mercadolibre.com.mx/MLM-2608238259-acueducto-de-guadalupe-casa-venta-gustavo-a-madero-cdmx-_JM
Departamento,,690900,2,1,46,El Arbolillo III CROC,"El Arbolillo III CROC, Gustavo A. Madero, Distrito Federal",True,https://departamento.mercadolibre.com.mx/MLM-5395492682-el-arbolillo-iii-croc-departamento-venta-gustavo-a-madero-cdmx-_JM
Edificio,,4300000,,,422,Constitución De La República,"Constitución De La República, Gustavo A. Madero, Distrito Federal",False,https://inmueble.mercadolibre.com.mx/MLM-3770533226-constitucion-de-la-republica-edificio-en-venta-gustavo-a-madero-cdmx-_JM
Casa,,3685000,6,2,216,La Pradera,"La Pradera, Gustavo A. Madero, Distrito Federal",False,https://casa.mercadolibre.com.mx/MLM-2936888763-la-pradera-1a-seccion-gustavo-a-madero-_JM
Casa,,6176075,3,2,248,San Juan De Aragón II Sección,"San Juan De Aragón II Sección, Gustavo A. Madero, Distrito Federal",False,https://casa.mercadolibre.com.mx/MLM-2608212945-san-juan-de-aragon-casa-a-en-venta-gustavo-madero-cdmx-_JM
Departamento,,2324000,2,1,58,Santiago Atzacoalco,"Santiago Atzacoalco, Gustavo A. Madero, Distrito Federal",True,https://departamento.mercadolibre.com.mx/MLM-5395527964-nueva-atzacoalco-departamento-venta-gustavo-madero-cdmx-_JM
Terreno,,18000000,,,764,Terreno EN Venta Vallejo,"Terreno EN Venta Vallejo, Vallejo, Gustavo A. Madero, Distrito Federal",False,https://terreno.mercadolibre.com.mx/MLM-5187281794-terreno-en-venta-vallejo-_JM
Casa,Amplia Casa Con Locales Cerca De Lindavista Norte,8750000,2,1,180,San Bartolo Atepehuacan,"San Bartolo Atepehuacan, Gustavo A. Madero, Distrito Federal",False,https://casa.mercadolibre.com.mx/MLM-2748895621-amplia-casa-con-locales-cerca-de-lindavista-norte-_JM
Casa,,9590000,8,4,429,MANUEL MORALES,"MANUEL MORALES, Ferrocarrilera, Gustavo A. Madero, Distrito Federal",False,https://casa.mercadolibre.com.mx/MLM-2855984089-casa-con-departamento-en-venta-en-ferrocarrilera-insurgentes-_JM
Bodega,,2596093,,,676,La Laguna Ticoman,"La Laguna Ticoman, Gustavo A. Madero, Distrito Federal",False,https://inmueble.mercadolibre.com.mx/MLM-4899066602-santa-maria-ticoman-bodega-venta-gustavo-madero-cdmx-_JM
Departamento,,854600,2,1,43,El Arbolillo III CROC,"El Arbolillo III CROC, Gustavo A. Madero, Distrito Federal",True,https://departamento.mercadolibre.com.mx/MLM-5395504054-el-arbolillo-iii-gustavo-a-madero-cdmx-departamento-en-venta-_JM
Casa,,20000000,28,28,1200,Villa Gustavo A. Madero,"Villa Gustavo A. Madero, Gustavo A. Madero, Distrito Federal",True,https://casa.mercadolibre.com.mx/MLM-5395503450-casas-locales-departamentos-venta-villa-gustavo-madero-cdmx-_JM
Casa,,2600000,4,3,215,Ampliación Providencia,"Ampliación Providencia, Gustavo A. Madero, Distrito Federal",False,https://casa.mercadolibre.com.mx/MLM-5310269766-ampliacion-providencia-gustavo-a-madero-casa-en-venta-_JM
Bodega,,40000000,,2,1806,N/A 0,"N/A 0, San Juan De Aragón, Gustavo A. Madero, Distrito Federal",False,https://inmueble.mercadolibre.com.mx/MLM-4261916886-bodega-en-venta-en-san-juan-de-aragon-gustavo-a-madero-ciudad-de-mexico-_JM
Otro Inmueble,,208500,,,4,Valle Del Tepeyac,"Valle Del Tepeyac, Gustavo A. Madero, Distrito Federal",False,https://inmueble.mercadolibre.com.mx/MLM-4777695260-tepeyac-gustavo-a-madero-cdmx-cajon-de-estacionamiento-en-venta-_JM
Departamento,,1106000,2,1,59,Vasco De Quiroga,"Vasco De Quiroga, Gustavo A. Madero, Distrito Federal",True,https://departamento.mercadolibre.com.mx/MLM-5395527380-vasco-de-quiroga-departamento-venta-gustavo-a-madero-cdmx-_JM
Edificio,,250000000,,1,7860,N/A 1 - 300,"N/A 1 - 300, Granjas Modernas, Gustavo A. Madero, Distrito Federal",False,https://inmueble.mercadolibre.com.mx/MLM-2406567955-edificio-en-venta-en-granjas-modernas-gustavo-a-madero-ciudad-de-mexico-_JM
Edificio,,21933120,,,1474,Aragón La Villa,"Aragón La Villa, Gustavo A. Madero, Distrito Federal",False,https://inmueble.mercadolibre.com.mx/MLM-3770546122-aragon-la-villa-edificio-en-venta-gustavo-a-madero-cdmx-_JM
Terreno,,13800000,,,360,Tepeyac Insurgentes,"Tepeyac Insurgentes, Gustavo A. Madero, Distrito Federal",False,https://terreno.mercadolibre.com.mx/MLM-2748804943-se-vende-terreno-de-360m2-en-col-tepeyac-insurgentes-_JM
Edificio,,250000000,,1,7860,N/A 1 - 300,"N/A 1 - 300, Granjas Modernas, Gustavo A. Madero, Distrito Federal",False,https://inmueble.mercadolibre.com.mx/MLM-4261852176-edificio-en-venta-en-granjas-modernas-gustavo-a-madero-ciudad-de-mexico-_JM
Edificio,,14300000,,,714,Guadalupe Tepeyac,"Guadalupe Tepeyac, Gustavo A. Madero, Distrito Federal",False,https://inmueble.mercadolibre.com.mx/MLM-4899054630-guadalupe-tepeyac-gustavo-a-madero-cdmx-edificio-en-venta-_JM
Edificio,,14300000,,,714,Guadalupe Tepeyac,"Guadalupe Tepeyac, Gustavo A. Madero, Distrito Federal",False,https://inmueble.mercadolibre.com.mx/MLM-2759320557-guadalupe-tepeyac-gustavo-a-madero-cdmx-edificio-en-venta-_JM
Local Comercial,,16500000,,5,659,Noé 42,"Noé 42, Guadalupe Tepeyac, Gustavo A. Madero, Distrito Federal",False,https://inmueble.mercadolibre.com.mx/MLM-2759247565-local-comercial-en-venta-en-colonia-guadalupe-tepeyac-gustavo-a-madero-ciudad-de-mexico-_JM
Casa,,5635000,4,3,310,Lindavista Norte,"Lindavista Norte, Gustavo A. Madero, Distrito Federal",True,https://casa.mercadolibre.com.mx/MLM-5395504162-lindavista-casa-venta-gustavo-a-madero-cdmx-_JM
Departamento,,2538000,2,2,66,Constitución De La República,"Constitución De La República, Gustavo A. Madero, Distrito Federal",True,https://departamento.mercadolibre.com.mx/MLM-5395528236-constitucion-de-la-republica-departamento-en-venta-gustavo-a-madero-cdmx-_JM
Departamento,,1375000,2,1,58,Acueducto De Guadalupe,"Acueducto De Guadalupe, Gustavo A. Madero, Distrito Federal",False,https://departamento.mercadolibre.com.mx/MLM-2608238553-gam-acueducto-de-guadalupe-departamento-venta-ciudad-de-mexico-_JM
Departamento,,1207910,2,1,59,Santiago Atepetlac,"Santiago Atepetlac, Gustavo A. Madero, Distrito Federal",True,https://departamento.mercadolibre.com.mx/MLM-5395528072-santiago-atepetlac-departamento-venta-gustavo-a-madero-cdmx-_JM
Terreno,,3950000,,,160,Farallones SN,"Farallones SN, Residencial Acueducto De Guadalupe, Gustavo A. Madero, Distrito Federal",False,https://terreno.mercadolibre.com.mx/MLM-2419433461-terreno-en-venta-en-colonia-residencial-acueducto-de-guadalupe-gustavo-a-madero-ciudad-de-mexico-_JM
Casa,,4316783,6,2,343,Ampliación Progreso Nacional,"Ampliación Progreso Nacional, Gustavo A. Madero, Distrito Federal",False,https://casa.mercadolibre.com.mx/MLM-2608165545-ampliacion-progreso-nacionalcasa-producto-venta-gustavo-a-maderocdmx-_JM
Casa,,3250000,6,2,250,25 De Julio,"25 De Julio, Gustavo A. Madero, Distrito Federal",False,https://casa.mercadolibre.com.mx/MLM-4830272260-inmueble-en-venta-san-felipe-de-jesus-cerca-del-mercado-excelente-para-bodega-_JM
Edificio,,250000000,,,7860,Granjas Modernas,"Granjas Modernas, Gustavo A. Madero, Distrito Federal",False,https://inmueble.mercadolibre.com.mx/MLM-3770520040-granjas-modernas-hospital-en-venta-gustavo-a-madero-ciudad-de-mexico-_JM
Edificio,,4600000,,,487,Guadalupe Tepeyac,"Guadalupe Tepeyac, Gustavo A. Madero, Distrito Federal",False,https://inmueble.mercadolibre.com.mx/MLM-3770573304-guadalupe-tepeyac-edificio-venta-gustavo-a-madero-cdmx-_JM
Departamento,,832300,2,1,45,El Arbolillo III CROC,"El Arbolillo III CROC, Gustavo A. Madero, Distrito Federal",True,https://departamento.mercadolibre.com.mx/MLM-5395539142-el-arbolillo-ctm-gustavo-a-madero-cdmx-_JM
Terreno,,138000000,,,2904,7 De Noviembre,"7 De Noviembre, Gustavo A. Madero, Distrito Federal",False,https://terreno.mercadolibre.com.mx/MLM-3770598752-7-de-noviembre-terreno-venta-gustavo-madero-cdmx-_JM
Departamento,,782300,2,1,45,El Arbolillo III CROC,"El Arbolillo III CROC, Gustavo A. Madero, Distrito Federal",True,https://departamento.mercadolibre.com.mx/MLM-5395492238-el-arbolillo-iii-croc-departamento-venta-gustavo-a-madero-cdmx-_JM
Departamento,,836600,2,1,42,El Arbolillo III CROC,"El Arbolillo III CROC, Gustavo A. Madero, Distrito Federal",True,https://departamento.mercadolibre.com.mx/MLM-5395503540-el-arbolillo-iii-croc-departamento-venta-gustavo-a-madero-cdmx-_JM
Departamento,,781000,2,1,44,El Arbolillo III CROC,"El Arbolillo III CROC, Gustavo A. Madero, Distrito Federal",True,https://departamento.mercadolibre.com.mx/MLM-5395528400-el-arbolillo-iii-croc-departamento-venta-gustavo-a-madero-cdmx-_JM
Departamento,,775100,2,1,43,El Arbolillo III CROC,"El Arbolillo III CROC, Gustavo A. Madero, Distrito Federal",True,https://departamento.mercadolibre.com.mx/MLM-5395504022-el-arbolillo-iii-croc-departamento-venta-gustavo-a-madero-cdmx-_JM
Departamento,,776800,2,1,42,El Arbolillo III CROC,"El Arbolillo III CROC, Gustavo A. Madero, Distrito Federal",True,https://departamento.mercadolibre.com.mx/MLM-5395503682-el-arbolillo-iii-croc-departamento-venta-gustavo-a-madero-cdmx-_JM
Departamento,,777800,2,1,43,El Arbolillo III CROC,"El Arbolillo III CROC, Gustavo A. Madero, Distrito Federal",True,https://departamento.mercadolibre.com.mx/MLM-5395527540-el-arbolillo-iii-croc-departamento-venta-gustavo-a-madero-cdmx-_JM
Departamento,,2560000,2,1,78,Villa Gustavo A. Madero,"Villa Gustavo A. Madero, Gustavo A. Madero, Distrito Federal",True,https://departamento.mercadolibre.com.mx/MLM-5395492572-villa-gustavo-madero-departamento-venta-gustavo-madero-cdmx-_JM
Departamento,,815640,2,1,42,El Arbolillo III CROC,"El Arbolillo III CROC, Gustavo A. Madero, Distrito Federal",True,https://departamento.mercadolibre.com.mx/MLM-5395539868-el-arbolillo-iii-croc-departamento-venta-gustavo-a-madero-cdmx-_JM
Departamento,,858600,2,1,43,El Arbolillo III CROC,"El Arbolillo III CROC, Gustavo A. Madero, Distrito Federal",True,https://departamento.mercadolibre.com.mx/MLM-5395540234-el-arbolillo-iii-croc-departamento-venta-gustavo-a-madero-cdmx-_JM
Edificio,,68000000,,,1238,Tepeyac Insurgentes,"Tepeyac Insurgentes, Gustavo A. Madero, Distrito Federal",False,https://inmueble.mercadolibre.com.mx/MLM-4255854564-tepeyac-insurgentes-gustavo-a-madero-cdmx-edificio-en-venta-_JM
Casa,,5300000,7,3,248,San Juan De Aragón II Sección,"San Juan De Aragón II Sección, Gustavo A. Madero, Distrito Federal",False,https://casa.mercadolibre.com.mx/MLM-2608377707-san-juan-de-aragon-casa-en-venta-gustavo-a-madero-cdmx-_JM
Departamento,,2100000,3,2,60,Clz. San Juan De Aragon  Edif. Malva Real 530,"Clz. San Juan De Aragon  Edif. Malva Real 530, DM Nacional, Gustavo A. Madero, Distrito Federal",False,https://departamento.mercadolibre.com.mx/MLM-2798152043-se-vende-departamento-en-dm-nacional-gustavo-a-madero-cdmx-_JM
Edificio,,12800000,,,714,Calzada De Guadalupe,"Calzada De Guadalupe, Guadalupe Tepeyac, Gustavo A. Madero, Distrito Federal",False,https://inmueble.mercadolibre.com.mx/MLM-5140780968-edificio-residencial-y-comercial-mixto-en-venta-en-calzada-de-guadalupe-en-colonia-guadalupe-tepeyac-_JM
Edificio,,12800000,,,714,Calzada De Guadalupe,"Calzada De Guadalupe, Guadalupe Tepeyac, Gustavo A. Madero, Distrito Federal",False,https://inmueble.mercadolibre.com.mx/MLM-5140759352-edificio-mixto-comercial-y-residencial-en-venta-en-calzada-de-guadalupe-en-colonia-guadalupe-tepeyac-_JM
Departamento,,2736386,2,1,56,Miguel Othón De Mendizábal Poniente,"Miguel Othón De Mendizábal Poniente, Nueva Industrial Vallejo, Gustavo A. Madero, Distrito Federal",False,https://departamento.mercadolibre.com.mx/MLM-5140759316-departamento-en-venta-nueva-industrial-vallejo-gustavo-a-madero-_JM
Departamento,,1600000,2,1,54,Nte. 94-A,"Nte. 94-A, Milagro, Ciudad De México, El Milagro, Gustavo A. Madero, Distrito Federal",False,https://departamento.mercadolibre.com.mx/MLM-5289079758-departamento-en-venta-en-pb-en-la-u-h-el-milagro-el-milagro-gustavo-a-madero-26-2948-avc-_JM
Bodega,Excelente Bodega Comercial O Industrial Con Gran Potencial Para Desarrollar Uso Mixto Hasta 8 Niveles Hm 8/30/z Zona Val,12600000,,3,500,Excelente Bodega Comercial O Industrial Con Gran Potencial Para Desarrollar Uso Mixto Hasta 8 Niveles HM 8/30/z Zona Val,"Excelente Bodega Comercial O Industrial Con Gran Potencial Para Desarrollar Uso Mixto Hasta 8 Niveles HM 8/30/z Zona Val, Gustavo A. Madero, Distrito Federal",False,https://inmueble.mercadolibre.com.mx/MLM-5178662852-excelente-bodega-comercial-o-industrial-con-gran-potencial-para-desarrollar-uso-mixto-hasta-8-niveles-hm-830z-zona-val-_JM
Departamento,,1600000,2,1,54,Nte. 94-A 8519,"Nte. 94-A 8519, Milagro, Ciudad De México, El Milagro, Gustavo A. Madero, Distrito Federal",False,https://departamento.mercadolibre.com.mx/MLM-2916817603-departamento-en-venta-colonia-en-milagro-gustavo-a-madreo-planta-baja-ch26-2948-_JM
Departamento,Venta Departamento Tipo Loft En Desarrollo Boutique De Solo 10 Departamentos En Oceanía Ch#26-1794,1920000,1,1,40,Av. Río Consulado 2608,"Av. Río Consulado 2608, San Juan De Aragón I Secc, Ciudad De México, San Juan De Aragón I Sección, Gustavo A. Madero, Distrito Federal",False,https://departamento.mercadolibre.com.mx/MLM-4694060244-venta-departamento-tipo-loft-en-desarrollo-boutique-de-solo-10-departamentos-en-oceania-ch26-1794-_JM
Departamento,Venta Departamento Tipo Loft En Oceanía Ch26-1792,2429000,1,1,49,Av. Río Consulado 2608,"Av. Río Consulado 2608, San Juan De Aragón I Secc, Ciudad De México, San Juan De Aragón I Sección, Gustavo A. Madero, Distrito Federal",False,https://departamento.mercadolibre.com.mx/MLM-4693996858-venta-departamento-tipo-loft-en-oceania-ch26-1792-_JM
Departamento,Venta Departamento Tipo Loft Con Terraza Privada Ch #26-1795,2847831,1,1,79,Av. Río Consulado 2608,"Av. Río Consulado 2608, San Juan De Aragón I Secc, Ciudad De México, San Juan De Aragón I Sección, Gustavo A. Madero, Distrito Federal",False,https://departamento.mercadolibre.com.mx/MLM-4693610278-venta-departamento-tipo-loft-con-terraza-privada-ch-26-1795-_JM
Departamento,Departamento En Preventa Tipo Loft Con Amplia Terraza En Circuito Interior Río Consulado #26-1795 Avc,2712220,1,1,36,Av. Río Consulado,"Av. Río Consulado, San Juan De Aragón I Secc, Ciudad De México, San Juan De Aragón I Sección, Gustavo A. Madero, Distrito Federal",False,https://departamento.mercadolibre.com.mx/MLM-2698717561-departamento-en-preventa-tipo-loft-con-amplia-terraza-en-circuito-interior-rio-consulado-26-1795-avc-_JM
Bodega,,3300000,,,625,Av. Talismán 448,"Av. Talismán 448, Granjas Modernas, Ciudad De México, CDMX, México, Gustavo A. Madero, Distrito Federal",False,https://inmueble.mercadolibre.com.mx/MLM-3767930022-ib-cm0625-bodega-industrial-en-renta-en-gustavo-a-madero-15000-m2-_JM
Bodega,,3300000,,,626,Av. Talismán 448,"Av. Talismán 448, Granjas Modernas, Ciudad De México, CDMX, México, Gustavo A. Madero, Distrito Federal",False,https://inmueble.mercadolibre.com.mx/MLM-3767930172-ib-cm0626-bodega-industrial-en-renta-en-gustavo-a-madero-15000-m2-_JM
Casa,,1350000,2,2,140,Casa En Venta En Fracc. La Escalera En Jesús Ma. Aguascalientes.,"Casa En Venta En Fracc. La Escalera En Jesús Ma. Aguascalientes., La Escalera, Gustavo A. Madero, Distrito Federal",False,https://casa.mercadolibre.com.mx/MLM-5412814010-casa-en-venta-en-la-escalera-en-aguascalientes-_JM
Terreno,"Venta De Terreno En La Escalera, Jesús María, Aguascalientes.",12500000,,,25000,Venta De Terreno En La Escalera,"Venta De Terreno En La Escalera, Jesús María, Aguascalientes. //, La Escalera, Gustavo A. Madero, Distrito Federal",False,https://terreno.mercadolibre.com.mx/MLM-2962172025-venta-de-terreno-en-la-escalera-jesus-maria-aguascalientes-_JM
Casa,"Conjunto De Casa, Departamento Y Local Comercial.",6000000,4,2,378,Santa Rosa,"Santa Rosa, Mexico City, Santa Rosa, Gustavo A. Madero, Distrito Federal",True,https://casa.mercadolibre.com.mx/MLM-2957278469-conjunto-de-casa-departamento-y-local-comercial-_JM
Departamento,Hermoso Departamento Cerca De Via Vallejo Con Estacionamiento,2650000,2,1,67,Lindavista Vallejo III Secc,"Lindavista Vallejo III Secc, Mexico City, Nueva Vallejo, Gustavo A. Madero, Distrito Federal",True,https://departamento.mercadolibre.com.mx/MLM-5401557408-hermoso-departamento-cerca-de-via-vallejo-con-estacionamiento-_JM
Departamento,,2200000,2,1,55,Insurgentes Nte. 1249,"Insurgentes Nte. 1249, Guadalupe Insurgentes, Ciudad De México, Guadalupe Insurgentes, Gustavo A. Madero, Distrito Federal",True,https://departamento.mercadolibre.com.mx/MLM-2946308945-oportunidad-gam-departamento-en-venta-2-recamaras-excelentes-ubicacion-_JM
Casa,,1785000,3,1,103,Gustavo A. Madero,"Gustavo A. Madero, Mexico City, Ampliación Arboledas, Gustavo A. Madero, Distrito Federal",False,https://casa.mercadolibre.com.mx/MLM-2932054337-la-mejor-casa-en-venta-de-pachuca-3-recamaras-equipada-con-cocina-y-closets-gratis-_JM
Casa,Bonita Casa Con Acabados Y Amplia,4999999,3,3,200,Nte 90 5911,"Nte 90 5911, Gertrudis Sánchez II Secc, Ciudad De México, Gertrudis Sánchez 2a Sección, Gustavo A. Madero, Distrito Federal",False,https://casa.mercadolibre.com.mx/MLM-2923109179-bonita-casa-con-acabados-y-amplia-_JM
Departamento,Departamento En Margarita Maza De Juárez Conjunto Habitacional México Nuevo Vallejo,2190000,,1,50,México Nuevo Vallejo,"México Nuevo Vallejo, Margarita Maza De Juárez 168, Margarita Maza De Juárez Deportivo, Ciudad De México, Nueva Industrial Vallejo, Gustavo A. Madero, Distrito Federal",False,https://departamento.mercadolibre.com.mx/MLM-5293640460-departamento-en-margarita-maza-de-juarez-conjunto-habitacional-mexico-nuevo-vallejo-_JM
Departamento,Hermoso Departamento En Residencial Acueducto De Guadalupe.,2950000,2,1,84,De La Borrasca 7,"De La Borrasca 7, Acueducto De Guadalupe, Ciudad De México, Acueducto De Guadalupe, Gustavo A. Madero, Distrito Federal",False,https://departamento.mercadolibre.com.mx/MLM-5363024488-hermoso-departamento-en-residencial-acueducto-de-guadalupe-_JM
Casa,Cdmx. Lindavista. Norte. Excelente Oportunidad.  Casa Muy Amplia Con Buenos Espacios.  Portón Eléctrico Y Amplia Bodega Para Negocio Independiente. Documentos En Orden Y Sin Adeudos,8700000,4,4,425,Ramiriqui 900 - 1200,"Ramiriqui 900 - 1200, Lindavista, Ciudad De México, Lindavista, Gustavo A. Madero, Distrito Federal",False,https://casa.mercadolibre.com.mx/MLM-2918335685-cdmx-lindavista-norte-excelente-oportunidad-casa-muy-amplia-con-buenos-espacios-porton-electrico-y-amplia-bodega-para-negocio-independiente-documentos-en-orden-y-sin-adeudos-_JM
Casa,,8000000,4,3,305,Rebeca 180,"Rebeca 180, Guadalupe Tepeyac, Ciudad De México, Guadalupe Tepeyac, Gustavo A. Madero, Distrito Federal",False,https://casa.mercadolibre.com.mx/MLM-5352666364-casa-en-venta-calle-rebeca-180colonia-guadalupe-tepeyac-a-unos-metros-de-club-sams-se-muestra-con-previa-cita-toda-la-documentacion-en-orden-_JM
Casa,"Amplio Jardín, Cuarto De Servicio Y Lavado En Construcción Independiente, Bien Iluminada, Amplia Terraza Con Acceso A Cocina, Grandes Ventanas. Jacuzzi En Habitación Principal Y Vestidor",10900000,,45,291,Chiclayo 920,"Chiclayo 920, Lindavista Nte., Ciudad De México, Colonia Lindavista Norte, Gustavo A. Madero, Distrito Federal",False,https://casa.mercadolibre.com.mx/MLM-2906041039-amplio-jardin-cuarto-de-servicio-y-lavado-en-construccion-independiente-bien-iluminada-amplia-terraza-con-acceso-a-cocina-grandes-ventanas-jacuzzi-en-habitacion-principal-y-vestidor-_JM
Casa,,4000000,2,2,260,Acoltzin 1 - 300,"Acoltzin 1 - 300, Santa Isabel Tola, Ciudad De México, Santa Isabel Tola, Gustavo A. Madero, Distrito Federal",False,https://casa.mercadolibre.com.mx/MLM-5376297764-casa-con-uso-de-suelo-mixto-distribucion-casa-principal-en-2-plantas-y-un-acceso-independiente-para-5-recamaras-adicionales-3-banos-en-total-cocina-comedor-sala-un-local-comercial-a-la-calle-_JM
Departamento,,1700000,2,1,65,Vallejo Poniente,"Vallejo Poniente, Mexico City, Santa Rosa, Gustavo A. Madero, Distrito Federal",False,https://departamento.mercadolibre.com.mx/MLM-5412127724-departamento-planta-baja-en-venta-santa-rosa-galaxia-vallejo-gustavo-a-madero-cdmx-_JM
Departamento,"Departamento En Buenas Condiciones, Recién  Impermiabilizado,zona Con Buena Conexión A Transporte De Mbus , Cerca 3 Centros Comerciales Y Escuelas",1500000,2,1,65,San Juan De Aragón 544 DM Nacional,"San Juan De Aragón 544 DM Nacional, Torres De San Juan, Ciudad De México, DM Nacional, Gustavo A. Madero, Distrito Federal",False,https://departamento.mercadolibre.com.mx/MLM-2932302589-departamento-en-buenas-condiciones-recien-impermiabilizadozona-con-buena-conexion-a-transporte-de-mbus-cerca-3-centros-comerciales-y-escuelas-_JM
Bodega,"Nave Industrial - Diseñada Para Albergar Procesos De Fabricación, Ensamblaje, Producción Y Almacenamiento De Materiales.",4200000,,2,250,C. 1 62,"C. 1 62, San José De La Escalera, Ciudad De México, San José De La Escalera, Gustavo A. Madero, Distrito Federal",False,https://inmueble.mercadolibre.com.mx/MLM-2929768633-nave-industrial-disenada-para-albergar-procesos-de-fabricacion-ensamblaje-produccion-y-almacenamiento-de-materiales-_JM
Departamento,,1700000,2,1,65,Vallejo Poniente,"Vallejo Poniente, Mexico City, Santa Rosa, Gustavo A. Madero, Distrito Federal",False,https://departamento.mercadolibre.com.mx/MLM-5333342350-departamento-planta-baja-en-venta-santa-rosa-galaxia-gustavo-a-madero-cdmx-_JM
Casa,"Casa Recién Remodelada Y Totalmente Habitable Ya. Ideal Para Inversión, En Hotel, Hostal U Hospedaje De Cualquier Tipo Ya Que Se Encuentra En Zona Turística. No Pierdas Esta Gran Oportunidaddeinvertir",7900000,6,3,237,Industria 1 - 300,"Industria 1 - 300, Tepeyac Insurgentes, Ciudad De México, Tepeyac Insurgentes, Gustavo A. Madero, Distrito Federal",False,https://casa.mercadolibre.com.mx/MLM-2904558335-casa-recien-remodelada-y-totalmente-habitable-ya-ideal-para-inversion-en-hotel-hostal-u-hospedaje-de-cualquier-tipo-ya-que-se-encuentra-en-zona-turistica-no-pierdas-esta-gran-oportunidaddeinvertir-_JM
Otro Inmueble,Gran Oportunidad: Casa + Depto Independiente,5500000,,,85,C. 321 64,"C. 321 64, El Coyol, Gustavo A. Madero, 07420 Ciudad De México, CDMX, Mexico, El Coyol, Gustavo A. Madero, Distrito Federal",False,https://inmueble.mercadolibre.com.mx/MLM-5326895032-gran-oportunidad-casa-depto-independiente-el-coyol-gam-descripcion-buscas-una-propiedad-que-se-pague-sola-o-espacio-para-toda-la-familia-esta-casa-en-el-coyol-es-una-joya-de-inversion-_JM
Casa,,5750000,4,3,390,Nte. 70-A 6113,"Nte. 70-A 6113, Gertrudis Sánchez I Secc, Gustavo A. Madero, 7800 - 8100 Ciudad De México, CDMX, Mexico, Aragón Inguaran, Gustavo A. Madero, Distrito Federal",False,https://casa.mercadolibre.com.mx/MLM-5364334088-casa-en-venta-colonia-aragon-inguaran-_JM
Departamento,Venta Depto Lindavista Sur Magnífica Ubicación Arequipa 750 Depto Tercer Piso Int Con Elevador 92mts,5150000,3,2,92,Arequipa 750,"Arequipa 750, Lindavista, Ciudad De México, Lindavista Sur, Gustavo A. Madero, Distrito Federal",False,https://departamento.mercadolibre.com.mx/MLM-5337056394-venta-depto-lindavista-sur-magnifica-ubicacion-arequipa-750-depto-tercer-piso-int-con-elevador-92mts-_JM
Departamento,,1950000,2,1,56,DM Nacional,"DM Nacional, Mexico City, DM Nacional, Gustavo A. Madero, Distrito Federal",False,https://departamento.mercadolibre.com.mx/MLM-5276503276-departamento-demtet-_JM
Bodega,Venta De Bodega En Cdmx,3750000,,4,600,A. Sánchez Molina MZ25 LT1,"A. Sánchez Molina MZ25 LT1, Zona Escolar, Gustavo A. Madero, 07230 Ciudad De México, CDMX, Mexico, Zona Escolar, Gustavo A. Madero, Distrito Federal",False,https://inmueble.mercadolibre.com.mx/MLM-5262370652-venta-de-bodega-en-cdmx-_JM
Casa,"Casa A Remodelar, Amplia Y Con Ambiente Muy Acogedor",3000000,6,4,168,Pte. 108 439,"Pte. 108 439, Defensores De La República, Gustavo A. Madero, 07780 Ciudad De México, CDMX, Mexico, Defensores De La República, Gustavo A. Madero, Distrito Federal",False,https://casa.mercadolibre.com.mx/MLM-5271788346-casa-a-remodelar-amplia-y-con-ambiente-muy-acogedor-_JM
Casa,"La Casa Cuenta Con Una Buena Ubicación La Construcción Ya Tiene Sus Años De Antigüedad, Buena Oportunidad Para Remodelación !",3000000,3,2,150,Av Politécnico Nacional 3,"Av Politécnico Nacional 3, Zona Escolar, Gustavo A. Madero, 7200 - 7500 Ciudad De México, CDMX, Mexico, Zona Escolar, Gustavo A. Madero, Distrito Federal",False,https://casa.mercadolibre.com.mx/MLM-2911500339-la-casa-cuenta-con-una-buena-ubicacion-la-construccion-ya-tiene-sus-anos-de-antiguedad-buena-oportunidad-para-remodelacion--_JM
Otro Inmueble,Nicho De La Basílica De Guadalupe,150000,,,3,Plaza Mariana,"Plaza Mariana, Fray Juan De Zumárraga No. 2, Villa Gustavo A. Madero, Ciudad De México, 15 De Agosto, Gustavo A. Madero, Distrito Federal",False,https://inmueble.mercadolibre.com.mx/MLM-2937067101-nicho-de-la-basilica-de-guadalupe-_JM
,,4350000,6,4,155,Codorniz DD1,"Codorniz DD1, Indeco, Ciudad De México, Ampliación Casas Alemán, Gustavo A. Madero, Distrito Federal",False,https://casa.mercadolibre.com.mx/MLM-5363024640-bonita-casa-de-3-departamentos-independientes-a-10-minutos-del-aeropuerto-internacional-de-la-ciudad-de-mexico-a-un-costado-de-parque-tepeyac-liverpool-y-cerca-de-plaza-linda-vista-liverpool-_JM
,Departamento en remate,635000,2,1,45,Del Obrero,"Del Obrero, Gustavo A. Madero, Distrito Federal",False,https://departamento.mercadolibre.com.mx/MLM-2901617085-vive-en-la-cdmx-a-un-excelente-precio-solo-recursos-propios-_JM
,,3700000,4,4,553,Av. 553 196,"Av. 553 196, San Juan De Aragón II Secc, Ciudad De México, San Juan De Aragón 2a Secc., Gustavo A. Madero, Distrito Federal",True,https://casa.mercadolibre.com.mx/MLM-2948113465-casa-en-venta-avenida-553-san-juan-de-aragon-terreno-220-m2-construccion-248-m2-_JM
,,17000000,,5,,Cuauhtémoc,"Cuauhtémoc, Aragón La Villa(Aragón), Ciudad De México, Aragón La Villa, Gustavo A. Madero, Distrito Federal",True,https://inmueble.mercadolibre.com.mx/MLM-5385281634-edificio-aragon-la-villa-gam-cdmx-a-una-calle-de-calzada-de-guadalupe-oportunidad-de-inversion-terreno-762-m2-construccion-1474-m2-uso-de-suelo-hm420a-_JM
,"Excelente Casa Duplex, Solo Con Recursos Propios",1500000,3,1,58,Acueducto De Guadalupe,"Acueducto De Guadalupe, Gustavo A. Madero, Distrito Federal",False,https://casa.mercadolibre.com.mx/MLM-2935143655-excelente-casa-duplex-solo-con-recursos-propios-_JM
,Departamento en remate,907350,3,2,99,San Juan De Aragón VI Sección,"San Juan De Aragón VI Sección, Gustavo A. Madero, Distrito Federal",True,https://departamento.mercadolibre.com.mx/MLM-5395491610-san-juan-de-aragon-gustavo-a-madero-cdmx-_JM
,,3706450,3,2,120,Mártires De Río Blanco,"Mártires De Río Blanco, Gustavo A. Madero, Distrito Federal",True,https://casa.mercadolibre.com.mx/MLM-5395528392-martires-de-rio-blanco-gustavo-a-madero-ciudad-de-mexico-_JM
,Departamento en remate,911950,2,1,65,Vallejo,"Vallejo, Gustavo A. Madero, Distrito Federal",False,https://departamento.mercadolibre.com.mx/MLM-2756052565-vallejo-gustavo-a-madero-ciudad-de-mexico-_JM
,,4174128,4,3,145,Nueva Vallejo,"Nueva Vallejo, Gustavo A. Madero, Distrito Federal",True,https://casa.mercadolibre.com.mx/MLM-5395540058-nueva-vallejo-gustavo-a-madero-_JM
,,2829000,3,3,120,C.T.M. El Risco,"C.T.M. El Risco, Gustavo A. Madero, Distrito Federal",True,https://casa.mercadolibre.com.mx/MLM-5395539166-ctm-el-risco-gustavo-a-madero-_JM
Casa,Se Vende Casa En Colonia Residencial Acueducto,5400000,3,2,160,De La Arena 33,"De La Arena 33, Acueducto De Guadalupe, Ciudad De México, Residencial Acueducto De Guadalupe, Gustavo A. Madero, Distrito Federal",False,https://casa.mercadolibre.com.mx/MLM-5413562374-se-vende-casa-en-colonia-residencial-acueducto-_JM
Departamento,"Gran Oportunidad, Muy Bien Ubicado, A Dos Cuadras Del Metro Potrero, Solo Cuatro Departamentos En El Edificio, Uno Por Nivel, Ubicado En El 1 Piso. En Una Colonia Muy Bonita Y Con Buena Plusvalía.",3475000,3,2,94,Pirineos 39,"Pirineos 39, Industrial, Gustavo A. Madero, 07800 Ciudad De México, CDMX, Mexico, Industrial, Gustavo A. Madero, Distrito Federal",False,https://departamento.mercadolibre.com.mx/MLM-2962583821-gran-oportunidad-muy-bien-ubicado-a-dos-cuadras-del-metro-potrero-solo-cuatro-departamentos-en-el-edificio-uno-por-nivel-ubicado-en-el-1-piso-en-una-colonia-muy-bonita-y-con-buena-plusvalia-_JM
Departamento,,1894903,3,1,55,Tenayuca Chalmita 551 Edif C,"Tenayuca Chalmita 551 Edif C, Zona Escolar, Gustavo A. Madero, Distrito Federal",False,https://departamento.mercadolibre.com.mx/MLM-5413687622-departamento-en-venta-en-zona-escolar-gam-_JM
Departamento,,1526500,2,1,60,Ing Eduardo Molina 1720 Edif 12,"Ing Eduardo Molina 1720 Edif 12, Vasco De Quiroga, Gustavo A. Madero, Distrito Federal",False,https://departamento.mercadolibre.com.mx/MLM-2962328825-departamento-en-venta-en-vasco-de-quiroga-_JM
Casa,Venta De Casa En Avenida Principal,4200000,2,1,124,Providencia,"Providencia, Gustavo A. Madero, Distrito Federal",False,https://casa.mercadolibre.com.mx/MLM-5413720736-venta-de-casa-en-avenida-principal-_JM
Edificio,,127000000,,,1497,Industrial,"Industrial, Gustavo A. Madero, Distrito Federal",False,https://inmueble.mercadolibre.com.mx/MLM-5413720572-edificio-en-venta-con-operacion-actual-como-colegio-_JM
